"Kernel Name","void cutlass::Kernel2<cutlass_80_tensorop_s16816gemm_f16_64x64_32x6_tn_align8>(T1::Params)",
"Address","Source","Warp Stall Sampling (All Samples)","Warp Stall Sampling (Not-issued Samples)","# Samples","Instructions Executed","Thread Instructions Executed","Predicated-On Thread Instructions Executed","Avg. Threads Executed","Avg. Predicated-On Threads Executed","Avg. Predicated-On Threads Unexecuted","Divergent Branches","Address Space","Access Operation","Access Size","L1 Tag Requests Global","L1 Conflicts Shared N-Way","L1 Wavefronts Shared Excessive","L1 Wavefronts Shared","L1 Wavefronts Shared Ideal","L2 Theoretical Sectors Global Excessive","L2 Theoretical Sectors Global","L2 Theoretical Sectors Global Ideal","stall_barrier","stall_branch_resolving","stall_dispatch","stall_drain","stall_lg","stall_long_sb","stall_math","stall_membar","stall_mio","stall_misc","stall_no_inst","stall_not_selected","stall_selected","stall_short_sb","stall_sleep","stall_tex","stall_wait","stall_barrier (Not Issued)","stall_branch_resolving (Not Issued)","stall_dispatch (Not Issued)","stall_drain (Not Issued)","stall_lg (Not Issued)","stall_long_sb (Not Issued)","stall_math (Not Issued)","stall_membar (Not Issued)","stall_mio (Not Issued)","stall_misc (Not Issued)","stall_no_inst (Not Issued)","stall_not_selected (Not Issued)","stall_selected (Not Issued)","stall_short_sb (Not Issued)","stall_sleeping (Not Issued)","stall_tex (Not Issued)","stall_wait (Not Issued)"
"0x72292f770000","      LDC R1, c[0x0][0x37c]","0","0","0","256","8192","8192","32","32","0","0","-","-","-","0","0","0","0","0","0","0","0","0","0","0","0","0","0","0","0","0","0","0","0","0","0","0","0","0","0","0","0","0","0","0","0","0","0","0","0","0","0","0","0","0","0"
"0x72292f770010","      S2R R4, SR_CTAID.Y","0","0","0","256","8192","8192","32","32","0","0","-","-","-","0","0","0","0","0","0","0","0","0","0","0","0","0","0","0","0","0","0","0","0","0","0","0","0","0","0","0","0","0","0","0","0","0","0","0","0","0","0","0","0","0","0"
"0x72292f770020","      LDC R9, c[0x0][0x398]","0","0","0","256","8192","8192","32","32","0","0","-","-","-","0","0","0","0","0","0","0","0","0","0","0","0","0","0","0","0","0","0","0","0","0","0","0","0","0","0","0","0","0","0","0","0","0","0","0","0","0","0","0","0","0","0"
"0x72292f770030","      MOV R2, 0xffffffff","0","0","0","256","8192","8192","32","32","0","0","-","-","-","0","0","0","0","0","0","0","0","0","0","0","0","0","0","0","0","0","0","0","0","0","0","0","0","0","0","0","0","0","0","0","0","0","0","0","0","0","0","0","0","0","0"
"0x72292f770040","      LDCU UR5, c[0x0][0x390]","0","0","0","256","8192","8192","32","32","0","0","-","-","-","0","0","0","0","0","0","0","0","0","0","0","0","0","0","0","0","0","0","0","0","0","0","0","0","0","0","0","0","0","0","0","0","0","0","0","0","0","0","0","0","0","0"
"0x72292f770050","      S2R R0, SR_CTAID.X","0","0","0","256","8192","8192","32","32","0","0","-","-","-","0","0","0","0","0","0","0","0","0","0","0","0","0","0","0","0","0","0","0","0","0","0","0","0","0","0","0","0","0","0","0","0","0","0","0","0","0","0","0","0","0","0"
"0x72292f770060","      LDCU UR4, c[0x0][0x38c]","0","0","0","256","8192","8192","32","32","0","0","-","-","-","0","0","0","0","0","0","0","0","0","0","0","0","0","0","0","0","0","0","0","0","0","0","0","0","0","0","0","0","0","0","0","0","0","0","0","0","0","0","0","0","0","0"
"0x72292f770070","      SHF.L.U32 R3, R2, R9, RZ","0","0","0","256","8192","8192","32","32","0","0","-","-","-","0","0","0","0","0","0","0","0","0","0","0","0","0","0","0","0","0","0","0","0","0","0","0","0","0","0","0","0","0","0","0","0","0","0","0","0","0","0","0","0","0","0"
"0x72292f770080","      SHF.L.U32 R4, R4, R9, RZ","0","0","0","256","8192","8192","32","32","0","0","-","-","-","0","0","0","0","0","0","0","0","0","0","0","0","0","0","0","0","0","0","0","0","0","0","0","0","0","0","0","0","0","0","0","0","0","0","0","0","0","0","0","0","0","0"
"0x72292f770090","      LOP3.LUT R3, R0, R3, RZ, 0x30, !PT","0","0","0","256","8192","8192","32","32","0","0","-","-","-","0","0","0","0","0","0","0","0","0","0","0","0","0","0","0","0","0","0","0","0","0","0","0","0","0","0","0","0","0","0","0","0","0","0","0","0","0","0","0","0","0","0"
"0x72292f7700a0","      SHF.R.U32.HI R9, RZ, R9, R0","0","0","0","256","8192","8192","32","32","0","0","-","-","-","0","0","0","0","0","0","0","0","0","0","0","0","0","0","0","0","0","0","0","0","0","0","0","0","0","0","0","0","0","0","0","0","0","0","0","0","0","0","0","0","0","0"
"0x72292f7700b0","      IADD3 R7, PT, PT, R4, R3, RZ","0","0","0","256","8192","8192","32","32","0","0","-","-","-","0","0","0","0","0","0","0","0","0","0","0","0","0","0","0","0","0","0","0","0","0","0","0","0","0","0","0","0","0","0","0","0","0","0","0","0","0","0","0","0","0","0"
"0x72292f7700c0","      ISETP.GE.AND P0, PT, R7, UR5, PT","0","0","0","256","8192","8192","32","32","0","0","-","-","-","0","0","0","0","0","0","0","0","0","0","0","0","0","0","0","0","0","0","0","0","0","0","0","0","0","0","0","0","0","0","0","0","0","0","0","0","0","0","0","0","0","0"
"0x72292f7700d0","      ISETP.GE.OR P0, PT, R9, UR4, P0","0","0","0","256","8192","8192","32","32","0","0","-","-","-","0","0","0","0","0","0","0","0","0","0","0","0","0","0","0","0","0","0","0","0","0","0","0","0","0","0","0","0","0","0","0","0","0","0","0","0","0","0","0","0","0","0"
"0x72292f7700e0","@P0   EXIT","0","0","0","256","8192","0","32","0","32","0","-","-","-","0","0","0","0","0","0","0","0","0","0","0","0","0","0","0","0","0","0","0","0","0","0","0","0","0","0","0","0","0","0","0","0","0","0","0","0","0","0","0","0","0","0"
"0x72292f7700f0","      LDC R0, c[0x0][0x39c]","0","0","0","256","8192","8192","32","32","0","0","-","-","-","0","0","0","0","0","0","0","0","0","0","0","0","0","0","0","0","0","0","0","0","0","0","0","0","0","0","0","0","0","0","0","0","0","0","0","0","0","0","0","0","0","0"
"0x72292f770100","      LDCU UR8, c[0x0][0x388]","0","0","0","256","8192","8192","32","32","0","0","-","-","-","0","0","0","0","0","0","0","0","0","0","0","0","0","0","0","0","0","0","0","0","0","0","0","0","0","0","0","0","0","0","0","0","0","0","0","0","0","0","0","0","0","0"
"0x72292f770110","      LDC.64 R16, c[0x0][0x498]","0","0","0","256","8192","8192","32","32","0","0","-","-","-","0","0","0","0","0","0","0","0","0","0","0","0","0","0","0","0","0","0","0","0","0","0","0","0","0","0","0","0","0","0","0","0","0","0","0","0","0","0","0","0","0","0"
"0x72292f770120","      LDC.64 R12, c[0x0][0x4a0]","0","0","0","256","8192","8192","32","32","0","0","-","-","-","0","0","0","0","0","0","0","0","0","0","0","0","0","0","0","0","0","0","0","0","0","0","0","0","0","0","0","0","0","0","0","0","0","0","0","0","0","0","0","0","0","0"
"0x72292f770130","      S2UR UR6, SR_CTAID.Z","0","0","0","256","8192","8192","32","32","0","0","-","-","-","0","0","0","0","0","0","0","0","0","0","0","0","0","0","0","0","0","0","0","0","0","0","0","0","0","0","0","0","0","0","0","0","0","0","0","0","0","0","0","0","0","0"
"0x72292f770140","      ISETP.GT.U32.AND P0, PT, R0, 0x1, PT","0","0","0","256","8192","8192","32","32","0","0","-","-","-","0","0","0","0","0","0","0","0","0","0","0","0","0","0","0","0","0","0","0","0","0","0","0","0","0","0","0","0","0","0","0","0","0","0","0","0","0","0","0","0","0","0"
"0x72292f770150","@P0   BRA 0x72292f7701f0","0","0","0","256","8192","0","32","0","32","0","-","-","-","0","0","0","0","0","0","0","0","0","0","0","0","0","0","0","0","0","0","0","0","0","0","0","0","0","0","0","0","0","0","0","0","0","0","0","0","0","0","0","0","0","0"
"0x72292f770160","      LDCU UR4, c[0x0][0x3a4]","0","0","0","256","8192","8192","32","32","0","0","-","-","-","0","0","0","0","0","0","0","0","0","0","0","0","0","0","0","0","0","0","0","0","0","0","0","0","0","0","0","0","0","0","0","0","0","0","0","0","0","0","0","0","0","0"
"0x72292f770170","      LDCU UR5, c[0x0][0x394]","0","0","0","256","8192","8192","32","32","0","0","-","-","-","0","0","0","0","0","0","0","0","0","0","0","0","0","0","0","0","0","0","0","0","0","0","0","0","0","0","0","0","0","0","0","0","0","0","0","0","0","0","0","0","0","0"
"0x72292f770180","      UIADD3 UR7, UPT, UPT, UR6, 0x1, URZ","0","0","0","256","8192","8192","32","32","0","0","-","-","-","0","0","0","0","0","0","0","0","0","0","0","0","0","0","0","0","0","0","0","0","0","0","0","0","0","0","0","0","0","0","0","0","0","0","0","0","0","0","0","0","0","0"
"0x72292f770190","      UIMAD UR8, UR6, UR4, UR4","0","0","0","256","8192","8192","32","32","0","0","-","-","-","0","0","0","0","0","0","0","0","0","0","0","0","0","0","0","0","0","0","0","0","0","0","0","0","0","0","0","0","0","0","0","0","0","0","0","0","0","0","0","0","0","0"
"0x72292f7701a0","      UIMAD UR4, UR6, UR4, URZ","0","0","0","256","8192","8192","32","32","0","0","-","-","-","0","0","0","0","0","0","0","0","0","0","0","0","0","0","0","0","0","0","0","0","0","0","0","0","0","0","0","0","0","0","0","0","0","0","0","0","0","0","0","0","0","0"
"0x72292f7701b0","      UISETP.GE.AND UP0, UPT, UR7, UR5, UPT","0","0","0","256","8192","8192","32","32","0","0","-","-","-","0","0","0","0","0","0","0","0","0","0","0","0","0","0","0","0","0","0","0","0","0","0","0","0","0","0","0","0","0","0","0","0","0","0","0","0","0","0","0","0","0","0"
"0x72292f7701c0","      MOV R2, UR4","0","0","0","256","8192","8192","32","32","0","0","-","-","-","0","0","0","0","0","0","0","0","0","0","0","0","0","0","0","0","0","0","0","0","0","0","0","0","0","0","0","0","0","0","0","0","0","0","0","0","0","0","0","0","0","0"
"0x72292f7701d0","@UP0  LDCU UR8, c[0x0][0x388]","0","0","0","256","8192","8192","32","32","0","0","-","-","-","0","0","0","0","0","0","0","0","0","0","0","0","0","0","0","0","0","0","0","0","0","0","0","0","0","0","0","0","0","0","0","0","0","0","0","0","0","0","0","0","0","0"
"0x72292f7701e0","      BRA 0x72292f770370","0","0","0","256","8192","8192","32","32","0","0","-","-","-","0","0","0","0","0","0","0","0","0","0","0","0","0","0","0","0","0","0","0","0","0","0","0","0","0","0","0","0","0","0","0","0","0","0","0","0","0","0","0","0","0","0"
"0x72292f7701f0","      ISETP.NE.AND P0, PT, R0, 0x3, PT","0","0","0","0","0","0","0","0","32","0","-","-","-","0","0","0","0","0","0","0","0","0","0","0","0","0","0","0","0","0","0","0","0","0","0","0","0","0","0","0","0","0","0","0","0","0","0","0","0","0","0","0","0","0","0"
"0x72292f770200","      MOV R2, RZ","0","0","0","0","0","0","0","0","32","0","-","-","-","0","0","0","0","0","0","0","0","0","0","0","0","0","0","0","0","0","0","0","0","0","0","0","0","0","0","0","0","0","0","0","0","0","0","0","0","0","0","0","0","0","0"
"0x72292f770210","@!P0  BRA 0x72292f770310","0","0","0","0","0","0","0","0","32","0","-","-","-","0","0","0","0","0","0","0","0","0","0","0","0","0","0","0","0","0","0","0","0","0","0","0","0","0","0","0","0","0","0","0","0","0","0","0","0","0","0","0","0","0","0"
"0x72292f770220","      ISETP.NE.AND P0, PT, R0, 0x2, PT","0","0","0","0","0","0","0","0","32","0","-","-","-","0","0","0","0","0","0","0","0","0","0","0","0","0","0","0","0","0","0","0","0","0","0","0","0","0","0","0","0","0","0","0","0","0","0","0","0","0","0","0","0","0","0"
"0x72292f770230","@P0   BRA 0x72292f770370","0","0","0","0","0","0","0","0","32","0","-","-","-","0","0","0","0","0","0","0","0","0","0","0","0","0","0","0","0","0","0","0","0","0","0","0","0","0","0","0","0","0","0","0","0","0","0","0","0","0","0","0","0","0","0"
"0x72292f770240","      LDC.64 R10, c[0x0][0x4b8]","0","0","0","0","0","0","0","0","32","0","-","-","-","0","0","0","0","0","0","0","0","0","0","0","0","0","0","0","0","0","0","0","0","0","0","0","0","0","0","0","0","0","0","0","0","0","0","0","0","0","0","0","0","0","0"
"0x72292f770250","      LDC.64 R4, c[0x0][0x4c0]","0","0","0","0","0","0","0","0","32","0","-","-","-","0","0","0","0","0","0","0","0","0","0","0","0","0","0","0","0","0","0","0","0","0","0","0","0","0","0","0","0","0","0","0","0","0","0","0","0","0","0","0","0","0","0"
"0x72292f770260","      LDC.64 R16, c[0x0][0x498]","0","0","0","0","0","0","0","0","32","0","-","-","-","0","0","0","0","0","0","0","0","0","0","0","0","0","0","0","0","0","0","0","0","0","0","0","0","0","0","0","0","0","0","0","0","0","0","0","0","0","0","0","0","0","0"
"0x72292f770270","      LDC.64 R12, c[0x0][0x4a0]","0","0","0","0","0","0","0","0","32","0","-","-","-","0","0","0","0","0","0","0","0","0","0","0","0","0","0","0","0","0","0","0","0","0","0","0","0","0","0","0","0","0","0","0","0","0","0","0","0","0","0","0","0","0","0"
"0x72292f770280","      IMAD.WIDE.U32 R14, R10, UR6, RZ","0","0","0","0","0","0","0","0","32","0","-","-","-","0","0","0","0","0","0","0","0","0","0","0","0","0","0","0","0","0","0","0","0","0","0","0","0","0","0","0","0","0","0","0","0","0","0","0","0","0","0","0","0","0","0"
"0x72292f770290","      IMAD R15, R11, UR6, R15","0","0","0","0","0","0","0","0","32","0","-","-","-","0","0","0","0","0","0","0","0","0","0","0","0","0","0","0","0","0","0","0","0","0","0","0","0","0","0","0","0","0","0","0","0","0","0","0","0","0","0","0","0","0","0"
"0x72292f7702a0","      IMAD.WIDE.U32 R18, R4, UR6, RZ","0","0","0","0","0","0","0","0","32","0","-","-","-","0","0","0","0","0","0","0","0","0","0","0","0","0","0","0","0","0","0","0","0","0","0","0","0","0","0","0","0","0","0","0","0","0","0","0","0","0","0","0","0","0","0"
"0x72292f7702b0","      IADD.64 R14, R14, R14","0","0","0","0","0","0","0","0","32","0","-","-","-","0","0","0","0","0","0","0","0","0","0","0","0","0","0","0","0","0","0","0","0","0","0","0","0","0","0","0","0","0","0","0","0","0","0","0","0","0","0","0","0","0","0"
"0x72292f7702c0","      IMAD R19, R5, UR6, R19","0","0","0","0","0","0","0","0","32","0","-","-","-","0","0","0","0","0","0","0","0","0","0","0","0","0","0","0","0","0","0","0","0","0","0","0","0","0","0","0","0","0","0","0","0","0","0","0","0","0","0","0","0","0","0"
"0x72292f7702d0","      IADD.64 R16, R14, R16","0","0","0","0","0","0","0","0","32","0","-","-","-","0","0","0","0","0","0","0","0","0","0","0","0","0","0","0","0","0","0","0","0","0","0","0","0","0","0","0","0","0","0","0","0","0","0","0","0","0","0","0","0","0","0"
"0x72292f7702e0","      IADD.64 R4, R18, R18","0","0","0","0","0","0","0","0","32","0","-","-","-","0","0","0","0","0","0","0","0","0","0","0","0","0","0","0","0","0","0","0","0","0","0","0","0","0","0","0","0","0","0","0","0","0","0","0","0","0","0","0","0","0","0"
"0x72292f7702f0","      IADD.64 R12, R4, R12","0","0","0","0","0","0","0","0","32","0","-","-","-","0","0","0","0","0","0","0","0","0","0","0","0","0","0","0","0","0","0","0","0","0","0","0","0","0","0","0","0","0","0","0","0","0","0","0","0","0","0","0","0","0","0"
"0x72292f770300","      BRA 0x72292f770370","0","0","0","0","0","0","0","0","32","0","-","-","-","0","0","0","0","0","0","0","0","0","0","0","0","0","0","0","0","0","0","0","0","0","0","0","0","0","0","0","0","0","0","0","0","0","0","0","0","0","0","0","0","0","0"
"0x72292f770310","      LDCU.64 UR10, c[0x0][0x498]","0","0","0","0","0","0","0","0","32","0","-","-","-","0","0","0","0","0","0","0","0","0","0","0","0","0","0","0","0","0","0","0","0","0","0","0","0","0","0","0","0","0","0","0","0","0","0","0","0","0","0","0","0","0","0"
"0x72292f770320","      LDCU.64 UR4, c[0x0][0x4a0]","0","0","0","0","0","0","0","0","32","0","-","-","-","0","0","0","0","0","0","0","0","0","0","0","0","0","0","0","0","0","0","0","0","0","0","0","0","0","0","0","0","0","0","0","0","0","0","0","0","0","0","0","0","0","0"
"0x72292f770330","      UIMAD.WIDE.U32 UR10, UR6, 0x8, UR10","0","0","0","0","0","0","0","0","32","0","-","-","-","0","0","0","0","0","0","0","0","0","0","0","0","0","0","0","0","0","0","0","0","0","0","0","0","0","0","0","0","0","0","0","0","0","0","0","0","0","0","0","0","0","0"
"0x72292f770340","      UIMAD.WIDE.U32 UR4, UR6, 0x8, UR4","0","0","0","0","0","0","0","0","32","0","-","-","-","0","0","0","0","0","0","0","0","0","0","0","0","0","0","0","0","0","0","0","0","0","0","0","0","0","0","0","0","0","0","0","0","0","0","0","0","0","0","0","0","0","0"
"0x72292f770350","      LDG.E.64 R16, [RZ.U32+UR10]","0","0","0","0","0","0","0","0","32","0","","","","0","0","0","0","0","0","0","0","0","0","0","0","0","0","0","0","0","0","0","0","0","0","0","0","0","0","0","0","0","0","0","0","0","0","0","0","0","0","0","0","0","0"
"0x72292f770360","      LDG.E.64 R12, [RZ.U32+UR4]","0","0","0","0","0","0","0","0","32","0","","","","0","0","0","0","0","0","0","0","0","0","0","0","0","0","0","0","0","0","0","0","0","0","0","0","0","0","0","0","0","0","0","0","0","0","0","0","0","0","0","0","0","0"
"0x72292f770370","      S2R R70, SR_TID.X","0","0","0","256","8192","8192","32","32","0","0","-","-","-","0","0","0","0","0","0","0","0","0","0","0","0","0","0","0","0","0","0","0","0","0","0","0","0","0","0","0","0","0","0","0","0","0","0","0","0","0","0","0","0","0","0"
"0x72292f770380","      IADD3 R4, PT, PT, -R2, UR8, RZ","0","0","0","256","8192","8192","32","32","0","0","-","-","-","0","0","0","0","0","0","0","0","0","0","0","0","0","0","0","0","0","0","0","0","0","0","0","0","0","0","0","0","0","0","0","0","0","0","0","0","0","0","0","0","0","0"
"0x72292f770390","      LDCU.64 UR6, c[0x0][0x3b8]","0","0","0","256","8192","8192","32","32","0","0","-","-","-","0","0","0","0","0","0","0","0","0","0","0","0","0","0","0","0","0","0","0","0","0","0","0","0","0","0","0","0","0","0","0","0","0","0","0","0","0","0","0","0","0","0"
"0x72292f7703a0","      CS2R R26, SRZ","0","0","0","256","8192","8192","32","32","0","0","-","-","-","0","0","0","0","0","0","0","0","0","0","0","0","0","0","0","0","0","0","0","0","0","0","0","0","0","0","0","0","0","0","0","0","0","0","0","0","0","0","0","0","0","0"
"0x72292f7703b0","      CS2R R24, SRZ","0","0","0","256","8192","8192","32","32","0","0","-","-","-","0","0","0","0","0","0","0","0","0","0","0","0","0","0","0","0","0","0","0","0","0","0","0","0","0","0","0","0","0","0","0","0","0","0","0","0","0","0","0","0","0","0"
"0x72292f7703c0","      CS2R R30, SRZ","0","0","0","256","8192","8192","32","32","0","0","-","-","-","0","0","0","0","0","0","0","0","0","0","0","0","0","0","0","0","0","0","0","0","0","0","0","0","0","0","0","0","0","0","0","0","0","0","0","0","0","0","0","0","0","0"
"0x72292f7703d0","      SHF.R.S32.HI R11, RZ, 0x1f, R4","0","0","0","256","8192","8192","32","32","0","0","-","-","-","0","0","0","0","0","0","0","0","0","0","0","0","0","0","0","0","0","0","0","0","0","0","0","0","0","0","0","0","0","0","0","0","0","0","0","0","0","0","0","0","0","0"
"0x72292f7703e0","      LDCU.64 UR4, c[0x0][0x380]","0","0","0","256","8192","8192","32","32","0","0","-","-","-","0","0","0","0","0","0","0","0","0","0","0","0","0","0","0","0","0","0","0","0","0","0","0","0","0","0","0","0","0","0","0","0","0","0","0","0","0","0","0","0","0","0"
"0x72292f7703f0","      CS2R R28, SRZ","0","0","0","256","8192","8192","32","32","0","0","-","-","-","0","0","0","0","0","0","0","0","0","0","0","0","0","0","0","0","0","0","0","0","0","0","0","0","0","0","0","0","0","0","0","0","0","0","0","0","0","0","0","0","0","0"
"0x72292f770400","      CS2R R34, SRZ","0","0","0","256","8192","8192","32","32","0","0","-","-","-","0","0","0","0","0","0","0","0","0","0","0","0","0","0","0","0","0","0","0","0","0","0","0","0","0","0","0","0","0","0","0","0","0","0","0","0","0","0","0","0","0","0"
"0x72292f770410","      LEA.HI R11, R11, R4, RZ, 0x5","0","0","0","256","8192","8192","32","32","0","0","-","-","-","0","0","0","0","0","0","0","0","0","0","0","0","0","0","0","0","0","0","0","0","0","0","0","0","0","0","0","0","0","0","0","0","0","0","0","0","0","0","0","0","0","0"
"0x72292f770420","      LDCU.64 UR18, c[0x0][0x3c0]","0","0","0","256","8192","8192","32","32","0","0","-","-","-","0","0","0","0","0","0","0","0","0","0","0","0","0","0","0","0","0","0","0","0","0","0","0","0","0","0","0","0","0","0","0","0","0","0","0","0","0","0","0","0","0","0"
"0x72292f770430","      CS2R R32, SRZ","0","0","0","256","8192","8192","32","32","0","0","-","-","-","0","0","0","0","0","0","0","0","0","0","0","0","0","0","0","0","0","0","0","0","0","0","0","0","0","0","0","0","0","0","0","0","0","0","0","0","0","0","0","0","0","0"
"0x72292f770440","      LOP3.LUT R11, R11, 0xffffffe0, RZ, 0xc0, !PT","0","0","0","256","8192","8192","32","32","0","0","-","-","-","0","0","0","0","0","0","0","0","0","0","0","0","0","0","0","0","0","0","0","0","0","0","0","0","0","0","0","0","0","0","0","0","0","0","0","0","0","0","0","0","0","0"
"0x72292f770450","      UMOV UR9, 0x400","0","0","0","256","8192","8192","32","32","0","0","-","-","-","0","0","0","0","0","0","0","0","0","0","0","0","0","0","0","0","0","0","0","0","0","0","0","0","0","0","0","0","0","0","0","0","0","0","0","0","0","0","0","0","0","0"
"0x72292f770460","      LDCU.64 UR16, c[0x0][0x3e0]","0","0","0","256","8192","8192","32","32","0","0","-","-","-","0","0","0","0","0","0","0","0","0","0","0","0","0","0","0","0","0","0","0","0","0","0","0","0","0","0","0","0","0","0","0","0","0","0","0","0","0","0","0","0","0","0"
"0x72292f770470","      IADD3 R11, PT, PT, R4, -R11, RZ","0","0","0","256","8192","8192","32","32","0","0","-","-","-","0","0","0","0","0","0","0","0","0","0","0","0","0","0","0","0","0","0","0","0","0","0","0","0","0","0","0","0","0","0","0","0","0","0","0","0","0","0","0","0","0","0"
"0x72292f770480","      LDCU.64 UR10, c[0x0][0x3c8]","0","0","0","256","8192","8192","32","32","0","0","-","-","-","0","0","0","0","0","0","0","0","0","0","0","0","0","0","0","0","0","0","0","0","0","0","0","0","0","0","0","0","0","0","0","0","0","0","0","0","0","0","0","0","0","0"
"0x72292f770490","      BAR.SYNC.DEFER_BLOCKING 0x0","0","0","0","256","8192","8192","32","32","0","0","-","-","-","0","0","0","0","0","0","0","0","0","0","0","0","0","0","0","0","0","0","0","0","0","0","0","0","0","0","0","0","0","0","0","0","0","0","0","0","0","0","0","0","0","0"
"0x72292f7704a0","      ISETP.NE.AND P0, PT, R11, RZ, PT","0","0","0","256","8192","8192","32","32","0","0","-","-","-","0","0","0","0","0","0","0","0","0","0","0","0","0","0","0","0","0","0","0","0","0","0","0","0","0","0","0","0","0","0","0","0","0","0","0","0","0","0","0","0","0","0"
"0x72292f7704b0","      LDCU.64 UR12, c[0x0][0x3d0]","0","0","0","256","8192","8192","32","32","0","0","-","-","-","0","0","0","0","0","0","0","0","0","0","0","0","0","0","0","0","0","0","0","0","0","0","0","0","0","0","0","0","0","0","0","0","0","0","0","0","0","0","0","0","0","0"
"0x72292f7704c0","      SEL R11, R11, 0x20, P0","0","0","0","256","8192","8192","32","32","0","0","-","-","-","0","0","0","0","0","0","0","0","0","0","0","0","0","0","0","0","0","0","0","0","0","0","0","0","0","0","0","0","0","0","0","0","0","0","0","0","0","0","0","0","0","0"
"0x72292f7704d0","      LDCU.64 UR14, c[0x0][0x3f0]","0","0","0","256","8192","8192","32","32","0","0","-","-","-","0","0","0","0","0","0","0","0","0","0","0","0","0","0","0","0","0","0","0","0","0","0","0","0","0","0","0","0","0","0","0","0","0","0","0","0","0","0","0","0","0","0"
"0x72292f7704e0","      IMAD.SHL.U32 R19, R70, 0x8, RZ","0","0","0","256","8192","8192","32","32","0","0","-","-","-","0","0","0","0","0","0","0","0","0","0","0","0","0","0","0","0","0","0","0","0","0","0","0","0","0","0","0","0","0","0","0","0","0","0","0","0","0","0","0","0","0","0"
"0x72292f7704f0","      SHF.R.U32.HI R3, RZ, 0x2, R70","0","0","0","256","8192","8192","32","32","0","0","-","-","-","0","0","0","0","0","0","0","0","0","0","0","0","0","0","0","0","0","0","0","0","0","0","0","0","0","0","0","0","0","0","0","0","0","0","0","0","0","0","0","0","0","0"
"0x72292f770500","      SHF.R.U32.HI R10, RZ, 0x5, R70","0","0","0","256","8192","8192","32","32","0","0","-","-","-","0","0","0","0","0","0","0","0","0","0","0","0","0","0","0","0","0","0","0","0","0","0","0","0","0","0","0","0","0","0","0","0","0","0","0","0","0","0","0","0","0","0"
"0x72292f770510","      LOP3.LUT R19, R19, 0x18, RZ, 0xc0, !PT","0","0","0","256","8192","8192","32","32","0","0","-","-","-","0","0","0","0","0","0","0","0","0","0","0","0","0","0","0","0","0","0","0","0","0","0","0","0","0","0","0","0","0","0","0","0","0","0","0","0","0","0","0","0","0","0"
"0x72292f770520","      LOP3.LUT R3, R3, 0x7, RZ, 0xc0, !PT","0","0","0","256","8192","8192","32","32","0","0","-","-","-","0","0","0","0","0","0","0","0","0","0","0","0","0","0","0","0","0","0","0","0","0","0","0","0","0","0","0","0","0","0","0","0","0","0","0","0","0","0","0","0","0","0"
"0x72292f770530","      IADD3 R5, PT, PT, R11, R2, RZ","0","0","0","256","8192","8192","32","32","0","0","-","-","-","0","0","0","0","0","0","0","0","0","0","0","0","0","0","0","0","0","0","0","0","0","0","0","0","0","0","0","0","0","0","0","0","0","0","0","0","0","0","0","0","0","0"
"0x72292f770540","      IADD3 R18, PT, PT, R19, R2, RZ","0","0","0","256","8192","8192","32","32","0","0","-","-","-","0","0","0","0","0","0","0","0","0","0","0","0","0","0","0","0","0","0","0","0","0","0","0","0","0","0","0","0","0","0","0","0","0","0","0","0","0","0","0","0","0","0"
"0x72292f770550","      IADD3 R2, PT, PT, R4, 0x3e, RZ","0","0","0","256","8192","8192","32","32","0","0","-","-","-","0","0","0","0","0","0","0","0","0","0","0","0","0","0","0","0","0","0","0","0","0","0","0","0","0","0","0","0","0","0","0","0","0","0","0","0","0","0","0","0","0","0"
"0x72292f770560","      IMAD R0, R10, 0x10, R3","0","0","0","256","8192","8192","32","32","0","0","-","-","-","0","0","0","0","0","0","0","0","0","0","0","0","0","0","0","0","0","0","0","0","0","0","0","0","0","0","0","0","0","0","0","0","0","0","0","0","0","0","0","0","0","0"
"0x72292f770570","      UIADD3.64 UR12, UPT, UPT, UR10, -UR12, URZ","0","0","0","256","8192","8192","32","32","0","0","-","-","-","0","0","0","0","0","0","0","0","0","0","0","0","0","0","0","0","0","0","0","0","0","0","0","0","0","0","0","0","0","0","0","0","0","0","0","0","0","0","0","0","0","0"
"0x72292f770580","      VIMNMX.S32 R5, R5, UR8, PT","0","0","0","256","8192","8192","32","32","0","0","-","-","-","0","0","0","0","0","0","0","0","0","0","0","0","0","0","0","0","0","0","0","0","0","0","0","0","0","0","0","0","0","0","0","0","0","0","0","0","0","0","0","0","0","0"
"0x72292f770590","      SHF.R.S32.HI R19, RZ, 0x1f, R18","0","0","0","256","8192","8192","32","32","0","0","-","-","-","0","0","0","0","0","0","0","0","0","0","0","0","0","0","0","0","0","0","0","0","0","0","0","0","0","0","0","0","0","0","0","0","0","0","0","0","0","0","0","0","0","0"
"0x72292f7705a0","      IMAD R9, R9, 0x40, R0","0","0","0","256","8192","8192","32","32","0","0","-","-","-","0","0","0","0","0","0","0","0","0","0","0","0","0","0","0","0","0","0","0","0","0","0","0","0","0","0","0","0","0","0","0","0","0","0","0","0","0","0","0","0","0","0"
"0x72292f7705b0","      ISETP.GE.U32.AND P5, PT, R2, 0x3f, PT","0","0","0","256","8192","8192","32","32","0","0","-","-","-","0","0","0","0","0","0","0","0","0","0","0","0","0","0","0","0","0","0","0","0","0","0","0","0","0","0","0","0","0","0","0","0","0","0","0","0","0","0","0","0","0","0"
"0x72292f7705c0","      SHF.R.U32.HI R2, RZ, 0x1, R0","0","0","0","256","8192","8192","32","32","0","0","-","-","-","0","0","0","0","0","0","0","0","0","0","0","0","0","0","0","0","0","0","0","0","0","0","0","0","0","0","0","0","0","0","0","0","0","0","0","0","0","0","0","0","0","0"
"0x72292f7705d0","      S2UR UR8, SR_CgaCtaId","0","0","0","256","8192","8192","32","32","0","0","-","-","-","0","0","0","0","0","0","0","0","0","0","0","0","0","0","0","0","0","0","0","0","0","0","0","0","0","0","0","0","0","0","0","0","0","0","0","0","0","0","0","0","0","0"
"0x72292f7705e0","      IMAD.WIDE.U32 R20, R9, UR6, R18","0","0","0","256","8192","8192","32","32","0","0","-","-","-","0","0","0","0","0","0","0","0","0","0","0","0","0","0","0","0","0","0","0","0","0","0","0","0","0","0","0","0","0","0","0","0","0","0","0","0","0","0","0","0","0","0"
"0x72292f7705f0","      ISETP.GE.AND P4, PT, R18, R5, PT","0","0","0","256","8192","8192","32","32","0","0","-","-","-","0","0","0","0","0","0","0","0","0","0","0","0","0","0","0","0","0","0","0","0","0","0","0","0","0","0","0","0","0","0","0","0","0","0","0","0","0","0","0","0","0","0"
"0x72292f770600","      IADD3 R8, PT, PT, R9, 0x8, RZ","0","0","0","256","8192","8192","32","32","0","0","-","-","-","0","0","0","0","0","0","0","0","0","0","0","0","0","0","0","0","0","0","0","0","0","0","0","0","0","0","0","0","0","0","0","0","0","0","0","0","0","0","0","0","0","0"
"0x72292f770610","      LOP3.LUT R15, R2, 0x3, R70, 0x48, !PT","0","0","0","256","8192","8192","32","32","0","0","-","-","-","0","0","0","0","0","0","0","0","0","0","0","0","0","0","0","0","0","0","0","0","0","0","0","0","0","0","0","0","0","0","0","0","0","0","0","0","0","0","0","0","0","0"
"0x72292f770620","      IMAD R21, R9, UR7, R21","0","0","0","256","8192","8192","32","32","0","0","-","-","-","0","0","0","0","0","0","0","0","0","0","0","0","0","0","0","0","0","0","0","0","0","0","0","0","0","0","0","0","0","0","0","0","0","0","0","0","0","0","0","0","0","0"
"0x72292f770630","      LDCU.64 UR6, c[0x0][0x3d8]","0","0","0","256","8192","8192","32","32","0","0","-","-","-","0","0","0","0","0","0","0","0","0","0","0","0","0","0","0","0","0","0","0","0","0","0","0","0","0","0","0","0","0","0","0","0","0","0","0","0","0","0","0","0","0","0"
"0x72292f770640","      IMAD R7, R7, 0x40, R0","0","0","0","256","8192","8192","32","32","0","0","-","-","-","0","0","0","0","0","0","0","0","0","0","0","0","0","0","0","0","0","0","0","0","0","0","0","0","0","0","0","0","0","0","0","0","0","0","0","0","0","0","0","0","0","0"
"0x72292f770650","      IADD3 R0, PT, PT, R0, 0x8, RZ","0","0","0","256","8192","8192","32","32","0","0","-","-","-","0","0","0","0","0","0","0","0","0","0","0","0","0","0","0","0","0","0","0","0","0","0","0","0","0","0","0","0","0","0","0","0","0","0","0","0","0","0","0","0","0","0"
"0x72292f770660","      R2P PR, RZ, 0xc","0","0","0","256","8192","8192","32","32","0","0","-","-","-","0","0","0","0","0","0","0","0","0","0","0","0","0","0","0","0","0","0","0","0","0","0","0","0","0","0","0","0","0","0","0","0","0","0","0","0","0","0","0","0","0","0"
"0x72292f770670","      IADD.64 R22, R20, R20","0","0","0","256","8192","8192","32","32","0","0","-","-","-","0","0","0","0","0","0","0","0","0","0","0","0","0","0","0","0","0","0","0","0","0","0","0","0","0","0","0","0","0","0","0","0","0","0","0","0","0","0","0","0","0","0"
"0x72292f770680","      ISETP.LT.AND P0, PT, R9, UR4, !P4","0","0","0","256","8192","8192","32","32","0","0","-","-","-","0","0","0","0","0","0","0","0","0","0","0","0","0","0","0","0","0","0","0","0","0","0","0","0","0","0","0","0","0","0","0","0","0","0","0","0","0","0","0","0","0","0"
"0x72292f770690","      SHF.R.U32.HI R0, RZ, 0x1, R0","0","0","0","256","8192","8192","32","32","0","0","-","-","-","0","0","0","0","0","0","0","0","0","0","0","0","0","0","0","0","0","0","0","0","0","0","0","0","0","0","0","0","0","0","0","0","0","0","0","0","0","0","0","0","0","0"
"0x72292f7706a0","      IADD.64 R20, R22, R16","0","0","0","256","8192","8192","32","32","0","0","-","-","-","0","0","0","0","0","0","0","0","0","0","0","0","0","0","0","0","0","0","0","0","0","0","0","0","0","0","0","0","0","0","0","0","0","0","0","0","0","0","0","0","0","0"
"0x72292f7706b0","      ISETP.LT.AND P1, PT, R8, UR4, !P4","0","0","0","256","8192","8192","32","32","0","0","-","-","-","0","0","0","0","0","0","0","0","0","0","0","0","0","0","0","0","0","0","0","0","0","0","0","0","0","0","0","0","0","0","0","0","0","0","0","0","0","0","0","0","0","0"
"0x72292f7706c0","      LOP3.LUT R15, R15, 0x4, R70, 0xf8, !PT","0","0","0","256","8192","8192","32","32","0","0","-","-","-","0","0","0","0","0","0","0","0","0","0","0","0","0","0","0","0","0","0","0","0","0","0","0","0","0","0","0","0","0","0","0","0","0","0","0","0","0","0","0","0","0","0"
"0x72292f7706d0","      IADD.64 R22, R22, UR18","0","0","0","256","8192","8192","32","32","0","0","-","-","-","0","0","0","0","0","0","0","0","0","0","0","0","0","0","0","0","0","0","0","0","0","0","0","0","0","0","0","0","0","0","0","0","0","0","0","0","0","0","0","0","0","0"
"0x72292f7706e0","      IADD3 R6, PT, PT, R7, 0x8, RZ","0","0","0","256","8192","8192","32","32","0","0","-","-","-","0","0","0","0","0","0","0","0","0","0","0","0","0","0","0","0","0","0","0","0","0","0","0","0","0","0","0","0","0","0","0","0","0","0","0","0","0","0","0","0","0","0"
"0x72292f7706f0","      LOP3.LUT R5, R0, 0x3, R70, 0x48, !PT","0","0","0","256","8192","8192","32","32","0","0","-","-","-","0","0","0","0","0","0","0","0","0","0","0","0","0","0","0","0","0","0","0","0","0","0","0","0","0","0","0","0","0","0","0","0","0","0","0","0","0","0","0","0","0","0"
"0x72292f770700","      IMAD R15, R2, 0x30, R15","0","0","0","256","8192","8192","32","32","0","0","-","-","-","0","0","0","0","0","0","0","0","0","0","0","0","0","0","0","0","0","0","0","0","0","0","0","0","0","0","0","0","0","0","0","0","0","0","0","0","0","0","0","0","0","0"
"0x72292f770710","      P2R R14, PR, RZ, 0xf","0","0","0","256","8192","8192","32","32","0","0","-","-","-","0","0","0","0","0","0","0","0","0","0","0","0","0","0","0","0","0","0","0","0","0","0","0","0","0","0","0","0","0","0","0","0","0","0","0","0","0","0","0","0","0","0"
"0x72292f770720","      IMAD.WIDE.U32 R18, R7, UR6, R18","0","0","0","256","8192","8192","32","32","0","0","-","-","-","0","0","0","0","0","0","0","0","0","0","0","0","0","0","0","0","0","0","0","0","0","0","0","0","0","0","0","0","0","0","0","0","0","0","0","0","0","0","0","0","0","0"
"0x72292f770730","      SHF.R.S32.HI R2, RZ, 0x1f, R7","0","0","0","256","8192","8192","32","32","0","0","-","-","-","0","0","0","0","0","0","0","0","0","0","0","0","0","0","0","0","0","0","0","0","0","0","0","0","0","0","0","0","0","0","0","0","0","0","0","0","0","0","0","0","0","0"
"0x72292f770740","      SHFL.IDX PT, R10, R10, RZ, 0x1f","0","0","0","256","8192","8192","32","32","0","0","-","-","-","0","0","0","0","0","0","0","0","0","0","0","0","0","0","0","0","0","0","0","0","0","0","0","0","0","0","0","0","0","0","0","0","0","0","0","0","0","0","0","0","0","0"
"0x72292f770750","      LOP3.LUT R5, R5, 0x4, R70, 0xf8, !PT","0","0","0","256","8192","8192","32","32","0","0","-","-","-","0","0","0","0","0","0","0","0","0","0","0","0","0","0","0","0","0","0","0","0","0","0","0","0","0","0","0","0","0","0","0","0","0","0","0","0","0","0","0","0","0","0"
"0x72292f770760","      ISETP.LT.AND P0, PT, R7, UR5, !P4","0","0","0","256","8192","8192","32","32","0","0","-","-","-","0","0","0","0","0","0","0","0","0","0","0","0","0","0","0","0","0","0","0","0","0","0","0","0","0","0","0","0","0","0","0","0","0","0","0","0","0","0","0","0","0","0"
"0x72292f770770","      ISETP.LT.AND P1, PT, R6, UR5, !P4","0","0","0","256","8192","8192","32","32","0","0","-","-","-","0","0","0","0","0","0","0","0","0","0","0","0","0","0","0","0","0","0","0","0","0","0","0","0","0","0","0","0","0","0","0","0","0","0","0","0","0","0","0","0","0","0"
"0x72292f770780","      SEL R14, R14, RZ, P5","0","0","0","256","8192","8192","32","32","0","0","-","-","-","0","0","0","0","0","0","0","0","0","0","0","0","0","0","0","0","0","0","0","0","0","0","0","0","0","0","0","0","0","0","0","0","0","0","0","0","0","0","0","0","0","0"
"0x72292f770790","      IMAD R2, R2, UR6, RZ","0","0","0","256","8192","8192","32","32","0","0","-","-","-","0","0","0","0","0","0","0","0","0","0","0","0","0","0","0","0","0","0","0","0","0","0","0","0","0","0","0","0","0","0","0","0","0","0","0","0","0","0","0","0","0","0"
"0x72292f7707a0","      IMAD R5, R0, 0x30, R5","0","0","0","256","8192","8192","32","32","0","0","-","-","-","0","0","0","0","0","0","0","0","0","0","0","0","0","0","0","0","0","0","0","0","0","0","0","0","0","0","0","0","0","0","0","0","0","0","0","0","0","0","0","0","0","0"
"0x72292f7707b0","      P2R R0, PR, RZ, 0xf","0","0","0","256","8192","8192","32","32","0","0","-","-","-","0","0","0","0","0","0","0","0","0","0","0","0","0","0","0","0","0","0","0","0","0","0","0","0","0","0","0","0","0","0","0","0","0","0","0","0","0","0","0","0","0","0"
"0x72292f7707c0","      R2P PR, R14, 0x3","0","0","0","256","8192","8192","32","32","0","0","-","-","-","0","0","0","0","0","0","0","0","0","0","0","0","0","0","0","0","0","0","0","0","0","0","0","0","0","0","0","0","0","0","0","0","0","0","0","0","0","0","0","0","0","0"
"0x72292f7707d0","      IMAD R14, R7, UR7, R2","0","0","0","256","8192","8192","32","32","0","0","-","-","-","0","0","0","0","0","0","0","0","0","0","0","0","0","0","0","0","0","0","0","0","0","0","0","0","0","0","0","0","0","0","0","0","0","0","0","0","0","0","0","0","0","0"
"0x72292f7707e0","      ULEA UR7, UR8, UR9, 0x18","0","0","0","256","8192","8192","32","32","0","0","-","-","-","0","0","0","0","0","0","0","0","0","0","0","0","0","0","0","0","0","0","0","0","0","0","0","0","0","0","0","0","0","0","0","0","0","0","0","0","0","0","0","0","0","0"
"0x72292f7707f0","      SEL R0, R0, RZ, P5","0","0","0","256","8192","8192","32","32","0","0","-","-","-","0","0","0","0","0","0","0","0","0","0","0","0","0","0","0","0","0","0","0","0","0","0","0","0","0","0","0","0","0","0","0","0","0","0","0","0","0","0","0","0","0","0"
"0x72292f770800","      LDCU.64 UR8, c[0x0][0x3e8]","0","0","0","256","8192","8192","32","32","0","0","-","-","-","0","0","0","0","0","0","0","0","0","0","0","0","0","0","0","0","0","0","0","0","0","0","0","0","0","0","0","0","0","0","0","0","0","0","0","0","0","0","0","0","0","0"
"0x72292f770810","      IADD3 R19, PT, PT, R19, R14, RZ","0","0","0","256","8192","8192","32","32","0","0","-","-","-","0","0","0","0","0","0","0","0","0","0","0","0","0","0","0","0","0","0","0","0","0","0","0","0","0","0","0","0","0","0","0","0","0","0","0","0","0","0","0","0","0","0"
"0x72292f770820","      LEA R2, R15, UR7, 0x4","0","0","0","256","8192","8192","32","32","0","0","-","-","-","0","0","0","0","0","0","0","0","0","0","0","0","0","0","0","0","0","0","0","0","0","0","0","0","0","0","0","0","0","0","0","0","0","0","0","0","0","0","0","0","0","0"
"0x72292f770830","      LEA R5, R5, UR7, 0x4","0","0","0","256","8192","8192","32","32","0","0","-","-","-","0","0","0","0","0","0","0","0","0","0","0","0","0","0","0","0","0","0","0","0","0","0","0","0","0","0","0","0","0","0","0","0","0","0","0","0","0","0","0","0","0","0"
"0x72292f770840","      IADD.64 R18, R18, R18","0","0","0","256","8192","8192","32","32","0","0","-","-","-","0","0","0","0","0","0","0","0","0","0","0","0","0","0","0","0","0","0","0","0","0","0","0","0","0","0","0","0","0","0","0","0","0","0","0","0","0","0","0","0","0","0"
"0x72292f770850","@!PT  LDS RZ, [RZ]","0","0","0","256","8192","0","32","0","32","0","","Load","32","0","0","0","0","0","0","0","0","0","0","0","0","0","0","0","0","0","0","0","0","0","0","0","0","0","0","0","0","0","0","0","0","0","0","0","0","0","0","0","0","0","0"
"0x72292f770860","@!PT  LDS RZ, [RZ]","0","0","0","256","8192","0","32","0","32","0","","Load","32","0","0","0","0","0","0","0","0","0","0","0","0","0","0","0","0","0","0","0","0","0","0","0","0","0","0","0","0","0","0","0","0","0","0","0","0","0","0","0","0","0","0"
"0x72292f770870","      LDGSTS.E.BYPASS.LTC128B.128 P0, [R2], [R20.64]","0","0","0","256","8192","8192","32","32","0","0","Global,Shared","Load,Store","128","2048","4","0","1024","1024","0","4096","4096","0","0","0","0","0","0","0","0","0","0","0","0","0","0","0","0","0","0","0","0","0","0","0","0","0","0","0","0","0","0","0","0","0","0"
"0x72292f770880","      IADD.64 R14, R18, R12","0","0","0","256","8192","8192","32","32","0","0","-","-","-","0","0","0","0","0","0","0","0","0","0","0","0","0","0","0","0","0","0","0","0","0","0","0","0","0","0","0","0","0","0","0","0","0","0","0","0","0","0","0","0","0","0"
"0x72292f770890","      LDGSTS.E.BYPASS.LTC128B.128 P1, [R5], [R20.64+UR18]","0","0","0","256","8192","8192","32","32","0","0","Global,Shared","Load,Store","128","2048","8","1024","2048","1024","0","4096","4096","0","0","0","0","0","0","0","0","0","0","0","0","0","0","0","0","0","0","0","0","0","0","0","0","0","0","0","0","0","0","0","0","0","0"
"0x72292f7708a0","      R2P PR, R0, 0x3","0","0","0","256","8192","8192","32","32","0","0","-","-","-","0","0","0","0","0","0","0","0","0","0","0","0","0","0","0","0","0","0","0","0","0","0","0","0","0","0","0","0","0","0","0","0","0","0","0","0","0","0","0","0","0","0"
"0x72292f7708b0","      IADD.64 R18, R18, UR16","0","0","0","256","8192","8192","32","32","0","0","-","-","-","0","0","0","0","0","0","0","0","0","0","0","0","0","0","0","0","0","0","0","0","0","0","0","0","0","0","0","0","0","0","0","0","0","0","0","0","0","0","0","0","0","0"
"0x72292f7708c0","      ISETP.LT.AND P6, PT, R9, UR4, PT","0","0","0","256","8192","8192","32","32","0","0","-","-","-","0","0","0","0","0","0","0","0","0","0","0","0","0","0","0","0","0","0","0","0","0","0","0","0","0","0","0","0","0","0","0","0","0","0","0","0","0","0","0","0","0","0"
"0x72292f7708d0","      ISETP.LT.AND P5, PT, R8, UR4, PT","0","0","0","256","8192","8192","32","32","0","0","-","-","-","0","0","0","0","0","0","0","0","0","0","0","0","0","0","0","0","0","0","0","0","0","0","0","0","0","0","0","0","0","0","0","0","0","0","0","0","0","0","0","0","0","0"
"0x72292f7708e0","      IADD3 R0, PT, PT, R4, -0x1, RZ","0","0","0","256","8192","8192","32","32","0","0","-","-","-","0","0","0","0","0","0","0","0","0","0","0","0","0","0","0","0","0","0","0","0","0","0","0","0","0","0","0","0","0","0","0","0","0","0","0","0","0","0","0","0","0","0"
"0x72292f7708f0","      UIADD3.64 UR14, UPT, UPT, UR8, -UR14, URZ","0","0","0","256","8192","8192","32","32","0","0","-","-","-","0","0","0","0","0","0","0","0","0","0","0","0","0","0","0","0","0","0","0","0","0","0","0","0","0","0","0","0","0","0","0","0","0","0","0","0","0","0","0","0","0","0"
"0x72292f770900","      R2UR UR4, R10","0","0","0","256","8192","8192","32","32","0","0","-","-","-","0","0","0","0","0","0","0","0","0","0","0","0","0","0","0","0","0","0","0","0","0","0","0","0","0","0","0","0","0","0","0","0","0","0","0","0","0","0","0","0","0","0"
"0x72292f770910","      ISETP.GE.U32.AND P4, PT, R0, 0x20, PT","0","0","0","256","8192","8192","32","32","0","0","-","-","-","0","0","0","0","0","0","0","0","0","0","0","0","0","0","0","0","0","0","0","0","0","0","0","0","0","0","0","0","0","0","0","0","0","0","0","0","0","0","0","0","0","0"
"0x72292f770920","      IADD.64 R18, R18, UR14","0","0","0","256","8192","8192","32","32","0","0","-","-","-","0","0","0","0","0","0","0","0","0","0","0","0","0","0","0","0","0","0","0","0","0","0","0","0","0","0","0","0","0","0","0","0","0","0","0","0","0","0","0","0","0","0"
"0x72292f770930","      LDGSTS.E.BYPASS.LTC128B.128 P0, [R2+0x6000], [R14.64]","0","0","0","256","8192","8192","32","32","0","0","Global,Shared","Load,Store","128","2048","4","0","1024","1024","0","4096","4096","0","0","0","0","0","0","0","0","0","0","0","0","0","0","0","0","0","0","0","0","0","0","0","0","0","0","0","0","0","0","0","0","0","0"
"0x72292f770940","      PLOP3.LUT P0, PT, P6, PT, PT, 0x80, 0x8","0","0","0","256","8192","8192","32","32","0","0","-","-","-","0","0","0","0","0","0","0","0","0","0","0","0","0","0","0","0","0","0","0","0","0","0","0","0","0","0","0","0","0","0","0","0","0","0","0","0","0","0","0","0","0","0"
"0x72292f770950","      ISETP.LT.AND P6, PT, R7, UR5, PT","0","0","0","256","8192","8192","32","32","0","0","-","-","-","0","0","0","0","0","0","0","0","0","0","0","0","0","0","0","0","0","0","0","0","0","0","0","0","0","0","0","0","0","0","0","0","0","0","0","0","0","0","0","0","0","0"
"0x72292f770960","      LDGSTS.E.BYPASS.LTC128B.128 P1, [R5+0x6000], [R14.64+UR16]","0","0","0","256","8192","8192","32","32","0","0","Global,Shared","Load,Store","128","2048","8","1024","2048","1024","0","4096","4096","0","0","0","0","0","0","0","0","0","0","0","0","0","0","0","0","0","0","0","0","0","0","0","0","0","0","0","0","0","0","0","0","0","0"
"0x72292f770970","      PLOP3.LUT P1, PT, P5, PT, PT, 0x80, 0x8","0","0","0","256","8192","8192","32","32","0","0","-","-","-","0","0","0","0","0","0","0","0","0","0","0","0","0","0","0","0","0","0","0","0","0","0","0","0","0","0","0","0","0","0","0","0","0","0","0","0","0","0","0","0","0","0"
"0x72292f770980","      IMAD.WIDE R18, R11, 0x2, R18","0","0","0","256","8192","8192","32","32","0","0","-","-","-","0","0","0","0","0","0","0","0","0","0","0","0","0","0","0","0","0","0","0","0","0","0","0","0","0","0","0","0","0","0","0","0","0","0","0","0","0","0","0","0","0","0"
"0x72292f770990","      ISETP.LT.AND P5, PT, R6, UR5, PT","0","0","0","256","8192","8192","32","32","0","0","-","-","-","0","0","0","0","0","0","0","0","0","0","0","0","0","0","0","0","0","0","0","0","0","0","0","0","0","0","0","0","0","0","0","0","0","0","0","0","0","0","0","0","0","0"
"0x72292f7709a0","      IADD.64 R6, R22, UR12","0","0","0","256","8192","8192","32","32","0","0","-","-","-","0","0","0","0","0","0","0","0","0","0","0","0","0","0","0","0","0","0","0","0","0","0","0","0","0","0","0","0","0","0","0","0","0","0","0","0","0","0","0","0","0","0"
"0x72292f7709b0","      LDGDEPBAR","0","0","0","256","8192","8192","32","32","0","0","-","-","-","0","0","0","0","0","0","0","0","0","0","0","0","0","0","0","0","0","0","0","0","0","0","0","0","0","0","0","0","0","0","0","0","0","0","0","0","0","0","0","0","0","0"
"0x72292f7709c0","      P2R R0, PR, RZ, 0xf","0","0","0","256","8192","8192","32","32","0","0","-","-","-","0","0","0","0","0","0","0","0","0","0","0","0","0","0","0","0","0","0","0","0","0","0","0","0","0","0","0","0","0","0","0","0","0","0","0","0","0","0","0","0","0","0"
"0x72292f7709d0","      IADD.64 R12, R18, R12","0","0","0","256","8192","8192","32","32","0","0","-","-","-","0","0","0","0","0","0","0","0","0","0","0","0","0","0","0","0","0","0","0","0","0","0","0","0","0","0","0","0","0","0","0","0","0","0","0","0","0","0","0","0","0","0"
"0x72292f7709e0","      IMAD.WIDE R8, R11, 0x2, R6","0","0","0","256","8192","8192","32","32","0","0","-","-","-","0","0","0","0","0","0","0","0","0","0","0","0","0","0","0","0","0","0","0","0","0","0","0","0","0","0","0","0","0","0","0","0","0","0","0","0","0","0","0","0","0","0"
"0x72292f7709f0","      PLOP3.LUT P0, PT, P6, PT, PT, 0x80, 0x8","0","0","0","256","8192","8192","32","32","0","0","-","-","-","0","0","0","0","0","0","0","0","0","0","0","0","0","0","0","0","0","0","0","0","0","0","0","0","0","0","0","0","0","0","0","0","0","0","0","0","0","0","0","0","0","0"
"0x72292f770a00","      USHF.R.S32.HI UR15, URZ, 0x1f, UR4","0","0","0","256","8192","8192","32","32","0","0","-","-","-","0","0","0","0","0","0","0","0","0","0","0","0","0","0","0","0","0","0","0","0","0","0","0","0","0","0","0","0","0","0","0","0","0","0","0","0","0","0","0","0","0","0"
"0x72292f770a10","      PLOP3.LUT P1, PT, P5, PT, PT, 0x80, 0x8","0","0","0","256","8192","8192","32","32","0","0","-","-","-","0","0","0","0","0","0","0","0","0","0","0","0","0","0","0","0","0","0","0","0","0","0","0","0","0","0","0","0","0","0","0","0","0","0","0","0","0","0","0","0","0","0"
"0x72292f770a20","      CS2R R22, SRZ","0","0","0","256","8192","8192","32","32","0","0","-","-","-","0","0","0","0","0","0","0","0","0","0","0","0","0","0","0","0","0","0","0","0","0","0","0","0","0","0","0","0","0","0","0","0","0","0","0","0","0","0","0","0","0","0"
"0x72292f770a30","      SEL R0, R0, RZ, P4","0","0","0","256","8192","8192","32","32","0","0","-","-","-","0","0","0","0","0","0","0","0","0","0","0","0","0","0","0","0","0","0","0","0","0","0","0","0","0","0","0","0","0","0","0","0","0","0","0","0","0","0","0","0","0","0"
"0x72292f770a40","      IADD.64 R16, R8, R16","0","0","0","256","8192","8192","32","32","0","0","-","-","-","0","0","0","0","0","0","0","0","0","0","0","0","0","0","0","0","0","0","0","0","0","0","0","0","0","0","0","0","0","0","0","0","0","0","0","0","0","0","0","0","0","0"
"0x72292f770a50","      IADD3 R7, PT, PT, R4, -0x21, RZ","0","0","0","256","8192","8192","32","32","0","0","-","-","-","0","0","0","0","0","0","0","0","0","0","0","0","0","0","0","0","0","0","0","0","0","0","0","0","0","0","0","0","0","0","0","0","0","0","0","0","0","0","0","0","0","0"
"0x72292f770a60","      P2R R6, PR, RZ, 0xf","0","0","0","256","8192","8192","32","32","0","0","-","-","-","0","0","0","0","0","0","0","0","0","0","0","0","0","0","0","0","0","0","0","0","0","0","0","0","0","0","0","0","0","0","0","0","0","0","0","0","0","0","0","0","0","0"
"0x72292f770a70","      ULEA.HI UR15, UR15, UR4, URZ, 0x2","0","0","0","256","8192","8192","32","32","0","0","-","-","-","0","0","0","0","0","0","0","0","0","0","0","0","0","0","0","0","0","0","0","0","0","0","0","0","0","0","0","0","0","0","0","0","0","0","0","0","0","0","0","0","0","0"
"0x72292f770a80","      R2P PR, R0, 0x3","0","0","0","256","8192","8192","32","32","0","0","-","-","-","0","0","0","0","0","0","0","0","0","0","0","0","0","0","0","0","0","0","0","0","0","0","0","0","0","0","0","0","0","0","0","0","0","0","0","0","0","0","0","0","0","0"
"0x72292f770a90","      CS2R R20, SRZ","0","0","0","256","8192","8192","32","32","0","0","-","-","-","0","0","0","0","0","0","0","0","0","0","0","0","0","0","0","0","0","0","0","0","0","0","0","0","0","0","0","0","0","0","0","0","0","0","0","0","0","0","0","0","0","0"
"0x72292f770aa0","      CS2R R18, SRZ","0","0","0","256","8192","8192","32","32","0","0","-","-","-","0","0","0","0","0","0","0","0","0","0","0","0","0","0","0","0","0","0","0","0","0","0","0","0","0","0","0","0","0","0","0","0","0","0","0","0","0","0","0","0","0","0"
"0x72292f770ab0","      SEL R6, R6, RZ, P4","0","0","0","256","8192","8192","32","32","0","0","-","-","-","0","0","0","0","0","0","0","0","0","0","0","0","0","0","0","0","0","0","0","0","0","0","0","0","0","0","0","0","0","0","0","0","0","0","0","0","0","0","0","0","0","0"
"0x72292f770ac0","      ULOP3.LUT UR6, UR15, 0xfffc, URZ, 0xc0, !UPT","0","0","0","256","8192","8192","32","32","0","0","-","-","-","0","0","0","0","0","0","0","0","0","0","0","0","0","0","0","0","0","0","0","0","0","0","0","0","0","0","0","0","0","0","0","0","0","0","0","0","0","0","0","0","0","0"
"0x72292f770ad0","      USHF.R.S32.HI UR15, URZ, 0x2, UR15","0","0","0","256","8192","8192","32","32","0","0","-","-","-","0","0","0","0","0","0","0","0","0","0","0","0","0","0","0","0","0","0","0","0","0","0","0","0","0","0","0","0","0","0","0","0","0","0","0","0","0","0","0","0","0","0"
"0x72292f770ae0","      IADD.64 R14, R16, UR18","0","0","0","256","8192","8192","32","32","0","0","-","-","-","0","0","0","0","0","0","0","0","0","0","0","0","0","0","0","0","0","0","0","0","0","0","0","0","0","0","0","0","0","0","0","0","0","0","0","0","0","0","0","0","0","0"
"0x72292f770af0","      UIADD3 UR6, UPT, UPT, UR4, -UR6, URZ","0","0","0","256","8192","8192","32","32","0","0","-","-","-","0","0","0","0","0","0","0","0","0","0","0","0","0","0","0","0","0","0","0","0","0","0","0","0","0","0","0","0","0","0","0","0","0","0","0","0","0","0","0","0","0","0"
"0x72292f770b00","      IADD.64 R10, R14, UR10","0","0","0","256","8192","8192","32","32","0","0","-","-","-","0","0","0","0","0","0","0","0","0","0","0","0","0","0","0","0","0","0","0","0","0","0","0","0","0","0","0","0","0","0","0","0","0","0","0","0","0","0","0","0","0","0"
"0x72292f770b10","      ULOP3.LUT UR5, UR6, 0x80, URZ, 0xc0, !UPT","0","0","0","256","8192","8192","32","32","0","0","-","-","-","0","0","0","0","0","0","0","0","0","0","0","0","0","0","0","0","0","0","0","0","0","0","0","0","0","0","0","0","0","0","0","0","0","0","0","0","0","0","0","0","0","0"
"0x72292f770b20","      LDGSTS.E.BYPASS.LTC128B.128 P0, [R2+0x80], [R16.64]","0","0","0","256","8192","8192","32","32","0","0","Global,Shared","Load,Store","128","2048","4","0","1024","1024","0","4096","4096","0","0","0","0","0","0","0","0","0","0","0","0","0","0","0","0","0","0","0","0","0","0","0","0","0","0","0","0","0","0","0","0","0","0"
"0x72292f770b30","      ULEA.HI UR5, UR5, UR6, URZ, 0x19","0","0","0","256","8192","8192","32","32","0","0","-","-","-","0","0","0","0","0","0","0","0","0","0","0","0","0","0","0","0","0","0","0","0","0","0","0","0","0","0","0","0","0","0","0","0","0","0","0","0","0","0","0","0","0","0"
"0x72292f770b40","      LDGSTS.E.BYPASS.LTC128B.128 P1, [R5+0x80], [R16.64+UR18]","0","0","0","256","8192","8192","32","32","0","0","Global,Shared","Load,Store","128","2048","8","1024","2048","1024","0","4096","4096","0","0","0","0","0","0","0","0","0","0","0","0","0","0","0","0","0","0","0","0","0","0","0","0","0","0","0","0","0","0","0","0","0","0"
"0x72292f770b50","      R2P PR, R6, 0x3","0","0","0","256","8192","8192","32","32","0","0","-","-","-","0","0","0","0","0","0","0","0","0","0","0","0","0","0","0","0","0","0","0","0","0","0","0","0","0","0","0","0","0","0","0","0","0","0","0","0","0","0","0","0","0","0"
"0x72292f770b60","      ISETP.GE.U32.AND P2, PT, R7, 0x20, PT","0","0","0","256","8192","8192","32","32","0","0","-","-","-","0","0","0","0","0","0","0","0","0","0","0","0","0","0","0","0","0","0","0","0","0","0","0","0","0","0","0","0","0","0","0","0","0","0","0","0","0","0","0","0","0","0"
"0x72292f770b70","      IADD3 R7, PT, PT, R4, -0x41, RZ","0","0","0","256","8192","8192","32","32","0","0","-","-","-","0","0","0","0","0","0","0","0","0","0","0","0","0","0","0","0","0","0","0","0","0","0","0","0","0","0","0","0","0","0","0","0","0","0","0","0","0","0","0","0","0","0"
"0x72292f770b80","      ULOP3.LUT UR4, UR5, 0xfe, URZ, 0xc0, !UPT","0","0","0","256","8192","8192","32","32","0","0","-","-","-","0","0","0","0","0","0","0","0","0","0","0","0","0","0","0","0","0","0","0","0","0","0","0","0","0","0","0","0","0","0","0","0","0","0","0","0","0","0","0","0","0","0"
"0x72292f770b90","      SEL R0, R0, RZ, P2","0","0","0","256","8192","8192","32","32","0","0","-","-","-","0","0","0","0","0","0","0","0","0","0","0","0","0","0","0","0","0","0","0","0","0","0","0","0","0","0","0","0","0","0","0","0","0","0","0","0","0","0","0","0","0","0"
"0x72292f770ba0","      SEL R6, R6, RZ, P2","0","0","0","256","8192","8192","32","32","0","0","-","-","-","0","0","0","0","0","0","0","0","0","0","0","0","0","0","0","0","0","0","0","0","0","0","0","0","0","0","0","0","0","0","0","0","0","0","0","0","0","0","0","0","0","0"
"0x72292f770bb0","      LDGSTS.E.BYPASS.LTC128B.128 P0, [R2+0x6080], [R12.64]","0","0","0","256","8192","8192","32","32","0","0","Global,Shared","Load,Store","128","2048","4","0","1024","1024","0","4096","4096","0","0","0","0","0","0","0","0","0","0","0","0","0","0","0","0","0","0","0","0","0","0","0","0","0","0","0","0","0","0","0","0","0","0"
"0x72292f770bc0","      LDGSTS.E.BYPASS.LTC128B.128 P1, [R5+0x6080], [R12.64+UR16]","0","0","0","256","8192","8192","32","32","0","0","Global,Shared","Load,Store","128","2048","8","1024","2048","1024","0","4096","4096","0","0","0","0","0","0","0","0","0","0","0","0","0","0","0","0","0","0","0","0","0","0","0","0","0","0","0","0","0","0","0","0","0","0"
"0x72292f770bd0","      R2P PR, R0, 0x3","0","0","0","256","8192","8192","32","32","0","0","-","-","-","0","0","0","0","0","0","0","0","0","0","0","0","0","0","0","0","0","0","0","0","0","0","0","0","0","0","0","0","0","0","0","0","0","0","0","0","0","0","0","0","0","0"
"0x72292f770be0","      LDGDEPBAR","0","0","0","256","8192","8192","32","32","0","0","-","-","-","0","0","0","0","0","0","0","0","0","0","0","0","0","0","0","0","0","0","0","0","0","0","0","0","0","0","0","0","0","0","0","0","0","0","0","0","0","0","0","0","0","0"
"0x72292f770bf0","      LDGSTS.E.BYPASS.LTC128B.128 P0, [R2+0x100], [R14.64+UR10]","0","0","0","256","8192","8192","32","32","0","0","Global,Shared","Load,Store","128","2048","4","0","1024","1024","0","4096","4096","0","0","0","0","0","0","0","0","0","0","0","0","0","0","0","0","0","0","0","0","0","0","0","0","0","0","0","0","0","0","0","0","0","0"
"0x72292f770c00","      LDGSTS.E.BYPASS.LTC128B.128 P1, [R5+0x100], [R10.64+UR18]","0","0","0","256","8192","8192","32","32","0","0","Global,Shared","Load,Store","128","2048","8","1024","2048","1024","0","4096","4096","0","0","0","0","0","0","0","0","0","0","0","0","0","0","0","0","0","0","0","0","0","0","0","0","0","0","0","0","0","0","0","0","0","0"
"0x72292f770c10","      R2P PR, R6, 0x3","0","0","0","256","8192","8192","32","32","0","0","-","-","-","0","0","0","0","0","0","0","0","0","0","0","0","0","0","0","0","0","0","0","0","0","0","0","0","0","0","0","0","0","0","0","0","0","0","0","0","0","0","0","0","0","0"
"0x72292f770c20","      ISETP.GE.U32.AND P2, PT, R7, 0x20, PT","0","0","0","256","8192","8192","32","32","0","0","-","-","-","0","0","0","0","0","0","0","0","0","0","0","0","0","0","0","0","0","0","0","0","0","0","0","0","0","0","0","0","0","0","0","0","0","0","0","0","0","0","0","0","0","0"
"0x72292f770c30","      MOV R7, UR5","0","0","0","256","8192","8192","32","32","0","0","-","-","-","0","0","0","0","0","0","0","0","0","0","0","0","0","0","0","0","0","0","0","0","0","0","0","0","0","0","0","0","0","0","0","0","0","0","0","0","0","0","0","0","0","0"
"0x72292f770c40","      USHF.L.U32 UR5, UR15, 0x3, URZ","0","0","0","256","8192","8192","32","32","0","0","-","-","-","0","0","0","0","0","0","0","0","0","0","0","0","0","0","0","0","0","0","0","0","0","0","0","0","0","0","0","0","0","0","0","0","0","0","0","0","0","0","0","0","0","0"
"0x72292f770c50","      SEL R72, R0, RZ, P2","0","0","0","256","8192","8192","32","32","0","0","-","-","-","0","0","0","0","0","0","0","0","0","0","0","0","0","0","0","0","0","0","0","0","0","0","0","0","0","0","0","0","0","0","0","0","0","0","0","0","0","0","0","0","0","0"
"0x72292f770c60","      IADD.64 R12, R12, UR16","0","0","0","256","8192","8192","32","32","0","0","-","-","-","0","0","0","0","0","0","0","0","0","0","0","0","0","0","0","0","0","0","0","0","0","0","0","0","0","0","0","0","0","0","0","0","0","0","0","0","0","0","0","0","0","0"
"0x72292f770c70","      SEL R73, R6, RZ, P2","0","0","0","256","8192","8192","32","32","0","0","-","-","-","0","0","0","0","0","0","0","0","0","0","0","0","0","0","0","0","0","0","0","0","0","0","0","0","0","0","0","0","0","0","0","0","0","0","0","0","0","0","0","0","0","0"
"0x72292f770c80","      IADD3 R6, PT, PT, R4, -0x61, RZ","0","0","0","256","8192","8192","32","32","0","0","-","-","-","0","0","0","0","0","0","0","0","0","0","0","0","0","0","0","0","0","0","0","0","0","0","0","0","0","0","0","0","0","0","0","0","0","0","0","0","0","0","0","0","0","0"
"0x72292f770c90","      IADD.64 R8, R12, UR8","0","0","0","256","8192","8192","32","32","0","0","-","-","-","0","0","0","0","0","0","0","0","0","0","0","0","0","0","0","0","0","0","0","0","0","0","0","0","0","0","0","0","0","0","0","0","0","0","0","0","0","0","0","0","0","0"
"0x72292f770ca0","      LDGSTS.E.BYPASS.LTC128B.128 P0, [R2+0x6100], [R12.64+UR8]","0","0","0","256","8192","8192","32","32","0","0","Global,Shared","Load,Store","128","2048","4","0","1024","1024","0","4096","4096","0","0","0","0","0","0","0","0","0","0","0","0","0","0","0","0","0","0","0","0","0","0","0","0","0","0","0","0","0","0","0","0","0","0"
"0x72292f770cb0","      IADD3 R0, PT, PT, RZ, -UR4, RZ","0","0","0","256","8192","8192","32","32","0","0","-","-","-","0","0","0","0","0","0","0","0","0","0","0","0","0","0","0","0","0","0","0","0","0","0","0","0","0","0","0","0","0","0","0","0","0","0","0","0","0","0","0","0","0","0"
"0x72292f770cc0","      IADD.64 R16, R8, UR16","0","0","0","256","8192","8192","32","32","0","0","-","-","-","0","0","0","0","0","0","0","0","0","0","0","0","0","0","0","0","0","0","0","0","0","0","0","0","0","0","0","0","0","0","0","0","0","0","0","0","0","0","0","0","0","0"
"0x72292f770cd0","      LDGSTS.E.BYPASS.LTC128B.128 P1, [R5+0x6100], [R8.64+UR16]","0","0","0","256","8192","8192","32","32","0","0","Global,Shared","Load,Store","128","2048","8","1024","2048","1024","0","4096","4096","0","0","0","0","0","0","0","0","0","0","0","0","0","0","0","0","0","0","0","0","0","0","0","0","0","0","0","0","0","0","0","0","0","0"
"0x72292f770ce0","      R2P PR, R72, 0x3","0","0","0","256","8192","8192","32","32","0","0","-","-","-","0","0","0","0","0","0","0","0","0","0","0","0","0","0","0","0","0","0","0","0","0","0","0","0","0","0","0","0","0","0","0","0","0","0","0","0","0","0","0","0","0","0"
"0x72292f770cf0","      PRMT R0, R0, 0x7710, RZ","0","0","0","256","8192","8192","32","32","0","0","-","-","-","0","0","0","0","0","0","0","0","0","0","0","0","0","0","0","0","0","0","0","0","0","0","0","0","0","0","0","0","0","0","0","0","0","0","0","0","0","0","0","0","0","0"
"0x72292f770d00","      LDGDEPBAR","0","0","0","256","8192","8192","32","32","0","0","-","-","-","0","0","0","0","0","0","0","0","0","0","0","0","0","0","0","0","0","0","0","0","0","0","0","0","0","0","0","0","0","0","0","0","0","0","0","0","0","0","0","0","0","0"
"0x72292f770d10","      PRMT R7, R7, 0x8880, RZ","0","0","0","256","8192","8192","32","32","0","0","-","-","-","0","0","0","0","0","0","0","0","0","0","0","0","0","0","0","0","0","0","0","0","0","0","0","0","0","0","0","0","0","0","0","0","0","0","0","0","0","0","0","0","0","0"
"0x72292f770d20","      R2UR UR4, R0","0","0","0","256","8192","8192","32","32","0","0","-","-","-","0","0","0","0","0","0","0","0","0","0","0","0","0","0","0","0","0","0","0","0","0","0","0","0","0","0","0","0","0","0","0","0","0","0","0","0","0","0","0","0","0","0"
"0x72292f770d30","      IADD.64 R10, R10, UR18","0","0","0","256","8192","8192","32","32","0","0","-","-","-","0","0","0","0","0","0","0","0","0","0","0","0","0","0","0","0","0","0","0","0","0","0","0","0","0","0","0","0","0","0","0","0","0","0","0","0","0","0","0","0","0","0"
"0x72292f770d40","      IADD3 R4, PT, PT, R4, 0x1f, RZ","0","0","0","256","8192","8192","32","32","0","0","-","-","-","0","0","0","0","0","0","0","0","0","0","0","0","0","0","0","0","0","0","0","0","0","0","0","0","0","0","0","0","0","0","0","0","0","0","0","0","0","0","0","0","0","0"
"0x72292f770d50","      SHF.R.S32.HI R7, RZ, 0x1, R7","0","0","0","256","8192","8192","32","32","0","0","-","-","-","0","0","0","0","0","0","0","0","0","0","0","0","0","0","0","0","0","0","0","0","0","0","0","0","0","0","0","0","0","0","0","0","0","0","0","0","0","0","0","0","0","0"
"0x72292f770d60","      IADD.64 R14, R10, UR10","0","0","0","256","8192","8192","32","32","0","0","-","-","-","0","0","0","0","0","0","0","0","0","0","0","0","0","0","0","0","0","0","0","0","0","0","0","0","0","0","0","0","0","0","0","0","0","0","0","0","0","0","0","0","0","0"
"0x72292f770d70","      LDGSTS.E.BYPASS.LTC128B.128 P0, [R2+0x180], [R10.64+UR10]","0","0","0","256","8192","8192","32","32","0","0","Global,Shared","Load,Store","128","2048","4","0","1024","1024","0","4096","4096","0","0","0","0","0","0","0","0","0","0","0","0","0","0","0","0","0","0","0","0","0","0","0","0","0","0","0","0","0","0","0","0","0","0"
"0x72292f770d80","      PRMT R7, R7, 0x9910, RZ","0","0","0","256","8192","8192","32","32","0","0","-","-","-","0","0","0","0","0","0","0","0","0","0","0","0","0","0","0","0","0","0","0","0","0","0","0","0","0","0","0","0","0","0","0","0","0","0","0","0","0","0","0","0","0","0"
"0x72292f770d90","      SHF.R.U32.HI R0, RZ, 0x1, R70","0","0","0","256","8192","8192","32","32","0","0","-","-","-","0","0","0","0","0","0","0","0","0","0","0","0","0","0","0","0","0","0","0","0","0","0","0","0","0","0","0","0","0","0","0","0","0","0","0","0","0","0","0","0","0","0"
"0x72292f770da0","      LDGSTS.E.BYPASS.LTC128B.128 P1, [R5+0x180], [R14.64+UR18]","0","0","0","256","8192","8192","32","32","0","0","Global,Shared","Load,Store","128","2048","8","1024","2048","1024","0","4096","4096","0","0","0","0","0","0","0","0","0","0","0","0","0","0","0","0","0","0","0","0","0","0","0","0","0","0","0","0","0","0","0","0","0","0"
"0x72292f770db0","      R2P PR, R73, 0x3","0","0","0","256","8192","8192","32","32","0","0","-","-","-","0","0","0","0","0","0","0","0","0","0","0","0","0","0","0","0","0","0","0","0","0","0","0","0","0","0","0","0","0","0","0","0","0","0","0","0","0","0","0","0","0","0"
"0x72292f770dc0","      ISETP.GE.U32.AND P2, PT, R6, 0x20, PT","0","0","0","256","8192","8192","32","32","0","0","-","-","-","0","0","0","0","0","0","0","0","0","0","0","0","0","0","0","0","0","0","0","0","0","0","0","0","0","0","0","0","0","0","0","0","0","0","0","0","0","0","0","0","0","0"
"0x72292f770dd0","      LOP3.LUT R6, R70, 0x7, RZ, 0xc0, !PT","0","0","0","256","8192","8192","32","32","0","0","-","-","-","0","0","0","0","0","0","0","0","0","0","0","0","0","0","0","0","0","0","0","0","0","0","0","0","0","0","0","0","0","0","0","0","0","0","0","0","0","0","0","0","0","0"
"0x72292f770de0","      R2UR UR13, R7","0","0","0","256","8192","8192","32","32","0","0","-","-","-","0","0","0","0","0","0","0","0","0","0","0","0","0","0","0","0","0","0","0","0","0","0","0","0","0","0","0","0","0","0","0","0","0","0","0","0","0","0","0","0","0","0"
"0x72292f770df0","      SEL R72, R72, RZ, P2","0","0","0","256","8192","8192","32","32","0","0","-","-","-","0","0","0","0","0","0","0","0","0","0","0","0","0","0","0","0","0","0","0","0","0","0","0","0","0","0","0","0","0","0","0","0","0","0","0","0","0","0","0","0","0","0"
"0x72292f770e00","      SEL R73, R73, RZ, P2","0","0","0","256","8192","8192","32","32","0","0","-","-","-","0","0","0","0","0","0","0","0","0","0","0","0","0","0","0","0","0","0","0","0","0","0","0","0","0","0","0","0","0","0","0","0","0","0","0","0","0","0","0","0","0","0"
"0x72292f770e10","      MOV R8, UR4","0","0","0","256","8192","8192","32","32","0","0","-","-","-","0","0","0","0","0","0","0","0","0","0","0","0","0","0","0","0","0","0","0","0","0","0","0","0","0","0","0","0","0","0","0","0","0","0","0","0","0","0","0","0","0","0"
"0x72292f770e20","      SHF.R.U32.HI R9, RZ, 0x3, R70","0","0","0","256","8192","8192","32","32","0","0","-","-","-","0","0","0","0","0","0","0","0","0","0","0","0","0","0","0","0","0","0","0","0","0","0","0","0","0","0","0","0","0","0","0","0","0","0","0","0","0","0","0","0","0","0"
"0x72292f770e30","      SHF.R.U32.HI R6, RZ, 0x1, R6","0","0","0","256","8192","8192","32","32","0","0","-","-","-","0","0","0","0","0","0","0","0","0","0","0","0","0","0","0","0","0","0","0","0","0","0","0","0","0","0","0","0","0","0","0","0","0","0","0","0","0","0","0","0","0","0"
"0x72292f770e40","      LDGSTS.E.BYPASS.LTC128B.128 P0, [R2+0x6180], [R16.64+UR8]","0","0","0","256","8192","8192","32","32","0","0","Global,Shared","Load,Store","128","2048","4","0","1024","1024","0","4096","4096","0","0","0","0","0","0","0","0","0","0","0","0","0","0","0","0","0","0","0","0","0","0","0","0","0","0","0","0","0","0","0","0","0","0"
"0x72292f770e50","      PRMT R8, R8, 0x7710, RZ","0","0","0","256","8192","8192","32","32","0","0","-","-","-","0","0","0","0","0","0","0","0","0","0","0","0","0","0","0","0","0","0","0","0","0","0","0","0","0","0","0","0","0","0","0","0","0","0","0","0","0","0","0","0","0","0"
"0x72292f770e60","      LOP3.LUT R13, R70, 0x1f, RZ, 0xc0, !PT","0","0","0","256","8192","8192","32","32","0","0","-","-","-","0","0","0","0","0","0","0","0","0","0","0","0","0","0","0","0","0","0","0","0","0","0","0","0","0","0","0","0","0","0","0","0","0","0","0","0","0","0","0","0","0","0"
"0x72292f770e70","      LOP3.LUT R6, R6, 0x1, R9, 0x78, !PT","0","0","0","256","8192","8192","32","32","0","0","-","-","-","0","0","0","0","0","0","0","0","0","0","0","0","0","0","0","0","0","0","0","0","0","0","0","0","0","0","0","0","0","0","0","0","0","0","0","0","0","0","0","0","0","0"
"0x72292f770e80","      IMAD.SHL.U32 R9, R70, 0x4, RZ","0","0","0","256","8192","8192","32","32","0","0","-","-","-","0","0","0","0","0","0","0","0","0","0","0","0","0","0","0","0","0","0","0","0","0","0","0","0","0","0","0","0","0","0","0","0","0","0","0","0","0","0","0","0","0","0"
"0x72292f770e90","      IADD3 R8, PT, PT, R8, UR6, RZ","0","0","0","256","8192","8192","32","32","0","0","-","-","-","0","0","0","0","0","0","0","0","0","0","0","0","0","0","0","0","0","0","0","0","0","0","0","0","0","0","0","0","0","0","0","0","0","0","0","0","0","0","0","0","0","0"
"0x72292f770ea0","      SHF.R.U32.HI R13, RZ, 0x4, R13","0","0","0","256","8192","8192","32","32","0","0","-","-","-","0","0","0","0","0","0","0","0","0","0","0","0","0","0","0","0","0","0","0","0","0","0","0","0","0","0","0","0","0","0","0","0","0","0","0","0","0","0","0","0","0","0"
"0x72292f770eb0","      IADD.64 R10, R16, UR8","0","0","0","256","8192","8192","32","32","0","0","-","-","-","0","0","0","0","0","0","0","0","0","0","0","0","0","0","0","0","0","0","0","0","0","0","0","0","0","0","0","0","0","0","0","0","0","0","0","0","0","0","0","0","0","0"
"0x72292f770ec0","      UIMAD UR4, UR13, 0x300, UR5","0","0","0","256","8192","8192","32","32","0","0","-","-","-","0","0","0","0","0","0","0","0","0","0","0","0","0","0","0","0","0","0","0","0","0","0","0","0","0","0","0","0","0","0","0","0","0","0","0","0","0","0","0","0","0","0"
"0x72292f770ed0","      LOP3.LUT R8, R8, 0xffff, RZ, 0xc0, !PT","0","0","0","256","8192","8192","32","32","0","0","-","-","-","0","0","0","0","0","0","0","0","0","0","0","0","0","0","0","0","0","0","0","0","0","0","0","0","0","0","0","0","0","0","0","0","0","0","0","0","0","0","0","0","0","0"
"0x72292f770ee0","      IADD.64 R14, R14, UR18","0","0","0","256","8192","8192","32","32","0","0","-","-","-","0","0","0","0","0","0","0","0","0","0","0","0","0","0","0","0","0","0","0","0","0","0","0","0","0","0","0","0","0","0","0","0","0","0","0","0","0","0","0","0","0","0"
"0x72292f770ef0","      LDGSTS.E.BYPASS.LTC128B.128 P1, [R5+0x6180], [R10.64+UR16]","0","0","0","256","8192","8192","32","32","0","0","Global,Shared","Load,Store","128","2048","8","1024","2048","1024","0","4096","4096","0","0","0","0","0","0","0","0","0","0","0","0","0","0","0","0","0","0","0","0","0","0","0","0","0","0","0","0","0","0","0","0","0","0"
"0x72292f770f00","      R2P PR, R72, 0x3","0","0","0","256","8192","8192","32","32","0","0","-","-","-","0","0","0","0","0","0","0","0","0","0","0","0","0","0","0","0","0","0","0","0","0","0","0","0","0","0","0","0","0","0","0","0","0","0","0","0","0","0","0","0","0","0"
"0x72292f770f10","      IADD.64 R76, R14, UR10","0","0","0","256","8192","8192","32","32","0","0","-","-","-","0","0","0","0","0","0","0","0","0","0","0","0","0","0","0","0","0","0","0","0","0","0","0","0","0","0","0","0","0","0","0","0","0","0","0","0","0","0","0","0","0","0"
"0x72292f770f20","      LDGDEPBAR","0","0","0","256","8192","8192","32","32","0","0","-","-","-","0","0","0","0","0","0","0","0","0","0","0","0","0","0","0","0","0","0","0","0","0","0","0","0","0","0","0","0","0","0","0","0","0","0","0","0","0","0","0","0","0","0"
"0x72292f770f30","      PRMT R8, R8, 0x8880, RZ","0","0","0","256","8192","8192","32","32","0","0","-","-","-","0","0","0","0","0","0","0","0","0","0","0","0","0","0","0","0","0","0","0","0","0","0","0","0","0","0","0","0","0","0","0","0","0","0","0","0","0","0","0","0","0","0"
"0x72292f770f40","      ULEA UR4, UR4, UR7, 0x4","0","0","0","256","8192","8192","32","32","0","0","-","-","-","0","0","0","0","0","0","0","0","0","0","0","0","0","0","0","0","0","0","0","0","0","0","0","0","0","0","0","0","0","0","0","0","0","0","0","0","0","0","0","0","0","0"
"0x72292f770f50","      LOP3.LUT R7, R0, 0x8, RZ, 0xc0, !PT","0","0","0","256","8192","8192","32","32","0","0","-","-","-","0","0","0","0","0","0","0","0","0","0","0","0","0","0","0","0","0","0","0","0","0","0","0","0","0","0","0","0","0","0","0","0","0","0","0","0","0","0","0","0","0","0"
"0x72292f770f60","      R2UR UR14, R8","0","0","0","256","8192","8192","32","32","0","0","-","-","-","0","0","0","0","0","0","0","0","0","0","0","0","0","0","0","0","0","0","0","0","0","0","0","0","0","0","0","0","0","0","0","0","0","0","0","0","0","0","0","0","0","0"
"0x72292f770f70","      LOP3.LUT R9, R9, 0x4, RZ, 0xc0, !PT","0","0","0","256","8192","8192","32","32","0","0","-","-","-","0","0","0","0","0","0","0","0","0","0","0","0","0","0","0","0","0","0","0","0","0","0","0","0","0","0","0","0","0","0","0","0","0","0","0","0","0","0","0","0","0","0"
"0x72292f770f80","      CS2R R16, SRZ","0","0","0","256","8192","8192","32","32","0","0","-","-","-","0","0","0","0","0","0","0","0","0","0","0","0","0","0","0","0","0","0","0","0","0","0","0","0","0","0","0","0","0","0","0","0","0","0","0","0","0","0","0","0","0","0"
"0x72292f770f90","      LOP3.LUT R68, R13, 0x3, R0, 0x78, !PT","0","0","0","256","8192","8192","32","32","0","0","-","-","-","0","0","0","0","0","0","0","0","0","0","0","0","0","0","0","0","0","0","0","0","0","0","0","0","0","0","0","0","0","0","0","0","0","0","0","0","0","0","0","0","0","0"
"0x72292f770fa0","      LDGSTS.E.BYPASS.LTC128B.128 P0, [R2+0x200], [R14.64+UR10]","0","0","0","256","8192","8192","32","32","0","0","Global,Shared","Load,Store","128","2048","4","0","1024","1024","0","4096","4096","0","0","0","0","0","0","0","0","0","0","0","0","0","0","0","0","0","0","0","0","0","0","0","0","0","0","0","0","0","0","0","0","0","0"
"0x72292f770fb0","      LOP3.LUT R7, R7, 0x7, R70, 0xf8, !PT","0","0","0","256","8192","8192","32","32","0","0","-","-","-","0","0","0","0","0","0","0","0","0","0","0","0","0","0","0","0","0","0","0","0","0","0","0","0","0","0","0","0","0","0","0","0","0","0","0","0","0","0","0","0","0","0"
"0x72292f770fc0","      LOP3.LUT R68, R68, R9, RZ, 0xfc, !PT","0","0","0","256","8192","8192","32","32","0","0","-","-","-","0","0","0","0","0","0","0","0","0","0","0","0","0","0","0","0","0","0","0","0","0","0","0","0","0","0","0","0","0","0","0","0","0","0","0","0","0","0","0","0","0","0"
"0x72292f770fd0","      LDGSTS.E.BYPASS.LTC128B.128 P1, [R5+0x200], [R76.64+UR18]","0","0","0","256","8192","8192","32","32","0","0","Global,Shared","Load,Store","128","2048","8","1024","2048","1024","0","4096","4096","0","0","0","0","0","0","0","0","0","0","0","0","0","0","0","0","0","0","0","0","0","0","0","0","0","0","0","0","0","0","0","0","0","0"
"0x72292f770fe0","      R2P PR, R73, 0x3","0","0","0","256","8192","8192","32","32","0","0","-","-","-","0","0","0","0","0","0","0","0","0","0","0","0","0","0","0","0","0","0","0","0","0","0","0","0","0","0","0","0","0","0","0","0","0","0","0","0","0","0","0","0","0","0"
"0x72292f770ff0","      LOP3.LUT R6, R6, R9, RZ, 0xfc, !PT","0","0","0","256","8192","8192","32","32","0","0","-","-","-","0","0","0","0","0","0","0","0","0","0","0","0","0","0","0","0","0","0","0","0","0","0","0","0","0","0","0","0","0","0","0","0","0","0","0","0","0","0","0","0","0","0"
"0x72292f771000","      UIMAD UR5, UR14, 0x300, UR5","0","0","0","256","8192","8192","32","32","0","0","-","-","-","0","0","0","0","0","0","0","0","0","0","0","0","0","0","0","0","0","0","0","0","0","0","0","0","0","0","0","0","0","0","0","0","0","0","0","0","0","0","0","0","0","0"
"0x72292f771010","      LOP3.LUT R9, R0, 0x7, RZ, 0xc0, !PT","0","0","0","256","8192","8192","32","32","0","0","-","-","-","0","0","0","0","0","0","0","0","0","0","0","0","0","0","0","0","0","0","0","0","0","0","0","0","0","0","0","0","0","0","0","0","0","0","0","0","0","0","0","0","0","0"
"0x72292f771020","      SHF.R.U32.HI R7, RZ, 0x1, R7","0","0","0","256","8192","8192","32","32","0","0","-","-","-","0","0","0","0","0","0","0","0","0","0","0","0","0","0","0","0","0","0","0","0","0","0","0","0","0","0","0","0","0","0","0","0","0","0","0","0","0","0","0","0","0","0"
"0x72292f771030","      ULEA UR5, UR5, UR7, 0x4","0","0","0","256","8192","8192","32","32","0","0","-","-","-","0","0","0","0","0","0","0","0","0","0","0","0","0","0","0","0","0","0","0","0","0","0","0","0","0","0","0","0","0","0","0","0","0","0","0","0","0","0","0","0","0","0"
"0x72292f771040","      IADD.64 R10, R10, UR16","0","0","0","256","8192","8192","32","32","0","0","-","-","-","0","0","0","0","0","0","0","0","0","0","0","0","0","0","0","0","0","0","0","0","0","0","0","0","0","0","0","0","0","0","0","0","0","0","0","0","0","0","0","0","0","0"
"0x72292f771050","      IMAD R68, R9, 0x30, R68","0","0","0","256","8192","8192","32","32","0","0","-","-","-","0","0","0","0","0","0","0","0","0","0","0","0","0","0","0","0","0","0","0","0","0","0","0","0","0","0","0","0","0","0","0","0","0","0","0","0","0","0","0","0","0","0"
"0x72292f771060","      SHF.R.S32.HI R13, RZ, 0x1f, R4","0","0","0","256","8192","8192","32","32","0","0","-","-","-","0","0","0","0","0","0","0","0","0","0","0","0","0","0","0","0","0","0","0","0","0","0","0","0","0","0","0","0","0","0","0","0","0","0","0","0","0","0","0","0","0","0"
"0x72292f771070","      IADD.64 R78, R10, UR8","0","0","0","256","8192","8192","32","32","0","0","-","-","-","0","0","0","0","0","0","0","0","0","0","0","0","0","0","0","0","0","0","0","0","0","0","0","0","0","0","0","0","0","0","0","0","0","0","0","0","0","0","0","0","0","0"
"0x72292f771080","      LDGSTS.E.BYPASS.LTC128B.128 P0, [R2+0x6200], [R10.64+UR8]","0","0","0","256","8192","8192","32","32","0","0","Global,Shared","Load,Store","128","2048","4","0","1024","1024","0","4096","4096","0","0","0","0","0","0","0","0","0","0","0","0","0","0","0","0","0","0","0","0","0","0","0","0","0","0","0","0","0","0","0","0","0","0"
"0x72292f771090","      ISETP.GE.AND P0, PT, R4, 0x20, PT","0","0","0","256","8192","8192","32","32","0","0","-","-","-","0","0","0","0","0","0","0","0","0","0","0","0","0","0","0","0","0","0","0","0","0","0","0","0","0","0","0","0","0","0","0","0","0","0","0","0","0","0","0","0","0","0"
"0x72292f7710a0","      LEA.HI R74, R13, R4, RZ, 0x5","0","0","0","256","8192","8192","32","32","0","0","-","-","-","0","0","0","0","0","0","0","0","0","0","0","0","0","0","0","0","0","0","0","0","0","0","0","0","0","0","0","0","0","0","0","0","0","0","0","0","0","0","0","0","0","0"
"0x72292f7710b0","      CS2R R12, SRZ","0","0","0","256","8192","8192","32","32","0","0","-","-","-","0","0","0","0","0","0","0","0","0","0","0","0","0","0","0","0","0","0","0","0","0","0","0","0","0","0","0","0","0","0","0","0","0","0","0","0","0","0","0","0","0","0"
"0x72292f7710c0","      LDGSTS.E.BYPASS.LTC128B.128 P1, [R5+0x6200], [R78.64+UR16]","0","0","0","256","8192","8192","32","32","0","0","Global,Shared","Load,Store","128","2048","8","1024","2048","1024","0","4096","4096","0","0","0","0","0","0","0","0","0","0","0","0","0","0","0","0","0","0","0","0","0","0","0","0","0","0","0","0","0","0","0","0","0","0"
"0x72292f7710d0","      CS2R R8, SRZ","0","0","0","256","8192","8192","32","32","0","0","-","-","-","0","0","0","0","0","0","0","0","0","0","0","0","0","0","0","0","0","0","0","0","0","0","0","0","0","0","0","0","0","0","0","0","0","0","0","0","0","0","0","0","0","0"
"0x72292f7710e0","      LEA.HI.SX32 R74, R74, 0xfffffffb, 0x1b","0","0","0","256","8192","8192","32","32","0","0","-","-","-","0","0","0","0","0","0","0","0","0","0","0","0","0","0","0","0","0","0","0","0","0","0","0","0","0","0","0","0","0","0","0","0","0","0","0","0","0","0","0","0","0","0"
"0x72292f7710f0","      LDGDEPBAR","0","0","0","256","8192","8192","32","32","0","0","-","-","-","0","0","0","0","0","0","0","0","0","0","0","0","0","0","0","0","0","0","0","0","0","0","0","0","0","0","0","0","0","0","0","0","0","0","0","0","0","0","0","0","0","0"
"0x72292f771100","      CS2R R14, SRZ","0","0","0","256","8192","8192","32","32","0","0","-","-","-","0","0","0","0","0","0","0","0","0","0","0","0","0","0","0","0","0","0","0","0","0","0","0","0","0","0","0","0","0","0","0","0","0","0","0","0","0","0","0","0","0","0"
"0x72292f771110","      IADD.64 R76, R76, UR18","0","0","0","256","8192","8192","32","32","0","0","-","-","-","0","0","0","0","0","0","0","0","0","0","0","0","0","0","0","0","0","0","0","0","0","0","0","0","0","0","0","0","0","0","0","0","0","0","0","0","0","0","0","0","0","0"
"0x72292f771120","      IMAD R2, R7, 0x30, R6","0","0","0","256","8192","8192","32","32","0","0","-","-","-","0","0","0","0","0","0","0","0","0","0","0","0","0","0","0","0","0","0","0","0","0","0","0","0","0","0","0","0","0","0","0","0","0","0","0","0","0","0","0","0","0","0"
"0x72292f771130","      CS2R R10, SRZ","0","0","0","256","8192","8192","32","32","0","0","-","-","-","0","0","0","0","0","0","0","0","0","0","0","0","0","0","0","0","0","0","0","0","0","0","0","0","0","0","0","0","0","0","0","0","0","0","0","0","0","0","0","0","0","0"
"0x72292f771140","      CS2R R6, SRZ","0","0","0","256","8192","8192","32","32","0","0","-","-","-","0","0","0","0","0","0","0","0","0","0","0","0","0","0","0","0","0","0","0","0","0","0","0","0","0","0","0","0","0","0","0","0","0","0","0","0","0","0","0","0","0","0"
"0x72292f771150","      LEA R5, R68, UR5, 0x4","1","1","1","256","8192","8192","32","32","0","0","-","-","-","0","0","0","0","0","0","0","0","0","0","0","0","0","1","0","0","0","0","0","0","0","0","0","0","0","0","0","0","0","0","1","0","0","0","0","0","0","0","0","0","0","0"
"0x72292f771160","      DEPBAR.LE SB0, 0x4","0","0","0","256","8192","8192","32","32","0","0","-","-","-","0","0","0","0","0","0","0","0","0","0","0","0","0","0","0","0","0","0","0","0","0","0","0","0","0","0","0","0","0","0","0","0","0","0","0","0","0","0","0","0","0","0"
"0x72292f771170","      BAR.SYNC.DEFER_BLOCKING 0x0","27","27","27","256","8192","8192","32","32","0","0","-","-","-","0","0","0","0","0","0","0","0","0","0","0","0","0","27","0","0","0","0","0","0","0","0","0","0","0","0","0","0","0","0","27","0","0","0","0","0","0","0","0","0","0","0"
"0x72292f771180","      LEA R4, R2, UR4, 0x4","0","0","0","256","8192","8192","32","32","0","0","-","-","-","0","0","0","0","0","0","0","0","0","0","0","0","0","0","0","0","0","0","0","0","0","0","0","0","0","0","0","0","0","0","0","0","0","0","0","0","0","0","0","0","0","0"
"0x72292f771190","      IADD.64 R78, R78, UR16","0","0","0","256","8192","8192","32","32","0","0","-","-","-","0","0","0","0","0","0","0","0","0","0","0","0","0","0","0","0","0","0","0","0","0","0","0","0","0","0","0","0","0","0","0","0","0","0","0","0","0","0","0","0","0","0"
"0x72292f7711a0","      LDSM.16.M88.4 R36, [R5]","4","4","4","256","8192","8192","32","32","0","0","Shared","Load","128","0","4","0","1024","1024","0","0","0","4","0","0","0","0","0","0","0","0","0","0","0","0","0","0","0","0","4","0","0","0","0","0","0","0","0","0","0","0","0","0","0","0","0"
"0x72292f7711b0","      LDSM.16.M88.4 R48, [R5+0x1800]","0","0","0","256","8192","8192","32","32","0","0","Shared","Load","128","0","4","0","1024","1024","0","0","0","0","0","0","0","0","0","0","0","0","0","0","0","0","0","0","0","0","0","0","0","0","0","0","0","0","0","0","0","0","0","0","0","0","0"
"0x72292f7711c0","      LDSM.16.M88.4 R40, [R4+0x6000]","0","0","0","256","8192","8192","32","32","0","0","Shared","Load","128","0","4","0","1024","1024","0","0","0","0","0","0","0","0","0","0","0","0","0","0","0","0","0","0","0","0","0","0","0","0","0","0","0","0","0","0","0","0","0","0","0","0","0"
"0x72292f7711d0","      LDSM.16.M88.4 R44, [R4+0x7800]","0","0","0","256","8192","8192","32","32","0","0","Shared","Load","128","0","4","0","1024","1024","0","0","0","0","0","0","0","0","0","0","0","0","0","0","0","0","0","0","0","0","0","0","0","0","0","0","0","0","0","0","0","0","0","0","0","0","0"
"0x72292f7711e0","      CS2R R4, SRZ","0","0","0","256","8192","8192","32","32","0","0","-","-","-","0","0","0","0","0","0","0","0","0","0","0","0","0","0","0","0","0","0","0","0","0","0","0","0","0","0","0","0","0","0","0","0","0","0","0","0","0","0","0","0","0","0"
"0x72292f7711f0","@!P0  BRA 0x72292f771890","0","0","0","256","8192","0","32","0","32","0","-","-","-","0","0","0","0","0","0","0","0","0","0","0","0","0","0","0","0","0","0","0","0","0","0","0","0","0","0","0","0","0","0","0","0","0","0","0","0","0","0","0","0","0","0"
"0x72292f771200","      LOP3.LUT R0, R3, 0x1f0, R0, 0xf8, !PT","0","0","0","256","8192","8192","32","32","0","0","-","-","-","0","0","0","0","0","0","0","0","0","0","0","0","0","0","0","0","0","0","0","0","0","0","0","0","0","0","0","0","0","0","0","0","0","0","0","0","0","0","0","0","0","0"
"0x72292f771210","      IMAD.SHL.U32 R68, R68, 0x10, RZ","0","0","0","256","8192","8192","32","32","0","0","-","-","-","0","0","0","0","0","0","0","0","0","0","0","0","0","0","0","0","0","0","0","0","0","0","0","0","0","0","0","0","0","0","0","0","0","0","0","0","0","0","0","0","0","0"
"0x72292f771220","      ISETP.NE.AND P0, PT, R74, RZ, PT","0","0","0","256","8192","8192","32","32","0","0","-","-","-","0","0","0","0","0","0","0","0","0","0","0","0","0","0","0","0","0","0","0","0","0","0","0","0","0","0","0","0","0","0","0","0","0","0","0","0","0","0","0","0","0","0"
"0x72292f771230","      IMAD.SHL.U32 R2, R2, 0x10, RZ","0","0","0","256","8192","8192","32","32","0","0","-","-","-","0","0","0","0","0","0","0","0","0","0","0","0","0","0","0","0","0","0","0","0","0","0","0","0","0","0","0","0","0","0","0","0","0","0","0","0","0","0","0","0","0","0"
"0x72292f771240","      LOP3.LUT R3, R0, 0x8, RZ, 0xfc, !PT","0","0","0","256","8192","8192","32","32","0","0","-","-","-","0","0","0","0","0","0","0","0","0","0","0","0","0","0","0","0","0","0","0","0","0","0","0","0","0","0","0","0","0","0","0","0","0","0","0","0","0","0","0","0","0","0"
"0x72292f771250","      IADD.64 R78, R78, UR8","0","0","0","256","8192","8192","32","32","0","0","-","-","-","0","0","0","0","0","0","0","0","0","0","0","0","0","0","0","0","0","0","0","0","0","0","0","0","0","0","0","0","0","0","0","0","0","0","0","0","0","0","0","0","0","0"
"0x72292f771260","      SEL R73, R73, RZ, P0","0","0","0","256","8192","8192","32","32","0","0","-","-","-","0","0","0","0","0","0","0","0","0","0","0","0","0","0","0","0","0","0","0","0","0","0","0","0","0","0","0","0","0","0","0","0","0","0","0","0","0","0","0","0","0","0"
"0x72292f771270","      SHF.R.U32.HI R0, RZ, 0x1, R0","0","0","0","256","8192","8192","32","32","0","0","-","-","-","0","0","0","0","0","0","0","0","0","0","0","0","0","0","0","0","0","0","0","0","0","0","0","0","0","0","0","0","0","0","0","0","0","0","0","0","0","0","0","0","0","0"
"0x72292f771280","      IADD.64 R76, R76, UR10","0","0","0","256","8192","8192","32","32","0","0","-","-","-","0","0","0","0","0","0","0","0","0","0","0","0","0","0","0","0","0","0","0","0","0","0","0","0","0","0","0","0","0","0","0","0","0","0","0","0","0","0","0","0","0","0"
"0x72292f771290","      SEL R72, R72, RZ, P0","0","0","0","256","8192","8192","32","32","0","0","-","-","-","0","0","0","0","0","0","0","0","0","0","0","0","0","0","0","0","0","0","0","0","0","0","0","0","0","0","0","0","0","0","0","0","0","0","0","0","0","0","0","0","0","0"
"0x72292f7712a0","      SHF.R.U32.HI R3, RZ, 0x1, R3","0","0","0","256","8192","8192","32","32","0","0","-","-","-","0","0","0","0","0","0","0","0","0","0","0","0","0","0","0","0","0","0","0","0","0","0","0","0","0","0","0","0","0","0","0","0","0","0","0","0","0","0","0","0","0","0"
"0x72292f7712b0","      UIADD3 UR4, UPT, UPT, UR4, 0x6000, URZ","0","0","0","256","8192","8192","32","32","0","0","-","-","-","0","0","0","0","0","0","0","0","0","0","0","0","0","0","0","0","0","0","0","0","0","0","0","0","0","0","0","0","0","0","0","0","0","0","0","0","0","0","0","0","0","0"
"0x72292f7712c0","      LOP3.LUT R71, R0, 0x3, R70, 0x48, !PT","0","0","0","256","8192","8192","32","32","0","0","-","-","-","0","0","0","0","0","0","0","0","0","0","0","0","0","0","0","0","0","0","0","0","0","0","0","0","0","0","0","0","0","0","0","0","0","0","0","0","0","0","0","0","0","0"
"0x72292f7712d0","      UMOV UR12, 0x280","0","0","0","256","8192","8192","32","32","0","0","-","-","-","0","0","0","0","0","0","0","0","0","0","0","0","0","0","0","0","0","0","0","0","0","0","0","0","0","0","0","0","0","0","0","0","0","0","0","0","0","0","0","0","0","0"
"0x72292f7712e0","      LOP3.LUT R23, R3, 0x3, R70, 0x48, !PT","0","0","0","256","8192","8192","32","32","0","0","-","-","-","0","0","0","0","0","0","0","0","0","0","0","0","0","0","0","0","0","0","0","0","0","0","0","0","0","0","0","0","0","0","0","0","0","0","0","0","0","0","0","0","0","0"
"0x72292f7712f0","      UMOV UR6, 0x5","0","0","0","256","8192","8192","32","32","0","0","-","-","-","0","0","0","0","0","0","0","0","0","0","0","0","0","0","0","0","0","0","0","0","0","0","0","0","0","0","0","0","0","0","0","0","0","0","0","0","0","0","0","0","0","0"
"0x72292f771300","      LOP3.LUT R71, R71, 0x4, R70, 0xf8, !PT","0","0","0","256","8192","8192","32","32","0","0","-","-","-","0","0","0","0","0","0","0","0","0","0","0","0","0","0","0","0","0","0","0","0","0","0","0","0","0","0","0","0","0","0","0","0","0","0","0","0","0","0","0","0","0","0"
"0x72292f771310","      LDCU.64 UR24, c[0x0][0x3c0]","0","0","0","256","8192","8192","32","32","0","0","-","-","-","0","0","0","0","0","0","0","0","0","0","0","0","0","0","0","0","0","0","0","0","0","0","0","0","0","0","0","0","0","0","0","0","0","0","0","0","0","0","0","0","0","0"
"0x72292f771320","      LOP3.LUT R70, R23, 0x4, R70, 0xf8, !PT","0","0","0","256","8192","8192","32","32","0","0","-","-","-","0","0","0","0","0","0","0","0","0","0","0","0","0","0","0","0","0","0","0","0","0","0","0","0","0","0","0","0","0","0","0","0","0","0","0","0","0","0","0","0","0","0"
"0x72292f771330","      MOV R23, RZ","0","0","0","256","8192","8192","32","32","0","0","-","-","-","0","0","0","0","0","0","0","0","0","0","0","0","0","0","0","0","0","0","0","0","0","0","0","0","0","0","0","0","0","0","0","0","0","0","0","0","0","0","0","0","0","0"
"0x72292f771340","      IMAD R71, R0, 0x30, R71","0","0","0","256","8192","8192","32","32","0","0","-","-","-","0","0","0","0","0","0","0","0","0","0","0","0","0","0","0","0","0","0","0","0","0","0","0","0","0","0","0","0","0","0","0","0","0","0","0","0","0","0","0","0","0","0"
"0x72292f771350","      LOP3.LUT R0, R2, 0x20, RZ, 0x3c, !PT","0","0","0","256","8192","8192","32","32","0","0","-","-","-","0","0","0","0","0","0","0","0","0","0","0","0","0","0","0","0","0","0","0","0","0","0","0","0","0","0","0","0","0","0","0","0","0","0","0","0","0","0","0","0","0","0"
"0x72292f771360","      IMAD R70, R3, 0x30, R70","0","0","0","256","8192","8192","32","32","0","0","-","-","-","0","0","0","0","0","0","0","0","0","0","0","0","0","0","0","0","0","0","0","0","0","0","0","0","0","0","0","0","0","0","0","0","0","0","0","0","0","0","0","0","0","0"
"0x72292f771370","      LOP3.LUT R3, R68, 0x20, RZ, 0x3c, !PT","0","0","0","256","8192","8192","32","32","0","0","-","-","-","0","0","0","0","0","0","0","0","0","0","0","0","0","0","0","0","0","0","0","0","0","0","0","0","0","0","0","0","0","0","0","0","0","0","0","0","0","0","0","0","0","0"
"0x72292f771380","      LDCU.64 UR20, c[0x0][0x3e0]","0","0","0","256","8192","8192","32","32","0","0","-","-","-","0","0","0","0","0","0","0","0","0","0","0","0","0","0","0","0","0","0","0","0","0","0","0","0","0","0","0","0","0","0","0","0","0","0","0","0","0","0","0","0","0","0"
"0x72292f771390","      LEA R71, R71, UR7, 0x4","0","0","0","256","8192","8192","32","32","0","0","-","-","-","0","0","0","0","0","0","0","0","0","0","0","0","0","0","0","0","0","0","0","0","0","0","0","0","0","0","0","0","0","0","0","0","0","0","0","0","0","0","0","0","0","0"
"0x72292f7713a0","      LEA R70, R70, UR7, 0x4","0","0","0","256","8192","8192","32","32","0","0","-","-","-","0","0","0","0","0","0","0","0","0","0","0","0","0","0","0","0","0","0","0","0","0","0","0","0","0","0","0","0","0","0","0","0","0","0","0","0","0","0","0","0","0","0"
"0x72292f7713b0","      LDCU.64 UR18, c[0x0][0x3c8]","0","0","0","256","8192","8192","32","32","0","0","-","-","-","0","0","0","0","0","0","0","0","0","0","0","0","0","0","0","0","0","0","0","0","0","0","0","0","0","0","0","0","0","0","0","0","0","0","0","0","0","0","0","0","0","0"
"0x72292f7713c0","      LDCU.64 UR16, c[0x0][0x3e8]","0","0","0","256","8192","8192","32","32","0","0","-","-","-","0","0","0","0","0","0","0","0","0","0","0","0","0","0","0","0","0","0","0","0","0","0","0","0","0","0","0","0","0","0","0","0","0","0","0","0","0","0","0","0","0","0"
"0x72292f7713d0","      UMOV UR11, URZ","0","0","0","256","8192","8192","32","32","0","0","-","-","-","0","0","0","0","0","0","0","0","0","0","0","0","0","0","0","0","0","0","0","0","0","0","0","0","0","0","0","0","0","0","0","0","0","0","0","0","0","0","0","0","0","0"
"0x72292f7713e0","      UMOV UR10, 0x280","0","0","0","256","8192","8192","32","32","0","0","-","-","-","0","0","0","0","0","0","0","0","0","0","0","0","0","0","0","0","0","0","0","0","0","0","0","0","0","0","0","0","0","0","0","0","0","0","0","0","0","0","0","0","0","0"
"0x72292f7713f0","      UMOV UR7, 0xfffffd80","0","0","0","256","8192","8192","32","32","0","0","-","-","-","0","0","0","0","0","0","0","0","0","0","0","0","0","0","0","0","0","0","0","0","0","0","0","0","0","0","0","0","0","0","0","0","0","0","0","0","0","0","0","0","0","0"
"0x72292f771400","      HMMA.16816.F32 R4, R36, R40, R4","0","0","0","4096","131072","131072","32","32","0","0","-","-","-","0","0","0","0","0","0","0","0","0","0","0","0","0","0","0","0","0","0","0","0","0","0","0","0","0","0","0","0","0","0","0","0","0","0","0","0","0","0","0","0","0","0"
"0x72292f771410","      LDSM.16.M88.4 R52, [R3+UR5]","1","0","1","4096","131072","131072","32","32","0","0","Shared","Load","128","0","4","0","16384","16384","0","0","0","0","0","0","0","0","0","0","0","0","0","0","0","1","0","0","0","0","0","0","0","0","0","0","0","0","0","0","0","0","0","0","0","0","0"
"0x72292f771420","      UIADD3 UR9, UPT, UPT, UR5, 0x80, URZ","1","0","1","4096","131072","131072","32","32","0","0","-","-","-","0","0","0","0","0","0","0","0","0","0","0","0","0","0","0","0","0","0","0","0","1","0","0","0","0","0","0","0","0","0","0","0","0","0","0","0","0","0","0","0","0","0"
"0x72292f771430","      UIADD3 UR8, UPT, UPT, UR4, 0x80, URZ","1","0","1","4096","131072","131072","32","32","0","0","-","-","-","0","0","0","0","0","0","0","0","0","0","0","0","0","0","0","0","0","0","0","0","1","0","0","0","0","0","0","0","0","0","0","0","0","0","0","0","0","0","0","0","0","0"
"0x72292f771440","      UIADD3 UR11, UPT, UPT, UR11, 0x1, URZ","0","0","0","4096","131072","131072","32","32","0","0","-","-","-","0","0","0","0","0","0","0","0","0","0","0","0","0","0","0","0","0","0","0","0","0","0","0","0","0","0","0","0","0","0","0","0","0","0","0","0","0","0","0","0","0","0"
"0x72292f771450","      R2P PR, R72, 0x3","0","0","0","4096","131072","131072","32","32","0","0","-","-","-","0","0","0","0","0","0","0","0","0","0","0","0","0","0","0","0","0","0","0","0","0","0","0","0","0","0","0","0","0","0","0","0","0","0","0","0","0","0","0","0","0","0"
"0x72292f771460","      UIADD3 UR6, UPT, UPT, UR6, 0x1, URZ","0","0","0","4096","131072","131072","32","32","0","0","-","-","-","0","0","0","0","0","0","0","0","0","0","0","0","0","0","0","0","0","0","0","0","0","0","0","0","0","0","0","0","0","0","0","0","0","0","0","0","0","0","0","0","0","0"
"0x72292f771470","      IADD3 R81, PT, PT, R70, UR10, RZ","0","0","0","4096","131072","131072","32","32","0","0","-","-","-","0","0","0","0","0","0","0","0","0","0","0","0","0","0","0","0","0","0","0","0","0","0","0","0","0","0","0","0","0","0","0","0","0","0","0","0","0","0","0","0","0","0"
"0x72292f771480","      IADD3 R75, PT, PT, R70, UR12, RZ","1","0","1","4096","131072","131072","32","32","0","0","-","-","-","0","0","0","0","0","0","0","0","0","0","0","0","0","0","0","0","0","0","0","0","1","0","0","0","0","0","0","0","0","0","0","0","0","0","0","0","0","0","0","0","0","0"
"0x72292f771490","      LDSM.16.M88.4 R56, [R0+UR4]","0","0","0","4096","131072","131072","32","32","0","0","Shared","Load","128","0","4","0","16384","16384","0","0","0","0","0","0","0","0","0","0","0","0","0","0","0","0","0","0","0","0","0","0","0","0","0","0","0","0","0","0","0","0","0","0","0","0","0"
"0x72292f7714a0","      PLOP3.LUT P2, PT, P1, PT, PT, 0x80, 0x8","0","0","0","4096","131072","131072","32","32","0","0","-","-","-","0","0","0","0","0","0","0","0","0","0","0","0","0","0","0","0","0","0","0","0","0","0","0","0","0","0","0","0","0","0","0","0","0","0","0","0","0","0","0","0","0","0"
"0x72292f7714b0","      UISETP.NE.AND UP1, UPT, UR11, 0x6, UPT","1","0","1","4096","131072","131072","32","32","0","0","-","-","-","0","0","0","0","0","0","0","0","0","0","0","0","0","0","0","0","0","0","0","0","1","0","0","0","0","0","0","0","0","0","0","0","0","0","0","0","0","0","0","0","0","0"
"0x72292f7714c0","      UISETP.NE.AND UP0, UPT, UR6, 0x6, UPT","0","0","0","4096","131072","131072","32","32","0","0","-","-","-","0","0","0","0","0","0","0","0","0","0","0","0","0","0","0","0","0","0","0","0","0","0","0","0","0","0","0","0","0","0","0","0","0","0","0","0","0","0","0","0","0","0"
"0x72292f7714d0","      IADD3 R69, PT, PT, R74, -0x1, RZ","0","0","0","4096","131072","131072","32","32","0","0","-","-","-","0","0","0","0","0","0","0","0","0","0","0","0","0","0","0","0","0","0","0","0","0","0","0","0","0","0","0","0","0","0","0","0","0","0","0","0","0","0","0","0","0","0"
"0x72292f7714e0","      IADD.64 R84, R76, UR24","0","0","0","4096","131072","131072","32","32","0","0","-","-","-","0","0","0","0","0","0","0","0","0","0","0","0","0","0","0","0","0","0","0","0","0","0","0","0","0","0","0","0","0","0","0","0","0","0","0","0","0","0","0","0","0","0"
"0x72292f7714f0","      HMMA.16816.F32 R8, R36, R42, R8","2","2","2","4096","131072","131072","32","32","0","0","-","-","-","0","0","0","0","0","0","0","0","0","0","0","0","0","0","0","0","0","0","0","0","0","0","0","0","2","0","0","0","0","0","0","0","0","0","0","0","0","0","0","0","0","2"
"0x72292f771500","      LDSM.16.M88.4 R60, [R0+UR4+0x1800]","0","0","0","4096","131072","131072","32","32","0","0","Shared","Load","128","0","4","0","16384","16384","0","0","0","0","0","0","0","0","0","0","0","0","0","0","0","0","0","0","0","0","0","0","0","0","0","0","0","0","0","0","0","0","0","0","0","0","0"
"0x72292f771510","      USEL UR22, UR7, 0x80, !UP0","0","0","0","4096","131072","131072","32","32","0","0","-","-","-","0","0","0","0","0","0","0","0","0","0","0","0","0","0","0","0","0","0","0","0","0","0","0","0","0","0","0","0","0","0","0","0","0","0","0","0","0","0","0","0","0","0"
"0x72292f771520","      IADD.64 R82, R78, UR20","0","0","0","4096","131072","131072","32","32","0","0","-","-","-","0","0","0","0","0","0","0","0","0","0","0","0","0","0","0","0","0","0","0","0","0","0","0","0","0","0","0","0","0","0","0","0","0","0","0","0","0","0","0","0","0","0"
"0x72292f771530","      USEL UR6, UR6, URZ, UP0","0","0","0","4096","131072","131072","32","32","0","0","-","-","-","0","0","0","0","0","0","0","0","0","0","0","0","0","0","0","0","0","0","0","0","0","0","0","0","0","0","0","0","0","0","0","0","0","0","0","0","0","0","0","0","0","0"
"0x72292f771540","@!UP1 UIADD3 UR9, UPT, UPT, UR5, -0x280, URZ","0","0","0","4096","131072","16384","32","4","28","0","-","-","-","0","0","0","0","0","0","0","0","0","0","0","0","0","0","0","0","0","0","0","0","0","0","0","0","0","0","0","0","0","0","0","0","0","0","0","0","0","0","0","0","0","0"
"0x72292f771550","@!UP1 UIADD3 UR8, UPT, UPT, UR4, -0x280, URZ","0","0","0","4096","131072","16384","32","4","28","0","-","-","-","0","0","0","0","0","0","0","0","0","0","0","0","0","0","0","0","0","0","0","0","0","0","0","0","0","0","0","0","0","0","0","0","0","0","0","0","0","0","0","0","0","0"
"0x72292f771560","@!UP1 UMOV UR11, URZ","0","0","0","4096","131072","16384","32","4","28","0","-","-","-","0","0","0","0","0","0","0","0","0","0","0","0","0","0","0","0","0","0","0","0","0","0","0","0","0","0","0","0","0","0","0","0","0","0","0","0","0","0","0","0","0","0"
"0x72292f771570","      LDSM.16.M88.4 R64, [R3+UR5+0x1800]","0","0","0","4096","131072","131072","32","32","0","0","Shared","Load","128","0","4","0","16384","16384","0","0","0","0","0","0","0","0","0","0","0","0","0","0","0","0","0","0","0","0","0","0","0","0","0","0","0","0","0","0","0","0","0","0","0","0","0"
"0x72292f771580","      UMOV UR5, UR9","0","0","0","4096","131072","131072","32","32","0","0","-","-","-","0","0","0","0","0","0","0","0","0","0","0","0","0","0","0","0","0","0","0","0","0","0","0","0","0","0","0","0","0","0","0","0","0","0","0","0","0","0","0","0","0","0"
"0x72292f771590","      UMOV UR4, UR8","1","0","1","4096","131072","131072","32","32","0","0","-","-","-","0","0","0","0","0","0","0","0","0","0","0","0","0","0","0","0","0","0","0","0","1","0","0","0","0","0","0","0","0","0","0","0","0","0","0","0","0","0","0","0","0","0"
"0x72292f7715a0","      HMMA.16816.F32 R12, R36, R44, R12","2","1","2","4096","131072","131072","32","32","0","0","-","-","-","0","0","0","0","0","0","0","0","0","0","0","0","0","0","0","0","0","0","0","0","1","0","0","0","1","0","0","0","0","0","0","0","0","0","0","0","0","0","0","0","0","1"
"0x72292f7715b0","@!PT  LDS RZ, [RZ]","0","0","0","4096","131072","0","32","0","32","0","","Load","32","0","0","0","0","0","0","0","0","0","0","0","0","0","0","0","0","0","0","0","0","0","0","0","0","0","0","0","0","0","0","0","0","0","0","0","0","0","0","0","0","0","0"
"0x72292f7715c0","@!PT  LDS RZ, [RZ]","0","0","0","4096","131072","0","32","0","32","0","","Load","32","0","0","0","0","0","0","0","0","0","0","0","0","0","0","0","0","0","0","0","0","0","0","0","0","0","0","0","0","0","0","0","0","0","0","0","0","0","0","0","0","0","0"
"0x72292f7715d0","@!PT  LDS RZ, [RZ]","0","0","0","4096","131072","0","32","0","32","0","","Load","32","0","0","0","0","0","0","0","0","0","0","0","0","0","0","0","0","0","0","0","0","0","0","0","0","0","0","0","0","0","0","0","0","0","0","0","0","0","0","0","0","0","0"
"0x72292f7715e0","@P0   LDGSTS.E.BYPASS.LTC128B.128 [R71+UR10], [R76.64]","0","0","0","4096","131072","90112","32","22","10","0","Global,Shared","Load,Store","128","22528","0","0","0","0","0","0","0","0","0","0","0","0","0","0","0","0","0","0","0","0","0","0","0","0","0","0","0","0","0","0","0","0","0","0","0","0","0","0","0","0","0"
"0x72292f7715f0","      UIADD3 UR10, UPT, UPT, UR22, UR10, URZ","0","0","0","4096","131072","131072","32","32","0","0","-","-","-","0","0","0","0","0","0","0","0","0","0","0","0","0","0","0","0","0","0","0","0","0","0","0","0","0","0","0","0","0","0","0","0","0","0","0","0","0","0","0","0","0","0"
"0x72292f771600","      R2P PR, R73, 0x3","1","0","1","4096","131072","131072","32","32","0","0","-","-","-","0","0","0","0","0","0","0","0","0","0","0","0","0","0","0","0","0","0","0","0","1","0","0","0","0","0","0","0","0","0","0","0","0","0","0","0","0","0","0","0","0","0"
"0x72292f771610","@P2   LDGSTS.E.BYPASS.LTC128B.128 [R81], [R76.64+UR24]","2","2","2","4096","131072","90112","32","22","10","0","Global,Shared","Load,Store","128","22528","5","11264","22528","11264","0","45056","45056","0","0","0","0","0","0","0","0","1","0","0","0","0","0","0","0","1","0","0","0","0","0","0","0","0","1","0","0","0","0","0","0","0","1"
"0x72292f771620","      HMMA.16816.F32 R16, R36, R46, R16","3","2","3","4096","131072","131072","32","32","0","0","-","-","-","0","0","0","0","0","0","0","0","0","0","0","0","0","0","0","0","0","0","0","0","1","0","0","0","2","0","0","0","0","0","0","0","0","0","0","0","0","0","0","0","0","2"
"0x72292f771630","@P1   LDGSTS.E.BYPASS.LTC128B.128 [R75+0x6000], [R78.64+UR20]","0","0","0","4096","131072","90112","32","22","10","0","Global,Shared","Load,Store","128","22528","5","11264","22528","11264","0","45056","45056","0","0","0","0","0","0","0","0","0","0","0","0","0","0","0","0","0","0","0","0","0","0","0","0","0","0","0","0","0","0","0","0","0","0"
"0x72292f771640","@P0   LDGSTS.E.BYPASS.LTC128B.128 [R71+UR12+0x6000], [R78.64]","3","3","3","4096","131072","90112","32","22","10","0","Global,Shared","Load,Store","128","22528","0","0","0","0","0","0","0","0","0","0","0","0","0","0","0","1","0","0","0","0","0","0","0","2","0","0","0","0","0","0","0","0","1","0","0","0","0","0","0","0","2"
"0x72292f771650","      ISETP.NE.AND P0, PT, R69, RZ, PT","0","0","0","4096","131072","131072","32","32","0","0","-","-","-","0","0","0","0","0","0","0","0","0","0","0","0","0","0","0","0","0","0","0","0","0","0","0","0","0","0","0","0","0","0","0","0","0","0","0","0","0","0","0","0","0","0"
"0x72292f771660","      UIADD3 UR12, UPT, UPT, UR22, UR12, URZ","1","0","1","4096","131072","131072","32","32","0","0","-","-","-","0","0","0","0","0","0","0","0","0","0","0","0","0","0","0","0","0","0","0","0","1","0","0","0","0","0","0","0","0","0","0","0","0","0","0","0","0","0","0","0","0","0"
"0x72292f771670","      SEL R72, R72, RZ, P0","0","0","0","4096","131072","131072","32","32","0","0","-","-","-","0","0","0","0","0","0","0","0","0","0","0","0","0","0","0","0","0","0","0","0","0","0","0","0","0","0","0","0","0","0","0","0","0","0","0","0","0","0","0","0","0","0"
"0x72292f771680","      HMMA.16816.F32 R20, R48, R46, R20","0","0","0","4096","131072","131072","32","32","0","0","-","-","-","0","0","0","0","0","0","0","0","0","0","0","0","0","0","0","0","0","0","0","0","0","0","0","0","0","0","0","0","0","0","0","0","0","0","0","0","0","0","0","0","0","0"
"0x72292f771690","      LDGDEPBAR","1","1","1","4096","131072","131072","32","32","0","0","-","-","-","0","0","0","0","0","0","0","0","0","0","0","0","0","0","0","0","1","0","0","0","0","0","0","0","0","0","0","0","0","0","0","0","0","1","0","0","0","0","0","0","0","0"
"0x72292f7716a0","      SEL R73, R73, RZ, P0","0","0","0","4096","131072","131072","32","32","0","0","-","-","-","0","0","0","0","0","0","0","0","0","0","0","0","0","0","0","0","0","0","0","0","0","0","0","0","0","0","0","0","0","0","0","0","0","0","0","0","0","0","0","0","0","0"
"0x72292f7716b0","      ISETP.GT.AND P0, PT, R74, -0x4, PT","0","0","0","4096","131072","131072","32","32","0","0","-","-","-","0","0","0","0","0","0","0","0","0","0","0","0","0","0","0","0","0","0","0","0","0","0","0","0","0","0","0","0","0","0","0","0","0","0","0","0","0","0","0","0","0","0"
"0x72292f7716c0","      IADD.64 R76, R84, UR18","0","0","0","4096","131072","131072","32","32","0","0","-","-","-","0","0","0","0","0","0","0","0","0","0","0","0","0","0","0","0","0","0","0","0","0","0","0","0","0","0","0","0","0","0","0","0","0","0","0","0","0","0","0","0","0","0"
"0x72292f7716d0","      MOV R74, R69","1","0","1","4096","131072","131072","32","32","0","0","-","-","-","0","0","0","0","0","0","0","0","0","0","0","0","0","0","0","0","0","0","0","0","1","0","0","0","0","0","0","0","0","0","0","0","0","0","0","0","0","0","0","0","0","0"
"0x72292f7716e0","      HMMA.16816.F32 R24, R48, R44, R24","1","1","1","4096","131072","131072","32","32","0","0","-","-","-","0","0","0","0","0","0","0","0","0","0","0","0","0","0","0","0","0","0","0","0","0","0","0","0","1","0","0","0","0","0","0","0","0","0","0","0","0","0","0","0","0","1"
"0x72292f7716f0","      IADD.64 R78, R82, UR16","1","0","1","4096","131072","131072","32","32","0","0","-","-","-","0","0","0","0","0","0","0","0","0","0","0","0","0","0","0","0","0","0","0","0","1","0","0","0","0","0","0","0","0","0","0","0","0","0","0","0","0","0","0","0","0","0"
"0x72292f771700","      DEPBAR.LE SB0, 0x4","0","0","0","4096","131072","131072","32","32","0","0","-","-","-","0","0","0","0","0","0","0","0","0","0","0","0","0","0","0","0","0","0","0","0","0","0","0","0","0","0","0","0","0","0","0","0","0","0","0","0","0","0","0","0","0","0"
"0x72292f771710","      BAR.SYNC.DEFER_BLOCKING 0x0","1","1","1","4096","131072","131072","32","32","0","0","-","-","-","0","0","0","0","0","0","0","0","0","0","0","0","0","0","0","0","0","0","0","0","0","0","0","0","1","0","0","0","0","0","0","0","0","0","0","0","0","0","0","0","0","1"
"0x72292f771720","      HMMA.16816.F32 R28, R48, R42, R28","1","1","1","4096","131072","131072","32","32","0","0","-","-","-","0","0","0","0","0","0","0","0","0","0","0","0","0","0","0","0","0","0","0","0","0","0","0","0","1","0","0","0","0","0","0","0","0","0","0","0","0","0","0","0","0","1"
"0x72292f771730","@!UPT UIADD3 URZ, UPT, UPT, URZ, URZ, URZ","3","3","3","4096","131072","0","32","0","32","0","-","-","-","0","0","0","0","0","0","0","0","0","0","0","0","0","0","0","0","0","0","0","0","0","0","0","0","3","0","0","0","0","0","0","0","0","0","0","0","0","0","0","0","0","3"
"0x72292f771740","      HMMA.16816.F32 R32, R48, R40, R32","0","0","0","4096","131072","131072","32","32","0","0","-","-","-","0","0","0","0","0","0","0","0","0","0","0","0","0","0","0","0","0","0","0","0","0","0","0","0","0","0","0","0","0","0","0","0","0","0","0","0","0","0","0","0","0","0"
"0x72292f771750","@!UPT UIADD3 URZ, UPT, UPT, URZ, URZ, URZ","5","4","5","4096","131072","0","32","0","32","0","-","-","-","0","0","0","0","0","0","0","0","0","0","0","0","0","0","0","0","0","0","0","0","1","0","0","0","4","0","0","0","0","0","0","0","0","0","0","0","0","0","0","0","0","4"
"0x72292f771760","      HMMA.16816.F32 R4, R52, R56, R4","2","0","2","4096","131072","131072","32","32","0","0","-","-","-","0","0","0","0","0","0","0","0","0","0","0","0","0","0","0","0","0","0","0","0","2","0","0","0","0","0","0","0","0","0","0","0","0","0","0","0","0","0","0","0","0","0"
"0x72292f771770","@!UPT UIADD3 URZ, UPT, UPT, URZ, URZ, URZ","4","4","4","4096","131072","0","32","0","32","0","-","-","-","0","0","0","0","0","0","0","0","0","0","0","0","0","0","0","0","0","0","0","0","0","0","0","0","4","0","0","0","0","0","0","0","0","0","0","0","0","0","0","0","0","4"
"0x72292f771780","      HMMA.16816.F32 R8, R52, R58, R8","0","0","0","4096","131072","131072","32","32","0","0","-","-","-","0","0","0","0","0","0","0","0","0","0","0","0","0","0","0","0","0","0","0","0","0","0","0","0","0","0","0","0","0","0","0","0","0","0","0","0","0","0","0","0","0","0"
"0x72292f771790","      LDSM.16.M88.4 R36, [R68+UR9]","2","1","2","4096","131072","131072","32","32","0","0","Shared","Load","128","0","4","0","16384","16384","0","0","0","1","0","0","0","0","0","0","0","0","0","0","0","1","0","0","0","0","1","0","0","0","0","0","0","0","0","0","0","0","0","0","0","0","0"
"0x72292f7717a0","      LDSM.16.M88.4 R48, [R68+UR9+0x1800]","3","3","3","4096","131072","131072","32","32","0","0","Shared","Load","128","0","4","0","16384","16384","0","0","0","0","0","0","0","0","0","0","0","0","0","0","0","0","0","0","0","3","0","0","0","0","0","0","0","0","0","0","0","0","0","0","0","0","3"
"0x72292f7717b0","      HMMA.16816.F32 R12, R52, R60, R12","3","3","3","4096","131072","131072","32","32","0","0","-","-","-","0","0","0","0","0","0","0","0","0","0","0","0","0","0","0","0","0","0","0","0","0","0","0","0","3","0","0","0","0","0","0","0","0","0","0","0","0","0","0","0","0","3"
"0x72292f7717c0","      LDSM.16.M88.4 R40, [R2+UR8]","0","0","0","4096","131072","131072","32","32","0","0","Shared","Load","128","0","4","0","16384","16384","0","0","0","0","0","0","0","0","0","0","0","0","0","0","0","0","0","0","0","0","0","0","0","0","0","0","0","0","0","0","0","0","0","0","0","0","0"
"0x72292f7717d0","      LDSM.16.M88.4 R44, [R2+UR8+0x1800]","1","1","1","4096","131072","131072","32","32","0","0","Shared","Load","128","0","4","0","16384","16384","0","0","0","0","0","0","0","0","0","0","0","0","0","0","0","0","0","0","0","1","0","0","0","0","0","0","0","0","0","0","0","0","0","0","0","0","1"
"0x72292f7717e0","      HMMA.16816.F32 R16, R52, R62, R16","2","1","2","4096","131072","131072","32","32","0","0","-","-","-","0","0","0","0","0","0","0","0","0","0","0","0","0","0","0","0","0","0","0","0","1","0","0","0","1","0","0","0","0","0","0","0","0","0","0","0","0","0","0","0","0","1"
"0x72292f7717f0","@!UPT UIADD3 URZ, UPT, UPT, URZ, URZ, URZ","3","3","3","4096","131072","0","32","0","32","0","-","-","-","0","0","0","0","0","0","0","0","0","0","0","0","0","0","0","0","0","0","0","0","0","0","0","0","3","0","0","0","0","0","0","0","0","0","0","0","0","0","0","0","0","3"
"0x72292f771800","      HMMA.16816.F32 R20, R64, R62, R20","1","1","1","4096","131072","131072","32","32","0","0","-","-","-","0","0","0","0","0","0","0","0","0","0","0","0","0","0","0","0","0","0","0","0","0","0","0","0","1","0","0","0","0","0","0","0","0","0","0","0","0","0","0","0","0","1"
"0x72292f771810","@!UPT UIADD3 URZ, UPT, UPT, URZ, URZ, URZ","3","2","3","4096","131072","0","32","0","32","0","-","-","-","0","0","0","0","0","0","0","0","0","0","0","0","0","0","0","0","0","0","0","0","1","0","0","0","2","0","0","0","0","0","0","0","0","0","0","0","0","0","0","0","0","2"
"0x72292f771820","      HMMA.16816.F32 R24, R64, R60, R24","1","0","1","4096","131072","131072","32","32","0","0","-","-","-","0","0","0","0","0","0","0","0","0","0","0","0","0","0","0","0","0","0","0","0","1","0","0","0","0","0","0","0","0","0","0","0","0","0","0","0","0","0","0","0","0","0"
"0x72292f771830","@!UPT UIADD3 URZ, UPT, UPT, URZ, URZ, URZ","4","4","4","4096","131072","0","32","0","32","0","-","-","-","0","0","0","0","0","0","0","0","0","0","0","0","0","0","0","0","0","0","0","0","0","0","0","0","4","0","0","0","0","0","0","0","0","0","0","0","0","0","0","0","0","4"
"0x72292f771840","      HMMA.16816.F32 R28, R64, R58, R28","3","2","3","4096","131072","131072","32","32","0","0","-","-","-","0","0","0","0","0","0","0","0","0","0","0","0","0","0","0","0","0","0","0","0","1","0","0","0","2","0","0","0","0","0","0","0","0","0","0","0","0","0","0","0","0","2"
"0x72292f771850","@!UPT UIADD3 URZ, UPT, UPT, URZ, URZ, URZ","6","5","6","4096","131072","0","32","0","32","0","-","-","-","0","0","0","0","0","0","0","0","0","0","0","0","0","0","0","0","0","0","0","0","1","0","0","0","5","0","0","0","0","0","0","0","0","0","0","0","0","0","0","0","0","5"
"0x72292f771860","      HMMA.16816.F32 R32, R64, R56, R32","1","1","1","4096","131072","131072","32","32","0","0","-","-","-","0","0","0","0","0","0","0","0","0","0","0","0","0","0","0","0","0","0","0","0","0","0","0","0","1","0","0","0","0","0","0","0","0","0","0","0","0","0","0","0","0","1"
"0x72292f771870","@!UPT UIADD3 URZ, UPT, UPT, URZ, URZ, URZ","0","0","0","4096","131072","0","32","0","32","0","-","-","-","0","0","0","0","0","0","0","0","0","0","0","0","0","0","0","0","0","0","0","0","0","0","0","0","0","0","0","0","0","0","0","0","0","0","0","0","0","0","0","0","0","0"
"0x72292f771880","@P0   BRA 0x72292f771400","2","1","2","4096","131072","122880","32","30","2","0","-","-","-","0","0","0","0","0","0","0","0","0","0","0","0","0","0","0","0","0","0","0","0","1","0","0","0","1","0","0","0","0","0","0","0","0","0","0","0","0","0","0","0","0","1"
"0x72292f771890","      LDGDEPBAR","0","0","0","256","8192","8192","32","32","0","0","-","-","-","0","0","0","0","0","0","0","0","0","0","0","0","0","0","0","0","0","0","0","0","0","0","0","0","0","0","0","0","0","0","0","0","0","0","0","0","0","0","0","0","0","0"
"0x72292f7718a0","      LDCU.64 UR6, c[0x0][0x488]","0","0","0","256","8192","8192","32","32","0","0","-","-","-","0","0","0","0","0","0","0","0","0","0","0","0","0","0","0","0","0","0","0","0","0","0","0","0","0","0","0","0","0","0","0","0","0","0","0","0","0","0","0","0","0","0"
"0x72292f7718b0","      LDC.64 R44, c[0x0][0x398]","0","0","0","256","8192","8192","32","32","0","0","-","-","-","0","0","0","0","0","0","0","0","0","0","0","0","0","0","0","0","0","0","0","0","0","0","0","0","0","0","0","0","0","0","0","0","0","0","0","0","0","0","0","0","0","0"
"0x72292f7718c0","      LDGDEPBAR","0","0","0","256","8192","8192","32","32","0","0","-","-","-","0","0","0","0","0","0","0","0","0","0","0","0","0","0","0","0","0","0","0","0","0","0","0","0","0","0","0","0","0","0","0","0","0","0","0","0","0","0","0","0","0","0"
"0x72292f7718d0","      LDCU.64 UR4, c[0x0][0x490]","0","0","0","256","8192","8192","32","32","0","0","-","-","-","0","0","0","0","0","0","0","0","0","0","0","0","0","0","0","0","0","0","0","0","0","0","0","0","0","0","0","0","0","0","0","0","0","0","0","0","0","0","0","0","0","0"
"0x72292f7718e0","      S2R R3, SR_CTAID.Y","0","0","0","256","8192","8192","32","32","0","0","-","-","-","0","0","0","0","0","0","0","0","0","0","0","0","0","0","0","0","0","0","0","0","0","0","0","0","0","0","0","0","0","0","0","0","0","0","0","0","0","0","0","0","0","0"
"0x72292f7718f0","      S2R R37, SR_CTAID.X","0","0","0","256","8192","8192","32","32","0","0","-","-","-","0","0","0","0","0","0","0","0","0","0","0","0","0","0","0","0","0","0","0","0","0","0","0","0","0","0","0","0","0","0","0","0","0","0","0","0","0","0","0","0","0","0"
"0x72292f771900","      LDC.64 R56, c[0x0][0x3b0]","0","0","0","256","8192","8192","32","32","0","0","-","-","-","0","0","0","0","0","0","0","0","0","0","0","0","0","0","0","0","0","0","0","0","0","0","0","0","0","0","0","0","0","0","0","0","0","0","0","0","0","0","0","0","0","0"
"0x72292f771910","      ISETP.NE.S64.AND P1, PT, RZ, UR6, PT","2","2","2","256","8192","8192","32","32","0","0","-","-","-","0","0","0","0","0","0","0","0","0","0","0","0","0","0","0","0","0","0","0","0","0","2","0","0","0","0","0","0","0","0","0","0","0","0","0","0","0","0","2","0","0","0"
"0x72292f771920","      ISETP.NE.S64.AND P0, PT, RZ, UR4, PT","0","0","0","256","8192","8192","32","32","0","0","-","-","-","0","0","0","0","0","0","0","0","0","0","0","0","0","0","0","0","0","0","0","0","0","0","0","0","0","0","0","0","0","0","0","0","0","0","0","0","0","0","0","0","0","0"
"0x72292f771930","      MOV R39, 0xffffffff","0","0","0","256","8192","8192","32","32","0","0","-","-","-","0","0","0","0","0","0","0","0","0","0","0","0","0","0","0","0","0","0","0","0","0","0","0","0","0","0","0","0","0","0","0","0","0","0","0","0","0","0","0","0","0","0"
"0x72292f771940","      LDCU UR4, c[0x0][0x38c]","0","0","0","256","8192","8192","32","32","0","0","-","-","-","0","0","0","0","0","0","0","0","0","0","0","0","0","0","0","0","0","0","0","0","0","0","0","0","0","0","0","0","0","0","0","0","0","0","0","0","0","0","0","0","0","0"
"0x72292f771950","      DEPBAR.LE SB0, 0x0","0","0","0","256","8192","8192","32","32","0","0","-","-","-","0","0","0","0","0","0","0","0","0","0","0","0","0","0","0","0","0","0","0","0","0","0","0","0","0","0","0","0","0","0","0","0","0","0","0","0","0","0","0","0","0","0"
"0x72292f771960","@P1   LDC.64 R40, c[0x0][0x488]","2","2","2","256","8192","0","32","0","32","0","-","-","-","0","0","0","0","0","0","0","0","0","0","0","0","0","0","0","0","0","0","0","0","0","0","0","0","2","0","0","0","0","0","0","0","0","0","0","0","0","0","0","0","0","2"
"0x72292f771970","      BAR.SYNC.DEFER_BLOCKING 0x0","0","0","0","256","8192","8192","32","32","0","0","-","-","-","0","0","0","0","0","0","0","0","0","0","0","0","0","0","0","0","0","0","0","0","0","0","0","0","0","0","0","0","0","0","0","0","0","0","0","0","0","0","0","0","0","0"
"0x72292f771980","@P0   LDC.64 R60, c[0x0][0x490]","1","1","1","256","8192","0","32","0","32","0","-","-","-","0","0","0","0","0","0","0","0","1","0","0","0","0","0","0","0","0","0","0","0","0","0","0","0","0","1","0","0","0","0","0","0","0","0","0","0","0","0","0","0","0","0"
"0x72292f771990","@P1   LDG.E R55, [R40]","0","0","0","256","8192","0","32","0","32","0","","Load","32","0","0","0","0","0","0","0","0","0","0","0","0","0","0","0","0","0","0","0","0","0","0","0","0","0","0","0","0","0","0","0","0","0","0","0","0","0","0","0","0","0","0"
"0x72292f7719a0","@P0   LDG.E R60, [R60]","1","1","1","256","8192","0","32","0","32","0","","Load","32","0","0","0","0","0","0","0","0","0","0","0","0","0","0","0","0","0","0","0","0","0","1","0","0","0","0","0","0","0","0","0","0","0","0","0","0","0","0","1","0","0","0"
"0x72292f7719b0","      SHF.L.U32 R38, R39, R44, RZ","0","0","0","256","8192","8192","32","32","0","0","-","-","-","0","0","0","0","0","0","0","0","0","0","0","0","0","0","0","0","0","0","0","0","0","0","0","0","0","0","0","0","0","0","0","0","0","0","0","0","0","0","0","0","0","0"
"0x72292f7719c0","      LDCU UR5, c[0x0][0x480]","0","0","0","256","8192","8192","32","32","0","0","-","-","-","0","0","0","0","0","0","0","0","0","0","0","0","0","0","0","0","0","0","0","0","0","0","0","0","0","0","0","0","0","0","0","0","0","0","0","0","0","0","0","0","0","0"
"0x72292f7719d0","      SHF.L.U32 R36, R3, R44, RZ","0","0","0","256","8192","8192","32","32","0","0","-","-","-","0","0","0","0","0","0","0","0","0","0","0","0","0","0","0","0","0","0","0","0","0","0","0","0","0","0","0","0","0","0","0","0","0","0","0","0","0","0","0","0","0","0"
"0x72292f7719e0","      S2R R2, SR_TID.X","0","0","0","256","8192","8192","32","32","0","0","-","-","-","0","0","0","0","0","0","0","0","0","0","0","0","0","0","0","0","0","0","0","0","0","0","0","0","0","0","0","0","0","0","0","0","0","0","0","0","0","0","0","0","0","0"
"0x72292f7719f0","      LOP3.LUT R3, R37, R38, RZ, 0x30, !PT","0","0","0","256","8192","8192","32","32","0","0","-","-","-","0","0","0","0","0","0","0","0","0","0","0","0","0","0","0","0","0","0","0","0","0","0","0","0","0","0","0","0","0","0","0","0","0","0","0","0","0","0","0","0","0","0"
"0x72292f771a00","      LDCU.64 UR8, c[0x0][0x4a8]","0","0","0","256","8192","8192","32","32","0","0","-","-","-","0","0","0","0","0","0","0","0","0","0","0","0","0","0","0","0","0","0","0","0","0","0","0","0","0","0","0","0","0","0","0","0","0","0","0","0","0","0","0","0","0","0"
"0x72292f771a10","      SHF.R.U32.HI R44, RZ, R44, R37","0","0","0","256","8192","8192","32","32","0","0","-","-","-","0","0","0","0","0","0","0","0","0","0","0","0","0","0","0","0","0","0","0","0","0","0","0","0","0","0","0","0","0","0","0","0","0","0","0","0","0","0","0","0","0","0"
"0x72292f771a20","      S2R R0, SR_CTAID.Z","0","0","0","256","8192","8192","32","32","0","0","-","-","-","0","0","0","0","0","0","0","0","0","0","0","0","0","0","0","0","0","0","0","0","0","0","0","0","0","0","0","0","0","0","0","0","0","0","0","0","0","0","0","0","0","0"
"0x72292f771a30","      LDCU.64 UR6, c[0x0][0x4b0]","0","0","0","256","8192","8192","32","32","0","0","-","-","-","0","0","0","0","0","0","0","0","0","0","0","0","0","0","0","0","0","0","0","0","0","0","0","0","0","0","0","0","0","0","0","0","0","0","0","0","0","0","0","0","0","0"
"0x72292f771a40","      IADD3 R3, PT, PT, R36, R3, RZ","0","0","0","256","8192","8192","32","32","0","0","-","-","-","0","0","0","0","0","0","0","0","0","0","0","0","0","0","0","0","0","0","0","0","0","0","0","0","0","0","0","0","0","0","0","0","0","0","0","0","0","0","0","0","0","0"
"0x72292f771a50","      IMAD R37, R3, UR4, R44","1","1","1","256","8192","8192","32","32","0","0","-","-","-","0","0","0","0","0","0","0","0","0","0","0","0","0","0","0","0","0","0","0","0","0","0","0","0","1","0","0","0","0","0","0","0","0","0","0","0","0","0","0","0","0","1"
"0x72292f771a60","      IMAD.WIDE R56, R37, 0x4, R56","1","1","1","256","8192","8192","32","32","0","0","-","-","-","0","0","0","0","0","0","0","0","0","0","0","0","0","0","0","0","0","0","0","0","0","0","0","0","1","0","0","0","0","0","0","0","0","0","0","0","0","0","0","0","0","1"
"0x72292f771a70","      MOV R54, UR5","0","0","0","256","8192","8192","32","32","0","0","-","-","-","0","0","0","0","0","0","0","0","0","0","0","0","0","0","0","0","0","0","0","0","0","0","0","0","0","0","0","0","0","0","0","0","0","0","0","0","0","0","0","0","0","0"
"0x72292f771a80","      MOV.64 R40, UR8","0","0","0","256","8192","8192","32","32","0","0","-","-","-","0","0","0","0","0","0","0","0","0","0","0","0","0","0","0","0","0","0","0","0","0","0","0","0","0","0","0","0","0","0","0","0","0","0","0","0","0","0","0","0","0","0"
"0x72292f771a90","      MOV.64 R36, UR6","0","0","0","256","8192","8192","32","32","0","0","-","-","-","0","0","0","0","0","0","0","0","0","0","0","0","0","0","0","0","0","0","0","0","0","0","0","0","0","0","0","0","0","0","0","0","0","0","0","0","0","0","0","0","0","0"
"0x72292f771aa0","@!P1  LDC R55, c[0x0][0x478]","0","0","0","256","8192","8192","32","32","0","0","-","-","-","0","0","0","0","0","0","0","0","0","0","0","0","0","0","0","0","0","0","0","0","0","0","0","0","0","0","0","0","0","0","0","0","0","0","0","0","0","0","0","0","0","0"
"0x72292f771ab0","@!P0  LDC R60, c[0x0][0x47c]","1","1","1","256","8192","8192","32","32","0","0","-","-","-","0","0","0","0","0","0","0","0","0","0","0","0","0","0","0","0","0","0","0","0","0","0","0","0","1","0","0","0","0","0","0","0","0","0","0","0","0","0","0","0","0","1"
"0x72292f771ac0","      ISETP.NE.AND P0, PT, R45, RZ, PT","1","0","1","256","8192","8192","32","32","0","0","-","-","-","0","0","0","0","0","0","0","0","0","0","0","0","0","0","0","0","0","0","0","0","1","0","0","0","0","0","0","0","0","0","0","0","0","0","0","0","0","0","0","0","0","0"
"0x72292f771ad0","@P0   BRA 0x72292f771bd0","2","2","2","256","8192","0","32","0","32","0","-","-","-","0","0","0","0","0","0","0","0","0","0","0","0","0","0","0","0","0","0","0","0","0","0","0","0","2","0","0","0","0","0","0","0","0","0","0","0","0","0","0","0","0","2"
"0x72292f771ae0","      LDC R38, c[0x0][0x394]","0","0","0","256","8192","8192","32","32","0","0","-","-","-","0","0","0","0","0","0","0","0","0","0","0","0","0","0","0","0","0","0","0","0","0","0","0","0","0","0","0","0","0","0","0","0","0","0","0","0","0","0","0","0","0","0"
"0x72292f771af0","      MOV R47, 0xffffffff","0","0","0","256","8192","8192","32","32","0","0","-","-","-","0","0","0","0","0","0","0","0","0","0","0","0","0","0","0","0","0","0","0","0","0","0","0","0","0","0","0","0","0","0","0","0","0","0","0","0","0","0","0","0","0","0"
"0x72292f771b00","      ISETP.GE.AND P0, PT, R38, 0x2, PT","1","1","1","256","8192","8192","32","32","0","0","-","-","-","0","0","0","0","0","0","0","0","0","0","0","0","0","0","0","0","0","0","0","0","0","1","0","0","0","0","0","0","0","0","0","0","0","0","0","0","0","0","1","0","0","0"
"0x72292f771b10","@!P0  BRA 0x72292f771de0","0","0","0","256","8192","8192","32","32","0","0","-","-","-","0","0","0","0","0","0","0","0","0","0","0","0","0","0","0","0","0","0","0","0","0","0","0","0","0","0","0","0","0","0","0","0","0","0","0","0","0","0","0","0","0","0"
"0x72292f771b20","      LDC R54, c[0x0][0x480]","0","0","0","0","0","0","0","0","32","0","-","-","-","0","0","0","0","0","0","0","0","0","0","0","0","0","0","0","0","0","0","0","0","0","0","0","0","0","0","0","0","0","0","0","0","0","0","0","0","0","0","0","0","0","0"
"0x72292f771b30","      ISETP.NE.AND P0, PT, R2, RZ, PT","0","0","0","0","0","0","0","0","32","0","-","-","-","0","0","0","0","0","0","0","0","0","0","0","0","0","0","0","0","0","0","0","0","0","0","0","0","0","0","0","0","0","0","0","0","0","0","0","0","0","0","0","0","0","0"
"0x72292f771b40","      MOV R47, 0xffffffff","0","0","0","0","0","0","0","0","32","0","-","-","-","0","0","0","0","0","0","0","0","0","0","0","0","0","0","0","0","0","0","0","0","0","0","0","0","0","0","0","0","0","0","0","0","0","0","0","0","0","0","0","0","0","0"
"0x72292f771b50","      IADD3 R39, PT, PT, R38, -0x1, RZ","0","0","0","0","0","0","0","0","32","0","-","-","-","0","0","0","0","0","0","0","0","0","0","0","0","0","0","0","0","0","0","0","0","0","0","0","0","0","0","0","0","0","0","0","0","0","0","0","0","0","0","0","0","0","0"
"0x72292f771b60","      ISETP.NE.AND P1, PT, R0, RZ, PT","0","0","0","0","0","0","0","0","32","0","-","-","-","0","0","0","0","0","0","0","0","0","0","0","0","0","0","0","0","0","0","0","0","0","0","0","0","0","0","0","0","0","0","0","0","0","0","0","0","0","0","0","0","0","0"
"0x72292f771b70","@!P0  LDG.E.STRONG.GPU R47, [R56]","0","0","0","0","0","0","0","0","32","0","","","","0","0","0","0","0","0","0","0","0","0","0","0","0","0","0","0","0","0","0","0","0","0","0","0","0","0","0","0","0","0","0","0","0","0","0","0","0","0","0","0","0","0"
"0x72292f771b80","@!P0  CCTL.IVALL","0","0","0","0","0","0","0","0","32","0","-","-","-","0","0","0","0","0","0","0","0","0","0","0","0","0","0","0","0","0","0","0","0","0","0","0","0","0","0","0","0","0","0","0","0","0","0","0","0","0","0","0","0","0","0"
"0x72292f771b90","      ISETP.NE.AND P0, PT, R0, R39, PT","0","0","0","0","0","0","0","0","32","0","-","-","-","0","0","0","0","0","0","0","0","0","0","0","0","0","0","0","0","0","0","0","0","0","0","0","0","0","0","0","0","0","0","0","0","0","0","0","0","0","0","0","0","0","0"
"0x72292f771ba0","      FSEL R60, R60, 1, !P1","0","0","0","0","0","0","0","0","32","0","-","-","-","0","0","0","0","0","0","0","0","0","0","0","0","0","0","0","0","0","0","0","0","0","0","0","0","0","0","0","0","0","0","0","0","0","0","0","0","0","0","0","0","0","0"
"0x72292f771bb0","      FSEL R54, R54, -QNAN , !P0","0","0","0","0","0","0","0","0","32","0","-","-","-","0","0","0","0","0","0","0","0","0","0","0","0","0","0","0","0","0","0","0","0","0","0","0","0","0","0","0","0","0","0","0","0","0","0","0","0","0","0","0","0","0","0"
"0x72292f771bc0","      BRA 0x72292f771de0","0","0","0","0","0","0","0","0","32","0","-","-","-","0","0","0","0","0","0","0","0","0","0","0","0","0","0","0","0","0","0","0","0","0","0","0","0","0","0","0","0","0","0","0","0","0","0","0","0","0","0","0","0","0","0"
"0x72292f771bd0","      ISETP.NE.AND P0, PT, R45, 0x3, PT","0","0","0","0","0","0","0","0","32","0","-","-","-","0","0","0","0","0","0","0","0","0","0","0","0","0","0","0","0","0","0","0","0","0","0","0","0","0","0","0","0","0","0","0","0","0","0","0","0","0","0","0","0","0","0"
"0x72292f771be0","      MOV R47, 0xffffffff","0","0","0","0","0","0","0","0","32","0","-","-","-","0","0","0","0","0","0","0","0","0","0","0","0","0","0","0","0","0","0","0","0","0","0","0","0","0","0","0","0","0","0","0","0","0","0","0","0","0","0","0","0","0","0"
"0x72292f771bf0","@!P0  BRA 0x72292f771d80","0","0","0","0","0","0","0","0","32","0","-","-","-","0","0","0","0","0","0","0","0","0","0","0","0","0","0","0","0","0","0","0","0","0","0","0","0","0","0","0","0","0","0","0","0","0","0","0","0","0","0","0","0","0","0"
"0x72292f771c00","      ISETP.NE.AND P0, PT, R45, 0x2, PT","0","0","0","0","0","0","0","0","32","0","-","-","-","0","0","0","0","0","0","0","0","0","0","0","0","0","0","0","0","0","0","0","0","0","0","0","0","0","0","0","0","0","0","0","0","0","0","0","0","0","0","0","0","0","0"
"0x72292f771c10","@!P0  BRA 0x72292f771cb0","0","0","0","0","0","0","0","0","32","0","-","-","-","0","0","0","0","0","0","0","0","0","0","0","0","0","0","0","0","0","0","0","0","0","0","0","0","0","0","0","0","0","0","0","0","0","0","0","0","0","0","0","0","0","0"
"0x72292f771c20","      ISETP.NE.AND P0, PT, R45, 0x1, PT","0","0","0","0","0","0","0","0","32","0","-","-","-","0","0","0","0","0","0","0","0","0","0","0","0","0","0","0","0","0","0","0","0","0","0","0","0","0","0","0","0","0","0","0","0","0","0","0","0","0","0","0","0","0","0"
"0x72292f771c30","@P0   BRA 0x72292f771de0","0","0","0","0","0","0","0","0","32","0","-","-","-","0","0","0","0","0","0","0","0","0","0","0","0","0","0","0","0","0","0","0","0","0","0","0","0","0","0","0","0","0","0","0","0","0","0","0","0","0","0","0","0","0","0"
"0x72292f771c40","      LDC.64 R38, c[0x0][0x3a8]","0","0","0","0","0","0","0","0","32","0","-","-","-","0","0","0","0","0","0","0","0","0","0","0","0","0","0","0","0","0","0","0","0","0","0","0","0","0","0","0","0","0","0","0","0","0","0","0","0","0","0","0","0","0","0"
"0x72292f771c50","      LDC.64 R36, c[0x0][0x4b0]","0","0","0","0","0","0","0","0","32","0","-","-","-","0","0","0","0","0","0","0","0","0","0","0","0","0","0","0","0","0","0","0","0","0","0","0","0","0","0","0","0","0","0","0","0","0","0","0","0","0","0","0","0","0","0"
"0x72292f771c60","      IMAD.WIDE.U32 R42, R0, R38, RZ","0","0","0","0","0","0","0","0","32","0","-","-","-","0","0","0","0","0","0","0","0","0","0","0","0","0","0","0","0","0","0","0","0","0","0","0","0","0","0","0","0","0","0","0","0","0","0","0","0","0","0","0","0","0","0"
"0x72292f771c70","      IMAD R38, R0, R39, R43","0","0","0","0","0","0","0","0","32","0","-","-","-","0","0","0","0","0","0","0","0","0","0","0","0","0","0","0","0","0","0","0","0","0","0","0","0","0","0","0","0","0","0","0","0","0","0","0","0","0","0","0","0","0","0"
"0x72292f771c80","      LEA R36, P0, R42, R36, 0x2","0","0","0","0","0","0","0","0","32","0","-","-","-","0","0","0","0","0","0","0","0","0","0","0","0","0","0","0","0","0","0","0","0","0","0","0","0","0","0","0","0","0","0","0","0","0","0","0","0","0","0","0","0","0","0"
"0x72292f771c90","      LEA.HI.X R37, R42, R37, R38, 0x2, P0","0","0","0","0","0","0","0","0","32","0","-","-","-","0","0","0","0","0","0","0","0","0","0","0","0","0","0","0","0","0","0","0","0","0","0","0","0","0","0","0","0","0","0","0","0","0","0","0","0","0","0","0","0","0","0"
"0x72292f771ca0","      BRA 0x72292f771de0","0","0","0","0","0","0","0","0","32","0","-","-","-","0","0","0","0","0","0","0","0","0","0","0","0","0","0","0","0","0","0","0","0","0","0","0","0","0","0","0","0","0","0","0","0","0","0","0","0","0","0","0","0","0","0"
"0x72292f771cb0","      LDC.64 R42, c[0x0][0x4c8]","0","0","0","0","0","0","0","0","32","0","-","-","-","0","0","0","0","0","0","0","0","0","0","0","0","0","0","0","0","0","0","0","0","0","0","0","0","0","0","0","0","0","0","0","0","0","0","0","0","0","0","0","0","0","0"
"0x72292f771cc0","      LDC.64 R38, c[0x0][0x3a8]","0","0","0","0","0","0","0","0","32","0","-","-","-","0","0","0","0","0","0","0","0","0","0","0","0","0","0","0","0","0","0","0","0","0","0","0","0","0","0","0","0","0","0","0","0","0","0","0","0","0","0","0","0","0","0"
"0x72292f771cd0","      LDC.64 R40, c[0x0][0x4a8]","0","0","0","0","0","0","0","0","32","0","-","-","-","0","0","0","0","0","0","0","0","0","0","0","0","0","0","0","0","0","0","0","0","0","0","0","0","0","0","0","0","0","0","0","0","0","0","0","0","0","0","0","0","0","0"
"0x72292f771ce0","      LDC.64 R36, c[0x0][0x4b0]","0","0","0","0","0","0","0","0","32","0","-","-","-","0","0","0","0","0","0","0","0","0","0","0","0","0","0","0","0","0","0","0","0","0","0","0","0","0","0","0","0","0","0","0","0","0","0","0","0","0","0","0","0","0","0"
"0x72292f771cf0","      IMAD.WIDE.U32 R48, R0, R42, RZ","0","0","0","0","0","0","0","0","32","0","-","-","-","0","0","0","0","0","0","0","0","0","0","0","0","0","0","0","0","0","0","0","0","0","0","0","0","0","0","0","0","0","0","0","0","0","0","0","0","0","0","0","0","0","0"
"0x72292f771d00","      IMAD.WIDE.U32 R50, R0, R38, RZ","0","0","0","0","0","0","0","0","32","0","-","-","-","0","0","0","0","0","0","0","0","0","0","0","0","0","0","0","0","0","0","0","0","0","0","0","0","0","0","0","0","0","0","0","0","0","0","0","0","0","0","0","0","0","0"
"0x72292f771d10","      IMAD R38, R0, R43, R49","0","0","0","0","0","0","0","0","32","0","-","-","-","0","0","0","0","0","0","0","0","0","0","0","0","0","0","0","0","0","0","0","0","0","0","0","0","0","0","0","0","0","0","0","0","0","0","0","0","0","0","0","0","0","0"
"0x72292f771d20","      IMAD R42, R0, R39, R51","0","0","0","0","0","0","0","0","32","0","-","-","-","0","0","0","0","0","0","0","0","0","0","0","0","0","0","0","0","0","0","0","0","0","0","0","0","0","0","0","0","0","0","0","0","0","0","0","0","0","0","0","0","0","0"
"0x72292f771d30","      LEA R40, P1, R48, R40, 0x2","0","0","0","0","0","0","0","0","32","0","-","-","-","0","0","0","0","0","0","0","0","0","0","0","0","0","0","0","0","0","0","0","0","0","0","0","0","0","0","0","0","0","0","0","0","0","0","0","0","0","0","0","0","0","0"
"0x72292f771d40","      LEA.HI.X R41, R48, R41, R38, 0x2, P1","0","0","0","0","0","0","0","0","32","0","-","-","-","0","0","0","0","0","0","0","0","0","0","0","0","0","0","0","0","0","0","0","0","0","0","0","0","0","0","0","0","0","0","0","0","0","0","0","0","0","0","0","0","0","0"
"0x72292f771d50","      LEA R36, P0, R50, R36, 0x2","0","0","0","0","0","0","0","0","32","0","-","-","-","0","0","0","0","0","0","0","0","0","0","0","0","0","0","0","0","0","0","0","0","0","0","0","0","0","0","0","0","0","0","0","0","0","0","0","0","0","0","0","0","0","0"
"0x72292f771d60","      LEA.HI.X R37, R50, R37, R42, 0x2, P0","0","0","0","0","0","0","0","0","32","0","-","-","-","0","0","0","0","0","0","0","0","0","0","0","0","0","0","0","0","0","0","0","0","0","0","0","0","0","0","0","0","0","0","0","0","0","0","0","0","0","0","0","0","0","0"
"0x72292f771d70","      BRA 0x72292f771de0","0","0","0","0","0","0","0","0","32","0","-","-","-","0","0","0","0","0","0","0","0","0","0","0","0","0","0","0","0","0","0","0","0","0","0","0","0","0","0","0","0","0","0","0","0","0","0","0","0","0","0","0","0","0","0"
"0x72292f771d80","      LDC.64 R40, c[0x0][0x4a8]","0","0","0","0","0","0","0","0","32","0","-","-","-","0","0","0","0","0","0","0","0","0","0","0","0","0","0","0","0","0","0","0","0","0","0","0","0","0","0","0","0","0","0","0","0","0","0","0","0","0","0","0","0","0","0"
"0x72292f771d90","      LDC.64 R36, c[0x0][0x4b0]","0","0","0","0","0","0","0","0","32","0","-","-","-","0","0","0","0","0","0","0","0","0","0","0","0","0","0","0","0","0","0","0","0","0","0","0","0","0","0","0","0","0","0","0","0","0","0","0","0","0","0","0","0","0","0"
"0x72292f771da0","      IMAD.WIDE.U32 R40, R0, 0x8, R40","0","0","0","0","0","0","0","0","32","0","-","-","-","0","0","0","0","0","0","0","0","0","0","0","0","0","0","0","0","0","0","0","0","0","0","0","0","0","0","0","0","0","0","0","0","0","0","0","0","0","0","0","0","0","0"
"0x72292f771db0","      LDG.E.64 R40, [R40]","0","0","0","0","0","0","0","0","32","0","","","","0","0","0","0","0","0","0","0","0","0","0","0","0","0","0","0","0","0","0","0","0","0","0","0","0","0","0","0","0","0","0","0","0","0","0","0","0","0","0","0","0","0"
"0x72292f771dc0","      IMAD.WIDE.U32 R36, R0, 0x8, R36","0","0","0","0","0","0","0","0","32","0","-","-","-","0","0","0","0","0","0","0","0","0","0","0","0","0","0","0","0","0","0","0","0","0","0","0","0","0","0","0","0","0","0","0","0","0","0","0","0","0","0","0","0","0","0"
"0x72292f771dd0","      LDG.E.64 R36, [R36]","0","0","0","0","0","0","0","0","32","0","","","","0","0","0","0","0","0","0","0","0","0","0","0","0","0","0","0","0","0","0","0","0","0","0","0","0","0","0","0","0","0","0","0","0","0","0","0","0","0","0","0","0","0"
"0x72292f771de0","      IMAD.SHL.U32 R38, R2, 0x4, RZ","0","0","0","256","8192","8192","32","32","0","0","-","-","-","0","0","0","0","0","0","0","0","0","0","0","0","0","0","0","0","0","0","0","0","0","0","0","0","0","0","0","0","0","0","0","0","0","0","0","0","0","0","0","0","0","0"
"0x72292f771df0","      SHF.R.U32.HI R49, RZ, 0x4, R2","0","0","0","256","8192","8192","32","32","0","0","-","-","-","0","0","0","0","0","0","0","0","0","0","0","0","0","0","0","0","0","0","0","0","0","0","0","0","0","0","0","0","0","0","0","0","0","0","0","0","0","0","0","0","0","0"
"0x72292f771e00","      LDCU.64 UR6, c[0x0][0x3f8]","2","2","2","256","8192","8192","32","32","0","0","-","-","-","0","0","0","0","0","0","0","0","0","0","0","0","0","0","0","0","0","0","2","0","0","0","0","0","0","0","0","0","0","0","0","0","0","0","0","2","0","0","0","0","0","0"
"0x72292f771e10","      SHF.R.U32.HI R51, RZ, 0x1, R2","0","0","0","256","8192","8192","32","32","0","0","-","-","-","0","0","0","0","0","0","0","0","0","0","0","0","0","0","0","0","0","0","0","0","0","0","0","0","0","0","0","0","0","0","0","0","0","0","0","0","0","0","0","0","0","0"
"0x72292f771e20","      S2UR UR8, SR_CgaCtaId","0","0","0","256","8192","8192","32","32","0","0","-","-","-","0","0","0","0","0","0","0","0","0","0","0","0","0","0","0","0","0","0","0","0","0","0","0","0","0","0","0","0","0","0","0","0","0","0","0","0","0","0","0","0","0","0"
"0x72292f771e30","      LOP3.LUT R38, R38, 0x3c, RZ, 0xc0, !PT","0","0","0","256","8192","8192","32","32","0","0","-","-","-","0","0","0","0","0","0","0","0","0","0","0","0","0","0","0","0","0","0","0","0","0","0","0","0","0","0","0","0","0","0","0","0","0","0","0","0","0","0","0","0","0","0"
"0x72292f771e40","      LDCU.64 UR4, c[0x0][0x438]","0","0","0","256","8192","8192","32","32","0","0","-","-","-","0","0","0","0","0","0","0","0","0","0","0","0","0","0","0","0","0","0","0","0","0","0","0","0","0","0","0","0","0","0","0","0","0","0","0","0","0","0","0","0","0","0"
"0x72292f771e50","      LOP3.LUT R49, R49, 0x1, RZ, 0xc0, !PT","0","0","0","256","8192","8192","32","32","0","0","-","-","-","0","0","0","0","0","0","0","0","0","0","0","0","0","0","0","0","0","0","0","0","0","0","0","0","0","0","0","0","0","0","0","0","0","0","0","0","0","0","0","0","0","0"
"0x72292f771e60","      IMAD.SHL.U32 R43, R2, 0x10, RZ","0","0","0","256","8192","8192","32","32","0","0","-","-","-","0","0","0","0","0","0","0","0","0","0","0","0","0","0","0","0","0","0","0","0","0","0","0","0","0","0","0","0","0","0","0","0","0","0","0","0","0","0","0","0","0","0"
"0x72292f771e70","      SHF.R.U32.HI R42, RZ, 0x3, R2","0","0","0","256","8192","8192","32","32","0","0","-","-","-","0","0","0","0","0","0","0","0","0","0","0","0","0","0","0","0","0","0","0","0","0","0","0","0","0","0","0","0","0","0","0","0","0","0","0","0","0","0","0","0","0","0"
"0x72292f771e80","      IMAD R3, R3, 0x40, R38","0","0","0","256","8192","8192","32","32","0","0","-","-","-","0","0","0","0","0","0","0","0","0","0","0","0","0","0","0","0","0","0","0","0","0","0","0","0","0","0","0","0","0","0","0","0","0","0","0","0","0","0","0","0","0","0"
"0x72292f771e90","      LOP3.LUT R48, R49, 0x1c0, R51, 0xf8, !PT","0","0","0","256","8192","8192","32","32","0","0","-","-","-","0","0","0","0","0","0","0","0","0","0","0","0","0","0","0","0","0","0","0","0","0","0","0","0","0","0","0","0","0","0","0","0","0","0","0","0","0","0","0","0","0","0"
"0x72292f771ea0","      LDC R38, c[0x0][0x394]","0","0","0","256","8192","8192","32","32","0","0","-","-","-","0","0","0","0","0","0","0","0","0","0","0","0","0","0","0","0","0","0","0","0","0","0","0","0","0","0","0","0","0","0","0","0","0","0","0","0","0","0","0","0","0","0"
"0x72292f771eb0","      LDCU UR9, c[0x0][0x384]","0","0","0","256","8192","8192","32","32","0","0","-","-","-","0","0","0","0","0","0","0","0","0","0","0","0","0","0","0","0","0","0","0","0","0","0","0","0","0","0","0","0","0","0","0","0","0","0","0","0","0","0","0","0","0","0"
"0x72292f771ec0","      IMAD.WIDE R52, R3, 0x4, RZ","0","0","0","256","8192","8192","32","32","0","0","-","-","-","0","0","0","0","0","0","0","0","0","0","0","0","0","0","0","0","0","0","0","0","0","0","0","0","0","0","0","0","0","0","0","0","0","0","0","0","0","0","0","0","0","0"
"0x72292f771ed0","      LOP3.LUT R51, R48, 0x20, R51, 0xf8, !PT","0","0","0","256","8192","8192","32","32","0","0","-","-","-","0","0","0","0","0","0","0","0","0","0","0","0","0","0","0","0","0","0","0","0","0","0","0","0","0","0","0","0","0","0","0","0","0","0","0","0","0","0","0","0","0","0"
"0x72292f771ee0","      LOP3.LUT R46, R2, 0x1f, RZ, 0xc0, !PT","0","0","0","256","8192","8192","32","32","0","0","-","-","-","0","0","0","0","0","0","0","0","0","0","0","0","0","0","0","0","0","0","0","0","0","0","0","0","0","0","0","0","0","0","0","0","0","0","0","0","0","0","0","0","0","0"
"0x72292f771ef0","      ULEA UR14, UR15, UR14, 0x1","0","0","0","256","8192","8192","32","32","0","0","-","-","-","0","0","0","0","0","0","0","0","0","0","0","0","0","0","0","0","0","0","0","0","0","0","0","0","0","0","0","0","0","0","0","0","0","0","0","0","0","0","0","0","0","0"
"0x72292f771f00","      LOP3.LUT R51, R51, 0x4, R42, 0xf8, !PT","0","0","0","256","8192","8192","32","32","0","0","-","-","-","0","0","0","0","0","0","0","0","0","0","0","0","0","0","0","0","0","0","0","0","0","0","0","0","0","0","0","0","0","0","0","0","0","0","0","0","0","0","0","0","0","0"
"0x72292f771f10","      USHF.L.U32 UR13, UR13, 0x4, URZ","0","0","0","256","8192","8192","32","32","0","0","-","-","-","0","0","0","0","0","0","0","0","0","0","0","0","0","0","0","0","0","0","0","0","0","0","0","0","0","0","0","0","0","0","0","0","0","0","0","0","0","0","0","0","0","0"
"0x72292f771f20","      LOP3.LUT R58, R52, 0xfffffff0, RZ, 0xc0, !PT","0","0","0","256","8192","8192","32","32","0","0","-","-","-","0","0","0","0","0","0","0","0","0","0","0","0","0","0","0","0","0","0","0","0","0","0","0","0","0","0","0","0","0","0","0","0","0","0","0","0","0","0","0","0","0","0"
"0x72292f771f30","      USHF.L.U32 UR14, UR14, 0x3, URZ","1","0","1","256","8192","8192","32","32","0","0","-","-","-","0","0","0","0","0","0","0","0","0","0","0","0","0","0","0","0","0","0","0","0","1","0","0","0","0","0","0","0","0","0","0","0","0","0","0","0","0","0","0","0","0","0"
"0x72292f771f40","      LOP3.LUT R59, R53, 0x3fffffff, RZ, 0xc0, !PT","0","0","0","256","8192","8192","32","32","0","0","-","-","-","0","0","0","0","0","0","0","0","0","0","0","0","0","0","0","0","0","0","0","0","0","0","0","0","0","0","0","0","0","0","0","0","0","0","0","0","0","0","0","0","0","0"
"0x72292f771f50","      IMAD R53, R44, 0x40, R51","0","0","0","256","8192","8192","32","32","0","0","-","-","-","0","0","0","0","0","0","0","0","0","0","0","0","0","0","0","0","0","0","0","0","0","0","0","0","0","0","0","0","0","0","0","0","0","0","0","0","0","0","0","0","0","0"
"0x72292f771f60","      LOP3.LUT R39, R2, 0x3, RZ, 0xc0, !PT","0","0","0","256","8192","8192","32","32","0","0","-","-","-","0","0","0","0","0","0","0","0","0","0","0","0","0","0","0","0","0","0","0","0","0","0","0","0","0","0","0","0","0","0","0","0","0","0","0","0","0","0","0","0","0","0"
"0x72292f771f70","      UIMAD UR13, UR14, 0x24, UR13","0","0","0","256","8192","8192","32","32","0","0","-","-","-","0","0","0","0","0","0","0","0","0","0","0","0","0","0","0","0","0","0","0","0","0","0","0","0","0","0","0","0","0","0","0","0","0","0","0","0","0","0","0","0","0","0"
"0x72292f771f80","      SHF.R.U32.HI R46, RZ, 0x2, R46","0","0","0","256","8192","8192","32","32","0","0","-","-","-","0","0","0","0","0","0","0","0","0","0","0","0","0","0","0","0","0","0","0","0","0","0","0","0","0","0","0","0","0","0","0","0","0","0","0","0","0","0","0","0","0","0"
"0x72292f771f90","      IMAD.WIDE.U32 R62, R53, UR6, R58","0","0","0","256","8192","8192","32","32","0","0","-","-","-","0","0","0","0","0","0","0","0","0","0","0","0","0","0","0","0","0","0","0","0","0","0","0","0","0","0","0","0","0","0","0","0","0","0","0","0","0","0","0","0","0","0"
"0x72292f771fa0","      LOP3.LUT R49, R49, 0x70, R42, 0xf8, !PT","0","0","0","256","8192","8192","32","32","0","0","-","-","-","0","0","0","0","0","0","0","0","0","0","0","0","0","0","0","0","0","0","0","0","0","0","0","0","0","0","0","0","0","0","0","0","0","0","0","0","0","0","0","0","0","0"
"0x72292f771fb0","      LDCU.64 UR10, c[0x0][0x418]","0","0","0","256","8192","8192","32","32","0","0","-","-","-","0","0","0","0","0","0","0","0","0","0","0","0","0","0","0","0","0","0","0","0","0","0","0","0","0","0","0","0","0","0","0","0","0","0","0","0","0","0","0","0","0","0"
"0x72292f771fc0","      ISETP.GE.AND P0, PT, R3, UR9, PT","2","2","2","256","8192","8192","32","32","0","0","-","-","-","0","0","0","0","0","0","0","0","0","0","0","0","0","0","0","0","0","0","0","0","0","2","0","0","0","0","0","0","0","0","0","0","0","0","0","0","0","0","2","0","0","0"
"0x72292f771fd0","      IMAD.WIDE.U32 R58, R53, UR4, R58","0","0","0","256","8192","8192","32","32","0","0","-","-","-","0","0","0","0","0","0","0","0","0","0","0","0","0","0","0","0","0","0","0","0","0","0","0","0","0","0","0","0","0","0","0","0","0","0","0","0","0","0","0","0","0","0"
"0x72292f771fe0","      LOP3.LUT R49, R49, 0x8, R42, 0xf8, !PT","0","0","0","256","8192","8192","32","32","0","0","-","-","-","0","0","0","0","0","0","0","0","0","0","0","0","0","0","0","0","0","0","0","0","0","0","0","0","0","0","0","0","0","0","0","0","0","0","0","0","0","0","0","0","0","0"
"0x72292f771ff0","      UMOV UR4, 0x400","0","0","0","256","8192","8192","32","32","0","0","-","-","-","0","0","0","0","0","0","0","0","0","0","0","0","0","0","0","0","0","0","0","0","0","0","0","0","0","0","0","0","0","0","0","0","0","0","0","0","0","0","0","0","0","0"
"0x72292f772000","      ISETP.GE.AND P1, PT, R38, 0x2, PT","1","1","1","256","8192","8192","32","32","0","0","-","-","-","0","0","0","0","0","0","0","0","0","0","0","0","0","0","0","0","0","0","1","0","0","0","0","0","0","0","0","0","0","0","0","0","0","0","0","1","0","0","0","0","0","0"
"0x72292f772010","      IMAD R39, R46, 0x24, R39","0","0","0","256","8192","8192","32","32","0","0","-","-","-","0","0","0","0","0","0","0","0","0","0","0","0","0","0","0","0","0","0","0","0","0","0","0","0","0","0","0","0","0","0","0","0","0","0","0","0","0","0","0","0","0","0"
"0x72292f772020","      LOP3.LUT R49, R49, 0x4, R42, 0xf8, !PT","0","0","0","256","8192","8192","32","32","0","0","-","-","-","0","0","0","0","0","0","0","0","0","0","0","0","0","0","0","0","0","0","0","0","0","0","0","0","0","0","0","0","0","0","0","0","0","0","0","0","0","0","0","0","0","0"
"0x72292f772030","      IMAD R63, R53, UR7, R63","0","0","0","256","8192","8192","32","32","0","0","-","-","-","0","0","0","0","0","0","0","0","0","0","0","0","0","0","0","0","0","0","0","0","0","0","0","0","0","0","0","0","0","0","0","0","0","0","0","0","0","0","0","0","0","0"
"0x72292f772040","      ULEA UR4, UR8, UR4, 0x18","0","0","0","256","8192","8192","32","32","0","0","-","-","-","0","0","0","0","0","0","0","0","0","0","0","0","0","0","0","0","0","0","0","0","0","0","0","0","0","0","0","0","0","0","0","0","0","0","0","0","0","0","0","0","0","0"
"0x72292f772050","      ISETP.NE.OR P1, PT, R45, RZ, !P1","0","0","0","256","8192","8192","32","32","0","0","-","-","-","0","0","0","0","0","0","0","0","0","0","0","0","0","0","0","0","0","0","0","0","0","0","0","0","0","0","0","0","0","0","0","0","0","0","0","0","0","0","0","0","0","0"
"0x72292f772060","      IMAD R59, R53, UR5, R59","0","0","0","256","8192","8192","32","32","0","0","-","-","-","0","0","0","0","0","0","0","0","0","0","0","0","0","0","0","0","0","0","0","0","0","0","0","0","0","0","0","0","0","0","0","0","0","0","0","0","0","0","0","0","0","0"
"0x72292f772070","      LOP3.LUT R42, R43, 0xf0, RZ, 0xc0, !PT","0","0","0","256","8192","8192","32","32","0","0","-","-","-","0","0","0","0","0","0","0","0","0","0","0","0","0","0","0","0","0","0","0","0","0","0","0","0","0","0","0","0","0","0","0","0","0","0","0","0","0","0","0","0","0","0"
"0x72292f772080","      LDCU.64 UR6, c[0x0][0x400]","0","0","0","256","8192","8192","32","32","0","0","-","-","-","0","0","0","0","0","0","0","0","0","0","0","0","0","0","0","0","0","0","0","0","0","0","0","0","0","0","0","0","0","0","0","0","0","0","0","0","0","0","0","0","0","0"
"0x72292f772090","      IADD3 R39, PT, PT, R39, UR13, RZ","0","0","0","256","8192","8192","32","32","0","0","-","-","-","0","0","0","0","0","0","0","0","0","0","0","0","0","0","0","0","0","0","0","0","0","0","0","0","0","0","0","0","0","0","0","0","0","0","0","0","0","0","0","0","0","0"
"0x72292f7720a0","      ISETP.NE.S64.AND P2, PT, R40, RZ, !P0","0","0","0","256","8192","8192","32","32","0","0","-","-","-","0","0","0","0","0","0","0","0","0","0","0","0","0","0","0","0","0","0","0","0","0","0","0","0","0","0","0","0","0","0","0","0","0","0","0","0","0","0","0","0","0","0"
"0x72292f7720b0","      ISETP.NE.S64.AND P3, PT, R36, RZ, !P0","0","0","0","256","8192","8192","32","32","0","0","-","-","-","0","0","0","0","0","0","0","0","0","0","0","0","0","0","0","0","0","0","0","0","0","0","0","0","0","0","0","0","0","0","0","0","0","0","0","0","0","0","0","0","0","0"
"0x72292f7720c0","      IADD.64 R62, R40, R62","0","0","0","256","8192","8192","32","32","0","0","-","-","-","0","0","0","0","0","0","0","0","0","0","0","0","0","0","0","0","0","0","0","0","0","0","0","0","0","0","0","0","0","0","0","0","0","0","0","0","0","0","0","0","0","0"
"0x72292f7720d0","      IADD.64 R58, R36, R58","0","0","0","256","8192","8192","32","32","0","0","-","-","-","0","0","0","0","0","0","0","0","0","0","0","0","0","0","0","0","0","0","0","0","0","0","0","0","0","0","0","0","0","0","0","0","0","0","0","0","0","0","0","0","0","0"
"0x72292f7720e0","      IMAD R3, R49, 0x120, R42","0","0","0","256","8192","8192","32","32","0","0","-","-","-","0","0","0","0","0","0","0","0","0","0","0","0","0","0","0","0","0","0","0","0","0","0","0","0","0","0","0","0","0","0","0","0","0","0","0","0","0","0","0","0","0","0"
"0x72292f7720f0","      LEA R52, R39, UR4, 0x3","0","0","0","256","8192","8192","32","32","0","0","-","-","-","0","0","0","0","0","0","0","0","0","0","0","0","0","0","0","0","0","0","0","0","0","0","0","0","0","0","0","0","0","0","0","0","0","0","0","0","0","0","0","0","0","0"
"0x72292f772100","@P1   BRA 0x72292f7722e0","1","1","1","256","8192","8192","32","32","0","0","-","-","-","0","0","0","0","0","0","0","0","0","0","0","0","0","0","0","0","0","0","1","0","0","0","0","0","0","0","0","0","0","0","0","0","0","0","0","1","0","0","0","0","0","0"
"0x72292f772110","      ISETP.NE.AND P0, PT, R47, R0, PT","0","0","0","0","0","0","0","0","32","0","-","-","-","0","0","0","0","0","0","0","0","0","0","0","0","0","0","0","0","0","0","0","0","0","0","0","0","0","0","0","0","0","0","0","0","0","0","0","0","0","0","0","0","0","0"
"0x72292f772120","      BAR.RED.AND.DEFER_BLOCKING 0x0, P0","0","0","0","0","0","0","0","0","32","0","-","-","-","0","0","0","0","0","0","0","0","0","0","0","0","0","0","0","0","0","0","0","0","0","0","0","0","0","0","0","0","0","0","0","0","0","0","0","0","0","0","0","0","0","0"
"0x72292f772130","      B2R.RESULT RZ, P0","0","0","0","0","0","0","0","0","32","0","-","-","-","0","0","0","0","0","0","0","0","0","0","0","0","0","0","0","0","0","0","0","0","0","0","0","0","0","0","0","0","0","0","0","0","0","0","0","0","0","0","0","0","0","0"
"0x72292f772140","@!P0  BRA 0x72292f772200","0","0","0","0","0","0","0","0","32","0","-","-","-","0","0","0","0","0","0","0","0","0","0","0","0","0","0","0","0","0","0","0","0","0","0","0","0","0","0","0","0","0","0","0","0","0","0","0","0","0","0","0","0","0","0"
"0x72292f772150","      ISETP.NE.AND P1, PT, R2, RZ, PT","0","0","0","0","0","0","0","0","32","0","-","-","-","0","0","0","0","0","0","0","0","0","0","0","0","0","0","0","0","0","0","0","0","0","0","0","0","0","0","0","0","0","0","0","0","0","0","0","0","0","0","0","0","0","0"
"0x72292f772160","      YIELD","0","0","0","0","0","0","0","0","32","0","-","-","-","0","0","0","0","0","0","0","0","0","0","0","0","0","0","0","0","0","0","0","0","0","0","0","0","0","0","0","0","0","0","0","0","0","0","0","0","0","0","0","0","0","0"
"0x72292f772170","@P1   BRA 0x72292f7721a0","0","0","0","0","0","0","0","0","32","0","-","-","-","0","0","0","0","0","0","0","0","0","0","0","0","0","0","0","0","0","0","0","0","0","0","0","0","0","0","0","0","0","0","0","0","0","0","0","0","0","0","0","0","0","0"
"0x72292f772180","      LDG.E.STRONG.GPU R47, [R56]","0","0","0","0","0","0","0","0","32","0","","","","0","0","0","0","0","0","0","0","0","0","0","0","0","0","0","0","0","0","0","0","0","0","0","0","0","0","0","0","0","0","0","0","0","0","0","0","0","0","0","0","0","0"
"0x72292f772190","      CCTL.IVALL","0","0","0","0","0","0","0","0","32","0","-","-","-","0","0","0","0","0","0","0","0","0","0","0","0","0","0","0","0","0","0","0","0","0","0","0","0","0","0","0","0","0","0","0","0","0","0","0","0","0","0","0","0","0","0"
"0x72292f7721a0","      ISETP.NE.AND P0, PT, R47, R0, PT","0","0","0","0","0","0","0","0","32","0","-","-","-","0","0","0","0","0","0","0","0","0","0","0","0","0","0","0","0","0","0","0","0","0","0","0","0","0","0","0","0","0","0","0","0","0","0","0","0","0","0","0","0","0","0"
"0x72292f7721b0","      WARPSYNC.ALL","0","0","0","0","0","0","0","0","32","0","-","-","-","0","0","0","0","0","0","0","0","0","0","0","0","0","0","0","0","0","0","0","0","0","0","0","0","0","0","0","0","0","0","0","0","0","0","0","0","0","0","0","0","0","0"
"0x72292f7721c0","      NOP","0","0","0","0","0","0","0","0","32","0","-","-","-","0","0","0","0","0","0","0","0","0","0","0","0","0","0","0","0","0","0","0","0","0","0","0","0","0","0","0","0","0","0","0","0","0","0","0","0","0","0","0","0","0","0"
"0x72292f7721d0","      BAR.RED.AND.DEFER_BLOCKING 0x0, P0","0","0","0","0","0","0","0","0","32","0","-","-","-","0","0","0","0","0","0","0","0","0","0","0","0","0","0","0","0","0","0","0","0","0","0","0","0","0","0","0","0","0","0","0","0","0","0","0","0","0","0","0","0","0","0"
"0x72292f7721e0","      B2R.RESULT RZ, P0","0","0","0","0","0","0","0","0","32","0","-","-","-","0","0","0","0","0","0","0","0","0","0","0","0","0","0","0","0","0","0","0","0","0","0","0","0","0","0","0","0","0","0","0","0","0","0","0","0","0","0","0","0","0","0"
"0x72292f7721f0","@P0   BRA 0x72292f772160","0","0","0","0","0","0","0","0","32","0","-","-","-","0","0","0","0","0","0","0","0","0","0","0","0","0","0","0","0","0","0","0","0","0","0","0","0","0","0","0","0","0","0","0","0","0","0","0","0","0","0","0","0","0","0"
"0x72292f772200","      WARPSYNC.ALL","0","0","0","0","0","0","0","0","32","0","-","-","-","0","0","0","0","0","0","0","0","0","0","0","0","0","0","0","0","0","0","0","0","0","0","0","0","0","0","0","0","0","0","0","0","0","0","0","0","0","0","0","0","0","0"
"0x72292f772210","      NOP","0","0","0","0","0","0","0","0","32","0","-","-","-","0","0","0","0","0","0","0","0","0","0","0","0","0","0","0","0","0","0","0","0","0","0","0","0","0","0","0","0","0","0","0","0","0","0","0","0","0","0","0","0","0","0"
"0x72292f772220","      ISETP.NE.AND P0, PT, R0, RZ, PT","0","0","0","0","0","0","0","0","32","0","-","-","-","0","0","0","0","0","0","0","0","0","0","0","0","0","0","0","0","0","0","0","0","0","0","0","0","0","0","0","0","0","0","0","0","0","0","0","0","0","0","0","0","0","0"
"0x72292f772230","      BAR.SYNC.DEFER_BLOCKING 0x0","0","0","0","0","0","0","0","0","32","0","-","-","-","0","0","0","0","0","0","0","0","0","0","0","0","0","0","0","0","0","0","0","0","0","0","0","0","0","0","0","0","0","0","0","0","0","0","0","0","0","0","0","0","0","0"
"0x72292f772240","      SEL R36, RZ, 0xffffffff, !P3","0","0","0","0","0","0","0","0","32","0","-","-","-","0","0","0","0","0","0","0","0","0","0","0","0","0","0","0","0","0","0","0","0","0","0","0","0","0","0","0","0","0","0","0","0","0","0","0","0","0","0","0","0","0","0"
"0x72292f772250","@!P0  SEL R36, RZ, 0xffffffff, !P2","0","0","0","0","0","0","0","0","32","0","-","-","-","0","0","0","0","0","0","0","0","0","0","0","0","0","0","0","0","0","0","0","0","0","0","0","0","0","0","0","0","0","0","0","0","0","0","0","0","0","0","0","0","0","0"
"0x72292f772260","      SEL.64 R62, R62, R58, !P0","0","0","0","0","0","0","0","0","32","0","-","-","-","0","0","0","0","0","0","0","0","0","0","0","0","0","0","0","0","0","0","0","0","0","0","0","0","0","0","0","0","0","0","0","0","0","0","0","0","0","0","0","0","0","0"
"0x72292f772270","      VOTEU.ANY UP0, P0","0","0","0","0","0","0","0","0","32","0","-","-","-","0","0","0","0","0","0","0","0","0","0","0","0","0","0","0","0","0","0","0","0","0","0","0","0","0","0","0","0","0","0","0","0","0","0","0","0","0","0","0","0","0","0"
"0x72292f772280","      LOP3.LUT R36, R36, 0x1, RZ, 0xc0, !PT","0","0","0","0","0","0","0","0","32","0","-","-","-","0","0","0","0","0","0","0","0","0","0","0","0","0","0","0","0","0","0","0","0","0","0","0","0","0","0","0","0","0","0","0","0","0","0","0","0","0","0","0","0","0","0"
"0x72292f772290","      LDCU.64 UR6, c[0x0][0x400]","0","0","0","0","0","0","0","0","32","0","-","-","-","0","0","0","0","0","0","0","0","0","0","0","0","0","0","0","0","0","0","0","0","0","0","0","0","0","0","0","0","0","0","0","0","0","0","0","0","0","0","0","0","0","0"
"0x72292f7722a0","      ISETP.EQ.U32.AND P2, PT, R36, 0x1, PT","0","0","0","0","0","0","0","0","32","0","-","-","-","0","0","0","0","0","0","0","0","0","0","0","0","0","0","0","0","0","0","0","0","0","0","0","0","0","0","0","0","0","0","0","0","0","0","0","0","0","0","0","0","0","0"
"0x72292f7722b0","      LDCU.64 UR10, c[0x0][0x418]","0","0","0","0","0","0","0","0","32","0","-","-","-","0","0","0","0","0","0","0","0","0","0","0","0","0","0","0","0","0","0","0","0","0","0","0","0","0","0","0","0","0","0","0","0","0","0","0","0","0","0","0","0","0","0"
"0x72292f7722c0","@UP0  LDCU.64 UR6, c[0x0][0x440]","0","0","0","0","0","0","0","0","32","0","-","-","-","0","0","0","0","0","0","0","0","0","0","0","0","0","0","0","0","0","0","0","0","0","0","0","0","0","0","0","0","0","0","0","0","0","0","0","0","0","0","0","0","0","0"
"0x72292f7722d0","@UP0  LDCU.64 UR10, c[0x0][0x458]","0","0","0","0","0","0","0","0","32","0","-","-","-","0","0","0","0","0","0","0","0","0","0","0","0","0","0","0","0","0","0","0","0","0","0","0","0","0","0","0","0","0","0","0","0","0","0","0","0","0","0","0","0","0","0"
"0x72292f7722e0","      FSETP.NEU.AND P0, PT, R60, RZ, PT","0","0","0","256","8192","8192","32","32","0","0","-","-","-","0","0","0","0","0","0","0","0","0","0","0","0","0","0","0","0","0","0","0","0","0","0","0","0","0","0","0","0","0","0","0","0","0","0","0","0","0","0","0","0","0","0"
"0x72292f7722f0","      BSSY.RECONVERGENT B0, 0x72292f7736a0","0","0","0","256","8192","8192","32","32","0","0","-","-","-","0","0","0","0","0","0","0","0","0","0","0","0","0","0","0","0","0","0","0","0","0","0","0","0","0","0","0","0","0","0","0","0","0","0","0","0","0","0","0","0","0","0"
"0x72292f772300","@!P0  BRA 0x72292f772ec0","1","0","1","256","8192","8192","32","32","0","0","-","-","-","0","0","0","0","0","0","0","0","0","0","0","0","0","0","0","0","0","0","0","0","1","0","0","0","0","0","0","0","0","0","0","0","0","0","0","0","0","0","0","0","0","0"
"0x72292f772310","      LDCU UR5, c[0x0][0x380]","0","0","0","0","0","0","0","0","32","0","-","-","-","0","0","0","0","0","0","0","0","0","0","0","0","0","0","0","0","0","0","0","0","0","0","0","0","0","0","0","0","0","0","0","0","0","0","0","0","0","0","0","0","0","0"
"0x72292f772320","      IADD3 R61, PT, PT, R53, 0x2, RZ","0","0","0","0","0","0","0","0","32","0","-","-","-","0","0","0","0","0","0","0","0","0","0","0","0","0","0","0","0","0","0","0","0","0","0","0","0","0","0","0","0","0","0","0","0","0","0","0","0","0","0","0","0","0","0"
"0x72292f772330","      CS2R R36, SRZ","0","0","0","0","0","0","0","0","32","0","-","-","-","0","0","0","0","0","0","0","0","0","0","0","0","0","0","0","0","0","0","0","0","0","0","0","0","0","0","0","0","0","0","0","0","0","0","0","0","0","0","0","0","0","0"
"0x72292f772340","      CS2R R38, SRZ","0","0","0","0","0","0","0","0","32","0","-","-","-","0","0","0","0","0","0","0","0","0","0","0","0","0","0","0","0","0","0","0","0","0","0","0","0","0","0","0","0","0","0","0","0","0","0","0","0","0","0","0","0","0","0"
"0x72292f772350","      CS2R R40, SRZ","0","0","0","0","0","0","0","0","32","0","-","-","-","0","0","0","0","0","0","0","0","0","0","0","0","0","0","0","0","0","0","0","0","0","0","0","0","0","0","0","0","0","0","0","0","0","0","0","0","0","0","0","0","0","0"
"0x72292f772360","      CS2R R42, SRZ","0","0","0","0","0","0","0","0","32","0","-","-","-","0","0","0","0","0","0","0","0","0","0","0","0","0","0","0","0","0","0","0","0","0","0","0","0","0","0","0","0","0","0","0","0","0","0","0","0","0","0","0","0","0","0"
"0x72292f772370","      LDCU.64 UR12, c[0x0][0x440]","0","0","0","0","0","0","0","0","32","0","-","-","-","0","0","0","0","0","0","0","0","0","0","0","0","0","0","0","0","0","0","0","0","0","0","0","0","0","0","0","0","0","0","0","0","0","0","0","0","0","0","0","0","0","0"
"0x72292f772380","      LDCU.64 UR8, c[0x0][0x458]","0","0","0","0","0","0","0","0","32","0","-","-","-","0","0","0","0","0","0","0","0","0","0","0","0","0","0","0","0","0","0","0","0","0","0","0","0","0","0","0","0","0","0","0","0","0","0","0","0","0","0","0","0","0","0"
"0x72292f772390","      ISETP.LT.AND P0, PT, R61, UR5, P2","0","0","0","0","0","0","0","0","32","0","-","-","-","0","0","0","0","0","0","0","0","0","0","0","0","0","0","0","0","0","0","0","0","0","0","0","0","0","0","0","0","0","0","0","0","0","0","0","0","0","0","0","0","0","0"
"0x72292f7723a0","      ISETP.LT.AND P1, PT, R53, UR5, P2","0","0","0","0","0","0","0","0","32","0","-","-","-","0","0","0","0","0","0","0","0","0","0","0","0","0","0","0","0","0","0","0","0","0","0","0","0","0","0","0","0","0","0","0","0","0","0","0","0","0","0","0","0","0","0"
"0x72292f7723b0","@P0   LDG.E.LTC128B.128 R36, [R62.64+UR6]","0","0","0","0","0","0","0","0","32","0","","","","0","0","0","0","0","0","0","0","0","0","0","0","0","0","0","0","0","0","0","0","0","0","0","0","0","0","0","0","0","0","0","0","0","0","0","0","0","0","0","0","0","0"
"0x72292f7723c0","@P1   LDG.E.LTC128B.128 R40, [R62]","0","0","0","0","0","0","0","0","32","0","","","","0","0","0","0","0","0","0","0","0","0","0","0","0","0","0","0","0","0","0","0","0","0","0","0","0","0","0","0","0","0","0","0","0","0","0","0","0","0","0","0","0","0"
"0x72292f7723d0","      BAR.SYNC.DEFER_BLOCKING 0x0","0","0","0","0","0","0","0","0","32","0","-","-","-","0","0","0","0","0","0","0","0","0","0","0","0","0","0","0","0","0","0","0","0","0","0","0","0","0","0","0","0","0","0","0","0","0","0","0","0","0","0","0","0","0","0"
"0x72292f7723e0","      STS.64 [R52], R4","0","0","0","0","0","0","0","0","32","0","","","","0","0","0","0","0","0","0","0","0","0","0","0","0","0","0","0","0","0","0","0","0","0","0","0","0","0","0","0","0","0","0","0","0","0","0","0","0","0","0","0","0","0"
"0x72292f7723f0","      STS.64 [R52+0x20], R8","0","0","0","0","0","0","0","0","32","0","","","","0","0","0","0","0","0","0","0","0","0","0","0","0","0","0","0","0","0","0","0","0","0","0","0","0","0","0","0","0","0","0","0","0","0","0","0","0","0","0","0","0","0"
"0x72292f772400","      STS.64 [R52+0x40], R12","0","0","0","0","0","0","0","0","32","0","","","","0","0","0","0","0","0","0","0","0","0","0","0","0","0","0","0","0","0","0","0","0","0","0","0","0","0","0","0","0","0","0","0","0","0","0","0","0","0","0","0","0","0"
"0x72292f772410","      STS.64 [R52+0x60], R16","0","0","0","0","0","0","0","0","32","0","","","","0","0","0","0","0","0","0","0","0","0","0","0","0","0","0","0","0","0","0","0","0","0","0","0","0","0","0","0","0","0","0","0","0","0","0","0","0","0","0","0","0","0"
"0x72292f772420","      BAR.SYNC.DEFER_BLOCKING 0x0","0","0","0","0","0","0","0","0","32","0","-","-","-","0","0","0","0","0","0","0","0","0","0","0","0","0","0","0","0","0","0","0","0","0","0","0","0","0","0","0","0","0","0","0","0","0","0","0","0","0","0","0","0","0","0"
"0x72292f772430","      LDS.128 R44, [R3+UR4+0x240]","0","0","0","0","0","0","0","0","32","0","","","","0","0","0","0","0","0","0","0","0","0","0","0","0","0","0","0","0","0","0","0","0","0","0","0","0","0","0","0","0","0","0","0","0","0","0","0","0","0","0","0","0","0"
"0x72292f772440","      LDS.128 R48, [R3+UR4]","0","0","0","0","0","0","0","0","32","0","","","","0","0","0","0","0","0","0","0","0","0","0","0","0","0","0","0","0","0","0","0","0","0","0","0","0","0","0","0","0","0","0","0","0","0","0","0","0","0","0","0","0","0"
"0x72292f772450","      ISETP.LT.AND P5, PT, R53, UR5, P3","0","0","0","0","0","0","0","0","32","0","-","-","-","0","0","0","0","0","0","0","0","0","0","0","0","0","0","0","0","0","0","0","0","0","0","0","0","0","0","0","0","0","0","0","0","0","0","0","0","0","0","0","0","0","0"
"0x72292f772460","      ISETP.LT.AND P4, PT, R61, UR5, P3","0","0","0","0","0","0","0","0","32","0","-","-","-","0","0","0","0","0","0","0","0","0","0","0","0","0","0","0","0","0","0","0","0","0","0","0","0","0","0","0","0","0","0","0","0","0","0","0","0","0","0","0","0","0","0"
"0x72292f772470","      FMUL R4, R37, R60","0","0","0","0","0","0","0","0","32","0","-","-","-","0","0","0","0","0","0","0","0","0","0","0","0","0","0","0","0","0","0","0","0","0","0","0","0","0","0","0","0","0","0","0","0","0","0","0","0","0","0","0","0","0","0"
"0x72292f772480","      FMUL R8, R43, R60","0","0","0","0","0","0","0","0","32","0","-","-","-","0","0","0","0","0","0","0","0","0","0","0","0","0","0","0","0","0","0","0","0","0","0","0","0","0","0","0","0","0","0","0","0","0","0","0","0","0","0","0","0","0","0"
"0x72292f772490","      FFMA R45, R45, R55, R4","0","0","0","0","0","0","0","0","32","0","-","-","-","0","0","0","0","0","0","0","0","0","0","0","0","0","0","0","0","0","0","0","0","0","0","0","0","0","0","0","0","0","0","0","0","0","0","0","0","0","0","0","0","0","0"
"0x72292f7724a0","      FMUL R5, R42, R60","0","0","0","0","0","0","0","0","32","0","-","-","-","0","0","0","0","0","0","0","0","0","0","0","0","0","0","0","0","0","0","0","0","0","0","0","0","0","0","0","0","0","0","0","0","0","0","0","0","0","0","0","0","0","0"
"0x72292f7724b0","      IADD3 R4, PT, PT, R53, 0x8, RZ","0","0","0","0","0","0","0","0","32","0","-","-","-","0","0","0","0","0","0","0","0","0","0","0","0","0","0","0","0","0","0","0","0","0","0","0","0","0","0","0","0","0","0","0","0","0","0","0","0","0","0","0","0","0","0"
"0x72292f7724c0","      FMUL R65, R40, R60","0","0","0","0","0","0","0","0","32","0","-","-","-","0","0","0","0","0","0","0","0","0","0","0","0","0","0","0","0","0","0","0","0","0","0","0","0","0","0","0","0","0","0","0","0","0","0","0","0","0","0","0","0","0","0"
"0x72292f7724d0","      FMUL R64, R41, R60","0","0","0","0","0","0","0","0","32","0","-","-","-","0","0","0","0","0","0","0","0","0","0","0","0","0","0","0","0","0","0","0","0","0","0","0","0","0","0","0","0","0","0","0","0","0","0","0","0","0","0","0","0","0","0"
"0x72292f7724e0","      FFMA R51, R51, R55, R8","0","0","0","0","0","0","0","0","32","0","-","-","-","0","0","0","0","0","0","0","0","0","0","0","0","0","0","0","0","0","0","0","0","0","0","0","0","0","0","0","0","0","0","0","0","0","0","0","0","0","0","0","0","0","0"
"0x72292f7724f0","      FMUL R13, R36, R60","0","0","0","0","0","0","0","0","32","0","-","-","-","0","0","0","0","0","0","0","0","0","0","0","0","0","0","0","0","0","0","0","0","0","0","0","0","0","0","0","0","0","0","0","0","0","0","0","0","0","0","0","0","0","0"
"0x72292f772500","      FMUL R9, R38, R60","0","0","0","0","0","0","0","0","32","0","-","-","-","0","0","0","0","0","0","0","0","0","0","0","0","0","0","0","0","0","0","0","0","0","0","0","0","0","0","0","0","0","0","0","0","0","0","0","0","0","0","0","0","0","0"
"0x72292f772510","      FMUL R8, R39, R60","0","0","0","0","0","0","0","0","32","0","-","-","-","0","0","0","0","0","0","0","0","0","0","0","0","0","0","0","0","0","0","0","0","0","0","0","0","0","0","0","0","0","0","0","0","0","0","0","0","0","0","0","0","0","0"
"0x72292f772520","      FFMA R17, R50, R55, R5","0","0","0","0","0","0","0","0","32","0","-","-","-","0","0","0","0","0","0","0","0","0","0","0","0","0","0","0","0","0","0","0","0","0","0","0","0","0","0","0","0","0","0","0","0","0","0","0","0","0","0","0","0","0","0"
"0x72292f772530","      IADD3 R5, PT, PT, R53, 0xa, RZ","0","0","0","0","0","0","0","0","32","0","-","-","-","0","0","0","0","0","0","0","0","0","0","0","0","0","0","0","0","0","0","0","0","0","0","0","0","0","0","0","0","0","0","0","0","0","0","0","0","0","0","0","0","0","0"
"0x72292f772540","      ISETP.LT.AND P1, PT, R4, UR5, P2","0","0","0","0","0","0","0","0","32","0","-","-","-","0","0","0","0","0","0","0","0","0","0","0","0","0","0","0","0","0","0","0","0","0","0","0","0","0","0","0","0","0","0","0","0","0","0","0","0","0","0","0","0","0","0"
"0x72292f772550","      FFMA R61, R48, R55, R65","0","0","0","0","0","0","0","0","32","0","-","-","-","0","0","0","0","0","0","0","0","0","0","0","0","0","0","0","0","0","0","0","0","0","0","0","0","0","0","0","0","0","0","0","0","0","0","0","0","0","0","0","0","0","0"
"0x72292f772560","      FFMA R49, R49, R55, R64","0","0","0","0","0","0","0","0","32","0","-","-","-","0","0","0","0","0","0","0","0","0","0","0","0","0","0","0","0","0","0","0","0","0","0","0","0","0","0","0","0","0","0","0","0","0","0","0","0","0","0","0","0","0","0"
"0x72292f772570","      FFMA R13, R44, R55, R13","0","0","0","0","0","0","0","0","32","0","-","-","-","0","0","0","0","0","0","0","0","0","0","0","0","0","0","0","0","0","0","0","0","0","0","0","0","0","0","0","0","0","0","0","0","0","0","0","0","0","0","0","0","0","0"
"0x72292f772580","      FFMA R9, R46, R55, R9","0","0","0","0","0","0","0","0","32","0","-","-","-","0","0","0","0","0","0","0","0","0","0","0","0","0","0","0","0","0","0","0","0","0","0","0","0","0","0","0","0","0","0","0","0","0","0","0","0","0","0","0","0","0","0"
"0x72292f772590","      FFMA R47, R47, R55, R8","0","0","0","0","0","0","0","0","32","0","-","-","-","0","0","0","0","0","0","0","0","0","0","0","0","0","0","0","0","0","0","0","0","0","0","0","0","0","0","0","0","0","0","0","0","0","0","0","0","0","0","0","0","0","0"
"0x72292f7725a0","      ISETP.LT.AND P0, PT, R5, UR5, P2","0","0","0","0","0","0","0","0","32","0","-","-","-","0","0","0","0","0","0","0","0","0","0","0","0","0","0","0","0","0","0","0","0","0","0","0","0","0","0","0","0","0","0","0","0","0","0","0","0","0","0","0","0","0","0"
"0x72292f7725b0","      FMNMX R48, R61, R54, !PT","0","0","0","0","0","0","0","0","32","0","-","-","-","0","0","0","0","0","0","0","0","0","0","0","0","0","0","0","0","0","0","0","0","0","0","0","0","0","0","0","0","0","0","0","0","0","0","0","0","0","0","0","0","0","0"
"0x72292f7725c0","      FMNMX R49, R49, R54, !PT","0","0","0","0","0","0","0","0","32","0","-","-","-","0","0","0","0","0","0","0","0","0","0","0","0","0","0","0","0","0","0","0","0","0","0","0","0","0","0","0","0","0","0","0","0","0","0","0","0","0","0","0","0","0","0"
"0x72292f7725d0","      FMNMX R50, R17, R54, !PT","0","0","0","0","0","0","0","0","32","0","-","-","-","0","0","0","0","0","0","0","0","0","0","0","0","0","0","0","0","0","0","0","0","0","0","0","0","0","0","0","0","0","0","0","0","0","0","0","0","0","0","0","0","0","0"
"0x72292f7725e0","      FMNMX R51, R51, R54, !PT","0","0","0","0","0","0","0","0","32","0","-","-","-","0","0","0","0","0","0","0","0","0","0","0","0","0","0","0","0","0","0","0","0","0","0","0","0","0","0","0","0","0","0","0","0","0","0","0","0","0","0","0","0","0","0"
"0x72292f7725f0","      FMNMX R44, R13, R54, !PT","0","0","0","0","0","0","0","0","32","0","-","-","-","0","0","0","0","0","0","0","0","0","0","0","0","0","0","0","0","0","0","0","0","0","0","0","0","0","0","0","0","0","0","0","0","0","0","0","0","0","0","0","0","0","0"
"0x72292f772600","      FMNMX R45, R45, R54, !PT","0","0","0","0","0","0","0","0","32","0","-","-","-","0","0","0","0","0","0","0","0","0","0","0","0","0","0","0","0","0","0","0","0","0","0","0","0","0","0","0","0","0","0","0","0","0","0","0","0","0","0","0","0","0","0"
"0x72292f772610","      FMNMX R46, R9, R54, !PT","0","0","0","0","0","0","0","0","32","0","-","-","-","0","0","0","0","0","0","0","0","0","0","0","0","0","0","0","0","0","0","0","0","0","0","0","0","0","0","0","0","0","0","0","0","0","0","0","0","0","0","0","0","0","0"
"0x72292f772620","      FMNMX R47, R47, R54, !PT","0","0","0","0","0","0","0","0","32","0","-","-","-","0","0","0","0","0","0","0","0","0","0","0","0","0","0","0","0","0","0","0","0","0","0","0","0","0","0","0","0","0","0","0","0","0","0","0","0","0","0","0","0","0","0"
"0x72292f772630","@P5   STG.E.128 [R58], R48","0","0","0","0","0","0","0","0","32","0","","","","0","0","0","0","0","0","0","0","0","0","0","0","0","0","0","0","0","0","0","0","0","0","0","0","0","0","0","0","0","0","0","0","0","0","0","0","0","0","0","0","0","0"
"0x72292f772640","      IADD.64 R16, R62, UR10","0","0","0","0","0","0","0","0","32","0","-","-","-","0","0","0","0","0","0","0","0","0","0","0","0","0","0","0","0","0","0","0","0","0","0","0","0","0","0","0","0","0","0","0","0","0","0","0","0","0","0","0","0","0","0"
"0x72292f772650","@P4   STG.E.128 [R58.64+UR12], R44","0","0","0","0","0","0","0","0","32","0","","","","0","0","0","0","0","0","0","0","0","0","0","0","0","0","0","0","0","0","0","0","0","0","0","0","0","0","0","0","0","0","0","0","0","0","0","0","0","0","0","0","0","0"
"0x72292f772660","@P1   LDG.E.LTC128B.128 R40, [R62.64+UR10]","0","0","0","0","0","0","0","0","32","0","","","","0","0","0","0","0","0","0","0","0","0","0","0","0","0","0","0","0","0","0","0","0","0","0","0","0","0","0","0","0","0","0","0","0","0","0","0","0","0","0","0","0","0"
"0x72292f772670","@P0   LDG.E.LTC128B.128 R36, [R16.64+UR6]","0","0","0","0","0","0","0","0","32","0","","","","0","0","0","0","0","0","0","0","0","0","0","0","0","0","0","0","0","0","0","0","0","0","0","0","0","0","0","0","0","0","0","0","0","0","0","0","0","0","0","0","0","0"
"0x72292f772680","      BAR.SYNC.DEFER_BLOCKING 0x0","0","0","0","0","0","0","0","0","32","0","-","-","-","0","0","0","0","0","0","0","0","0","0","0","0","0","0","0","0","0","0","0","0","0","0","0","0","0","0","0","0","0","0","0","0","0","0","0","0","0","0","0","0","0","0"
"0x72292f772690","      STS.64 [R52], R6","0","0","0","0","0","0","0","0","32","0","","","","0","0","0","0","0","0","0","0","0","0","0","0","0","0","0","0","0","0","0","0","0","0","0","0","0","0","0","0","0","0","0","0","0","0","0","0","0","0","0","0","0","0"
"0x72292f7726a0","      STS.64 [R52+0x20], R10","0","0","0","0","0","0","0","0","32","0","","","","0","0","0","0","0","0","0","0","0","0","0","0","0","0","0","0","0","0","0","0","0","0","0","0","0","0","0","0","0","0","0","0","0","0","0","0","0","0","0","0","0","0"
"0x72292f7726b0","      STS.64 [R52+0x40], R14","0","0","0","0","0","0","0","0","32","0","","","","0","0","0","0","0","0","0","0","0","0","0","0","0","0","0","0","0","0","0","0","0","0","0","0","0","0","0","0","0","0","0","0","0","0","0","0","0","0","0","0","0","0"
"0x72292f7726c0","      STS.64 [R52+0x60], R18","0","0","0","0","0","0","0","0","32","0","","","","0","0","0","0","0","0","0","0","0","0","0","0","0","0","0","0","0","0","0","0","0","0","0","0","0","0","0","0","0","0","0","0","0","0","0","0","0","0","0","0","0","0"
"0x72292f7726d0","      BAR.SYNC.DEFER_BLOCKING 0x0","0","0","0","0","0","0","0","0","32","0","-","-","-","0","0","0","0","0","0","0","0","0","0","0","0","0","0","0","0","0","0","0","0","0","0","0","0","0","0","0","0","0","0","0","0","0","0","0","0","0","0","0","0","0","0"
"0x72292f7726e0","      LDS.128 R48, [R3+UR4]","0","0","0","0","0","0","0","0","32","0","","","","0","0","0","0","0","0","0","0","0","0","0","0","0","0","0","0","0","0","0","0","0","0","0","0","0","0","0","0","0","0","0","0","0","0","0","0","0","0","0","0","0","0"
"0x72292f7726f0","      LDS.128 R44, [R3+UR4+0x240]","0","0","0","0","0","0","0","0","32","0","","","","0","0","0","0","0","0","0","0","0","0","0","0","0","0","0","0","0","0","0","0","0","0","0","0","0","0","0","0","0","0","0","0","0","0","0","0","0","0","0","0","0","0"
"0x72292f772700","      ISETP.LT.AND P0, PT, R4, UR5, P3","0","0","0","0","0","0","0","0","32","0","-","-","-","0","0","0","0","0","0","0","0","0","0","0","0","0","0","0","0","0","0","0","0","0","0","0","0","0","0","0","0","0","0","0","0","0","0","0","0","0","0","0","0","0","0"
"0x72292f772710","      IADD3 R14, PT, PT, R53, 0x10, RZ","0","0","0","0","0","0","0","0","32","0","-","-","-","0","0","0","0","0","0","0","0","0","0","0","0","0","0","0","0","0","0","0","0","0","0","0","0","0","0","0","0","0","0","0","0","0","0","0","0","0","0","0","0","0","0"
"0x72292f772720","      ISETP.LT.AND P4, PT, R5, UR5, P3","0","0","0","0","0","0","0","0","32","0","-","-","-","0","0","0","0","0","0","0","0","0","0","0","0","0","0","0","0","0","0","0","0","0","0","0","0","0","0","0","0","0","0","0","0","0","0","0","0","0","0","0","0","0","0"
"0x72292f772730","      IADD3 R15, PT, PT, R53, 0x12, RZ","0","0","0","0","0","0","0","0","32","0","-","-","-","0","0","0","0","0","0","0","0","0","0","0","0","0","0","0","0","0","0","0","0","0","0","0","0","0","0","0","0","0","0","0","0","0","0","0","0","0","0","0","0","0","0"
"0x72292f772740","      ISETP.LT.AND P1, PT, R14, UR5, P2","0","0","0","0","0","0","0","0","32","0","-","-","-","0","0","0","0","0","0","0","0","0","0","0","0","0","0","0","0","0","0","0","0","0","0","0","0","0","0","0","0","0","0","0","0","0","0","0","0","0","0","0","0","0","0"
"0x72292f772750","      UIADD3.64 UR14, UPT, UPT, UR10, UR10, URZ","0","0","0","0","0","0","0","0","32","0","-","-","-","0","0","0","0","0","0","0","0","0","0","0","0","0","0","0","0","0","0","0","0","0","0","0","0","0","0","0","0","0","0","0","0","0","0","0","0","0","0","0","0","0","0"
"0x72292f772760","      IADD.64 R12, R58, UR8","0","0","0","0","0","0","0","0","32","0","-","-","-","0","0","0","0","0","0","0","0","0","0","0","0","0","0","0","0","0","0","0","0","0","0","0","0","0","0","0","0","0","0","0","0","0","0","0","0","0","0","0","0","0","0"
"0x72292f772770","      IADD.64 R16, R16, UR6","0","0","0","0","0","0","0","0","32","0","-","-","-","0","0","0","0","0","0","0","0","0","0","0","0","0","0","0","0","0","0","0","0","0","0","0","0","0","0","0","0","0","0","0","0","0","0","0","0","0","0","0","0","0","0"
"0x72292f772780","      FMUL R65, R40, R60","0","0","0","0","0","0","0","0","32","0","-","-","-","0","0","0","0","0","0","0","0","0","0","0","0","0","0","0","0","0","0","0","0","0","0","0","0","0","0","0","0","0","0","0","0","0","0","0","0","0","0","0","0","0","0"
"0x72292f772790","      FMUL R6, R41, R60","0","0","0","0","0","0","0","0","32","0","-","-","-","0","0","0","0","0","0","0","0","0","0","0","0","0","0","0","0","0","0","0","0","0","0","0","0","0","0","0","0","0","0","0","0","0","0","0","0","0","0","0","0","0","0"
"0x72292f7727a0","      FMUL R61, R42, R60","0","0","0","0","0","0","0","0","32","0","-","-","-","0","0","0","0","0","0","0","0","0","0","0","0","0","0","0","0","0","0","0","0","0","0","0","0","0","0","0","0","0","0","0","0","0","0","0","0","0","0","0","0","0","0"
"0x72292f7727b0","      FMUL R4, R43, R60","0","0","0","0","0","0","0","0","32","0","-","-","-","0","0","0","0","0","0","0","0","0","0","0","0","0","0","0","0","0","0","0","0","0","0","0","0","0","0","0","0","0","0","0","0","0","0","0","0","0","0","0","0","0","0"
"0x72292f7727c0","      FFMA R65, R48, R55, R65","0","0","0","0","0","0","0","0","32","0","-","-","-","0","0","0","0","0","0","0","0","0","0","0","0","0","0","0","0","0","0","0","0","0","0","0","0","0","0","0","0","0","0","0","0","0","0","0","0","0","0","0","0","0","0"
"0x72292f7727d0","      FFMA R9, R49, R55, R6","0","0","0","0","0","0","0","0","32","0","-","-","-","0","0","0","0","0","0","0","0","0","0","0","0","0","0","0","0","0","0","0","0","0","0","0","0","0","0","0","0","0","0","0","0","0","0","0","0","0","0","0","0","0","0"
"0x72292f7727e0","      FFMA R61, R50, R55, R61","0","0","0","0","0","0","0","0","32","0","-","-","-","0","0","0","0","0","0","0","0","0","0","0","0","0","0","0","0","0","0","0","0","0","0","0","0","0","0","0","0","0","0","0","0","0","0","0","0","0","0","0","0","0","0"
"0x72292f7727f0","      FFMA R11, R51, R55, R4","0","0","0","0","0","0","0","0","32","0","-","-","-","0","0","0","0","0","0","0","0","0","0","0","0","0","0","0","0","0","0","0","0","0","0","0","0","0","0","0","0","0","0","0","0","0","0","0","0","0","0","0","0","0","0"
"0x72292f772800","      FMUL R49, R36, R60","0","0","0","0","0","0","0","0","32","0","-","-","-","0","0","0","0","0","0","0","0","0","0","0","0","0","0","0","0","0","0","0","0","0","0","0","0","0","0","0","0","0","0","0","0","0","0","0","0","0","0","0","0","0","0"
"0x72292f772810","      FMUL R6, R37, R60","0","0","0","0","0","0","0","0","32","0","-","-","-","0","0","0","0","0","0","0","0","0","0","0","0","0","0","0","0","0","0","0","0","0","0","0","0","0","0","0","0","0","0","0","0","0","0","0","0","0","0","0","0","0","0"
"0x72292f772820","      FMUL R19, R38, R60","0","0","0","0","0","0","0","0","32","0","-","-","-","0","0","0","0","0","0","0","0","0","0","0","0","0","0","0","0","0","0","0","0","0","0","0","0","0","0","0","0","0","0","0","0","0","0","0","0","0","0","0","0","0","0"
"0x72292f772830","      FMUL R4, R39, R60","0","0","0","0","0","0","0","0","32","0","-","-","-","0","0","0","0","0","0","0","0","0","0","0","0","0","0","0","0","0","0","0","0","0","0","0","0","0","0","0","0","0","0","0","0","0","0","0","0","0","0","0","0","0","0"
"0x72292f772840","      FFMA R49, R44, R55, R49","0","0","0","0","0","0","0","0","32","0","-","-","-","0","0","0","0","0","0","0","0","0","0","0","0","0","0","0","0","0","0","0","0","0","0","0","0","0","0","0","0","0","0","0","0","0","0","0","0","0","0","0","0","0","0"
"0x72292f772850","      FFMA R5, R45, R55, R6","0","0","0","0","0","0","0","0","32","0","-","-","-","0","0","0","0","0","0","0","0","0","0","0","0","0","0","0","0","0","0","0","0","0","0","0","0","0","0","0","0","0","0","0","0","0","0","0","0","0","0","0","0","0","0"
"0x72292f772860","      FFMA R19, R46, R55, R19","0","0","0","0","0","0","0","0","32","0","-","-","-","0","0","0","0","0","0","0","0","0","0","0","0","0","0","0","0","0","0","0","0","0","0","0","0","0","0","0","0","0","0","0","0","0","0","0","0","0","0","0","0","0","0"
"0x72292f772870","      FFMA R7, R47, R55, R4","0","0","0","0","0","0","0","0","32","0","-","-","-","0","0","0","0","0","0","0","0","0","0","0","0","0","0","0","0","0","0","0","0","0","0","0","0","0","0","0","0","0","0","0","0","0","0","0","0","0","0","0","0","0","0"
"0x72292f772880","      FMNMX R8, R65, R54, !PT","0","0","0","0","0","0","0","0","32","0","-","-","-","0","0","0","0","0","0","0","0","0","0","0","0","0","0","0","0","0","0","0","0","0","0","0","0","0","0","0","0","0","0","0","0","0","0","0","0","0","0","0","0","0","0"
"0x72292f772890","      FMNMX R9, R9, R54, !PT","0","0","0","0","0","0","0","0","32","0","-","-","-","0","0","0","0","0","0","0","0","0","0","0","0","0","0","0","0","0","0","0","0","0","0","0","0","0","0","0","0","0","0","0","0","0","0","0","0","0","0","0","0","0","0"
"0x72292f7728a0","      FMNMX R10, R61, R54, !PT","0","0","0","0","0","0","0","0","32","0","-","-","-","0","0","0","0","0","0","0","0","0","0","0","0","0","0","0","0","0","0","0","0","0","0","0","0","0","0","0","0","0","0","0","0","0","0","0","0","0","0","0","0","0","0"
"0x72292f7728b0","      FMNMX R11, R11, R54, !PT","0","0","0","0","0","0","0","0","32","0","-","-","-","0","0","0","0","0","0","0","0","0","0","0","0","0","0","0","0","0","0","0","0","0","0","0","0","0","0","0","0","0","0","0","0","0","0","0","0","0","0","0","0","0","0"
"0x72292f7728c0","      FMNMX R4, R49, R54, !PT","0","0","0","0","0","0","0","0","32","0","-","-","-","0","0","0","0","0","0","0","0","0","0","0","0","0","0","0","0","0","0","0","0","0","0","0","0","0","0","0","0","0","0","0","0","0","0","0","0","0","0","0","0","0","0"
"0x72292f7728d0","      FMNMX R5, R5, R54, !PT","0","0","0","0","0","0","0","0","32","0","-","-","-","0","0","0","0","0","0","0","0","0","0","0","0","0","0","0","0","0","0","0","0","0","0","0","0","0","0","0","0","0","0","0","0","0","0","0","0","0","0","0","0","0","0"
"0x72292f7728e0","      FMNMX R6, R19, R54, !PT","0","0","0","0","0","0","0","0","32","0","-","-","-","0","0","0","0","0","0","0","0","0","0","0","0","0","0","0","0","0","0","0","0","0","0","0","0","0","0","0","0","0","0","0","0","0","0","0","0","0","0","0","0","0","0"
"0x72292f7728f0","      FMNMX R7, R7, R54, !PT","0","0","0","0","0","0","0","0","32","0","-","-","-","0","0","0","0","0","0","0","0","0","0","0","0","0","0","0","0","0","0","0","0","0","0","0","0","0","0","0","0","0","0","0","0","0","0","0","0","0","0","0","0","0","0"
"0x72292f772900","@P0   STG.E.128 [R58.64+UR8], R8","0","0","0","0","0","0","0","0","32","0","","","","0","0","0","0","0","0","0","0","0","0","0","0","0","0","0","0","0","0","0","0","0","0","0","0","0","0","0","0","0","0","0","0","0","0","0","0","0","0","0","0","0","0"
"0x72292f772910","      ISETP.LT.AND P0, PT, R15, UR5, P2","0","0","0","0","0","0","0","0","32","0","-","-","-","0","0","0","0","0","0","0","0","0","0","0","0","0","0","0","0","0","0","0","0","0","0","0","0","0","0","0","0","0","0","0","0","0","0","0","0","0","0","0","0","0","0"
"0x72292f772920","@P4   STG.E.128 [R12.64+UR12], R4","0","0","0","0","0","0","0","0","32","0","","","","0","0","0","0","0","0","0","0","0","0","0","0","0","0","0","0","0","0","0","0","0","0","0","0","0","0","0","0","0","0","0","0","0","0","0","0","0","0","0","0","0","0"
"0x72292f772930","@P1   LDG.E.LTC128B.128 R40, [R62.64+UR14]","0","0","0","0","0","0","0","0","32","0","","","","0","0","0","0","0","0","0","0","0","0","0","0","0","0","0","0","0","0","0","0","0","0","0","0","0","0","0","0","0","0","0","0","0","0","0","0","0","0","0","0","0","0"
"0x72292f772940","@P0   LDG.E.LTC128B.128 R36, [R16.64+UR10]","0","0","0","0","0","0","0","0","32","0","","","","0","0","0","0","0","0","0","0","0","0","0","0","0","0","0","0","0","0","0","0","0","0","0","0","0","0","0","0","0","0","0","0","0","0","0","0","0","0","0","0","0","0"
"0x72292f772950","      BAR.SYNC.DEFER_BLOCKING 0x0","0","0","0","0","0","0","0","0","32","0","-","-","-","0","0","0","0","0","0","0","0","0","0","0","0","0","0","0","0","0","0","0","0","0","0","0","0","0","0","0","0","0","0","0","0","0","0","0","0","0","0","0","0","0","0"
"0x72292f772960","      STS.64 [R52], R32","0","0","0","0","0","0","0","0","32","0","","","","0","0","0","0","0","0","0","0","0","0","0","0","0","0","0","0","0","0","0","0","0","0","0","0","0","0","0","0","0","0","0","0","0","0","0","0","0","0","0","0","0","0"
"0x72292f772970","      STS.64 [R52+0x20], R28","0","0","0","0","0","0","0","0","32","0","","","","0","0","0","0","0","0","0","0","0","0","0","0","0","0","0","0","0","0","0","0","0","0","0","0","0","0","0","0","0","0","0","0","0","0","0","0","0","0","0","0","0","0"
"0x72292f772980","      STS.64 [R52+0x40], R24","0","0","0","0","0","0","0","0","32","0","","","","0","0","0","0","0","0","0","0","0","0","0","0","0","0","0","0","0","0","0","0","0","0","0","0","0","0","0","0","0","0","0","0","0","0","0","0","0","0","0","0","0","0"
"0x72292f772990","      STS.64 [R52+0x60], R20","0","0","0","0","0","0","0","0","32","0","","","","0","0","0","0","0","0","0","0","0","0","0","0","0","0","0","0","0","0","0","0","0","0","0","0","0","0","0","0","0","0","0","0","0","0","0","0","0","0","0","0","0","0"
"0x72292f7729a0","      BAR.SYNC.DEFER_BLOCKING 0x0","0","0","0","0","0","0","0","0","32","0","-","-","-","0","0","0","0","0","0","0","0","0","0","0","0","0","0","0","0","0","0","0","0","0","0","0","0","0","0","0","0","0","0","0","0","0","0","0","0","0","0","0","0","0","0"
"0x72292f7729b0","      LDS.128 R8, [R3+UR4]","0","0","0","0","0","0","0","0","32","0","","","","0","0","0","0","0","0","0","0","0","0","0","0","0","0","0","0","0","0","0","0","0","0","0","0","0","0","0","0","0","0","0","0","0","0","0","0","0","0","0","0","0","0"
"0x72292f7729c0","      LDS.128 R4, [R3+UR4+0x240]","0","0","0","0","0","0","0","0","32","0","","","","0","0","0","0","0","0","0","0","0","0","0","0","0","0","0","0","0","0","0","0","0","0","0","0","0","0","0","0","0","0","0","0","0","0","0","0","0","0","0","0","0","0"
"0x72292f7729d0","      ISETP.LT.AND P4, PT, R14, UR5, P3","0","0","0","0","0","0","0","0","32","0","-","-","-","0","0","0","0","0","0","0","0","0","0","0","0","0","0","0","0","0","0","0","0","0","0","0","0","0","0","0","0","0","0","0","0","0","0","0","0","0","0","0","0","0","0"
"0x72292f7729e0","      MOV.64 R18, UR10","0","0","0","0","0","0","0","0","32","0","-","-","-","0","0","0","0","0","0","0","0","0","0","0","0","0","0","0","0","0","0","0","0","0","0","0","0","0","0","0","0","0","0","0","0","0","0","0","0","0","0","0","0","0","0"
"0x72292f7729f0","      ISETP.LT.AND P1, PT, R15, UR5, P3","0","0","0","0","0","0","0","0","32","0","-","-","-","0","0","0","0","0","0","0","0","0","0","0","0","0","0","0","0","0","0","0","0","0","0","0","0","0","0","0","0","0","0","0","0","0","0","0","0","0","0","0","0","0","0"
"0x72292f772a00","      IMAD.WIDE.U32 R62, R18, 0x3, R62","0","0","0","0","0","0","0","0","32","0","-","-","-","0","0","0","0","0","0","0","0","0","0","0","0","0","0","0","0","0","0","0","0","0","0","0","0","0","0","0","0","0","0","0","0","0","0","0","0","0","0","0","0","0","0"
"0x72292f772a10","      UIMAD UR6, UR11, 0x3, URZ","0","0","0","0","0","0","0","0","32","0","-","-","-","0","0","0","0","0","0","0","0","0","0","0","0","0","0","0","0","0","0","0","0","0","0","0","0","0","0","0","0","0","0","0","0","0","0","0","0","0","0","0","0","0","0"
"0x72292f772a20","      IADD3 R63, PT, PT, R63, UR6, RZ","0","0","0","0","0","0","0","0","32","0","-","-","-","0","0","0","0","0","0","0","0","0","0","0","0","0","0","0","0","0","0","0","0","0","0","0","0","0","0","0","0","0","0","0","0","0","0","0","0","0","0","0","0","0","0"
"0x72292f772a30","      IADD.64 R16, R16, UR10","0","0","0","0","0","0","0","0","32","0","-","-","-","0","0","0","0","0","0","0","0","0","0","0","0","0","0","0","0","0","0","0","0","0","0","0","0","0","0","0","0","0","0","0","0","0","0","0","0","0","0","0","0","0","0"
"0x72292f772a40","      FMUL R14, R43, R60","0","0","0","0","0","0","0","0","32","0","-","-","-","0","0","0","0","0","0","0","0","0","0","0","0","0","0","0","0","0","0","0","0","0","0","0","0","0","0","0","0","0","0","0","0","0","0","0","0","0","0","0","0","0","0"
"0x72292f772a50","      FMUL R15, R40, R60","0","0","0","0","0","0","0","0","32","0","-","-","-","0","0","0","0","0","0","0","0","0","0","0","0","0","0","0","0","0","0","0","0","0","0","0","0","0","0","0","0","0","0","0","0","0","0","0","0","0","0","0","0","0","0"
"0x72292f772a60","      FMUL R25, R42, R60","0","0","0","0","0","0","0","0","32","0","-","-","-","0","0","0","0","0","0","0","0","0","0","0","0","0","0","0","0","0","0","0","0","0","0","0","0","0","0","0","0","0","0","0","0","0","0","0","0","0","0","0","0","0","0"
"0x72292f772a70","      FFMA R11, R11, R55, R14","0","0","0","0","0","0","0","0","32","0","-","-","-","0","0","0","0","0","0","0","0","0","0","0","0","0","0","0","0","0","0","0","0","0","0","0","0","0","0","0","0","0","0","0","0","0","0","0","0","0","0","0","0","0","0"
"0x72292f772a80","      IADD3 R14, PT, PT, R53, 0x18, RZ","0","0","0","0","0","0","0","0","32","0","-","-","-","0","0","0","0","0","0","0","0","0","0","0","0","0","0","0","0","0","0","0","0","0","0","0","0","0","0","0","0","0","0","0","0","0","0","0","0","0","0","0","0","0","0"
"0x72292f772a90","      FMUL R18, R41, R60","0","0","0","0","0","0","0","0","32","0","-","-","-","0","0","0","0","0","0","0","0","0","0","0","0","0","0","0","0","0","0","0","0","0","0","0","0","0","0","0","0","0","0","0","0","0","0","0","0","0","0","0","0","0","0"
"0x72292f772aa0","      FFMA R29, R8, R55, R15","0","0","0","0","0","0","0","0","32","0","-","-","-","0","0","0","0","0","0","0","0","0","0","0","0","0","0","0","0","0","0","0","0","0","0","0","0","0","0","0","0","0","0","0","0","0","0","0","0","0","0","0","0","0","0"
"0x72292f772ab0","      FFMA R25, R10, R55, R25","0","0","0","0","0","0","0","0","32","0","-","-","-","0","0","0","0","0","0","0","0","0","0","0","0","0","0","0","0","0","0","0","0","0","0","0","0","0","0","0","0","0","0","0","0","0","0","0","0","0","0","0","0","0","0"
"0x72292f772ac0","      FMUL R21, R36, R60","0","0","0","0","0","0","0","0","32","0","-","-","-","0","0","0","0","0","0","0","0","0","0","0","0","0","0","0","0","0","0","0","0","0","0","0","0","0","0","0","0","0","0","0","0","0","0","0","0","0","0","0","0","0","0"
"0x72292f772ad0","      FMUL R10, R37, R60","0","0","0","0","0","0","0","0","32","0","-","-","-","0","0","0","0","0","0","0","0","0","0","0","0","0","0","0","0","0","0","0","0","0","0","0","0","0","0","0","0","0","0","0","0","0","0","0","0","0","0","0","0","0","0"
"0x72292f772ae0","      FMUL R15, R38, R60","0","0","0","0","0","0","0","0","32","0","-","-","-","0","0","0","0","0","0","0","0","0","0","0","0","0","0","0","0","0","0","0","0","0","0","0","0","0","0","0","0","0","0","0","0","0","0","0","0","0","0","0","0","0","0"
"0x72292f772af0","      FMUL R8, R39, R60","0","0","0","0","0","0","0","0","32","0","-","-","-","0","0","0","0","0","0","0","0","0","0","0","0","0","0","0","0","0","0","0","0","0","0","0","0","0","0","0","0","0","0","0","0","0","0","0","0","0","0","0","0","0","0"
"0x72292f772b00","      ISETP.LT.AND P0, PT, R14, UR5, P2","0","0","0","0","0","0","0","0","32","0","-","-","-","0","0","0","0","0","0","0","0","0","0","0","0","0","0","0","0","0","0","0","0","0","0","0","0","0","0","0","0","0","0","0","0","0","0","0","0","0","0","0","0","0","0"
"0x72292f772b10","      FFMA R9, R9, R55, R18","0","0","0","0","0","0","0","0","32","0","-","-","-","0","0","0","0","0","0","0","0","0","0","0","0","0","0","0","0","0","0","0","0","0","0","0","0","0","0","0","0","0","0","0","0","0","0","0","0","0","0","0","0","0","0"
"0x72292f772b20","      FFMA R21, R4, R55, R21","0","0","0","0","0","0","0","0","32","0","-","-","-","0","0","0","0","0","0","0","0","0","0","0","0","0","0","0","0","0","0","0","0","0","0","0","0","0","0","0","0","0","0","0","0","0","0","0","0","0","0","0","0","0","0"
"0x72292f772b30","      FFMA R5, R5, R55, R10","0","0","0","0","0","0","0","0","32","0","-","-","-","0","0","0","0","0","0","0","0","0","0","0","0","0","0","0","0","0","0","0","0","0","0","0","0","0","0","0","0","0","0","0","0","0","0","0","0","0","0","0","0","0","0"
"0x72292f772b40","      FFMA R15, R6, R55, R15","0","0","0","0","0","0","0","0","32","0","-","-","-","0","0","0","0","0","0","0","0","0","0","0","0","0","0","0","0","0","0","0","0","0","0","0","0","0","0","0","0","0","0","0","0","0","0","0","0","0","0","0","0","0","0"
"0x72292f772b50","      FFMA R7, R7, R55, R8","0","0","0","0","0","0","0","0","32","0","-","-","-","0","0","0","0","0","0","0","0","0","0","0","0","0","0","0","0","0","0","0","0","0","0","0","0","0","0","0","0","0","0","0","0","0","0","0","0","0","0","0","0","0","0"
"0x72292f772b60","      IADD.64 R18, R12, UR8","0","0","0","0","0","0","0","0","32","0","-","-","-","0","0","0","0","0","0","0","0","0","0","0","0","0","0","0","0","0","0","0","0","0","0","0","0","0","0","0","0","0","0","0","0","0","0","0","0","0","0","0","0","0","0"
"0x72292f772b70","      FMNMX R8, R29, R54, !PT","0","0","0","0","0","0","0","0","32","0","-","-","-","0","0","0","0","0","0","0","0","0","0","0","0","0","0","0","0","0","0","0","0","0","0","0","0","0","0","0","0","0","0","0","0","0","0","0","0","0","0","0","0","0","0"
"0x72292f772b80","      FMNMX R9, R9, R54, !PT","0","0","0","0","0","0","0","0","32","0","-","-","-","0","0","0","0","0","0","0","0","0","0","0","0","0","0","0","0","0","0","0","0","0","0","0","0","0","0","0","0","0","0","0","0","0","0","0","0","0","0","0","0","0","0"
"0x72292f772b90","      FMNMX R10, R25, R54, !PT","0","0","0","0","0","0","0","0","32","0","-","-","-","0","0","0","0","0","0","0","0","0","0","0","0","0","0","0","0","0","0","0","0","0","0","0","0","0","0","0","0","0","0","0","0","0","0","0","0","0","0","0","0","0","0"
"0x72292f772ba0","      FMNMX R11, R11, R54, !PT","0","0","0","0","0","0","0","0","32","0","-","-","-","0","0","0","0","0","0","0","0","0","0","0","0","0","0","0","0","0","0","0","0","0","0","0","0","0","0","0","0","0","0","0","0","0","0","0","0","0","0","0","0","0","0"
"0x72292f772bb0","      FMNMX R4, R21, R54, !PT","0","0","0","0","0","0","0","0","32","0","-","-","-","0","0","0","0","0","0","0","0","0","0","0","0","0","0","0","0","0","0","0","0","0","0","0","0","0","0","0","0","0","0","0","0","0","0","0","0","0","0","0","0","0","0"
"0x72292f772bc0","      FMNMX R5, R5, R54, !PT","0","0","0","0","0","0","0","0","32","0","-","-","-","0","0","0","0","0","0","0","0","0","0","0","0","0","0","0","0","0","0","0","0","0","0","0","0","0","0","0","0","0","0","0","0","0","0","0","0","0","0","0","0","0","0"
"0x72292f772bd0","      FMNMX R6, R15, R54, !PT","0","0","0","0","0","0","0","0","32","0","-","-","-","0","0","0","0","0","0","0","0","0","0","0","0","0","0","0","0","0","0","0","0","0","0","0","0","0","0","0","0","0","0","0","0","0","0","0","0","0","0","0","0","0","0"
"0x72292f772be0","      FMNMX R7, R7, R54, !PT","0","0","0","0","0","0","0","0","32","0","-","-","-","0","0","0","0","0","0","0","0","0","0","0","0","0","0","0","0","0","0","0","0","0","0","0","0","0","0","0","0","0","0","0","0","0","0","0","0","0","0","0","0","0","0"
"0x72292f772bf0","@P4   STG.E.128 [R12.64+UR8], R8","0","0","0","0","0","0","0","0","32","0","","","","0","0","0","0","0","0","0","0","0","0","0","0","0","0","0","0","0","0","0","0","0","0","0","0","0","0","0","0","0","0","0","0","0","0","0","0","0","0","0","0","0","0"
"0x72292f772c00","      IADD3 R53, PT, PT, R53, 0x1a, RZ","0","0","0","0","0","0","0","0","32","0","-","-","-","0","0","0","0","0","0","0","0","0","0","0","0","0","0","0","0","0","0","0","0","0","0","0","0","0","0","0","0","0","0","0","0","0","0","0","0","0","0","0","0","0","0"
"0x72292f772c10","@P1   STG.E.128 [R18.64+UR12], R4","0","0","0","0","0","0","0","0","32","0","","","","0","0","0","0","0","0","0","0","0","0","0","0","0","0","0","0","0","0","0","0","0","0","0","0","0","0","0","0","0","0","0","0","0","0","0","0","0","0","0","0","0","0"
"0x72292f772c20","@P0   LDG.E.LTC128B.128 R40, [R62]","0","0","0","0","0","0","0","0","32","0","","","","0","0","0","0","0","0","0","0","0","0","0","0","0","0","0","0","0","0","0","0","0","0","0","0","0","0","0","0","0","0","0","0","0","0","0","0","0","0","0","0","0","0"
"0x72292f772c30","      ISETP.LT.AND P0, PT, R53, UR5, P2","0","0","0","0","0","0","0","0","32","0","-","-","-","0","0","0","0","0","0","0","0","0","0","0","0","0","0","0","0","0","0","0","0","0","0","0","0","0","0","0","0","0","0","0","0","0","0","0","0","0","0","0","0","0","0"
"0x72292f772c40","@P0   LDG.E.LTC128B.128 R36, [R16.64+UR10]","0","0","0","0","0","0","0","0","32","0","","","","0","0","0","0","0","0","0","0","0","0","0","0","0","0","0","0","0","0","0","0","0","0","0","0","0","0","0","0","0","0","0","0","0","0","0","0","0","0","0","0","0","0"
"0x72292f772c50","      BAR.SYNC.DEFER_BLOCKING 0x0","0","0","0","0","0","0","0","0","32","0","-","-","-","0","0","0","0","0","0","0","0","0","0","0","0","0","0","0","0","0","0","0","0","0","0","0","0","0","0","0","0","0","0","0","0","0","0","0","0","0","0","0","0","0","0"
"0x72292f772c60","      STS.64 [R52], R34","0","0","0","0","0","0","0","0","32","0","","","","0","0","0","0","0","0","0","0","0","0","0","0","0","0","0","0","0","0","0","0","0","0","0","0","0","0","0","0","0","0","0","0","0","0","0","0","0","0","0","0","0","0"
"0x72292f772c70","      STS.64 [R52+0x20], R30","0","0","0","0","0","0","0","0","32","0","","","","0","0","0","0","0","0","0","0","0","0","0","0","0","0","0","0","0","0","0","0","0","0","0","0","0","0","0","0","0","0","0","0","0","0","0","0","0","0","0","0","0","0"
"0x72292f772c80","      STS.64 [R52+0x40], R26","0","0","0","0","0","0","0","0","32","0","","","","0","0","0","0","0","0","0","0","0","0","0","0","0","0","0","0","0","0","0","0","0","0","0","0","0","0","0","0","0","0","0","0","0","0","0","0","0","0","0","0","0","0"
"0x72292f772c90","      STS.64 [R52+0x60], R22","0","0","0","0","0","0","0","0","32","0","","","","0","0","0","0","0","0","0","0","0","0","0","0","0","0","0","0","0","0","0","0","0","0","0","0","0","0","0","0","0","0","0","0","0","0","0","0","0","0","0","0","0","0"
"0x72292f772ca0","      BAR.SYNC.DEFER_BLOCKING 0x0","0","0","0","0","0","0","0","0","32","0","-","-","-","0","0","0","0","0","0","0","0","0","0","0","0","0","0","0","0","0","0","0","0","0","0","0","0","0","0","0","0","0","0","0","0","0","0","0","0","0","0","0","0","0","0"
"0x72292f772cb0","      LDS.128 R4, [R3+UR4]","0","0","0","0","0","0","0","0","32","0","","","","0","0","0","0","0","0","0","0","0","0","0","0","0","0","0","0","0","0","0","0","0","0","0","0","0","0","0","0","0","0","0","0","0","0","0","0","0","0","0","0","0","0"
"0x72292f772cc0","      LDS.128 R8, [R3+UR4+0x240]","0","0","0","0","0","0","0","0","32","0","","","","0","0","0","0","0","0","0","0","0","0","0","0","0","0","0","0","0","0","0","0","0","0","0","0","0","0","0","0","0","0","0","0","0","0","0","0","0","0","0","0","0","0"
"0x72292f772cd0","      ISETP.LT.AND P0, PT, R14, UR5, P3","0","0","0","0","0","0","0","0","32","0","-","-","-","0","0","0","0","0","0","0","0","0","0","0","0","0","0","0","0","0","0","0","0","0","0","0","0","0","0","0","0","0","0","0","0","0","0","0","0","0","0","0","0","0","0"
"0x72292f772ce0","      FMUL R13, R40, R60","0","0","0","0","0","0","0","0","32","0","-","-","-","0","0","0","0","0","0","0","0","0","0","0","0","0","0","0","0","0","0","0","0","0","0","0","0","0","0","0","0","0","0","0","0","0","0","0","0","0","0","0","0","0","0"
"0x72292f772cf0","      FMUL R12, R41, R60","0","0","0","0","0","0","0","0","32","0","-","-","-","0","0","0","0","0","0","0","0","0","0","0","0","0","0","0","0","0","0","0","0","0","0","0","0","0","0","0","0","0","0","0","0","0","0","0","0","0","0","0","0","0","0"
"0x72292f772d00","      FMUL R15, R42, R60","0","0","0","0","0","0","0","0","32","0","-","-","-","0","0","0","0","0","0","0","0","0","0","0","0","0","0","0","0","0","0","0","0","0","0","0","0","0","0","0","0","0","0","0","0","0","0","0","0","0","0","0","0","0","0"
"0x72292f772d10","      FMUL R14, R43, R60","0","0","0","0","0","0","0","0","32","0","-","-","-","0","0","0","0","0","0","0","0","0","0","0","0","0","0","0","0","0","0","0","0","0","0","0","0","0","0","0","0","0","0","0","0","0","0","0","0","0","0","0","0","0","0"
"0x72292f772d20","      FFMA R13, R4, R55, R13","0","0","0","0","0","0","0","0","32","0","-","-","-","0","0","0","0","0","0","0","0","0","0","0","0","0","0","0","0","0","0","0","0","0","0","0","0","0","0","0","0","0","0","0","0","0","0","0","0","0","0","0","0","0","0"
"0x72292f772d30","      FFMA R5, R5, R55, R12","0","0","0","0","0","0","0","0","32","0","-","-","-","0","0","0","0","0","0","0","0","0","0","0","0","0","0","0","0","0","0","0","0","0","0","0","0","0","0","0","0","0","0","0","0","0","0","0","0","0","0","0","0","0","0"
"0x72292f772d40","      FFMA R15, R6, R55, R15","0","0","0","0","0","0","0","0","32","0","-","-","-","0","0","0","0","0","0","0","0","0","0","0","0","0","0","0","0","0","0","0","0","0","0","0","0","0","0","0","0","0","0","0","0","0","0","0","0","0","0","0","0","0","0"
"0x72292f772d50","      FFMA R7, R7, R55, R14","0","0","0","0","0","0","0","0","32","0","-","-","-","0","0","0","0","0","0","0","0","0","0","0","0","0","0","0","0","0","0","0","0","0","0","0","0","0","0","0","0","0","0","0","0","0","0","0","0","0","0","0","0","0","0"
"0x72292f772d60","      FMNMX R4, R13, R54, !PT","0","0","0","0","0","0","0","0","32","0","-","-","-","0","0","0","0","0","0","0","0","0","0","0","0","0","0","0","0","0","0","0","0","0","0","0","0","0","0","0","0","0","0","0","0","0","0","0","0","0","0","0","0","0","0"
"0x72292f772d70","      FMNMX R5, R5, R54, !PT","0","0","0","0","0","0","0","0","32","0","-","-","-","0","0","0","0","0","0","0","0","0","0","0","0","0","0","0","0","0","0","0","0","0","0","0","0","0","0","0","0","0","0","0","0","0","0","0","0","0","0","0","0","0","0"
"0x72292f772d80","      FMNMX R6, R15, R54, !PT","0","0","0","0","0","0","0","0","32","0","-","-","-","0","0","0","0","0","0","0","0","0","0","0","0","0","0","0","0","0","0","0","0","0","0","0","0","0","0","0","0","0","0","0","0","0","0","0","0","0","0","0","0","0","0"
"0x72292f772d90","      FMNMX R7, R7, R54, !PT","0","0","0","0","0","0","0","0","32","0","-","-","-","0","0","0","0","0","0","0","0","0","0","0","0","0","0","0","0","0","0","0","0","0","0","0","0","0","0","0","0","0","0","0","0","0","0","0","0","0","0","0","0","0","0"
"0x72292f772da0","@P0   STG.E.128 [R18.64+UR8], R4","0","0","0","0","0","0","0","0","32","0","","","","0","0","0","0","0","0","0","0","0","0","0","0","0","0","0","0","0","0","0","0","0","0","0","0","0","0","0","0","0","0","0","0","0","0","0","0","0","0","0","0","0","0"
"0x72292f772db0","      ISETP.LT.AND P0, PT, R53, UR5, P3","0","0","0","0","0","0","0","0","32","0","-","-","-","0","0","0","0","0","0","0","0","0","0","0","0","0","0","0","0","0","0","0","0","0","0","0","0","0","0","0","0","0","0","0","0","0","0","0","0","0","0","0","0","0","0"
"0x72292f772dc0","      FMUL R3, R36, R60","0","0","0","0","0","0","0","0","32","0","-","-","-","0","0","0","0","0","0","0","0","0","0","0","0","0","0","0","0","0","0","0","0","0","0","0","0","0","0","0","0","0","0","0","0","0","0","0","0","0","0","0","0","0","0"
"0x72292f772dd0","      FMUL R12, R37, R60","0","0","0","0","0","0","0","0","32","0","-","-","-","0","0","0","0","0","0","0","0","0","0","0","0","0","0","0","0","0","0","0","0","0","0","0","0","0","0","0","0","0","0","0","0","0","0","0","0","0","0","0","0","0","0"
"0x72292f772de0","      FMUL R13, R38, R60","0","0","0","0","0","0","0","0","32","0","-","-","-","0","0","0","0","0","0","0","0","0","0","0","0","0","0","0","0","0","0","0","0","0","0","0","0","0","0","0","0","0","0","0","0","0","0","0","0","0","0","0","0","0","0"
"0x72292f772df0","      FMUL R60, R39, R60","0","0","0","0","0","0","0","0","32","0","-","-","-","0","0","0","0","0","0","0","0","0","0","0","0","0","0","0","0","0","0","0","0","0","0","0","0","0","0","0","0","0","0","0","0","0","0","0","0","0","0","0","0","0","0"
"0x72292f772e00","      FFMA R3, R8, R55, R3","0","0","0","0","0","0","0","0","32","0","-","-","-","0","0","0","0","0","0","0","0","0","0","0","0","0","0","0","0","0","0","0","0","0","0","0","0","0","0","0","0","0","0","0","0","0","0","0","0","0","0","0","0","0","0"
"0x72292f772e10","      FFMA R9, R9, R55, R12","0","0","0","0","0","0","0","0","32","0","-","-","-","0","0","0","0","0","0","0","0","0","0","0","0","0","0","0","0","0","0","0","0","0","0","0","0","0","0","0","0","0","0","0","0","0","0","0","0","0","0","0","0","0","0"
"0x72292f772e20","      FFMA R13, R10, R55, R13","0","0","0","0","0","0","0","0","32","0","-","-","-","0","0","0","0","0","0","0","0","0","0","0","0","0","0","0","0","0","0","0","0","0","0","0","0","0","0","0","0","0","0","0","0","0","0","0","0","0","0","0","0","0","0"
"0x72292f772e30","      FFMA R11, R11, R55, R60","0","0","0","0","0","0","0","0","32","0","-","-","-","0","0","0","0","0","0","0","0","0","0","0","0","0","0","0","0","0","0","0","0","0","0","0","0","0","0","0","0","0","0","0","0","0","0","0","0","0","0","0","0","0","0"
"0x72292f772e40","      IADD.64 R14, R18, UR8","0","0","0","0","0","0","0","0","32","0","-","-","-","0","0","0","0","0","0","0","0","0","0","0","0","0","0","0","0","0","0","0","0","0","0","0","0","0","0","0","0","0","0","0","0","0","0","0","0","0","0","0","0","0","0"
"0x72292f772e50","      FMNMX R4, R3, R54, !PT","0","0","0","0","0","0","0","0","32","0","-","-","-","0","0","0","0","0","0","0","0","0","0","0","0","0","0","0","0","0","0","0","0","0","0","0","0","0","0","0","0","0","0","0","0","0","0","0","0","0","0","0","0","0","0"
"0x72292f772e60","      FMNMX R5, R9, R54, !PT","0","0","0","0","0","0","0","0","32","0","-","-","-","0","0","0","0","0","0","0","0","0","0","0","0","0","0","0","0","0","0","0","0","0","0","0","0","0","0","0","0","0","0","0","0","0","0","0","0","0","0","0","0","0","0"
"0x72292f772e70","      FMNMX R6, R13, R54, !PT","0","0","0","0","0","0","0","0","32","0","-","-","-","0","0","0","0","0","0","0","0","0","0","0","0","0","0","0","0","0","0","0","0","0","0","0","0","0","0","0","0","0","0","0","0","0","0","0","0","0","0","0","0","0","0"
"0x72292f772e80","      FMNMX R7, R11, R54, !PT","0","0","0","0","0","0","0","0","32","0","-","-","-","0","0","0","0","0","0","0","0","0","0","0","0","0","0","0","0","0","0","0","0","0","0","0","0","0","0","0","0","0","0","0","0","0","0","0","0","0","0","0","0","0","0"
"0x72292f772e90","@!P0  BRA 0x72292f773690","0","0","0","0","0","0","0","0","32","0","-","-","-","0","0","0","0","0","0","0","0","0","0","0","0","0","0","0","0","0","0","0","0","0","0","0","0","0","0","0","0","0","0","0","0","0","0","0","0","0","0","0","0","0","0"
"0x72292f772ea0","      STG.E.128 [R14.64+UR12], R4","0","0","0","0","0","0","0","0","32","0","","","","0","0","0","0","0","0","0","0","0","0","0","0","0","0","0","0","0","0","0","0","0","0","0","0","0","0","0","0","0","0","0","0","0","0","0","0","0","0","0","0","0","0"
"0x72292f772eb0","      BRA 0x72292f773690","0","0","0","0","0","0","0","0","32","0","-","-","-","0","0","0","0","0","0","0","0","0","0","0","0","0","0","0","0","0","0","0","0","0","0","0","0","0","0","0","0","0","0","0","0","0","0","0","0","0","0","0","0","0","0"
"0x72292f772ec0","      BAR.SYNC.DEFER_BLOCKING 0x0","0","0","0","256","8192","8192","32","32","0","0","-","-","-","0","0","0","0","0","0","0","0","0","0","0","0","0","0","0","0","0","0","0","0","0","0","0","0","0","0","0","0","0","0","0","0","0","0","0","0","0","0","0","0","0","0"
"0x72292f772ed0","      IADD3 R44, PT, PT, R53, 0x2, RZ","0","0","0","256","8192","8192","32","32","0","0","-","-","-","0","0","0","0","0","0","0","0","0","0","0","0","0","0","0","0","0","0","0","0","0","0","0","0","0","0","0","0","0","0","0","0","0","0","0","0","0","0","0","0","0","0"
"0x72292f772ee0","      LDCU UR5, c[0x0][0x380]","0","0","0","256","8192","8192","32","32","0","0","-","-","-","0","0","0","0","0","0","0","0","0","0","0","0","0","0","0","0","0","0","0","0","0","0","0","0","0","0","0","0","0","0","0","0","0","0","0","0","0","0","0","0","0","0"
"0x72292f772ef0","      LDCU.64 UR8, c[0x0][0x440]","0","0","0","256","8192","8192","32","32","0","0","-","-","-","0","0","0","0","0","0","0","0","0","0","0","0","0","0","0","0","0","0","0","0","0","0","0","0","0","0","0","0","0","0","0","0","0","0","0","0","0","0","0","0","0","0"
"0x72292f772f00","      LDCU.64 UR6, c[0x0][0x458]","0","0","0","256","8192","8192","32","32","0","0","-","-","-","0","0","0","0","0","0","0","0","0","0","0","0","0","0","0","0","0","0","0","0","0","0","0","0","0","0","0","0","0","0","0","0","0","0","0","0","0","0","0","0","0","0"
"0x72292f772f10","      STS.64 [R52], R4","0","0","0","256","8192","8192","32","32","0","0","Shared","Store","64","0","2","0","512","512","0","0","0","0","0","0","0","0","0","0","0","0","0","0","0","0","0","0","0","0","0","0","0","0","0","0","0","0","0","0","0","0","0","0","0","0","0"
"0x72292f772f20","      ISETP.LT.AND P1, PT, R53, UR5, P3","0","0","0","256","8192","8192","32","32","0","0","-","-","-","0","0","0","0","0","0","0","0","0","0","0","0","0","0","0","0","0","0","0","0","0","0","0","0","0","0","0","0","0","0","0","0","0","0","0","0","0","0","0","0","0","0"
"0x72292f772f30","      ISETP.LT.AND P0, PT, R44, UR5, P3","0","0","0","256","8192","8192","32","32","0","0","-","-","-","0","0","0","0","0","0","0","0","0","0","0","0","0","0","0","0","0","0","0","0","0","0","0","0","0","0","0","0","0","0","0","0","0","0","0","0","0","0","0","0","0","0"
"0x72292f772f40","      STS.64 [R52+0x20], R8","0","0","0","256","8192","8192","32","32","0","0","Shared","Store","64","0","2","0","512","512","0","0","0","0","0","0","0","0","0","0","0","0","0","0","0","0","0","0","0","0","0","0","0","0","0","0","0","0","0","0","0","0","0","0","0","0","0"
"0x72292f772f50","      STS.64 [R52+0x40], R12","0","0","0","256","8192","8192","32","32","0","0","Shared","Store","64","0","2","0","512","512","0","0","0","0","0","0","0","0","0","0","0","0","0","0","0","0","0","0","0","0","0","0","0","0","0","0","0","0","0","0","0","0","0","0","0","0","0"
"0x72292f772f60","      STS.64 [R52+0x60], R16","0","0","0","256","8192","8192","32","32","0","0","Shared","Store","64","0","2","0","512","512","0","0","0","0","0","0","0","0","0","0","0","0","0","0","0","0","0","0","0","0","0","0","0","0","0","0","0","0","0","0","0","0","0","0","0","0","0"
"0x72292f772f70","      BAR.SYNC.DEFER_BLOCKING 0x0","0","0","0","256","8192","8192","32","32","0","0","-","-","-","0","0","0","0","0","0","0","0","0","0","0","0","0","0","0","0","0","0","0","0","0","0","0","0","0","0","0","0","0","0","0","0","0","0","0","0","0","0","0","0","0","0"
"0x72292f772f80","      IADD3 R4, PT, PT, R53, 0xa, RZ","0","0","0","256","8192","8192","32","32","0","0","-","-","-","0","0","0","0","0","0","0","0","0","0","0","0","0","0","0","0","0","0","0","0","0","0","0","0","0","0","0","0","0","0","0","0","0","0","0","0","0","0","0","0","0","0"
"0x72292f772f90","      LDS.128 R40, [R3+UR4]","0","0","0","256","8192","8192","32","32","0","0","Shared","Load","128","0","4","0","1024","1024","0","0","0","0","0","0","0","0","0","0","0","0","0","0","0","0","0","0","0","0","0","0","0","0","0","0","0","0","0","0","0","0","0","0","0","0","0"
"0x72292f772fa0","      LDS.128 R36, [R3+UR4+0x240]","0","0","0","256","8192","8192","32","32","0","0","Shared","Load","128","0","4","0","1024","1024","0","0","0","0","0","0","0","0","0","0","0","0","0","0","0","0","0","0","0","0","0","0","0","0","0","0","0","0","0","0","0","0","0","0","0","0","0"
"0x72292f772fb0","      FMUL R47, R40, R55","0","0","0","256","8192","8192","32","32","0","0","-","-","-","0","0","0","0","0","0","0","0","0","0","0","0","0","0","0","0","0","0","0","0","0","0","0","0","0","0","0","0","0","0","0","0","0","0","0","0","0","0","0","0","0","0"
"0x72292f772fc0","      FMUL R41, R41, R55","0","0","0","256","8192","8192","32","32","0","0","-","-","-","0","0","0","0","0","0","0","0","0","0","0","0","0","0","0","0","0","0","0","0","0","0","0","0","0","0","0","0","0","0","0","0","0","0","0","0","0","0","0","0","0","0"
"0x72292f772fd0","      FMUL R45, R42, R55","0","0","0","256","8192","8192","32","32","0","0","-","-","-","0","0","0","0","0","0","0","0","0","0","0","0","0","0","0","0","0","0","0","0","0","0","0","0","0","0","0","0","0","0","0","0","0","0","0","0","0","0","0","0","0","0"
"0x72292f772fe0","      FMUL R43, R43, R55","0","0","0","256","8192","8192","32","32","0","0","-","-","-","0","0","0","0","0","0","0","0","0","0","0","0","0","0","0","0","0","0","0","0","0","0","0","0","0","0","0","0","0","0","0","0","0","0","0","0","0","0","0","0","0","0"
"0x72292f772ff0","      FMUL R9, R36, R55","0","0","0","256","8192","8192","32","32","0","0","-","-","-","0","0","0","0","0","0","0","0","0","0","0","0","0","0","0","0","0","0","0","0","0","0","0","0","0","0","0","0","0","0","0","0","0","0","0","0","0","0","0","0","0","0"
"0x72292f773000","      FMUL R37, R37, R55","0","0","0","256","8192","8192","32","32","0","0","-","-","-","0","0","0","0","0","0","0","0","0","0","0","0","0","0","0","0","0","0","0","0","0","0","0","0","0","0","0","0","0","0","0","0","0","0","0","0","0","0","0","0","0","0"
"0x72292f773010","      FMUL R5, R38, R55","0","0","0","256","8192","8192","32","32","0","0","-","-","-","0","0","0","0","0","0","0","0","0","0","0","0","0","0","0","0","0","0","0","0","0","0","0","0","0","0","0","0","0","0","0","0","0","0","0","0","0","0","0","0","0","0"
"0x72292f773020","      FMUL R39, R39, R55","0","0","0","256","8192","8192","32","32","0","0","-","-","-","0","0","0","0","0","0","0","0","0","0","0","0","0","0","0","0","0","0","0","0","0","0","0","0","0","0","0","0","0","0","0","0","0","0","0","0","0","0","0","0","0","0"
"0x72292f773030","      FMNMX R40, R47, R54, !PT","0","0","0","256","8192","8192","32","32","0","0","-","-","-","0","0","0","0","0","0","0","0","0","0","0","0","0","0","0","0","0","0","0","0","0","0","0","0","0","0","0","0","0","0","0","0","0","0","0","0","0","0","0","0","0","0"
"0x72292f773040","      FMNMX R41, R41, R54, !PT","0","0","0","256","8192","8192","32","32","0","0","-","-","-","0","0","0","0","0","0","0","0","0","0","0","0","0","0","0","0","0","0","0","0","0","0","0","0","0","0","0","0","0","0","0","0","0","0","0","0","0","0","0","0","0","0"
"0x72292f773050","      FMNMX R42, R45, R54, !PT","0","0","0","256","8192","8192","32","32","0","0","-","-","-","0","0","0","0","0","0","0","0","0","0","0","0","0","0","0","0","0","0","0","0","0","0","0","0","0","0","0","0","0","0","0","0","0","0","0","0","0","0","0","0","0","0"
"0x72292f773060","      FMNMX R43, R43, R54, !PT","0","0","0","256","8192","8192","32","32","0","0","-","-","-","0","0","0","0","0","0","0","0","0","0","0","0","0","0","0","0","0","0","0","0","0","0","0","0","0","0","0","0","0","0","0","0","0","0","0","0","0","0","0","0","0","0"
"0x72292f773070","      FMNMX R36, R9, R54, !PT","0","0","0","256","8192","8192","32","32","0","0","-","-","-","0","0","0","0","0","0","0","0","0","0","0","0","0","0","0","0","0","0","0","0","0","0","0","0","0","0","0","0","0","0","0","0","0","0","0","0","0","0","0","0","0","0"
"0x72292f773080","      FMNMX R37, R37, R54, !PT","0","0","0","256","8192","8192","32","32","0","0","-","-","-","0","0","0","0","0","0","0","0","0","0","0","0","0","0","0","0","0","0","0","0","0","0","0","0","0","0","0","0","0","0","0","0","0","0","0","0","0","0","0","0","0","0"
"0x72292f773090","      FMNMX R38, R5, R54, !PT","0","0","0","256","8192","8192","32","32","0","0","-","-","-","0","0","0","0","0","0","0","0","0","0","0","0","0","0","0","0","0","0","0","0","0","0","0","0","0","0","0","0","0","0","0","0","0","0","0","0","0","0","0","0","0","0"
"0x72292f7730a0","      FMNMX R39, R39, R54, !PT","0","0","0","256","8192","8192","32","32","0","0","-","-","-","0","0","0","0","0","0","0","0","0","0","0","0","0","0","0","0","0","0","0","0","0","0","0","0","0","0","0","0","0","0","0","0","0","0","0","0","0","0","0","0","0","0"
"0x72292f7730b0","@P1   STG.E.128 [R58], R40","0","0","0","256","8192","8192","32","32","0","0","Global","Store","128","1024","0","0","0","0","0","4096","4096","0","0","0","0","0","0","0","0","0","0","0","0","0","0","0","0","0","0","0","0","0","0","0","0","0","0","0","0","0","0","0","0","0","0"
"0x72292f7730c0","      IADD3 R5, PT, PT, R53, 0x8, RZ","0","0","0","256","8192","8192","32","32","0","0","-","-","-","0","0","0","0","0","0","0","0","0","0","0","0","0","0","0","0","0","0","0","0","0","0","0","0","0","0","0","0","0","0","0","0","0","0","0","0","0","0","0","0","0","0"
"0x72292f7730d0","@P0   STG.E.128 [R58.64+UR8], R36","0","0","0","256","8192","8192","32","32","0","0","Global","Store","128","1024","0","0","0","0","0","4096","4096","0","0","0","0","0","0","0","0","0","0","0","0","0","0","0","0","0","0","0","0","0","0","0","0","0","0","0","0","0","0","0","0","0","0"
"0x72292f7730e0","      BAR.SYNC.DEFER_BLOCKING 0x0","0","0","0","256","8192","8192","32","32","0","0","-","-","-","0","0","0","0","0","0","0","0","0","0","0","0","0","0","0","0","0","0","0","0","0","0","0","0","0","0","0","0","0","0","0","0","0","0","0","0","0","0","0","0","0","0"
"0x72292f7730f0","      ISETP.LT.AND P1, PT, R5, UR5, P3","0","0","0","256","8192","8192","32","32","0","0","-","-","-","0","0","0","0","0","0","0","0","0","0","0","0","0","0","0","0","0","0","0","0","0","0","0","0","0","0","0","0","0","0","0","0","0","0","0","0","0","0","0","0","0","0"
"0x72292f773100","      ISETP.LT.AND P0, PT, R4, UR5, P3","0","0","0","256","8192","8192","32","32","0","0","-","-","-","0","0","0","0","0","0","0","0","0","0","0","0","0","0","0","0","0","0","0","0","0","0","0","0","0","0","0","0","0","0","0","0","0","0","0","0","0","0","0","0","0","0"
"0x72292f773110","      STS.64 [R52], R6","0","0","0","256","8192","8192","32","32","0","0","Shared","Store","64","0","2","0","512","512","0","0","0","0","0","0","0","0","0","0","0","0","0","0","0","0","0","0","0","0","0","0","0","0","0","0","0","0","0","0","0","0","0","0","0","0","0"
"0x72292f773120","      STS.64 [R52+0x20], R10","0","0","0","256","8192","8192","32","32","0","0","Shared","Store","64","0","2","0","512","512","0","0","0","0","0","0","0","0","0","0","0","0","0","0","0","0","0","0","0","0","0","0","0","0","0","0","0","0","0","0","0","0","0","0","0","0","0"
"0x72292f773130","      IADD.64 R36, R58, UR6","0","0","0","256","8192","8192","32","32","0","0","-","-","-","0","0","0","0","0","0","0","0","0","0","0","0","0","0","0","0","0","0","0","0","0","0","0","0","0","0","0","0","0","0","0","0","0","0","0","0","0","0","0","0","0","0"
"0x72292f773140","      IADD3 R38, PT, PT, R53, 0x10, RZ","0","0","0","256","8192","8192","32","32","0","0","-","-","-","0","0","0","0","0","0","0","0","0","0","0","0","0","0","0","0","0","0","0","0","0","0","0","0","0","0","0","0","0","0","0","0","0","0","0","0","0","0","0","0","0","0"
"0x72292f773150","      STS.64 [R52+0x40], R14","0","0","0","256","8192","8192","32","32","0","0","Shared","Store","64","0","2","0","512","512","0","0","0","0","0","0","0","0","0","0","0","0","0","0","0","0","0","0","0","0","0","0","0","0","0","0","0","0","0","0","0","0","0","0","0","0","0"
"0x72292f773160","      STS.64 [R52+0x60], R18","0","0","0","256","8192","8192","32","32","0","0","Shared","Store","64","0","2","0","512","512","0","0","0","0","0","0","0","0","0","0","0","0","0","0","0","0","0","0","0","0","0","0","0","0","0","0","0","0","0","0","0","0","0","0","0","0","0"
"0x72292f773170","      BAR.SYNC.DEFER_BLOCKING 0x0","0","0","0","256","8192","8192","32","32","0","0","-","-","-","0","0","0","0","0","0","0","0","0","0","0","0","0","0","0","0","0","0","0","0","0","0","0","0","0","0","0","0","0","0","0","0","0","0","0","0","0","0","0","0","0","0"
"0x72292f773180","      LDS.128 R48, [R3+UR4]","0","0","0","256","8192","8192","32","32","0","0","Shared","Load","128","0","4","0","1024","1024","0","0","0","0","0","0","0","0","0","0","0","0","0","0","0","0","0","0","0","0","0","0","0","0","0","0","0","0","0","0","0","0","0","0","0","0","0"
"0x72292f773190","      LDS.128 R44, [R3+UR4+0x240]","0","0","0","256","8192","8192","32","32","0","0","Shared","Load","128","0","4","0","1024","1024","0","0","0","0","0","0","0","0","0","0","0","0","0","0","0","0","0","0","0","0","0","0","0","0","0","0","0","0","0","0","0","0","0","0","0","0","0"
"0x72292f7731a0","      FMUL R39, R48, R55","0","0","0","256","8192","8192","32","32","0","0","-","-","-","0","0","0","0","0","0","0","0","0","0","0","0","0","0","0","0","0","0","0","0","0","0","0","0","0","0","0","0","0","0","0","0","0","0","0","0","0","0","0","0","0","0"
"0x72292f7731b0","      FMUL R9, R49, R55","0","0","0","256","8192","8192","32","32","0","0","-","-","-","0","0","0","0","0","0","0","0","0","0","0","0","0","0","0","0","0","0","0","0","0","0","0","0","0","0","0","0","0","0","0","0","0","0","0","0","0","0","0","0","0","0"
"0x72292f7731c0","      FMUL R17, R50, R55","0","0","0","256","8192","8192","32","32","0","0","-","-","-","0","0","0","0","0","0","0","0","0","0","0","0","0","0","0","0","0","0","0","0","0","0","0","0","0","0","0","0","0","0","0","0","0","0","0","0","0","0","0","0","0","0"
"0x72292f7731d0","      FMUL R11, R51, R55","0","0","0","256","8192","8192","32","32","0","0","-","-","-","0","0","0","0","0","0","0","0","0","0","0","0","0","0","0","0","0","0","0","0","0","0","0","0","0","0","0","0","0","0","0","0","0","0","0","0","0","0","0","0","0","0"
"0x72292f7731e0","      FMUL R15, R44, R55","0","0","0","256","8192","8192","32","32","0","0","-","-","-","0","0","0","0","0","0","0","0","0","0","0","0","0","0","0","0","0","0","0","0","0","0","0","0","0","0","0","0","0","0","0","0","0","0","0","0","0","0","0","0","0","0"
"0x72292f7731f0","      FMUL R5, R45, R55","0","0","0","256","8192","8192","32","32","0","0","-","-","-","0","0","0","0","0","0","0","0","0","0","0","0","0","0","0","0","0","0","0","0","0","0","0","0","0","0","0","0","0","0","0","0","0","0","0","0","0","0","0","0","0","0"
"0x72292f773200","      FMUL R13, R46, R55","0","0","0","256","8192","8192","32","32","0","0","-","-","-","0","0","0","0","0","0","0","0","0","0","0","0","0","0","0","0","0","0","0","0","0","0","0","0","0","0","0","0","0","0","0","0","0","0","0","0","0","0","0","0","0","0"
"0x72292f773210","      FMUL R7, R47, R55","0","0","0","256","8192","8192","32","32","0","0","-","-","-","0","0","0","0","0","0","0","0","0","0","0","0","0","0","0","0","0","0","0","0","0","0","0","0","0","0","0","0","0","0","0","0","0","0","0","0","0","0","0","0","0","0"
"0x72292f773220","      FMNMX R8, R39, R54, !PT","0","0","0","256","8192","8192","32","32","0","0","-","-","-","0","0","0","0","0","0","0","0","0","0","0","0","0","0","0","0","0","0","0","0","0","0","0","0","0","0","0","0","0","0","0","0","0","0","0","0","0","0","0","0","0","0"
"0x72292f773230","      FMNMX R9, R9, R54, !PT","0","0","0","256","8192","8192","32","32","0","0","-","-","-","0","0","0","0","0","0","0","0","0","0","0","0","0","0","0","0","0","0","0","0","0","0","0","0","0","0","0","0","0","0","0","0","0","0","0","0","0","0","0","0","0","0"
"0x72292f773240","      FMNMX R10, R17, R54, !PT","0","0","0","256","8192","8192","32","32","0","0","-","-","-","0","0","0","0","0","0","0","0","0","0","0","0","0","0","0","0","0","0","0","0","0","0","0","0","0","0","0","0","0","0","0","0","0","0","0","0","0","0","0","0","0","0"
"0x72292f773250","      FMNMX R11, R11, R54, !PT","0","0","0","256","8192","8192","32","32","0","0","-","-","-","0","0","0","0","0","0","0","0","0","0","0","0","0","0","0","0","0","0","0","0","0","0","0","0","0","0","0","0","0","0","0","0","0","0","0","0","0","0","0","0","0","0"
"0x72292f773260","      FMNMX R4, R15, R54, !PT","0","0","0","256","8192","8192","32","32","0","0","-","-","-","0","0","0","0","0","0","0","0","0","0","0","0","0","0","0","0","0","0","0","0","0","0","0","0","0","0","0","0","0","0","0","0","0","0","0","0","0","0","0","0","0","0"
"0x72292f773270","      FMNMX R5, R5, R54, !PT","0","0","0","256","8192","8192","32","32","0","0","-","-","-","0","0","0","0","0","0","0","0","0","0","0","0","0","0","0","0","0","0","0","0","0","0","0","0","0","0","0","0","0","0","0","0","0","0","0","0","0","0","0","0","0","0"
"0x72292f773280","      FMNMX R6, R13, R54, !PT","0","0","0","256","8192","8192","32","32","0","0","-","-","-","0","0","0","0","0","0","0","0","0","0","0","0","0","0","0","0","0","0","0","0","0","0","0","0","0","0","0","0","0","0","0","0","0","0","0","0","0","0","0","0","0","0"
"0x72292f773290","      FMNMX R7, R7, R54, !PT","0","0","0","256","8192","8192","32","32","0","0","-","-","-","0","0","0","0","0","0","0","0","0","0","0","0","0","0","0","0","0","0","0","0","0","0","0","0","0","0","0","0","0","0","0","0","0","0","0","0","0","0","0","0","0","0"
"0x72292f7732a0","@P1   STG.E.128 [R58.64+UR6], R8","0","0","0","256","8192","8192","32","32","0","0","Global","Store","128","1024","0","0","0","0","0","4096","4096","0","0","0","0","0","0","0","0","0","0","0","0","0","0","0","0","0","0","0","0","0","0","0","0","0","0","0","0","0","0","0","0","0","0"
"0x72292f7732b0","      ISETP.LT.AND P1, PT, R38, UR5, P3","0","0","0","256","8192","8192","32","32","0","0","-","-","-","0","0","0","0","0","0","0","0","0","0","0","0","0","0","0","0","0","0","0","0","0","0","0","0","0","0","0","0","0","0","0","0","0","0","0","0","0","0","0","0","0","0"
"0x72292f7732c0","@P0   STG.E.128 [R36.64+UR8], R4","0","0","0","256","8192","8192","32","32","0","0","Global","Store","128","1024","0","0","0","0","0","4096","4096","0","0","0","0","0","0","0","0","0","0","0","0","0","0","0","0","0","0","0","0","0","0","0","0","0","0","0","0","0","0","0","0","0","0"
"0x72292f7732d0","      BAR.SYNC.DEFER_BLOCKING 0x0","0","0","0","256","8192","8192","32","32","0","0","-","-","-","0","0","0","0","0","0","0","0","0","0","0","0","0","0","0","0","0","0","0","0","0","0","0","0","0","0","0","0","0","0","0","0","0","0","0","0","0","0","0","0","0","0"
"0x72292f7732e0","      STS.64 [R52], R32","0","0","0","256","8192","8192","32","32","0","0","Shared","Store","64","0","2","0","512","512","0","0","0","0","0","0","0","0","0","0","0","0","0","0","0","0","0","0","0","0","0","0","0","0","0","0","0","0","0","0","0","0","0","0","0","0","0"
"0x72292f7732f0","      IADD3 R8, PT, PT, R53, 0x12, RZ","0","0","0","256","8192","8192","32","32","0","0","-","-","-","0","0","0","0","0","0","0","0","0","0","0","0","0","0","0","0","0","0","0","0","0","0","0","0","0","0","0","0","0","0","0","0","0","0","0","0","0","0","0","0","0","0"
"0x72292f773300","      STS.64 [R52+0x20], R28","0","0","0","256","8192","8192","32","32","0","0","Shared","Store","64","0","2","0","512","512","0","0","0","0","0","0","0","0","0","0","0","0","0","0","0","0","0","0","0","0","0","0","0","0","0","0","0","0","0","0","0","0","0","0","0","0","0"
"0x72292f773310","      ISETP.LT.AND P0, PT, R8, UR5, P3","0","0","0","256","8192","8192","32","32","0","0","-","-","-","0","0","0","0","0","0","0","0","0","0","0","0","0","0","0","0","0","0","0","0","0","0","0","0","0","0","0","0","0","0","0","0","0","0","0","0","0","0","0","0","0","0"
"0x72292f773320","      STS.64 [R52+0x40], R24","0","0","0","256","8192","8192","32","32","0","0","Shared","Store","64","0","2","0","512","512","0","0","0","0","0","0","0","0","0","0","0","0","0","0","0","0","0","0","0","0","0","0","0","0","0","0","0","0","0","0","0","0","0","0","0","0","0"
"0x72292f773330","      STS.64 [R52+0x60], R20","0","0","0","256","8192","8192","32","32","0","0","Shared","Store","64","0","2","0","512","512","0","0","0","0","0","0","0","0","0","0","0","0","0","0","0","0","0","0","0","0","0","0","0","0","0","0","0","0","0","0","0","0","0","0","0","0","0"
"0x72292f773340","      BAR.SYNC.DEFER_BLOCKING 0x0","0","0","0","256","8192","8192","32","32","0","0","-","-","-","0","0","0","0","0","0","0","0","0","0","0","0","0","0","0","0","0","0","0","0","0","0","0","0","0","0","0","0","0","0","0","0","0","0","0","0","0","0","0","0","0","0"
"0x72292f773350","      IADD3 R24, PT, PT, R53, 0x18, RZ","0","0","0","256","8192","8192","32","32","0","0","-","-","-","0","0","0","0","0","0","0","0","0","0","0","0","0","0","0","0","0","0","0","0","0","0","0","0","0","0","0","0","0","0","0","0","0","0","0","0","0","0","0","0","0","0"
"0x72292f773360","      IADD3 R53, PT, PT, R53, 0x1a, RZ","0","0","0","256","8192","8192","32","32","0","0","-","-","-","0","0","0","0","0","0","0","0","0","0","0","0","0","0","0","0","0","0","0","0","0","0","0","0","0","0","0","0","0","0","0","0","0","0","0","0","0","0","0","0","0","0"
"0x72292f773370","      IADD.64 R20, R36, UR6","0","0","0","256","8192","8192","32","32","0","0","-","-","-","0","0","0","0","0","0","0","0","0","0","0","0","0","0","0","0","0","0","0","0","0","0","0","0","0","0","0","0","0","0","0","0","0","0","0","0","0","0","0","0","0","0"
"0x72292f773380","      LDS.128 R16, [R3+UR4]","0","0","0","256","8192","8192","32","32","0","0","Shared","Load","128","0","4","0","1024","1024","0","0","0","0","0","0","0","0","0","0","0","0","0","0","0","0","0","0","0","0","0","0","0","0","0","0","0","0","0","0","0","0","0","0","0","0","0"
"0x72292f773390","      LDS.128 R12, [R3+UR4+0x240]","0","0","0","256","8192","8192","32","32","0","0","Shared","Load","128","0","4","0","1024","1024","0","0","0","0","0","0","0","0","0","0","0","0","0","0","0","0","0","0","0","0","0","0","0","0","0","0","0","0","0","0","0","0","0","0","0","0","0"
"0x72292f7733a0","      FMUL R33, R16, R55","0","0","0","256","8192","8192","32","32","0","0","-","-","-","0","0","0","0","0","0","0","0","0","0","0","0","0","0","0","0","0","0","0","0","0","0","0","0","0","0","0","0","0","0","0","0","0","0","0","0","0","0","0","0","0","0"
"0x72292f7733b0","      FMUL R9, R17, R55","0","0","0","256","8192","8192","32","32","0","0","-","-","-","0","0","0","0","0","0","0","0","0","0","0","0","0","0","0","0","0","0","0","0","0","0","0","0","0","0","0","0","0","0","0","0","0","0","0","0","0","0","0","0","0","0"
"0x72292f7733c0","      FMUL R25, R18, R55","0","0","0","256","8192","8192","32","32","0","0","-","-","-","0","0","0","0","0","0","0","0","0","0","0","0","0","0","0","0","0","0","0","0","0","0","0","0","0","0","0","0","0","0","0","0","0","0","0","0","0","0","0","0","0","0"
"0x72292f7733d0","      FMUL R11, R19, R55","0","0","0","256","8192","8192","32","32","0","0","-","-","-","0","0","0","0","0","0","0","0","0","0","0","0","0","0","0","0","0","0","0","0","0","0","0","0","0","0","0","0","0","0","0","0","0","0","0","0","0","0","0","0","0","0"
"0x72292f7733e0","      FMUL R5, R13, R55","0","0","0","256","8192","8192","32","32","0","0","-","-","-","0","0","0","0","0","0","0","0","0","0","0","0","0","0","0","0","0","0","0","0","0","0","0","0","0","0","0","0","0","0","0","0","0","0","0","0","0","0","0","0","0","0"
"0x72292f7733f0","      FMUL R17, R12, R55","0","0","0","256","8192","8192","32","32","0","0","-","-","-","0","0","0","0","0","0","0","0","0","0","0","0","0","0","0","0","0","0","0","0","0","0","0","0","0","0","0","0","0","0","0","0","0","0","0","0","0","0","0","0","0","0"
"0x72292f773400","      FMUL R13, R14, R55","0","0","0","256","8192","8192","32","32","0","0","-","-","-","0","0","0","0","0","0","0","0","0","0","0","0","0","0","0","0","0","0","0","0","0","0","0","0","0","0","0","0","0","0","0","0","0","0","0","0","0","0","0","0","0","0"
"0x72292f773410","      FMUL R7, R15, R55","0","0","0","256","8192","8192","32","32","0","0","-","-","-","0","0","0","0","0","0","0","0","0","0","0","0","0","0","0","0","0","0","0","0","0","0","0","0","0","0","0","0","0","0","0","0","0","0","0","0","0","0","0","0","0","0"
"0x72292f773420","      FMNMX R8, R33, R54, !PT","0","0","0","256","8192","8192","32","32","0","0","-","-","-","0","0","0","0","0","0","0","0","0","0","0","0","0","0","0","0","0","0","0","0","0","0","0","0","0","0","0","0","0","0","0","0","0","0","0","0","0","0","0","0","0","0"
"0x72292f773430","      FMNMX R9, R9, R54, !PT","0","0","0","256","8192","8192","32","32","0","0","-","-","-","0","0","0","0","0","0","0","0","0","0","0","0","0","0","0","0","0","0","0","0","0","0","0","0","0","0","0","0","0","0","0","0","0","0","0","0","0","0","0","0","0","0"
"0x72292f773440","      FMNMX R10, R25, R54, !PT","0","0","0","256","8192","8192","32","32","0","0","-","-","-","0","0","0","0","0","0","0","0","0","0","0","0","0","0","0","0","0","0","0","0","0","0","0","0","0","0","0","0","0","0","0","0","0","0","0","0","0","0","0","0","0","0"
"0x72292f773450","      FMNMX R11, R11, R54, !PT","0","0","0","256","8192","8192","32","32","0","0","-","-","-","0","0","0","0","0","0","0","0","0","0","0","0","0","0","0","0","0","0","0","0","0","0","0","0","0","0","0","0","0","0","0","0","0","0","0","0","0","0","0","0","0","0"
"0x72292f773460","      FMNMX R4, R17, R54, !PT","0","0","0","256","8192","8192","32","32","0","0","-","-","-","0","0","0","0","0","0","0","0","0","0","0","0","0","0","0","0","0","0","0","0","0","0","0","0","0","0","0","0","0","0","0","0","0","0","0","0","0","0","0","0","0","0"
"0x72292f773470","      FMNMX R5, R5, R54, !PT","0","0","0","256","8192","8192","32","32","0","0","-","-","-","0","0","0","0","0","0","0","0","0","0","0","0","0","0","0","0","0","0","0","0","0","0","0","0","0","0","0","0","0","0","0","0","0","0","0","0","0","0","0","0","0","0"
"0x72292f773480","      FMNMX R6, R13, R54, !PT","0","0","0","256","8192","8192","32","32","0","0","-","-","-","0","0","0","0","0","0","0","0","0","0","0","0","0","0","0","0","0","0","0","0","0","0","0","0","0","0","0","0","0","0","0","0","0","0","0","0","0","0","0","0","0","0"
"0x72292f773490","      FMNMX R7, R7, R54, !PT","0","0","0","256","8192","8192","32","32","0","0","-","-","-","0","0","0","0","0","0","0","0","0","0","0","0","0","0","0","0","0","0","0","0","0","0","0","0","0","0","0","0","0","0","0","0","0","0","0","0","0","0","0","0","0","0"
"0x72292f7734a0","@P1   STG.E.128 [R36.64+UR6], R8","0","0","0","256","8192","8192","32","32","0","0","Global","Store","128","1024","0","0","0","0","0","4096","4096","0","0","0","0","0","0","0","0","0","0","0","0","0","0","0","0","0","0","0","0","0","0","0","0","0","0","0","0","0","0","0","0","0","0"
"0x72292f7734b0","      ISETP.LT.AND P1, PT, R24, UR5, P3","0","0","0","256","8192","8192","32","32","0","0","-","-","-","0","0","0","0","0","0","0","0","0","0","0","0","0","0","0","0","0","0","0","0","0","0","0","0","0","0","0","0","0","0","0","0","0","0","0","0","0","0","0","0","0","0"
"0x72292f7734c0","@P0   STG.E.128 [R20.64+UR8], R4","0","0","0","256","8192","8192","32","32","0","0","Global","Store","128","1024","0","0","0","0","0","4096","4096","0","0","0","0","0","0","0","0","0","0","0","0","0","0","0","0","0","0","0","0","0","0","0","0","0","0","0","0","0","0","0","0","0","0"
"0x72292f7734d0","      BAR.SYNC.DEFER_BLOCKING 0x0","0","0","0","256","8192","8192","32","32","0","0","-","-","-","0","0","0","0","0","0","0","0","0","0","0","0","0","0","0","0","0","0","0","0","0","0","0","0","0","0","0","0","0","0","0","0","0","0","0","0","0","0","0","0","0","0"
"0x72292f7734e0","      ISETP.LT.AND P0, PT, R53, UR5, P3","0","0","0","256","8192","8192","32","32","0","0","-","-","-","0","0","0","0","0","0","0","0","0","0","0","0","0","0","0","0","0","0","0","0","0","0","0","0","0","0","0","0","0","0","0","0","0","0","0","0","0","0","0","0","0","0"
"0x72292f7734f0","      STS.64 [R52], R34","0","0","0","256","8192","8192","32","32","0","0","Shared","Store","64","0","2","0","512","512","0","0","0","0","0","0","0","0","0","0","0","0","0","0","0","0","0","0","0","0","0","0","0","0","0","0","0","0","0","0","0","0","0","0","0","0","0"
"0x72292f773500","      STS.64 [R52+0x20], R30","0","0","0","256","8192","8192","32","32","0","0","Shared","Store","64","0","2","0","512","512","0","0","0","0","0","0","0","0","0","0","0","0","0","0","0","0","0","0","0","0","0","0","0","0","0","0","0","0","0","0","0","0","0","0","0","0","0"
"0x72292f773510","      STS.64 [R52+0x40], R26","0","0","0","256","8192","8192","32","32","0","0","Shared","Store","64","0","2","0","512","512","0","0","0","0","0","0","0","0","0","0","0","0","0","0","0","0","0","0","0","0","0","0","0","0","0","0","0","0","0","0","0","0","0","0","0","0","0"
"0x72292f773520","      STS.64 [R52+0x60], R22","0","0","0","256","8192","8192","32","32","0","0","Shared","Store","64","0","2","0","512","512","0","0","0","0","0","0","0","0","0","0","0","0","0","0","0","0","0","0","0","0","0","0","0","0","0","0","0","0","0","0","0","0","0","0","0","0","0"
"0x72292f773530","      BAR.SYNC.DEFER_BLOCKING 0x0","0","0","0","256","8192","8192","32","32","0","0","-","-","-","0","0","0","0","0","0","0","0","0","0","0","0","0","0","0","0","0","0","0","0","0","0","0","0","0","0","0","0","0","0","0","0","0","0","0","0","0","0","0","0","0","0"
"0x72292f773540","      LDS.128 R12, [R3+UR4]","0","0","0","256","8192","8192","32","32","0","0","Shared","Load","128","0","4","0","1024","1024","0","0","0","0","0","0","0","0","0","0","0","0","0","0","0","0","0","0","0","0","0","0","0","0","0","0","0","0","0","0","0","0","0","0","0","0","0"
"0x72292f773550","      LDS.128 R16, [R3+UR4+0x240]","0","0","0","256","8192","8192","32","32","0","0","Shared","Load","128","0","4","0","1024","1024","0","0","0","0","0","0","0","0","0","0","0","0","0","0","0","0","0","0","0","0","0","0","0","0","0","0","0","0","0","0","0","0","0","0","0","0","0"
"0x72292f773560","      FMUL R5, R13, R55","0","0","0","256","8192","8192","32","32","0","0","-","-","-","0","0","0","0","0","0","0","0","0","0","0","0","0","0","0","0","0","0","0","0","0","0","0","0","0","0","0","0","0","0","0","0","0","0","0","0","0","0","0","0","0","0"
"0x72292f773570","      FMUL R25, R12, R55","0","0","0","256","8192","8192","32","32","0","0","-","-","-","0","0","0","0","0","0","0","0","0","0","0","0","0","0","0","0","0","0","0","0","0","0","0","0","0","0","0","0","0","0","0","0","0","0","0","0","0","0","0","0","0","0"
"0x72292f773580","      FMUL R13, R14, R55","0","0","0","256","8192","8192","32","32","0","0","-","-","-","0","0","0","0","0","0","0","0","0","0","0","0","0","0","0","0","0","0","0","0","0","0","0","0","0","0","0","0","0","0","0","0","0","0","0","0","0","0","0","0","0","0"
"0x72292f773590","      FMUL R7, R15, R55","0","0","0","256","8192","8192","32","32","0","0","-","-","-","0","0","0","0","0","0","0","0","0","0","0","0","0","0","0","0","0","0","0","0","0","0","0","0","0","0","0","0","0","0","0","0","0","0","0","0","0","0","0","0","0","0"
"0x72292f7735a0","      FMUL R11, R16, R55","0","0","0","256","8192","8192","32","32","0","0","-","-","-","0","0","0","0","0","0","0","0","0","0","0","0","0","0","0","0","0","0","0","0","0","0","0","0","0","0","0","0","0","0","0","0","0","0","0","0","0","0","0","0","0","0"
"0x72292f7735b0","      FMUL R9, R17, R55","0","0","0","256","8192","8192","32","32","0","0","-","-","-","0","0","0","0","0","0","0","0","0","0","0","0","0","0","0","0","0","0","0","0","0","0","0","0","0","0","0","0","0","0","0","0","0","0","0","0","0","0","0","0","0","0"
"0x72292f7735c0","      FMUL R3, R18, R55","0","0","0","256","8192","8192","32","32","0","0","-","-","-","0","0","0","0","0","0","0","0","0","0","0","0","0","0","0","0","0","0","0","0","0","0","0","0","0","0","0","0","0","0","0","0","0","0","0","0","0","0","0","0","0","0"
"0x72292f7735d0","      FMUL R19, R19, R55","0","0","0","256","8192","8192","32","32","0","0","-","-","-","0","0","0","0","0","0","0","0","0","0","0","0","0","0","0","0","0","0","0","0","0","0","0","0","0","0","0","0","0","0","0","0","0","0","0","0","0","0","0","0","0","0"
"0x72292f7735e0","      IADD.64 R14, R20, UR6","0","0","0","256","8192","8192","32","32","0","0","-","-","-","0","0","0","0","0","0","0","0","0","0","0","0","0","0","0","0","0","0","0","0","0","0","0","0","0","0","0","0","0","0","0","0","0","0","0","0","0","0","0","0","0","0"
"0x72292f7735f0","      FMNMX R4, R25, R54, !PT","0","0","0","256","8192","8192","32","32","0","0","-","-","-","0","0","0","0","0","0","0","0","0","0","0","0","0","0","0","0","0","0","0","0","0","0","0","0","0","0","0","0","0","0","0","0","0","0","0","0","0","0","0","0","0","0"
"0x72292f773600","      FMNMX R5, R5, R54, !PT","0","0","0","256","8192","8192","32","32","0","0","-","-","-","0","0","0","0","0","0","0","0","0","0","0","0","0","0","0","0","0","0","0","0","0","0","0","0","0","0","0","0","0","0","0","0","0","0","0","0","0","0","0","0","0","0"
"0x72292f773610","      FMNMX R6, R13, R54, !PT","0","0","0","256","8192","8192","32","32","0","0","-","-","-","0","0","0","0","0","0","0","0","0","0","0","0","0","0","0","0","0","0","0","0","0","0","0","0","0","0","0","0","0","0","0","0","0","0","0","0","0","0","0","0","0","0"
"0x72292f773620","      FMNMX R7, R7, R54, !PT","0","0","0","256","8192","8192","32","32","0","0","-","-","-","0","0","0","0","0","0","0","0","0","0","0","0","0","0","0","0","0","0","0","0","0","0","0","0","0","0","0","0","0","0","0","0","0","0","0","0","0","0","0","0","0","0"
"0x72292f773630","      FMNMX R8, R11, R54, !PT","0","0","0","256","8192","8192","32","32","0","0","-","-","-","0","0","0","0","0","0","0","0","0","0","0","0","0","0","0","0","0","0","0","0","0","0","0","0","0","0","0","0","0","0","0","0","0","0","0","0","0","0","0","0","0","0"
"0x72292f773640","      FMNMX R9, R9, R54, !PT","0","0","0","256","8192","8192","32","32","0","0","-","-","-","0","0","0","0","0","0","0","0","0","0","0","0","0","0","0","0","0","0","0","0","0","0","0","0","0","0","0","0","0","0","0","0","0","0","0","0","0","0","0","0","0","0"
"0x72292f773650","      FMNMX R10, R3, R54, !PT","0","0","0","256","8192","8192","32","32","0","0","-","-","-","0","0","0","0","0","0","0","0","0","0","0","0","0","0","0","0","0","0","0","0","0","0","0","0","0","0","0","0","0","0","0","0","0","0","0","0","0","0","0","0","0","0"
"0x72292f773660","      FMNMX R11, R19, R54, !PT","0","0","0","256","8192","8192","32","32","0","0","-","-","-","0","0","0","0","0","0","0","0","0","0","0","0","0","0","0","0","0","0","0","0","0","0","0","0","0","0","0","0","0","0","0","0","0","0","0","0","0","0","0","0","0","0"
"0x72292f773670","@P1   STG.E.128 [R20.64+UR6], R4","0","0","0","256","8192","8192","32","32","0","0","Global","Store","128","1024","0","0","0","0","0","4096","4096","0","0","0","0","0","0","0","0","0","0","0","0","0","0","0","0","0","0","0","0","0","0","0","0","0","0","0","0","0","0","0","0","0","0"
"0x72292f773680","@P0   STG.E.128 [R14.64+UR8], R8","0","0","0","256","8192","8192","32","32","0","0","Global","Store","128","1024","0","0","0","0","0","4096","4096","0","0","0","0","0","0","0","0","0","0","0","0","0","0","0","0","0","0","0","0","0","0","0","0","0","0","0","0","0","0","0","0","0","0"
"0x72292f773690","      BSYNC.RECONVERGENT B0","0","0","0","256","8192","8192","32","32","0","0","-","-","-","0","0","0","0","0","0","0","0","0","0","0","0","0","0","0","0","0","0","0","0","0","0","0","0","0","0","0","0","0","0","0","0","0","0","0","0","0","0","0","0","0","0"
"0x72292f7736a0","      LDC R4, c[0x0][0x394]","0","0","0","256","8192","8192","32","32","0","0","-","-","-","0","0","0","0","0","0","0","0","0","0","0","0","0","0","0","0","0","0","0","0","0","0","0","0","0","0","0","0","0","0","0","0","0","0","0","0","0","0","0","0","0","0"
"0x72292f7736b0","      LDC R3, c[0x0][0x39c]","0","0","0","256","8192","8192","32","32","0","0","-","-","-","0","0","0","0","0","0","0","0","0","0","0","0","0","0","0","0","0","0","0","0","0","0","0","0","0","0","0","0","0","0","0","0","0","0","0","0","0","0","0","0","0","0"
"0x72292f7736c0","      ISETP.GE.AND P0, PT, R4, 0x2, PT","0","0","0","256","8192","8192","32","32","0","0","-","-","-","0","0","0","0","0","0","0","0","0","0","0","0","0","0","0","0","0","0","0","0","0","0","0","0","0","0","0","0","0","0","0","0","0","0","0","0","0","0","0","0","0","0"
"0x72292f7736d0","      ISETP.NE.OR P0, PT, R3, RZ, !P0","0","0","0","256","8192","8192","32","32","0","0","-","-","-","0","0","0","0","0","0","0","0","0","0","0","0","0","0","0","0","0","0","0","0","0","0","0","0","0","0","0","0","0","0","0","0","0","0","0","0","0","0","0","0","0","0"
"0x72292f7736e0","@P0   EXIT","0","0","0","256","8192","8192","32","32","0","0","-","-","-","0","0","0","0","0","0","0","0","0","0","0","0","0","0","0","0","0","0","0","0","0","0","0","0","0","0","0","0","0","0","0","0","0","0","0","0","0","0","0","0","0","0"
"0x72292f7736f0","      BAR.SYNC.DEFER_BLOCKING 0x0","0","0","0","0","0","0","0","0","32","0","-","-","-","0","0","0","0","0","0","0","0","0","0","0","0","0","0","0","0","0","0","0","0","0","0","0","0","0","0","0","0","0","0","0","0","0","0","0","0","0","0","0","0","0","0"
"0x72292f773700","      ISETP.NE.AND P1, PT, R2, RZ, PT","0","0","0","0","0","0","0","0","32","0","-","-","-","0","0","0","0","0","0","0","0","0","0","0","0","0","0","0","0","0","0","0","0","0","0","0","0","0","0","0","0","0","0","0","0","0","0","0","0","0","0","0","0","0","0"
"0x72292f773710","      IADD3 R3, PT, PT, R0, 0x1, RZ","0","0","0","0","0","0","0","0","32","0","-","-","-","0","0","0","0","0","0","0","0","0","0","0","0","0","0","0","0","0","0","0","0","0","0","0","0","0","0","0","0","0","0","0","0","0","0","0","0","0","0","0","0","0","0"
"0x72292f773720","      ISETP.NE.AND P0, PT, R3, R4, PT","0","0","0","0","0","0","0","0","32","0","-","-","-","0","0","0","0","0","0","0","0","0","0","0","0","0","0","0","0","0","0","0","0","0","0","0","0","0","0","0","0","0","0","0","0","0","0","0","0","0","0","0","0","0","0"
"0x72292f773730","      SEL R3, R3, RZ, P0","0","0","0","0","0","0","0","0","32","0","-","-","-","0","0","0","0","0","0","0","0","0","0","0","0","0","0","0","0","0","0","0","0","0","0","0","0","0","0","0","0","0","0","0","0","0","0","0","0","0","0","0","0","0","0"
"0x72292f773740","@P1   EXIT","0","0","0","0","0","0","0","0","32","0","-","-","-","0","0","0","0","0","0","0","0","0","0","0","0","0","0","0","0","0","0","0","0","0","0","0","0","0","0","0","0","0","0","0","0","0","0","0","0","0","0","0","0","0","0"
"0x72292f773750","@!PT  LDS RZ, [RZ]","0","0","0","0","0","0","0","0","32","0","","","","0","0","0","0","0","0","0","0","0","0","0","0","0","0","0","0","0","0","0","0","0","0","0","0","0","0","0","0","0","0","0","0","0","0","0","0","0","0","0","0","0","0"
"0x72292f773760","@!PT  LDS RZ, [RZ]","0","0","0","0","0","0","0","0","32","0","","","","0","0","0","0","0","0","0","0","0","0","0","0","0","0","0","0","0","0","0","0","0","0","0","0","0","0","0","0","0","0","0","0","0","0","0","0","0","0","0","0","0","0"
"0x72292f773770","@!PT  LDS RZ, [RZ]","0","0","0","0","0","0","0","0","32","0","","","","0","0","0","0","0","0","0","0","0","0","0","0","0","0","0","0","0","0","0","0","0","0","0","0","0","0","0","0","0","0","0","0","0","0","0","0","0","0","0","0","0","0"
"0x72292f773780","@!PT  LDS RZ, [RZ]","0","0","0","0","0","0","0","0","32","0","","","","0","0","0","0","0","0","0","0","0","0","0","0","0","0","0","0","0","0","0","0","0","0","0","0","0","0","0","0","0","0","0","0","0","0","0","0","0","0","0","0","0","0"
"0x72292f773790","      MEMBAR.ALL.GPU","0","0","0","0","0","0","0","0","32","0","-","-","-","0","0","0","0","0","0","0","0","0","0","0","0","0","0","0","0","0","0","0","0","0","0","0","0","0","0","0","0","0","0","0","0","0","0","0","0","0","0","0","0","0","0"
"0x72292f7737a0","      ERRBAR","0","0","0","0","0","0","0","0","32","0","-","-","-","0","0","0","0","0","0","0","0","0","0","0","0","0","0","0","0","0","0","0","0","0","0","0","0","0","0","0","0","0","0","0","0","0","0","0","0","0","0","0","0","0","0"
"0x72292f7737b0","      CGAERRBAR","0","0","0","0","0","0","0","0","32","0","-","-","-","0","0","0","0","0","0","0","0","0","0","0","0","0","0","0","0","0","0","0","0","0","0","0","0","0","0","0","0","0","0","0","0","0","0","0","0","0","0","0","0","0","0"
"0x72292f7737c0","      STG.E.STRONG.GPU [R56], R3","0","0","0","0","0","0","0","0","32","0","","","","0","0","0","0","0","0","0","0","0","0","0","0","0","0","0","0","0","0","0","0","0","0","0","0","0","0","0","0","0","0","0","0","0","0","0","0","0","0","0","0","0","0"
"0x72292f7737d0","      EXIT","0","0","0","0","0","0","0","0","32","0","-","-","-","0","0","0","0","0","0","0","0","0","0","0","0","0","0","0","0","0","0","0","0","0","0","0","0","0","0","0","0","0","0","0","0","0","0","0","0","0","0","0","0","0","0"
"0x72292f7737e0","      BRA `(.L_x_0) 0x72292f7737e0","0","0","0","0","0","0","0","0","0","0","-","-","-","0","0","0","0","0","0","0","0","0","0","0","0","0","0","0","0","0","0","0","0","0","0","0","0","0","0","0","0","0","0","0","0","0","0","0","0","0","0","0","0","0","0"
"0x72292f7737f0","      NOP","0","0","0","0","0","0","0","0","0","0","-","-","-","0","0","0","0","0","0","0","0","0","0","0","0","0","0","0","0","0","0","0","0","0","0","0","0","0","0","0","0","0","0","0","0","0","0","0","0","0","0","0","0","0","0"
"0x72292f773800","      NOP","0","0","0","0","0","0","0","0","0","0","-","-","-","0","0","0","0","0","0","0","0","0","0","0","0","0","0","0","0","0","0","0","0","0","0","0","0","0","0","0","0","0","0","0","0","0","0","0","0","0","0","0","0","0","0"
"0x72292f773810","      NOP","0","0","0","0","0","0","0","0","0","0","-","-","-","0","0","0","0","0","0","0","0","0","0","0","0","0","0","0","0","0","0","0","0","0","0","0","0","0","0","0","0","0","0","0","0","0","0","0","0","0","0","0","0","0","0"
"0x72292f773820","      NOP","0","0","0","0","0","0","0","0","0","0","-","-","-","0","0","0","0","0","0","0","0","0","0","0","0","0","0","0","0","0","0","0","0","0","0","0","0","0","0","0","0","0","0","0","0","0","0","0","0","0","0","0","0","0","0"
"0x72292f773830","      NOP","0","0","0","0","0","0","0","0","0","0","-","-","-","0","0","0","0","0","0","0","0","0","0","0","0","0","0","0","0","0","0","0","0","0","0","0","0","0","0","0","0","0","0","0","0","0","0","0","0","0","0","0","0","0","0"
"0x72292f773840","      NOP","0","0","0","0","0","0","0","0","0","0","-","-","-","0","0","0","0","0","0","0","0","0","0","0","0","0","0","0","0","0","0","0","0","0","0","0","0","0","0","0","0","0","0","0","0","0","0","0","0","0","0","0","0","0","0"
"0x72292f773850","      NOP","0","0","0","0","0","0","0","0","0","0","-","-","-","0","0","0","0","0","0","0","0","0","0","0","0","0","0","0","0","0","0","0","0","0","0","0","0","0","0","0","0","0","0","0","0","0","0","0","0","0","0","0","0","0","0"
"0x72292f773860","      NOP","0","0","0","0","0","0","0","0","0","0","-","-","-","0","0","0","0","0","0","0","0","0","0","0","0","0","0","0","0","0","0","0","0","0","0","0","0","0","0","0","0","0","0","0","0","0","0","0","0","0","0","0","0","0","0"
"0x72292f773870","      NOP","0","0","0","0","0","0","0","0","0","0","-","-","-","0","0","0","0","0","0","0","0","0","0","0","0","0","0","0","0","0","0","0","0","0","0","0","0","0","0","0","0","0","0","0","0","0","0","0","0","0","0","0","0","0","0"
