"Kernel Name","void cutlass::Kernel2<cutlass_80_tensorop_s16816gemm_f16_128x128_32x4_tn_align8>(T1::Params)",
"Address","Source","Warp Stall Sampling (All Samples)","Warp Stall Sampling (Not-issued Samples)","# Samples","Instructions Executed","Thread Instructions Executed","Predicated-On Thread Instructions Executed","Avg. Threads Executed","Avg. Predicated-On Threads Executed","Avg. Predicated-On Threads Unexecuted","Divergent Branches","Address Space","Access Operation","Access Size","L1 Tag Requests Global","L1 Conflicts Shared N-Way","L1 Wavefronts Shared Excessive","L1 Wavefronts Shared","L1 Wavefronts Shared Ideal","L2 Theoretical Sectors Global Excessive","L2 Theoretical Sectors Global","L2 Theoretical Sectors Global Ideal","stall_barrier","stall_branch_resolving","stall_dispatch","stall_drain","stall_lg","stall_long_sb","stall_math","stall_membar","stall_mio","stall_misc","stall_no_inst","stall_not_selected","stall_selected","stall_short_sb","stall_sleep","stall_tex","stall_wait","stall_barrier (Not Issued)","stall_branch_resolving (Not Issued)","stall_dispatch (Not Issued)","stall_drain (Not Issued)","stall_lg (Not Issued)","stall_long_sb (Not Issued)","stall_math (Not Issued)","stall_membar (Not Issued)","stall_mio (Not Issued)","stall_misc (Not Issued)","stall_no_inst (Not Issued)","stall_not_selected (Not Issued)","stall_selected (Not Issued)","stall_short_sb (Not Issued)","stall_sleeping (Not Issued)","stall_tex (Not Issued)","stall_wait (Not Issued)"
"0x71cecf770000","      LDC R1, c[0x0][0x37c]","4","4","4","2016","64512","64512","32","32","0","0","-","-","-","0","0","0","0","0","0","0","0","0","0","0","0","0","0","0","0","0","0","4","0","0","0","0","0","0","0","0","0","0","0","0","0","0","0","0","4","0","0","0","0","0","0"
"0x71cecf770010","      S2R R7, SR_CTAID.Y","0","0","0","2016","64512","64512","32","32","0","0","-","-","-","0","0","0","0","0","0","0","0","0","0","0","0","0","0","0","0","0","0","0","0","0","0","0","0","0","0","0","0","0","0","0","0","0","0","0","0","0","0","0","0","0","0"
"0x71cecf770020","      LDC R20, c[0x0][0x398]","0","0","0","2016","64512","64512","32","32","0","0","-","-","-","0","0","0","0","0","0","0","0","0","0","0","0","0","0","0","0","0","0","0","0","0","0","0","0","0","0","0","0","0","0","0","0","0","0","0","0","0","0","0","0","0","0"
"0x71cecf770030","      MOV R5, 0xffffffff","0","0","0","2016","64512","64512","32","32","0","0","-","-","-","0","0","0","0","0","0","0","0","0","0","0","0","0","0","0","0","0","0","0","0","0","0","0","0","0","0","0","0","0","0","0","0","0","0","0","0","0","0","0","0","0","0"
"0x71cecf770040","      LDCU UR5, c[0x0][0x390]","0","0","0","2016","64512","64512","32","32","0","0","-","-","-","0","0","0","0","0","0","0","0","0","0","0","0","0","0","0","0","0","0","0","0","0","0","0","0","0","0","0","0","0","0","0","0","0","0","0","0","0","0","0","0","0","0"
"0x71cecf770050","      S2R R3, SR_CTAID.X","0","0","0","2016","64512","64512","32","32","0","0","-","-","-","0","0","0","0","0","0","0","0","0","0","0","0","0","0","0","0","0","0","0","0","0","0","0","0","0","0","0","0","0","0","0","0","0","0","0","0","0","0","0","0","0","0"
"0x71cecf770060","      LDCU UR4, c[0x0][0x38c]","0","0","0","2016","64512","64512","32","32","0","0","-","-","-","0","0","0","0","0","0","0","0","0","0","0","0","0","0","0","0","0","0","0","0","0","0","0","0","0","0","0","0","0","0","0","0","0","0","0","0","0","0","0","0","0","0"
"0x71cecf770070","      SHF.L.U32 R0, R5, R20, RZ","7","7","7","2016","64512","64512","32","32","0","0","-","-","-","0","0","0","0","0","0","0","0","0","0","0","0","0","0","0","0","0","0","0","0","0","7","0","0","0","0","0","0","0","0","0","0","0","0","0","0","0","0","7","0","0","0"
"0x71cecf770080","      SHF.L.U32 R7, R7, R20, RZ","0","0","0","2016","64512","64512","32","32","0","0","-","-","-","0","0","0","0","0","0","0","0","0","0","0","0","0","0","0","0","0","0","0","0","0","0","0","0","0","0","0","0","0","0","0","0","0","0","0","0","0","0","0","0","0","0"
"0x71cecf770090","      LOP3.LUT R0, R3, R0, RZ, 0x30, !PT","2","2","2","2016","64512","64512","32","32","0","0","-","-","-","0","0","0","0","0","0","0","0","0","0","0","0","0","0","0","0","0","0","0","0","0","1","0","0","1","0","0","0","0","0","0","0","0","0","0","0","0","0","1","0","0","1"
"0x71cecf7700a0","      SHF.R.U32.HI R20, RZ, R20, R3","0","0","0","2016","64512","64512","32","32","0","0","-","-","-","0","0","0","0","0","0","0","0","0","0","0","0","0","0","0","0","0","0","0","0","0","0","0","0","0","0","0","0","0","0","0","0","0","0","0","0","0","0","0","0","0","0"
"0x71cecf7700b0","      IADD3 R13, PT, PT, R7, R0, RZ","0","0","0","2016","64512","64512","32","32","0","0","-","-","-","0","0","0","0","0","0","0","0","0","0","0","0","0","0","0","0","0","0","0","0","0","0","0","0","0","0","0","0","0","0","0","0","0","0","0","0","0","0","0","0","0","0"
"0x71cecf7700c0","      ISETP.GE.AND P0, PT, R13, UR5, PT","0","0","0","2016","64512","64512","32","32","0","0","-","-","-","0","0","0","0","0","0","0","0","0","0","0","0","0","0","0","0","0","0","0","0","0","0","0","0","0","0","0","0","0","0","0","0","0","0","0","0","0","0","0","0","0","0"
"0x71cecf7700d0","      ISETP.GE.OR P0, PT, R20, UR4, P0","0","0","0","2016","64512","64512","32","32","0","0","-","-","-","0","0","0","0","0","0","0","0","0","0","0","0","0","0","0","0","0","0","0","0","0","0","0","0","0","0","0","0","0","0","0","0","0","0","0","0","0","0","0","0","0","0"
"0x71cecf7700e0","@P0   EXIT","0","0","0","2016","64512","8064","32","4","28","0","-","-","-","0","0","0","0","0","0","0","0","0","0","0","0","0","0","0","0","0","0","0","0","0","0","0","0","0","0","0","0","0","0","0","0","0","0","0","0","0","0","0","0","0","0"
"0x71cecf7700f0","      LDC R0, c[0x0][0x39c]","1","1","1","1764","56448","56448","32","32","0","0","-","-","-","0","0","0","0","0","0","0","0","0","0","0","1","0","0","0","0","0","0","0","0","0","0","0","0","0","0","0","0","1","0","0","0","0","0","0","0","0","0","0","0","0","0"
"0x71cecf770100","      LDCU UR5, c[0x0][0x388]","0","0","0","1764","56448","56448","32","32","0","0","-","-","-","0","0","0","0","0","0","0","0","0","0","0","0","0","0","0","0","0","0","0","0","0","0","0","0","0","0","0","0","0","0","0","0","0","0","0","0","0","0","0","0","0","0"
"0x71cecf770110","      LDC.64 R14, c[0x0][0x498]","0","0","0","1764","56448","56448","32","32","0","0","-","-","-","0","0","0","0","0","0","0","0","0","0","0","0","0","0","0","0","0","0","0","0","0","0","0","0","0","0","0","0","0","0","0","0","0","0","0","0","0","0","0","0","0","0"
"0x71cecf770120","      LDC.64 R6, c[0x0][0x4a0]","0","0","0","1764","56448","56448","32","32","0","0","-","-","-","0","0","0","0","0","0","0","0","0","0","0","0","0","0","0","0","0","0","0","0","0","0","0","0","0","0","0","0","0","0","0","0","0","0","0","0","0","0","0","0","0","0"
"0x71cecf770130","      S2UR UR4, SR_CTAID.Z","1","1","1","1764","56448","56448","32","32","0","0","-","-","-","0","0","0","0","0","0","0","0","0","0","0","0","0","0","0","0","0","0","0","0","0","0","0","0","1","0","0","0","0","0","0","0","0","0","0","0","0","0","0","0","0","1"
"0x71cecf770140","      MOV R10, UR5","0","0","0","1764","56448","56448","32","32","0","0","-","-","-","0","0","0","0","0","0","0","0","0","0","0","0","0","0","0","0","0","0","0","0","0","0","0","0","0","0","0","0","0","0","0","0","0","0","0","0","0","0","0","0","0","0"
"0x71cecf770150","      ISETP.GT.U32.AND P0, PT, R0, 0x1, PT","0","0","0","1764","56448","56448","32","32","0","0","-","-","-","0","0","0","0","0","0","0","0","0","0","0","0","0","0","0","0","0","0","0","0","0","0","0","0","0","0","0","0","0","0","0","0","0","0","0","0","0","0","0","0","0","0"
"0x71cecf770160","      MOV R200, UR4","6","5","6","1764","56448","56448","32","32","0","0","-","-","-","0","0","0","0","0","0","0","0","0","0","0","0","0","0","0","0","0","0","0","0","1","5","0","0","0","0","0","0","0","0","0","0","0","0","0","0","0","0","5","0","0","0"
"0x71cecf770170","@P0   BRA 0x71cecf770200","7","7","7","1764","56448","0","32","0","32","0","-","-","-","0","0","0","0","0","0","0","0","0","0","0","0","0","0","0","0","0","0","0","0","0","6","0","0","1","0","0","0","0","0","0","0","0","0","0","0","0","0","6","0","0","1"
"0x71cecf770180","      LDC R0, c[0x0][0x394]","0","0","0","1764","56448","56448","32","32","0","0","-","-","-","0","0","0","0","0","0","0","0","0","0","0","0","0","0","0","0","0","0","0","0","0","0","0","0","0","0","0","0","0","0","0","0","0","0","0","0","0","0","0","0","0","0"
"0x71cecf770190","      IADD3 R5, PT, PT, R200, 0x1, RZ","0","0","0","1764","56448","56448","32","32","0","0","-","-","-","0","0","0","0","0","0","0","0","0","0","0","0","0","0","0","0","0","0","0","0","0","0","0","0","0","0","0","0","0","0","0","0","0","0","0","0","0","0","0","0","0","0"
"0x71cecf7701a0","      LDC R3, c[0x0][0x3a4]","0","0","0","1764","56448","56448","32","32","0","0","-","-","-","0","0","0","0","0","0","0","0","0","0","0","0","0","0","0","0","0","0","0","0","0","0","0","0","0","0","0","0","0","0","0","0","0","0","0","0","0","0","0","0","0","0"
"0x71cecf7701b0","      ISETP.GE.AND P0, PT, R5, R0, PT","6","6","6","1764","56448","56448","32","32","0","0","-","-","-","0","0","0","0","0","0","0","0","0","0","0","0","0","0","0","0","0","0","0","0","0","6","0","0","0","0","0","0","0","0","0","0","0","0","0","0","0","0","6","0","0","0"
"0x71cecf7701c0","      IMAD R10, R200, R3, R3","2","1","2","1764","56448","56448","32","32","0","0","-","-","-","0","0","0","0","0","0","0","0","0","0","0","0","0","0","0","0","0","0","0","0","1","1","0","0","0","0","0","0","0","0","0","0","0","0","0","0","0","0","1","0","0","0"
"0x71cecf7701d0","      IMAD R3, R200, R3, RZ","0","0","0","1764","56448","56448","32","32","0","0","-","-","-","0","0","0","0","0","0","0","0","0","0","0","0","0","0","0","0","0","0","0","0","0","0","0","0","0","0","0","0","0","0","0","0","0","0","0","0","0","0","0","0","0","0"
"0x71cecf7701e0","@P0   LDC R10, c[0x0][0x388]","0","0","0","1764","56448","56448","32","32","0","0","-","-","-","0","0","0","0","0","0","0","0","0","0","0","0","0","0","0","0","0","0","0","0","0","0","0","0","0","0","0","0","0","0","0","0","0","0","0","0","0","0","0","0","0","0"
"0x71cecf7701f0","      BRA 0x71cecf770380","1","0","1","1764","56448","56448","32","32","0","0","-","-","-","0","0","0","0","0","0","0","0","0","0","0","0","0","0","0","0","0","0","0","0","1","0","0","0","0","0","0","0","0","0","0","0","0","0","0","0","0","0","0","0","0","0"
"0x71cecf770200","      ISETP.NE.AND P0, PT, R0, 0x3, PT","0","0","0","0","0","0","0","0","32","0","-","-","-","0","0","0","0","0","0","0","0","0","0","0","0","0","0","0","0","0","0","0","0","0","0","0","0","0","0","0","0","0","0","0","0","0","0","0","0","0","0","0","0","0","0"
"0x71cecf770210","      MOV R3, RZ","0","0","0","0","0","0","0","0","32","0","-","-","-","0","0","0","0","0","0","0","0","0","0","0","0","0","0","0","0","0","0","0","0","0","0","0","0","0","0","0","0","0","0","0","0","0","0","0","0","0","0","0","0","0","0"
"0x71cecf770220","@!P0  BRA 0x71cecf770320","0","0","0","0","0","0","0","0","32","0","-","-","-","0","0","0","0","0","0","0","0","0","0","0","0","0","0","0","0","0","0","0","0","0","0","0","0","0","0","0","0","0","0","0","0","0","0","0","0","0","0","0","0","0","0"
"0x71cecf770230","      ISETP.NE.AND P0, PT, R0, 0x2, PT","0","0","0","0","0","0","0","0","32","0","-","-","-","0","0","0","0","0","0","0","0","0","0","0","0","0","0","0","0","0","0","0","0","0","0","0","0","0","0","0","0","0","0","0","0","0","0","0","0","0","0","0","0","0","0"
"0x71cecf770240","@P0   BRA 0x71cecf770380","0","0","0","0","0","0","0","0","32","0","-","-","-","0","0","0","0","0","0","0","0","0","0","0","0","0","0","0","0","0","0","0","0","0","0","0","0","0","0","0","0","0","0","0","0","0","0","0","0","0","0","0","0","0","0"
"0x71cecf770250","      LDC.64 R6, c[0x0][0x4b8]","0","0","0","0","0","0","0","0","32","0","-","-","-","0","0","0","0","0","0","0","0","0","0","0","0","0","0","0","0","0","0","0","0","0","0","0","0","0","0","0","0","0","0","0","0","0","0","0","0","0","0","0","0","0","0"
"0x71cecf770260","      LDC.64 R4, c[0x0][0x4c0]","0","0","0","0","0","0","0","0","32","0","-","-","-","0","0","0","0","0","0","0","0","0","0","0","0","0","0","0","0","0","0","0","0","0","0","0","0","0","0","0","0","0","0","0","0","0","0","0","0","0","0","0","0","0","0"
"0x71cecf770270","      LDC.64 R14, c[0x0][0x498]","0","0","0","0","0","0","0","0","32","0","-","-","-","0","0","0","0","0","0","0","0","0","0","0","0","0","0","0","0","0","0","0","0","0","0","0","0","0","0","0","0","0","0","0","0","0","0","0","0","0","0","0","0","0","0"
"0x71cecf770280","      LDC.64 R8, c[0x0][0x4a0]","0","0","0","0","0","0","0","0","32","0","-","-","-","0","0","0","0","0","0","0","0","0","0","0","0","0","0","0","0","0","0","0","0","0","0","0","0","0","0","0","0","0","0","0","0","0","0","0","0","0","0","0","0","0","0"
"0x71cecf770290","      IMAD.WIDE.U32 R16, R200, R6, RZ","0","0","0","0","0","0","0","0","32","0","-","-","-","0","0","0","0","0","0","0","0","0","0","0","0","0","0","0","0","0","0","0","0","0","0","0","0","0","0","0","0","0","0","0","0","0","0","0","0","0","0","0","0","0","0"
"0x71cecf7702a0","      IMAD R17, R200, R7, R17","0","0","0","0","0","0","0","0","32","0","-","-","-","0","0","0","0","0","0","0","0","0","0","0","0","0","0","0","0","0","0","0","0","0","0","0","0","0","0","0","0","0","0","0","0","0","0","0","0","0","0","0","0","0","0"
"0x71cecf7702b0","      IMAD.WIDE.U32 R18, R200, R4, RZ","0","0","0","0","0","0","0","0","32","0","-","-","-","0","0","0","0","0","0","0","0","0","0","0","0","0","0","0","0","0","0","0","0","0","0","0","0","0","0","0","0","0","0","0","0","0","0","0","0","0","0","0","0","0","0"
"0x71cecf7702c0","      IADD.64 R16, R16, R16","0","0","0","0","0","0","0","0","32","0","-","-","-","0","0","0","0","0","0","0","0","0","0","0","0","0","0","0","0","0","0","0","0","0","0","0","0","0","0","0","0","0","0","0","0","0","0","0","0","0","0","0","0","0","0"
"0x71cecf7702d0","      IMAD R19, R200, R5, R19","0","0","0","0","0","0","0","0","32","0","-","-","-","0","0","0","0","0","0","0","0","0","0","0","0","0","0","0","0","0","0","0","0","0","0","0","0","0","0","0","0","0","0","0","0","0","0","0","0","0","0","0","0","0","0"
"0x71cecf7702e0","      IADD.64 R14, R16, R14","0","0","0","0","0","0","0","0","32","0","-","-","-","0","0","0","0","0","0","0","0","0","0","0","0","0","0","0","0","0","0","0","0","0","0","0","0","0","0","0","0","0","0","0","0","0","0","0","0","0","0","0","0","0","0"
"0x71cecf7702f0","      IADD.64 R6, R18, R18","0","0","0","0","0","0","0","0","32","0","-","-","-","0","0","0","0","0","0","0","0","0","0","0","0","0","0","0","0","0","0","0","0","0","0","0","0","0","0","0","0","0","0","0","0","0","0","0","0","0","0","0","0","0","0"
"0x71cecf770300","      IADD.64 R6, R6, R8","0","0","0","0","0","0","0","0","32","0","-","-","-","0","0","0","0","0","0","0","0","0","0","0","0","0","0","0","0","0","0","0","0","0","0","0","0","0","0","0","0","0","0","0","0","0","0","0","0","0","0","0","0","0","0"
"0x71cecf770310","      BRA 0x71cecf770380","0","0","0","0","0","0","0","0","32","0","-","-","-","0","0","0","0","0","0","0","0","0","0","0","0","0","0","0","0","0","0","0","0","0","0","0","0","0","0","0","0","0","0","0","0","0","0","0","0","0","0","0","0","0","0"
"0x71cecf770320","      LDC.64 R14, c[0x0][0x498]","0","0","0","0","0","0","0","0","32","0","-","-","-","0","0","0","0","0","0","0","0","0","0","0","0","0","0","0","0","0","0","0","0","0","0","0","0","0","0","0","0","0","0","0","0","0","0","0","0","0","0","0","0","0","0"
"0x71cecf770330","      LDC.64 R6, c[0x0][0x4a0]","0","0","0","0","0","0","0","0","32","0","-","-","-","0","0","0","0","0","0","0","0","0","0","0","0","0","0","0","0","0","0","0","0","0","0","0","0","0","0","0","0","0","0","0","0","0","0","0","0","0","0","0","0","0","0"
"0x71cecf770340","      IMAD.WIDE.U32 R14, R200, 0x8, R14","0","0","0","0","0","0","0","0","32","0","-","-","-","0","0","0","0","0","0","0","0","0","0","0","0","0","0","0","0","0","0","0","0","0","0","0","0","0","0","0","0","0","0","0","0","0","0","0","0","0","0","0","0","0","0"
"0x71cecf770350","      LDG.E.64 R14, [R14]","0","0","0","0","0","0","0","0","32","0","","","","0","0","0","0","0","0","0","0","0","0","0","0","0","0","0","0","0","0","0","0","0","0","0","0","0","0","0","0","0","0","0","0","0","0","0","0","0","0","0","0","0","0"
"0x71cecf770360","      IMAD.WIDE.U32 R6, R200, 0x8, R6","0","0","0","0","0","0","0","0","32","0","-","-","-","0","0","0","0","0","0","0","0","0","0","0","0","0","0","0","0","0","0","0","0","0","0","0","0","0","0","0","0","0","0","0","0","0","0","0","0","0","0","0","0","0","0"
"0x71cecf770370","      LDG.E.64 R6, [R6]","0","0","0","0","0","0","0","0","32","0","","","","0","0","0","0","0","0","0","0","0","0","0","0","0","0","0","0","0","0","0","0","0","0","0","0","0","0","0","0","0","0","0","0","0","0","0","0","0","0","0","0","0","0"
"0x71cecf770380","      S2R R209, SR_TID.X","2","2","2","1764","56448","56448","32","32","0","0","-","-","-","0","0","0","0","0","0","0","0","0","1","0","0","0","0","0","0","0","0","1","0","0","0","0","0","0","0","1","0","0","0","0","0","0","0","0","1","0","0","0","0","0","0"
"0x71cecf770390","      IADD3 R21, PT, PT, -R3, R10, RZ","4","4","4","1764","56448","56448","32","32","0","0","-","-","-","0","0","0","0","0","0","0","0","0","0","0","0","0","0","0","0","0","0","0","0","0","4","0","0","0","0","0","0","0","0","0","0","0","0","0","0","0","0","4","0","0","0"
"0x71cecf7703a0","      LDCU.64 UR8, c[0x0][0x3b8]","0","0","0","1764","56448","56448","32","32","0","0","-","-","-","0","0","0","0","0","0","0","0","0","0","0","0","0","0","0","0","0","0","0","0","0","0","0","0","0","0","0","0","0","0","0","0","0","0","0","0","0","0","0","0","0","0"
"0x71cecf7703b0","      CS2R R102, SRZ","0","0","0","1764","56448","56448","32","32","0","0","-","-","-","0","0","0","0","0","0","0","0","0","0","0","0","0","0","0","0","0","0","0","0","0","0","0","0","0","0","0","0","0","0","0","0","0","0","0","0","0","0","0","0","0","0"
"0x71cecf7703c0","      CS2R R100, SRZ","1","0","1","1764","56448","56448","32","32","0","0","-","-","-","0","0","0","0","0","0","0","0","0","0","0","0","0","0","0","0","0","0","0","0","1","0","0","0","0","0","0","0","0","0","0","0","0","0","0","0","0","0","0","0","0","0"
"0x71cecf7703d0","      CS2R R98, SRZ","1","0","1","1764","56448","56448","32","32","0","0","-","-","-","0","0","0","0","0","0","0","0","0","0","0","0","0","0","0","0","0","0","0","0","1","0","0","0","0","0","0","0","0","0","0","0","0","0","0","0","0","0","0","0","0","0"
"0x71cecf7703e0","      SHF.R.S32.HI R4, RZ, 0x1f, R21","0","0","0","1764","56448","56448","32","32","0","0","-","-","-","0","0","0","0","0","0","0","0","0","0","0","0","0","0","0","0","0","0","0","0","0","0","0","0","0","0","0","0","0","0","0","0","0","0","0","0","0","0","0","0","0","0"
"0x71cecf7703f0","      LDCU.64 UR6, c[0x0][0x3d8]","0","0","0","1764","56448","56448","32","32","0","0","-","-","-","0","0","0","0","0","0","0","0","0","0","0","0","0","0","0","0","0","0","0","0","0","0","0","0","0","0","0","0","0","0","0","0","0","0","0","0","0","0","0","0","0","0"
"0x71cecf770400","      IADD3 R0, PT, PT, R21, 0x3e, RZ","0","0","0","1764","56448","56448","32","32","0","0","-","-","-","0","0","0","0","0","0","0","0","0","0","0","0","0","0","0","0","0","0","0","0","0","0","0","0","0","0","0","0","0","0","0","0","0","0","0","0","0","0","0","0","0","0"
"0x71cecf770410","      CS2R R96, SRZ","0","0","0","1764","56448","56448","32","32","0","0","-","-","-","0","0","0","0","0","0","0","0","0","0","0","0","0","0","0","0","0","0","0","0","0","0","0","0","0","0","0","0","0","0","0","0","0","0","0","0","0","0","0","0","0","0"
"0x71cecf770420","      LEA.HI R4, R4, R21, RZ, 0x5","0","0","0","1764","56448","56448","32","32","0","0","-","-","-","0","0","0","0","0","0","0","0","0","0","0","0","0","0","0","0","0","0","0","0","0","0","0","0","0","0","0","0","0","0","0","0","0","0","0","0","0","0","0","0","0","0"
"0x71cecf770430","      LDCU.64 UR4, c[0x0][0x380]","1","0","1","1764","56448","56448","32","32","0","0","-","-","-","0","0","0","0","0","0","0","0","0","0","0","0","0","0","0","0","0","0","0","0","1","0","0","0","0","0","0","0","0","0","0","0","0","0","0","0","0","0","0","0","0","0"
"0x71cecf770440","      CS2R R38, SRZ","0","0","0","1764","56448","56448","32","32","0","0","-","-","-","0","0","0","0","0","0","0","0","0","0","0","0","0","0","0","0","0","0","0","0","0","0","0","0","0","0","0","0","0","0","0","0","0","0","0","0","0","0","0","0","0","0"
"0x71cecf770450","      ISETP.GE.U32.AND P4, PT, R0, 0x3f, PT","0","0","0","1764","56448","56448","32","32","0","0","-","-","-","0","0","0","0","0","0","0","0","0","0","0","0","0","0","0","0","0","0","0","0","0","0","0","0","0","0","0","0","0","0","0","0","0","0","0","0","0","0","0","0","0","0"
"0x71cecf770460","      LOP3.LUT R4, R4, 0xffffffe0, RZ, 0xc0, !PT","1","1","1","1764","56448","56448","32","32","0","0","-","-","-","0","0","0","0","0","0","0","0","0","0","0","0","0","0","1","0","0","0","0","0","0","0","0","0","0","0","0","0","0","0","0","1","0","0","0","0","0","0","0","0","0","0"
"0x71cecf770470","      LDCU.64 UR10, c[0x0][0x3c0]","0","0","0","1764","56448","56448","32","32","0","0","-","-","-","0","0","0","0","0","0","0","0","0","0","0","0","0","0","0","0","0","0","0","0","0","0","0","0","0","0","0","0","0","0","0","0","0","0","0","0","0","0","0","0","0","0"
"0x71cecf770480","      CS2R R36, SRZ","0","0","0","1764","56448","56448","32","32","0","0","-","-","-","0","0","0","0","0","0","0","0","0","0","0","0","0","0","0","0","0","0","0","0","0","0","0","0","0","0","0","0","0","0","0","0","0","0","0","0","0","0","0","0","0","0"
"0x71cecf770490","      CS2R R34, SRZ","0","0","0","1764","56448","56448","32","32","0","0","-","-","-","0","0","0","0","0","0","0","0","0","0","0","0","0","0","0","0","0","0","0","0","0","0","0","0","0","0","0","0","0","0","0","0","0","0","0","0","0","0","0","0","0","0"
"0x71cecf7704a0","      CS2R R32, SRZ","0","0","0","1764","56448","56448","32","32","0","0","-","-","-","0","0","0","0","0","0","0","0","0","0","0","0","0","0","0","0","0","0","0","0","0","0","0","0","0","0","0","0","0","0","0","0","0","0","0","0","0","0","0","0","0","0"
"0x71cecf7704b0","      IADD3 R4, PT, PT, R21, -R4, RZ","0","0","0","1764","56448","56448","32","32","0","0","-","-","-","0","0","0","0","0","0","0","0","0","0","0","0","0","0","0","0","0","0","0","0","0","0","0","0","0","0","0","0","0","0","0","0","0","0","0","0","0","0","0","0","0","0"
"0x71cecf7704c0","      LDCU.64 UR22, c[0x0][0x3c8]","0","0","0","1764","56448","56448","32","32","0","0","-","-","-","0","0","0","0","0","0","0","0","0","0","0","0","0","0","0","0","0","0","0","0","0","0","0","0","0","0","0","0","0","0","0","0","0","0","0","0","0","0","0","0","0","0"
"0x71cecf7704d0","      CS2R R106, SRZ","1","0","1","1764","56448","56448","32","32","0","0","-","-","-","0","0","0","0","0","0","0","0","0","0","0","0","0","0","0","0","0","0","0","0","1","0","0","0","0","0","0","0","0","0","0","0","0","0","0","0","0","0","0","0","0","0"
"0x71cecf7704e0","      CS2R R104, SRZ","1","0","1","1764","56448","56448","32","32","0","0","-","-","-","0","0","0","0","0","0","0","0","0","0","0","0","0","0","0","0","0","0","0","0","1","0","0","0","0","0","0","0","0","0","0","0","0","0","0","0","0","0","0","0","0","0"
"0x71cecf7704f0","      CS2R R94, SRZ","0","0","0","1764","56448","56448","32","32","0","0","-","-","-","0","0","0","0","0","0","0","0","0","0","0","0","0","0","0","0","0","0","0","0","0","0","0","0","0","0","0","0","0","0","0","0","0","0","0","0","0","0","0","0","0","0"
"0x71cecf770500","      ISETP.NE.AND P0, PT, R4, RZ, PT","0","0","0","1764","56448","56448","32","32","0","0","-","-","-","0","0","0","0","0","0","0","0","0","0","0","0","0","0","0","0","0","0","0","0","0","0","0","0","0","0","0","0","0","0","0","0","0","0","0","0","0","0","0","0","0","0"
"0x71cecf770510","      LDCU.64 UR18, c[0x0][0x3d0]","0","0","0","1764","56448","56448","32","32","0","0","-","-","-","0","0","0","0","0","0","0","0","0","0","0","0","0","0","0","0","0","0","0","0","0","0","0","0","0","0","0","0","0","0","0","0","0","0","0","0","0","0","0","0","0","0"
"0x71cecf770520","      CS2R R92, SRZ","0","0","0","1764","56448","56448","32","32","0","0","-","-","-","0","0","0","0","0","0","0","0","0","0","0","0","0","0","0","0","0","0","0","0","0","0","0","0","0","0","0","0","0","0","0","0","0","0","0","0","0","0","0","0","0","0"
"0x71cecf770530","      CS2R R42, SRZ","0","0","0","1764","56448","56448","32","32","0","0","-","-","-","0","0","0","0","0","0","0","0","0","0","0","0","0","0","0","0","0","0","0","0","0","0","0","0","0","0","0","0","0","0","0","0","0","0","0","0","0","0","0","0","0","0"
"0x71cecf770540","      CS2R R40, SRZ","0","0","0","1764","56448","56448","32","32","0","0","-","-","-","0","0","0","0","0","0","0","0","0","0","0","0","0","0","0","0","0","0","0","0","0","0","0","0","0","0","0","0","0","0","0","0","0","0","0","0","0","0","0","0","0","0"
"0x71cecf770550","      SEL R4, R4, 0x20, P0","0","0","0","1764","56448","56448","32","32","0","0","-","-","-","0","0","0","0","0","0","0","0","0","0","0","0","0","0","0","0","0","0","0","0","0","0","0","0","0","0","0","0","0","0","0","0","0","0","0","0","0","0","0","0","0","0"
"0x71cecf770560","      LDCU.64 UR16, c[0x0][0x3e8]","0","0","0","1764","56448","56448","32","32","0","0","-","-","-","0","0","0","0","0","0","0","0","0","0","0","0","0","0","0","0","0","0","0","0","0","0","0","0","0","0","0","0","0","0","0","0","0","0","0","0","0","0","0","0","0","0"
"0x71cecf770570","      CS2R R110, SRZ","0","0","0","1764","56448","56448","32","32","0","0","-","-","-","0","0","0","0","0","0","0","0","0","0","0","0","0","0","0","0","0","0","0","0","0","0","0","0","0","0","0","0","0","0","0","0","0","0","0","0","0","0","0","0","0","0"
"0x71cecf770580","      SHF.R.U32.HI R2, RZ, 0x2, R209","0","0","0","1764","56448","56448","32","32","0","0","-","-","-","0","0","0","0","0","0","0","0","0","0","0","0","0","0","0","0","0","0","0","0","0","0","0","0","0","0","0","0","0","0","0","0","0","0","0","0","0","0","0","0","0","0"
"0x71cecf770590","      IMAD.SHL.U32 R24, R209, 0x8, RZ","0","0","0","1764","56448","56448","32","32","0","0","-","-","-","0","0","0","0","0","0","0","0","0","0","0","0","0","0","0","0","0","0","0","0","0","0","0","0","0","0","0","0","0","0","0","0","0","0","0","0","0","0","0","0","0","0"
"0x71cecf7705a0","      SHF.R.U32.HI R16, RZ, 0x5, R209","0","0","0","1764","56448","56448","32","32","0","0","-","-","-","0","0","0","0","0","0","0","0","0","0","0","0","0","0","0","0","0","0","0","0","0","0","0","0","0","0","0","0","0","0","0","0","0","0","0","0","0","0","0","0","0","0"
"0x71cecf7705b0","      LDCU.64 UR12, c[0x0][0x3f0]","0","0","0","1764","56448","56448","32","32","0","0","-","-","-","0","0","0","0","0","0","0","0","0","0","0","0","0","0","0","0","0","0","0","0","0","0","0","0","0","0","0","0","0","0","0","0","0","0","0","0","0","0","0","0","0","0"
"0x71cecf7705c0","      LOP3.LUT R2, R2, 0x7, RZ, 0xc0, !PT","0","0","0","1764","56448","56448","32","32","0","0","-","-","-","0","0","0","0","0","0","0","0","0","0","0","0","0","0","0","0","0","0","0","0","0","0","0","0","0","0","0","0","0","0","0","0","0","0","0","0","0","0","0","0","0","0"
"0x71cecf7705d0","      IMAD.SHL.U32 R164, R209, 0x4, RZ","0","0","0","1764","56448","56448","32","32","0","0","-","-","-","0","0","0","0","0","0","0","0","0","0","0","0","0","0","0","0","0","0","0","0","0","0","0","0","0","0","0","0","0","0","0","0","0","0","0","0","0","0","0","0","0","0"
"0x71cecf7705e0","      LOP3.LUT R24, R24, 0x18, RZ, 0xc0, !PT","0","0","0","1764","56448","56448","32","32","0","0","-","-","-","0","0","0","0","0","0","0","0","0","0","0","0","0","0","0","0","0","0","0","0","0","0","0","0","0","0","0","0","0","0","0","0","0","0","0","0","0","0","0","0","0","0"
"0x71cecf7705f0","      CS2R R108, SRZ","0","0","0","1764","56448","56448","32","32","0","0","-","-","-","0","0","0","0","0","0","0","0","0","0","0","0","0","0","0","0","0","0","0","0","0","0","0","0","0","0","0","0","0","0","0","0","0","0","0","0","0","0","0","0","0","0"
"0x71cecf770600","      LOP3.LUT R9, R2, 0x3e0, R209, 0xf8, !PT","7","7","7","1764","56448","56448","32","32","0","0","-","-","-","0","0","0","0","0","0","0","0","0","0","0","0","0","0","0","0","0","0","7","0","0","0","0","0","0","0","0","0","0","0","0","0","0","0","0","7","0","0","0","0","0","0"
"0x71cecf770610","      SHFL.IDX PT, R16, R16, RZ, 0x1f","0","0","0","1764","56448","56448","32","32","0","0","-","-","-","0","0","0","0","0","0","0","0","0","0","0","0","0","0","0","0","0","0","0","0","0","0","0","0","0","0","0","0","0","0","0","0","0","0","0","0","0","0","0","0","0","0"
"0x71cecf770620","      SHF.R.U32.HI R166, RZ, 0x1, R209","0","0","0","1764","56448","56448","32","32","0","0","-","-","-","0","0","0","0","0","0","0","0","0","0","0","0","0","0","0","0","0","0","0","0","0","0","0","0","0","0","0","0","0","0","0","0","0","0","0","0","0","0","0","0","0","0"
"0x71cecf770630","      UIADD3.64 UR18, UPT, UPT, UR22, -UR18, URZ","0","0","0","1764","56448","56448","32","32","0","0","-","-","-","0","0","0","0","0","0","0","0","0","0","0","0","0","0","0","0","0","0","0","0","0","0","0","0","0","0","0","0","0","0","0","0","0","0","0","0","0","0","0","0","0","0"
"0x71cecf770640","      IADD3 R24, PT, PT, R24, R3, RZ","1","0","1","1764","56448","56448","32","32","0","0","-","-","-","0","0","0","0","0","0","0","0","0","0","0","0","0","0","0","0","0","0","0","0","1","0","0","0","0","0","0","0","0","0","0","0","0","0","0","0","0","0","0","0","0","0"
"0x71cecf770650","      IADD3 R3, PT, PT, R4, R3, RZ","2","1","2","1764","56448","56448","32","32","0","0","-","-","-","0","0","0","0","0","0","0","0","0","0","0","0","0","0","0","0","0","0","0","0","1","0","0","0","1","0","0","0","0","0","0","0","0","0","0","0","0","0","0","0","0","1"
"0x71cecf770660","      IMAD R13, R13, 0x80, R9","0","0","0","1764","56448","56448","32","32","0","0","-","-","-","0","0","0","0","0","0","0","0","0","0","0","0","0","0","0","0","0","0","0","0","0","0","0","0","0","0","0","0","0","0","0","0","0","0","0","0","0","0","0","0","0","0"
"0x71cecf770670","      LOP3.LUT R8, R9, 0x8, RZ, 0xfc, !PT","0","0","0","1764","56448","56448","32","32","0","0","-","-","-","0","0","0","0","0","0","0","0","0","0","0","0","0","0","0","0","0","0","0","0","0","0","0","0","0","0","0","0","0","0","0","0","0","0","0","0","0","0","0","0","0","0"
"0x71cecf770680","      IMAD R20, R20, 0x80, R9","0","0","0","1764","56448","56448","32","32","0","0","-","-","-","0","0","0","0","0","0","0","0","0","0","0","0","0","0","0","0","0","0","0","0","0","0","0","0","0","0","0","0","0","0","0","0","0","0","0","0","0","0","0","0","0","0"
"0x71cecf770690","      SHF.R.S32.HI R25, RZ, 0x1f, R24","0","0","0","1764","56448","56448","32","32","0","0","-","-","-","0","0","0","0","0","0","0","0","0","0","0","0","0","0","0","0","0","0","0","0","0","0","0","0","0","0","0","0","0","0","0","0","0","0","0","0","0","0","0","0","0","0"
"0x71cecf7706a0","      CS2R R90, SRZ","0","0","0","1764","56448","56448","32","32","0","0","-","-","-","0","0","0","0","0","0","0","0","0","0","0","0","0","0","0","0","0","0","0","0","0","0","0","0","0","0","0","0","0","0","0","0","0","0","0","0","0","0","0","0","0","0"
"0x71cecf7706b0","      VIMNMX.S32 R3, R3, R10, PT","1","0","1","1764","56448","56448","32","32","0","0","-","-","-","0","0","0","0","0","0","0","0","0","0","0","0","0","0","0","0","0","0","0","0","1","0","0","0","0","0","0","0","0","0","0","0","0","0","0","0","0","0","0","0","0","0"
"0x71cecf7706c0","      SHF.R.S32.HI R0, RZ, 0x1f, R13","1","1","1","1764","56448","56448","32","32","0","0","-","-","-","0","0","0","0","0","0","0","0","0","0","0","0","0","0","1","0","0","0","0","0","0","0","0","0","0","0","0","0","0","0","0","1","0","0","0","0","0","0","0","0","0","0"
"0x71cecf7706d0","      UIADD3.64 UR12, UPT, UPT, UR16, -UR12, URZ","0","0","0","1764","56448","56448","32","32","0","0","-","-","-","0","0","0","0","0","0","0","0","0","0","0","0","0","0","0","0","0","0","0","0","0","0","0","0","0","0","0","0","0","0","0","0","0","0","0","0","0","0","0","0","0","0"
"0x71cecf7706e0","      IMAD.WIDE.U32 R22, R20, UR8, R24","0","0","0","1764","56448","56448","32","32","0","0","-","-","-","0","0","0","0","0","0","0","0","0","0","0","0","0","0","0","0","0","0","0","0","0","0","0","0","0","0","0","0","0","0","0","0","0","0","0","0","0","0","0","0","0","0"
"0x71cecf7706f0","      SHF.R.U32.HI R8, RZ, 0x1, R8","0","0","0","1764","56448","56448","32","32","0","0","-","-","-","0","0","0","0","0","0","0","0","0","0","0","0","0","0","0","0","0","0","0","0","0","0","0","0","0","0","0","0","0","0","0","0","0","0","0","0","0","0","0","0","0","0"
"0x71cecf770700","      CS2R R88, SRZ","11","11","11","1764","56448","56448","32","32","0","0","-","-","-","0","0","0","0","0","0","0","0","0","0","0","0","0","0","0","0","0","0","11","0","0","0","0","0","0","0","0","0","0","0","0","0","0","0","0","11","0","0","0","0","0","0"
"0x71cecf770710","      ISETP.GE.AND P5, PT, R24, R3, PT","0","0","0","1764","56448","56448","32","32","0","0","-","-","-","0","0","0","0","0","0","0","0","0","0","0","0","0","0","0","0","0","0","0","0","0","0","0","0","0","0","0","0","0","0","0","0","0","0","0","0","0","0","0","0","0","0"
"0x71cecf770720","      IMAD R0, R0, UR6, RZ","0","0","0","1764","56448","56448","32","32","0","0","-","-","-","0","0","0","0","0","0","0","0","0","0","0","0","0","0","0","0","0","0","0","0","0","0","0","0","0","0","0","0","0","0","0","0","0","0","0","0","0","0","0","0","0","0"
"0x71cecf770730","      IADD3 R19, PT, PT, R20, 0x8, RZ","0","0","0","1764","56448","56448","32","32","0","0","-","-","-","0","0","0","0","0","0","0","0","0","0","0","0","0","0","0","0","0","0","0","0","0","0","0","0","0","0","0","0","0","0","0","0","0","0","0","0","0","0","0","0","0","0"
"0x71cecf770740","      IMAD.WIDE.U32 R24, R13, UR6, R24","0","0","0","1764","56448","56448","32","32","0","0","-","-","-","0","0","0","0","0","0","0","0","0","0","0","0","0","0","0","0","0","0","0","0","0","0","0","0","0","0","0","0","0","0","0","0","0","0","0","0","0","0","0","0","0","0"
"0x71cecf770750","      S2UR UR6, SR_CgaCtaId","0","0","0","1764","56448","56448","32","32","0","0","-","-","-","0","0","0","0","0","0","0","0","0","0","0","0","0","0","0","0","0","0","0","0","0","0","0","0","0","0","0","0","0","0","0","0","0","0","0","0","0","0","0","0","0","0"
"0x71cecf770760","      IADD3 R18, PT, PT, R20, 0x10, RZ","0","0","0","1764","56448","56448","32","32","0","0","-","-","-","0","0","0","0","0","0","0","0","0","0","0","0","0","0","0","0","0","0","0","0","0","0","0","0","0","0","0","0","0","0","0","0","0","0","0","0","0","0","0","0","0","0"
"0x71cecf770770","      IADD3 R17, PT, PT, R20, 0x18, RZ","0","0","0","1764","56448","56448","32","32","0","0","-","-","-","0","0","0","0","0","0","0","0","0","0","0","0","0","0","0","0","0","0","0","0","0","0","0","0","0","0","0","0","0","0","0","0","0","0","0","0","0","0","0","0","0","0"
"0x71cecf770780","      LOP3.LUT R12, R8, 0x3, R209, 0x48, !PT","0","0","0","1764","56448","56448","32","32","0","0","-","-","-","0","0","0","0","0","0","0","0","0","0","0","0","0","0","0","0","0","0","0","0","0","0","0","0","0","0","0","0","0","0","0","0","0","0","0","0","0","0","0","0","0","0"
"0x71cecf770790","      IMAD R23, R20, UR9, R23","0","0","0","1764","56448","56448","32","32","0","0","-","-","-","0","0","0","0","0","0","0","0","0","0","0","0","0","0","0","0","0","0","0","0","0","0","0","0","0","0","0","0","0","0","0","0","0","0","0","0","0","0","0","0","0","0"
"0x71cecf7707a0","      ISETP.LT.AND P0, PT, R20, UR4, !P5","0","0","0","1764","56448","56448","32","32","0","0","-","-","-","0","0","0","0","0","0","0","0","0","0","0","0","0","0","0","0","0","0","0","0","0","0","0","0","0","0","0","0","0","0","0","0","0","0","0","0","0","0","0","0","0","0"
"0x71cecf7707b0","      ISETP.LT.AND P1, PT, R19, UR4, !P5","0","0","0","1764","56448","56448","32","32","0","0","-","-","-","0","0","0","0","0","0","0","0","0","0","0","0","0","0","0","0","0","0","0","0","0","0","0","0","0","0","0","0","0","0","0","0","0","0","0","0","0","0","0","0","0","0"
"0x71cecf7707c0","      ISETP.LT.AND P2, PT, R18, UR4, !P5","1","0","1","1764","56448","56448","32","32","0","0","-","-","-","0","0","0","0","0","0","0","0","0","0","0","0","0","0","0","0","0","0","0","0","1","0","0","0","0","0","0","0","0","0","0","0","0","0","0","0","0","0","0","0","0","0"
"0x71cecf7707d0","      ISETP.LT.AND P3, PT, R17, UR4, !P5","1","0","1","1764","56448","56448","32","32","0","0","-","-","-","0","0","0","0","0","0","0","0","0","0","0","0","0","0","0","0","0","0","0","0","1","0","0","0","0","0","0","0","0","0","0","0","0","0","0","0","0","0","0","0","0","0"
"0x71cecf7707e0","      SHF.R.U32.HI R9, RZ, 0x1, R9","0","0","0","1764","56448","56448","32","32","0","0","-","-","-","0","0","0","0","0","0","0","0","0","0","0","0","0","0","0","0","0","0","0","0","0","0","0","0","0","0","0","0","0","0","0","0","0","0","0","0","0","0","0","0","0","0"
"0x71cecf7707f0","      IADD.64 R22, R22, R22","0","0","0","1764","56448","56448","32","32","0","0","-","-","-","0","0","0","0","0","0","0","0","0","0","0","0","0","0","0","0","0","0","0","0","0","0","0","0","0","0","0","0","0","0","0","0","0","0","0","0","0","0","0","0","0","0"
"0x71cecf770800","      IADD3 R11, PT, PT, R13, 0x10, RZ","0","0","0","1764","56448","56448","32","32","0","0","-","-","-","0","0","0","0","0","0","0","0","0","0","0","0","0","0","0","0","0","0","0","0","0","0","0","0","0","0","0","0","0","0","0","0","0","0","0","0","0","0","0","0","0","0"
"0x71cecf770810","      LOP3.LUT R5, R12, 0x4, R209, 0xf8, !PT","1","1","1","1764","56448","56448","32","32","0","0","-","-","-","0","0","0","0","0","0","0","0","0","0","0","0","0","0","0","0","0","0","0","0","0","0","0","0","1","0","0","0","0","0","0","0","0","0","0","0","0","0","0","0","0","1"
"0x71cecf770820","      IADD.64 R26, R22, R14","0","0","0","1764","56448","56448","32","32","0","0","-","-","-","0","0","0","0","0","0","0","0","0","0","0","0","0","0","0","0","0","0","0","0","0","0","0","0","0","0","0","0","0","0","0","0","0","0","0","0","0","0","0","0","0","0"
"0x71cecf770830","      IADD3 R12, PT, PT, R13, 0x8, RZ","1","1","1","1764","56448","56448","32","32","0","0","-","-","-","0","0","0","0","0","0","0","0","0","0","0","0","0","0","0","0","0","0","0","0","0","0","0","0","1","0","0","0","0","0","0","0","0","0","0","0","0","0","0","0","0","1"
"0x71cecf770840","      IADD3 R10, PT, PT, R13, 0x18, RZ","1","0","1","1764","56448","56448","32","32","0","0","-","-","-","0","0","0","0","0","0","0","0","0","0","0","0","0","0","0","0","0","0","0","0","1","0","0","0","0","0","0","0","0","0","0","0","0","0","0","0","0","0","0","0","0","0"
"0x71cecf770850","      P2R R3, PR, RZ, 0xf","1","1","1","1764","56448","56448","32","32","0","0","-","-","-","0","0","0","0","0","0","0","0","0","0","0","0","0","0","0","0","0","0","0","0","0","0","0","0","1","0","0","0","0","0","0","0","0","0","0","0","0","0","0","0","0","1"
"0x71cecf770860","      IMAD R5, R8, 0x20, R5","0","0","0","1764","56448","56448","32","32","0","0","-","-","-","0","0","0","0","0","0","0","0","0","0","0","0","0","0","0","0","0","0","0","0","0","0","0","0","0","0","0","0","0","0","0","0","0","0","0","0","0","0","0","0","0","0"
"0x71cecf770870","      LOP3.LUT R2, R9, 0x3, R209, 0x48, !PT","0","0","0","1764","56448","56448","32","32","0","0","-","-","-","0","0","0","0","0","0","0","0","0","0","0","0","0","0","0","0","0","0","0","0","0","0","0","0","0","0","0","0","0","0","0","0","0","0","0","0","0","0","0","0","0","0"
"0x71cecf770880","      IMAD R8, R13, UR7, R0","0","0","0","1764","56448","56448","32","32","0","0","-","-","-","0","0","0","0","0","0","0","0","0","0","0","0","0","0","0","0","0","0","0","0","0","0","0","0","0","0","0","0","0","0","0","0","0","0","0","0","0","0","0","0","0","0"
"0x71cecf770890","      ISETP.LT.AND P0, PT, R13, UR5, !P5","0","0","0","1764","56448","56448","32","32","0","0","-","-","-","0","0","0","0","0","0","0","0","0","0","0","0","0","0","0","0","0","0","0","0","0","0","0","0","0","0","0","0","0","0","0","0","0","0","0","0","0","0","0","0","0","0"
"0x71cecf7708a0","      ISETP.LT.AND P1, PT, R12, UR5, !P5","0","0","0","1764","56448","56448","32","32","0","0","-","-","-","0","0","0","0","0","0","0","0","0","0","0","0","0","0","0","0","0","0","0","0","0","0","0","0","0","0","0","0","0","0","0","0","0","0","0","0","0","0","0","0","0","0"
"0x71cecf7708b0","      ISETP.LT.AND P2, PT, R11, UR5, !P5","0","0","0","1764","56448","56448","32","32","0","0","-","-","-","0","0","0","0","0","0","0","0","0","0","0","0","0","0","0","0","0","0","0","0","0","0","0","0","0","0","0","0","0","0","0","0","0","0","0","0","0","0","0","0","0","0"
"0x71cecf7708c0","      ISETP.LT.AND P3, PT, R10, UR5, !P5","0","0","0","1764","56448","56448","32","32","0","0","-","-","-","0","0","0","0","0","0","0","0","0","0","0","0","0","0","0","0","0","0","0","0","0","0","0","0","0","0","0","0","0","0","0","0","0","0","0","0","0","0","0","0","0","0"
"0x71cecf7708d0","      LOP3.LUT R2, R2, 0x4, R209, 0xf8, !PT","0","0","0","1764","56448","56448","32","32","0","0","-","-","-","0","0","0","0","0","0","0","0","0","0","0","0","0","0","0","0","0","0","0","0","0","0","0","0","0","0","0","0","0","0","0","0","0","0","0","0","0","0","0","0","0","0"
"0x71cecf7708e0","      UMOV UR7, 0x400","0","0","0","1764","56448","56448","32","32","0","0","-","-","-","0","0","0","0","0","0","0","0","0","0","0","0","0","0","0","0","0","0","0","0","0","0","0","0","0","0","0","0","0","0","0","0","0","0","0","0","0","0","0","0","0","0"
"0x71cecf7708f0","      SEL R3, R3, RZ, P4","0","0","0","1764","56448","56448","32","32","0","0","-","-","-","0","0","0","0","0","0","0","0","0","0","0","0","0","0","0","0","0","0","0","0","0","0","0","0","0","0","0","0","0","0","0","0","0","0","0","0","0","0","0","0","0","0"
"0x71cecf770900","      LDCU.64 UR8, c[0x0][0x3e0]","0","0","0","1764","56448","56448","32","32","0","0","-","-","-","0","0","0","0","0","0","0","0","0","0","0","0","0","0","0","0","0","0","0","0","0","0","0","0","0","0","0","0","0","0","0","0","0","0","0","0","0","0","0","0","0","0"
"0x71cecf770910","      P2R R0, PR, RZ, 0xf","0","0","0","1764","56448","56448","32","32","0","0","-","-","-","0","0","0","0","0","0","0","0","0","0","0","0","0","0","0","0","0","0","0","0","0","0","0","0","0","0","0","0","0","0","0","0","0","0","0","0","0","0","0","0","0","0"
"0x71cecf770920","      IMAD R2, R9, 0x20, R2","0","0","0","1764","56448","56448","32","32","0","0","-","-","-","0","0","0","0","0","0","0","0","0","0","0","0","0","0","0","0","0","0","0","0","0","0","0","0","0","0","0","0","0","0","0","0","0","0","0","0","0","0","0","0","0","0"
"0x71cecf770930","      IADD3 R9, PT, PT, R25, R8, RZ","0","0","0","1764","56448","56448","32","32","0","0","-","-","-","0","0","0","0","0","0","0","0","0","0","0","0","0","0","0","0","0","0","0","0","0","0","0","0","0","0","0","0","0","0","0","0","0","0","0","0","0","0","0","0","0","0"
"0x71cecf770940","      R2P PR, R3, 0xf","0","0","0","1764","56448","56448","32","32","0","0","-","-","-","0","0","0","0","0","0","0","0","0","0","0","0","0","0","0","0","0","0","0","0","0","0","0","0","0","0","0","0","0","0","0","0","0","0","0","0","0","0","0","0","0","0"
"0x71cecf770950","      ULEA UR6, UR6, UR7, 0x18","0","0","0","1764","56448","56448","32","32","0","0","-","-","-","0","0","0","0","0","0","0","0","0","0","0","0","0","0","0","0","0","0","0","0","0","0","0","0","0","0","0","0","0","0","0","0","0","0","0","0","0","0","0","0","0","0"
"0x71cecf770960","      MOV R8, R24","1","0","1","1764","56448","56448","32","32","0","0","-","-","-","0","0","0","0","0","0","0","0","0","0","0","0","0","0","0","0","0","0","0","0","1","0","0","0","0","0","0","0","0","0","0","0","0","0","0","0","0","0","0","0","0","0"
"0x71cecf770970","      IADD.64 R24, R26, UR10","0","0","0","1764","56448","56448","32","32","0","0","-","-","-","0","0","0","0","0","0","0","0","0","0","0","0","0","0","0","0","0","0","0","0","0","0","0","0","0","0","0","0","0","0","0","0","0","0","0","0","0","0","0","0","0","0"
"0x71cecf770980","      SEL R0, R0, RZ, P4","0","0","0","1764","56448","56448","32","32","0","0","-","-","-","0","0","0","0","0","0","0","0","0","0","0","0","0","0","0","0","0","0","0","0","0","0","0","0","0","0","0","0","0","0","0","0","0","0","0","0","0","0","0","0","0","0"
"0x71cecf770990","      R2UR UR7, R16","0","0","0","1764","56448","56448","32","32","0","0","-","-","-","0","0","0","0","0","0","0","0","0","0","0","0","0","0","0","0","0","0","0","0","0","0","0","0","0","0","0","0","0","0","0","0","0","0","0","0","0","0","0","0","0","0"
"0x71cecf7709a0","      IADD.64 R30, R24, UR10","0","0","0","1764","56448","56448","32","32","0","0","-","-","-","0","0","0","0","0","0","0","0","0","0","0","0","0","0","0","0","0","0","0","0","0","0","0","0","0","0","0","0","0","0","0","0","0","0","0","0","0","0","0","0","0","0"
"0x71cecf7709b0","      IADD.64 R8, R8, R8","0","0","0","1764","56448","56448","32","32","0","0","-","-","-","0","0","0","0","0","0","0","0","0","0","0","0","0","0","0","0","0","0","0","0","0","0","0","0","0","0","0","0","0","0","0","0","0","0","0","0","0","0","0","0","0","0"
"0x71cecf7709c0","      IADD3 R3, PT, PT, R21, -0x1, RZ","0","0","0","1764","56448","56448","32","32","0","0","-","-","-","0","0","0","0","0","0","0","0","0","0","0","0","0","0","0","0","0","0","0","0","0","0","0","0","0","0","0","0","0","0","0","0","0","0","0","0","0","0","0","0","0","0"
"0x71cecf7709d0","      LEA R2, R2, UR6, 0x4","0","0","0","1764","56448","56448","32","32","0","0","-","-","-","0","0","0","0","0","0","0","0","0","0","0","0","0","0","0","0","0","0","0","0","0","0","0","0","0","0","0","0","0","0","0","0","0","0","0","0","0","0","0","0","0","0"
"0x71cecf7709e0","      BAR.SYNC.DEFER_BLOCKING 0x0","0","0","0","1764","56448","56448","32","32","0","0","-","-","-","0","0","0","0","0","0","0","0","0","0","0","0","0","0","0","0","0","0","0","0","0","0","0","0","0","0","0","0","0","0","0","0","0","0","0","0","0","0","0","0","0","0"
"0x71cecf7709f0","      LEA R5, R5, UR6, 0x4","0","0","0","1764","56448","56448","32","32","0","0","-","-","-","0","0","0","0","0","0","0","0","0","0","0","0","0","0","0","0","0","0","0","0","0","0","0","0","0","0","0","0","0","0","0","0","0","0","0","0","0","0","0","0","0","0"
"0x71cecf770a00","      IADD.64 R28, R8, R6","0","0","0","1764","56448","56448","32","32","0","0","-","-","-","0","0","0","0","0","0","0","0","0","0","0","0","0","0","0","0","0","0","0","0","0","0","0","0","0","0","0","0","0","0","0","0","0","0","0","0","0","0","0","0","0","0"
"0x71cecf770a10","      CS2R R46, SRZ","0","0","0","1764","56448","56448","32","32","0","0","-","-","-","0","0","0","0","0","0","0","0","0","0","0","0","0","0","0","0","0","0","0","0","0","0","0","0","0","0","0","0","0","0","0","0","0","0","0","0","0","0","0","0","0","0"
"0x71cecf770a20","      LOP3.LUT R164, R164, 0x4, RZ, 0xc0, !PT","1","0","1","1764","56448","56448","32","32","0","0","-","-","-","0","0","0","0","0","0","0","0","0","0","0","0","0","0","0","0","0","0","0","0","1","0","0","0","0","0","0","0","0","0","0","0","0","0","0","0","0","0","0","0","0","0"
"0x71cecf770a30","      USHF.R.S32.HI UR15, URZ, 0x1f, UR7","0","0","0","1764","56448","56448","32","32","0","0","-","-","-","0","0","0","0","0","0","0","0","0","0","0","0","0","0","0","0","0","0","0","0","0","0","0","0","0","0","0","0","0","0","0","0","0","0","0","0","0","0","0","0","0","0"
"0x71cecf770a40","      SHF.R.U32.HI R165, RZ, 0x3, R209","0","0","0","1764","56448","56448","32","32","0","0","-","-","-","0","0","0","0","0","0","0","0","0","0","0","0","0","0","0","0","0","0","0","0","0","0","0","0","0","0","0","0","0","0","0","0","0","0","0","0","0","0","0","0","0","0"
"0x71cecf770a50","      CS2R R44, SRZ","1","0","1","1764","56448","56448","32","32","0","0","-","-","-","0","0","0","0","0","0","0","0","0","0","0","0","0","0","0","0","0","0","0","0","1","0","0","0","0","0","0","0","0","0","0","0","0","0","0","0","0","0","0","0","0","0"
"0x71cecf770a60","      CS2R R114, SRZ","0","0","0","1764","56448","56448","32","32","0","0","-","-","-","0","0","0","0","0","0","0","0","0","0","0","0","0","0","0","0","0","0","0","0","0","0","0","0","0","0","0","0","0","0","0","0","0","0","0","0","0","0","0","0","0","0"
"0x71cecf770a70","      ULEA.HI UR15, UR15, UR7, URZ, 0x2","0","0","0","1764","56448","56448","32","32","0","0","-","-","-","0","0","0","0","0","0","0","0","0","0","0","0","0","0","0","0","0","0","0","0","0","0","0","0","0","0","0","0","0","0","0","0","0","0","0","0","0","0","0","0","0","0"
"0x71cecf770a80","      CS2R R112, SRZ","0","0","0","1764","56448","56448","32","32","0","0","-","-","-","0","0","0","0","0","0","0","0","0","0","0","0","0","0","0","0","0","0","0","0","0","0","0","0","0","0","0","0","0","0","0","0","0","0","0","0","0","0","0","0","0","0"
"0x71cecf770a90","      CS2R R86, SRZ","0","0","0","1764","56448","56448","32","32","0","0","-","-","-","0","0","0","0","0","0","0","0","0","0","0","0","0","0","0","0","0","0","0","0","0","0","0","0","0","0","0","0","0","0","0","0","0","0","0","0","0","0","0","0","0","0"
"0x71cecf770aa0","      CS2R R84, SRZ","0","0","0","1764","56448","56448","32","32","0","0","-","-","-","0","0","0","0","0","0","0","0","0","0","0","0","0","0","0","0","0","0","0","0","0","0","0","0","0","0","0","0","0","0","0","0","0","0","0","0","0","0","0","0","0","0"
"0x71cecf770ab0","      CS2R R50, SRZ","0","0","0","1764","56448","56448","32","32","0","0","-","-","-","0","0","0","0","0","0","0","0","0","0","0","0","0","0","0","0","0","0","0","0","0","0","0","0","0","0","0","0","0","0","0","0","0","0","0","0","0","0","0","0","0","0"
"0x71cecf770ac0","      CS2R R48, SRZ","0","0","0","1764","56448","56448","32","32","0","0","-","-","-","0","0","0","0","0","0","0","0","0","0","0","0","0","0","0","0","0","0","0","0","0","0","0","0","0","0","0","0","0","0","0","0","0","0","0","0","0","0","0","0","0","0"
"0x71cecf770ad0","      CS2R R118, SRZ","0","0","0","1764","56448","56448","32","32","0","0","-","-","-","0","0","0","0","0","0","0","0","0","0","0","0","0","0","0","0","0","0","0","0","0","0","0","0","0","0","0","0","0","0","0","0","0","0","0","0","0","0","0","0","0","0"
"0x71cecf770ae0","      CS2R R116, SRZ","0","0","0","1764","56448","56448","32","32","0","0","-","-","-","0","0","0","0","0","0","0","0","0","0","0","0","0","0","0","0","0","0","0","0","0","0","0","0","0","0","0","0","0","0","0","0","0","0","0","0","0","0","0","0","0","0"
"0x71cecf770af0","      CS2R R82, SRZ","0","0","0","1764","56448","56448","32","32","0","0","-","-","-","0","0","0","0","0","0","0","0","0","0","0","0","0","0","0","0","0","0","0","0","0","0","0","0","0","0","0","0","0","0","0","0","0","0","0","0","0","0","0","0","0","0"
"0x71cecf770b00","      CS2R R80, SRZ","1","0","1","1764","56448","56448","32","32","0","0","-","-","-","0","0","0","0","0","0","0","0","0","0","0","0","0","0","0","0","0","0","0","0","1","0","0","0","0","0","0","0","0","0","0","0","0","0","0","0","0","0","0","0","0","0"
"0x71cecf770b10","      CS2R R54, SRZ","2","0","2","1764","56448","56448","32","32","0","0","-","-","-","0","0","0","0","0","0","0","0","0","0","0","0","0","0","0","0","0","0","0","0","2","0","0","0","0","0","0","0","0","0","0","0","0","0","0","0","0","0","0","0","0","0"
"0x71cecf770b20","      CS2R R52, SRZ","0","0","0","1764","56448","56448","32","32","0","0","-","-","-","0","0","0","0","0","0","0","0","0","0","0","0","0","0","0","0","0","0","0","0","0","0","0","0","0","0","0","0","0","0","0","0","0","0","0","0","0","0","0","0","0","0"
"0x71cecf770b30","      CS2R R122, SRZ","0","0","0","1764","56448","56448","32","32","0","0","-","-","-","0","0","0","0","0","0","0","0","0","0","0","0","0","0","0","0","0","0","0","0","0","0","0","0","0","0","0","0","0","0","0","0","0","0","0","0","0","0","0","0","0","0"
"0x71cecf770b40","      CS2R R120, SRZ","0","0","0","1764","56448","56448","32","32","0","0","-","-","-","0","0","0","0","0","0","0","0","0","0","0","0","0","0","0","0","0","0","0","0","0","0","0","0","0","0","0","0","0","0","0","0","0","0","0","0","0","0","0","0","0","0"
"0x71cecf770b50","@!PT  LDS RZ, [RZ]","0","0","0","1764","56448","0","32","0","32","0","","Load","32","0","0","0","0","0","0","0","0","0","0","0","0","0","0","0","0","0","0","0","0","0","0","0","0","0","0","0","0","0","0","0","0","0","0","0","0","0","0","0","0","0","0"
"0x71cecf770b60","@!PT  LDS RZ, [RZ]","0","0","0","1764","56448","0","32","0","32","0","","Load","32","0","0","0","0","0","0","0","0","0","0","0","0","0","0","0","0","0","0","0","0","0","0","0","0","0","0","0","0","0","0","0","0","0","0","0","0","0","0","0","0","0","0"
"0x71cecf770b70","@!PT  LDS RZ, [RZ]","0","0","0","1764","56448","0","32","0","32","0","","Load","32","0","0","0","0","0","0","0","0","0","0","0","0","0","0","0","0","0","0","0","0","0","0","0","0","0","0","0","0","0","0","0","0","0","0","0","0","0","0","0","0","0","0"
"0x71cecf770b80","      LDGSTS.E.BYPASS.LTC128B.128 P0, [R2], [R26.64]","2","1","2","1764","56448","56448","32","32","0","0","Global,Shared","Load,Store","128","13944","4","0","7056","7056","0","27888","27888","0","0","0","0","0","0","0","0","0","0","1","0","1","0","0","0","0","0","0","0","0","0","0","0","0","0","0","1","0","0","0","0","0","0"
"0x71cecf770b90","      CS2R R78, SRZ","0","0","0","1764","56448","56448","32","32","0","0","-","-","-","0","0","0","0","0","0","0","0","0","0","0","0","0","0","0","0","0","0","0","0","0","0","0","0","0","0","0","0","0","0","0","0","0","0","0","0","0","0","0","0","0","0"
"0x71cecf770ba0","      CS2R R76, SRZ","0","0","0","1764","56448","56448","32","32","0","0","-","-","-","0","0","0","0","0","0","0","0","0","0","0","0","0","0","0","0","0","0","0","0","0","0","0","0","0","0","0","0","0","0","0","0","0","0","0","0","0","0","0","0","0","0"
"0x71cecf770bb0","      CS2R R58, SRZ","0","0","0","1764","56448","56448","32","32","0","0","-","-","-","0","0","0","0","0","0","0","0","0","0","0","0","0","0","0","0","0","0","0","0","0","0","0","0","0","0","0","0","0","0","0","0","0","0","0","0","0","0","0","0","0","0"
"0x71cecf770bc0","      LDGSTS.E.BYPASS.LTC128B.128 P1, [R5], [R26.64+UR10]","0","0","0","1764","56448","56448","32","32","0","0","Global,Shared","Load,Store","128","13944","7","6972","14028","7056","0","27888","27888","0","0","0","0","0","0","0","0","0","0","0","0","0","0","0","0","0","0","0","0","0","0","0","0","0","0","0","0","0","0","0","0","0","0"
"0x71cecf770bd0","      CS2R R56, SRZ","0","0","0","1764","56448","56448","32","32","0","0","-","-","-","0","0","0","0","0","0","0","0","0","0","0","0","0","0","0","0","0","0","0","0","0","0","0","0","0","0","0","0","0","0","0","0","0","0","0","0","0","0","0","0","0","0"
"0x71cecf770be0","      CS2R R126, SRZ","0","0","0","1764","56448","56448","32","32","0","0","-","-","-","0","0","0","0","0","0","0","0","0","0","0","0","0","0","0","0","0","0","0","0","0","0","0","0","0","0","0","0","0","0","0","0","0","0","0","0","0","0","0","0","0","0"
"0x71cecf770bf0","      CS2R R124, SRZ","0","0","0","1764","56448","56448","32","32","0","0","-","-","-","0","0","0","0","0","0","0","0","0","0","0","0","0","0","0","0","0","0","0","0","0","0","0","0","0","0","0","0","0","0","0","0","0","0","0","0","0","0","0","0","0","0"
"0x71cecf770c00","      LDGSTS.E.BYPASS.LTC128B.128 P2, [R2+0x1000], [R24.64+UR10]","1","1","1","1764","56448","56448","32","32","0","0","Global,Shared","Load,Store","128","13944","7","6972","14028","7056","0","27888","27888","0","0","0","0","0","0","0","0","1","0","0","0","0","0","0","0","0","0","0","0","0","0","0","0","0","1","0","0","0","0","0","0","0","0"
"0x71cecf770c10","      CS2R R74, SRZ","0","0","0","1764","56448","56448","32","32","0","0","-","-","-","0","0","0","0","0","0","0","0","0","0","0","0","0","0","0","0","0","0","0","0","0","0","0","0","0","0","0","0","0","0","0","0","0","0","0","0","0","0","0","0","0","0"
"0x71cecf770c20","      CS2R R72, SRZ","0","0","0","1764","56448","56448","32","32","0","0","-","-","-","0","0","0","0","0","0","0","0","0","0","0","0","0","0","0","0","0","0","0","0","0","0","0","0","0","0","0","0","0","0","0","0","0","0","0","0","0","0","0","0","0","0"
"0x71cecf770c30","      CS2R R62, SRZ","0","0","0","1764","56448","56448","32","32","0","0","-","-","-","0","0","0","0","0","0","0","0","0","0","0","0","0","0","0","0","0","0","0","0","0","0","0","0","0","0","0","0","0","0","0","0","0","0","0","0","0","0","0","0","0","0"
"0x71cecf770c40","      LDGSTS.E.BYPASS.LTC128B.128 P3, [R5+0x1000], [R30.64+UR10]","1","0","1","1764","56448","56448","32","32","0","0","Global,Shared","Load,Store","128","13944","7","6972","14028","7056","0","27888","27888","0","0","0","0","0","0","0","0","0","0","0","0","1","0","0","0","0","0","0","0","0","0","0","0","0","0","0","0","0","0","0","0","0","0"
"0x71cecf770c50","      R2P PR, R0, 0xf","0","0","0","1764","56448","56448","32","32","0","0","-","-","-","0","0","0","0","0","0","0","0","0","0","0","0","0","0","0","0","0","0","0","0","0","0","0","0","0","0","0","0","0","0","0","0","0","0","0","0","0","0","0","0","0","0"
"0x71cecf770c60","      CS2R R60, SRZ","0","0","0","1764","56448","56448","32","32","0","0","-","-","-","0","0","0","0","0","0","0","0","0","0","0","0","0","0","0","0","0","0","0","0","0","0","0","0","0","0","0","0","0","0","0","0","0","0","0","0","0","0","0","0","0","0"
"0x71cecf770c70","      ISETP.LT.AND P6, PT, R19, UR4, PT","0","0","0","1764","56448","56448","32","32","0","0","-","-","-","0","0","0","0","0","0","0","0","0","0","0","0","0","0","0","0","0","0","0","0","0","0","0","0","0","0","0","0","0","0","0","0","0","0","0","0","0","0","0","0","0","0"
"0x71cecf770c80","      ISETP.LT.AND P5, PT, R18, UR4, PT","1","0","1","1764","56448","56448","32","32","0","0","-","-","-","0","0","0","0","0","0","0","0","0","0","0","0","0","0","0","0","0","0","0","0","1","0","0","0","0","0","0","0","0","0","0","0","0","0","0","0","0","0","0","0","0","0"
"0x71cecf770c90","      ISETP.LT.AND P4, PT, R17, UR4, PT","0","0","0","1764","56448","56448","32","32","0","0","-","-","-","0","0","0","0","0","0","0","0","0","0","0","0","0","0","0","0","0","0","0","0","0","0","0","0","0","0","0","0","0","0","0","0","0","0","0","0","0","0","0","0","0","0"
"0x71cecf770ca0","      IADD3 R0, PT, PT, R21, -0x21, RZ","0","0","0","1764","56448","56448","32","32","0","0","-","-","-","0","0","0","0","0","0","0","0","0","0","0","0","0","0","0","0","0","0","0","0","0","0","0","0","0","0","0","0","0","0","0","0","0","0","0","0","0","0","0","0","0","0"
"0x71cecf770cb0","      IADD3 R21, PT, PT, R21, 0x1f, RZ","0","0","0","1764","56448","56448","32","32","0","0","-","-","-","0","0","0","0","0","0","0","0","0","0","0","0","0","0","0","0","0","0","0","0","0","0","0","0","0","0","0","0","0","0","0","0","0","0","0","0","0","0","0","0","0","0"
"0x71cecf770cc0","      IADD.64 R18, R8, UR8","0","0","0","1764","56448","56448","32","32","0","0","-","-","-","0","0","0","0","0","0","0","0","0","0","0","0","0","0","0","0","0","0","0","0","0","0","0","0","0","0","0","0","0","0","0","0","0","0","0","0","0","0","0","0","0","0"
"0x71cecf770cd0","      CS2R R130, SRZ","0","0","0","1764","56448","56448","32","32","0","0","-","-","-","0","0","0","0","0","0","0","0","0","0","0","0","0","0","0","0","0","0","0","0","0","0","0","0","0","0","0","0","0","0","0","0","0","0","0","0","0","0","0","0","0","0"
"0x71cecf770ce0","      CS2R R128, SRZ","0","0","0","1764","56448","56448","32","32","0","0","-","-","-","0","0","0","0","0","0","0","0","0","0","0","0","0","0","0","0","0","0","0","0","0","0","0","0","0","0","0","0","0","0","0","0","0","0","0","0","0","0","0","0","0","0"
"0x71cecf770cf0","      IADD.64 R18, R18, UR8","0","0","0","1764","56448","56448","32","32","0","0","-","-","-","0","0","0","0","0","0","0","0","0","0","0","0","0","0","0","0","0","0","0","0","0","0","0","0","0","0","0","0","0","0","0","0","0","0","0","0","0","0","0","0","0","0"
"0x71cecf770d00","      LDGSTS.E.BYPASS.LTC128B.128 P0, [R2+0x8000], [R28.64]","1","1","1","1764","56448","56448","32","32","0","0","Global,Shared","Load,Store","128","13944","4","0","7056","7056","0","27888","27888","0","0","0","0","0","0","0","0","1","0","0","0","0","0","0","0","0","0","0","0","0","0","0","0","0","1","0","0","0","0","0","0","0","0"
"0x71cecf770d10","      ISETP.LT.AND P0, PT, R20, UR4, PT","0","0","0","1764","56448","56448","32","32","0","0","-","-","-","0","0","0","0","0","0","0","0","0","0","0","0","0","0","0","0","0","0","0","0","0","0","0","0","0","0","0","0","0","0","0","0","0","0","0","0","0","0","0","0","0","0"
"0x71cecf770d20","      ULOP3.LUT UR4, UR15, 0xfffc, URZ, 0xc0, !UPT","1","0","1","1764","56448","56448","32","32","0","0","-","-","-","0","0","0","0","0","0","0","0","0","0","0","0","0","0","0","0","0","0","0","0","1","0","0","0","0","0","0","0","0","0","0","0","0","0","0","0","0","0","0","0","0","0"
"0x71cecf770d30","      IADD.64 R18, R18, UR8","0","0","0","1764","56448","56448","32","32","0","0","-","-","-","0","0","0","0","0","0","0","0","0","0","0","0","0","0","0","0","0","0","0","0","0","0","0","0","0","0","0","0","0","0","0","0","0","0","0","0","0","0","0","0","0","0"
"0x71cecf770d40","      LDGSTS.E.BYPASS.LTC128B.128 P1, [R5+0x8000], [R28.64+UR8]","1","1","1","1764","56448","56448","32","32","0","0","Global,Shared","Load,Store","128","13944","7","6972","14028","7056","0","27888","27888","0","0","0","0","1","0","0","0","0","0","0","0","0","0","0","0","0","0","0","0","0","1","0","0","0","0","0","0","0","0","0","0","0","0"
"0x71cecf770d50","      PLOP3.LUT P1, PT, P6, PT, PT, 0x80, 0x8","1","0","1","1764","56448","56448","32","32","0","0","-","-","-","0","0","0","0","0","0","0","0","0","0","0","0","0","0","0","0","0","0","0","0","1","0","0","0","0","0","0","0","0","0","0","0","0","0","0","0","0","0","0","0","0","0"
"0x71cecf770d60","      UIADD3 UR7, UPT, UPT, UR7, -UR4, URZ","0","0","0","1764","56448","56448","32","32","0","0","-","-","-","0","0","0","0","0","0","0","0","0","0","0","0","0","0","0","0","0","0","0","0","0","0","0","0","0","0","0","0","0","0","0","0","0","0","0","0","0","0","0","0","0","0"
"0x71cecf770d70","      ISETP.GE.U32.AND P6, PT, R3, 0x20, PT","0","0","0","1764","56448","56448","32","32","0","0","-","-","-","0","0","0","0","0","0","0","0","0","0","0","0","0","0","0","0","0","0","0","0","0","0","0","0","0","0","0","0","0","0","0","0","0","0","0","0","0","0","0","0","0","0"
"0x71cecf770d80","      IADD.64 R24, R28, UR8","6","5","6","1764","56448","56448","32","32","0","0","-","-","-","0","0","0","0","0","0","0","0","0","0","0","0","0","5","0","0","0","0","0","0","1","0","0","0","0","0","0","0","0","0","5","0","0","0","0","0","0","0","0","0","0","0"
"0x71cecf770d90","      IADD.64 R18, R18, UR12","0","0","0","1764","56448","56448","32","32","0","0","-","-","-","0","0","0","0","0","0","0","0","0","0","0","0","0","0","0","0","0","0","0","0","0","0","0","0","0","0","0","0","0","0","0","0","0","0","0","0","0","0","0","0","0","0"
"0x71cecf770da0","      IADD.64 R26, R24, UR8","1","0","1","1764","56448","56448","32","32","0","0","-","-","-","0","0","0","0","0","0","0","0","0","0","0","0","0","0","0","0","0","0","0","0","1","0","0","0","0","0","0","0","0","0","0","0","0","0","0","0","0","0","0","0","0","0"
"0x71cecf770db0","      LDGSTS.E.BYPASS.LTC128B.128 P2, [R2+0x9000], [R24.64+UR8]","1","1","1","1764","56448","56448","32","32","0","0","Global,Shared","Load,Store","128","13944","7","6972","14028","7056","0","27888","27888","0","0","0","0","0","0","0","0","0","0","0","0","0","0","0","0","1","0","0","0","0","0","0","0","0","0","0","0","0","0","0","0","0","1"
"0x71cecf770dc0","      PLOP3.LUT P2, PT, P5, PT, PT, 0x80, 0x8","0","0","0","1764","56448","56448","32","32","0","0","-","-","-","0","0","0","0","0","0","0","0","0","0","0","0","0","0","0","0","0","0","0","0","0","0","0","0","0","0","0","0","0","0","0","0","0","0","0","0","0","0","0","0","0","0"
"0x71cecf770dd0","      IMAD.WIDE R18, R4, 0x2, R18","0","0","0","1764","56448","56448","32","32","0","0","-","-","-","0","0","0","0","0","0","0","0","0","0","0","0","0","0","0","0","0","0","0","0","0","0","0","0","0","0","0","0","0","0","0","0","0","0","0","0","0","0","0","0","0","0"
"0x71cecf770de0","      USHF.R.S32.HI UR15, URZ, 0x2, UR15","0","0","0","1764","56448","56448","32","32","0","0","-","-","-","0","0","0","0","0","0","0","0","0","0","0","0","0","0","0","0","0","0","0","0","0","0","0","0","0","0","0","0","0","0","0","0","0","0","0","0","0","0","0","0","0","0"
"0x71cecf770df0","      LDGSTS.E.BYPASS.LTC128B.128 P3, [R5+0x9000], [R26.64+UR8]","0","0","0","1764","56448","56448","32","32","0","0","Global,Shared","Load,Store","128","13944","7","6972","14028","7056","0","27888","27888","0","0","0","0","0","0","0","0","0","0","0","0","0","0","0","0","0","0","0","0","0","0","0","0","0","0","0","0","0","0","0","0","0","0"
"0x71cecf770e00","      PLOP3.LUT P3, PT, P4, PT, PT, 0x80, 0x8","0","0","0","1764","56448","56448","32","32","0","0","-","-","-","0","0","0","0","0","0","0","0","0","0","0","0","0","0","0","0","0","0","0","0","0","0","0","0","0","0","0","0","0","0","0","0","0","0","0","0","0","0","0","0","0","0"
"0x71cecf770e10","      CS2R R30, SRZ","2","2","2","1764","56448","56448","32","32","0","0","-","-","-","0","0","0","0","0","0","0","0","0","0","0","0","0","2","0","0","0","0","0","0","0","0","0","0","0","0","0","0","0","0","2","0","0","0","0","0","0","0","0","0","0","0"
"0x71cecf770e20","      ISETP.GE.AND P4, PT, R21, 0x20, PT","0","0","0","1764","56448","56448","32","32","0","0","-","-","-","0","0","0","0","0","0","0","0","0","0","0","0","0","0","0","0","0","0","0","0","0","0","0","0","0","0","0","0","0","0","0","0","0","0","0","0","0","0","0","0","0","0"
"0x71cecf770e30","      LDGDEPBAR","0","0","0","1764","56448","56448","32","32","0","0","-","-","-","0","0","0","0","0","0","0","0","0","0","0","0","0","0","0","0","0","0","0","0","0","0","0","0","0","0","0","0","0","0","0","0","0","0","0","0","0","0","0","0","0","0"
"0x71cecf770e40","      P2R R16, PR, RZ, 0xf","0","0","0","1764","56448","56448","32","32","0","0","-","-","-","0","0","0","0","0","0","0","0","0","0","0","0","0","0","0","0","0","0","0","0","0","0","0","0","0","0","0","0","0","0","0","0","0","0","0","0","0","0","0","0","0","0"
"0x71cecf770e50","      IADD.64 R18, R18, R6","0","0","0","1764","56448","56448","32","32","0","0","-","-","-","0","0","0","0","0","0","0","0","0","0","0","0","0","0","0","0","0","0","0","0","0","0","0","0","0","0","0","0","0","0","0","0","0","0","0","0","0","0","0","0","0","0"
"0x71cecf770e60","      ISETP.LT.AND P0, PT, R13, UR5, PT","0","0","0","1764","56448","56448","32","32","0","0","-","-","-","0","0","0","0","0","0","0","0","0","0","0","0","0","0","0","0","0","0","0","0","0","0","0","0","0","0","0","0","0","0","0","0","0","0","0","0","0","0","0","0","0","0"
"0x71cecf770e70","      ISETP.LT.AND P1, PT, R12, UR5, PT","0","0","0","1764","56448","56448","32","32","0","0","-","-","-","0","0","0","0","0","0","0","0","0","0","0","0","0","0","0","0","0","0","0","0","0","0","0","0","0","0","0","0","0","0","0","0","0","0","0","0","0","0","0","0","0","0"
"0x71cecf770e80","      IADD.64 R12, R22, UR10","0","0","0","1764","56448","56448","32","32","0","0","-","-","-","0","0","0","0","0","0","0","0","0","0","0","0","0","0","0","0","0","0","0","0","0","0","0","0","0","0","0","0","0","0","0","0","0","0","0","0","0","0","0","0","0","0"
"0x71cecf770e90","      ISETP.LT.AND P2, PT, R11, UR5, PT","0","0","0","1764","56448","56448","32","32","0","0","-","-","-","0","0","0","0","0","0","0","0","0","0","0","0","0","0","0","0","0","0","0","0","0","0","0","0","0","0","0","0","0","0","0","0","0","0","0","0","0","0","0","0","0","0"
"0x71cecf770ea0","      LOP3.LUT R11, R209, 0x1f, RZ, 0xc0, !PT","1","0","1","1764","56448","56448","32","32","0","0","-","-","-","0","0","0","0","0","0","0","0","0","0","0","0","0","0","0","0","0","0","0","0","1","0","0","0","0","0","0","0","0","0","0","0","0","0","0","0","0","0","0","0","0","0"
"0x71cecf770eb0","      IADD.64 R12, R12, UR10","0","0","0","1764","56448","56448","32","32","0","0","-","-","-","0","0","0","0","0","0","0","0","0","0","0","0","0","0","0","0","0","0","0","0","0","0","0","0","0","0","0","0","0","0","0","0","0","0","0","0","0","0","0","0","0","0"
"0x71cecf770ec0","      ISETP.LT.AND P3, PT, R10, UR5, PT","0","0","0","1764","56448","56448","32","32","0","0","-","-","-","0","0","0","0","0","0","0","0","0","0","0","0","0","0","0","0","0","0","0","0","0","0","0","0","0","0","0","0","0","0","0","0","0","0","0","0","0","0","0","0","0","0"
"0x71cecf770ed0","      SEL R16, R16, RZ, P6","0","0","0","1764","56448","56448","32","32","0","0","-","-","-","0","0","0","0","0","0","0","0","0","0","0","0","0","0","0","0","0","0","0","0","0","0","0","0","0","0","0","0","0","0","0","0","0","0","0","0","0","0","0","0","0","0"
"0x71cecf770ee0","      IADD.64 R12, R12, UR10","0","0","0","1764","56448","56448","32","32","0","0","-","-","-","0","0","0","0","0","0","0","0","0","0","0","0","0","0","0","0","0","0","0","0","0","0","0","0","0","0","0","0","0","0","0","0","0","0","0","0","0","0","0","0","0","0"
"0x71cecf770ef0","      ULOP3.LUT UR5, UR7, 0x80, URZ, 0xc0, !UPT","0","0","0","1764","56448","56448","32","32","0","0","-","-","-","0","0","0","0","0","0","0","0","0","0","0","0","0","0","0","0","0","0","0","0","0","0","0","0","0","0","0","0","0","0","0","0","0","0","0","0","0","0","0","0","0","0"
"0x71cecf770f00","      SHF.R.U32.HI R11, RZ, 0x4, R11","1","0","1","1764","56448","56448","32","32","0","0","-","-","-","0","0","0","0","0","0","0","0","0","0","0","0","0","0","0","0","0","0","0","0","1","0","0","0","0","0","0","0","0","0","0","0","0","0","0","0","0","0","0","0","0","0"
"0x71cecf770f10","      IADD.64 R12, R12, UR18","0","0","0","1764","56448","56448","32","32","0","0","-","-","-","0","0","0","0","0","0","0","0","0","0","0","0","0","0","0","0","0","0","0","0","0","0","0","0","0","0","0","0","0","0","0","0","0","0","0","0","0","0","0","0","0","0"
"0x71cecf770f20","      IMAD.SHL.U32 R10, R209, 0x100, RZ","1","0","1","1764","56448","56448","32","32","0","0","-","-","-","0","0","0","0","0","0","0","0","0","0","0","0","0","0","0","0","0","0","0","0","0","0","0","0","1","0","0","0","0","0","0","0","0","0","0","0","0","0","0","0","0","0"
"0x71cecf770f30","      P2R R208, PR, RZ, 0xf","1","0","1","1764","56448","56448","32","32","0","0","-","-","-","0","0","0","0","0","0","0","0","0","0","0","0","0","0","0","0","0","0","0","0","1","0","0","0","0","0","0","0","0","0","0","0","0","0","0","0","0","0","0","0","0","0"
"0x71cecf770f40","      ULEA.HI UR5, UR5, UR7, URZ, 0x19","0","0","0","1764","56448","56448","32","32","0","0","-","-","-","0","0","0","0","0","0","0","0","0","0","0","0","0","0","0","0","0","0","0","0","0","0","0","0","0","0","0","0","0","0","0","0","0","0","0","0","0","0","0","0","0","0"
"0x71cecf770f50","      R2P PR, R16, 0xf","0","0","0","1764","56448","56448","32","32","0","0","-","-","-","0","0","0","0","0","0","0","0","0","0","0","0","0","0","0","0","0","0","0","0","0","0","0","0","0","0","0","0","0","0","0","0","0","0","0","0","0","0","0","0","0","0"
"0x71cecf770f60","      IMAD.WIDE R12, R4, 0x2, R12","0","0","0","1764","56448","56448","32","32","0","0","-","-","-","0","0","0","0","0","0","0","0","0","0","0","0","0","0","0","0","0","0","0","0","0","0","0","0","0","0","0","0","0","0","0","0","0","0","0","0","0","0","0","0","0","0"
"0x71cecf770f70","      LOP3.LUT R11, R11, 0x3, R166, 0x78, !PT","0","0","0","1764","56448","56448","32","32","0","0","-","-","-","0","0","0","0","0","0","0","0","0","0","0","0","0","0","0","0","0","0","0","0","0","0","0","0","0","0","0","0","0","0","0","0","0","0","0","0","0","0","0","0","0","0"
"0x71cecf770f80","      ULOP3.LUT UR4, UR5, 0xfffe, URZ, 0xc0, !UPT","0","0","0","1764","56448","56448","32","32","0","0","-","-","-","0","0","0","0","0","0","0","0","0","0","0","0","0","0","0","0","0","0","0","0","0","0","0","0","0","0","0","0","0","0","0","0","0","0","0","0","0","0","0","0","0","0"
"0x71cecf770f90","      LOP3.LUT R10, R10, 0xe00, RZ, 0xc0, !PT","0","0","0","1764","56448","56448","32","32","0","0","-","-","-","0","0","0","0","0","0","0","0","0","0","0","0","0","0","0","0","0","0","0","0","0","0","0","0","0","0","0","0","0","0","0","0","0","0","0","0","0","0","0","0","0","0"
"0x71cecf770fa0","      CS2R R28, SRZ","3","3","3","1764","56448","56448","32","32","0","0","-","-","-","0","0","0","0","0","0","0","0","0","0","0","0","0","3","0","0","0","0","0","0","0","0","0","0","0","0","0","0","0","0","3","0","0","0","0","0","0","0","0","0","0","0"
"0x71cecf770fb0","      IADD.64 R12, R12, R14","1","0","1","1764","56448","56448","32","32","0","0","-","-","-","0","0","0","0","0","0","0","0","0","0","0","0","0","0","0","0","0","0","0","0","1","0","0","0","0","0","0","0","0","0","0","0","0","0","0","0","0","0","0","0","0","0"
"0x71cecf770fc0","      SEL R208, R208, RZ, P6","1","0","1","1764","56448","56448","32","32","0","0","-","-","-","0","0","0","0","0","0","0","0","0","0","0","0","0","0","0","0","0","0","0","0","1","0","0","0","0","0","0","0","0","0","0","0","0","0","0","0","0","0","0","0","0","0"
"0x71cecf770fd0","      LOP3.LUT R3, R11, R164, RZ, 0xfc, !PT","0","0","0","1764","56448","56448","32","32","0","0","-","-","-","0","0","0","0","0","0","0","0","0","0","0","0","0","0","0","0","0","0","0","0","0","0","0","0","0","0","0","0","0","0","0","0","0","0","0","0","0","0","0","0","0","0"
"0x71cecf770fe0","      IADD.64 R14, R12, UR10","1","0","1","1764","56448","56448","32","32","0","0","-","-","-","0","0","0","0","0","0","0","0","0","0","0","0","0","0","0","0","0","0","0","0","1","0","0","0","0","0","0","0","0","0","0","0","0","0","0","0","0","0","0","0","0","0"
"0x71cecf770ff0","      MOV R6, UR5","1","1","1","1764","56448","56448","32","32","0","0","-","-","-","0","0","0","0","0","0","0","0","0","0","0","0","0","0","0","0","0","0","0","0","0","0","0","0","1","0","0","0","0","0","0","0","0","0","0","0","0","0","0","0","0","1"
"0x71cecf771000","      LDGSTS.E.BYPASS.LTC128B.128 P0, [R2+0x80], [R12.64]","0","0","0","1764","56448","56448","32","32","0","0","Global,Shared","Load,Store","128","13944","4","0","7056","7056","0","27888","27888","0","0","0","0","0","0","0","0","0","0","0","0","0","0","0","0","0","0","0","0","0","0","0","0","0","0","0","0","0","0","0","0","0","0"
"0x71cecf771010","      IADD.64 R8, R14, UR10","0","0","0","1764","56448","56448","32","32","0","0","-","-","-","0","0","0","0","0","0","0","0","0","0","0","0","0","0","0","0","0","0","0","0","0","0","0","0","0","0","0","0","0","0","0","0","0","0","0","0","0","0","0","0","0","0"
"0x71cecf771020","      IMAD R3, R3, 0x10, R10","0","0","0","1764","56448","56448","32","32","0","0","-","-","-","0","0","0","0","0","0","0","0","0","0","0","0","0","0","0","0","0","0","0","0","0","0","0","0","0","0","0","0","0","0","0","0","0","0","0","0","0","0","0","0","0","0"
"0x71cecf771030","      IADD3 R10, PT, PT, RZ, -UR4, RZ","0","0","0","1764","56448","56448","32","32","0","0","-","-","-","0","0","0","0","0","0","0","0","0","0","0","0","0","0","0","0","0","0","0","0","0","0","0","0","0","0","0","0","0","0","0","0","0","0","0","0","0","0","0","0","0","0"
"0x71cecf771040","      LDGSTS.E.BYPASS.LTC128B.128 P1, [R5+0x80], [R12.64+UR10]","0","0","0","1764","56448","56448","32","32","0","0","Global,Shared","Load,Store","128","13944","7","6972","14028","7056","0","27888","27888","0","0","0","0","0","0","0","0","0","0","0","0","0","0","0","0","0","0","0","0","0","0","0","0","0","0","0","0","0","0","0","0","0","0"
"0x71cecf771050","      LOP3.LUT R11, R209, 0x7, RZ, 0xc0, !PT","0","0","0","1764","56448","56448","32","32","0","0","-","-","-","0","0","0","0","0","0","0","0","0","0","0","0","0","0","0","0","0","0","0","0","0","0","0","0","0","0","0","0","0","0","0","0","0","0","0","0","0","0","0","0","0","0"
"0x71cecf771060","      CS2R R26, SRZ","6","6","6","1764","56448","56448","32","32","0","0","-","-","-","0","0","0","0","0","0","0","0","0","0","0","0","0","6","0","0","0","0","0","0","0","0","0","0","0","0","0","0","0","0","6","0","0","0","0","0","0","0","0","0","0","0"
"0x71cecf771070","      LOP3.LUT R4, R166, 0x8, RZ, 0xc0, !PT","0","0","0","1764","56448","56448","32","32","0","0","-","-","-","0","0","0","0","0","0","0","0","0","0","0","0","0","0","0","0","0","0","0","0","0","0","0","0","0","0","0","0","0","0","0","0","0","0","0","0","0","0","0","0","0","0"
"0x71cecf771080","      LDGSTS.E.BYPASS.LTC128B.128 P2, [R2+0x1080], [R14.64+UR10]","0","0","0","1764","56448","56448","32","32","0","0","Global,Shared","Load,Store","128","13944","7","6972","14028","7056","0","27888","27888","0","0","0","0","0","0","0","0","0","0","0","0","0","0","0","0","0","0","0","0","0","0","0","0","0","0","0","0","0","0","0","0","0","0"
"0x71cecf771090","      PRMT R10, R10, 0x7710, RZ","0","0","0","1764","56448","56448","32","32","0","0","-","-","-","0","0","0","0","0","0","0","0","0","0","0","0","0","0","0","0","0","0","0","0","0","0","0","0","0","0","0","0","0","0","0","0","0","0","0","0","0","0","0","0","0","0"
"0x71cecf7710a0","      CS2R R24, SRZ","0","0","0","1764","56448","56448","32","32","0","0","-","-","-","0","0","0","0","0","0","0","0","0","0","0","0","0","0","0","0","0","0","0","0","0","0","0","0","0","0","0","0","0","0","0","0","0","0","0","0","0","0","0","0","0","0"
"0x71cecf7710b0","      SHF.R.S32.HI R202, RZ, 0x1f, R21","0","0","0","1764","56448","56448","32","32","0","0","-","-","-","0","0","0","0","0","0","0","0","0","0","0","0","0","0","0","0","0","0","0","0","0","0","0","0","0","0","0","0","0","0","0","0","0","0","0","0","0","0","0","0","0","0"
"0x71cecf7710c0","      LDGSTS.E.BYPASS.LTC128B.128 P3, [R5+0x1080], [R8.64+UR10]","0","0","0","1764","56448","56448","32","32","0","0","Global,Shared","Load,Store","128","13944","7","6972","14028","7056","0","27888","27888","0","0","0","0","0","0","0","0","0","0","0","0","0","0","0","0","0","0","0","0","0","0","0","0","0","0","0","0","0","0","0","0","0","0"
"0x71cecf7710d0","      R2P PR, R208, 0xf","1","0","1","1764","56448","56448","32","32","0","0","-","-","-","0","0","0","0","0","0","0","0","0","0","0","0","0","0","0","0","0","0","0","0","1","0","0","0","0","0","0","0","0","0","0","0","0","0","0","0","0","0","0","0","0","0"
"0x71cecf7710e0","      CS2R R22, SRZ","0","0","0","1764","56448","56448","32","32","0","0","-","-","-","0","0","0","0","0","0","0","0","0","0","0","0","0","0","0","0","0","0","0","0","0","0","0","0","0","0","0","0","0","0","0","0","0","0","0","0","0","0","0","0","0","0"
"0x71cecf7710f0","      ISETP.GE.U32.AND P6, PT, R0, 0x20, PT","1","0","1","1764","56448","56448","32","32","0","0","-","-","-","0","0","0","0","0","0","0","0","0","0","0","0","0","0","0","0","0","0","0","0","1","0","0","0","0","0","0","0","0","0","0","0","0","0","0","0","0","0","0","0","0","0"
"0x71cecf771100","      R2UR UR4, R10","0","0","0","1764","56448","56448","32","32","0","0","-","-","-","0","0","0","0","0","0","0","0","0","0","0","0","0","0","0","0","0","0","0","0","0","0","0","0","0","0","0","0","0","0","0","0","0","0","0","0","0","0","0","0","0","0"
"0x71cecf771110","      CS2R R70, SRZ","0","0","0","1764","56448","56448","32","32","0","0","-","-","-","0","0","0","0","0","0","0","0","0","0","0","0","0","0","0","0","0","0","0","0","0","0","0","0","0","0","0","0","0","0","0","0","0","0","0","0","0","0","0","0","0","0"
"0x71cecf771120","      PRMT R0, R6, 0x8880, RZ","0","0","0","1764","56448","56448","32","32","0","0","-","-","-","0","0","0","0","0","0","0","0","0","0","0","0","0","0","0","0","0","0","0","0","0","0","0","0","0","0","0","0","0","0","0","0","0","0","0","0","0","0","0","0","0","0"
"0x71cecf771130","      CS2R R68, SRZ","0","0","0","1764","56448","56448","32","32","0","0","-","-","-","0","0","0","0","0","0","0","0","0","0","0","0","0","0","0","0","0","0","0","0","0","0","0","0","0","0","0","0","0","0","0","0","0","0","0","0","0","0","0","0","0","0"
"0x71cecf771140","      SEL R203, R16, RZ, P6","0","0","0","1764","56448","56448","32","32","0","0","-","-","-","0","0","0","0","0","0","0","0","0","0","0","0","0","0","0","0","0","0","0","0","0","0","0","0","0","0","0","0","0","0","0","0","0","0","0","0","0","0","0","0","0","0"
"0x71cecf771150","      SEL R208, R208, RZ, P6","0","0","0","1764","56448","56448","32","32","0","0","-","-","-","0","0","0","0","0","0","0","0","0","0","0","0","0","0","0","0","0","0","0","0","0","0","0","0","0","0","0","0","0","0","0","0","0","0","0","0","0","0","0","0","0","0"
"0x71cecf771160","      LEA.HI R202, R202, R21, RZ, 0x5","1","0","1","1764","56448","56448","32","32","0","0","-","-","-","0","0","0","0","0","0","0","0","0","0","0","0","0","0","0","0","0","0","0","0","1","0","0","0","0","0","0","0","0","0","0","0","0","0","0","0","0","0","0","0","0","0"
"0x71cecf771170","      CS2R R20, SRZ","0","0","0","1764","56448","56448","32","32","0","0","-","-","-","0","0","0","0","0","0","0","0","0","0","0","0","0","0","0","0","0","0","0","0","0","0","0","0","0","0","0","0","0","0","0","0","0","0","0","0","0","0","0","0","0","0"
"0x71cecf771180","      CS2R R16, SRZ","0","0","0","1764","56448","56448","32","32","0","0","-","-","-","0","0","0","0","0","0","0","0","0","0","0","0","0","0","0","0","0","0","0","0","0","0","0","0","0","0","0","0","0","0","0","0","0","0","0","0","0","0","0","0","0","0"
"0x71cecf771190","      CS2R R66, SRZ","0","0","0","1764","56448","56448","32","32","0","0","-","-","-","0","0","0","0","0","0","0","0","0","0","0","0","0","0","0","0","0","0","0","0","0","0","0","0","0","0","0","0","0","0","0","0","0","0","0","0","0","0","0","0","0","0"
"0x71cecf7711a0","      LDGSTS.E.BYPASS.LTC128B.128 P0, [R2+0x8080], [R18.64]","0","0","0","1764","56448","56448","32","32","0","0","Global,Shared","Load,Store","128","13944","4","0","7056","7056","0","27888","27888","0","0","0","0","0","0","0","0","0","0","0","0","0","0","0","0","0","0","0","0","0","0","0","0","0","0","0","0","0","0","0","0","0","0"
"0x71cecf7711b0","      CS2R R64, SRZ","0","0","0","1764","56448","56448","32","32","0","0","-","-","-","0","0","0","0","0","0","0","0","0","0","0","0","0","0","0","0","0","0","0","0","0","0","0","0","0","0","0","0","0","0","0","0","0","0","0","0","0","0","0","0","0","0"
"0x71cecf7711c0","      LEA.HI.SX32 R202, R202, 0xfffffffd, 0x1b","0","0","0","1764","56448","56448","32","32","0","0","-","-","-","0","0","0","0","0","0","0","0","0","0","0","0","0","0","0","0","0","0","0","0","0","0","0","0","0","0","0","0","0","0","0","0","0","0","0","0","0","0","0","0","0","0"
"0x71cecf7711d0","      LDGSTS.E.BYPASS.LTC128B.128 P1, [R5+0x8080], [R18.64+UR8]","2","2","2","1764","56448","56448","32","32","0","0","Global,Shared","Load,Store","128","13944","7","6972","14028","7056","0","27888","27888","0","0","0","0","2","0","0","0","0","0","0","0","0","0","0","0","0","0","0","0","0","2","0","0","0","0","0","0","0","0","0","0","0","0"
"0x71cecf7711e0","      SHF.R.U32.HI R12, RZ, 0x1, R11","2","2","2","1764","56448","56448","32","32","0","0","-","-","-","0","0","0","0","0","0","0","0","0","0","0","0","0","2","0","0","0","0","0","0","0","0","0","0","0","0","0","0","0","0","2","0","0","0","0","0","0","0","0","0","0","0"
"0x71cecf7711f0","      LOP3.LUT R13, R4, 0x7, R209, 0xf8, !PT","0","0","0","1764","56448","56448","32","32","0","0","-","-","-","0","0","0","0","0","0","0","0","0","0","0","0","0","0","0","0","0","0","0","0","0","0","0","0","0","0","0","0","0","0","0","0","0","0","0","0","0","0","0","0","0","0"
"0x71cecf771200","      IADD.64 R14, R18, UR8","5","5","5","1764","56448","56448","32","32","0","0","-","-","-","0","0","0","0","0","0","0","0","0","0","0","0","0","5","0","0","0","0","0","0","0","0","0","0","0","0","0","0","0","0","5","0","0","0","0","0","0","0","0","0","0","0"
"0x71cecf771210","      MOV R6, UR4","0","0","0","1764","56448","56448","32","32","0","0","-","-","-","0","0","0","0","0","0","0","0","0","0","0","0","0","0","0","0","0","0","0","0","0","0","0","0","0","0","0","0","0","0","0","0","0","0","0","0","0","0","0","0","0","0"
"0x71cecf771220","      LOP3.LUT R7, R12, 0x1, R165, 0x78, !PT","1","0","1","1764","56448","56448","32","32","0","0","-","-","-","0","0","0","0","0","0","0","0","0","0","0","0","0","0","0","0","0","0","0","0","1","0","0","0","0","0","0","0","0","0","0","0","0","0","0","0","0","0","0","0","0","0"
"0x71cecf771230","      IADD.64 R10, R14, UR8","0","0","0","1764","56448","56448","32","32","0","0","-","-","-","0","0","0","0","0","0","0","0","0","0","0","0","0","0","0","0","0","0","0","0","0","0","0","0","0","0","0","0","0","0","0","0","0","0","0","0","0","0","0","0","0","0"
"0x71cecf771240","      IADD.64 R8, R8, UR10","4","4","4","1764","56448","56448","32","32","0","0","-","-","-","0","0","0","0","0","0","0","0","0","0","0","0","0","4","0","0","0","0","0","0","0","0","0","0","0","0","0","0","0","0","4","0","0","0","0","0","0","0","0","0","0","0"
"0x71cecf771250","      IMAD.SHL.U32 R13, R13, 0x10, RZ","0","0","0","1764","56448","56448","32","32","0","0","-","-","-","0","0","0","0","0","0","0","0","0","0","0","0","0","0","0","0","0","0","0","0","0","0","0","0","0","0","0","0","0","0","0","0","0","0","0","0","0","0","0","0","0","0"
"0x71cecf771260","      LOP3.LUT R4, R7, R164, RZ, 0xfc, !PT","0","0","0","1764","56448","56448","32","32","0","0","-","-","-","0","0","0","0","0","0","0","0","0","0","0","0","0","0","0","0","0","0","0","0","0","0","0","0","0","0","0","0","0","0","0","0","0","0","0","0","0","0","0","0","0","0"
"0x71cecf771270","      LDGSTS.E.BYPASS.LTC128B.128 P2, [R2+0x9080], [R14.64+UR8]","0","0","0","1764","56448","56448","32","32","0","0","Global,Shared","Load,Store","128","13944","7","6972","14028","7056","0","27888","27888","0","0","0","0","0","0","0","0","0","0","0","0","0","0","0","0","0","0","0","0","0","0","0","0","0","0","0","0","0","0","0","0","0","0"
"0x71cecf771280","      MOV R7, R0","0","0","0","1764","56448","56448","32","32","0","0","-","-","-","0","0","0","0","0","0","0","0","0","0","0","0","0","0","0","0","0","0","0","0","0","0","0","0","0","0","0","0","0","0","0","0","0","0","0","0","0","0","0","0","0","0"
"0x71cecf771290","      PRMT R6, R6, 0x7710, RZ","0","0","0","1764","56448","56448","32","32","0","0","-","-","-","0","0","0","0","0","0","0","0","0","0","0","0","0","0","0","0","0","0","0","0","0","0","0","0","0","0","0","0","0","0","0","0","0","0","0","0","0","0","0","0","0","0"
"0x71cecf7712a0","      LDGSTS.E.BYPASS.LTC128B.128 P3, [R5+0x9080], [R10.64+UR8]","0","0","0","1764","56448","56448","32","32","0","0","Global,Shared","Load,Store","128","13944","7","6972","14028","7056","0","27888","27888","0","0","0","0","0","0","0","0","0","0","0","0","0","0","0","0","0","0","0","0","0","0","0","0","0","0","0","0","0","0","0","0","0","0"
"0x71cecf7712b0","      R2P PR, R203, 0xf","0","0","0","1764","56448","56448","32","32","0","0","-","-","-","0","0","0","0","0","0","0","0","0","0","0","0","0","0","0","0","0","0","0","0","0","0","0","0","0","0","0","0","0","0","0","0","0","0","0","0","0","0","0","0","0","0"
"0x71cecf7712c0","      LOP3.LUT R0, R4, 0xe0, R13, 0xf8, !PT","0","0","0","1764","56448","56448","32","32","0","0","-","-","-","0","0","0","0","0","0","0","0","0","0","0","0","0","0","0","0","0","0","0","0","0","0","0","0","0","0","0","0","0","0","0","0","0","0","0","0","0","0","0","0","0","0"
"0x71cecf7712d0","      LDGDEPBAR","0","0","0","1764","56448","56448","32","32","0","0","-","-","-","0","0","0","0","0","0","0","0","0","0","0","0","0","0","0","0","0","0","0","0","0","0","0","0","0","0","0","0","0","0","0","0","0","0","0","0","0","0","0","0","0","0"
"0x71cecf7712e0","      SHF.R.S32.HI R7, RZ, 0x1, R7","0","0","0","1764","56448","56448","32","32","0","0","-","-","-","0","0","0","0","0","0","0","0","0","0","0","0","0","0","0","0","0","0","0","0","0","0","0","0","0","0","0","0","0","0","0","0","0","0","0","0","0","0","0","0","0","0"
"0x71cecf7712f0","      IADD3 R4, PT, PT, R6, UR7, RZ","1","1","1","1764","56448","56448","32","32","0","0","-","-","-","0","0","0","0","0","0","0","0","0","0","0","0","0","0","0","0","0","0","0","0","0","0","0","0","1","0","0","0","0","0","0","0","0","0","0","0","0","0","0","0","0","1"
"0x71cecf771300","      USHF.L.U32 UR7, UR15, 0x3, URZ","0","0","0","1764","56448","56448","32","32","0","0","-","-","-","0","0","0","0","0","0","0","0","0","0","0","0","0","0","0","0","0","0","0","0","0","0","0","0","0","0","0","0","0","0","0","0","0","0","0","0","0","0","0","0","0","0"
"0x71cecf771310","      PRMT R7, R7, 0x9910, RZ","0","0","0","1764","56448","56448","32","32","0","0","-","-","-","0","0","0","0","0","0","0","0","0","0","0","0","0","0","0","0","0","0","0","0","0","0","0","0","0","0","0","0","0","0","0","0","0","0","0","0","0","0","0","0","0","0"
"0x71cecf771320","      CS2R R18, SRZ","8","8","8","1764","56448","56448","32","32","0","0","-","-","-","0","0","0","0","0","0","0","0","0","0","0","0","0","8","0","0","0","0","0","0","0","0","0","0","0","0","0","0","0","0","8","0","0","0","0","0","0","0","0","0","0","0"
"0x71cecf771330","      LOP3.LUT R6, R4, 0xffff, RZ, 0xc0, !PT","0","0","0","1764","56448","56448","32","32","0","0","-","-","-","0","0","0","0","0","0","0","0","0","0","0","0","0","0","0","0","0","0","0","0","0","0","0","0","0","0","0","0","0","0","0","0","0","0","0","0","0","0","0","0","0","0"
"0x71cecf771340","      LDGSTS.E.BYPASS.LTC128B.128 P0, [R2+0x100], [R8.64+UR22]","0","0","0","1764","56448","56448","32","32","0","0","Global,Shared","Load,Store","128","13944","4","0","7056","7056","0","27888","27888","0","0","0","0","0","0","0","0","0","0","0","0","0","0","0","0","0","0","0","0","0","0","0","0","0","0","0","0","0","0","0","0","0","0"
"0x71cecf771350","      PRMT R4, R4, 0x8880, RZ","0","0","0","1764","56448","56448","32","32","0","0","-","-","-","0","0","0","0","0","0","0","0","0","0","0","0","0","0","0","0","0","0","0","0","0","0","0","0","0","0","0","0","0","0","0","0","0","0","0","0","0","0","0","0","0","0"
"0x71cecf771360","      R2UR UR13, R7","0","0","0","1764","56448","56448","32","32","0","0","-","-","-","0","0","0","0","0","0","0","0","0","0","0","0","0","0","0","0","0","0","0","0","0","0","0","0","0","0","0","0","0","0","0","0","0","0","0","0","0","0","0","0","0","0"
"0x71cecf771370","      R2UR UR5, R4","1","1","1","1764","56448","56448","32","32","0","0","-","-","-","0","0","0","0","0","0","0","0","0","0","0","0","0","0","0","0","0","0","0","0","0","0","0","0","1","0","0","0","0","0","0","0","0","0","0","0","0","0","0","0","0","1"
"0x71cecf771380","      PRMT R6, R6, 0x8880, RZ","0","0","0","1764","56448","56448","32","32","0","0","-","-","-","0","0","0","0","0","0","0","0","0","0","0","0","0","0","0","0","0","0","0","0","0","0","0","0","0","0","0","0","0","0","0","0","0","0","0","0","0","0","0","0","0","0"
"0x71cecf771390","      IADD.64 R14, R8, UR22","5","5","5","1764","56448","56448","32","32","0","0","-","-","-","0","0","0","0","0","0","0","0","0","0","0","0","0","5","0","0","0","0","0","0","0","0","0","0","0","0","0","0","0","0","5","0","0","0","0","0","0","0","0","0","0","0"
"0x71cecf7713a0","      R2UR UR14, R6","0","0","0","1764","56448","56448","32","32","0","0","-","-","-","0","0","0","0","0","0","0","0","0","0","0","0","0","0","0","0","0","0","0","0","0","0","0","0","0","0","0","0","0","0","0","0","0","0","0","0","0","0","0","0","0","0"
"0x71cecf7713b0","      IADD.64 R12, R14, UR10","0","0","0","1764","56448","56448","32","32","0","0","-","-","-","0","0","0","0","0","0","0","0","0","0","0","0","0","0","0","0","0","0","0","0","0","0","0","0","0","0","0","0","0","0","0","0","0","0","0","0","0","0","0","0","0","0"
"0x71cecf7713c0","      IADD.64 R10, R10, UR8","10","8","10","1764","56448","56448","32","32","0","0","-","-","-","0","0","0","0","0","0","0","0","0","0","0","0","0","8","0","0","0","0","0","0","2","0","0","0","0","0","0","0","0","0","8","0","0","0","0","0","0","0","0","0","0","0"
"0x71cecf7713d0","      IADD.64 R204, R12, UR10","0","0","0","1764","56448","56448","32","32","0","0","-","-","-","0","0","0","0","0","0","0","0","0","0","0","0","0","0","0","0","0","0","0","0","0","0","0","0","0","0","0","0","0","0","0","0","0","0","0","0","0","0","0","0","0","0"
"0x71cecf7713e0","      LDGSTS.E.BYPASS.LTC128B.128 P1, [R5+0x100], [R14.64+UR10]","0","0","0","1764","56448","56448","32","32","0","0","Global,Shared","Load,Store","128","13944","7","6972","14028","7056","0","27888","27888","0","0","0","0","0","0","0","0","0","0","0","0","0","0","0","0","0","0","0","0","0","0","0","0","0","0","0","0","0","0","0","0","0","0"
"0x71cecf7713f0","      ULEA UR4, UR13, UR7, 0xa","0","0","0","1764","56448","56448","32","32","0","0","-","-","-","0","0","0","0","0","0","0","0","0","0","0","0","0","0","0","0","0","0","0","0","0","0","0","0","0","0","0","0","0","0","0","0","0","0","0","0","0","0","0","0","0","0"
"0x71cecf771400","      ULEA UR5, UR5, UR7, 0xa","0","0","0","1764","56448","56448","32","32","0","0","-","-","-","0","0","0","0","0","0","0","0","0","0","0","0","0","0","0","0","0","0","0","0","0","0","0","0","0","0","0","0","0","0","0","0","0","0","0","0","0","0","0","0","0","0"
"0x71cecf771410","      CS2R R6, SRZ","0","0","0","1764","56448","56448","32","32","0","0","-","-","-","0","0","0","0","0","0","0","0","0","0","0","0","0","0","0","0","0","0","0","0","0","0","0","0","0","0","0","0","0","0","0","0","0","0","0","0","0","0","0","0","0","0"
"0x71cecf771420","      LDGSTS.E.BYPASS.LTC128B.128 P2, [R2+0x1100], [R12.64+UR10]","1","0","1","1764","56448","56448","32","32","0","0","Global,Shared","Load,Store","128","13944","7","6972","14028","7056","0","27888","27888","0","0","0","0","0","0","0","0","0","0","0","0","1","0","0","0","0","0","0","0","0","0","0","0","0","0","0","0","0","0","0","0","0","0"
"0x71cecf771430","      ULEA UR4, UR4, UR6, 0x4","0","0","0","1764","56448","56448","32","32","0","0","-","-","-","0","0","0","0","0","0","0","0","0","0","0","0","0","0","0","0","0","0","0","0","0","0","0","0","0","0","0","0","0","0","0","0","0","0","0","0","0","0","0","0","0","0"
"0x71cecf771440","      ULEA UR5, UR5, UR6, 0x4","1","0","1","1764","56448","56448","32","32","0","0","-","-","-","0","0","0","0","0","0","0","0","0","0","0","0","0","0","0","0","0","0","0","0","1","0","0","0","0","0","0","0","0","0","0","0","0","0","0","0","0","0","0","0","0","0"
"0x71cecf771450","      LDGSTS.E.BYPASS.LTC128B.128 P3, [R5+0x1100], [R204.64+UR10]","0","0","0","1764","56448","56448","32","32","0","0","Global,Shared","Load,Store","128","13944","7","6972","14028","7056","0","27888","27888","0","0","0","0","0","0","0","0","0","0","0","0","0","0","0","0","0","0","0","0","0","0","0","0","0","0","0","0","0","0","0","0","0","0"
"0x71cecf771460","      IADD.64 R8, R10, UR16","4","4","4","1764","56448","56448","32","32","0","0","-","-","-","0","0","0","0","0","0","0","0","0","0","0","0","0","4","0","0","0","0","0","0","0","0","0","0","0","0","0","0","0","0","4","0","0","0","0","0","0","0","0","0","0","0"
"0x71cecf771470","      R2P PR, R208, 0xf","0","0","0","1764","56448","56448","32","32","0","0","-","-","-","0","0","0","0","0","0","0","0","0","0","0","0","0","0","0","0","0","0","0","0","0","0","0","0","0","0","0","0","0","0","0","0","0","0","0","0","0","0","0","0","0","0"
"0x71cecf771480","      LEA R0, R0, UR4, 0x4","0","0","0","1764","56448","56448","32","32","0","0","-","-","-","0","0","0","0","0","0","0","0","0","0","0","0","0","0","0","0","0","0","0","0","0","0","0","0","0","0","0","0","0","0","0","0","0","0","0","0","0","0","0","0","0","0"
"0x71cecf771490","      LDGSTS.E.BYPASS.LTC128B.128 P0, [R2+0x8100], [R10.64+UR16]","0","0","0","1764","56448","56448","32","32","0","0","Global,Shared","Load,Store","128","13944","4","0","7056","7056","0","27888","27888","0","0","0","0","0","0","0","0","0","0","0","0","0","0","0","0","0","0","0","0","0","0","0","0","0","0","0","0","0","0","0","0","0","0"
"0x71cecf7714a0","      CS2R R14, SRZ","4","4","4","1764","56448","56448","32","32","0","0","-","-","-","0","0","0","0","0","0","0","0","0","0","0","0","0","4","0","0","0","0","0","0","0","0","0","0","0","0","0","0","0","0","4","0","0","0","0","0","0","0","0","0","0","0"
"0x71cecf7714b0","      LDGSTS.E.BYPASS.LTC128B.128 P1, [R5+0x8100], [R8.64+UR8]","0","0","0","1764","56448","56448","32","32","0","0","Global,Shared","Load,Store","128","13944","7","6972","14028","7056","0","27888","27888","0","0","0","0","0","0","0","0","0","0","0","0","0","0","0","0","0","0","0","0","0","0","0","0","0","0","0","0","0","0","0","0","0","0"
"0x71cecf7714c0","      IADD.64 R12, R8, UR8","7","7","7","1764","56448","56448","32","32","0","0","-","-","-","0","0","0","0","0","0","0","0","0","0","0","0","0","7","0","0","0","0","0","0","0","0","0","0","0","0","0","0","0","0","7","0","0","0","0","0","0","0","0","0","0","0"
"0x71cecf7714d0","      IADD.64 R206, R12, UR8","0","0","0","1764","56448","56448","32","32","0","0","-","-","-","0","0","0","0","0","0","0","0","0","0","0","0","0","0","0","0","0","0","0","0","0","0","0","0","0","0","0","0","0","0","0","0","0","0","0","0","0","0","0","0","0","0"
"0x71cecf7714e0","      LDGSTS.E.BYPASS.LTC128B.128 P2, [R2+0x9100], [R12.64+UR8]","0","0","0","1764","56448","56448","32","32","0","0","Global,Shared","Load,Store","128","13944","7","6972","14028","7056","0","27888","27888","0","0","0","0","0","0","0","0","0","0","0","0","0","0","0","0","0","0","0","0","0","0","0","0","0","0","0","0","0","0","0","0","0","0"
"0x71cecf7714f0","      IADD.64 R204, R204, UR10","11","11","11","1764","56448","56448","32","32","0","0","-","-","-","0","0","0","0","0","0","0","0","0","0","0","0","0","11","0","0","0","0","0","0","0","0","0","0","0","0","0","0","0","0","11","0","0","0","0","0","0","0","0","0","0","0"
"0x71cecf771500","      LDGSTS.E.BYPASS.LTC128B.128 P3, [R5+0x9100], [R206.64+UR8]","0","0","0","1764","56448","56448","32","32","0","0","Global,Shared","Load,Store","128","13944","7","6972","14028","7056","0","27888","27888","0","0","0","0","0","0","0","0","0","0","0","0","0","0","0","0","0","0","0","0","0","0","0","0","0","0","0","0","0","0","0","0","0","0"
"0x71cecf771510","      LDGDEPBAR","0","0","0","1764","56448","56448","32","32","0","0","-","-","-","0","0","0","0","0","0","0","0","0","0","0","0","0","0","0","0","0","0","0","0","0","0","0","0","0","0","0","0","0","0","0","0","0","0","0","0","0","0","0","0","0","0"
"0x71cecf771520","      CS2R R10, SRZ","12","12","12","1764","56448","56448","32","32","0","0","-","-","-","0","0","0","0","0","0","0","0","0","0","0","0","0","12","0","0","0","0","0","0","0","0","0","0","0","0","0","0","0","0","12","0","0","0","0","0","0","0","0","0","0","0"
"0x71cecf771530","      CS2R R8, SRZ","6","6","6","1764","56448","56448","32","32","0","0","-","-","-","0","0","0","0","0","0","0","0","0","0","0","0","0","6","0","0","0","0","0","0","0","0","0","0","0","0","0","0","0","0","6","0","0","0","0","0","0","0","0","0","0","0"
"0x71cecf771540","      CS2R R12, SRZ","12","11","12","1764","56448","56448","32","32","0","0","-","-","-","0","0","0","0","0","0","0","0","0","0","0","0","0","11","0","0","0","0","0","0","1","0","0","0","0","0","0","0","0","0","11","0","0","0","0","0","0","0","0","0","0","0"
"0x71cecf771550","      IADD.64 R206, R206, UR8","8","8","8","1764","56448","56448","32","32","0","0","-","-","-","0","0","0","0","0","0","0","0","0","0","0","0","0","8","0","0","0","0","0","0","0","0","0","0","0","0","0","0","0","0","8","0","0","0","0","0","0","0","0","0","0","0"
"0x71cecf771560","      DEPBAR.LE SB0, 0x2","0","0","0","1764","56448","56448","32","32","0","0","-","-","-","0","0","0","0","0","0","0","0","0","0","0","0","0","0","0","0","0","0","0","0","0","0","0","0","0","0","0","0","0","0","0","0","0","0","0","0","0","0","0","0","0","0"
"0x71cecf771570","      BAR.SYNC.DEFER_BLOCKING 0x0","123","123","123","1764","56448","56448","32","32","0","0","-","-","-","0","0","0","0","0","0","0","0","0","0","0","0","0","123","0","0","0","0","0","0","0","0","0","0","0","0","0","0","0","0","123","0","0","0","0","0","0","0","0","0","0","0"
"0x71cecf771580","      CS2R R4, SRZ","0","0","0","1764","56448","56448","32","32","0","0","-","-","-","0","0","0","0","0","0","0","0","0","0","0","0","0","0","0","0","0","0","0","0","0","0","0","0","0","0","0","0","0","0","0","0","0","0","0","0","0","0","0","0","0","0"
"0x71cecf771590","      LDSM.16.M88.4 R136, [R0+0x8000]","26","26","26","1764","56448","56448","32","32","0","0","Shared","Load","128","0","4","0","7056","7056","0","0","0","26","0","0","0","0","0","0","0","0","0","0","0","0","0","0","0","0","26","0","0","0","0","0","0","0","0","0","0","0","0","0","0","0","0"
"0x71cecf7715a0","      LDSM.16.M88.4 R140, [R0+0x9000]","0","0","0","1764","56448","56448","32","32","0","0","Shared","Load","128","0","4","0","7056","7056","0","0","0","0","0","0","0","0","0","0","0","0","0","0","0","0","0","0","0","0","0","0","0","0","0","0","0","0","0","0","0","0","0","0","0","0","0"
"0x71cecf7715b0","      LDSM.16.M88.4 R144, [R0+0xa000]","2","1","2","1764","56448","56448","32","32","0","0","Shared","Load","128","0","4","0","7056","7056","0","0","0","0","0","0","0","0","0","0","0","0","0","0","0","1","0","0","0","1","0","0","0","0","0","0","0","0","0","0","0","0","0","0","0","0","1"
"0x71cecf7715c0","      LDSM.16.M88.4 R148, [R0+0xb000]","0","0","0","1764","56448","56448","32","32","0","0","Shared","Load","128","0","4","0","7056","7056","0","0","0","0","0","0","0","0","0","0","0","0","0","0","0","0","0","0","0","0","0","0","0","0","0","0","0","0","0","0","0","0","0","0","0","0","0"
"0x71cecf7715d0","      LDSM.16.M88.4 R132, [R3+UR5]","0","0","0","1764","56448","56448","32","32","0","0","Shared","Load","128","0","4","0","7056","7056","0","0","0","0","0","0","0","0","0","0","0","0","0","0","0","0","0","0","0","0","0","0","0","0","0","0","0","0","0","0","0","0","0","0","0","0","0"
"0x71cecf7715e0","      LDSM.16.M88.4 R152, [R3+UR5+0x1000]","0","0","0","1764","56448","56448","32","32","0","0","Shared","Load","128","0","4","0","7056","7056","0","0","0","0","0","0","0","0","0","0","0","0","0","0","0","0","0","0","0","0","0","0","0","0","0","0","0","0","0","0","0","0","0","0","0","0","0"
"0x71cecf7715f0","      LDSM.16.M88.4 R156, [R3+UR5+0x2000]","0","0","0","1764","56448","56448","32","32","0","0","Shared","Load","128","0","4","0","7056","7056","0","0","0","0","0","0","0","0","0","0","0","0","0","0","0","0","0","0","0","0","0","0","0","0","0","0","0","0","0","0","0","0","0","0","0","0","0"
"0x71cecf771600","      LDSM.16.M88.4 R160, [R3+UR5+0x3000]","1","1","1","1764","56448","56448","32","32","0","0","Shared","Load","128","0","4","0","7056","7056","0","0","0","0","0","0","0","0","0","0","0","0","0","0","0","0","0","0","0","1","0","0","0","0","0","0","0","0","0","0","0","0","0","0","0","0","1"
"0x71cecf771610","@!P4  BRA 0x71cecf7724a0","0","0","0","1764","56448","0","32","0","32","0","-","-","-","0","0","0","0","0","0","0","0","0","0","0","0","0","0","0","0","0","0","0","0","0","0","0","0","0","0","0","0","0","0","0","0","0","0","0","0","0","0","0","0","0","0"
"0x71cecf771620","      SHF.R.U32.HI R2, RZ, 0x2, R209","1","1","1","1764","56448","56448","32","32","0","0","-","-","-","0","0","0","0","0","0","0","0","0","0","0","0","0","0","0","0","0","0","0","0","0","0","0","0","1","0","0","0","0","0","0","0","0","0","0","0","0","0","0","0","0","1"
"0x71cecf771630","      S2UR UR7, SR_CgaCtaId","0","0","0","1764","56448","56448","32","32","0","0","-","-","-","0","0","0","0","0","0","0","0","0","0","0","0","0","0","0","0","0","0","0","0","0","0","0","0","0","0","0","0","0","0","0","0","0","0","0","0","0","0","0","0","0","0"
"0x71cecf771640","      LOP3.LUT R168, R209, 0x7, RZ, 0xc0, !PT","0","0","0","1764","56448","56448","32","32","0","0","-","-","-","0","0","0","0","0","0","0","0","0","0","0","0","0","0","0","0","0","0","0","0","0","0","0","0","0","0","0","0","0","0","0","0","0","0","0","0","0","0","0","0","0","0"
"0x71cecf771650","      LDCU.64 UR24, c[0x0][0x3c0]","0","0","0","1764","56448","56448","32","32","0","0","-","-","-","0","0","0","0","0","0","0","0","0","0","0","0","0","0","0","0","0","0","0","0","0","0","0","0","0","0","0","0","0","0","0","0","0","0","0","0","0","0","0","0","0","0"
"0x71cecf771660","      LOP3.LUT R2, R2, 0x7, RZ, 0xc0, !PT","0","0","0","1764","56448","56448","32","32","0","0","-","-","-","0","0","0","0","0","0","0","0","0","0","0","0","0","0","0","0","0","0","0","0","0","0","0","0","0","0","0","0","0","0","0","0","0","0","0","0","0","0","0","0","0","0"
"0x71cecf771670","      IADD.64 R204, R204, UR22","0","0","0","1764","56448","56448","32","32","0","0","-","-","-","0","0","0","0","0","0","0","0","0","0","0","0","0","0","0","0","0","0","0","0","0","0","0","0","0","0","0","0","0","0","0","0","0","0","0","0","0","0","0","0","0","0"
"0x71cecf771680","      LDCU.64 UR20, c[0x0][0x3e0]","0","0","0","1764","56448","56448","32","32","0","0","-","-","-","0","0","0","0","0","0","0","0","0","0","0","0","0","0","0","0","0","0","0","0","0","0","0","0","0","0","0","0","0","0","0","0","0","0","0","0","0","0","0","0","0","0"
"0x71cecf771690","      LOP3.LUT R2, R2, 0x3e0, R209, 0xf8, !PT","0","0","0","1764","56448","56448","32","32","0","0","-","-","-","0","0","0","0","0","0","0","0","0","0","0","0","0","0","0","0","0","0","0","0","0","0","0","0","0","0","0","0","0","0","0","0","0","0","0","0","0","0","0","0","0","0"
"0x71cecf7716a0","      LDC.64 R198, c[0x0][0x3c0]","0","0","0","1764","56448","56448","32","32","0","0","-","-","-","0","0","0","0","0","0","0","0","0","0","0","0","0","0","0","0","0","0","0","0","0","0","0","0","0","0","0","0","0","0","0","0","0","0","0","0","0","0","0","0","0","0"
"0x71cecf7716b0","      LOP3.LUT R166, R166, 0x8, RZ, 0xc0, !PT","0","0","0","1764","56448","56448","32","32","0","0","-","-","-","0","0","0","0","0","0","0","0","0","0","0","0","0","0","0","0","0","0","0","0","0","0","0","0","0","0","0","0","0","0","0","0","0","0","0","0","0","0","0","0","0","0"
"0x71cecf7716c0","      UMOV UR8, 0x400","0","0","0","1764","56448","56448","32","32","0","0","-","-","-","0","0","0","0","0","0","0","0","0","0","0","0","0","0","0","0","0","0","0","0","0","0","0","0","0","0","0","0","0","0","0","0","0","0","0","0","0","0","0","0","0","0"
"0x71cecf7716d0","      LOP3.LUT R0, R2, 0x8, RZ, 0xfc, !PT","7","7","7","1764","56448","56448","32","32","0","0","-","-","-","0","0","0","0","0","0","0","0","0","0","0","0","0","0","0","0","0","0","0","0","0","7","0","0","0","0","0","0","0","0","0","0","0","0","0","0","0","0","7","0","0","0"
"0x71cecf7716e0","      IADD.64 R206, R206, UR16","0","0","0","1764","56448","56448","32","32","0","0","-","-","-","0","0","0","0","0","0","0","0","0","0","0","0","0","0","0","0","0","0","0","0","0","0","0","0","0","0","0","0","0","0","0","0","0","0","0","0","0","0","0","0","0","0"
"0x71cecf7716f0","      ISETP.NE.AND P0, PT, R202, RZ, PT","0","0","0","1764","56448","56448","32","32","0","0","-","-","-","0","0","0","0","0","0","0","0","0","0","0","0","0","0","0","0","0","0","0","0","0","0","0","0","0","0","0","0","0","0","0","0","0","0","0","0","0","0","0","0","0","0"
"0x71cecf771700","      SHF.R.U32.HI R168, RZ, 0x1, R168","0","0","0","1764","56448","56448","32","32","0","0","-","-","-","0","0","0","0","0","0","0","0","0","0","0","0","0","0","0","0","0","0","0","0","0","0","0","0","0","0","0","0","0","0","0","0","0","0","0","0","0","0","0","0","0","0"
"0x71cecf771710","      LDC.64 R196, c[0x0][0x3e0]","0","0","0","1764","56448","56448","32","32","0","0","-","-","-","0","0","0","0","0","0","0","0","0","0","0","0","0","0","0","0","0","0","0","0","0","0","0","0","0","0","0","0","0","0","0","0","0","0","0","0","0","0","0","0","0","0"
"0x71cecf771720","      SHF.R.U32.HI R2, RZ, 0x1, R2","0","0","0","1764","56448","56448","32","32","0","0","-","-","-","0","0","0","0","0","0","0","0","0","0","0","0","0","0","0","0","0","0","0","0","0","0","0","0","0","0","0","0","0","0","0","0","0","0","0","0","0","0","0","0","0","0"
"0x71cecf771730","      UIADD3 UR4, UPT, UPT, UR4, 0x8000, URZ","0","0","0","1764","56448","56448","32","32","0","0","-","-","-","0","0","0","0","0","0","0","0","0","0","0","0","0","0","0","0","0","0","0","0","0","0","0","0","0","0","0","0","0","0","0","0","0","0","0","0","0","0","0","0","0","0"
"0x71cecf771740","      LOP3.LUT R201, R166, 0x7, R209, 0xf8, !PT","0","0","0","1764","56448","56448","32","32","0","0","-","-","-","0","0","0","0","0","0","0","0","0","0","0","0","0","0","0","0","0","0","0","0","0","0","0","0","0","0","0","0","0","0","0","0","0","0","0","0","0","0","0","0","0","0"
"0x71cecf771750","      UMOV UR12, 0x180","0","0","0","1764","56448","56448","32","32","0","0","-","-","-","0","0","0","0","0","0","0","0","0","0","0","0","0","0","0","0","0","0","0","0","0","0","0","0","0","0","0","0","0","0","0","0","0","0","0","0","0","0","0","0","0","0"
"0x71cecf771760","      SHF.R.U32.HI R0, RZ, 0x1, R0","0","0","0","1764","56448","56448","32","32","0","0","-","-","-","0","0","0","0","0","0","0","0","0","0","0","0","0","0","0","0","0","0","0","0","0","0","0","0","0","0","0","0","0","0","0","0","0","0","0","0","0","0","0","0","0","0"
"0x71cecf771770","      UMOV UR6, 0x3","0","0","0","1764","56448","56448","32","32","0","0","-","-","-","0","0","0","0","0","0","0","0","0","0","0","0","0","0","0","0","0","0","0","0","0","0","0","0","0","0","0","0","0","0","0","0","0","0","0","0","0","0","0","0","0","0"
"0x71cecf771780","      LOP3.LUT R103, R168, 0x1, R165, 0x78, !PT","0","0","0","1764","56448","56448","32","32","0","0","-","-","-","0","0","0","0","0","0","0","0","0","0","0","0","0","0","0","0","0","0","0","0","0","0","0","0","0","0","0","0","0","0","0","0","0","0","0","0","0","0","0","0","0","0"
"0x71cecf771790","      IMAD.SHL.U32 R201, R201, 0x10, RZ","0","0","0","1764","56448","56448","32","32","0","0","-","-","-","0","0","0","0","0","0","0","0","0","0","0","0","0","0","0","0","0","0","0","0","0","0","0","0","0","0","0","0","0","0","0","0","0","0","0","0","0","0","0","0","0","0"
"0x71cecf7717a0","      LOP3.LUT R168, R2, 0x3, R209, 0x48, !PT","0","0","0","1764","56448","56448","32","32","0","0","-","-","-","0","0","0","0","0","0","0","0","0","0","0","0","0","0","0","0","0","0","0","0","0","0","0","0","0","0","0","0","0","0","0","0","0","0","0","0","0","0","0","0","0","0"
"0x71cecf7717b0","      ULEA UR7, UR7, UR8, 0x18","0","0","0","1764","56448","56448","32","32","0","0","-","-","-","0","0","0","0","0","0","0","0","0","0","0","0","0","0","0","0","0","0","0","0","0","0","0","0","0","0","0","0","0","0","0","0","0","0","0","0","0","0","0","0","0","0"
"0x71cecf7717c0","      LOP3.LUT R166, R0, 0x3, R209, 0x48, !PT","0","0","0","1764","56448","56448","32","32","0","0","-","-","-","0","0","0","0","0","0","0","0","0","0","0","0","0","0","0","0","0","0","0","0","0","0","0","0","0","0","0","0","0","0","0","0","0","0","0","0","0","0","0","0","0","0"
"0x71cecf7717d0","      UMOV UR11, URZ","0","0","0","1764","56448","56448","32","32","0","0","-","-","-","0","0","0","0","0","0","0","0","0","0","0","0","0","0","0","0","0","0","0","0","0","0","0","0","0","0","0","0","0","0","0","0","0","0","0","0","0","0","0","0","0","0"
"0x71cecf7717e0","      LOP3.LUT R164, R103, R164, RZ, 0xfc, !PT","0","0","0","1764","56448","56448","32","32","0","0","-","-","-","0","0","0","0","0","0","0","0","0","0","0","0","0","0","0","0","0","0","0","0","0","0","0","0","0","0","0","0","0","0","0","0","0","0","0","0","0","0","0","0","0","0"
"0x71cecf7717f0","      LDCU.64 UR18, c[0x0][0x3c8]","0","0","0","1764","56448","56448","32","32","0","0","-","-","-","0","0","0","0","0","0","0","0","0","0","0","0","0","0","0","0","0","0","0","0","0","0","0","0","0","0","0","0","0","0","0","0","0","0","0","0","0","0","0","0","0","0"
"0x71cecf771800","      LOP3.LUT R211, R168, 0x4, R209, 0xf8, !PT","0","0","0","1764","56448","56448","32","32","0","0","-","-","-","0","0","0","0","0","0","0","0","0","0","0","0","0","0","0","0","0","0","0","0","0","0","0","0","0","0","0","0","0","0","0","0","0","0","0","0","0","0","0","0","0","0"
"0x71cecf771810","      IMAD R199, R199, 0x3, RZ","0","0","0","1764","56448","56448","32","32","0","0","-","-","-","0","0","0","0","0","0","0","0","0","0","0","0","0","0","0","0","0","0","0","0","0","0","0","0","0","0","0","0","0","0","0","0","0","0","0","0","0","0","0","0","0","0"
"0x71cecf771820","      LOP3.LUT R209, R166, 0x4, R209, 0xf8, !PT","0","0","0","1764","56448","56448","32","32","0","0","-","-","-","0","0","0","0","0","0","0","0","0","0","0","0","0","0","0","0","0","0","0","0","0","0","0","0","0","0","0","0","0","0","0","0","0","0","0","0","0","0","0","0","0","0"
"0x71cecf771830","      LDCU.64 UR16, c[0x0][0x3e8]","0","0","0","1764","56448","56448","32","32","0","0","-","-","-","0","0","0","0","0","0","0","0","0","0","0","0","0","0","0","0","0","0","0","0","0","0","0","0","0","0","0","0","0","0","0","0","0","0","0","0","0","0","0","0","0","0"
"0x71cecf771840","      LOP3.LUT R201, R164, 0xe0, R201, 0xf8, !PT","0","0","0","1764","56448","56448","32","32","0","0","-","-","-","0","0","0","0","0","0","0","0","0","0","0","0","0","0","0","0","0","0","0","0","0","0","0","0","0","0","0","0","0","0","0","0","0","0","0","0","0","0","0","0","0","0"
"0x71cecf771850","      IMAD R211, R2, 0x20, R211","1","0","1","1764","56448","56448","32","32","0","0","-","-","-","0","0","0","0","0","0","0","0","0","0","0","0","0","0","0","0","0","0","0","0","1","0","0","0","0","0","0","0","0","0","0","0","0","0","0","0","0","0","0","0","0","0"
"0x71cecf771860","      LOP3.LUT R2, R3, 0x20, RZ, 0x3c, !PT","1","0","1","1764","56448","56448","32","32","0","0","-","-","-","0","0","0","0","0","0","0","0","0","0","0","0","0","0","0","0","0","0","0","0","1","0","0","0","0","0","0","0","0","0","0","0","0","0","0","0","0","0","0","0","0","0"
"0x71cecf771870","      IMAD R209, R0, 0x20, R209","0","0","0","1764","56448","56448","32","32","0","0","-","-","-","0","0","0","0","0","0","0","0","0","0","0","0","0","0","0","0","0","0","0","0","0","0","0","0","0","0","0","0","0","0","0","0","0","0","0","0","0","0","0","0","0","0"
"0x71cecf771880","      MOV R103, RZ","0","0","0","1764","56448","56448","32","32","0","0","-","-","-","0","0","0","0","0","0","0","0","0","0","0","0","0","0","0","0","0","0","0","0","0","0","0","0","0","0","0","0","0","0","0","0","0","0","0","0","0","0","0","0","0","0"
"0x71cecf771890","      IMAD.SHL.U32 R0, R201, 0x10, RZ","0","0","0","1764","56448","56448","32","32","0","0","-","-","-","0","0","0","0","0","0","0","0","0","0","0","0","0","0","0","0","0","0","0","0","0","0","0","0","0","0","0","0","0","0","0","0","0","0","0","0","0","0","0","0","0","0"
"0x71cecf7718a0","      SEL R208, R208, RZ, P0","0","0","0","1764","56448","56448","32","32","0","0","-","-","-","0","0","0","0","0","0","0","0","0","0","0","0","0","0","0","0","0","0","0","0","0","0","0","0","0","0","0","0","0","0","0","0","0","0","0","0","0","0","0","0","0","0"
"0x71cecf7718b0","      IMAD R197, R197, 0x3, RZ","0","0","0","1764","56448","56448","32","32","0","0","-","-","-","0","0","0","0","0","0","0","0","0","0","0","0","0","0","0","0","0","0","0","0","0","0","0","0","0","0","0","0","0","0","0","0","0","0","0","0","0","0","0","0","0","0"
"0x71cecf7718c0","      SEL R203, R203, RZ, P0","0","0","0","1764","56448","56448","32","32","0","0","-","-","-","0","0","0","0","0","0","0","0","0","0","0","0","0","0","0","0","0","0","0","0","0","0","0","0","0","0","0","0","0","0","0","0","0","0","0","0","0","0","0","0","0","0"
"0x71cecf7718d0","      LEA R211, R211, UR7, 0x4","1","1","1","1764","56448","56448","32","32","0","0","-","-","-","0","0","0","0","0","0","0","0","0","0","0","0","0","0","1","0","0","0","0","0","0","0","0","0","0","0","0","0","0","0","0","1","0","0","0","0","0","0","0","0","0","0"
"0x71cecf7718e0","      UIADD3.64 UR28, UPT, UPT, UR24, UR24, URZ","0","0","0","1764","56448","56448","32","32","0","0","-","-","-","0","0","0","0","0","0","0","0","0","0","0","0","0","0","0","0","0","0","0","0","0","0","0","0","0","0","0","0","0","0","0","0","0","0","0","0","0","0","0","0","0","0"
"0x71cecf7718f0","      LOP3.LUT R0, R0, 0x20, RZ, 0x3c, !PT","0","0","0","1764","56448","56448","32","32","0","0","-","-","-","0","0","0","0","0","0","0","0","0","0","0","0","0","0","0","0","0","0","0","0","0","0","0","0","0","0","0","0","0","0","0","0","0","0","0","0","0","0","0","0","0","0"
"0x71cecf771900","      UIADD3.64 UR26, UPT, UPT, UR20, UR20, URZ","0","0","0","1764","56448","56448","32","32","0","0","-","-","-","0","0","0","0","0","0","0","0","0","0","0","0","0","0","0","0","0","0","0","0","0","0","0","0","0","0","0","0","0","0","0","0","0","0","0","0","0","0","0","0","0","0"
"0x71cecf771910","      LEA R209, R209, UR7, 0x4","0","0","0","1764","56448","56448","32","32","0","0","-","-","-","0","0","0","0","0","0","0","0","0","0","0","0","0","0","0","0","0","0","0","0","0","0","0","0","0","0","0","0","0","0","0","0","0","0","0","0","0","0","0","0","0","0"
"0x71cecf771920","      UMOV UR10, 0x180","0","0","0","1764","56448","56448","32","32","0","0","-","-","-","0","0","0","0","0","0","0","0","0","0","0","0","0","0","0","0","0","0","0","0","0","0","0","0","0","0","0","0","0","0","0","0","0","0","0","0","0","0","0","0","0","0"
"0x71cecf771930","      UMOV UR7, 0xfffffe80","0","0","0","1764","56448","56448","32","32","0","0","-","-","-","0","0","0","0","0","0","0","0","0","0","0","0","0","0","0","0","0","0","0","0","0","0","0","0","0","0","0","0","0","0","0","0","0","0","0","0","0","0","0","0","0","0"
"0x71cecf771940","      HMMA.16816.F32 R4, R132, R136, R4","8","8","8","28224","903168","903168","32","32","0","0","-","-","-","0","0","0","0","0","0","0","0","0","5","0","0","0","0","0","0","0","0","0","0","0","0","0","0","3","0","5","0","0","0","0","0","0","0","0","0","0","0","0","0","0","3"
"0x71cecf771950","      LDSM.16.M88.4 R164, [R2+UR5]","3","0","3","28224","903168","903168","32","32","0","0","Shared","Load","128","0","4","0","112896","112896","0","0","0","0","0","0","0","0","0","0","0","0","0","0","0","3","0","0","0","0","0","0","0","0","0","0","0","0","0","0","0","0","0","0","0","0","0"
"0x71cecf771960","      UIADD3 UR9, UPT, UPT, UR5, 0x80, URZ","2","0","2","28224","903168","903168","32","32","0","0","-","-","-","0","0","0","0","0","0","0","0","0","0","0","0","0","0","0","0","0","0","0","0","2","0","0","0","0","0","0","0","0","0","0","0","0","0","0","0","0","0","0","0","0","0"
"0x71cecf771970","      UIADD3 UR11, UPT, UPT, UR11, 0x1, URZ","2","0","2","28224","903168","903168","32","32","0","0","-","-","-","0","0","0","0","0","0","0","0","0","0","0","0","0","0","0","0","0","0","0","0","2","0","0","0","0","0","0","0","0","0","0","0","0","0","0","0","0","0","0","0","0","0"
"0x71cecf771980","      UIADD3 UR8, UPT, UPT, UR4, 0x80, URZ","0","0","0","28224","903168","903168","32","32","0","0","-","-","-","0","0","0","0","0","0","0","0","0","0","0","0","0","0","0","0","0","0","0","0","0","0","0","0","0","0","0","0","0","0","0","0","0","0","0","0","0","0","0","0","0","0"
"0x71cecf771990","      R2P PR, R203, 0xf","3","0","3","28224","903168","903168","32","32","0","0","-","-","-","0","0","0","0","0","0","0","0","0","0","0","0","0","0","0","0","0","0","0","0","3","0","0","0","0","0","0","0","0","0","0","0","0","0","0","0","0","0","0","0","0","0"
"0x71cecf7719a0","      IMAD.WIDE.U32 R214, R198, 0x3, R204","1","0","1","28224","903168","903168","32","32","0","0","-","-","-","0","0","0","0","0","0","0","0","0","0","0","0","0","0","0","0","0","0","0","0","1","0","0","0","0","0","0","0","0","0","0","0","0","0","0","0","0","0","0","0","0","0"
"0x71cecf7719b0","      IADD3 R217, PT, PT, R209, UR10, RZ","0","0","0","28224","903168","903168","32","32","0","0","-","-","-","0","0","0","0","0","0","0","0","0","0","0","0","0","0","0","0","0","0","0","0","0","0","0","0","0","0","0","0","0","0","0","0","0","0","0","0","0","0","0","0","0","0"
"0x71cecf7719c0","      IADD3 R221, PT, PT, R211, UR10, RZ","3","1","3","28224","903168","903168","32","32","0","0","-","-","-","0","0","0","0","0","0","0","0","0","0","0","0","0","0","0","0","0","0","0","0","2","0","0","0","1","0","0","0","0","0","0","0","0","0","0","0","0","0","0","0","0","1"
"0x71cecf7719d0","      LDSM.16.M88.4 R168, [R0+UR4]","2","0","2","28224","903168","903168","32","32","0","0","Shared","Load","128","0","4","0","112896","112896","0","0","0","0","0","0","0","0","0","0","0","0","0","0","0","2","0","0","0","0","0","0","0","0","0","0","0","0","0","0","0","0","0","0","0","0","0"
"0x71cecf7719e0","      PLOP3.LUT P5, PT, P2, PT, PT, 0x80, 0x8","8","0","8","28224","903168","903168","32","32","0","0","-","-","-","0","0","0","0","0","0","0","0","0","0","6","0","0","0","0","0","0","0","0","0","2","0","0","0","0","0","0","0","0","0","0","0","0","0","0","0","0","0","0","0","0","0"
"0x71cecf7719f0","      IMAD.WIDE.U32 R212, R196, 0x3, R206","1","0","1","28224","903168","903168","32","32","0","0","-","-","-","0","0","0","0","0","0","0","0","0","0","0","0","0","0","0","0","0","0","0","0","1","0","0","0","0","0","0","0","0","0","0","0","0","0","0","0","0","0","0","0","0","0"
"0x71cecf771a00","      PLOP3.LUT P4, PT, P3, PT, PT, 0x80, 0x8","0","0","0","28224","903168","903168","32","32","0","0","-","-","-","0","0","0","0","0","0","0","0","0","0","0","0","0","0","0","0","0","0","0","0","0","0","0","0","0","0","0","0","0","0","0","0","0","0","0","0","0","0","0","0","0","0"
"0x71cecf771a10","      UISETP.NE.AND UP1, UPT, UR11, 0x4, UPT","2","0","2","28224","903168","903168","32","32","0","0","-","-","-","0","0","0","0","0","0","0","0","0","0","0","0","0","0","0","0","0","0","0","0","2","0","0","0","0","0","0","0","0","0","0","0","0","0","0","0","0","0","0","0","0","0"
"0x71cecf771a20","      IADD3 R215, PT, PT, R215, R199, RZ","2","0","2","28224","903168","903168","32","32","0","0","-","-","-","0","0","0","0","0","0","0","0","0","0","0","0","0","0","0","0","0","0","0","0","2","0","0","0","0","0","0","0","0","0","0","0","0","0","0","0","0","0","0","0","0","0"
"0x71cecf771a30","      IADD3 R219, PT, PT, R211, UR12, RZ","4","3","4","28224","903168","903168","32","32","0","0","-","-","-","0","0","0","0","0","0","0","0","0","0","0","0","0","0","0","0","0","0","0","0","1","0","0","0","3","0","0","0","0","0","0","0","0","0","0","0","0","0","0","0","0","3"
"0x71cecf771a40","      HMMA.16816.F32 R8, R132, R138, R8","0","0","0","28224","903168","903168","32","32","0","0","-","-","-","0","0","0","0","0","0","0","0","0","0","0","0","0","0","0","0","0","0","0","0","0","0","0","0","0","0","0","0","0","0","0","0","0","0","0","0","0","0","0","0","0","0"
"0x71cecf771a50","      LDSM.16.M88.4 R172, [R0+UR4+0x1000]","3","0","3","28224","903168","903168","32","32","0","0","Shared","Load","128","0","4","0","112896","112896","0","0","0","0","0","0","0","0","0","0","0","0","0","0","0","3","0","0","0","0","0","0","0","0","0","0","0","0","0","0","0","0","0","0","0","0","0"
"0x71cecf771a60","      UIADD3 UR6, UPT, UPT, UR6, 0x1, URZ","0","0","0","28224","903168","903168","32","32","0","0","-","-","-","0","0","0","0","0","0","0","0","0","0","0","0","0","0","0","0","0","0","0","0","0","0","0","0","0","0","0","0","0","0","0","0","0","0","0","0","0","0","0","0","0","0"
"0x71cecf771a70","      IADD3 R213, PT, PT, R213, R197, RZ","0","0","0","28224","903168","903168","32","32","0","0","-","-","-","0","0","0","0","0","0","0","0","0","0","0","0","0","0","0","0","0","0","0","0","0","0","0","0","0","0","0","0","0","0","0","0","0","0","0","0","0","0","0","0","0","0"
"0x71cecf771a80","      IADD3 R210, PT, PT, R202, -0x1, RZ","4","2","4","28224","903168","903168","32","32","0","0","-","-","-","0","0","0","0","0","0","0","0","0","0","0","0","0","0","0","0","0","0","0","0","2","0","0","0","2","0","0","0","0","0","0","0","0","0","0","0","0","0","0","0","0","2"
"0x71cecf771a90","      UISETP.NE.AND UP0, UPT, UR6, 0x4, UPT","1","0","1","28224","903168","903168","32","32","0","0","-","-","-","0","0","0","0","0","0","0","0","0","0","0","0","0","0","0","0","0","0","0","0","1","0","0","0","0","0","0","0","0","0","0","0","0","0","0","0","0","0","0","0","0","0"
"0x71cecf771aa0","@!UP1 UIADD3 UR9, UPT, UPT, UR5, -0x180, URZ","2","0","2","28224","903168","225792","32","8","24","0","-","-","-","0","0","0","0","0","0","0","0","0","0","0","0","0","0","0","0","0","0","0","0","2","0","0","0","0","0","0","0","0","0","0","0","0","0","0","0","0","0","0","0","0","0"
"0x71cecf771ab0","      LDSM.16.M88.4 R176, [R0+UR4+0x2000]","5","3","5","28224","903168","903168","32","32","0","0","Shared","Load","128","0","4","0","112896","112896","0","0","0","0","0","0","0","0","0","0","0","0","0","0","0","2","0","0","0","3","0","0","0","0","0","0","0","0","0","0","0","0","0","0","0","0","3"
"0x71cecf771ac0","@!UP1 UIADD3 UR8, UPT, UPT, UR4, -0x180, URZ","1","0","1","28224","903168","225792","32","8","24","0","-","-","-","0","0","0","0","0","0","0","0","0","0","0","0","0","0","0","0","0","0","0","0","1","0","0","0","0","0","0","0","0","0","0","0","0","0","0","0","0","0","0","0","0","0"
"0x71cecf771ad0","      USEL UR22, UR7, 0x80, !UP0","3","0","3","28224","903168","903168","32","32","0","0","-","-","-","0","0","0","0","0","0","0","0","0","0","0","0","0","0","0","0","0","0","0","0","3","0","0","0","0","0","0","0","0","0","0","0","0","0","0","0","0","0","0","0","0","0"
"0x71cecf771ae0","@!UP1 UMOV UR11, URZ","1","0","1","28224","903168","225792","32","8","24","0","-","-","-","0","0","0","0","0","0","0","0","0","0","0","0","0","0","0","0","0","0","0","0","1","0","0","0","0","0","0","0","0","0","0","0","0","0","0","0","0","0","0","0","0","0"
"0x71cecf771af0","      USEL UR6, UR6, URZ, UP0","3","0","3","28224","903168","903168","32","32","0","0","-","-","-","0","0","0","0","0","0","0","0","0","0","0","0","0","0","0","0","0","0","0","0","3","0","0","0","0","0","0","0","0","0","0","0","0","0","0","0","0","0","0","0","0","0"
"0x71cecf771b00","      HMMA.16816.F32 R12, R132, R140, R12","12","10","12","28224","903168","903168","32","32","0","0","-","-","-","0","0","0","0","0","0","0","0","0","0","0","0","0","0","0","0","0","0","0","0","2","0","0","0","10","0","0","0","0","0","0","0","0","0","0","0","0","0","0","0","0","10"
"0x71cecf771b10","      LDSM.16.M88.4 R180, [R0+UR4+0x3000]","0","0","0","28224","903168","903168","32","32","0","0","Shared","Load","128","0","4","0","112896","112896","0","0","0","0","0","0","0","0","0","0","0","0","0","0","0","0","0","0","0","0","0","0","0","0","0","0","0","0","0","0","0","0","0","0","0","0","0"
"0x71cecf771b20","      UMOV UR4, UR8","1","0","1","28224","903168","903168","32","32","0","0","-","-","-","0","0","0","0","0","0","0","0","0","0","0","0","0","0","0","0","0","0","0","0","1","0","0","0","0","0","0","0","0","0","0","0","0","0","0","0","0","0","0","0","0","0"
"0x71cecf771b30","      LDSM.16.M88.4 R184, [R2+UR5+0x1000]","15","14","15","28224","903168","903168","32","32","0","0","Shared","Load","128","0","4","0","112896","112896","0","0","0","0","0","0","0","0","0","0","0","0","0","0","0","1","0","0","0","14","0","0","0","0","0","0","0","0","0","0","0","0","0","0","0","0","14"
"0x71cecf771b40","      HMMA.16816.F32 R16, R132, R142, R16","13","12","13","28224","903168","903168","32","32","0","0","-","-","-","0","0","0","0","0","0","0","0","0","0","0","0","0","0","0","0","0","0","0","0","1","0","0","0","12","0","0","0","0","0","0","0","0","0","0","0","0","0","0","0","0","12"
"0x71cecf771b50","      LDSM.16.M88.4 R188, [R2+UR5+0x2000]","2","0","2","28224","903168","903168","32","32","0","0","Shared","Load","128","0","4","0","112896","112896","0","0","0","0","0","0","0","0","0","0","0","0","0","0","0","2","0","0","0","0","0","0","0","0","0","0","0","0","0","0","0","0","0","0","0","0","0"
"0x71cecf771b60","      LDSM.16.M88.4 R192, [R2+UR5+0x3000]","12","10","12","28224","903168","903168","32","32","0","0","Shared","Load","128","0","4","0","112896","112896","0","0","0","0","0","0","0","0","0","0","0","0","0","0","0","2","0","0","0","10","0","0","0","0","0","0","0","0","0","0","0","0","0","0","0","0","10"
"0x71cecf771b70","      UMOV UR5, UR9","2","0","2","28224","903168","903168","32","32","0","0","-","-","-","0","0","0","0","0","0","0","0","0","0","0","0","0","0","0","0","0","0","0","0","2","0","0","0","0","0","0","0","0","0","0","0","0","0","0","0","0","0","0","0","0","0"
"0x71cecf771b80","      HMMA.16816.F32 R20, R132, R144, R20","16","14","16","28224","903168","903168","32","32","0","0","-","-","-","0","0","0","0","0","0","0","0","0","0","0","0","0","0","0","0","0","0","0","0","2","0","0","0","14","0","0","0","0","0","0","0","0","0","0","0","0","0","0","0","0","14"
"0x71cecf771b90","@!PT  LDS RZ, [RZ]","0","0","0","28224","903168","0","32","0","32","0","","Load","32","0","0","0","0","0","0","0","0","0","0","0","0","0","0","0","0","0","0","0","0","0","0","0","0","0","0","0","0","0","0","0","0","0","0","0","0","0","0","0","0","0","0"
"0x71cecf771ba0","@!PT  LDS RZ, [RZ]","3","0","3","28224","903168","0","32","0","32","0","","Load","32","0","0","0","0","0","0","0","0","0","0","0","0","0","0","0","0","0","0","0","0","3","0","0","0","0","0","0","0","0","0","0","0","0","0","0","0","0","0","0","0","0","0"
"0x71cecf771bb0","@!PT  LDS RZ, [RZ]","2","0","2","28224","903168","0","32","0","32","0","","Load","32","0","0","0","0","0","0","0","0","0","0","0","0","0","0","0","0","0","0","0","0","2","0","0","0","0","0","0","0","0","0","0","0","0","0","0","0","0","0","0","0","0","0"
"0x71cecf771bc0","@P1   LDGSTS.E.BYPASS.LTC128B.128 [R217], [R204.64+UR24]","3","1","3","28224","903168","725088","32","25","7","0","Global,Shared","Load,Store","128","181272","6","90636","181272","90636","0","362544","362544","0","0","0","0","0","0","0","0","1","0","0","0","2","0","0","0","0","0","0","0","0","0","0","0","0","1","0","0","0","0","0","0","0","0"
"0x71cecf771bd0","@P0   LDGSTS.E.BYPASS.LTC128B.128 [R211+UR10], [R204.64]","15","12","15","28224","903168","725088","32","25","7","0","Global,Shared","Load,Store","128","181272","0","0","0","0","0","0","0","0","0","0","0","0","0","0","0","2","0","0","0","3","0","0","0","10","0","0","0","0","0","0","0","0","2","0","0","0","0","0","0","0","10"
"0x71cecf771be0","      R2P PR, R208, 0xf","2","0","2","28224","903168","903168","32","32","0","0","-","-","-","0","0","0","0","0","0","0","0","0","0","0","0","0","0","0","0","0","0","0","0","2","0","0","0","0","0","0","0","0","0","0","0","0","0","0","0","0","0","0","0","0","0"
"0x71cecf771bf0","      HMMA.16816.F32 R24, R132, R146, R24","14","14","14","28224","903168","903168","32","32","0","0","-","-","-","0","0","0","0","0","0","0","0","0","0","0","0","0","0","0","0","0","0","0","0","0","0","0","0","14","0","0","0","0","0","0","0","0","0","0","0","0","0","0","0","0","14"
"0x71cecf771c00","@P5   LDGSTS.E.BYPASS.LTC128B.128 [R221+0x1000], [R204.64+UR28]","3","1","3","28224","903168","725088","32","25","7","0","Global,Shared","Load,Store","128","181272","6","90636","181272","90636","0","362544","362544","0","0","0","0","0","0","0","0","1","0","0","0","2","0","0","0","0","0","0","0","0","0","0","0","0","1","0","0","0","0","0","0","0","0"
"0x71cecf771c10","@P2   LDGSTS.E.BYPASS.LTC128B.128 [R219+0x9000], [R206.64+UR26]","15","15","15","28224","903168","725088","32","25","7","0","Global,Shared","Load,Store","128","181272","6","90636","181272","90636","0","362544","362544","0","0","0","0","0","0","0","0","0","0","0","0","0","0","0","0","15","0","0","0","0","0","0","0","0","0","0","0","0","0","0","0","0","15"
"0x71cecf771c20","      IADD3 R217, PT, PT, R209, UR12, RZ","7","4","7","28224","903168","903168","32","32","0","0","-","-","-","0","0","0","0","0","0","0","0","0","0","0","0","0","4","0","0","0","0","0","0","3","0","0","0","0","0","0","0","0","0","4","0","0","0","0","0","0","0","0","0","0","0"
"0x71cecf771c30","      HMMA.16816.F32 R28, R132, R148, R28","9","7","9","28224","903168","903168","32","32","0","0","-","-","-","0","0","0","0","0","0","0","0","0","0","0","0","0","0","0","0","0","0","0","0","2","0","0","0","7","0","0","0","0","0","0","0","0","0","0","0","0","0","0","0","0","7"
"0x71cecf771c40","@P1   LDGSTS.E.BYPASS.LTC128B.128 [R217+0x8000], [R206.64+UR20]","2","0","2","28224","903168","725088","32","25","7","0","Global,Shared","Load,Store","128","181272","6","90636","181272","90636","0","362544","362544","0","0","0","0","0","0","0","0","0","0","0","0","2","0","0","0","0","0","0","0","0","0","0","0","0","0","0","0","0","0","0","0","0","0"
"0x71cecf771c50","@P0   LDGSTS.E.BYPASS.LTC128B.128 [R211+UR12+0x8000], [R206.64]","14","13","14","28224","903168","725088","32","25","7","0","Global,Shared","Load,Store","128","181272","0","0","0","0","0","0","0","0","0","0","0","0","0","0","0","0","0","0","0","1","0","0","0","13","0","0","0","0","0","0","0","0","0","0","0","0","0","0","0","0","13"
"0x71cecf771c60","      ISETP.NE.AND P0, PT, R210, RZ, PT","4","0","4","28224","903168","903168","32","32","0","0","-","-","-","0","0","0","0","0","0","0","0","0","0","0","0","0","0","0","0","0","0","0","0","4","0","0","0","0","0","0","0","0","0","0","0","0","0","0","0","0","0","0","0","0","0"
"0x71cecf771c70","      IADD.64 R204, R214, UR18","6","3","6","28224","903168","903168","32","32","0","0","-","-","-","0","0","0","0","0","0","0","0","0","0","0","0","0","3","0","0","0","0","0","0","3","0","0","0","0","0","0","0","0","0","3","0","0","0","0","0","0","0","0","0","0","0"
"0x71cecf771c80","      SEL R203, R203, RZ, P0","10","8","10","28224","903168","903168","32","32","0","0","-","-","-","0","0","0","0","0","0","0","0","0","0","0","0","0","0","0","0","0","0","0","0","2","0","0","0","8","0","0","0","0","0","0","0","0","0","0","0","0","0","0","0","0","8"
"0x71cecf771c90","      HMMA.16816.F32 R32, R132, R150, R32","2","0","2","28224","903168","903168","32","32","0","0","-","-","-","0","0","0","0","0","0","0","0","0","0","0","0","0","0","0","0","0","0","0","0","2","0","0","0","0","0","0","0","0","0","0","0","0","0","0","0","0","0","0","0","0","0"
"0x71cecf771ca0","@P4   LDGSTS.E.BYPASS.LTC128B.128 [R209+UR10+0x1000], [R214.64]","7","0","7","28224","903168","725088","32","25","7","0","Global,Shared","Load,Store","128","181272","6","90636","181272","90636","0","362544","362544","0","0","2","0","0","0","0","0","0","0","0","0","5","0","0","0","0","0","0","0","0","0","0","0","0","0","0","0","0","0","0","0","0","0"
"0x71cecf771cb0","      UIADD3 UR10, UPT, UPT, UR22, UR10, URZ","2","0","2","28224","903168","903168","32","32","0","0","-","-","-","0","0","0","0","0","0","0","0","0","0","0","0","0","0","0","0","0","0","0","0","2","0","0","0","0","0","0","0","0","0","0","0","0","0","0","0","0","0","0","0","0","0"
"0x71cecf771cc0","      SEL R208, R208, RZ, P0","1","0","1","28224","903168","903168","32","32","0","0","-","-","-","0","0","0","0","0","0","0","0","0","0","0","0","0","0","0","0","0","0","0","0","1","0","0","0","0","0","0","0","0","0","0","0","0","0","0","0","0","0","0","0","0","0"
"0x71cecf771cd0","      ISETP.GT.AND P0, PT, R202, -0x2, PT","1","0","1","28224","903168","903168","32","32","0","0","-","-","-","0","0","0","0","0","0","0","0","0","0","0","0","0","0","0","0","0","0","0","0","1","0","0","0","0","0","0","0","0","0","0","0","0","0","0","0","0","0","0","0","0","0"
"0x71cecf771ce0","      MOV R202, R210","0","0","0","28224","903168","903168","32","32","0","0","-","-","-","0","0","0","0","0","0","0","0","0","0","0","0","0","0","0","0","0","0","0","0","0","0","0","0","0","0","0","0","0","0","0","0","0","0","0","0","0","0","0","0","0","0"
"0x71cecf771cf0","@P3   LDGSTS.E.BYPASS.LTC128B.128 [R209+UR12+0x9000], [R212.64]","11","8","11","28224","903168","725088","32","25","7","0","Global,Shared","Load,Store","128","181272","6","90636","181272","90636","0","362544","362544","0","0","3","0","0","0","0","0","0","0","0","0","3","0","0","0","5","0","0","3","0","0","0","0","0","0","0","0","0","0","0","0","0","5"
"0x71cecf771d00","      UIADD3 UR12, UPT, UPT, UR22, UR12, URZ","2","0","2","28224","903168","903168","32","32","0","0","-","-","-","0","0","0","0","0","0","0","0","0","0","0","0","0","0","0","0","0","0","0","0","2","0","0","0","0","0","0","0","0","0","0","0","0","0","0","0","0","0","0","0","0","0"
"0x71cecf771d10","      HMMA.16816.F32 R36, R152, R150, R36","12","9","12","28224","903168","903168","32","32","0","0","-","-","-","0","0","0","0","0","0","0","0","0","0","0","0","0","0","0","0","0","0","0","0","3","0","0","0","9","0","0","0","0","0","0","0","0","0","0","0","0","0","0","0","0","9"
"0x71cecf771d20","      LDGDEPBAR","7","4","7","28224","903168","903168","32","32","0","0","-","-","-","0","0","0","0","0","0","0","0","0","0","0","0","4","0","0","0","0","0","0","0","3","0","0","0","0","0","0","0","0","4","0","0","0","0","0","0","0","0","0","0","0","0"
"0x71cecf771d30","      IADD.64 R206, R212, UR16","12","12","12","28224","903168","903168","32","32","0","0","-","-","-","0","0","0","0","0","0","0","0","0","0","0","0","0","11","0","0","0","0","0","0","0","0","0","0","1","0","0","0","0","0","11","0","0","0","0","0","0","0","0","0","0","1"
"0x71cecf771d40","@!UPT UIADD3 URZ, UPT, UPT, URZ, URZ, URZ","17","16","17","28224","903168","0","32","0","32","0","-","-","-","0","0","0","0","0","0","0","0","0","0","0","0","0","0","0","0","0","0","0","0","1","0","0","0","16","0","0","0","0","0","0","0","0","0","0","0","0","0","0","0","0","16"
"0x71cecf771d50","      HMMA.16816.F32 R40, R152, R148, R40","2","0","2","28224","903168","903168","32","32","0","0","-","-","-","0","0","0","0","0","0","0","0","0","0","0","0","0","0","0","0","0","0","0","0","2","0","0","0","0","0","0","0","0","0","0","0","0","0","0","0","0","0","0","0","0","0"
"0x71cecf771d60","      LEA R212, R201, UR8, 0x4","8","8","8","28224","903168","903168","32","32","0","0","-","-","-","0","0","0","0","0","0","0","0","0","0","0","0","0","7","0","0","0","0","0","0","0","0","0","0","1","0","0","0","0","0","7","0","0","0","0","0","0","0","0","0","0","1"
"0x71cecf771d70","      DEPBAR.LE SB0, 0x2","2","0","2","28224","903168","903168","32","32","0","0","-","-","-","0","0","0","0","0","0","0","0","0","0","0","0","0","0","0","0","0","0","0","0","2","0","0","0","0","0","0","0","0","0","0","0","0","0","0","0","0","0","0","0","0","0"
"0x71cecf771d80","      BAR.SYNC.DEFER_BLOCKING 0x0","12","10","12","28224","903168","903168","32","32","0","0","-","-","-","0","0","0","0","0","0","0","0","0","0","0","0","0","6","0","0","0","0","0","0","2","0","0","0","4","0","0","0","0","0","6","0","0","0","0","0","0","0","0","0","0","4"
"0x71cecf771d90","      HMMA.16816.F32 R44, R152, R146, R44","16","15","16","28224","903168","903168","32","32","0","0","-","-","-","0","0","0","0","0","0","0","0","0","0","0","0","0","0","0","0","0","0","0","0","1","0","0","0","15","0","0","0","0","0","0","0","0","0","0","0","0","0","0","0","0","15"
"0x71cecf771da0","@!UPT UIADD3 URZ, UPT, UPT, URZ, URZ, URZ","19","18","19","28224","903168","0","32","0","32","0","-","-","-","0","0","0","0","0","0","0","0","0","0","0","0","0","0","0","0","0","0","0","0","1","0","0","0","18","0","0","0","0","0","0","0","0","0","0","0","0","0","0","0","0","18"
"0x71cecf771db0","      HMMA.16816.F32 R48, R152, R144, R48","8","7","8","28224","903168","903168","32","32","0","0","-","-","-","0","0","0","0","0","0","0","0","0","0","0","0","0","0","0","0","0","0","0","0","1","0","0","0","7","0","0","0","0","0","0","0","0","0","0","0","0","0","0","0","0","7"
"0x71cecf771dc0","@!UPT UIADD3 URZ, UPT, UPT, URZ, URZ, URZ","18","17","18","28224","903168","0","32","0","32","0","-","-","-","0","0","0","0","0","0","0","0","0","0","0","0","0","0","0","0","0","0","0","0","1","0","0","0","17","0","0","0","0","0","0","0","0","0","0","0","0","0","0","0","0","17"
"0x71cecf771dd0","      HMMA.16816.F32 R52, R152, R142, R52","9","9","9","28224","903168","903168","32","32","0","0","-","-","-","0","0","0","0","0","0","0","0","0","0","0","0","0","0","0","0","0","0","0","0","0","0","0","0","9","0","0","0","0","0","0","0","0","0","0","0","0","0","0","0","0","9"
"0x71cecf771de0","@!UPT UIADD3 URZ, UPT, UPT, URZ, URZ, URZ","18","17","18","28224","903168","0","32","0","32","0","-","-","-","0","0","0","0","0","0","0","0","0","0","0","0","0","0","0","0","0","0","0","0","1","0","0","0","17","0","0","0","0","0","0","0","0","0","0","0","0","0","0","0","0","17"
"0x71cecf771df0","      HMMA.16816.F32 R56, R152, R140, R56","7","7","7","28224","903168","903168","32","32","0","0","-","-","-","0","0","0","0","0","0","0","0","0","0","0","0","0","0","0","0","0","0","0","0","0","0","0","0","7","0","0","0","0","0","0","0","0","0","0","0","0","0","0","0","0","7"
"0x71cecf771e00","@!UPT UIADD3 URZ, UPT, UPT, URZ, URZ, URZ","18","16","18","28224","903168","0","32","0","32","0","-","-","-","0","0","0","0","0","0","0","0","0","0","0","0","0","0","0","0","0","0","0","0","2","0","0","0","16","0","0","0","0","0","0","0","0","0","0","0","0","0","0","0","0","16"
"0x71cecf771e10","      HMMA.16816.F32 R60, R152, R138, R60","8","8","8","28224","903168","903168","32","32","0","0","-","-","-","0","0","0","0","0","0","0","0","0","0","0","0","0","0","0","0","0","0","0","0","0","0","0","0","8","0","0","0","0","0","0","0","0","0","0","0","0","0","0","0","0","8"
"0x71cecf771e20","@!UPT UIADD3 URZ, UPT, UPT, URZ, URZ, URZ","20","20","20","28224","903168","0","32","0","32","0","-","-","-","0","0","0","0","0","0","0","0","0","0","0","0","0","0","0","0","0","0","0","0","0","0","0","0","20","0","0","0","0","0","0","0","0","0","0","0","0","0","0","0","0","20"
"0x71cecf771e30","      HMMA.16816.F32 R64, R152, R136, R64","13","11","13","28224","903168","903168","32","32","0","0","-","-","-","0","0","0","0","0","0","0","0","0","0","0","0","0","0","0","0","0","0","0","0","2","0","0","0","11","0","0","0","0","0","0","0","0","0","0","0","0","0","0","0","0","11"
"0x71cecf771e40","@!UPT UIADD3 URZ, UPT, UPT, URZ, URZ, URZ","18","14","18","28224","903168","0","32","0","32","0","-","-","-","0","0","0","0","0","0","0","0","0","0","0","0","0","0","0","0","0","0","0","0","4","0","0","0","14","0","0","0","0","0","0","0","0","0","0","0","0","0","0","0","0","14"
"0x71cecf771e50","      HMMA.16816.F32 R68, R156, R136, R68","7","7","7","28224","903168","903168","32","32","0","0","-","-","-","0","0","0","0","0","0","0","0","0","0","0","0","0","0","0","0","0","0","0","0","0","0","0","0","7","0","0","0","0","0","0","0","0","0","0","0","0","0","0","0","0","7"
"0x71cecf771e60","@!UPT UIADD3 URZ, UPT, UPT, URZ, URZ, URZ","17","15","17","28224","903168","0","32","0","32","0","-","-","-","0","0","0","0","0","0","0","0","0","0","0","0","0","0","0","0","0","0","0","0","2","0","0","0","15","0","0","0","0","0","0","0","0","0","0","0","0","0","0","0","0","15"
"0x71cecf771e70","      HMMA.16816.F32 R72, R156, R138, R72","7","6","7","28224","903168","903168","32","32","0","0","-","-","-","0","0","0","0","0","0","0","0","0","0","0","0","0","0","0","0","0","0","0","0","1","0","0","0","6","0","0","0","0","0","0","0","0","0","0","0","0","0","0","0","0","6"
"0x71cecf771e80","@!UPT UIADD3 URZ, UPT, UPT, URZ, URZ, URZ","10","9","10","28224","903168","0","32","0","32","0","-","-","-","0","0","0","0","0","0","0","0","0","0","0","0","0","0","0","0","0","0","0","0","1","0","0","0","9","0","0","0","0","0","0","0","0","0","0","0","0","0","0","0","0","9"
"0x71cecf771e90","      HMMA.16816.F32 R76, R156, R140, R76","9","6","9","28224","903168","903168","32","32","0","0","-","-","-","0","0","0","0","0","0","0","0","0","0","0","0","0","0","0","0","0","0","0","0","3","0","0","0","6","0","0","0","0","0","0","0","0","0","0","0","0","0","0","0","0","6"
"0x71cecf771ea0","@!UPT UIADD3 URZ, UPT, UPT, URZ, URZ, URZ","20","19","20","28224","903168","0","32","0","32","0","-","-","-","0","0","0","0","0","0","0","0","0","0","0","0","0","0","0","0","0","0","0","0","1","0","0","0","19","0","0","0","0","0","0","0","0","0","0","0","0","0","0","0","0","19"
"0x71cecf771eb0","      HMMA.16816.F32 R80, R156, R142, R80","13","10","13","28224","903168","903168","32","32","0","0","-","-","-","0","0","0","0","0","0","0","0","0","0","0","0","0","0","0","0","0","0","0","0","3","0","0","0","10","0","0","0","0","0","0","0","0","0","0","0","0","0","0","0","0","10"
"0x71cecf771ec0","@!UPT UIADD3 URZ, UPT, UPT, URZ, URZ, URZ","21","18","21","28224","903168","0","32","0","32","0","-","-","-","0","0","0","0","0","0","0","0","0","0","0","0","0","0","0","0","0","0","0","0","3","0","0","0","18","0","0","0","0","0","0","0","0","0","0","0","0","0","0","0","0","18"
"0x71cecf771ed0","      HMMA.16816.F32 R84, R156, R144, R84","3","1","3","28224","903168","903168","32","32","0","0","-","-","-","0","0","0","0","0","0","0","0","0","0","0","0","0","0","0","0","0","0","0","0","2","0","0","0","1","0","0","0","0","0","0","0","0","0","0","0","0","0","0","0","0","1"
"0x71cecf771ee0","@!UPT UIADD3 URZ, UPT, UPT, URZ, URZ, URZ","18","16","18","28224","903168","0","32","0","32","0","-","-","-","0","0","0","0","0","0","0","0","0","0","0","0","0","0","0","0","0","0","0","0","2","0","0","0","16","0","0","0","0","0","0","0","0","0","0","0","0","0","0","0","0","16"
"0x71cecf771ef0","      HMMA.16816.F32 R88, R156, R146, R88","11","11","11","28224","903168","903168","32","32","0","0","-","-","-","0","0","0","0","0","0","0","0","0","0","0","0","0","0","0","0","0","0","0","0","0","0","0","0","11","0","0","0","0","0","0","0","0","0","0","0","0","0","0","0","0","11"
"0x71cecf771f00","@!UPT UIADD3 URZ, UPT, UPT, URZ, URZ, URZ","19","17","19","28224","903168","0","32","0","32","0","-","-","-","0","0","0","0","0","0","0","0","0","0","0","0","0","0","0","0","0","0","0","0","2","0","0","0","17","0","0","0","0","0","0","0","0","0","0","0","0","0","0","0","0","17"
"0x71cecf771f10","      HMMA.16816.F32 R92, R156, R148, R92","11","7","11","28224","903168","903168","32","32","0","0","-","-","-","0","0","0","0","0","0","0","0","0","0","0","0","0","0","0","0","0","0","0","0","4","0","0","0","7","0","0","0","0","0","0","0","0","0","0","0","0","0","0","0","0","7"
"0x71cecf771f20","@!UPT UIADD3 URZ, UPT, UPT, URZ, URZ, URZ","16","16","16","28224","903168","0","32","0","32","0","-","-","-","0","0","0","0","0","0","0","0","0","0","0","0","0","0","0","0","0","0","0","0","0","0","0","0","16","0","0","0","0","0","0","0","0","0","0","0","0","0","0","0","0","16"
"0x71cecf771f30","      HMMA.16816.F32 R96, R156, R150, R96","3","2","3","28224","903168","903168","32","32","0","0","-","-","-","0","0","0","0","0","0","0","0","0","0","0","0","0","0","0","0","0","0","0","0","1","0","0","0","2","0","0","0","0","0","0","0","0","0","0","0","0","0","0","0","0","2"
"0x71cecf771f40","@!UPT UIADD3 URZ, UPT, UPT, URZ, URZ, URZ","17","14","17","28224","903168","0","32","0","32","0","-","-","-","0","0","0","0","0","0","0","0","0","0","0","0","0","0","0","0","0","0","0","0","3","0","0","0","14","0","0","0","0","0","0","0","0","0","0","0","0","0","0","0","0","14"
"0x71cecf771f50","      HMMA.16816.F32 R100, R160, R150, R100","10","8","10","28224","903168","903168","32","32","0","0","-","-","-","0","0","0","0","0","0","0","0","0","0","0","0","0","0","0","0","0","0","0","0","2","0","0","0","8","0","0","0","0","0","0","0","0","0","0","0","0","0","0","0","0","8"
"0x71cecf771f60","@!UPT UIADD3 URZ, UPT, UPT, URZ, URZ, URZ","9","9","9","28224","903168","0","32","0","32","0","-","-","-","0","0","0","0","0","0","0","0","0","0","0","0","0","0","0","0","0","0","0","0","0","0","0","0","9","0","0","0","0","0","0","0","0","0","0","0","0","0","0","0","0","9"
"0x71cecf771f70","      HMMA.16816.F32 R104, R160, R148, R104","7","6","7","28224","903168","903168","32","32","0","0","-","-","-","0","0","0","0","0","0","0","0","0","0","0","0","0","0","0","0","0","0","0","0","1","0","0","0","6","0","0","0","0","0","0","0","0","0","0","0","0","0","0","0","0","6"
"0x71cecf771f80","@!UPT UIADD3 URZ, UPT, UPT, URZ, URZ, URZ","24","19","24","28224","903168","0","32","0","32","0","-","-","-","0","0","0","0","0","0","0","0","0","0","0","0","0","0","0","0","0","0","0","0","5","0","0","0","19","0","0","0","0","0","0","0","0","0","0","0","0","0","0","0","0","19"
"0x71cecf771f90","      HMMA.16816.F32 R108, R160, R146, R108","8","6","8","28224","903168","903168","32","32","0","0","-","-","-","0","0","0","0","0","0","0","0","0","0","0","0","0","0","0","0","0","0","0","0","2","0","0","0","6","0","0","0","0","0","0","0","0","0","0","0","0","0","0","0","0","6"
"0x71cecf771fa0","@!UPT UIADD3 URZ, UPT, UPT, URZ, URZ, URZ","17","15","17","28224","903168","0","32","0","32","0","-","-","-","0","0","0","0","0","0","0","0","0","0","0","0","0","0","0","0","0","0","0","0","2","0","0","0","15","0","0","0","0","0","0","0","0","0","0","0","0","0","0","0","0","15"
"0x71cecf771fb0","      HMMA.16816.F32 R112, R160, R144, R112","10","7","10","28224","903168","903168","32","32","0","0","-","-","-","0","0","0","0","0","0","0","0","0","0","0","0","0","0","0","0","0","0","0","0","3","0","0","0","7","0","0","0","0","0","0","0","0","0","0","0","0","0","0","0","0","7"
"0x71cecf771fc0","@!UPT UIADD3 URZ, UPT, UPT, URZ, URZ, URZ","14","14","14","28224","903168","0","32","0","32","0","-","-","-","0","0","0","0","0","0","0","0","0","0","0","0","0","0","0","0","0","0","0","0","0","0","0","0","14","0","0","0","0","0","0","0","0","0","0","0","0","0","0","0","0","14"
"0x71cecf771fd0","      HMMA.16816.F32 R116, R160, R142, R116","6","6","6","28224","903168","903168","32","32","0","0","-","-","-","0","0","0","0","0","0","0","0","0","0","0","0","0","0","0","0","0","0","0","0","0","0","0","0","6","0","0","0","0","0","0","0","0","0","0","0","0","0","0","0","0","6"
"0x71cecf771fe0","@!UPT UIADD3 URZ, UPT, UPT, URZ, URZ, URZ","22","21","22","28224","903168","0","32","0","32","0","-","-","-","0","0","0","0","0","0","0","0","0","0","0","0","0","0","0","0","0","0","0","0","1","0","0","0","21","0","0","0","0","0","0","0","0","0","0","0","0","0","0","0","0","21"
"0x71cecf771ff0","      HMMA.16816.F32 R120, R160, R140, R120","7","4","7","28224","903168","903168","32","32","0","0","-","-","-","0","0","0","0","0","0","0","0","0","0","0","0","0","0","0","0","0","0","0","0","3","0","0","0","4","0","0","0","0","0","0","0","0","0","0","0","0","0","0","0","0","4"
"0x71cecf772000","@!UPT UIADD3 URZ, UPT, UPT, URZ, URZ, URZ","17","13","17","28224","903168","0","32","0","32","0","-","-","-","0","0","0","0","0","0","0","0","0","0","0","0","0","0","0","0","0","0","0","0","4","0","0","0","13","0","0","0","0","0","0","0","0","0","0","0","0","0","0","0","0","13"
"0x71cecf772010","      HMMA.16816.F32 R124, R160, R138, R124","14","11","14","28224","903168","903168","32","32","0","0","-","-","-","0","0","0","0","0","0","0","0","0","0","0","0","0","0","0","0","0","0","0","0","3","0","0","0","11","0","0","0","0","0","0","0","0","0","0","0","0","0","0","0","0","11"
"0x71cecf772020","@!UPT UIADD3 URZ, UPT, UPT, URZ, URZ, URZ","15","13","15","28224","903168","0","32","0","32","0","-","-","-","0","0","0","0","0","0","0","0","0","0","0","0","0","0","0","0","0","0","0","0","2","0","0","0","13","0","0","0","0","0","0","0","0","0","0","0","0","0","0","0","0","13"
"0x71cecf772030","      HMMA.16816.F32 R128, R160, R136, R128","6","6","6","28224","903168","903168","32","32","0","0","-","-","-","0","0","0","0","0","0","0","0","0","0","0","0","0","0","0","0","0","0","0","0","0","0","0","0","6","0","0","0","0","0","0","0","0","0","0","0","0","0","0","0","0","6"
"0x71cecf772040","@!UPT UIADD3 URZ, UPT, UPT, URZ, URZ, URZ","24","21","24","28224","903168","0","32","0","32","0","-","-","-","0","0","0","0","0","0","0","0","0","0","0","0","0","0","0","0","0","0","0","0","3","0","0","0","21","0","0","0","0","0","0","0","0","0","0","0","0","0","0","0","0","21"
"0x71cecf772050","      HMMA.16816.F32 R4, R164, R168, R4","10","8","10","28224","903168","903168","32","32","0","0","-","-","-","0","0","0","0","0","0","0","0","0","0","0","0","0","0","0","0","0","0","0","0","2","0","0","0","8","0","0","0","0","0","0","0","0","0","0","0","0","0","0","0","0","8"
"0x71cecf772060","@!UPT UIADD3 URZ, UPT, UPT, URZ, URZ, URZ","20","17","20","28224","903168","0","32","0","32","0","-","-","-","0","0","0","0","0","0","0","0","0","0","0","0","0","0","0","0","0","0","0","0","3","0","0","0","17","0","0","0","0","0","0","0","0","0","0","0","0","0","0","0","0","17"
"0x71cecf772070","      HMMA.16816.F32 R8, R164, R170, R8","8","8","8","28224","903168","903168","32","32","0","0","-","-","-","0","0","0","0","0","0","0","0","0","0","0","0","0","0","0","0","0","0","0","0","0","0","0","0","8","0","0","0","0","0","0","0","0","0","0","0","0","0","0","0","0","8"
"0x71cecf772080","@!UPT UIADD3 URZ, UPT, UPT, URZ, URZ, URZ","13","11","13","28224","903168","0","32","0","32","0","-","-","-","0","0","0","0","0","0","0","0","0","0","0","0","0","0","0","0","0","0","0","0","2","0","0","0","11","0","0","0","0","0","0","0","0","0","0","0","0","0","0","0","0","11"
"0x71cecf772090","      HMMA.16816.F32 R12, R164, R172, R12","7","4","7","28224","903168","903168","32","32","0","0","-","-","-","0","0","0","0","0","0","0","0","0","0","0","0","0","0","0","0","0","0","0","0","3","0","0","0","4","0","0","0","0","0","0","0","0","0","0","0","0","0","0","0","0","4"
"0x71cecf7720a0","@!UPT UIADD3 URZ, UPT, UPT, URZ, URZ, URZ","19","16","19","28224","903168","0","32","0","32","0","-","-","-","0","0","0","0","0","0","0","0","0","0","0","0","0","0","0","0","0","0","0","0","3","0","0","0","16","0","0","0","0","0","0","0","0","0","0","0","0","0","0","0","0","16"
"0x71cecf7720b0","      HMMA.16816.F32 R16, R164, R174, R16","8","5","8","28224","903168","903168","32","32","0","0","-","-","-","0","0","0","0","0","0","0","0","0","0","0","0","0","0","0","0","0","0","0","0","3","0","0","0","5","0","0","0","0","0","0","0","0","0","0","0","0","0","0","0","0","5"
"0x71cecf7720c0","@!UPT UIADD3 URZ, UPT, UPT, URZ, URZ, URZ","17","15","17","28224","903168","0","32","0","32","0","-","-","-","0","0","0","0","0","0","0","0","0","0","0","0","0","0","0","0","0","0","0","0","2","0","0","0","15","0","0","0","0","0","0","0","0","0","0","0","0","0","0","0","0","15"
"0x71cecf7720d0","      HMMA.16816.F32 R20, R164, R176, R20","8","6","8","28224","903168","903168","32","32","0","0","-","-","-","0","0","0","0","0","0","0","0","0","0","0","0","0","0","0","0","0","0","0","0","2","0","0","0","6","0","0","0","0","0","0","0","0","0","0","0","0","0","0","0","0","6"
"0x71cecf7720e0","@!UPT UIADD3 URZ, UPT, UPT, URZ, URZ, URZ","15","12","15","28224","903168","0","32","0","32","0","-","-","-","0","0","0","0","0","0","0","0","0","0","0","0","0","0","0","0","0","0","0","0","3","0","0","0","12","0","0","0","0","0","0","0","0","0","0","0","0","0","0","0","0","12"
"0x71cecf7720f0","      HMMA.16816.F32 R24, R164, R178, R24","7","5","7","28224","903168","903168","32","32","0","0","-","-","-","0","0","0","0","0","0","0","0","0","0","0","0","0","0","0","0","0","0","0","0","2","0","0","0","5","0","0","0","0","0","0","0","0","0","0","0","0","0","0","0","0","5"
"0x71cecf772100","@!UPT UIADD3 URZ, UPT, UPT, URZ, URZ, URZ","22","18","22","28224","903168","0","32","0","32","0","-","-","-","0","0","0","0","0","0","0","0","0","0","0","0","0","0","0","0","0","0","0","0","4","0","0","0","18","0","0","0","0","0","0","0","0","0","0","0","0","0","0","0","0","18"
"0x71cecf772110","      HMMA.16816.F32 R28, R164, R180, R28","6","6","6","28224","903168","903168","32","32","0","0","-","-","-","0","0","0","0","0","0","0","0","0","0","0","0","0","0","0","0","0","0","0","0","0","0","0","0","6","0","0","0","0","0","0","0","0","0","0","0","0","0","0","0","0","6"
"0x71cecf772120","@!UPT UIADD3 URZ, UPT, UPT, URZ, URZ, URZ","15","13","15","28224","903168","0","32","0","32","0","-","-","-","0","0","0","0","0","0","0","0","0","0","0","0","0","0","0","0","0","0","0","0","2","0","0","0","13","0","0","0","0","0","0","0","0","0","0","0","0","0","0","0","0","13"
"0x71cecf772130","      HMMA.16816.F32 R32, R164, R182, R32","10","8","10","28224","903168","903168","32","32","0","0","-","-","-","0","0","0","0","0","0","0","0","0","0","0","0","0","0","0","0","0","0","0","0","2","0","0","0","8","0","0","0","0","0","0","0","0","0","0","0","0","0","0","0","0","8"
"0x71cecf772140","@!UPT UIADD3 URZ, UPT, UPT, URZ, URZ, URZ","22","20","22","28224","903168","0","32","0","32","0","-","-","-","0","0","0","0","0","0","0","0","0","0","0","0","0","0","0","0","0","0","0","0","2","0","0","0","20","0","0","0","0","0","0","0","0","0","0","0","0","0","0","0","0","20"
"0x71cecf772150","      HMMA.16816.F32 R36, R184, R182, R36","6","6","6","28224","903168","903168","32","32","0","0","-","-","-","0","0","0","0","0","0","0","0","0","0","0","0","0","0","0","0","0","0","0","0","0","0","0","0","6","0","0","0","0","0","0","0","0","0","0","0","0","0","0","0","0","6"
"0x71cecf772160","@!UPT UIADD3 URZ, UPT, UPT, URZ, URZ, URZ","23","23","23","28224","903168","0","32","0","32","0","-","-","-","0","0","0","0","0","0","0","0","0","0","0","0","0","0","0","0","0","0","0","0","0","0","0","0","23","0","0","0","0","0","0","0","0","0","0","0","0","0","0","0","0","23"
"0x71cecf772170","      HMMA.16816.F32 R40, R184, R180, R40","14","10","14","28224","903168","903168","32","32","0","0","-","-","-","0","0","0","0","0","0","0","0","0","0","0","0","0","0","0","0","0","0","0","0","4","0","0","0","10","0","0","0","0","0","0","0","0","0","0","0","0","0","0","0","0","10"
"0x71cecf772180","@!UPT UIADD3 URZ, UPT, UPT, URZ, URZ, URZ","20","19","20","28224","903168","0","32","0","32","0","-","-","-","0","0","0","0","0","0","0","0","0","0","0","0","0","0","0","0","0","0","0","0","1","0","0","0","19","0","0","0","0","0","0","0","0","0","0","0","0","0","0","0","0","19"
"0x71cecf772190","      HMMA.16816.F32 R44, R184, R178, R44","7","5","7","28224","903168","903168","32","32","0","0","-","-","-","0","0","0","0","0","0","0","0","0","0","0","0","0","0","0","0","0","0","0","0","2","0","0","0","5","0","0","0","0","0","0","0","0","0","0","0","0","0","0","0","0","5"
"0x71cecf7721a0","@!UPT UIADD3 URZ, UPT, UPT, URZ, URZ, URZ","21","21","21","28224","903168","0","32","0","32","0","-","-","-","0","0","0","0","0","0","0","0","0","0","0","0","0","0","0","0","0","0","0","0","0","0","0","0","21","0","0","0","0","0","0","0","0","0","0","0","0","0","0","0","0","21"
"0x71cecf7721b0","      HMMA.16816.F32 R48, R184, R176, R48","10","7","10","28224","903168","903168","32","32","0","0","-","-","-","0","0","0","0","0","0","0","0","0","0","0","0","0","0","0","0","0","0","0","0","3","0","0","0","7","0","0","0","0","0","0","0","0","0","0","0","0","0","0","0","0","7"
"0x71cecf7721c0","@!UPT UIADD3 URZ, UPT, UPT, URZ, URZ, URZ","19","16","19","28224","903168","0","32","0","32","0","-","-","-","0","0","0","0","0","0","0","0","0","0","0","0","0","0","0","0","0","0","0","0","3","0","0","0","16","0","0","0","0","0","0","0","0","0","0","0","0","0","0","0","0","16"
"0x71cecf7721d0","      HMMA.16816.F32 R52, R184, R174, R52","10","8","10","28224","903168","903168","32","32","0","0","-","-","-","0","0","0","0","0","0","0","0","0","0","0","0","0","0","0","0","0","0","0","0","2","0","0","0","8","0","0","0","0","0","0","0","0","0","0","0","0","0","0","0","0","8"
"0x71cecf7721e0","@!UPT UIADD3 URZ, UPT, UPT, URZ, URZ, URZ","23","22","23","28224","903168","0","32","0","32","0","-","-","-","0","0","0","0","0","0","0","0","0","0","0","0","0","0","0","0","0","0","0","0","1","0","0","0","22","0","0","0","0","0","0","0","0","0","0","0","0","0","0","0","0","22"
"0x71cecf7721f0","      HMMA.16816.F32 R56, R184, R172, R56","8","6","8","28224","903168","903168","32","32","0","0","-","-","-","0","0","0","0","0","0","0","0","0","0","0","0","0","0","0","0","0","0","0","0","2","0","0","0","6","0","0","0","0","0","0","0","0","0","0","0","0","0","0","0","0","6"
"0x71cecf772200","@!UPT UIADD3 URZ, UPT, UPT, URZ, URZ, URZ","20","19","20","28224","903168","0","32","0","32","0","-","-","-","0","0","0","0","0","0","0","0","0","0","0","0","0","0","0","0","0","0","0","0","1","0","0","0","19","0","0","0","0","0","0","0","0","0","0","0","0","0","0","0","0","19"
"0x71cecf772210","      HMMA.16816.F32 R60, R184, R170, R60","8","7","8","28224","903168","903168","32","32","0","0","-","-","-","0","0","0","0","0","0","0","0","0","0","0","0","0","0","0","0","0","0","0","0","1","0","0","0","7","0","0","0","0","0","0","0","0","0","0","0","0","0","0","0","0","7"
"0x71cecf772220","@!UPT UIADD3 URZ, UPT, UPT, URZ, URZ, URZ","26","25","26","28224","903168","0","32","0","32","0","-","-","-","0","0","0","0","0","0","0","0","0","0","0","0","0","0","0","0","0","0","0","0","1","0","0","0","25","0","0","0","0","0","0","0","0","0","0","0","0","0","0","0","0","25"
"0x71cecf772230","      HMMA.16816.F32 R64, R184, R168, R64","2","2","2","28224","903168","903168","32","32","0","0","-","-","-","0","0","0","0","0","0","0","0","0","0","0","0","0","0","0","0","0","0","0","0","0","0","0","0","2","0","0","0","0","0","0","0","0","0","0","0","0","0","0","0","0","2"
"0x71cecf772240","@!UPT UIADD3 URZ, UPT, UPT, URZ, URZ, URZ","28","25","28","28224","903168","0","32","0","32","0","-","-","-","0","0","0","0","0","0","0","0","0","0","0","0","0","0","0","0","0","0","0","0","3","0","0","0","25","0","0","0","0","0","0","0","0","0","0","0","0","0","0","0","0","25"
"0x71cecf772250","      HMMA.16816.F32 R68, R188, R168, R68","10","6","10","28224","903168","903168","32","32","0","0","-","-","-","0","0","0","0","0","0","0","0","0","0","0","0","0","0","0","0","0","0","0","0","4","0","0","0","6","0","0","0","0","0","0","0","0","0","0","0","0","0","0","0","0","6"
"0x71cecf772260","@!UPT UIADD3 URZ, UPT, UPT, URZ, URZ, URZ","16","14","16","28224","903168","0","32","0","32","0","-","-","-","0","0","0","0","0","0","0","0","0","0","0","0","0","0","0","0","0","0","0","0","2","0","0","0","14","0","0","0","0","0","0","0","0","0","0","0","0","0","0","0","0","14"
"0x71cecf772270","      HMMA.16816.F32 R72, R188, R170, R72","9","7","9","28224","903168","903168","32","32","0","0","-","-","-","0","0","0","0","0","0","0","0","0","0","0","0","0","0","0","0","0","0","0","0","2","0","0","0","7","0","0","0","0","0","0","0","0","0","0","0","0","0","0","0","0","7"
"0x71cecf772280","@!UPT UIADD3 URZ, UPT, UPT, URZ, URZ, URZ","13","9","13","28224","903168","0","32","0","32","0","-","-","-","0","0","0","0","0","0","0","0","0","0","0","0","0","0","0","0","0","0","0","0","4","0","0","0","9","0","0","0","0","0","0","0","0","0","0","0","0","0","0","0","0","9"
"0x71cecf772290","      HMMA.16816.F32 R76, R188, R172, R76","16","14","16","28224","903168","903168","32","32","0","0","-","-","-","0","0","0","0","0","0","0","0","0","0","0","0","0","0","0","0","0","0","0","0","2","0","0","0","14","0","0","0","0","0","0","0","0","0","0","0","0","0","0","0","0","14"
"0x71cecf7722a0","@!UPT UIADD3 URZ, UPT, UPT, URZ, URZ, URZ","25","20","25","28224","903168","0","32","0","32","0","-","-","-","0","0","0","0","0","0","0","0","0","0","0","0","0","0","0","0","0","0","0","0","5","0","0","0","20","0","0","0","0","0","0","0","0","0","0","0","0","0","0","0","0","20"
"0x71cecf7722b0","      HMMA.16816.F32 R80, R188, R174, R80","12","9","12","28224","903168","903168","32","32","0","0","-","-","-","0","0","0","0","0","0","0","0","0","0","0","0","0","0","0","0","0","0","0","0","3","0","0","0","9","0","0","0","0","0","0","0","0","0","0","0","0","0","0","0","0","9"
"0x71cecf7722c0","@!UPT UIADD3 URZ, UPT, UPT, URZ, URZ, URZ","12","12","12","28224","903168","0","32","0","32","0","-","-","-","0","0","0","0","0","0","0","0","0","0","0","0","0","0","0","0","0","0","0","0","0","0","0","0","12","0","0","0","0","0","0","0","0","0","0","0","0","0","0","0","0","12"
"0x71cecf7722d0","      HMMA.16816.F32 R84, R188, R176, R84","11","7","11","28224","903168","903168","32","32","0","0","-","-","-","0","0","0","0","0","0","0","0","0","0","0","0","0","0","0","0","0","0","0","0","4","0","0","0","7","0","0","0","0","0","0","0","0","0","0","0","0","0","0","0","0","7"
"0x71cecf7722e0","@!UPT UIADD3 URZ, UPT, UPT, URZ, URZ, URZ","20","20","20","28224","903168","0","32","0","32","0","-","-","-","0","0","0","0","0","0","0","0","0","0","0","0","0","0","0","0","0","0","0","0","0","0","0","0","20","0","0","0","0","0","0","0","0","0","0","0","0","0","0","0","0","20"
"0x71cecf7722f0","      HMMA.16816.F32 R88, R188, R178, R88","12","11","12","28224","903168","903168","32","32","0","0","-","-","-","0","0","0","0","0","0","0","0","0","0","0","0","0","0","0","0","0","0","0","0","1","0","0","0","11","0","0","0","0","0","0","0","0","0","0","0","0","0","0","0","0","11"
"0x71cecf772300","@!UPT UIADD3 URZ, UPT, UPT, URZ, URZ, URZ","11","11","11","28224","903168","0","32","0","32","0","-","-","-","0","0","0","0","0","0","0","0","0","0","0","0","0","0","0","0","0","0","0","0","0","0","0","0","11","0","0","0","0","0","0","0","0","0","0","0","0","0","0","0","0","11"
"0x71cecf772310","      HMMA.16816.F32 R92, R188, R180, R92","6","6","6","28224","903168","903168","32","32","0","0","-","-","-","0","0","0","0","0","0","0","0","0","0","0","0","0","0","0","0","0","0","0","0","0","0","0","0","6","0","0","0","0","0","0","0","0","0","0","0","0","0","0","0","0","6"
"0x71cecf772320","@!UPT UIADD3 URZ, UPT, UPT, URZ, URZ, URZ","19","16","19","28224","903168","0","32","0","32","0","-","-","-","0","0","0","0","0","0","0","0","0","0","0","0","0","0","0","0","0","0","0","0","3","0","0","0","16","0","0","0","0","0","0","0","0","0","0","0","0","0","0","0","0","16"
"0x71cecf772330","      HMMA.16816.F32 R96, R188, R182, R96","10","10","10","28224","903168","903168","32","32","0","0","-","-","-","0","0","0","0","0","0","0","0","0","0","0","0","0","0","0","0","0","0","0","0","0","0","0","0","10","0","0","0","0","0","0","0","0","0","0","0","0","0","0","0","0","10"
"0x71cecf772340","      LDSM.16.M88.4 R132, [R3+UR9]","2","0","2","28224","903168","903168","32","32","0","0","Shared","Load","128","0","4","0","112896","112896","0","0","0","0","0","0","0","0","0","0","0","0","0","0","0","2","0","0","0","0","0","0","0","0","0","0","0","0","0","0","0","0","0","0","0","0","0"
"0x71cecf772350","      LDSM.16.M88.4 R152, [R3+UR9+0x1000]","17","16","17","28224","903168","903168","32","32","0","0","Shared","Load","128","0","4","0","112896","112896","0","0","0","0","0","0","0","0","0","0","0","0","0","0","0","1","0","0","0","16","0","0","0","0","0","0","0","0","0","0","0","0","0","0","0","0","16"
"0x71cecf772360","      HMMA.16816.F32 R100, R192, R182, R100","10","10","10","28224","903168","903168","32","32","0","0","-","-","-","0","0","0","0","0","0","0","0","0","0","0","0","0","0","0","0","0","0","0","0","0","0","0","0","10","0","0","0","0","0","0","0","0","0","0","0","0","0","0","0","0","10"
"0x71cecf772370","      LDSM.16.M88.4 R156, [R3+UR9+0x2000]","1","0","1","28224","903168","903168","32","32","0","0","Shared","Load","128","0","4","0","112896","112896","0","0","0","0","0","0","0","0","0","0","0","0","0","0","0","1","0","0","0","0","0","0","0","0","0","0","0","0","0","0","0","0","0","0","0","0","0"
"0x71cecf772380","      LDSM.16.M88.4 R160, [R3+UR9+0x3000]","13","12","13","28224","903168","903168","32","32","0","0","Shared","Load","128","0","4","0","112896","112896","0","0","0","0","0","0","0","0","0","0","0","0","0","0","0","1","0","0","0","12","0","0","0","0","0","0","0","0","0","0","0","0","0","0","0","0","12"
"0x71cecf772390","      HMMA.16816.F32 R104, R192, R180, R104","14","12","14","28224","903168","903168","32","32","0","0","-","-","-","0","0","0","0","0","0","0","0","0","0","0","0","0","0","0","0","0","0","0","0","2","0","0","0","12","0","0","0","0","0","0","0","0","0","0","0","0","0","0","0","0","12"
"0x71cecf7723a0","      LDSM.16.M88.4 R136, [R212]","1","0","1","28224","903168","903168","32","32","0","0","Shared","Load","128","0","4","0","112896","112896","0","0","0","0","0","0","0","0","0","0","0","0","0","0","0","1","0","0","0","0","0","0","0","0","0","0","0","0","0","0","0","0","0","0","0","0","0"
"0x71cecf7723b0","      LDSM.16.M88.4 R140, [R212+0x1000]","12","11","12","28224","903168","903168","32","32","0","0","Shared","Load","128","0","4","0","112896","112896","0","0","0","0","0","0","0","0","0","0","0","0","0","0","0","1","0","0","0","11","0","0","0","0","0","0","0","0","0","0","0","0","0","0","0","0","11"
"0x71cecf7723c0","      HMMA.16816.F32 R108, R192, R178, R108","11","8","11","28224","903168","903168","32","32","0","0","-","-","-","0","0","0","0","0","0","0","0","0","0","0","0","0","0","0","0","0","0","0","0","3","0","0","0","8","0","0","0","0","0","0","0","0","0","0","0","0","0","0","0","0","8"
"0x71cecf7723d0","      LDSM.16.M88.4 R144, [R212+0x2000]","0","0","0","28224","903168","903168","32","32","0","0","Shared","Load","128","0","4","0","112896","112896","0","0","0","0","0","0","0","0","0","0","0","0","0","0","0","0","0","0","0","0","0","0","0","0","0","0","0","0","0","0","0","0","0","0","0","0","0"
"0x71cecf7723e0","      LDSM.16.M88.4 R148, [R212+0x3000]","14","13","14","28224","903168","903168","32","32","0","0","Shared","Load","128","0","4","0","112896","112896","0","0","0","0","0","0","0","0","0","0","0","0","0","0","0","1","0","0","0","13","0","0","0","0","0","0","0","0","0","0","0","0","0","0","0","0","13"
"0x71cecf7723f0","      HMMA.16816.F32 R112, R192, R176, R112","8","7","8","28224","903168","903168","32","32","0","0","-","-","-","0","0","0","0","0","0","0","0","0","0","0","0","0","0","0","0","0","0","0","0","1","0","0","0","7","0","0","0","0","0","0","0","0","0","0","0","0","0","0","0","0","7"
"0x71cecf772400","@!UPT UIADD3 URZ, UPT, UPT, URZ, URZ, URZ","25","23","25","28224","903168","0","32","0","32","0","-","-","-","0","0","0","0","0","0","0","0","0","0","0","0","0","0","0","0","0","0","0","0","2","0","0","0","23","0","0","0","0","0","0","0","0","0","0","0","0","0","0","0","0","23"
"0x71cecf772410","      HMMA.16816.F32 R116, R192, R174, R116","11","8","11","28224","903168","903168","32","32","0","0","-","-","-","0","0","0","0","0","0","0","0","0","0","0","0","0","0","0","0","0","0","0","0","3","0","0","0","8","0","0","0","0","0","0","0","0","0","0","0","0","0","0","0","0","8"
"0x71cecf772420","@!UPT UIADD3 URZ, UPT, UPT, URZ, URZ, URZ","27","21","27","28224","903168","0","32","0","32","0","-","-","-","0","0","0","0","0","0","0","0","0","0","0","0","0","0","0","0","0","0","0","0","6","0","0","0","21","0","0","0","0","0","0","0","0","0","0","0","0","0","0","0","0","21"
"0x71cecf772430","      HMMA.16816.F32 R120, R192, R172, R120","9","8","9","28224","903168","903168","32","32","0","0","-","-","-","0","0","0","0","0","0","0","0","0","0","0","0","0","0","0","0","0","0","0","0","1","0","0","0","8","0","0","0","0","0","0","0","0","0","0","0","0","0","0","0","0","8"
"0x71cecf772440","@!UPT UIADD3 URZ, UPT, UPT, URZ, URZ, URZ","23","21","23","28224","903168","0","32","0","32","0","-","-","-","0","0","0","0","0","0","0","0","0","0","0","0","0","0","0","0","0","0","0","0","2","0","0","0","21","0","0","0","0","0","0","0","0","0","0","0","0","0","0","0","0","21"
"0x71cecf772450","      HMMA.16816.F32 R124, R192, R170, R124","9","6","9","28224","903168","903168","32","32","0","0","-","-","-","0","0","0","0","0","0","0","0","0","0","0","0","0","0","0","0","0","0","0","0","3","0","0","0","6","0","0","0","0","0","0","0","0","0","0","0","0","0","0","0","0","6"
"0x71cecf772460","@!UPT UIADD3 URZ, UPT, UPT, URZ, URZ, URZ","28","25","28","28224","903168","0","32","0","32","0","-","-","-","0","0","0","0","0","0","0","0","0","0","0","0","0","0","0","0","0","0","0","0","3","0","0","0","25","0","0","0","0","0","0","0","0","0","0","0","0","0","0","0","0","25"
"0x71cecf772470","      HMMA.16816.F32 R128, R192, R168, R128","6","6","6","28224","903168","903168","32","32","0","0","-","-","-","0","0","0","0","0","0","0","0","0","0","0","0","0","0","0","0","0","0","0","0","0","0","0","0","6","0","0","0","0","0","0","0","0","0","0","0","0","0","0","0","0","6"
"0x71cecf772480","@!UPT UIADD3 URZ, UPT, UPT, URZ, URZ, URZ","4","0","4","28224","903168","0","32","0","32","0","-","-","-","0","0","0","0","0","0","0","0","0","0","0","0","0","0","0","0","0","0","0","0","4","0","0","0","0","0","0","0","0","0","0","0","0","0","0","0","0","0","0","0","0","0"
"0x71cecf772490","@P0   BRA 0x71cecf771940","16","14","16","28224","903168","846720","32","30","2","0","-","-","-","0","0","0","0","0","0","0","0","0","0","0","0","0","0","0","0","0","0","0","0","2","0","0","0","14","0","0","0","0","0","0","0","0","0","0","0","0","0","0","0","0","14"
"0x71cecf7724a0","      LDGDEPBAR","9","8","9","1764","56448","56448","32","32","0","0","-","-","-","0","0","0","0","0","0","0","0","0","0","0","0","0","0","0","0","0","0","0","0","1","0","0","0","8","0","0","0","0","0","0","0","0","0","0","0","0","0","0","0","0","8"
"0x71cecf7724b0","      LDCU.64 UR6, c[0x0][0x488]","0","0","0","1764","56448","56448","32","32","0","0","-","-","-","0","0","0","0","0","0","0","0","0","0","0","0","0","0","0","0","0","0","0","0","0","0","0","0","0","0","0","0","0","0","0","0","0","0","0","0","0","0","0","0","0","0"
"0x71cecf7724c0","      LDC.64 R138, c[0x0][0x398]","0","0","0","1764","56448","56448","32","32","0","0","-","-","-","0","0","0","0","0","0","0","0","0","0","0","0","0","0","0","0","0","0","0","0","0","0","0","0","0","0","0","0","0","0","0","0","0","0","0","0","0","0","0","0","0","0"
"0x71cecf7724d0","      LDGDEPBAR","0","0","0","1764","56448","56448","32","32","0","0","-","-","-","0","0","0","0","0","0","0","0","0","0","0","0","0","0","0","0","0","0","0","0","0","0","0","0","0","0","0","0","0","0","0","0","0","0","0","0","0","0","0","0","0","0"
"0x71cecf7724e0","      LDCU.64 UR4, c[0x0][0x490]","0","0","0","1764","56448","56448","32","32","0","0","-","-","-","0","0","0","0","0","0","0","0","0","0","0","0","0","0","0","0","0","0","0","0","0","0","0","0","0","0","0","0","0","0","0","0","0","0","0","0","0","0","0","0","0","0"
"0x71cecf7724f0","      S2R R3, SR_CTAID.Y","0","0","0","1764","56448","56448","32","32","0","0","-","-","-","0","0","0","0","0","0","0","0","0","0","0","0","0","0","0","0","0","0","0","0","0","0","0","0","0","0","0","0","0","0","0","0","0","0","0","0","0","0","0","0","0","0"
"0x71cecf772500","      S2R R165, SR_CTAID.X","0","0","0","1764","56448","56448","32","32","0","0","-","-","-","0","0","0","0","0","0","0","0","0","0","0","0","0","0","0","0","0","0","0","0","0","0","0","0","0","0","0","0","0","0","0","0","0","0","0","0","0","0","0","0","0","0"
"0x71cecf772510","      LDC.64 R168, c[0x0][0x3b0]","0","0","0","1764","56448","56448","32","32","0","0","-","-","-","0","0","0","0","0","0","0","0","0","0","0","0","0","0","0","0","0","0","0","0","0","0","0","0","0","0","0","0","0","0","0","0","0","0","0","0","0","0","0","0","0","0"
"0x71cecf772520","      ISETP.NE.S64.AND P1, PT, RZ, UR6, PT","1","1","1","1764","56448","56448","32","32","0","0","-","-","-","0","0","0","0","0","0","0","0","0","0","0","0","0","0","0","0","0","0","0","0","0","1","0","0","0","0","0","0","0","0","0","0","0","0","0","0","0","0","1","0","0","0"
"0x71cecf772530","      ISETP.NE.S64.AND P0, PT, RZ, UR4, PT","0","0","0","1764","56448","56448","32","32","0","0","-","-","-","0","0","0","0","0","0","0","0","0","0","0","0","0","0","0","0","0","0","0","0","0","0","0","0","0","0","0","0","0","0","0","0","0","0","0","0","0","0","0","0","0","0"
"0x71cecf772540","      MOV R133, 0xffffffff","1","1","1","1764","56448","56448","32","32","0","0","-","-","-","0","0","0","0","0","0","0","0","0","0","0","0","0","0","0","0","0","0","0","0","0","0","0","0","1","0","0","0","0","0","0","0","0","0","0","0","0","0","0","0","0","1"
"0x71cecf772550","      LDCU UR4, c[0x0][0x38c]","0","0","0","1764","56448","56448","32","32","0","0","-","-","-","0","0","0","0","0","0","0","0","0","0","0","0","0","0","0","0","0","0","0","0","0","0","0","0","0","0","0","0","0","0","0","0","0","0","0","0","0","0","0","0","0","0"
"0x71cecf772560","      DEPBAR.LE SB0, 0x0","0","0","0","1764","56448","56448","32","32","0","0","-","-","-","0","0","0","0","0","0","0","0","0","0","0","0","0","0","0","0","0","0","0","0","0","0","0","0","0","0","0","0","0","0","0","0","0","0","0","0","0","0","0","0","0","0"
"0x71cecf772570","@P1   LDC.64 R136, c[0x0][0x488]","1","1","1","1764","56448","0","32","0","32","0","-","-","-","0","0","0","0","0","0","0","0","0","0","0","0","0","1","0","0","0","0","0","0","0","0","0","0","0","0","0","0","0","0","1","0","0","0","0","0","0","0","0","0","0","0"
"0x71cecf772580","      BAR.SYNC.DEFER_BLOCKING 0x0","1","1","1","1764","56448","56448","32","32","0","0","-","-","-","0","0","0","0","0","0","0","0","0","0","0","0","0","0","0","0","0","0","0","0","0","0","0","0","1","0","0","0","0","0","0","0","0","0","0","0","0","0","0","0","0","1"
"0x71cecf772590","@P0   LDC.64 R134, c[0x0][0x490]","29","29","29","1764","56448","0","32","0","32","0","-","-","-","0","0","0","0","0","0","0","0","29","0","0","0","0","0","0","0","0","0","0","0","0","0","0","0","0","29","0","0","0","0","0","0","0","0","0","0","0","0","0","0","0","0"
"0x71cecf7725a0","@P1   LDG.E R167, [R136]","0","0","0","1764","56448","0","32","0","32","0","","Load","32","0","0","0","0","0","0","0","0","0","0","0","0","0","0","0","0","0","0","0","0","0","0","0","0","0","0","0","0","0","0","0","0","0","0","0","0","0","0","0","0","0","0"
"0x71cecf7725b0","@P0   LDG.E R171, [R134]","6","6","6","1764","56448","0","32","0","32","0","","Load","32","0","0","0","0","0","0","0","0","0","0","0","0","0","0","0","0","0","0","0","0","0","6","0","0","0","0","0","0","0","0","0","0","0","0","0","0","0","0","6","0","0","0"
"0x71cecf7725c0","      SHF.L.U32 R0, R133, R138, RZ","0","0","0","1764","56448","56448","32","32","0","0","-","-","-","0","0","0","0","0","0","0","0","0","0","0","0","0","0","0","0","0","0","0","0","0","0","0","0","0","0","0","0","0","0","0","0","0","0","0","0","0","0","0","0","0","0"
"0x71cecf7725d0","      LDCU UR5, c[0x0][0x480]","0","0","0","1764","56448","56448","32","32","0","0","-","-","-","0","0","0","0","0","0","0","0","0","0","0","0","0","0","0","0","0","0","0","0","0","0","0","0","0","0","0","0","0","0","0","0","0","0","0","0","0","0","0","0","0","0"
"0x71cecf7725e0","      SHF.L.U32 R3, R3, R138, RZ","0","0","0","1764","56448","56448","32","32","0","0","-","-","-","0","0","0","0","0","0","0","0","0","0","0","0","0","0","0","0","0","0","0","0","0","0","0","0","0","0","0","0","0","0","0","0","0","0","0","0","0","0","0","0","0","0"
"0x71cecf7725f0","      LOP3.LUT R0, R165, R0, RZ, 0x30, !PT","0","0","0","1764","56448","56448","32","32","0","0","-","-","-","0","0","0","0","0","0","0","0","0","0","0","0","0","0","0","0","0","0","0","0","0","0","0","0","0","0","0","0","0","0","0","0","0","0","0","0","0","0","0","0","0","0"
"0x71cecf772600","      LDCU.64 UR8, c[0x0][0x4a8]","0","0","0","1764","56448","56448","32","32","0","0","-","-","-","0","0","0","0","0","0","0","0","0","0","0","0","0","0","0","0","0","0","0","0","0","0","0","0","0","0","0","0","0","0","0","0","0","0","0","0","0","0","0","0","0","0"
"0x71cecf772610","      SHF.R.U32.HI R165, RZ, R138, R165","0","0","0","1764","56448","56448","32","32","0","0","-","-","-","0","0","0","0","0","0","0","0","0","0","0","0","0","0","0","0","0","0","0","0","0","0","0","0","0","0","0","0","0","0","0","0","0","0","0","0","0","0","0","0","0","0"
"0x71cecf772620","      LDCU.64 UR6, c[0x0][0x4b0]","0","0","0","1764","56448","56448","32","32","0","0","-","-","-","0","0","0","0","0","0","0","0","0","0","0","0","0","0","0","0","0","0","0","0","0","0","0","0","0","0","0","0","0","0","0","0","0","0","0","0","0","0","0","0","0","0"
"0x71cecf772630","      IADD3 R138, PT, PT, R3, R0, RZ","0","0","0","1764","56448","56448","32","32","0","0","-","-","-","0","0","0","0","0","0","0","0","0","0","0","0","0","0","0","0","0","0","0","0","0","0","0","0","0","0","0","0","0","0","0","0","0","0","0","0","0","0","0","0","0","0"
"0x71cecf772640","      IMAD R3, R138, UR4, R165","0","0","0","1764","56448","56448","32","32","0","0","-","-","-","0","0","0","0","0","0","0","0","0","0","0","0","0","0","0","0","0","0","0","0","0","0","0","0","0","0","0","0","0","0","0","0","0","0","0","0","0","0","0","0","0","0"
"0x71cecf772650","      IMAD.WIDE R168, R3, 0x4, R168","0","0","0","1764","56448","56448","32","32","0","0","-","-","-","0","0","0","0","0","0","0","0","0","0","0","0","0","0","0","0","0","0","0","0","0","0","0","0","0","0","0","0","0","0","0","0","0","0","0","0","0","0","0","0","0","0"
"0x71cecf772660","      MOV R166, UR5","1","1","1","1764","56448","56448","32","32","0","0","-","-","-","0","0","0","0","0","0","0","0","0","0","0","0","0","0","0","0","0","0","0","0","0","1","0","0","0","0","0","0","0","0","0","0","0","0","0","0","0","0","1","0","0","0"
"0x71cecf772670","      MOV.64 R134, UR8","0","0","0","1764","56448","56448","32","32","0","0","-","-","-","0","0","0","0","0","0","0","0","0","0","0","0","0","0","0","0","0","0","0","0","0","0","0","0","0","0","0","0","0","0","0","0","0","0","0","0","0","0","0","0","0","0"
"0x71cecf772680","      MOV.64 R2, UR6","1","0","1","1764","56448","56448","32","32","0","0","-","-","-","0","0","0","0","0","0","0","0","0","0","0","0","0","0","0","0","0","0","0","0","1","0","0","0","0","0","0","0","0","0","0","0","0","0","0","0","0","0","0","0","0","0"
"0x71cecf772690","@!P1  LDC R167, c[0x0][0x478]","0","0","0","1764","56448","56448","32","32","0","0","-","-","-","0","0","0","0","0","0","0","0","0","0","0","0","0","0","0","0","0","0","0","0","0","0","0","0","0","0","0","0","0","0","0","0","0","0","0","0","0","0","0","0","0","0"
"0x71cecf7726a0","@!P0  LDC R171, c[0x0][0x47c]","1","1","1","1764","56448","56448","32","32","0","0","-","-","-","0","0","0","0","0","0","0","0","0","0","0","0","0","0","0","0","0","0","0","0","0","0","0","0","1","0","0","0","0","0","0","0","0","0","0","0","0","0","0","0","0","1"
"0x71cecf7726b0","      ISETP.NE.AND P0, PT, R139, RZ, PT","0","0","0","1764","56448","56448","32","32","0","0","-","-","-","0","0","0","0","0","0","0","0","0","0","0","0","0","0","0","0","0","0","0","0","0","0","0","0","0","0","0","0","0","0","0","0","0","0","0","0","0","0","0","0","0","0"
"0x71cecf7726c0","@P0   BRA 0x71cecf7727f0","1","1","1","1764","56448","0","32","0","32","0","-","-","-","0","0","0","0","0","0","0","0","0","0","0","0","0","0","0","0","0","0","0","0","0","0","0","0","1","0","0","0","0","0","0","0","0","0","0","0","0","0","0","0","0","1"
"0x71cecf7726d0","      LDC R132, c[0x0][0x394]","0","0","0","1764","56448","56448","32","32","0","0","-","-","-","0","0","0","0","0","0","0","0","0","0","0","0","0","0","0","0","0","0","0","0","0","0","0","0","0","0","0","0","0","0","0","0","0","0","0","0","0","0","0","0","0","0"
"0x71cecf7726e0","      MOV R0, 0xffffffff","0","0","0","1764","56448","56448","32","32","0","0","-","-","-","0","0","0","0","0","0","0","0","0","0","0","0","0","0","0","0","0","0","0","0","0","0","0","0","0","0","0","0","0","0","0","0","0","0","0","0","0","0","0","0","0","0"
"0x71cecf7726f0","      ISETP.GE.AND P0, PT, R132, 0x2, PT","1","1","1","1764","56448","56448","32","32","0","0","-","-","-","0","0","0","0","0","0","0","0","0","0","0","0","0","0","0","0","0","0","0","0","0","1","0","0","0","0","0","0","0","0","0","0","0","0","0","0","0","0","1","0","0","0"
"0x71cecf772700","@!P0  BRA 0x71cecf772a90","1","1","1","1764","56448","56448","32","32","0","0","-","-","-","0","0","0","0","0","0","0","0","0","0","0","0","0","0","0","0","0","0","0","0","0","0","0","0","1","0","0","0","0","0","0","0","0","0","0","0","0","0","0","0","0","1"
"0x71cecf772710","      S2R R0, SR_TID.X","0","0","0","0","0","0","0","0","32","0","-","-","-","0","0","0","0","0","0","0","0","0","0","0","0","0","0","0","0","0","0","0","0","0","0","0","0","0","0","0","0","0","0","0","0","0","0","0","0","0","0","0","0","0","0"
"0x71cecf772720","      S2UR UR4, SR_CTAID.Z","0","0","0","0","0","0","0","0","32","0","-","-","-","0","0","0","0","0","0","0","0","0","0","0","0","0","0","0","0","0","0","0","0","0","0","0","0","0","0","0","0","0","0","0","0","0","0","0","0","0","0","0","0","0","0"
"0x71cecf772730","      LDC R166, c[0x0][0x480]","0","0","0","0","0","0","0","0","32","0","-","-","-","0","0","0","0","0","0","0","0","0","0","0","0","0","0","0","0","0","0","0","0","0","0","0","0","0","0","0","0","0","0","0","0","0","0","0","0","0","0","0","0","0","0"
"0x71cecf772740","      IADD3 R133, PT, PT, R132, -0x1, RZ","0","0","0","0","0","0","0","0","32","0","-","-","-","0","0","0","0","0","0","0","0","0","0","0","0","0","0","0","0","0","0","0","0","0","0","0","0","0","0","0","0","0","0","0","0","0","0","0","0","0","0","0","0","0","0"
"0x71cecf772750","      ISETP.NE.AND P0, PT, R0, RZ, PT","0","0","0","0","0","0","0","0","32","0","-","-","-","0","0","0","0","0","0","0","0","0","0","0","0","0","0","0","0","0","0","0","0","0","0","0","0","0","0","0","0","0","0","0","0","0","0","0","0","0","0","0","0","0","0"
"0x71cecf772760","      MOV R0, 0xffffffff","0","0","0","0","0","0","0","0","32","0","-","-","-","0","0","0","0","0","0","0","0","0","0","0","0","0","0","0","0","0","0","0","0","0","0","0","0","0","0","0","0","0","0","0","0","0","0","0","0","0","0","0","0","0","0"
"0x71cecf772770","      MOV R200, UR4","0","0","0","0","0","0","0","0","32","0","-","-","-","0","0","0","0","0","0","0","0","0","0","0","0","0","0","0","0","0","0","0","0","0","0","0","0","0","0","0","0","0","0","0","0","0","0","0","0","0","0","0","0","0","0"
"0x71cecf772780","      ISETP.NE.AND P1, PT, R200, RZ, PT","0","0","0","0","0","0","0","0","32","0","-","-","-","0","0","0","0","0","0","0","0","0","0","0","0","0","0","0","0","0","0","0","0","0","0","0","0","0","0","0","0","0","0","0","0","0","0","0","0","0","0","0","0","0","0"
"0x71cecf772790","@!P0  LDG.E.STRONG.GPU R0, [R168]","0","0","0","0","0","0","0","0","32","0","","","","0","0","0","0","0","0","0","0","0","0","0","0","0","0","0","0","0","0","0","0","0","0","0","0","0","0","0","0","0","0","0","0","0","0","0","0","0","0","0","0","0","0"
"0x71cecf7727a0","@!P0  CCTL.IVALL","0","0","0","0","0","0","0","0","32","0","-","-","-","0","0","0","0","0","0","0","0","0","0","0","0","0","0","0","0","0","0","0","0","0","0","0","0","0","0","0","0","0","0","0","0","0","0","0","0","0","0","0","0","0","0"
"0x71cecf7727b0","      ISETP.NE.AND P0, PT, R200, R133, PT","0","0","0","0","0","0","0","0","32","0","-","-","-","0","0","0","0","0","0","0","0","0","0","0","0","0","0","0","0","0","0","0","0","0","0","0","0","0","0","0","0","0","0","0","0","0","0","0","0","0","0","0","0","0","0"
"0x71cecf7727c0","      FSEL R171, R171, 1, !P1","0","0","0","0","0","0","0","0","32","0","-","-","-","0","0","0","0","0","0","0","0","0","0","0","0","0","0","0","0","0","0","0","0","0","0","0","0","0","0","0","0","0","0","0","0","0","0","0","0","0","0","0","0","0","0"
"0x71cecf7727d0","      FSEL R166, R166, -QNAN , !P0","0","0","0","0","0","0","0","0","32","0","-","-","-","0","0","0","0","0","0","0","0","0","0","0","0","0","0","0","0","0","0","0","0","0","0","0","0","0","0","0","0","0","0","0","0","0","0","0","0","0","0","0","0","0","0"
"0x71cecf7727e0","      BRA 0x71cecf772a90","0","0","0","0","0","0","0","0","32","0","-","-","-","0","0","0","0","0","0","0","0","0","0","0","0","0","0","0","0","0","0","0","0","0","0","0","0","0","0","0","0","0","0","0","0","0","0","0","0","0","0","0","0","0","0"
"0x71cecf7727f0","      ISETP.NE.AND P0, PT, R139, 0x3, PT","0","0","0","0","0","0","0","0","32","0","-","-","-","0","0","0","0","0","0","0","0","0","0","0","0","0","0","0","0","0","0","0","0","0","0","0","0","0","0","0","0","0","0","0","0","0","0","0","0","0","0","0","0","0","0"
"0x71cecf772800","      MOV R0, 0xffffffff","0","0","0","0","0","0","0","0","32","0","-","-","-","0","0","0","0","0","0","0","0","0","0","0","0","0","0","0","0","0","0","0","0","0","0","0","0","0","0","0","0","0","0","0","0","0","0","0","0","0","0","0","0","0","0"
"0x71cecf772810","@!P0  BRA 0x71cecf772a10","0","0","0","0","0","0","0","0","32","0","-","-","-","0","0","0","0","0","0","0","0","0","0","0","0","0","0","0","0","0","0","0","0","0","0","0","0","0","0","0","0","0","0","0","0","0","0","0","0","0","0","0","0","0","0"
"0x71cecf772820","      ISETP.NE.AND P0, PT, R139, 0x2, PT","0","0","0","0","0","0","0","0","32","0","-","-","-","0","0","0","0","0","0","0","0","0","0","0","0","0","0","0","0","0","0","0","0","0","0","0","0","0","0","0","0","0","0","0","0","0","0","0","0","0","0","0","0","0","0"
"0x71cecf772830","@!P0  BRA 0x71cecf772900","0","0","0","0","0","0","0","0","32","0","-","-","-","0","0","0","0","0","0","0","0","0","0","0","0","0","0","0","0","0","0","0","0","0","0","0","0","0","0","0","0","0","0","0","0","0","0","0","0","0","0","0","0","0","0"
"0x71cecf772840","      ISETP.NE.AND P0, PT, R139, 0x1, PT","0","0","0","0","0","0","0","0","32","0","-","-","-","0","0","0","0","0","0","0","0","0","0","0","0","0","0","0","0","0","0","0","0","0","0","0","0","0","0","0","0","0","0","0","0","0","0","0","0","0","0","0","0","0","0"
"0x71cecf772850","@P0   BRA 0x71cecf772a90","0","0","0","0","0","0","0","0","32","0","-","-","-","0","0","0","0","0","0","0","0","0","0","0","0","0","0","0","0","0","0","0","0","0","0","0","0","0","0","0","0","0","0","0","0","0","0","0","0","0","0","0","0","0","0"
"0x71cecf772860","      S2UR UR4, SR_CTAID.Z","0","0","0","0","0","0","0","0","32","0","-","-","-","0","0","0","0","0","0","0","0","0","0","0","0","0","0","0","0","0","0","0","0","0","0","0","0","0","0","0","0","0","0","0","0","0","0","0","0","0","0","0","0","0","0"
"0x71cecf772870","      LDC.64 R132, c[0x0][0x3a8]","0","0","0","0","0","0","0","0","32","0","-","-","-","0","0","0","0","0","0","0","0","0","0","0","0","0","0","0","0","0","0","0","0","0","0","0","0","0","0","0","0","0","0","0","0","0","0","0","0","0","0","0","0","0","0"
"0x71cecf772880","      LDC.64 R2, c[0x0][0x4b0]","0","0","0","0","0","0","0","0","32","0","-","-","-","0","0","0","0","0","0","0","0","0","0","0","0","0","0","0","0","0","0","0","0","0","0","0","0","0","0","0","0","0","0","0","0","0","0","0","0","0","0","0","0","0","0"
"0x71cecf772890","      MOV R200, UR4","0","0","0","0","0","0","0","0","32","0","-","-","-","0","0","0","0","0","0","0","0","0","0","0","0","0","0","0","0","0","0","0","0","0","0","0","0","0","0","0","0","0","0","0","0","0","0","0","0","0","0","0","0","0","0"
"0x71cecf7728a0","      IMAD R133, R200, R133, RZ","0","0","0","0","0","0","0","0","32","0","-","-","-","0","0","0","0","0","0","0","0","0","0","0","0","0","0","0","0","0","0","0","0","0","0","0","0","0","0","0","0","0","0","0","0","0","0","0","0","0","0","0","0","0","0"
"0x71cecf7728b0","      IMAD.WIDE.U32 R136, R200, R132, RZ","0","0","0","0","0","0","0","0","32","0","-","-","-","0","0","0","0","0","0","0","0","0","0","0","0","0","0","0","0","0","0","0","0","0","0","0","0","0","0","0","0","0","0","0","0","0","0","0","0","0","0","0","0","0","0"
"0x71cecf7728c0","      IADD3 R132, PT, PT, R137, R133, RZ","0","0","0","0","0","0","0","0","32","0","-","-","-","0","0","0","0","0","0","0","0","0","0","0","0","0","0","0","0","0","0","0","0","0","0","0","0","0","0","0","0","0","0","0","0","0","0","0","0","0","0","0","0","0","0"
"0x71cecf7728d0","      LEA R2, P0, R136, R2, 0x2","0","0","0","0","0","0","0","0","32","0","-","-","-","0","0","0","0","0","0","0","0","0","0","0","0","0","0","0","0","0","0","0","0","0","0","0","0","0","0","0","0","0","0","0","0","0","0","0","0","0","0","0","0","0","0"
"0x71cecf7728e0","      LEA.HI.X R3, R136, R3, R132, 0x2, P0","0","0","0","0","0","0","0","0","32","0","-","-","-","0","0","0","0","0","0","0","0","0","0","0","0","0","0","0","0","0","0","0","0","0","0","0","0","0","0","0","0","0","0","0","0","0","0","0","0","0","0","0","0","0","0"
"0x71cecf7728f0","      BRA 0x71cecf772a90","0","0","0","0","0","0","0","0","32","0","-","-","-","0","0","0","0","0","0","0","0","0","0","0","0","0","0","0","0","0","0","0","0","0","0","0","0","0","0","0","0","0","0","0","0","0","0","0","0","0","0","0","0","0","0"
"0x71cecf772900","      S2UR UR4, SR_CTAID.Z","0","0","0","0","0","0","0","0","32","0","-","-","-","0","0","0","0","0","0","0","0","0","0","0","0","0","0","0","0","0","0","0","0","0","0","0","0","0","0","0","0","0","0","0","0","0","0","0","0","0","0","0","0","0","0"
"0x71cecf772910","      LDC.64 R136, c[0x0][0x4c8]","0","0","0","0","0","0","0","0","32","0","-","-","-","0","0","0","0","0","0","0","0","0","0","0","0","0","0","0","0","0","0","0","0","0","0","0","0","0","0","0","0","0","0","0","0","0","0","0","0","0","0","0","0","0","0"
"0x71cecf772920","      LDC.64 R132, c[0x0][0x3a8]","0","0","0","0","0","0","0","0","32","0","-","-","-","0","0","0","0","0","0","0","0","0","0","0","0","0","0","0","0","0","0","0","0","0","0","0","0","0","0","0","0","0","0","0","0","0","0","0","0","0","0","0","0","0","0"
"0x71cecf772930","      LDC.64 R134, c[0x0][0x4a8]","0","0","0","0","0","0","0","0","32","0","-","-","-","0","0","0","0","0","0","0","0","0","0","0","0","0","0","0","0","0","0","0","0","0","0","0","0","0","0","0","0","0","0","0","0","0","0","0","0","0","0","0","0","0","0"
"0x71cecf772940","      MOV R200, UR4","0","0","0","0","0","0","0","0","32","0","-","-","-","0","0","0","0","0","0","0","0","0","0","0","0","0","0","0","0","0","0","0","0","0","0","0","0","0","0","0","0","0","0","0","0","0","0","0","0","0","0","0","0","0","0"
"0x71cecf772950","      LDC.64 R2, c[0x0][0x4b0]","0","0","0","0","0","0","0","0","32","0","-","-","-","0","0","0","0","0","0","0","0","0","0","0","0","0","0","0","0","0","0","0","0","0","0","0","0","0","0","0","0","0","0","0","0","0","0","0","0","0","0","0","0","0","0"
"0x71cecf772960","      IMAD R137, R200, R137, RZ","0","0","0","0","0","0","0","0","32","0","-","-","-","0","0","0","0","0","0","0","0","0","0","0","0","0","0","0","0","0","0","0","0","0","0","0","0","0","0","0","0","0","0","0","0","0","0","0","0","0","0","0","0","0","0"
"0x71cecf772970","      IMAD.WIDE.U32 R140, R200, R136, RZ","0","0","0","0","0","0","0","0","32","0","-","-","-","0","0","0","0","0","0","0","0","0","0","0","0","0","0","0","0","0","0","0","0","0","0","0","0","0","0","0","0","0","0","0","0","0","0","0","0","0","0","0","0","0","0"
"0x71cecf772980","      IMAD R133, R200, R133, RZ","0","0","0","0","0","0","0","0","32","0","-","-","-","0","0","0","0","0","0","0","0","0","0","0","0","0","0","0","0","0","0","0","0","0","0","0","0","0","0","0","0","0","0","0","0","0","0","0","0","0","0","0","0","0","0"
"0x71cecf772990","      IADD3 R137, PT, PT, R141, R137, RZ","0","0","0","0","0","0","0","0","32","0","-","-","-","0","0","0","0","0","0","0","0","0","0","0","0","0","0","0","0","0","0","0","0","0","0","0","0","0","0","0","0","0","0","0","0","0","0","0","0","0","0","0","0","0","0"
"0x71cecf7729a0","      IMAD.WIDE.U32 R142, R200, R132, RZ","0","0","0","0","0","0","0","0","32","0","-","-","-","0","0","0","0","0","0","0","0","0","0","0","0","0","0","0","0","0","0","0","0","0","0","0","0","0","0","0","0","0","0","0","0","0","0","0","0","0","0","0","0","0","0"
"0x71cecf7729b0","      IADD3 R132, PT, PT, R143, R133, RZ","0","0","0","0","0","0","0","0","32","0","-","-","-","0","0","0","0","0","0","0","0","0","0","0","0","0","0","0","0","0","0","0","0","0","0","0","0","0","0","0","0","0","0","0","0","0","0","0","0","0","0","0","0","0","0"
"0x71cecf7729c0","      LEA R134, P1, R140, R134, 0x2","0","0","0","0","0","0","0","0","32","0","-","-","-","0","0","0","0","0","0","0","0","0","0","0","0","0","0","0","0","0","0","0","0","0","0","0","0","0","0","0","0","0","0","0","0","0","0","0","0","0","0","0","0","0","0"
"0x71cecf7729d0","      LEA.HI.X R135, R140, R135, R137, 0x2, P1","0","0","0","0","0","0","0","0","32","0","-","-","-","0","0","0","0","0","0","0","0","0","0","0","0","0","0","0","0","0","0","0","0","0","0","0","0","0","0","0","0","0","0","0","0","0","0","0","0","0","0","0","0","0","0"
"0x71cecf7729e0","      LEA R2, P0, R142, R2, 0x2","0","0","0","0","0","0","0","0","32","0","-","-","-","0","0","0","0","0","0","0","0","0","0","0","0","0","0","0","0","0","0","0","0","0","0","0","0","0","0","0","0","0","0","0","0","0","0","0","0","0","0","0","0","0","0"
"0x71cecf7729f0","      LEA.HI.X R3, R142, R3, R132, 0x2, P0","0","0","0","0","0","0","0","0","32","0","-","-","-","0","0","0","0","0","0","0","0","0","0","0","0","0","0","0","0","0","0","0","0","0","0","0","0","0","0","0","0","0","0","0","0","0","0","0","0","0","0","0","0","0","0"
"0x71cecf772a00","      BRA 0x71cecf772a90","0","0","0","0","0","0","0","0","32","0","-","-","-","0","0","0","0","0","0","0","0","0","0","0","0","0","0","0","0","0","0","0","0","0","0","0","0","0","0","0","0","0","0","0","0","0","0","0","0","0","0","0","0","0","0"
"0x71cecf772a10","      S2UR UR4, SR_CTAID.Z","0","0","0","0","0","0","0","0","32","0","-","-","-","0","0","0","0","0","0","0","0","0","0","0","0","0","0","0","0","0","0","0","0","0","0","0","0","0","0","0","0","0","0","0","0","0","0","0","0","0","0","0","0","0","0"
"0x71cecf772a20","      LDC.64 R134, c[0x0][0x4a8]","0","0","0","0","0","0","0","0","32","0","-","-","-","0","0","0","0","0","0","0","0","0","0","0","0","0","0","0","0","0","0","0","0","0","0","0","0","0","0","0","0","0","0","0","0","0","0","0","0","0","0","0","0","0","0"
"0x71cecf772a30","      LDC.64 R2, c[0x0][0x4b0]","0","0","0","0","0","0","0","0","32","0","-","-","-","0","0","0","0","0","0","0","0","0","0","0","0","0","0","0","0","0","0","0","0","0","0","0","0","0","0","0","0","0","0","0","0","0","0","0","0","0","0","0","0","0","0"
"0x71cecf772a40","      MOV R200, UR4","0","0","0","0","0","0","0","0","32","0","-","-","-","0","0","0","0","0","0","0","0","0","0","0","0","0","0","0","0","0","0","0","0","0","0","0","0","0","0","0","0","0","0","0","0","0","0","0","0","0","0","0","0","0","0"
"0x71cecf772a50","      IMAD.WIDE.U32 R134, R200, 0x8, R134","0","0","0","0","0","0","0","0","32","0","-","-","-","0","0","0","0","0","0","0","0","0","0","0","0","0","0","0","0","0","0","0","0","0","0","0","0","0","0","0","0","0","0","0","0","0","0","0","0","0","0","0","0","0","0"
"0x71cecf772a60","      LDG.E.64 R134, [R134]","0","0","0","0","0","0","0","0","32","0","","","","0","0","0","0","0","0","0","0","0","0","0","0","0","0","0","0","0","0","0","0","0","0","0","0","0","0","0","0","0","0","0","0","0","0","0","0","0","0","0","0","0","0"
"0x71cecf772a70","      IMAD.WIDE.U32 R2, R200, 0x8, R2","0","0","0","0","0","0","0","0","32","0","-","-","-","0","0","0","0","0","0","0","0","0","0","0","0","0","0","0","0","0","0","0","0","0","0","0","0","0","0","0","0","0","0","0","0","0","0","0","0","0","0","0","0","0","0"
"0x71cecf772a80","      LDG.E.64 R2, [R2]","0","0","0","0","0","0","0","0","32","0","","","","0","0","0","0","0","0","0","0","0","0","0","0","0","0","0","0","0","0","0","0","0","0","0","0","0","0","0","0","0","0","0","0","0","0","0","0","0","0","0","0","0","0"
"0x71cecf772a90","      S2R R132, SR_TID.X","2","2","2","1764","56448","56448","32","32","0","0","-","-","-","0","0","0","0","0","0","0","0","0","0","0","0","0","0","0","0","0","0","2","0","0","0","0","0","0","0","0","0","0","0","0","0","0","0","0","2","0","0","0","0","0","0"
"0x71cecf772aa0","      LDCU.64 UR6, c[0x0][0x3f8]","0","0","0","1764","56448","56448","32","32","0","0","-","-","-","0","0","0","0","0","0","0","0","0","0","0","0","0","0","0","0","0","0","0","0","0","0","0","0","0","0","0","0","0","0","0","0","0","0","0","0","0","0","0","0","0","0"
"0x71cecf772ab0","      ISETP.NE.S64.AND P2, PT, R134, RZ, PT","0","0","0","1764","56448","56448","32","32","0","0","-","-","-","0","0","0","0","0","0","0","0","0","0","0","0","0","0","0","0","0","0","0","0","0","0","0","0","0","0","0","0","0","0","0","0","0","0","0","0","0","0","0","0","0","0"
"0x71cecf772ac0","      ISETP.NE.S64.AND P1, PT, R2, RZ, PT","0","0","0","1764","56448","56448","32","32","0","0","-","-","-","0","0","0","0","0","0","0","0","0","0","0","0","0","0","0","0","0","0","0","0","0","0","0","0","0","0","0","0","0","0","0","0","0","0","0","0","0","0","0","0","0","0"
"0x71cecf772ad0","      LDCU.64 UR4, c[0x0][0x438]","1","0","1","1764","56448","56448","32","32","0","0","-","-","-","0","0","0","0","0","0","0","0","0","0","0","0","0","0","0","0","0","0","0","0","1","0","0","0","0","0","0","0","0","0","0","0","0","0","0","0","0","0","0","0","0","0"
"0x71cecf772ae0","      LDCU UR8, c[0x0][0x384]","0","0","0","1764","56448","56448","32","32","0","0","-","-","-","0","0","0","0","0","0","0","0","0","0","0","0","0","0","0","0","0","0","0","0","0","0","0","0","0","0","0","0","0","0","0","0","0","0","0","0","0","0","0","0","0","0"
"0x71cecf772af0","      IMAD.SHL.U32 R137, R132, 0x4, RZ","2","2","2","1764","56448","56448","32","32","0","0","-","-","-","0","0","0","0","0","0","0","0","0","0","0","0","0","0","0","0","0","0","0","0","0","2","0","0","0","0","0","0","0","0","0","0","0","0","0","0","0","0","2","0","0","0"
"0x71cecf772b00","      SHF.R.U32.HI R136, RZ, 0x4, R132","1","0","1","1764","56448","56448","32","32","0","0","-","-","-","0","0","0","0","0","0","0","0","0","0","0","0","0","0","0","0","0","0","0","0","1","0","0","0","0","0","0","0","0","0","0","0","0","0","0","0","0","0","0","0","0","0"
"0x71cecf772b10","      LOP3.LUT R133, R132, 0x3c0, RZ, 0xc0, !PT","0","0","0","1764","56448","56448","32","32","0","0","-","-","-","0","0","0","0","0","0","0","0","0","0","0","0","0","0","0","0","0","0","0","0","0","0","0","0","0","0","0","0","0","0","0","0","0","0","0","0","0","0","0","0","0","0"
"0x71cecf772b20","      LOP3.LUT R137, R137, 0x3c, RZ, 0xc0, !PT","0","0","0","1764","56448","56448","32","32","0","0","-","-","-","0","0","0","0","0","0","0","0","0","0","0","0","0","0","0","0","0","0","0","0","0","0","0","0","0","0","0","0","0","0","0","0","0","0","0","0","0","0","0","0","0","0"
"0x71cecf772b30","      LOP3.LUT R133, R133, 0x1, R136, 0xf8, !PT","0","0","0","1764","56448","56448","32","32","0","0","-","-","-","0","0","0","0","0","0","0","0","0","0","0","0","0","0","0","0","0","0","0","0","0","0","0","0","0","0","0","0","0","0","0","0","0","0","0","0","0","0","0","0","0","0"
"0x71cecf772b40","      SHF.R.U32.HI R140, RZ, 0x3, R132","0","0","0","1764","56448","56448","32","32","0","0","-","-","-","0","0","0","0","0","0","0","0","0","0","0","0","0","0","0","0","0","0","0","0","0","0","0","0","0","0","0","0","0","0","0","0","0","0","0","0","0","0","0","0","0","0"
"0x71cecf772b50","      IMAD R138, R138, 0x80, R137","0","0","0","1764","56448","56448","32","32","0","0","-","-","-","0","0","0","0","0","0","0","0","0","0","0","0","0","0","0","0","0","0","0","0","0","0","0","0","0","0","0","0","0","0","0","0","0","0","0","0","0","0","0","0","0","0"
"0x71cecf772b60","      LOP3.LUT R164, R132, 0x3, RZ, 0xc0, !PT","0","0","0","1764","56448","56448","32","32","0","0","-","-","-","0","0","0","0","0","0","0","0","0","0","0","0","0","0","0","0","0","0","0","0","0","0","0","0","0","0","0","0","0","0","0","0","0","0","0","0","0","0","0","0","0","0"
"0x71cecf772b70","      LOP3.LUT R140, R133, 0x4, R140, 0xf8, !PT","0","0","0","1764","56448","56448","32","32","0","0","-","-","-","0","0","0","0","0","0","0","0","0","0","0","0","0","0","0","0","0","0","0","0","0","0","0","0","0","0","0","0","0","0","0","0","0","0","0","0","0","0","0","0","0","0"
"0x71cecf772b80","      IMAD.WIDE R136, R138, 0x4, RZ","0","0","0","1764","56448","56448","32","32","0","0","-","-","-","0","0","0","0","0","0","0","0","0","0","0","0","0","0","0","0","0","0","0","0","0","0","0","0","0","0","0","0","0","0","0","0","0","0","0","0","0","0","0","0","0","0"
"0x71cecf772b90","      LDC R133, c[0x0][0x394]","0","0","0","1764","56448","56448","32","32","0","0","-","-","-","0","0","0","0","0","0","0","0","0","0","0","0","0","0","0","0","0","0","0","0","0","0","0","0","0","0","0","0","0","0","0","0","0","0","0","0","0","0","0","0","0","0"
"0x71cecf772ba0","      ISETP.GE.AND P4, PT, R138, UR8, PT","0","0","0","1764","56448","56448","32","32","0","0","-","-","-","0","0","0","0","0","0","0","0","0","0","0","0","0","0","0","0","0","0","0","0","0","0","0","0","0","0","0","0","0","0","0","0","0","0","0","0","0","0","0","0","0","0"
"0x71cecf772bb0","      IMAD R165, R165, 0x80, R140","0","0","0","1764","56448","56448","32","32","0","0","-","-","-","0","0","0","0","0","0","0","0","0","0","0","0","0","0","0","0","0","0","0","0","0","0","0","0","0","0","0","0","0","0","0","0","0","0","0","0","0","0","0","0","0","0"
"0x71cecf772bc0","      LOP3.LUT R174, R136, 0xfffffef0, RZ, 0xc0, !PT","1","0","1","1764","56448","56448","32","32","0","0","-","-","-","0","0","0","0","0","0","0","0","0","0","1","0","0","0","0","0","0","0","0","0","0","0","0","0","0","0","0","0","0","0","0","0","0","0","0","0","0","0","0","0","0","0"
"0x71cecf772bd0","      LOP3.LUT R175, R137, 0x3fffffff, RZ, 0xc0, !PT","1","1","1","1764","56448","56448","32","32","0","0","-","-","-","0","0","0","0","0","0","0","0","0","0","0","0","0","0","0","0","0","0","0","0","0","0","0","0","1","0","0","0","0","0","0","0","0","0","0","0","0","0","0","0","0","1"
"0x71cecf772be0","      LOP3.LUT R136, R132, 0x1f, RZ, 0xc0, !PT","0","0","0","1764","56448","56448","32","32","0","0","-","-","-","0","0","0","0","0","0","0","0","0","0","0","0","0","0","0","0","0","0","0","0","0","0","0","0","0","0","0","0","0","0","0","0","0","0","0","0","0","0","0","0","0","0"
"0x71cecf772bf0","      IMAD.WIDE.U32 R172, R165, UR6, R174","0","0","0","1764","56448","56448","32","32","0","0","-","-","-","0","0","0","0","0","0","0","0","0","0","0","0","0","0","0","0","0","0","0","0","0","0","0","0","0","0","0","0","0","0","0","0","0","0","0","0","0","0","0","0","0","0"
"0x71cecf772c00","      S2UR UR6, SR_CgaCtaId","1","1","1","1764","56448","56448","32","32","0","0","-","-","-","0","0","0","0","0","0","0","0","0","0","0","0","0","0","0","0","0","0","1","0","0","0","0","0","0","0","0","0","0","0","0","0","0","0","0","1","0","0","0","0","0","0"
"0x71cecf772c10","      SHF.R.U32.HI R137, RZ, 0x2, R136","1","1","1","1764","56448","56448","32","32","0","0","-","-","-","0","0","0","0","0","0","0","0","0","0","0","0","0","0","0","0","0","0","0","0","0","0","0","0","1","0","0","0","0","0","0","0","0","0","0","0","0","0","0","0","0","1"
"0x71cecf772c20","      IMAD.WIDE.U32 R174, R165, UR4, R174","0","0","0","1764","56448","56448","32","32","0","0","-","-","-","0","0","0","0","0","0","0","0","0","0","0","0","0","0","0","0","0","0","0","0","0","0","0","0","0","0","0","0","0","0","0","0","0","0","0","0","0","0","0","0","0","0"
"0x71cecf772c30","      IADD3 R136, PT, PT, R138, 0x40, RZ","0","0","0","1764","56448","56448","32","32","0","0","-","-","-","0","0","0","0","0","0","0","0","0","0","0","0","0","0","0","0","0","0","0","0","0","0","0","0","0","0","0","0","0","0","0","0","0","0","0","0","0","0","0","0","0","0"
"0x71cecf772c40","      UMOV UR4, 0x400","0","0","0","1764","56448","56448","32","32","0","0","-","-","-","0","0","0","0","0","0","0","0","0","0","0","0","0","0","0","0","0","0","0","0","0","0","0","0","0","0","0","0","0","0","0","0","0","0","0","0","0","0","0","0","0","0"
"0x71cecf772c50","      IMAD R173, R165, UR7, R173","0","0","0","1764","56448","56448","32","32","0","0","-","-","-","0","0","0","0","0","0","0","0","0","0","0","0","0","0","0","0","0","0","0","0","0","0","0","0","0","0","0","0","0","0","0","0","0","0","0","0","0","0","0","0","0","0"
"0x71cecf772c60","      ULEA UR7, UR15, UR14, 0x1","0","0","0","1764","56448","56448","32","32","0","0","-","-","-","0","0","0","0","0","0","0","0","0","0","0","0","0","0","0","0","0","0","0","0","0","0","0","0","0","0","0","0","0","0","0","0","0","0","0","0","0","0","0","0","0","0"
"0x71cecf772c70","      IMAD R175, R165, UR5, R175","1","0","1","1764","56448","56448","32","32","0","0","-","-","-","0","0","0","0","0","0","0","0","0","0","0","0","0","0","0","0","0","0","0","0","1","0","0","0","0","0","0","0","0","0","0","0","0","0","0","0","0","0","0","0","0","0"
"0x71cecf772c80","      USHF.L.U32 UR5, UR13, 0x5, URZ","0","0","0","1764","56448","56448","32","32","0","0","-","-","-","0","0","0","0","0","0","0","0","0","0","0","0","0","0","0","0","0","0","0","0","0","0","0","0","0","0","0","0","0","0","0","0","0","0","0","0","0","0","0","0","0","0"
"0x71cecf772c90","      IMAD R164, R137, 0x44, R164","0","0","0","1764","56448","56448","32","32","0","0","-","-","-","0","0","0","0","0","0","0","0","0","0","0","0","0","0","0","0","0","0","0","0","0","0","0","0","0","0","0","0","0","0","0","0","0","0","0","0","0","0","0","0","0","0"
"0x71cecf772ca0","      ISETP.GE.AND P0, PT, R133, 0x2, PT","0","0","0","1764","56448","56448","32","32","0","0","-","-","-","0","0","0","0","0","0","0","0","0","0","0","0","0","0","0","0","0","0","0","0","0","0","0","0","0","0","0","0","0","0","0","0","0","0","0","0","0","0","0","0","0","0"
"0x71cecf772cb0","      USHF.L.U32 UR7, UR7, 0x3, URZ","0","0","0","1764","56448","56448","32","32","0","0","-","-","-","0","0","0","0","0","0","0","0","0","0","0","0","0","0","0","0","0","0","0","0","0","0","0","0","0","0","0","0","0","0","0","0","0","0","0","0","0","0","0","0","0","0"
"0x71cecf772cc0","      ISETP.GE.AND P3, PT, R136, UR8, PT","0","0","0","1764","56448","56448","32","32","0","0","-","-","-","0","0","0","0","0","0","0","0","0","0","0","0","0","0","0","0","0","0","0","0","0","0","0","0","0","0","0","0","0","0","0","0","0","0","0","0","0","0","0","0","0","0"
"0x71cecf772cd0","      IADD.64 R172, R134, R172","0","0","0","1764","56448","56448","32","32","0","0","-","-","-","0","0","0","0","0","0","0","0","0","0","0","0","0","0","0","0","0","0","0","0","0","0","0","0","0","0","0","0","0","0","0","0","0","0","0","0","0","0","0","0","0","0"
"0x71cecf772ce0","      ISETP.NE.OR P0, PT, R139, RZ, !P0","0","0","0","1764","56448","56448","32","32","0","0","-","-","-","0","0","0","0","0","0","0","0","0","0","0","0","0","0","0","0","0","0","0","0","0","0","0","0","0","0","0","0","0","0","0","0","0","0","0","0","0","0","0","0","0","0"
"0x71cecf772cf0","      UIMAD UR5, UR7, 0x44, UR5","0","0","0","1764","56448","56448","32","32","0","0","-","-","-","0","0","0","0","0","0","0","0","0","0","0","0","0","0","0","0","0","0","0","0","0","0","0","0","0","0","0","0","0","0","0","0","0","0","0","0","0","0","0","0","0","0"
"0x71cecf772d00","      SEL R134, RZ, 0x1, P4","1","1","1","1764","56448","56448","32","32","0","0","-","-","-","0","0","0","0","0","0","0","0","0","0","0","0","0","0","0","0","0","0","1","0","0","0","0","0","0","0","0","0","0","0","0","0","0","0","0","1","0","0","0","0","0","0"
"0x71cecf772d10","      SEL R133, RZ, 0x1, P3","0","0","0","1764","56448","56448","32","32","0","0","-","-","-","0","0","0","0","0","0","0","0","0","0","0","0","0","0","0","0","0","0","0","0","0","0","0","0","0","0","0","0","0","0","0","0","0","0","0","0","0","0","0","0","0","0"
"0x71cecf772d20","      LDCU.64 UR14, c[0x0][0x400]","0","0","0","1764","56448","56448","32","32","0","0","-","-","-","0","0","0","0","0","0","0","0","0","0","0","0","0","0","0","0","0","0","0","0","0","0","0","0","0","0","0","0","0","0","0","0","0","0","0","0","0","0","0","0","0","0"
"0x71cecf772d30","      IADD.64 R174, R2, R174","0","0","0","1764","56448","56448","32","32","0","0","-","-","-","0","0","0","0","0","0","0","0","0","0","0","0","0","0","0","0","0","0","0","0","0","0","0","0","0","0","0","0","0","0","0","0","0","0","0","0","0","0","0","0","0","0"
"0x71cecf772d40","      IADD3 R164, PT, PT, R164, UR5, RZ","0","0","0","1764","56448","56448","32","32","0","0","-","-","-","0","0","0","0","0","0","0","0","0","0","0","0","0","0","0","0","0","0","0","0","0","0","0","0","0","0","0","0","0","0","0","0","0","0","0","0","0","0","0","0","0","0"
"0x71cecf772d50","      ULEA UR4, UR6, UR4, 0x18","2","2","2","1764","56448","56448","32","32","0","0","-","-","-","0","0","0","0","0","0","0","0","0","0","0","0","0","0","0","0","0","0","0","0","0","2","0","0","0","0","0","0","0","0","0","0","0","0","0","0","0","0","2","0","0","0"
"0x71cecf772d60","      LDCU.64 UR8, c[0x0][0x418]","1","0","1","1764","56448","56448","32","32","0","0","-","-","-","0","0","0","0","0","0","0","0","0","0","0","0","0","0","0","0","0","0","0","0","1","0","0","0","0","0","0","0","0","0","0","0","0","0","0","0","0","0","0","0","0","0"
"0x71cecf772d70","      SEL R135, R134, RZ, P2","0","0","0","1764","56448","56448","32","32","0","0","-","-","-","0","0","0","0","0","0","0","0","0","0","0","0","0","0","0","0","0","0","0","0","0","0","0","0","0","0","0","0","0","0","0","0","0","0","0","0","0","0","0","0","0","0"
"0x71cecf772d80","      SEL R136, R133, RZ, P2","0","0","0","1764","56448","56448","32","32","0","0","-","-","-","0","0","0","0","0","0","0","0","0","0","0","0","0","0","0","0","0","0","0","0","0","0","0","0","0","0","0","0","0","0","0","0","0","0","0","0","0","0","0","0","0","0"
"0x71cecf772d90","      SEL R2, R134, RZ, P1","0","0","0","1764","56448","56448","32","32","0","0","-","-","-","0","0","0","0","0","0","0","0","0","0","0","0","0","0","0","0","0","0","0","0","0","0","0","0","0","0","0","0","0","0","0","0","0","0","0","0","0","0","0","0","0","0"
"0x71cecf772da0","      SEL R3, R133, RZ, P1","0","0","0","1764","56448","56448","32","32","0","0","-","-","-","0","0","0","0","0","0","0","0","0","0","0","0","0","0","0","0","0","0","0","0","0","0","0","0","0","0","0","0","0","0","0","0","0","0","0","0","0","0","0","0","0","0"
"0x71cecf772db0","      LEA R164, R164, UR4, 0x3","0","0","0","1764","56448","56448","32","32","0","0","-","-","-","0","0","0","0","0","0","0","0","0","0","0","0","0","0","0","0","0","0","0","0","0","0","0","0","0","0","0","0","0","0","0","0","0","0","0","0","0","0","0","0","0","0"
"0x71cecf772dc0","@P0   BRA 0x71cecf772fb0","0","0","0","1764","56448","56448","32","32","0","0","-","-","-","0","0","0","0","0","0","0","0","0","0","0","0","0","0","0","0","0","0","0","0","0","0","0","0","0","0","0","0","0","0","0","0","0","0","0","0","0","0","0","0","0","0"
"0x71cecf772dd0","      S2UR UR5, SR_CTAID.Z","0","0","0","0","0","0","0","0","32","0","-","-","-","0","0","0","0","0","0","0","0","0","0","0","0","0","0","0","0","0","0","0","0","0","0","0","0","0","0","0","0","0","0","0","0","0","0","0","0","0","0","0","0","0","0"
"0x71cecf772de0","      ISETP.NE.AND P0, PT, R0, UR5, PT","0","0","0","0","0","0","0","0","32","0","-","-","-","0","0","0","0","0","0","0","0","0","0","0","0","0","0","0","0","0","0","0","0","0","0","0","0","0","0","0","0","0","0","0","0","0","0","0","0","0","0","0","0","0","0"
"0x71cecf772df0","      BAR.RED.AND.DEFER_BLOCKING 0x0, P0","0","0","0","0","0","0","0","0","32","0","-","-","-","0","0","0","0","0","0","0","0","0","0","0","0","0","0","0","0","0","0","0","0","0","0","0","0","0","0","0","0","0","0","0","0","0","0","0","0","0","0","0","0","0","0"
"0x71cecf772e00","      B2R.RESULT RZ, P0","0","0","0","0","0","0","0","0","32","0","-","-","-","0","0","0","0","0","0","0","0","0","0","0","0","0","0","0","0","0","0","0","0","0","0","0","0","0","0","0","0","0","0","0","0","0","0","0","0","0","0","0","0","0","0"
"0x71cecf772e10","@!P0  BRA 0x71cecf772ed0","0","0","0","0","0","0","0","0","32","0","-","-","-","0","0","0","0","0","0","0","0","0","0","0","0","0","0","0","0","0","0","0","0","0","0","0","0","0","0","0","0","0","0","0","0","0","0","0","0","0","0","0","0","0","0"
"0x71cecf772e20","      ISETP.NE.AND P1, PT, R132, RZ, PT","0","0","0","0","0","0","0","0","32","0","-","-","-","0","0","0","0","0","0","0","0","0","0","0","0","0","0","0","0","0","0","0","0","0","0","0","0","0","0","0","0","0","0","0","0","0","0","0","0","0","0","0","0","0","0"
"0x71cecf772e30","      YIELD","0","0","0","0","0","0","0","0","32","0","-","-","-","0","0","0","0","0","0","0","0","0","0","0","0","0","0","0","0","0","0","0","0","0","0","0","0","0","0","0","0","0","0","0","0","0","0","0","0","0","0","0","0","0","0"
"0x71cecf772e40","@P1   BRA 0x71cecf772e70","0","0","0","0","0","0","0","0","32","0","-","-","-","0","0","0","0","0","0","0","0","0","0","0","0","0","0","0","0","0","0","0","0","0","0","0","0","0","0","0","0","0","0","0","0","0","0","0","0","0","0","0","0","0","0"
"0x71cecf772e50","      LDG.E.STRONG.GPU R0, [R168]","0","0","0","0","0","0","0","0","32","0","","","","0","0","0","0","0","0","0","0","0","0","0","0","0","0","0","0","0","0","0","0","0","0","0","0","0","0","0","0","0","0","0","0","0","0","0","0","0","0","0","0","0","0"
"0x71cecf772e60","      CCTL.IVALL","0","0","0","0","0","0","0","0","32","0","-","-","-","0","0","0","0","0","0","0","0","0","0","0","0","0","0","0","0","0","0","0","0","0","0","0","0","0","0","0","0","0","0","0","0","0","0","0","0","0","0","0","0","0","0"
"0x71cecf772e70","      ISETP.NE.AND P0, PT, R0, UR5, PT","0","0","0","0","0","0","0","0","32","0","-","-","-","0","0","0","0","0","0","0","0","0","0","0","0","0","0","0","0","0","0","0","0","0","0","0","0","0","0","0","0","0","0","0","0","0","0","0","0","0","0","0","0","0","0"
"0x71cecf772e80","      WARPSYNC.ALL","0","0","0","0","0","0","0","0","32","0","-","-","-","0","0","0","0","0","0","0","0","0","0","0","0","0","0","0","0","0","0","0","0","0","0","0","0","0","0","0","0","0","0","0","0","0","0","0","0","0","0","0","0","0","0"
"0x71cecf772e90","      NOP","0","0","0","0","0","0","0","0","32","0","-","-","-","0","0","0","0","0","0","0","0","0","0","0","0","0","0","0","0","0","0","0","0","0","0","0","0","0","0","0","0","0","0","0","0","0","0","0","0","0","0","0","0","0","0"
"0x71cecf772ea0","      BAR.RED.AND.DEFER_BLOCKING 0x0, P0","0","0","0","0","0","0","0","0","32","0","-","-","-","0","0","0","0","0","0","0","0","0","0","0","0","0","0","0","0","0","0","0","0","0","0","0","0","0","0","0","0","0","0","0","0","0","0","0","0","0","0","0","0","0","0"
"0x71cecf772eb0","      B2R.RESULT RZ, P0","0","0","0","0","0","0","0","0","32","0","-","-","-","0","0","0","0","0","0","0","0","0","0","0","0","0","0","0","0","0","0","0","0","0","0","0","0","0","0","0","0","0","0","0","0","0","0","0","0","0","0","0","0","0","0"
"0x71cecf772ec0","@P0   BRA 0x71cecf772e30","0","0","0","0","0","0","0","0","32","0","-","-","-","0","0","0","0","0","0","0","0","0","0","0","0","0","0","0","0","0","0","0","0","0","0","0","0","0","0","0","0","0","0","0","0","0","0","0","0","0","0","0","0","0","0"
"0x71cecf772ed0","      S2UR UR4, SR_CTAID.Z","0","0","0","0","0","0","0","0","32","0","-","-","-","0","0","0","0","0","0","0","0","0","0","0","0","0","0","0","0","0","0","0","0","0","0","0","0","0","0","0","0","0","0","0","0","0","0","0","0","0","0","0","0","0","0"
"0x71cecf772ee0","      MOV R200, UR4","0","0","0","0","0","0","0","0","32","0","-","-","-","0","0","0","0","0","0","0","0","0","0","0","0","0","0","0","0","0","0","0","0","0","0","0","0","0","0","0","0","0","0","0","0","0","0","0","0","0","0","0","0","0","0"
"0x71cecf772ef0","      WARPSYNC.ALL","0","0","0","0","0","0","0","0","32","0","-","-","-","0","0","0","0","0","0","0","0","0","0","0","0","0","0","0","0","0","0","0","0","0","0","0","0","0","0","0","0","0","0","0","0","0","0","0","0","0","0","0","0","0","0"
"0x71cecf772f00","      NOP","0","0","0","0","0","0","0","0","32","0","-","-","-","0","0","0","0","0","0","0","0","0","0","0","0","0","0","0","0","0","0","0","0","0","0","0","0","0","0","0","0","0","0","0","0","0","0","0","0","0","0","0","0","0","0"
"0x71cecf772f10","      ISETP.NE.AND P0, PT, R200, RZ, PT","0","0","0","0","0","0","0","0","32","0","-","-","-","0","0","0","0","0","0","0","0","0","0","0","0","0","0","0","0","0","0","0","0","0","0","0","0","0","0","0","0","0","0","0","0","0","0","0","0","0","0","0","0","0","0"
"0x71cecf772f20","      BAR.SYNC.DEFER_BLOCKING 0x0","0","0","0","0","0","0","0","0","32","0","-","-","-","0","0","0","0","0","0","0","0","0","0","0","0","0","0","0","0","0","0","0","0","0","0","0","0","0","0","0","0","0","0","0","0","0","0","0","0","0","0","0","0","0","0"
"0x71cecf772f30","      SEL.64 R172, R172, R174, !P0","0","0","0","0","0","0","0","0","32","0","-","-","-","0","0","0","0","0","0","0","0","0","0","0","0","0","0","0","0","0","0","0","0","0","0","0","0","0","0","0","0","0","0","0","0","0","0","0","0","0","0","0","0","0","0"
"0x71cecf772f40","      SEL R135, R135, R2, !P0","0","0","0","0","0","0","0","0","32","0","-","-","-","0","0","0","0","0","0","0","0","0","0","0","0","0","0","0","0","0","0","0","0","0","0","0","0","0","0","0","0","0","0","0","0","0","0","0","0","0","0","0","0","0","0"
"0x71cecf772f50","      SEL R136, R136, R3, !P0","0","0","0","0","0","0","0","0","32","0","-","-","-","0","0","0","0","0","0","0","0","0","0","0","0","0","0","0","0","0","0","0","0","0","0","0","0","0","0","0","0","0","0","0","0","0","0","0","0","0","0","0","0","0","0"
"0x71cecf772f60","      VOTEU.ANY UP0, P0","0","0","0","0","0","0","0","0","32","0","-","-","-","0","0","0","0","0","0","0","0","0","0","0","0","0","0","0","0","0","0","0","0","0","0","0","0","0","0","0","0","0","0","0","0","0","0","0","0","0","0","0","0","0","0"
"0x71cecf772f70","      LDCU.64 UR14, c[0x0][0x400]","0","0","0","0","0","0","0","0","32","0","-","-","-","0","0","0","0","0","0","0","0","0","0","0","0","0","0","0","0","0","0","0","0","0","0","0","0","0","0","0","0","0","0","0","0","0","0","0","0","0","0","0","0","0","0"
"0x71cecf772f80","      LDCU.64 UR8, c[0x0][0x418]","0","0","0","0","0","0","0","0","32","0","-","-","-","0","0","0","0","0","0","0","0","0","0","0","0","0","0","0","0","0","0","0","0","0","0","0","0","0","0","0","0","0","0","0","0","0","0","0","0","0","0","0","0","0","0"
"0x71cecf772f90","@UP0  LDCU.64 UR14, c[0x0][0x440]","0","0","0","0","0","0","0","0","32","0","-","-","-","0","0","0","0","0","0","0","0","0","0","0","0","0","0","0","0","0","0","0","0","0","0","0","0","0","0","0","0","0","0","0","0","0","0","0","0","0","0","0","0","0","0"
"0x71cecf772fa0","@UP0  LDCU.64 UR8, c[0x0][0x458]","0","0","0","0","0","0","0","0","32","0","-","-","-","0","0","0","0","0","0","0","0","0","0","0","0","0","0","0","0","0","0","0","0","0","0","0","0","0","0","0","0","0","0","0","0","0","0","0","0","0","0","0","0","0","0"
"0x71cecf772fb0","      FSETP.NEU.AND P0, PT, R171, RZ, PT","1","1","1","1764","56448","56448","32","32","0","0","-","-","-","0","0","0","0","0","0","0","0","0","0","0","0","0","0","0","0","0","0","1","0","0","0","0","0","0","0","0","0","0","0","0","0","0","0","0","1","0","0","0","0","0","0"
"0x71cecf772fc0","      BSSY.RECONVERGENT B0, 0x71cecf777f00","0","0","0","1764","56448","56448","32","32","0","0","-","-","-","0","0","0","0","0","0","0","0","0","0","0","0","0","0","0","0","0","0","0","0","0","0","0","0","0","0","0","0","0","0","0","0","0","0","0","0","0","0","0","0","0","0"
"0x71cecf772fd0","@!P0  BRA 0x71cecf775e90","1","1","1","1764","56448","56448","32","32","0","0","-","-","-","0","0","0","0","0","0","0","0","0","0","0","0","0","0","0","0","0","0","0","0","0","0","0","0","1","0","0","0","0","0","0","0","0","0","0","0","0","0","0","0","0","1"
"0x71cecf772fe0","      LDCU UR5, c[0x0][0x380]","0","0","0","0","0","0","0","0","32","0","-","-","-","0","0","0","0","0","0","0","0","0","0","0","0","0","0","0","0","0","0","0","0","0","0","0","0","0","0","0","0","0","0","0","0","0","0","0","0","0","0","0","0","0","0"
"0x71cecf772ff0","      PRMT R135, R135, 0x9910, RZ","0","0","0","0","0","0","0","0","32","0","-","-","-","0","0","0","0","0","0","0","0","0","0","0","0","0","0","0","0","0","0","0","0","0","0","0","0","0","0","0","0","0","0","0","0","0","0","0","0","0","0","0","0","0","0"
"0x71cecf773000","      CS2R R144, SRZ","0","0","0","0","0","0","0","0","32","0","-","-","-","0","0","0","0","0","0","0","0","0","0","0","0","0","0","0","0","0","0","0","0","0","0","0","0","0","0","0","0","0","0","0","0","0","0","0","0","0","0","0","0","0","0"
"0x71cecf773010","      PRMT R0, R136, 0x9910, RZ","0","0","0","0","0","0","0","0","32","0","-","-","-","0","0","0","0","0","0","0","0","0","0","0","0","0","0","0","0","0","0","0","0","0","0","0","0","0","0","0","0","0","0","0","0","0","0","0","0","0","0","0","0","0","0"
"0x71cecf773020","      CS2R R146, SRZ","0","0","0","0","0","0","0","0","32","0","-","-","-","0","0","0","0","0","0","0","0","0","0","0","0","0","0","0","0","0","0","0","0","0","0","0","0","0","0","0","0","0","0","0","0","0","0","0","0","0","0","0","0","0","0"
"0x71cecf773030","      IADD3 R176, PT, PT, R165, 0x2, RZ","0","0","0","0","0","0","0","0","32","0","-","-","-","0","0","0","0","0","0","0","0","0","0","0","0","0","0","0","0","0","0","0","0","0","0","0","0","0","0","0","0","0","0","0","0","0","0","0","0","0","0","0","0","0","0"
"0x71cecf773040","      ISETP.NE.AND P1, PT, R135, RZ, PT","0","0","0","0","0","0","0","0","32","0","-","-","-","0","0","0","0","0","0","0","0","0","0","0","0","0","0","0","0","0","0","0","0","0","0","0","0","0","0","0","0","0","0","0","0","0","0","0","0","0","0","0","0","0","0"
"0x71cecf773050","      CS2R R140, SRZ","0","0","0","0","0","0","0","0","32","0","-","-","-","0","0","0","0","0","0","0","0","0","0","0","0","0","0","0","0","0","0","0","0","0","0","0","0","0","0","0","0","0","0","0","0","0","0","0","0","0","0","0","0","0","0"
"0x71cecf773060","      ISETP.NE.AND P0, PT, R0, RZ, PT","0","0","0","0","0","0","0","0","32","0","-","-","-","0","0","0","0","0","0","0","0","0","0","0","0","0","0","0","0","0","0","0","0","0","0","0","0","0","0","0","0","0","0","0","0","0","0","0","0","0","0","0","0","0","0"
"0x71cecf773070","      CS2R R142, SRZ","0","0","0","0","0","0","0","0","32","0","-","-","-","0","0","0","0","0","0","0","0","0","0","0","0","0","0","0","0","0","0","0","0","0","0","0","0","0","0","0","0","0","0","0","0","0","0","0","0","0","0","0","0","0","0"
"0x71cecf773080","      CS2R R138, SRZ","0","0","0","0","0","0","0","0","32","0","-","-","-","0","0","0","0","0","0","0","0","0","0","0","0","0","0","0","0","0","0","0","0","0","0","0","0","0","0","0","0","0","0","0","0","0","0","0","0","0","0","0","0","0","0"
"0x71cecf773090","      CS2R R132, SRZ","0","0","0","0","0","0","0","0","32","0","-","-","-","0","0","0","0","0","0","0","0","0","0","0","0","0","0","0","0","0","0","0","0","0","0","0","0","0","0","0","0","0","0","0","0","0","0","0","0","0","0","0","0","0","0"
"0x71cecf7730a0","      S2UR UR4, SR_CgaCtaId","0","0","0","0","0","0","0","0","32","0","-","-","-","0","0","0","0","0","0","0","0","0","0","0","0","0","0","0","0","0","0","0","0","0","0","0","0","0","0","0","0","0","0","0","0","0","0","0","0","0","0","0","0","0","0"
"0x71cecf7730b0","      UMOV UR6, 0x400","0","0","0","0","0","0","0","0","32","0","-","-","-","0","0","0","0","0","0","0","0","0","0","0","0","0","0","0","0","0","0","0","0","0","0","0","0","0","0","0","0","0","0","0","0","0","0","0","0","0","0","0","0","0","0"
"0x71cecf7730c0","      LDCU.64 UR12, c[0x0][0x440]","0","0","0","0","0","0","0","0","32","0","-","-","-","0","0","0","0","0","0","0","0","0","0","0","0","0","0","0","0","0","0","0","0","0","0","0","0","0","0","0","0","0","0","0","0","0","0","0","0","0","0","0","0","0","0"
"0x71cecf7730d0","      ISETP.LT.AND P2, PT, R165, UR5, P1","0","0","0","0","0","0","0","0","32","0","-","-","-","0","0","0","0","0","0","0","0","0","0","0","0","0","0","0","0","0","0","0","0","0","0","0","0","0","0","0","0","0","0","0","0","0","0","0","0","0","0","0","0","0","0"
"0x71cecf7730e0","      ISETP.LT.AND P3, PT, R176, UR5, P1","0","0","0","0","0","0","0","0","32","0","-","-","-","0","0","0","0","0","0","0","0","0","0","0","0","0","0","0","0","0","0","0","0","0","0","0","0","0","0","0","0","0","0","0","0","0","0","0","0","0","0","0","0","0","0"
"0x71cecf7730f0","      LDCU.64 UR10, c[0x0][0x458]","0","0","0","0","0","0","0","0","32","0","-","-","-","0","0","0","0","0","0","0","0","0","0","0","0","0","0","0","0","0","0","0","0","0","0","0","0","0","0","0","0","0","0","0","0","0","0","0","0","0","0","0","0","0","0"
"0x71cecf773100","@P2   LDG.E.LTC128B.128 R144, [R172]","0","0","0","0","0","0","0","0","32","0","","","","0","0","0","0","0","0","0","0","0","0","0","0","0","0","0","0","0","0","0","0","0","0","0","0","0","0","0","0","0","0","0","0","0","0","0","0","0","0","0","0","0","0"
"0x71cecf773110","      ISETP.LT.AND P2, PT, R165, UR5, P0","0","0","0","0","0","0","0","0","32","0","-","-","-","0","0","0","0","0","0","0","0","0","0","0","0","0","0","0","0","0","0","0","0","0","0","0","0","0","0","0","0","0","0","0","0","0","0","0","0","0","0","0","0","0","0"
"0x71cecf773120","      CS2R R136, SRZ","0","0","0","0","0","0","0","0","32","0","-","-","-","0","0","0","0","0","0","0","0","0","0","0","0","0","0","0","0","0","0","0","0","0","0","0","0","0","0","0","0","0","0","0","0","0","0","0","0","0","0","0","0","0","0"
"0x71cecf773130","      CS2R R134, SRZ","0","0","0","0","0","0","0","0","32","0","-","-","-","0","0","0","0","0","0","0","0","0","0","0","0","0","0","0","0","0","0","0","0","0","0","0","0","0","0","0","0","0","0","0","0","0","0","0","0","0","0","0","0","0","0"
"0x71cecf773140","@P3   LDG.E.LTC128B.128 R136, [R172.64+UR14]","0","0","0","0","0","0","0","0","32","0","","","","0","0","0","0","0","0","0","0","0","0","0","0","0","0","0","0","0","0","0","0","0","0","0","0","0","0","0","0","0","0","0","0","0","0","0","0","0","0","0","0","0","0"
"0x71cecf773150","@P2   LDG.E.LTC128B.128 R140, [R172+0x100]","0","0","0","0","0","0","0","0","32","0","","","","0","0","0","0","0","0","0","0","0","0","0","0","0","0","0","0","0","0","0","0","0","0","0","0","0","0","0","0","0","0","0","0","0","0","0","0","0","0","0","0","0","0"
"0x71cecf773160","      ISETP.LT.AND P2, PT, R176, UR5, P0","0","0","0","0","0","0","0","0","32","0","-","-","-","0","0","0","0","0","0","0","0","0","0","0","0","0","0","0","0","0","0","0","0","0","0","0","0","0","0","0","0","0","0","0","0","0","0","0","0","0","0","0","0","0","0"
"0x71cecf773170","@P2   LDG.E.LTC128B.128 R132, [R172.64+UR14+0x100]","0","0","0","0","0","0","0","0","32","0","","","","0","0","0","0","0","0","0","0","0","0","0","0","0","0","0","0","0","0","0","0","0","0","0","0","0","0","0","0","0","0","0","0","0","0","0","0","0","0","0","0","0","0"
"0x71cecf773180","      S2R R0, SR_TID.X","0","0","0","0","0","0","0","0","32","0","-","-","-","0","0","0","0","0","0","0","0","0","0","0","0","0","0","0","0","0","0","0","0","0","0","0","0","0","0","0","0","0","0","0","0","0","0","0","0","0","0","0","0","0","0"
"0x71cecf773190","      BAR.SYNC.DEFER_BLOCKING 0x0","0","0","0","0","0","0","0","0","32","0","-","-","-","0","0","0","0","0","0","0","0","0","0","0","0","0","0","0","0","0","0","0","0","0","0","0","0","0","0","0","0","0","0","0","0","0","0","0","0","0","0","0","0","0","0"
"0x71cecf7731a0","      ULEA UR4, UR4, UR6, 0x18","0","0","0","0","0","0","0","0","32","0","-","-","-","0","0","0","0","0","0","0","0","0","0","0","0","0","0","0","0","0","0","0","0","0","0","0","0","0","0","0","0","0","0","0","0","0","0","0","0","0","0","0","0","0","0"
"0x71cecf7731b0","      STS.64 [R164], R4","0","0","0","0","0","0","0","0","32","0","","","","0","0","0","0","0","0","0","0","0","0","0","0","0","0","0","0","0","0","0","0","0","0","0","0","0","0","0","0","0","0","0","0","0","0","0","0","0","0","0","0","0","0"
"0x71cecf7731c0","      SHF.R.U32.HI R149, RZ, 0x4, R0","0","0","0","0","0","0","0","0","32","0","-","-","-","0","0","0","0","0","0","0","0","0","0","0","0","0","0","0","0","0","0","0","0","0","0","0","0","0","0","0","0","0","0","0","0","0","0","0","0","0","0","0","0","0","0"
"0x71cecf7731d0","      STS.64 [R164+0x20], R8","0","0","0","0","0","0","0","0","32","0","","","","0","0","0","0","0","0","0","0","0","0","0","0","0","0","0","0","0","0","0","0","0","0","0","0","0","0","0","0","0","0","0","0","0","0","0","0","0","0","0","0","0","0"
"0x71cecf7731e0","      SHF.R.U32.HI R148, RZ, 0x3, R0","0","0","0","0","0","0","0","0","32","0","-","-","-","0","0","0","0","0","0","0","0","0","0","0","0","0","0","0","0","0","0","0","0","0","0","0","0","0","0","0","0","0","0","0","0","0","0","0","0","0","0","0","0","0","0"
"0x71cecf7731f0","      STS.64 [R164+0x40], R12","0","0","0","0","0","0","0","0","32","0","","","","0","0","0","0","0","0","0","0","0","0","0","0","0","0","0","0","0","0","0","0","0","0","0","0","0","0","0","0","0","0","0","0","0","0","0","0","0","0","0","0","0","0"
"0x71cecf773200","      LOP3.LUT R149, R149, 0x1, RZ, 0xc0, !PT","0","0","0","0","0","0","0","0","32","0","-","-","-","0","0","0","0","0","0","0","0","0","0","0","0","0","0","0","0","0","0","0","0","0","0","0","0","0","0","0","0","0","0","0","0","0","0","0","0","0","0","0","0","0","0"
"0x71cecf773210","      STS.64 [R164+0x60], R16","0","0","0","0","0","0","0","0","32","0","","","","0","0","0","0","0","0","0","0","0","0","0","0","0","0","0","0","0","0","0","0","0","0","0","0","0","0","0","0","0","0","0","0","0","0","0","0","0","0","0","0","0","0"
"0x71cecf773220","      STS.64 [R164+0x80], R20","0","0","0","0","0","0","0","0","32","0","","","","0","0","0","0","0","0","0","0","0","0","0","0","0","0","0","0","0","0","0","0","0","0","0","0","0","0","0","0","0","0","0","0","0","0","0","0","0","0","0","0","0","0"
"0x71cecf773230","      STS.64 [R164+0xa0], R24","0","0","0","0","0","0","0","0","32","0","","","","0","0","0","0","0","0","0","0","0","0","0","0","0","0","0","0","0","0","0","0","0","0","0","0","0","0","0","0","0","0","0","0","0","0","0","0","0","0","0","0","0","0"
"0x71cecf773240","      STS.64 [R164+0xc0], R28","0","0","0","0","0","0","0","0","32","0","","","","0","0","0","0","0","0","0","0","0","0","0","0","0","0","0","0","0","0","0","0","0","0","0","0","0","0","0","0","0","0","0","0","0","0","0","0","0","0","0","0","0","0"
"0x71cecf773250","      STS.64 [R164+0xe0], R32","0","0","0","0","0","0","0","0","32","0","","","","0","0","0","0","0","0","0","0","0","0","0","0","0","0","0","0","0","0","0","0","0","0","0","0","0","0","0","0","0","0","0","0","0","0","0","0","0","0","0","0","0","0"
"0x71cecf773260","      LOP3.LUT R149, R149, 0x70, R148, 0xf8, !PT","0","0","0","0","0","0","0","0","32","0","-","-","-","0","0","0","0","0","0","0","0","0","0","0","0","0","0","0","0","0","0","0","0","0","0","0","0","0","0","0","0","0","0","0","0","0","0","0","0","0","0","0","0","0","0"
"0x71cecf773270","      IMAD.SHL.U32 R150, R0, 0x10, RZ","0","0","0","0","0","0","0","0","32","0","-","-","-","0","0","0","0","0","0","0","0","0","0","0","0","0","0","0","0","0","0","0","0","0","0","0","0","0","0","0","0","0","0","0","0","0","0","0","0","0","0","0","0","0","0"
"0x71cecf773280","      LOP3.LUT R149, R149, 0x8, R148, 0xf8, !PT","0","0","0","0","0","0","0","0","32","0","-","-","-","0","0","0","0","0","0","0","0","0","0","0","0","0","0","0","0","0","0","0","0","0","0","0","0","0","0","0","0","0","0","0","0","0","0","0","0","0","0","0","0","0","0"
"0x71cecf773290","      LOP3.LUT R150, R150, 0xf0, RZ, 0xc0, !PT","0","0","0","0","0","0","0","0","32","0","-","-","-","0","0","0","0","0","0","0","0","0","0","0","0","0","0","0","0","0","0","0","0","0","0","0","0","0","0","0","0","0","0","0","0","0","0","0","0","0","0","0","0","0","0"
"0x71cecf7732a0","      LOP3.LUT R149, R149, 0x4, R148, 0xf8, !PT","0","0","0","0","0","0","0","0","32","0","-","-","-","0","0","0","0","0","0","0","0","0","0","0","0","0","0","0","0","0","0","0","0","0","0","0","0","0","0","0","0","0","0","0","0","0","0","0","0","0","0","0","0","0","0"
"0x71cecf7732b0","      IMAD R170, R149, 0x220, R150","0","0","0","0","0","0","0","0","32","0","-","-","-","0","0","0","0","0","0","0","0","0","0","0","0","0","0","0","0","0","0","0","0","0","0","0","0","0","0","0","0","0","0","0","0","0","0","0","0","0","0","0","0","0","0"
"0x71cecf7732c0","      BAR.SYNC.DEFER_BLOCKING 0x0","0","0","0","0","0","0","0","0","32","0","-","-","-","0","0","0","0","0","0","0","0","0","0","0","0","0","0","0","0","0","0","0","0","0","0","0","0","0","0","0","0","0","0","0","0","0","0","0","0","0","0","0","0","0","0"
"0x71cecf7732d0","      LDS.128 R148, [R170+UR4]","0","0","0","0","0","0","0","0","32","0","","","","0","0","0","0","0","0","0","0","0","0","0","0","0","0","0","0","0","0","0","0","0","0","0","0","0","0","0","0","0","0","0","0","0","0","0","0","0","0","0","0","0","0"
"0x71cecf7732e0","      LDS.128 R160, [R170+UR4+0x100]","0","0","0","0","0","0","0","0","32","0","","","","0","0","0","0","0","0","0","0","0","0","0","0","0","0","0","0","0","0","0","0","0","0","0","0","0","0","0","0","0","0","0","0","0","0","0","0","0","0","0","0","0","0"
"0x71cecf7732f0","      LDS.128 R156, [R170+UR4+0x440]","0","0","0","0","0","0","0","0","32","0","","","","0","0","0","0","0","0","0","0","0","0","0","0","0","0","0","0","0","0","0","0","0","0","0","0","0","0","0","0","0","0","0","0","0","0","0","0","0","0","0","0","0","0"
"0x71cecf773300","      LDS.128 R152, [R170+UR4+0x540]","0","0","0","0","0","0","0","0","32","0","","","","0","0","0","0","0","0","0","0","0","0","0","0","0","0","0","0","0","0","0","0","0","0","0","0","0","0","0","0","0","0","0","0","0","0","0","0","0","0","0","0","0","0"
"0x71cecf773310","      ISETP.GE.AND P3, PT, R165, UR5, PT","0","0","0","0","0","0","0","0","32","0","-","-","-","0","0","0","0","0","0","0","0","0","0","0","0","0","0","0","0","0","0","0","0","0","0","0","0","0","0","0","0","0","0","0","0","0","0","0","0","0","0","0","0","0","0"
"0x71cecf773320","      SEL R4, R2, RZ, !P3","0","0","0","0","0","0","0","0","32","0","-","-","-","0","0","0","0","0","0","0","0","0","0","0","0","0","0","0","0","0","0","0","0","0","0","0","0","0","0","0","0","0","0","0","0","0","0","0","0","0","0","0","0","0","0"
"0x71cecf773330","      ISETP.GE.AND P2, PT, R176, UR5, PT","0","0","0","0","0","0","0","0","32","0","-","-","-","0","0","0","0","0","0","0","0","0","0","0","0","0","0","0","0","0","0","0","0","0","0","0","0","0","0","0","0","0","0","0","0","0","0","0","0","0","0","0","0","0","0"
"0x71cecf773340","      ISETP.NE.U32.AND P5, PT, R4, RZ, PT","0","0","0","0","0","0","0","0","32","0","-","-","-","0","0","0","0","0","0","0","0","0","0","0","0","0","0","0","0","0","0","0","0","0","0","0","0","0","0","0","0","0","0","0","0","0","0","0","0","0","0","0","0","0","0"
"0x71cecf773350","      SEL R5, R2, RZ, !P2","0","0","0","0","0","0","0","0","32","0","-","-","-","0","0","0","0","0","0","0","0","0","0","0","0","0","0","0","0","0","0","0","0","0","0","0","0","0","0","0","0","0","0","0","0","0","0","0","0","0","0","0","0","0","0"
"0x71cecf773360","      FMUL R8, R145, R171","0","0","0","0","0","0","0","0","32","0","-","-","-","0","0","0","0","0","0","0","0","0","0","0","0","0","0","0","0","0","0","0","0","0","0","0","0","0","0","0","0","0","0","0","0","0","0","0","0","0","0","0","0","0","0"
"0x71cecf773370","      FMUL R4, R147, R171","0","0","0","0","0","0","0","0","32","0","-","-","-","0","0","0","0","0","0","0","0","0","0","0","0","0","0","0","0","0","0","0","0","0","0","0","0","0","0","0","0","0","0","0","0","0","0","0","0","0","0","0","0","0","0"
"0x71cecf773380","      FFMA R149, R149, R167, R8","0","0","0","0","0","0","0","0","32","0","-","-","-","0","0","0","0","0","0","0","0","0","0","0","0","0","0","0","0","0","0","0","0","0","0","0","0","0","0","0","0","0","0","0","0","0","0","0","0","0","0","0","0","0","0"
"0x71cecf773390","      FFMA R151, R151, R167, R4","0","0","0","0","0","0","0","0","32","0","-","-","-","0","0","0","0","0","0","0","0","0","0","0","0","0","0","0","0","0","0","0","0","0","0","0","0","0","0","0","0","0","0","0","0","0","0","0","0","0","0","0","0","0","0"
"0x71cecf7733a0","      SEL R8, R3, RZ, !P3","0","0","0","0","0","0","0","0","32","0","-","-","-","0","0","0","0","0","0","0","0","0","0","0","0","0","0","0","0","0","0","0","0","0","0","0","0","0","0","0","0","0","0","0","0","0","0","0","0","0","0","0","0","0","0"
"0x71cecf7733b0","      SEL R4, R3, RZ, !P2","0","0","0","0","0","0","0","0","32","0","-","-","-","0","0","0","0","0","0","0","0","0","0","0","0","0","0","0","0","0","0","0","0","0","0","0","0","0","0","0","0","0","0","0","0","0","0","0","0","0","0","0","0","0","0"
"0x71cecf7733c0","      FMUL R13, R144, R171","0","0","0","0","0","0","0","0","32","0","-","-","-","0","0","0","0","0","0","0","0","0","0","0","0","0","0","0","0","0","0","0","0","0","0","0","0","0","0","0","0","0","0","0","0","0","0","0","0","0","0","0","0","0","0"
"0x71cecf7733d0","      FMUL R9, R146, R171","0","0","0","0","0","0","0","0","32","0","-","-","-","0","0","0","0","0","0","0","0","0","0","0","0","0","0","0","0","0","0","0","0","0","0","0","0","0","0","0","0","0","0","0","0","0","0","0","0","0","0","0","0","0","0"
"0x71cecf7733e0","      ISETP.NE.U32.AND P4, PT, R8, RZ, PT","0","0","0","0","0","0","0","0","32","0","-","-","-","0","0","0","0","0","0","0","0","0","0","0","0","0","0","0","0","0","0","0","0","0","0","0","0","0","0","0","0","0","0","0","0","0","0","0","0","0","0","0","0","0","0"
"0x71cecf7733f0","      ISETP.NE.U32.AND P2, PT, R4, RZ, PT","0","0","0","0","0","0","0","0","32","0","-","-","-","0","0","0","0","0","0","0","0","0","0","0","0","0","0","0","0","0","0","0","0","0","0","0","0","0","0","0","0","0","0","0","0","0","0","0","0","0","0","0","0","0","0"
"0x71cecf773400","      FMUL R8, R141, R171","0","0","0","0","0","0","0","0","32","0","-","-","-","0","0","0","0","0","0","0","0","0","0","0","0","0","0","0","0","0","0","0","0","0","0","0","0","0","0","0","0","0","0","0","0","0","0","0","0","0","0","0","0","0","0"
"0x71cecf773410","      FMUL R4, R143, R171","0","0","0","0","0","0","0","0","32","0","-","-","-","0","0","0","0","0","0","0","0","0","0","0","0","0","0","0","0","0","0","0","0","0","0","0","0","0","0","0","0","0","0","0","0","0","0","0","0","0","0","0","0","0","0"
"0x71cecf773420","      FFMA R13, R148, R167, R13","0","0","0","0","0","0","0","0","32","0","-","-","-","0","0","0","0","0","0","0","0","0","0","0","0","0","0","0","0","0","0","0","0","0","0","0","0","0","0","0","0","0","0","0","0","0","0","0","0","0","0","0","0","0","0"
"0x71cecf773430","      FFMA R9, R150, R167, R9","0","0","0","0","0","0","0","0","32","0","-","-","-","0","0","0","0","0","0","0","0","0","0","0","0","0","0","0","0","0","0","0","0","0","0","0","0","0","0","0","0","0","0","0","0","0","0","0","0","0","0","0","0","0","0"
"0x71cecf773440","      FFMA R161, R161, R167, R8","0","0","0","0","0","0","0","0","32","0","-","-","-","0","0","0","0","0","0","0","0","0","0","0","0","0","0","0","0","0","0","0","0","0","0","0","0","0","0","0","0","0","0","0","0","0","0","0","0","0","0","0","0","0","0"
"0x71cecf773450","      FFMA R163, R163, R167, R4","0","0","0","0","0","0","0","0","32","0","-","-","-","0","0","0","0","0","0","0","0","0","0","0","0","0","0","0","0","0","0","0","0","0","0","0","0","0","0","0","0","0","0","0","0","0","0","0","0","0","0","0","0","0","0"
"0x71cecf773460","      FMUL R8, R137, R171","0","0","0","0","0","0","0","0","32","0","-","-","-","0","0","0","0","0","0","0","0","0","0","0","0","0","0","0","0","0","0","0","0","0","0","0","0","0","0","0","0","0","0","0","0","0","0","0","0","0","0","0","0","0","0"
"0x71cecf773470","      FMUL R4, R139, R171","0","0","0","0","0","0","0","0","32","0","-","-","-","0","0","0","0","0","0","0","0","0","0","0","0","0","0","0","0","0","0","0","0","0","0","0","0","0","0","0","0","0","0","0","0","0","0","0","0","0","0","0","0","0","0"
"0x71cecf773480","      FMNMX R148, R13, R166, !PT","0","0","0","0","0","0","0","0","32","0","-","-","-","0","0","0","0","0","0","0","0","0","0","0","0","0","0","0","0","0","0","0","0","0","0","0","0","0","0","0","0","0","0","0","0","0","0","0","0","0","0","0","0","0","0"
"0x71cecf773490","      FMNMX R149, R149, R166, !PT","0","0","0","0","0","0","0","0","32","0","-","-","-","0","0","0","0","0","0","0","0","0","0","0","0","0","0","0","0","0","0","0","0","0","0","0","0","0","0","0","0","0","0","0","0","0","0","0","0","0","0","0","0","0","0"
"0x71cecf7734a0","      FMNMX R150, R9, R166, !PT","0","0","0","0","0","0","0","0","32","0","-","-","-","0","0","0","0","0","0","0","0","0","0","0","0","0","0","0","0","0","0","0","0","0","0","0","0","0","0","0","0","0","0","0","0","0","0","0","0","0","0","0","0","0","0"
"0x71cecf7734b0","      FMNMX R151, R151, R166, !PT","0","0","0","0","0","0","0","0","32","0","-","-","-","0","0","0","0","0","0","0","0","0","0","0","0","0","0","0","0","0","0","0","0","0","0","0","0","0","0","0","0","0","0","0","0","0","0","0","0","0","0","0","0","0","0"
"0x71cecf7734c0","      FMUL R33, R140, R171","0","0","0","0","0","0","0","0","32","0","-","-","-","0","0","0","0","0","0","0","0","0","0","0","0","0","0","0","0","0","0","0","0","0","0","0","0","0","0","0","0","0","0","0","0","0","0","0","0","0","0","0","0","0","0"
"0x71cecf7734d0","      ISETP.NE.U32.AND P3, PT, R5, RZ, PT","0","0","0","0","0","0","0","0","32","0","-","-","-","0","0","0","0","0","0","0","0","0","0","0","0","0","0","0","0","0","0","0","0","0","0","0","0","0","0","0","0","0","0","0","0","0","0","0","0","0","0","0","0","0","0"
"0x71cecf7734e0","      FMUL R29, R142, R171","0","0","0","0","0","0","0","0","32","0","-","-","-","0","0","0","0","0","0","0","0","0","0","0","0","0","0","0","0","0","0","0","0","0","0","0","0","0","0","0","0","0","0","0","0","0","0","0","0","0","0","0","0","0","0"
"0x71cecf7734f0","      FFMA R21, R157, R167, R8","0","0","0","0","0","0","0","0","32","0","-","-","-","0","0","0","0","0","0","0","0","0","0","0","0","0","0","0","0","0","0","0","0","0","0","0","0","0","0","0","0","0","0","0","0","0","0","0","0","0","0","0","0","0","0"
"0x71cecf773500","      FFMA R13, R159, R167, R4","0","0","0","0","0","0","0","0","32","0","-","-","-","0","0","0","0","0","0","0","0","0","0","0","0","0","0","0","0","0","0","0","0","0","0","0","0","0","0","0","0","0","0","0","0","0","0","0","0","0","0","0","0","0","0"
"0x71cecf773510","      FMUL R25, R136, R171","0","0","0","0","0","0","0","0","32","0","-","-","-","0","0","0","0","0","0","0","0","0","0","0","0","0","0","0","0","0","0","0","0","0","0","0","0","0","0","0","0","0","0","0","0","0","0","0","0","0","0","0","0","0","0"
"0x71cecf773520","      FMUL R17, R138, R171","0","0","0","0","0","0","0","0","32","0","-","-","-","0","0","0","0","0","0","0","0","0","0","0","0","0","0","0","0","0","0","0","0","0","0","0","0","0","0","0","0","0","0","0","0","0","0","0","0","0","0","0","0","0","0"
"0x71cecf773530","      FMUL R9, R132, R171","0","0","0","0","0","0","0","0","32","0","-","-","-","0","0","0","0","0","0","0","0","0","0","0","0","0","0","0","0","0","0","0","0","0","0","0","0","0","0","0","0","0","0","0","0","0","0","0","0","0","0","0","0","0","0"
"0x71cecf773540","      FMUL R12, R133, R171","0","0","0","0","0","0","0","0","32","0","-","-","-","0","0","0","0","0","0","0","0","0","0","0","0","0","0","0","0","0","0","0","0","0","0","0","0","0","0","0","0","0","0","0","0","0","0","0","0","0","0","0","0","0","0"
"0x71cecf773550","      IADD3 R4, PT, PT, R165, 0x8, RZ","0","0","0","0","0","0","0","0","32","0","-","-","-","0","0","0","0","0","0","0","0","0","0","0","0","0","0","0","0","0","0","0","0","0","0","0","0","0","0","0","0","0","0","0","0","0","0","0","0","0","0","0","0","0","0"
"0x71cecf773560","      FMUL R5, R134, R171","0","0","0","0","0","0","0","0","32","0","-","-","-","0","0","0","0","0","0","0","0","0","0","0","0","0","0","0","0","0","0","0","0","0","0","0","0","0","0","0","0","0","0","0","0","0","0","0","0","0","0","0","0","0","0"
"0x71cecf773570","      FMUL R8, R135, R171","0","0","0","0","0","0","0","0","32","0","-","-","-","0","0","0","0","0","0","0","0","0","0","0","0","0","0","0","0","0","0","0","0","0","0","0","0","0","0","0","0","0","0","0","0","0","0","0","0","0","0","0","0","0","0"
"0x71cecf773580","@P5   STG.E.128 [R174], R148","0","0","0","0","0","0","0","0","32","0","","","","0","0","0","0","0","0","0","0","0","0","0","0","0","0","0","0","0","0","0","0","0","0","0","0","0","0","0","0","0","0","0","0","0","0","0","0","0","0","0","0","0","0"
"0x71cecf773590","      FFMA R33, R160, R167, R33","0","0","0","0","0","0","0","0","32","0","-","-","-","0","0","0","0","0","0","0","0","0","0","0","0","0","0","0","0","0","0","0","0","0","0","0","0","0","0","0","0","0","0","0","0","0","0","0","0","0","0","0","0","0","0"
"0x71cecf7735a0","      FFMA R29, R162, R167, R29","0","0","0","0","0","0","0","0","32","0","-","-","-","0","0","0","0","0","0","0","0","0","0","0","0","0","0","0","0","0","0","0","0","0","0","0","0","0","0","0","0","0","0","0","0","0","0","0","0","0","0","0","0","0","0"
"0x71cecf7735b0","      FFMA R25, R156, R167, R25","0","0","0","0","0","0","0","0","32","0","-","-","-","0","0","0","0","0","0","0","0","0","0","0","0","0","0","0","0","0","0","0","0","0","0","0","0","0","0","0","0","0","0","0","0","0","0","0","0","0","0","0","0","0","0"
"0x71cecf7735c0","      FFMA R17, R158, R167, R17","0","0","0","0","0","0","0","0","32","0","-","-","-","0","0","0","0","0","0","0","0","0","0","0","0","0","0","0","0","0","0","0","0","0","0","0","0","0","0","0","0","0","0","0","0","0","0","0","0","0","0","0","0","0","0"
"0x71cecf7735d0","      FFMA R9, R152, R167, R9","0","0","0","0","0","0","0","0","32","0","-","-","-","0","0","0","0","0","0","0","0","0","0","0","0","0","0","0","0","0","0","0","0","0","0","0","0","0","0","0","0","0","0","0","0","0","0","0","0","0","0","0","0","0","0"
"0x71cecf7735e0","      FFMA R5, R154, R167, R5","0","0","0","0","0","0","0","0","32","0","-","-","-","0","0","0","0","0","0","0","0","0","0","0","0","0","0","0","0","0","0","0","0","0","0","0","0","0","0","0","0","0","0","0","0","0","0","0","0","0","0","0","0","0","0"
"0x71cecf7735f0","      ISETP.LT.AND P6, PT, R4, UR5, P1","0","0","0","0","0","0","0","0","32","0","-","-","-","0","0","0","0","0","0","0","0","0","0","0","0","0","0","0","0","0","0","0","0","0","0","0","0","0","0","0","0","0","0","0","0","0","0","0","0","0","0","0","0","0","0"
"0x71cecf773600","      FMNMX R156, R33, R166, !PT","0","0","0","0","0","0","0","0","32","0","-","-","-","0","0","0","0","0","0","0","0","0","0","0","0","0","0","0","0","0","0","0","0","0","0","0","0","0","0","0","0","0","0","0","0","0","0","0","0","0","0","0","0","0","0"
"0x71cecf773610","      FMNMX R157, R161, R166, !PT","0","0","0","0","0","0","0","0","32","0","-","-","-","0","0","0","0","0","0","0","0","0","0","0","0","0","0","0","0","0","0","0","0","0","0","0","0","0","0","0","0","0","0","0","0","0","0","0","0","0","0","0","0","0","0"
"0x71cecf773620","      FMNMX R158, R29, R166, !PT","0","0","0","0","0","0","0","0","32","0","-","-","-","0","0","0","0","0","0","0","0","0","0","0","0","0","0","0","0","0","0","0","0","0","0","0","0","0","0","0","0","0","0","0","0","0","0","0","0","0","0","0","0","0","0"
"0x71cecf773630","      FMNMX R159, R163, R166, !PT","0","0","0","0","0","0","0","0","32","0","-","-","-","0","0","0","0","0","0","0","0","0","0","0","0","0","0","0","0","0","0","0","0","0","0","0","0","0","0","0","0","0","0","0","0","0","0","0","0","0","0","0","0","0","0"
"0x71cecf773640","      FMNMX R152, R25, R166, !PT","0","0","0","0","0","0","0","0","32","0","-","-","-","0","0","0","0","0","0","0","0","0","0","0","0","0","0","0","0","0","0","0","0","0","0","0","0","0","0","0","0","0","0","0","0","0","0","0","0","0","0","0","0","0","0"
"0x71cecf773650","      FMNMX R154, R17, R166, !PT","0","0","0","0","0","0","0","0","32","0","-","-","-","0","0","0","0","0","0","0","0","0","0","0","0","0","0","0","0","0","0","0","0","0","0","0","0","0","0","0","0","0","0","0","0","0","0","0","0","0","0","0","0","0","0"
"0x71cecf773660","      ISETP.LT.AND P5, PT, R4, UR5, P0","0","0","0","0","0","0","0","0","32","0","-","-","-","0","0","0","0","0","0","0","0","0","0","0","0","0","0","0","0","0","0","0","0","0","0","0","0","0","0","0","0","0","0","0","0","0","0","0","0","0","0","0","0","0","0"
"0x71cecf773670","@P4   STG.E.128 [R174+0x100], R156","0","0","0","0","0","0","0","0","32","0","","","","0","0","0","0","0","0","0","0","0","0","0","0","0","0","0","0","0","0","0","0","0","0","0","0","0","0","0","0","0","0","0","0","0","0","0","0","0","0","0","0","0","0"
"0x71cecf773680","      FFMA R149, R153, R167, R12","0","0","0","0","0","0","0","0","32","0","-","-","-","0","0","0","0","0","0","0","0","0","0","0","0","0","0","0","0","0","0","0","0","0","0","0","0","0","0","0","0","0","0","0","0","0","0","0","0","0","0","0","0","0","0"
"0x71cecf773690","      FFMA R151, R155, R167, R8","0","0","0","0","0","0","0","0","32","0","-","-","-","0","0","0","0","0","0","0","0","0","0","0","0","0","0","0","0","0","0","0","0","0","0","0","0","0","0","0","0","0","0","0","0","0","0","0","0","0","0","0","0","0","0"
"0x71cecf7736a0","      FMNMX R153, R21, R166, !PT","0","0","0","0","0","0","0","0","32","0","-","-","-","0","0","0","0","0","0","0","0","0","0","0","0","0","0","0","0","0","0","0","0","0","0","0","0","0","0","0","0","0","0","0","0","0","0","0","0","0","0","0","0","0","0"
"0x71cecf7736b0","      FMNMX R155, R13, R166, !PT","0","0","0","0","0","0","0","0","32","0","-","-","-","0","0","0","0","0","0","0","0","0","0","0","0","0","0","0","0","0","0","0","0","0","0","0","0","0","0","0","0","0","0","0","0","0","0","0","0","0","0","0","0","0","0"
"0x71cecf7736c0","      FMNMX R148, R9, R166, !PT","0","0","0","0","0","0","0","0","32","0","-","-","-","0","0","0","0","0","0","0","0","0","0","0","0","0","0","0","0","0","0","0","0","0","0","0","0","0","0","0","0","0","0","0","0","0","0","0","0","0","0","0","0","0","0"
"0x71cecf7736d0","      FMNMX R149, R149, R166, !PT","0","0","0","0","0","0","0","0","32","0","-","-","-","0","0","0","0","0","0","0","0","0","0","0","0","0","0","0","0","0","0","0","0","0","0","0","0","0","0","0","0","0","0","0","0","0","0","0","0","0","0","0","0","0","0"
"0x71cecf7736e0","      FMNMX R150, R5, R166, !PT","0","0","0","0","0","0","0","0","32","0","-","-","-","0","0","0","0","0","0","0","0","0","0","0","0","0","0","0","0","0","0","0","0","0","0","0","0","0","0","0","0","0","0","0","0","0","0","0","0","0","0","0","0","0","0"
"0x71cecf7736f0","      FMNMX R151, R151, R166, !PT","0","0","0","0","0","0","0","0","32","0","-","-","-","0","0","0","0","0","0","0","0","0","0","0","0","0","0","0","0","0","0","0","0","0","0","0","0","0","0","0","0","0","0","0","0","0","0","0","0","0","0","0","0","0","0"
"0x71cecf773700","      IADD3 R5, PT, PT, R165, 0xa, RZ","0","0","0","0","0","0","0","0","32","0","-","-","-","0","0","0","0","0","0","0","0","0","0","0","0","0","0","0","0","0","0","0","0","0","0","0","0","0","0","0","0","0","0","0","0","0","0","0","0","0","0","0","0","0","0"
"0x71cecf773710","@P3   STG.E.128 [R174.64+UR12], R152","0","0","0","0","0","0","0","0","32","0","","","","0","0","0","0","0","0","0","0","0","0","0","0","0","0","0","0","0","0","0","0","0","0","0","0","0","0","0","0","0","0","0","0","0","0","0","0","0","0","0","0","0","0"
"0x71cecf773720","@P2   STG.E.128 [R174.64+UR12+0x100], R148","0","0","0","0","0","0","0","0","32","0","","","","0","0","0","0","0","0","0","0","0","0","0","0","0","0","0","0","0","0","0","0","0","0","0","0","0","0","0","0","0","0","0","0","0","0","0","0","0","0","0","0","0","0"
"0x71cecf773730","      ISETP.LT.AND P2, PT, R5, UR5, P1","0","0","0","0","0","0","0","0","32","0","-","-","-","0","0","0","0","0","0","0","0","0","0","0","0","0","0","0","0","0","0","0","0","0","0","0","0","0","0","0","0","0","0","0","0","0","0","0","0","0","0","0","0","0","0"
"0x71cecf773740","      ISETP.LT.AND P3, PT, R5, UR5, P0","0","0","0","0","0","0","0","0","32","0","-","-","-","0","0","0","0","0","0","0","0","0","0","0","0","0","0","0","0","0","0","0","0","0","0","0","0","0","0","0","0","0","0","0","0","0","0","0","0","0","0","0","0","0","0"
"0x71cecf773750","@P6   LDG.E.LTC128B.128 R144, [R172.64+UR8]","0","0","0","0","0","0","0","0","32","0","","","","0","0","0","0","0","0","0","0","0","0","0","0","0","0","0","0","0","0","0","0","0","0","0","0","0","0","0","0","0","0","0","0","0","0","0","0","0","0","0","0","0","0"
"0x71cecf773760","      IADD.64 R20, R172, UR8","0","0","0","0","0","0","0","0","32","0","-","-","-","0","0","0","0","0","0","0","0","0","0","0","0","0","0","0","0","0","0","0","0","0","0","0","0","0","0","0","0","0","0","0","0","0","0","0","0","0","0","0","0","0","0"
"0x71cecf773770","@P5   LDG.E.LTC128B.128 R140, [R172.64+UR8+0x100]","0","0","0","0","0","0","0","0","32","0","","","","0","0","0","0","0","0","0","0","0","0","0","0","0","0","0","0","0","0","0","0","0","0","0","0","0","0","0","0","0","0","0","0","0","0","0","0","0","0","0","0","0","0"
"0x71cecf773780","@P2   LDG.E.LTC128B.128 R136, [R20.64+UR14]","0","0","0","0","0","0","0","0","32","0","","","","0","0","0","0","0","0","0","0","0","0","0","0","0","0","0","0","0","0","0","0","0","0","0","0","0","0","0","0","0","0","0","0","0","0","0","0","0","0","0","0","0","0"
"0x71cecf773790","@P3   LDG.E.LTC128B.128 R132, [R20.64+UR14+0x100]","0","0","0","0","0","0","0","0","32","0","","","","0","0","0","0","0","0","0","0","0","0","0","0","0","0","0","0","0","0","0","0","0","0","0","0","0","0","0","0","0","0","0","0","0","0","0","0","0","0","0","0","0","0"
"0x71cecf7737a0","      BAR.SYNC.DEFER_BLOCKING 0x0","0","0","0","0","0","0","0","0","32","0","-","-","-","0","0","0","0","0","0","0","0","0","0","0","0","0","0","0","0","0","0","0","0","0","0","0","0","0","0","0","0","0","0","0","0","0","0","0","0","0","0","0","0","0","0"
"0x71cecf7737b0","      STS.64 [R164], R6","0","0","0","0","0","0","0","0","32","0","","","","0","0","0","0","0","0","0","0","0","0","0","0","0","0","0","0","0","0","0","0","0","0","0","0","0","0","0","0","0","0","0","0","0","0","0","0","0","0","0","0","0","0"
"0x71cecf7737c0","      STS.64 [R164+0x20], R10","0","0","0","0","0","0","0","0","32","0","","","","0","0","0","0","0","0","0","0","0","0","0","0","0","0","0","0","0","0","0","0","0","0","0","0","0","0","0","0","0","0","0","0","0","0","0","0","0","0","0","0","0","0"
"0x71cecf7737d0","      STS.64 [R164+0x40], R14","0","0","0","0","0","0","0","0","32","0","","","","0","0","0","0","0","0","0","0","0","0","0","0","0","0","0","0","0","0","0","0","0","0","0","0","0","0","0","0","0","0","0","0","0","0","0","0","0","0","0","0","0","0"
"0x71cecf7737e0","      STS.64 [R164+0x60], R18","0","0","0","0","0","0","0","0","32","0","","","","0","0","0","0","0","0","0","0","0","0","0","0","0","0","0","0","0","0","0","0","0","0","0","0","0","0","0","0","0","0","0","0","0","0","0","0","0","0","0","0","0","0"
"0x71cecf7737f0","      STS.64 [R164+0x80], R22","0","0","0","0","0","0","0","0","32","0","","","","0","0","0","0","0","0","0","0","0","0","0","0","0","0","0","0","0","0","0","0","0","0","0","0","0","0","0","0","0","0","0","0","0","0","0","0","0","0","0","0","0","0"
"0x71cecf773800","      STS.64 [R164+0xa0], R26","0","0","0","0","0","0","0","0","32","0","","","","0","0","0","0","0","0","0","0","0","0","0","0","0","0","0","0","0","0","0","0","0","0","0","0","0","0","0","0","0","0","0","0","0","0","0","0","0","0","0","0","0","0"
"0x71cecf773810","      STS.64 [R164+0xc0], R30","0","0","0","0","0","0","0","0","32","0","","","","0","0","0","0","0","0","0","0","0","0","0","0","0","0","0","0","0","0","0","0","0","0","0","0","0","0","0","0","0","0","0","0","0","0","0","0","0","0","0","0","0","0"
"0x71cecf773820","      STS.64 [R164+0xe0], R34","0","0","0","0","0","0","0","0","32","0","","","","0","0","0","0","0","0","0","0","0","0","0","0","0","0","0","0","0","0","0","0","0","0","0","0","0","0","0","0","0","0","0","0","0","0","0","0","0","0","0","0","0","0"
"0x71cecf773830","      BAR.SYNC.DEFER_BLOCKING 0x0","0","0","0","0","0","0","0","0","32","0","-","-","-","0","0","0","0","0","0","0","0","0","0","0","0","0","0","0","0","0","0","0","0","0","0","0","0","0","0","0","0","0","0","0","0","0","0","0","0","0","0","0","0","0","0"
"0x71cecf773840","      ISETP.GE.AND P3, PT, R4, UR5, PT","0","0","0","0","0","0","0","0","32","0","-","-","-","0","0","0","0","0","0","0","0","0","0","0","0","0","0","0","0","0","0","0","0","0","0","0","0","0","0","0","0","0","0","0","0","0","0","0","0","0","0","0","0","0","0"
"0x71cecf773850","      ISETP.GE.AND P2, PT, R5, UR5, PT","0","0","0","0","0","0","0","0","32","0","-","-","-","0","0","0","0","0","0","0","0","0","0","0","0","0","0","0","0","0","0","0","0","0","0","0","0","0","0","0","0","0","0","0","0","0","0","0","0","0","0","0","0","0","0"
"0x71cecf773860","      LDS.128 R156, [R170+UR4]","0","0","0","0","0","0","0","0","32","0","","","","0","0","0","0","0","0","0","0","0","0","0","0","0","0","0","0","0","0","0","0","0","0","0","0","0","0","0","0","0","0","0","0","0","0","0","0","0","0","0","0","0","0"
"0x71cecf773870","      LDS.128 R152, [R170+UR4+0x100]","0","0","0","0","0","0","0","0","32","0","","","","0","0","0","0","0","0","0","0","0","0","0","0","0","0","0","0","0","0","0","0","0","0","0","0","0","0","0","0","0","0","0","0","0","0","0","0","0","0","0","0","0","0"
"0x71cecf773880","      LDS.128 R148, [R170+UR4+0x440]","0","0","0","0","0","0","0","0","32","0","","","","0","0","0","0","0","0","0","0","0","0","0","0","0","0","0","0","0","0","0","0","0","0","0","0","0","0","0","0","0","0","0","0","0","0","0","0","0","0","0","0","0","0"
"0x71cecf773890","      LDS.128 R4, [R170+UR4+0x540]","0","0","0","0","0","0","0","0","32","0","","","","0","0","0","0","0","0","0","0","0","0","0","0","0","0","0","0","0","0","0","0","0","0","0","0","0","0","0","0","0","0","0","0","0","0","0","0","0","0","0","0","0","0"
"0x71cecf7738a0","      SEL R8, R3, RZ, !P2","0","0","0","0","0","0","0","0","32","0","-","-","-","0","0","0","0","0","0","0","0","0","0","0","0","0","0","0","0","0","0","0","0","0","0","0","0","0","0","0","0","0","0","0","0","0","0","0","0","0","0","0","0","0","0"
"0x71cecf7738b0","      SEL R9, R2, RZ, !P2","0","0","0","0","0","0","0","0","32","0","-","-","-","0","0","0","0","0","0","0","0","0","0","0","0","0","0","0","0","0","0","0","0","0","0","0","0","0","0","0","0","0","0","0","0","0","0","0","0","0","0","0","0","0","0"
"0x71cecf7738c0","      SEL R10, R3, RZ, !P3","0","0","0","0","0","0","0","0","32","0","-","-","-","0","0","0","0","0","0","0","0","0","0","0","0","0","0","0","0","0","0","0","0","0","0","0","0","0","0","0","0","0","0","0","0","0","0","0","0","0","0","0","0","0","0"
"0x71cecf7738d0","      ISETP.NE.U32.AND P2, PT, R8, RZ, PT","0","0","0","0","0","0","0","0","32","0","-","-","-","0","0","0","0","0","0","0","0","0","0","0","0","0","0","0","0","0","0","0","0","0","0","0","0","0","0","0","0","0","0","0","0","0","0","0","0","0","0","0","0","0","0"
"0x71cecf7738e0","      ISETP.NE.U32.AND P4, PT, R10, RZ, PT","0","0","0","0","0","0","0","0","32","0","-","-","-","0","0","0","0","0","0","0","0","0","0","0","0","0","0","0","0","0","0","0","0","0","0","0","0","0","0","0","0","0","0","0","0","0","0","0","0","0","0","0","0","0","0"
"0x71cecf7738f0","      SEL R11, R2, RZ, !P3","0","0","0","0","0","0","0","0","32","0","-","-","-","0","0","0","0","0","0","0","0","0","0","0","0","0","0","0","0","0","0","0","0","0","0","0","0","0","0","0","0","0","0","0","0","0","0","0","0","0","0","0","0","0","0"
"0x71cecf773900","      IADD3 R24, PT, PT, R165, 0x10, RZ","0","0","0","0","0","0","0","0","32","0","-","-","-","0","0","0","0","0","0","0","0","0","0","0","0","0","0","0","0","0","0","0","0","0","0","0","0","0","0","0","0","0","0","0","0","0","0","0","0","0","0","0","0","0","0"
"0x71cecf773910","      ISETP.NE.U32.AND P3, PT, R9, RZ, PT","0","0","0","0","0","0","0","0","32","0","-","-","-","0","0","0","0","0","0","0","0","0","0","0","0","0","0","0","0","0","0","0","0","0","0","0","0","0","0","0","0","0","0","0","0","0","0","0","0","0","0","0","0","0","0"
"0x71cecf773920","      ISETP.NE.U32.AND P5, PT, R11, RZ, PT","0","0","0","0","0","0","0","0","32","0","-","-","-","0","0","0","0","0","0","0","0","0","0","0","0","0","0","0","0","0","0","0","0","0","0","0","0","0","0","0","0","0","0","0","0","0","0","0","0","0","0","0","0","0","0"
"0x71cecf773930","      ISETP.LT.AND P6, PT, R24, UR5, P1","0","0","0","0","0","0","0","0","32","0","-","-","-","0","0","0","0","0","0","0","0","0","0","0","0","0","0","0","0","0","0","0","0","0","0","0","0","0","0","0","0","0","0","0","0","0","0","0","0","0","0","0","0","0","0"
"0x71cecf773940","      UIADD3.64 UR6, UPT, UPT, UR8, UR8, URZ","0","0","0","0","0","0","0","0","32","0","-","-","-","0","0","0","0","0","0","0","0","0","0","0","0","0","0","0","0","0","0","0","0","0","0","0","0","0","0","0","0","0","0","0","0","0","0","0","0","0","0","0","0","0","0"
"0x71cecf773950","      IADD.64 R22, R174, UR10","0","0","0","0","0","0","0","0","32","0","-","-","-","0","0","0","0","0","0","0","0","0","0","0","0","0","0","0","0","0","0","0","0","0","0","0","0","0","0","0","0","0","0","0","0","0","0","0","0","0","0","0","0","0","0"
"0x71cecf773960","      FMUL R8, R147, R171","0","0","0","0","0","0","0","0","32","0","-","-","-","0","0","0","0","0","0","0","0","0","0","0","0","0","0","0","0","0","0","0","0","0","0","0","0","0","0","0","0","0","0","0","0","0","0","0","0","0","0","0","0","0","0"
"0x71cecf773970","      FMUL R10, R145, R171","0","0","0","0","0","0","0","0","32","0","-","-","-","0","0","0","0","0","0","0","0","0","0","0","0","0","0","0","0","0","0","0","0","0","0","0","0","0","0","0","0","0","0","0","0","0","0","0","0","0","0","0","0","0","0"
"0x71cecf773980","      FFMA R19, R159, R167, R8","0","0","0","0","0","0","0","0","32","0","-","-","-","0","0","0","0","0","0","0","0","0","0","0","0","0","0","0","0","0","0","0","0","0","0","0","0","0","0","0","0","0","0","0","0","0","0","0","0","0","0","0","0","0","0"
"0x71cecf773990","      FMUL R8, R143, R171","0","0","0","0","0","0","0","0","32","0","-","-","-","0","0","0","0","0","0","0","0","0","0","0","0","0","0","0","0","0","0","0","0","0","0","0","0","0","0","0","0","0","0","0","0","0","0","0","0","0","0","0","0","0","0"
"0x71cecf7739a0","      FFMA R17, R157, R167, R10","0","0","0","0","0","0","0","0","32","0","-","-","-","0","0","0","0","0","0","0","0","0","0","0","0","0","0","0","0","0","0","0","0","0","0","0","0","0","0","0","0","0","0","0","0","0","0","0","0","0","0","0","0","0","0"
"0x71cecf7739b0","      FMUL R10, R141, R171","0","0","0","0","0","0","0","0","32","0","-","-","-","0","0","0","0","0","0","0","0","0","0","0","0","0","0","0","0","0","0","0","0","0","0","0","0","0","0","0","0","0","0","0","0","0","0","0","0","0","0","0","0","0","0"
"0x71cecf7739c0","      FFMA R15, R155, R167, R8","0","0","0","0","0","0","0","0","32","0","-","-","-","0","0","0","0","0","0","0","0","0","0","0","0","0","0","0","0","0","0","0","0","0","0","0","0","0","0","0","0","0","0","0","0","0","0","0","0","0","0","0","0","0","0"
"0x71cecf7739d0","      FMUL R8, R139, R171","0","0","0","0","0","0","0","0","32","0","-","-","-","0","0","0","0","0","0","0","0","0","0","0","0","0","0","0","0","0","0","0","0","0","0","0","0","0","0","0","0","0","0","0","0","0","0","0","0","0","0","0","0","0","0"
"0x71cecf7739e0","      FMUL R27, R132, R171","0","0","0","0","0","0","0","0","32","0","-","-","-","0","0","0","0","0","0","0","0","0","0","0","0","0","0","0","0","0","0","0","0","0","0","0","0","0","0","0","0","0","0","0","0","0","0","0","0","0","0","0","0","0","0"
"0x71cecf7739f0","      FMUL R161, R144, R171","0","0","0","0","0","0","0","0","32","0","-","-","-","0","0","0","0","0","0","0","0","0","0","0","0","0","0","0","0","0","0","0","0","0","0","0","0","0","0","0","0","0","0","0","0","0","0","0","0","0","0","0","0","0","0"
"0x71cecf773a00","      FMUL R9, R146, R171","0","0","0","0","0","0","0","0","32","0","-","-","-","0","0","0","0","0","0","0","0","0","0","0","0","0","0","0","0","0","0","0","0","0","0","0","0","0","0","0","0","0","0","0","0","0","0","0","0","0","0","0","0","0","0"
"0x71cecf773a10","      FMUL R35, R140, R171","0","0","0","0","0","0","0","0","32","0","-","-","-","0","0","0","0","0","0","0","0","0","0","0","0","0","0","0","0","0","0","0","0","0","0","0","0","0","0","0","0","0","0","0","0","0","0","0","0","0","0","0","0","0","0"
"0x71cecf773a20","      FMUL R33, R142, R171","0","0","0","0","0","0","0","0","32","0","-","-","-","0","0","0","0","0","0","0","0","0","0","0","0","0","0","0","0","0","0","0","0","0","0","0","0","0","0","0","0","0","0","0","0","0","0","0","0","0","0","0","0","0","0"
"0x71cecf773a30","      FFMA R13, R153, R167, R10","0","0","0","0","0","0","0","0","32","0","-","-","-","0","0","0","0","0","0","0","0","0","0","0","0","0","0","0","0","0","0","0","0","0","0","0","0","0","0","0","0","0","0","0","0","0","0","0","0","0","0","0","0","0","0"
"0x71cecf773a40","      FFMA R11, R151, R167, R8","0","0","0","0","0","0","0","0","32","0","-","-","-","0","0","0","0","0","0","0","0","0","0","0","0","0","0","0","0","0","0","0","0","0","0","0","0","0","0","0","0","0","0","0","0","0","0","0","0","0","0","0","0","0","0"
"0x71cecf773a50","      FFMA R27, R4, R167, R27","0","0","0","0","0","0","0","0","32","0","-","-","-","0","0","0","0","0","0","0","0","0","0","0","0","0","0","0","0","0","0","0","0","0","0","0","0","0","0","0","0","0","0","0","0","0","0","0","0","0","0","0","0","0","0"
"0x71cecf773a60","      FMUL R31, R136, R171","0","0","0","0","0","0","0","0","32","0","-","-","-","0","0","0","0","0","0","0","0","0","0","0","0","0","0","0","0","0","0","0","0","0","0","0","0","0","0","0","0","0","0","0","0","0","0","0","0","0","0","0","0","0","0"
"0x71cecf773a70","      FMUL R10, R137, R171","0","0","0","0","0","0","0","0","32","0","-","-","-","0","0","0","0","0","0","0","0","0","0","0","0","0","0","0","0","0","0","0","0","0","0","0","0","0","0","0","0","0","0","0","0","0","0","0","0","0","0","0","0","0","0"
"0x71cecf773a80","      FMUL R29, R138, R171","0","0","0","0","0","0","0","0","32","0","-","-","-","0","0","0","0","0","0","0","0","0","0","0","0","0","0","0","0","0","0","0","0","0","0","0","0","0","0","0","0","0","0","0","0","0","0","0","0","0","0","0","0","0","0"
"0x71cecf773a90","      FMUL R8, R133, R171","0","0","0","0","0","0","0","0","32","0","-","-","-","0","0","0","0","0","0","0","0","0","0","0","0","0","0","0","0","0","0","0","0","0","0","0","0","0","0","0","0","0","0","0","0","0","0","0","0","0","0","0","0","0","0"
"0x71cecf773aa0","      FMUL R25, R134, R171","0","0","0","0","0","0","0","0","32","0","-","-","-","0","0","0","0","0","0","0","0","0","0","0","0","0","0","0","0","0","0","0","0","0","0","0","0","0","0","0","0","0","0","0","0","0","0","0","0","0","0","0","0","0","0"
"0x71cecf773ab0","      FMUL R4, R135, R171","0","0","0","0","0","0","0","0","32","0","-","-","-","0","0","0","0","0","0","0","0","0","0","0","0","0","0","0","0","0","0","0","0","0","0","0","0","0","0","0","0","0","0","0","0","0","0","0","0","0","0","0","0","0","0"
"0x71cecf773ac0","      FFMA R161, R156, R167, R161","0","0","0","0","0","0","0","0","32","0","-","-","-","0","0","0","0","0","0","0","0","0","0","0","0","0","0","0","0","0","0","0","0","0","0","0","0","0","0","0","0","0","0","0","0","0","0","0","0","0","0","0","0","0","0"
"0x71cecf773ad0","      FFMA R157, R158, R167, R9","0","0","0","0","0","0","0","0","32","0","-","-","-","0","0","0","0","0","0","0","0","0","0","0","0","0","0","0","0","0","0","0","0","0","0","0","0","0","0","0","0","0","0","0","0","0","0","0","0","0","0","0","0","0","0"
"0x71cecf773ae0","      FFMA R35, R152, R167, R35","0","0","0","0","0","0","0","0","32","0","-","-","-","0","0","0","0","0","0","0","0","0","0","0","0","0","0","0","0","0","0","0","0","0","0","0","0","0","0","0","0","0","0","0","0","0","0","0","0","0","0","0","0","0","0"
"0x71cecf773af0","      FFMA R33, R154, R167, R33","0","0","0","0","0","0","0","0","32","0","-","-","-","0","0","0","0","0","0","0","0","0","0","0","0","0","0","0","0","0","0","0","0","0","0","0","0","0","0","0","0","0","0","0","0","0","0","0","0","0","0","0","0","0","0"
"0x71cecf773b00","      FFMA R31, R148, R167, R31","0","0","0","0","0","0","0","0","32","0","-","-","-","0","0","0","0","0","0","0","0","0","0","0","0","0","0","0","0","0","0","0","0","0","0","0","0","0","0","0","0","0","0","0","0","0","0","0","0","0","0","0","0","0","0"
"0x71cecf773b10","      FFMA R9, R149, R167, R10","0","0","0","0","0","0","0","0","32","0","-","-","-","0","0","0","0","0","0","0","0","0","0","0","0","0","0","0","0","0","0","0","0","0","0","0","0","0","0","0","0","0","0","0","0","0","0","0","0","0","0","0","0","0","0"
"0x71cecf773b20","      FFMA R29, R150, R167, R29","0","0","0","0","0","0","0","0","32","0","-","-","-","0","0","0","0","0","0","0","0","0","0","0","0","0","0","0","0","0","0","0","0","0","0","0","0","0","0","0","0","0","0","0","0","0","0","0","0","0","0","0","0","0","0"
"0x71cecf773b30","      FFMA R5, R5, R167, R8","0","0","0","0","0","0","0","0","32","0","-","-","-","0","0","0","0","0","0","0","0","0","0","0","0","0","0","0","0","0","0","0","0","0","0","0","0","0","0","0","0","0","0","0","0","0","0","0","0","0","0","0","0","0","0"
"0x71cecf773b40","      FFMA R25, R6, R167, R25","0","0","0","0","0","0","0","0","32","0","-","-","-","0","0","0","0","0","0","0","0","0","0","0","0","0","0","0","0","0","0","0","0","0","0","0","0","0","0","0","0","0","0","0","0","0","0","0","0","0","0","0","0","0","0"
"0x71cecf773b50","      FFMA R7, R7, R167, R4","0","0","0","0","0","0","0","0","32","0","-","-","-","0","0","0","0","0","0","0","0","0","0","0","0","0","0","0","0","0","0","0","0","0","0","0","0","0","0","0","0","0","0","0","0","0","0","0","0","0","0","0","0","0","0"
"0x71cecf773b60","      FMNMX R16, R161, R166, !PT","0","0","0","0","0","0","0","0","32","0","-","-","-","0","0","0","0","0","0","0","0","0","0","0","0","0","0","0","0","0","0","0","0","0","0","0","0","0","0","0","0","0","0","0","0","0","0","0","0","0","0","0","0","0","0"
"0x71cecf773b70","      FMNMX R17, R17, R166, !PT","0","0","0","0","0","0","0","0","32","0","-","-","-","0","0","0","0","0","0","0","0","0","0","0","0","0","0","0","0","0","0","0","0","0","0","0","0","0","0","0","0","0","0","0","0","0","0","0","0","0","0","0","0","0","0"
"0x71cecf773b80","      FMNMX R18, R157, R166, !PT","0","0","0","0","0","0","0","0","32","0","-","-","-","0","0","0","0","0","0","0","0","0","0","0","0","0","0","0","0","0","0","0","0","0","0","0","0","0","0","0","0","0","0","0","0","0","0","0","0","0","0","0","0","0","0"
"0x71cecf773b90","      FMNMX R19, R19, R166, !PT","0","0","0","0","0","0","0","0","32","0","-","-","-","0","0","0","0","0","0","0","0","0","0","0","0","0","0","0","0","0","0","0","0","0","0","0","0","0","0","0","0","0","0","0","0","0","0","0","0","0","0","0","0","0","0"
"0x71cecf773ba0","      FMNMX R12, R35, R166, !PT","0","0","0","0","0","0","0","0","32","0","-","-","-","0","0","0","0","0","0","0","0","0","0","0","0","0","0","0","0","0","0","0","0","0","0","0","0","0","0","0","0","0","0","0","0","0","0","0","0","0","0","0","0","0","0"
"0x71cecf773bb0","      FMNMX R13, R13, R166, !PT","0","0","0","0","0","0","0","0","32","0","-","-","-","0","0","0","0","0","0","0","0","0","0","0","0","0","0","0","0","0","0","0","0","0","0","0","0","0","0","0","0","0","0","0","0","0","0","0","0","0","0","0","0","0","0"
"0x71cecf773bc0","      FMNMX R14, R33, R166, !PT","0","0","0","0","0","0","0","0","32","0","-","-","-","0","0","0","0","0","0","0","0","0","0","0","0","0","0","0","0","0","0","0","0","0","0","0","0","0","0","0","0","0","0","0","0","0","0","0","0","0","0","0","0","0","0"
"0x71cecf773bd0","      FMNMX R15, R15, R166, !PT","0","0","0","0","0","0","0","0","32","0","-","-","-","0","0","0","0","0","0","0","0","0","0","0","0","0","0","0","0","0","0","0","0","0","0","0","0","0","0","0","0","0","0","0","0","0","0","0","0","0","0","0","0","0","0"
"0x71cecf773be0","      FMNMX R8, R31, R166, !PT","0","0","0","0","0","0","0","0","32","0","-","-","-","0","0","0","0","0","0","0","0","0","0","0","0","0","0","0","0","0","0","0","0","0","0","0","0","0","0","0","0","0","0","0","0","0","0","0","0","0","0","0","0","0","0"
"0x71cecf773bf0","      FMNMX R9, R9, R166, !PT","0","0","0","0","0","0","0","0","32","0","-","-","-","0","0","0","0","0","0","0","0","0","0","0","0","0","0","0","0","0","0","0","0","0","0","0","0","0","0","0","0","0","0","0","0","0","0","0","0","0","0","0","0","0","0"
"0x71cecf773c00","      FMNMX R10, R29, R166, !PT","0","0","0","0","0","0","0","0","32","0","-","-","-","0","0","0","0","0","0","0","0","0","0","0","0","0","0","0","0","0","0","0","0","0","0","0","0","0","0","0","0","0","0","0","0","0","0","0","0","0","0","0","0","0","0"
"0x71cecf773c10","      FMNMX R11, R11, R166, !PT","0","0","0","0","0","0","0","0","32","0","-","-","-","0","0","0","0","0","0","0","0","0","0","0","0","0","0","0","0","0","0","0","0","0","0","0","0","0","0","0","0","0","0","0","0","0","0","0","0","0","0","0","0","0","0"
"0x71cecf773c20","      FMNMX R4, R27, R166, !PT","0","0","0","0","0","0","0","0","32","0","-","-","-","0","0","0","0","0","0","0","0","0","0","0","0","0","0","0","0","0","0","0","0","0","0","0","0","0","0","0","0","0","0","0","0","0","0","0","0","0","0","0","0","0","0"
"0x71cecf773c30","      FMNMX R5, R5, R166, !PT","0","0","0","0","0","0","0","0","32","0","-","-","-","0","0","0","0","0","0","0","0","0","0","0","0","0","0","0","0","0","0","0","0","0","0","0","0","0","0","0","0","0","0","0","0","0","0","0","0","0","0","0","0","0","0"
"0x71cecf773c40","      FMNMX R6, R25, R166, !PT","0","0","0","0","0","0","0","0","32","0","-","-","-","0","0","0","0","0","0","0","0","0","0","0","0","0","0","0","0","0","0","0","0","0","0","0","0","0","0","0","0","0","0","0","0","0","0","0","0","0","0","0","0","0","0"
"0x71cecf773c50","      FMNMX R7, R7, R166, !PT","0","0","0","0","0","0","0","0","32","0","-","-","-","0","0","0","0","0","0","0","0","0","0","0","0","0","0","0","0","0","0","0","0","0","0","0","0","0","0","0","0","0","0","0","0","0","0","0","0","0","0","0","0","0","0"
"0x71cecf773c60","@P5   STG.E.128 [R174.64+UR10], R16","0","0","0","0","0","0","0","0","32","0","","","","0","0","0","0","0","0","0","0","0","0","0","0","0","0","0","0","0","0","0","0","0","0","0","0","0","0","0","0","0","0","0","0","0","0","0","0","0","0","0","0","0","0"
"0x71cecf773c70","@P4   STG.E.128 [R174.64+UR10+0x100], R12","0","0","0","0","0","0","0","0","32","0","","","","0","0","0","0","0","0","0","0","0","0","0","0","0","0","0","0","0","0","0","0","0","0","0","0","0","0","0","0","0","0","0","0","0","0","0","0","0","0","0","0","0","0"
"0x71cecf773c80","      IADD3 R25, PT, PT, R165, 0x12, RZ","0","0","0","0","0","0","0","0","32","0","-","-","-","0","0","0","0","0","0","0","0","0","0","0","0","0","0","0","0","0","0","0","0","0","0","0","0","0","0","0","0","0","0","0","0","0","0","0","0","0","0","0","0","0","0"
"0x71cecf773c90","@P3   STG.E.128 [R22.64+UR12], R8","0","0","0","0","0","0","0","0","32","0","","","","0","0","0","0","0","0","0","0","0","0","0","0","0","0","0","0","0","0","0","0","0","0","0","0","0","0","0","0","0","0","0","0","0","0","0","0","0","0","0","0","0","0"
"0x71cecf773ca0","      ISETP.LT.AND P4, PT, R24, UR5, P0","0","0","0","0","0","0","0","0","32","0","-","-","-","0","0","0","0","0","0","0","0","0","0","0","0","0","0","0","0","0","0","0","0","0","0","0","0","0","0","0","0","0","0","0","0","0","0","0","0","0","0","0","0","0","0"
"0x71cecf773cb0","@P2   STG.E.128 [R22.64+UR12+0x100], R4","0","0","0","0","0","0","0","0","32","0","","","","0","0","0","0","0","0","0","0","0","0","0","0","0","0","0","0","0","0","0","0","0","0","0","0","0","0","0","0","0","0","0","0","0","0","0","0","0","0","0","0","0","0"
"0x71cecf773cc0","@P6   LDG.E.LTC128B.128 R144, [R172.64+UR6]","0","0","0","0","0","0","0","0","32","0","","","","0","0","0","0","0","0","0","0","0","0","0","0","0","0","0","0","0","0","0","0","0","0","0","0","0","0","0","0","0","0","0","0","0","0","0","0","0","0","0","0","0","0"
"0x71cecf773cd0","      ISETP.LT.AND P3, PT, R25, UR5, P1","0","0","0","0","0","0","0","0","32","0","-","-","-","0","0","0","0","0","0","0","0","0","0","0","0","0","0","0","0","0","0","0","0","0","0","0","0","0","0","0","0","0","0","0","0","0","0","0","0","0","0","0","0","0","0"
"0x71cecf773ce0","      ISETP.LT.AND P2, PT, R25, UR5, P0","0","0","0","0","0","0","0","0","32","0","-","-","-","0","0","0","0","0","0","0","0","0","0","0","0","0","0","0","0","0","0","0","0","0","0","0","0","0","0","0","0","0","0","0","0","0","0","0","0","0","0","0","0","0","0"
"0x71cecf773cf0","      IADD.64 R26, R20, UR14","0","0","0","0","0","0","0","0","32","0","-","-","-","0","0","0","0","0","0","0","0","0","0","0","0","0","0","0","0","0","0","0","0","0","0","0","0","0","0","0","0","0","0","0","0","0","0","0","0","0","0","0","0","0","0"
"0x71cecf773d00","@P4   LDG.E.LTC128B.128 R140, [R172.64+UR6+0x100]","0","0","0","0","0","0","0","0","32","0","","","","0","0","0","0","0","0","0","0","0","0","0","0","0","0","0","0","0","0","0","0","0","0","0","0","0","0","0","0","0","0","0","0","0","0","0","0","0","0","0","0","0","0"
"0x71cecf773d10","@P3   LDG.E.LTC128B.128 R136, [R26.64+UR8]","0","0","0","0","0","0","0","0","32","0","","","","0","0","0","0","0","0","0","0","0","0","0","0","0","0","0","0","0","0","0","0","0","0","0","0","0","0","0","0","0","0","0","0","0","0","0","0","0","0","0","0","0","0"
"0x71cecf773d20","@P2   LDG.E.LTC128B.128 R132, [R26.64+UR8+0x100]","0","0","0","0","0","0","0","0","32","0","","","","0","0","0","0","0","0","0","0","0","0","0","0","0","0","0","0","0","0","0","0","0","0","0","0","0","0","0","0","0","0","0","0","0","0","0","0","0","0","0","0","0","0"
"0x71cecf773d30","      BAR.SYNC.DEFER_BLOCKING 0x0","0","0","0","0","0","0","0","0","32","0","-","-","-","0","0","0","0","0","0","0","0","0","0","0","0","0","0","0","0","0","0","0","0","0","0","0","0","0","0","0","0","0","0","0","0","0","0","0","0","0","0","0","0","0","0"
"0x71cecf773d40","      STS.64 [R164], R64","0","0","0","0","0","0","0","0","32","0","","","","0","0","0","0","0","0","0","0","0","0","0","0","0","0","0","0","0","0","0","0","0","0","0","0","0","0","0","0","0","0","0","0","0","0","0","0","0","0","0","0","0","0"
"0x71cecf773d50","      STS.64 [R164+0x20], R60","0","0","0","0","0","0","0","0","32","0","","","","0","0","0","0","0","0","0","0","0","0","0","0","0","0","0","0","0","0","0","0","0","0","0","0","0","0","0","0","0","0","0","0","0","0","0","0","0","0","0","0","0","0"
"0x71cecf773d60","      STS.64 [R164+0x40], R56","0","0","0","0","0","0","0","0","32","0","","","","0","0","0","0","0","0","0","0","0","0","0","0","0","0","0","0","0","0","0","0","0","0","0","0","0","0","0","0","0","0","0","0","0","0","0","0","0","0","0","0","0","0"
"0x71cecf773d70","      STS.64 [R164+0x60], R52","0","0","0","0","0","0","0","0","32","0","","","","0","0","0","0","0","0","0","0","0","0","0","0","0","0","0","0","0","0","0","0","0","0","0","0","0","0","0","0","0","0","0","0","0","0","0","0","0","0","0","0","0","0"
"0x71cecf773d80","      STS.64 [R164+0x80], R48","0","0","0","0","0","0","0","0","32","0","","","","0","0","0","0","0","0","0","0","0","0","0","0","0","0","0","0","0","0","0","0","0","0","0","0","0","0","0","0","0","0","0","0","0","0","0","0","0","0","0","0","0","0"
"0x71cecf773d90","      STS.64 [R164+0xa0], R44","0","0","0","0","0","0","0","0","32","0","","","","0","0","0","0","0","0","0","0","0","0","0","0","0","0","0","0","0","0","0","0","0","0","0","0","0","0","0","0","0","0","0","0","0","0","0","0","0","0","0","0","0","0"
"0x71cecf773da0","      STS.64 [R164+0xc0], R40","0","0","0","0","0","0","0","0","32","0","","","","0","0","0","0","0","0","0","0","0","0","0","0","0","0","0","0","0","0","0","0","0","0","0","0","0","0","0","0","0","0","0","0","0","0","0","0","0","0","0","0","0","0"
"0x71cecf773db0","      STS.64 [R164+0xe0], R36","0","0","0","0","0","0","0","0","32","0","","","","0","0","0","0","0","0","0","0","0","0","0","0","0","0","0","0","0","0","0","0","0","0","0","0","0","0","0","0","0","0","0","0","0","0","0","0","0","0","0","0","0","0"
"0x71cecf773dc0","      BAR.SYNC.DEFER_BLOCKING 0x0","0","0","0","0","0","0","0","0","32","0","-","-","-","0","0","0","0","0","0","0","0","0","0","0","0","0","0","0","0","0","0","0","0","0","0","0","0","0","0","0","0","0","0","0","0","0","0","0","0","0","0","0","0","0","0"
"0x71cecf773dd0","      ISETP.GE.AND P3, PT, R24, UR5, PT","0","0","0","0","0","0","0","0","32","0","-","-","-","0","0","0","0","0","0","0","0","0","0","0","0","0","0","0","0","0","0","0","0","0","0","0","0","0","0","0","0","0","0","0","0","0","0","0","0","0","0","0","0","0","0"
"0x71cecf773de0","      LDS.128 R4, [R170+UR4]","0","0","0","0","0","0","0","0","32","0","","","","0","0","0","0","0","0","0","0","0","0","0","0","0","0","0","0","0","0","0","0","0","0","0","0","0","0","0","0","0","0","0","0","0","0","0","0","0","0","0","0","0","0"
"0x71cecf773df0","      LDS.128 R16, [R170+UR4+0x100]","0","0","0","0","0","0","0","0","32","0","","","","0","0","0","0","0","0","0","0","0","0","0","0","0","0","0","0","0","0","0","0","0","0","0","0","0","0","0","0","0","0","0","0","0","0","0","0","0","0","0","0","0","0"
"0x71cecf773e00","      SEL R8, R2, RZ, !P3","0","0","0","0","0","0","0","0","32","0","-","-","-","0","0","0","0","0","0","0","0","0","0","0","0","0","0","0","0","0","0","0","0","0","0","0","0","0","0","0","0","0","0","0","0","0","0","0","0","0","0","0","0","0","0"
"0x71cecf773e10","      LDS.128 R12, [R170+UR4+0x440]","0","0","0","0","0","0","0","0","32","0","","","","0","0","0","0","0","0","0","0","0","0","0","0","0","0","0","0","0","0","0","0","0","0","0","0","0","0","0","0","0","0","0","0","0","0","0","0","0","0","0","0","0","0"
"0x71cecf773e20","      ISETP.NE.U32.AND P5, PT, R8, RZ, PT","0","0","0","0","0","0","0","0","32","0","-","-","-","0","0","0","0","0","0","0","0","0","0","0","0","0","0","0","0","0","0","0","0","0","0","0","0","0","0","0","0","0","0","0","0","0","0","0","0","0","0","0","0","0","0"
"0x71cecf773e30","      LDS.128 R8, [R170+UR4+0x540]","0","0","0","0","0","0","0","0","32","0","","","","0","0","0","0","0","0","0","0","0","0","0","0","0","0","0","0","0","0","0","0","0","0","0","0","0","0","0","0","0","0","0","0","0","0","0","0","0","0","0","0","0","0"
"0x71cecf773e40","      ISETP.GE.AND P2, PT, R25, UR5, PT","0","0","0","0","0","0","0","0","32","0","-","-","-","0","0","0","0","0","0","0","0","0","0","0","0","0","0","0","0","0","0","0","0","0","0","0","0","0","0","0","0","0","0","0","0","0","0","0","0","0","0","0","0","0","0"
"0x71cecf773e50","      SEL R20, R3, RZ, !P3","0","0","0","0","0","0","0","0","32","0","-","-","-","0","0","0","0","0","0","0","0","0","0","0","0","0","0","0","0","0","0","0","0","0","0","0","0","0","0","0","0","0","0","0","0","0","0","0","0","0","0","0","0","0","0"
"0x71cecf773e60","      SEL R25, R2, RZ, !P2","0","0","0","0","0","0","0","0","32","0","-","-","-","0","0","0","0","0","0","0","0","0","0","0","0","0","0","0","0","0","0","0","0","0","0","0","0","0","0","0","0","0","0","0","0","0","0","0","0","0","0","0","0","0","0"
"0x71cecf773e70","      ISETP.NE.U32.AND P4, PT, R20, RZ, PT","0","0","0","0","0","0","0","0","32","0","-","-","-","0","0","0","0","0","0","0","0","0","0","0","0","0","0","0","0","0","0","0","0","0","0","0","0","0","0","0","0","0","0","0","0","0","0","0","0","0","0","0","0","0","0"
"0x71cecf773e80","      IADD3 R28, PT, PT, R165, 0x18, RZ","0","0","0","0","0","0","0","0","32","0","-","-","-","0","0","0","0","0","0","0","0","0","0","0","0","0","0","0","0","0","0","0","0","0","0","0","0","0","0","0","0","0","0","0","0","0","0","0","0","0","0","0","0","0","0"
"0x71cecf773e90","      MOV.64 R20, UR8","0","0","0","0","0","0","0","0","32","0","-","-","-","0","0","0","0","0","0","0","0","0","0","0","0","0","0","0","0","0","0","0","0","0","0","0","0","0","0","0","0","0","0","0","0","0","0","0","0","0","0","0","0","0","0"
"0x71cecf773ea0","      ISETP.NE.U32.AND P3, PT, R25, RZ, PT","0","0","0","0","0","0","0","0","32","0","-","-","-","0","0","0","0","0","0","0","0","0","0","0","0","0","0","0","0","0","0","0","0","0","0","0","0","0","0","0","0","0","0","0","0","0","0","0","0","0","0","0","0","0","0"
"0x71cecf773eb0","      ISETP.LT.AND P6, PT, R28, UR5, P1","0","0","0","0","0","0","0","0","32","0","-","-","-","0","0","0","0","0","0","0","0","0","0","0","0","0","0","0","0","0","0","0","0","0","0","0","0","0","0","0","0","0","0","0","0","0","0","0","0","0","0","0","0","0","0"
"0x71cecf773ec0","      UIMAD UR6, UR9, 0x3, URZ","0","0","0","0","0","0","0","0","32","0","-","-","-","0","0","0","0","0","0","0","0","0","0","0","0","0","0","0","0","0","0","0","0","0","0","0","0","0","0","0","0","0","0","0","0","0","0","0","0","0","0","0","0","0","0"
"0x71cecf773ed0","      IMAD.WIDE.U32 R30, R20, 0x3, R172","0","0","0","0","0","0","0","0","32","0","-","-","-","0","0","0","0","0","0","0","0","0","0","0","0","0","0","0","0","0","0","0","0","0","0","0","0","0","0","0","0","0","0","0","0","0","0","0","0","0","0","0","0","0","0"
"0x71cecf773ee0","      IADD.64 R26, R26, UR8","0","0","0","0","0","0","0","0","32","0","-","-","-","0","0","0","0","0","0","0","0","0","0","0","0","0","0","0","0","0","0","0","0","0","0","0","0","0","0","0","0","0","0","0","0","0","0","0","0","0","0","0","0","0","0"
"0x71cecf773ef0","      IADD3 R31, PT, PT, R31, UR6, RZ","0","0","0","0","0","0","0","0","32","0","-","-","-","0","0","0","0","0","0","0","0","0","0","0","0","0","0","0","0","0","0","0","0","0","0","0","0","0","0","0","0","0","0","0","0","0","0","0","0","0","0","0","0","0","0"
"0x71cecf773f00","      FMUL R33, R144, R171","0","0","0","0","0","0","0","0","32","0","-","-","-","0","0","0","0","0","0","0","0","0","0","0","0","0","0","0","0","0","0","0","0","0","0","0","0","0","0","0","0","0","0","0","0","0","0","0","0","0","0","0","0","0","0"
"0x71cecf773f10","      FMUL R24, R145, R171","0","0","0","0","0","0","0","0","32","0","-","-","-","0","0","0","0","0","0","0","0","0","0","0","0","0","0","0","0","0","0","0","0","0","0","0","0","0","0","0","0","0","0","0","0","0","0","0","0","0","0","0","0","0","0"
"0x71cecf773f20","      FMUL R29, R146, R171","0","0","0","0","0","0","0","0","32","0","-","-","-","0","0","0","0","0","0","0","0","0","0","0","0","0","0","0","0","0","0","0","0","0","0","0","0","0","0","0","0","0","0","0","0","0","0","0","0","0","0","0","0","0","0"
"0x71cecf773f30","      FFMA R33, R4, R167, R33","0","0","0","0","0","0","0","0","32","0","-","-","-","0","0","0","0","0","0","0","0","0","0","0","0","0","0","0","0","0","0","0","0","0","0","0","0","0","0","0","0","0","0","0","0","0","0","0","0","0","0","0","0","0","0"
"0x71cecf773f40","      FMUL R4, R147, R171","0","0","0","0","0","0","0","0","32","0","-","-","-","0","0","0","0","0","0","0","0","0","0","0","0","0","0","0","0","0","0","0","0","0","0","0","0","0","0","0","0","0","0","0","0","0","0","0","0","0","0","0","0","0","0"
"0x71cecf773f50","      FFMA R5, R5, R167, R24","0","0","0","0","0","0","0","0","32","0","-","-","-","0","0","0","0","0","0","0","0","0","0","0","0","0","0","0","0","0","0","0","0","0","0","0","0","0","0","0","0","0","0","0","0","0","0","0","0","0","0","0","0","0","0"
"0x71cecf773f60","      FFMA R29, R6, R167, R29","0","0","0","0","0","0","0","0","32","0","-","-","-","0","0","0","0","0","0","0","0","0","0","0","0","0","0","0","0","0","0","0","0","0","0","0","0","0","0","0","0","0","0","0","0","0","0","0","0","0","0","0","0","0","0"
"0x71cecf773f70","      FFMA R7, R7, R167, R4","0","0","0","0","0","0","0","0","32","0","-","-","-","0","0","0","0","0","0","0","0","0","0","0","0","0","0","0","0","0","0","0","0","0","0","0","0","0","0","0","0","0","0","0","0","0","0","0","0","0","0","0","0","0","0"
"0x71cecf773f80","      SEL R24, R3, RZ, !P2","0","0","0","0","0","0","0","0","32","0","-","-","-","0","0","0","0","0","0","0","0","0","0","0","0","0","0","0","0","0","0","0","0","0","0","0","0","0","0","0","0","0","0","0","0","0","0","0","0","0","0","0","0","0","0"
"0x71cecf773f90","      FMNMX R4, R33, R166, !PT","0","0","0","0","0","0","0","0","32","0","-","-","-","0","0","0","0","0","0","0","0","0","0","0","0","0","0","0","0","0","0","0","0","0","0","0","0","0","0","0","0","0","0","0","0","0","0","0","0","0","0","0","0","0","0"
"0x71cecf773fa0","      FMNMX R5, R5, R166, !PT","0","0","0","0","0","0","0","0","32","0","-","-","-","0","0","0","0","0","0","0","0","0","0","0","0","0","0","0","0","0","0","0","0","0","0","0","0","0","0","0","0","0","0","0","0","0","0","0","0","0","0","0","0","0","0"
"0x71cecf773fb0","      FMNMX R6, R29, R166, !PT","0","0","0","0","0","0","0","0","32","0","-","-","-","0","0","0","0","0","0","0","0","0","0","0","0","0","0","0","0","0","0","0","0","0","0","0","0","0","0","0","0","0","0","0","0","0","0","0","0","0","0","0","0","0","0"
"0x71cecf773fc0","      FMNMX R7, R7, R166, !PT","0","0","0","0","0","0","0","0","32","0","-","-","-","0","0","0","0","0","0","0","0","0","0","0","0","0","0","0","0","0","0","0","0","0","0","0","0","0","0","0","0","0","0","0","0","0","0","0","0","0","0","0","0","0","0"
"0x71cecf773fd0","      FMUL R53, R140, R171","0","0","0","0","0","0","0","0","32","0","-","-","-","0","0","0","0","0","0","0","0","0","0","0","0","0","0","0","0","0","0","0","0","0","0","0","0","0","0","0","0","0","0","0","0","0","0","0","0","0","0","0","0","0","0"
"0x71cecf773fe0","      ISETP.NE.U32.AND P2, PT, R24, RZ, PT","0","0","0","0","0","0","0","0","32","0","-","-","-","0","0","0","0","0","0","0","0","0","0","0","0","0","0","0","0","0","0","0","0","0","0","0","0","0","0","0","0","0","0","0","0","0","0","0","0","0","0","0","0","0","0"
"0x71cecf773ff0","      FMUL R24, R141, R171","0","0","0","0","0","0","0","0","32","0","-","-","-","0","0","0","0","0","0","0","0","0","0","0","0","0","0","0","0","0","0","0","0","0","0","0","0","0","0","0","0","0","0","0","0","0","0","0","0","0","0","0","0","0","0"
"0x71cecf774000","@P5   STG.E.128 [R22.64+UR10], R4","0","0","0","0","0","0","0","0","32","0","","","","0","0","0","0","0","0","0","0","0","0","0","0","0","0","0","0","0","0","0","0","0","0","0","0","0","0","0","0","0","0","0","0","0","0","0","0","0","0","0","0","0","0"
"0x71cecf774010","      FFMA R53, R16, R167, R53","0","0","0","0","0","0","0","0","32","0","-","-","-","0","0","0","0","0","0","0","0","0","0","0","0","0","0","0","0","0","0","0","0","0","0","0","0","0","0","0","0","0","0","0","0","0","0","0","0","0","0","0","0","0","0"
"0x71cecf774020","      FMUL R16, R143, R171","0","0","0","0","0","0","0","0","32","0","-","-","-","0","0","0","0","0","0","0","0","0","0","0","0","0","0","0","0","0","0","0","0","0","0","0","0","0","0","0","0","0","0","0","0","0","0","0","0","0","0","0","0","0","0"
"0x71cecf774030","      FMUL R45, R142, R171","0","0","0","0","0","0","0","0","32","0","-","-","-","0","0","0","0","0","0","0","0","0","0","0","0","0","0","0","0","0","0","0","0","0","0","0","0","0","0","0","0","0","0","0","0","0","0","0","0","0","0","0","0","0","0"
"0x71cecf774040","      FFMA R49, R17, R167, R24","0","0","0","0","0","0","0","0","32","0","-","-","-","0","0","0","0","0","0","0","0","0","0","0","0","0","0","0","0","0","0","0","0","0","0","0","0","0","0","0","0","0","0","0","0","0","0","0","0","0","0","0","0","0","0"
"0x71cecf774050","      FMUL R17, R134, R171","0","0","0","0","0","0","0","0","32","0","-","-","-","0","0","0","0","0","0","0","0","0","0","0","0","0","0","0","0","0","0","0","0","0","0","0","0","0","0","0","0","0","0","0","0","0","0","0","0","0","0","0","0","0","0"
"0x71cecf774060","      FFMA R41, R19, R167, R16","0","0","0","0","0","0","0","0","32","0","-","-","-","0","0","0","0","0","0","0","0","0","0","0","0","0","0","0","0","0","0","0","0","0","0","0","0","0","0","0","0","0","0","0","0","0","0","0","0","0","0","0","0","0","0"
"0x71cecf774070","      FMUL R19, R132, R171","0","0","0","0","0","0","0","0","32","0","-","-","-","0","0","0","0","0","0","0","0","0","0","0","0","0","0","0","0","0","0","0","0","0","0","0","0","0","0","0","0","0","0","0","0","0","0","0","0","0","0","0","0","0","0"
"0x71cecf774080","      FMUL R37, R136, R171","0","0","0","0","0","0","0","0","32","0","-","-","-","0","0","0","0","0","0","0","0","0","0","0","0","0","0","0","0","0","0","0","0","0","0","0","0","0","0","0","0","0","0","0","0","0","0","0","0","0","0","0","0","0","0"
"0x71cecf774090","      FFMA R45, R18, R167, R45","0","0","0","0","0","0","0","0","32","0","-","-","-","0","0","0","0","0","0","0","0","0","0","0","0","0","0","0","0","0","0","0","0","0","0","0","0","0","0","0","0","0","0","0","0","0","0","0","0","0","0","0","0","0","0"
"0x71cecf7740a0","      FMUL R16, R137, R171","0","0","0","0","0","0","0","0","32","0","-","-","-","0","0","0","0","0","0","0","0","0","0","0","0","0","0","0","0","0","0","0","0","0","0","0","0","0","0","0","0","0","0","0","0","0","0","0","0","0","0","0","0","0","0"
"0x71cecf7740b0","      FMUL R33, R138, R171","0","0","0","0","0","0","0","0","32","0","-","-","-","0","0","0","0","0","0","0","0","0","0","0","0","0","0","0","0","0","0","0","0","0","0","0","0","0","0","0","0","0","0","0","0","0","0","0","0","0","0","0","0","0","0"
"0x71cecf7740c0","      FFMA R19, R8, R167, R19","0","0","0","0","0","0","0","0","32","0","-","-","-","0","0","0","0","0","0","0","0","0","0","0","0","0","0","0","0","0","0","0","0","0","0","0","0","0","0","0","0","0","0","0","0","0","0","0","0","0","0","0","0","0","0"
"0x71cecf7740d0","      FFMA R17, R10, R167, R17","0","0","0","0","0","0","0","0","32","0","-","-","-","0","0","0","0","0","0","0","0","0","0","0","0","0","0","0","0","0","0","0","0","0","0","0","0","0","0","0","0","0","0","0","0","0","0","0","0","0","0","0","0","0","0"
"0x71cecf7740e0","      FFMA R37, R12, R167, R37","0","0","0","0","0","0","0","0","32","0","-","-","-","0","0","0","0","0","0","0","0","0","0","0","0","0","0","0","0","0","0","0","0","0","0","0","0","0","0","0","0","0","0","0","0","0","0","0","0","0","0","0","0","0","0"
"0x71cecf7740f0","      FFMA R35, R13, R167, R16","0","0","0","0","0","0","0","0","32","0","-","-","-","0","0","0","0","0","0","0","0","0","0","0","0","0","0","0","0","0","0","0","0","0","0","0","0","0","0","0","0","0","0","0","0","0","0","0","0","0","0","0","0","0","0"
"0x71cecf774100","      FFMA R33, R14, R167, R33","0","0","0","0","0","0","0","0","32","0","-","-","-","0","0","0","0","0","0","0","0","0","0","0","0","0","0","0","0","0","0","0","0","0","0","0","0","0","0","0","0","0","0","0","0","0","0","0","0","0","0","0","0","0","0"
"0x71cecf774110","      IADD.64 R24, R22, UR10","0","0","0","0","0","0","0","0","32","0","-","-","-","0","0","0","0","0","0","0","0","0","0","0","0","0","0","0","0","0","0","0","0","0","0","0","0","0","0","0","0","0","0","0","0","0","0","0","0","0","0","0","0","0","0"
"0x71cecf774120","      FMNMX R12, R53, R166, !PT","0","0","0","0","0","0","0","0","32","0","-","-","-","0","0","0","0","0","0","0","0","0","0","0","0","0","0","0","0","0","0","0","0","0","0","0","0","0","0","0","0","0","0","0","0","0","0","0","0","0","0","0","0","0","0"
"0x71cecf774130","      FMNMX R13, R49, R166, !PT","0","0","0","0","0","0","0","0","32","0","-","-","-","0","0","0","0","0","0","0","0","0","0","0","0","0","0","0","0","0","0","0","0","0","0","0","0","0","0","0","0","0","0","0","0","0","0","0","0","0","0","0","0","0","0"
"0x71cecf774140","      FMUL R4, R139, R171","0","0","0","0","0","0","0","0","32","0","-","-","-","0","0","0","0","0","0","0","0","0","0","0","0","0","0","0","0","0","0","0","0","0","0","0","0","0","0","0","0","0","0","0","0","0","0","0","0","0","0","0","0","0","0"
"0x71cecf774150","      FMUL R6, R133, R171","0","0","0","0","0","0","0","0","32","0","-","-","-","0","0","0","0","0","0","0","0","0","0","0","0","0","0","0","0","0","0","0","0","0","0","0","0","0","0","0","0","0","0","0","0","0","0","0","0","0","0","0","0","0","0"
"0x71cecf774160","      FFMA R29, R15, R167, R4","0","0","0","0","0","0","0","0","32","0","-","-","-","0","0","0","0","0","0","0","0","0","0","0","0","0","0","0","0","0","0","0","0","0","0","0","0","0","0","0","0","0","0","0","0","0","0","0","0","0","0","0","0","0","0"
"0x71cecf774170","      FMUL R4, R135, R171","0","0","0","0","0","0","0","0","32","0","-","-","-","0","0","0","0","0","0","0","0","0","0","0","0","0","0","0","0","0","0","0","0","0","0","0","0","0","0","0","0","0","0","0","0","0","0","0","0","0","0","0","0","0","0"
"0x71cecf774180","      FFMA R5, R9, R167, R6","0","0","0","0","0","0","0","0","32","0","-","-","-","0","0","0","0","0","0","0","0","0","0","0","0","0","0","0","0","0","0","0","0","0","0","0","0","0","0","0","0","0","0","0","0","0","0","0","0","0","0","0","0","0","0"
"0x71cecf774190","      FFMA R7, R11, R167, R4","0","0","0","0","0","0","0","0","32","0","-","-","-","0","0","0","0","0","0","0","0","0","0","0","0","0","0","0","0","0","0","0","0","0","0","0","0","0","0","0","0","0","0","0","0","0","0","0","0","0","0","0","0","0","0"
"0x71cecf7741a0","      FMNMX R14, R45, R166, !PT","0","0","0","0","0","0","0","0","32","0","-","-","-","0","0","0","0","0","0","0","0","0","0","0","0","0","0","0","0","0","0","0","0","0","0","0","0","0","0","0","0","0","0","0","0","0","0","0","0","0","0","0","0","0","0"
"0x71cecf7741b0","      FMNMX R15, R41, R166, !PT","0","0","0","0","0","0","0","0","32","0","-","-","-","0","0","0","0","0","0","0","0","0","0","0","0","0","0","0","0","0","0","0","0","0","0","0","0","0","0","0","0","0","0","0","0","0","0","0","0","0","0","0","0","0","0"
"0x71cecf7741c0","      FMNMX R11, R29, R166, !PT","0","0","0","0","0","0","0","0","32","0","-","-","-","0","0","0","0","0","0","0","0","0","0","0","0","0","0","0","0","0","0","0","0","0","0","0","0","0","0","0","0","0","0","0","0","0","0","0","0","0","0","0","0","0","0"
"0x71cecf7741d0","      FMNMX R4, R19, R166, !PT","0","0","0","0","0","0","0","0","32","0","-","-","-","0","0","0","0","0","0","0","0","0","0","0","0","0","0","0","0","0","0","0","0","0","0","0","0","0","0","0","0","0","0","0","0","0","0","0","0","0","0","0","0","0","0"
"0x71cecf7741e0","      FMNMX R5, R5, R166, !PT","0","0","0","0","0","0","0","0","32","0","-","-","-","0","0","0","0","0","0","0","0","0","0","0","0","0","0","0","0","0","0","0","0","0","0","0","0","0","0","0","0","0","0","0","0","0","0","0","0","0","0","0","0","0","0"
"0x71cecf7741f0","      FMNMX R6, R17, R166, !PT","0","0","0","0","0","0","0","0","32","0","-","-","-","0","0","0","0","0","0","0","0","0","0","0","0","0","0","0","0","0","0","0","0","0","0","0","0","0","0","0","0","0","0","0","0","0","0","0","0","0","0","0","0","0","0"
"0x71cecf774200","      FMNMX R7, R7, R166, !PT","0","0","0","0","0","0","0","0","32","0","-","-","-","0","0","0","0","0","0","0","0","0","0","0","0","0","0","0","0","0","0","0","0","0","0","0","0","0","0","0","0","0","0","0","0","0","0","0","0","0","0","0","0","0","0"
"0x71cecf774210","      IADD3 R29, PT, PT, R165, 0x1a, RZ","0","0","0","0","0","0","0","0","32","0","-","-","-","0","0","0","0","0","0","0","0","0","0","0","0","0","0","0","0","0","0","0","0","0","0","0","0","0","0","0","0","0","0","0","0","0","0","0","0","0","0","0","0","0","0"
"0x71cecf774220","      ISETP.LT.AND P5, PT, R28, UR5, P0","0","0","0","0","0","0","0","0","32","0","-","-","-","0","0","0","0","0","0","0","0","0","0","0","0","0","0","0","0","0","0","0","0","0","0","0","0","0","0","0","0","0","0","0","0","0","0","0","0","0","0","0","0","0","0"
"0x71cecf774230","@P4   STG.E.128 [R22.64+UR10+0x100], R12","0","0","0","0","0","0","0","0","32","0","","","","0","0","0","0","0","0","0","0","0","0","0","0","0","0","0","0","0","0","0","0","0","0","0","0","0","0","0","0","0","0","0","0","0","0","0","0","0","0","0","0","0","0"
"0x71cecf774240","      FMNMX R8, R37, R166, !PT","0","0","0","0","0","0","0","0","32","0","-","-","-","0","0","0","0","0","0","0","0","0","0","0","0","0","0","0","0","0","0","0","0","0","0","0","0","0","0","0","0","0","0","0","0","0","0","0","0","0","0","0","0","0","0"
"0x71cecf774250","      FMNMX R9, R35, R166, !PT","0","0","0","0","0","0","0","0","32","0","-","-","-","0","0","0","0","0","0","0","0","0","0","0","0","0","0","0","0","0","0","0","0","0","0","0","0","0","0","0","0","0","0","0","0","0","0","0","0","0","0","0","0","0","0"
"0x71cecf774260","      FMNMX R10, R33, R166, !PT","0","0","0","0","0","0","0","0","32","0","-","-","-","0","0","0","0","0","0","0","0","0","0","0","0","0","0","0","0","0","0","0","0","0","0","0","0","0","0","0","0","0","0","0","0","0","0","0","0","0","0","0","0","0","0"
"0x71cecf774270","@P2   STG.E.128 [R24.64+UR12+0x100], R4","0","0","0","0","0","0","0","0","32","0","","","","0","0","0","0","0","0","0","0","0","0","0","0","0","0","0","0","0","0","0","0","0","0","0","0","0","0","0","0","0","0","0","0","0","0","0","0","0","0","0","0","0","0"
"0x71cecf774280","      ISETP.LT.AND P2, PT, R29, UR5, P1","0","0","0","0","0","0","0","0","32","0","-","-","-","0","0","0","0","0","0","0","0","0","0","0","0","0","0","0","0","0","0","0","0","0","0","0","0","0","0","0","0","0","0","0","0","0","0","0","0","0","0","0","0","0","0"
"0x71cecf774290","@P3   STG.E.128 [R24.64+UR12], R8","0","0","0","0","0","0","0","0","32","0","","","","0","0","0","0","0","0","0","0","0","0","0","0","0","0","0","0","0","0","0","0","0","0","0","0","0","0","0","0","0","0","0","0","0","0","0","0","0","0","0","0","0","0"
"0x71cecf7742a0","      ISETP.LT.AND P3, PT, R29, UR5, P0","0","0","0","0","0","0","0","0","32","0","-","-","-","0","0","0","0","0","0","0","0","0","0","0","0","0","0","0","0","0","0","0","0","0","0","0","0","0","0","0","0","0","0","0","0","0","0","0","0","0","0","0","0","0","0"
"0x71cecf7742b0","@P6   LDG.E.LTC128B.128 R144, [R30]","0","0","0","0","0","0","0","0","32","0","","","","0","0","0","0","0","0","0","0","0","0","0","0","0","0","0","0","0","0","0","0","0","0","0","0","0","0","0","0","0","0","0","0","0","0","0","0","0","0","0","0","0","0"
"0x71cecf7742c0","@P5   LDG.E.LTC128B.128 R140, [R30+0x100]","0","0","0","0","0","0","0","0","32","0","","","","0","0","0","0","0","0","0","0","0","0","0","0","0","0","0","0","0","0","0","0","0","0","0","0","0","0","0","0","0","0","0","0","0","0","0","0","0","0","0","0","0","0"
"0x71cecf7742d0","@P2   LDG.E.LTC128B.128 R136, [R26.64+UR8]","0","0","0","0","0","0","0","0","32","0","","","","0","0","0","0","0","0","0","0","0","0","0","0","0","0","0","0","0","0","0","0","0","0","0","0","0","0","0","0","0","0","0","0","0","0","0","0","0","0","0","0","0","0"
"0x71cecf7742e0","@P3   LDG.E.LTC128B.128 R132, [R26.64+UR8+0x100]","0","0","0","0","0","0","0","0","32","0","","","","0","0","0","0","0","0","0","0","0","0","0","0","0","0","0","0","0","0","0","0","0","0","0","0","0","0","0","0","0","0","0","0","0","0","0","0","0","0","0","0","0","0"
"0x71cecf7742f0","      BAR.SYNC.DEFER_BLOCKING 0x0","0","0","0","0","0","0","0","0","32","0","-","-","-","0","0","0","0","0","0","0","0","0","0","0","0","0","0","0","0","0","0","0","0","0","0","0","0","0","0","0","0","0","0","0","0","0","0","0","0","0","0","0","0","0","0"
"0x71cecf774300","      STS.64 [R164], R66","0","0","0","0","0","0","0","0","32","0","","","","0","0","0","0","0","0","0","0","0","0","0","0","0","0","0","0","0","0","0","0","0","0","0","0","0","0","0","0","0","0","0","0","0","0","0","0","0","0","0","0","0","0"
"0x71cecf774310","      STS.64 [R164+0x20], R62","0","0","0","0","0","0","0","0","32","0","","","","0","0","0","0","0","0","0","0","0","0","0","0","0","0","0","0","0","0","0","0","0","0","0","0","0","0","0","0","0","0","0","0","0","0","0","0","0","0","0","0","0","0"
"0x71cecf774320","      STS.64 [R164+0x40], R58","0","0","0","0","0","0","0","0","32","0","","","","0","0","0","0","0","0","0","0","0","0","0","0","0","0","0","0","0","0","0","0","0","0","0","0","0","0","0","0","0","0","0","0","0","0","0","0","0","0","0","0","0","0"
"0x71cecf774330","      STS.64 [R164+0x60], R54","0","0","0","0","0","0","0","0","32","0","","","","0","0","0","0","0","0","0","0","0","0","0","0","0","0","0","0","0","0","0","0","0","0","0","0","0","0","0","0","0","0","0","0","0","0","0","0","0","0","0","0","0","0"
"0x71cecf774340","      STS.64 [R164+0x80], R50","0","0","0","0","0","0","0","0","32","0","","","","0","0","0","0","0","0","0","0","0","0","0","0","0","0","0","0","0","0","0","0","0","0","0","0","0","0","0","0","0","0","0","0","0","0","0","0","0","0","0","0","0","0"
"0x71cecf774350","      STS.64 [R164+0xa0], R46","0","0","0","0","0","0","0","0","32","0","","","","0","0","0","0","0","0","0","0","0","0","0","0","0","0","0","0","0","0","0","0","0","0","0","0","0","0","0","0","0","0","0","0","0","0","0","0","0","0","0","0","0","0"
"0x71cecf774360","      STS.64 [R164+0xc0], R42","0","0","0","0","0","0","0","0","32","0","","","","0","0","0","0","0","0","0","0","0","0","0","0","0","0","0","0","0","0","0","0","0","0","0","0","0","0","0","0","0","0","0","0","0","0","0","0","0","0","0","0","0","0"
"0x71cecf774370","      STS.64 [R164+0xe0], R38","0","0","0","0","0","0","0","0","32","0","","","","0","0","0","0","0","0","0","0","0","0","0","0","0","0","0","0","0","0","0","0","0","0","0","0","0","0","0","0","0","0","0","0","0","0","0","0","0","0","0","0","0","0"
"0x71cecf774380","      BAR.SYNC.DEFER_BLOCKING 0x0","0","0","0","0","0","0","0","0","32","0","-","-","-","0","0","0","0","0","0","0","0","0","0","0","0","0","0","0","0","0","0","0","0","0","0","0","0","0","0","0","0","0","0","0","0","0","0","0","0","0","0","0","0","0","0"
"0x71cecf774390","      LDS.128 R16, [R170+UR4]","0","0","0","0","0","0","0","0","32","0","","","","0","0","0","0","0","0","0","0","0","0","0","0","0","0","0","0","0","0","0","0","0","0","0","0","0","0","0","0","0","0","0","0","0","0","0","0","0","0","0","0","0","0"
"0x71cecf7743a0","      LDS.128 R12, [R170+UR4+0x100]","0","0","0","0","0","0","0","0","32","0","","","","0","0","0","0","0","0","0","0","0","0","0","0","0","0","0","0","0","0","0","0","0","0","0","0","0","0","0","0","0","0","0","0","0","0","0","0","0","0","0","0","0","0"
"0x71cecf7743b0","      LDS.128 R8, [R170+UR4+0x440]","0","0","0","0","0","0","0","0","32","0","","","","0","0","0","0","0","0","0","0","0","0","0","0","0","0","0","0","0","0","0","0","0","0","0","0","0","0","0","0","0","0","0","0","0","0","0","0","0","0","0","0","0","0"
"0x71cecf7743c0","      LDS.128 R4, [R170+UR4+0x540]","0","0","0","0","0","0","0","0","32","0","","","","0","0","0","0","0","0","0","0","0","0","0","0","0","0","0","0","0","0","0","0","0","0","0","0","0","0","0","0","0","0","0","0","0","0","0","0","0","0","0","0","0","0"
"0x71cecf7743d0","      ISETP.GE.AND P4, PT, R28, UR5, PT","0","0","0","0","0","0","0","0","32","0","-","-","-","0","0","0","0","0","0","0","0","0","0","0","0","0","0","0","0","0","0","0","0","0","0","0","0","0","0","0","0","0","0","0","0","0","0","0","0","0","0","0","0","0","0"
"0x71cecf7743e0","      ISETP.GE.AND P3, PT, R29, UR5, PT","0","0","0","0","0","0","0","0","32","0","-","-","-","0","0","0","0","0","0","0","0","0","0","0","0","0","0","0","0","0","0","0","0","0","0","0","0","0","0","0","0","0","0","0","0","0","0","0","0","0","0","0","0","0","0"
"0x71cecf7743f0","      LEA R28, P2, R20, R172, 0x2","0","0","0","0","0","0","0","0","32","0","-","-","-","0","0","0","0","0","0","0","0","0","0","0","0","0","0","0","0","0","0","0","0","0","0","0","0","0","0","0","0","0","0","0","0","0","0","0","0","0","0","0","0","0","0"
"0x71cecf774400","      SEL R30, R3, RZ, !P4","0","0","0","0","0","0","0","0","32","0","-","-","-","0","0","0","0","0","0","0","0","0","0","0","0","0","0","0","0","0","0","0","0","0","0","0","0","0","0","0","0","0","0","0","0","0","0","0","0","0","0","0","0","0","0"
"0x71cecf774410","      SEL R22, R3, RZ, !P3","0","0","0","0","0","0","0","0","32","0","-","-","-","0","0","0","0","0","0","0","0","0","0","0","0","0","0","0","0","0","0","0","0","0","0","0","0","0","0","0","0","0","0","0","0","0","0","0","0","0","0","0","0","0","0"
"0x71cecf774420","      SEL R31, R2, RZ, !P4","0","0","0","0","0","0","0","0","32","0","-","-","-","0","0","0","0","0","0","0","0","0","0","0","0","0","0","0","0","0","0","0","0","0","0","0","0","0","0","0","0","0","0","0","0","0","0","0","0","0","0","0","0","0","0"
"0x71cecf774430","      SEL R23, R2, RZ, !P3","0","0","0","0","0","0","0","0","32","0","-","-","-","0","0","0","0","0","0","0","0","0","0","0","0","0","0","0","0","0","0","0","0","0","0","0","0","0","0","0","0","0","0","0","0","0","0","0","0","0","0","0","0","0","0"
"0x71cecf774440","      LEA.HI.X R29, R20, R173, R21, 0x2, P2","0","0","0","0","0","0","0","0","32","0","-","-","-","0","0","0","0","0","0","0","0","0","0","0","0","0","0","0","0","0","0","0","0","0","0","0","0","0","0","0","0","0","0","0","0","0","0","0","0","0","0","0","0","0","0"
"0x71cecf774450","      ISETP.NE.U32.AND P4, PT, R30, RZ, PT","0","0","0","0","0","0","0","0","32","0","-","-","-","0","0","0","0","0","0","0","0","0","0","0","0","0","0","0","0","0","0","0","0","0","0","0","0","0","0","0","0","0","0","0","0","0","0","0","0","0","0","0","0","0","0"
"0x71cecf774460","      ISETP.NE.U32.AND P2, PT, R22, RZ, PT","0","0","0","0","0","0","0","0","32","0","-","-","-","0","0","0","0","0","0","0","0","0","0","0","0","0","0","0","0","0","0","0","0","0","0","0","0","0","0","0","0","0","0","0","0","0","0","0","0","0","0","0","0","0","0"
"0x71cecf774470","      ISETP.NE.U32.AND P5, PT, R31, RZ, PT","0","0","0","0","0","0","0","0","32","0","-","-","-","0","0","0","0","0","0","0","0","0","0","0","0","0","0","0","0","0","0","0","0","0","0","0","0","0","0","0","0","0","0","0","0","0","0","0","0","0","0","0","0","0","0"
"0x71cecf774480","      ISETP.NE.U32.AND P3, PT, R23, RZ, PT","0","0","0","0","0","0","0","0","32","0","-","-","-","0","0","0","0","0","0","0","0","0","0","0","0","0","0","0","0","0","0","0","0","0","0","0","0","0","0","0","0","0","0","0","0","0","0","0","0","0","0","0","0","0","0"
"0x71cecf774490","      IADD3 R21, PT, PT, R165, 0x20, RZ","0","0","0","0","0","0","0","0","32","0","-","-","-","0","0","0","0","0","0","0","0","0","0","0","0","0","0","0","0","0","0","0","0","0","0","0","0","0","0","0","0","0","0","0","0","0","0","0","0","0","0","0","0","0","0"
"0x71cecf7744a0","      IADD.64 R26, R26, UR8","0","0","0","0","0","0","0","0","32","0","-","-","-","0","0","0","0","0","0","0","0","0","0","0","0","0","0","0","0","0","0","0","0","0","0","0","0","0","0","0","0","0","0","0","0","0","0","0","0","0","0","0","0","0","0"
"0x71cecf7744b0","      FMUL R45, R144, R171","0","0","0","0","0","0","0","0","32","0","-","-","-","0","0","0","0","0","0","0","0","0","0","0","0","0","0","0","0","0","0","0","0","0","0","0","0","0","0","0","0","0","0","0","0","0","0","0","0","0","0","0","0","0","0"
"0x71cecf7744c0","      FMUL R43, R146, R171","0","0","0","0","0","0","0","0","32","0","-","-","-","0","0","0","0","0","0","0","0","0","0","0","0","0","0","0","0","0","0","0","0","0","0","0","0","0","0","0","0","0","0","0","0","0","0","0","0","0","0","0","0","0","0"
"0x71cecf7744d0","      FMUL R41, R140, R171","0","0","0","0","0","0","0","0","32","0","-","-","-","0","0","0","0","0","0","0","0","0","0","0","0","0","0","0","0","0","0","0","0","0","0","0","0","0","0","0","0","0","0","0","0","0","0","0","0","0","0","0","0","0","0"
"0x71cecf7744e0","      FMUL R39, R142, R171","0","0","0","0","0","0","0","0","32","0","-","-","-","0","0","0","0","0","0","0","0","0","0","0","0","0","0","0","0","0","0","0","0","0","0","0","0","0","0","0","0","0","0","0","0","0","0","0","0","0","0","0","0","0","0"
"0x71cecf7744f0","      FFMA R45, R16, R167, R45","0","0","0","0","0","0","0","0","32","0","-","-","-","0","0","0","0","0","0","0","0","0","0","0","0","0","0","0","0","0","0","0","0","0","0","0","0","0","0","0","0","0","0","0","0","0","0","0","0","0","0","0","0","0","0"
"0x71cecf774500","      FFMA R43, R18, R167, R43","0","0","0","0","0","0","0","0","32","0","-","-","-","0","0","0","0","0","0","0","0","0","0","0","0","0","0","0","0","0","0","0","0","0","0","0","0","0","0","0","0","0","0","0","0","0","0","0","0","0","0","0","0","0","0"
"0x71cecf774510","      FMUL R30, R145, R171","0","0","0","0","0","0","0","0","32","0","-","-","-","0","0","0","0","0","0","0","0","0","0","0","0","0","0","0","0","0","0","0","0","0","0","0","0","0","0","0","0","0","0","0","0","0","0","0","0","0","0","0","0","0","0"
"0x71cecf774520","      FMUL R22, R147, R171","0","0","0","0","0","0","0","0","32","0","-","-","-","0","0","0","0","0","0","0","0","0","0","0","0","0","0","0","0","0","0","0","0","0","0","0","0","0","0","0","0","0","0","0","0","0","0","0","0","0","0","0","0","0","0"
"0x71cecf774530","      FMUL R18, R141, R171","0","0","0","0","0","0","0","0","32","0","-","-","-","0","0","0","0","0","0","0","0","0","0","0","0","0","0","0","0","0","0","0","0","0","0","0","0","0","0","0","0","0","0","0","0","0","0","0","0","0","0","0","0","0","0"
"0x71cecf774540","      FMUL R16, R143, R171","0","0","0","0","0","0","0","0","32","0","-","-","-","0","0","0","0","0","0","0","0","0","0","0","0","0","0","0","0","0","0","0","0","0","0","0","0","0","0","0","0","0","0","0","0","0","0","0","0","0","0","0","0","0","0"
"0x71cecf774550","      FFMA R41, R12, R167, R41","0","0","0","0","0","0","0","0","32","0","-","-","-","0","0","0","0","0","0","0","0","0","0","0","0","0","0","0","0","0","0","0","0","0","0","0","0","0","0","0","0","0","0","0","0","0","0","0","0","0","0","0","0","0","0"
"0x71cecf774560","      FFMA R39, R14, R167, R39","0","0","0","0","0","0","0","0","32","0","-","-","-","0","0","0","0","0","0","0","0","0","0","0","0","0","0","0","0","0","0","0","0","0","0","0","0","0","0","0","0","0","0","0","0","0","0","0","0","0","0","0","0","0","0"
"0x71cecf774570","      FMUL R37, R136, R171","0","0","0","0","0","0","0","0","32","0","-","-","-","0","0","0","0","0","0","0","0","0","0","0","0","0","0","0","0","0","0","0","0","0","0","0","0","0","0","0","0","0","0","0","0","0","0","0","0","0","0","0","0","0","0"
"0x71cecf774580","      FMUL R35, R138, R171","0","0","0","0","0","0","0","0","32","0","-","-","-","0","0","0","0","0","0","0","0","0","0","0","0","0","0","0","0","0","0","0","0","0","0","0","0","0","0","0","0","0","0","0","0","0","0","0","0","0","0","0","0","0","0"
"0x71cecf774590","      FMUL R14, R137, R171","0","0","0","0","0","0","0","0","32","0","-","-","-","0","0","0","0","0","0","0","0","0","0","0","0","0","0","0","0","0","0","0","0","0","0","0","0","0","0","0","0","0","0","0","0","0","0","0","0","0","0","0","0","0","0"
"0x71cecf7745a0","      FMUL R12, R139, R171","0","0","0","0","0","0","0","0","32","0","-","-","-","0","0","0","0","0","0","0","0","0","0","0","0","0","0","0","0","0","0","0","0","0","0","0","0","0","0","0","0","0","0","0","0","0","0","0","0","0","0","0","0","0","0"
"0x71cecf7745b0","      FFMA R17, R17, R167, R30","0","0","0","0","0","0","0","0","32","0","-","-","-","0","0","0","0","0","0","0","0","0","0","0","0","0","0","0","0","0","0","0","0","0","0","0","0","0","0","0","0","0","0","0","0","0","0","0","0","0","0","0","0","0","0"
"0x71cecf7745c0","      FFMA R19, R19, R167, R22","0","0","0","0","0","0","0","0","32","0","-","-","-","0","0","0","0","0","0","0","0","0","0","0","0","0","0","0","0","0","0","0","0","0","0","0","0","0","0","0","0","0","0","0","0","0","0","0","0","0","0","0","0","0","0"
"0x71cecf7745d0","      FFMA R13, R13, R167, R18","0","0","0","0","0","0","0","0","32","0","-","-","-","0","0","0","0","0","0","0","0","0","0","0","0","0","0","0","0","0","0","0","0","0","0","0","0","0","0","0","0","0","0","0","0","0","0","0","0","0","0","0","0","0","0"
"0x71cecf7745e0","      FFMA R15, R15, R167, R16","0","0","0","0","0","0","0","0","32","0","-","-","-","0","0","0","0","0","0","0","0","0","0","0","0","0","0","0","0","0","0","0","0","0","0","0","0","0","0","0","0","0","0","0","0","0","0","0","0","0","0","0","0","0","0"
"0x71cecf7745f0","      FFMA R37, R8, R167, R37","0","0","0","0","0","0","0","0","32","0","-","-","-","0","0","0","0","0","0","0","0","0","0","0","0","0","0","0","0","0","0","0","0","0","0","0","0","0","0","0","0","0","0","0","0","0","0","0","0","0","0","0","0","0","0"
"0x71cecf774600","      FFMA R35, R10, R167, R35","0","0","0","0","0","0","0","0","32","0","-","-","-","0","0","0","0","0","0","0","0","0","0","0","0","0","0","0","0","0","0","0","0","0","0","0","0","0","0","0","0","0","0","0","0","0","0","0","0","0","0","0","0","0","0"
"0x71cecf774610","      FFMA R9, R9, R167, R14","0","0","0","0","0","0","0","0","32","0","-","-","-","0","0","0","0","0","0","0","0","0","0","0","0","0","0","0","0","0","0","0","0","0","0","0","0","0","0","0","0","0","0","0","0","0","0","0","0","0","0","0","0","0","0"
"0x71cecf774620","      FFMA R11, R11, R167, R12","0","0","0","0","0","0","0","0","32","0","-","-","-","0","0","0","0","0","0","0","0","0","0","0","0","0","0","0","0","0","0","0","0","0","0","0","0","0","0","0","0","0","0","0","0","0","0","0","0","0","0","0","0","0","0"
"0x71cecf774630","      FMUL R10, R133, R171","0","0","0","0","0","0","0","0","32","0","-","-","-","0","0","0","0","0","0","0","0","0","0","0","0","0","0","0","0","0","0","0","0","0","0","0","0","0","0","0","0","0","0","0","0","0","0","0","0","0","0","0","0","0","0"
"0x71cecf774640","      FMUL R8, R135, R171","0","0","0","0","0","0","0","0","32","0","-","-","-","0","0","0","0","0","0","0","0","0","0","0","0","0","0","0","0","0","0","0","0","0","0","0","0","0","0","0","0","0","0","0","0","0","0","0","0","0","0","0","0","0","0"
"0x71cecf774650","      FMUL R33, R132, R171","0","0","0","0","0","0","0","0","32","0","-","-","-","0","0","0","0","0","0","0","0","0","0","0","0","0","0","0","0","0","0","0","0","0","0","0","0","0","0","0","0","0","0","0","0","0","0","0","0","0","0","0","0","0","0"
"0x71cecf774660","      FMUL R31, R134, R171","0","0","0","0","0","0","0","0","32","0","-","-","-","0","0","0","0","0","0","0","0","0","0","0","0","0","0","0","0","0","0","0","0","0","0","0","0","0","0","0","0","0","0","0","0","0","0","0","0","0","0","0","0","0","0"
"0x71cecf774670","      FFMA R5, R5, R167, R10","0","0","0","0","0","0","0","0","32","0","-","-","-","0","0","0","0","0","0","0","0","0","0","0","0","0","0","0","0","0","0","0","0","0","0","0","0","0","0","0","0","0","0","0","0","0","0","0","0","0","0","0","0","0","0"
"0x71cecf774680","      FFMA R7, R7, R167, R8","0","0","0","0","0","0","0","0","32","0","-","-","-","0","0","0","0","0","0","0","0","0","0","0","0","0","0","0","0","0","0","0","0","0","0","0","0","0","0","0","0","0","0","0","0","0","0","0","0","0","0","0","0","0","0"
"0x71cecf774690","      IADD.64 R22, R24, UR10","0","0","0","0","0","0","0","0","32","0","-","-","-","0","0","0","0","0","0","0","0","0","0","0","0","0","0","0","0","0","0","0","0","0","0","0","0","0","0","0","0","0","0","0","0","0","0","0","0","0","0","0","0","0","0"
"0x71cecf7746a0","      FMNMX R16, R45, R166, !PT","0","0","0","0","0","0","0","0","32","0","-","-","-","0","0","0","0","0","0","0","0","0","0","0","0","0","0","0","0","0","0","0","0","0","0","0","0","0","0","0","0","0","0","0","0","0","0","0","0","0","0","0","0","0","0"
"0x71cecf7746b0","      FMNMX R17, R17, R166, !PT","0","0","0","0","0","0","0","0","32","0","-","-","-","0","0","0","0","0","0","0","0","0","0","0","0","0","0","0","0","0","0","0","0","0","0","0","0","0","0","0","0","0","0","0","0","0","0","0","0","0","0","0","0","0","0"
"0x71cecf7746c0","      FMNMX R18, R43, R166, !PT","0","0","0","0","0","0","0","0","32","0","-","-","-","0","0","0","0","0","0","0","0","0","0","0","0","0","0","0","0","0","0","0","0","0","0","0","0","0","0","0","0","0","0","0","0","0","0","0","0","0","0","0","0","0","0"
"0x71cecf7746d0","      FMNMX R19, R19, R166, !PT","0","0","0","0","0","0","0","0","32","0","-","-","-","0","0","0","0","0","0","0","0","0","0","0","0","0","0","0","0","0","0","0","0","0","0","0","0","0","0","0","0","0","0","0","0","0","0","0","0","0","0","0","0","0","0"
"0x71cecf7746e0","      FMNMX R12, R41, R166, !PT","0","0","0","0","0","0","0","0","32","0","-","-","-","0","0","0","0","0","0","0","0","0","0","0","0","0","0","0","0","0","0","0","0","0","0","0","0","0","0","0","0","0","0","0","0","0","0","0","0","0","0","0","0","0","0"
"0x71cecf7746f0","      FMNMX R13, R13, R166, !PT","0","0","0","0","0","0","0","0","32","0","-","-","-","0","0","0","0","0","0","0","0","0","0","0","0","0","0","0","0","0","0","0","0","0","0","0","0","0","0","0","0","0","0","0","0","0","0","0","0","0","0","0","0","0","0"
"0x71cecf774700","      FMNMX R14, R39, R166, !PT","0","0","0","0","0","0","0","0","32","0","-","-","-","0","0","0","0","0","0","0","0","0","0","0","0","0","0","0","0","0","0","0","0","0","0","0","0","0","0","0","0","0","0","0","0","0","0","0","0","0","0","0","0","0","0"
"0x71cecf774710","      FMNMX R15, R15, R166, !PT","0","0","0","0","0","0","0","0","32","0","-","-","-","0","0","0","0","0","0","0","0","0","0","0","0","0","0","0","0","0","0","0","0","0","0","0","0","0","0","0","0","0","0","0","0","0","0","0","0","0","0","0","0","0","0"
"0x71cecf774720","      FFMA R33, R4, R167, R33","0","0","0","0","0","0","0","0","32","0","-","-","-","0","0","0","0","0","0","0","0","0","0","0","0","0","0","0","0","0","0","0","0","0","0","0","0","0","0","0","0","0","0","0","0","0","0","0","0","0","0","0","0","0","0"
"0x71cecf774730","      FFMA R31, R6, R167, R31","0","0","0","0","0","0","0","0","32","0","-","-","-","0","0","0","0","0","0","0","0","0","0","0","0","0","0","0","0","0","0","0","0","0","0","0","0","0","0","0","0","0","0","0","0","0","0","0","0","0","0","0","0","0","0"
"0x71cecf774740","      FMNMX R8, R37, R166, !PT","0","0","0","0","0","0","0","0","32","0","-","-","-","0","0","0","0","0","0","0","0","0","0","0","0","0","0","0","0","0","0","0","0","0","0","0","0","0","0","0","0","0","0","0","0","0","0","0","0","0","0","0","0","0","0"
"0x71cecf774750","      FMNMX R9, R9, R166, !PT","0","0","0","0","0","0","0","0","32","0","-","-","-","0","0","0","0","0","0","0","0","0","0","0","0","0","0","0","0","0","0","0","0","0","0","0","0","0","0","0","0","0","0","0","0","0","0","0","0","0","0","0","0","0","0"
"0x71cecf774760","      FMNMX R10, R35, R166, !PT","0","0","0","0","0","0","0","0","32","0","-","-","-","0","0","0","0","0","0","0","0","0","0","0","0","0","0","0","0","0","0","0","0","0","0","0","0","0","0","0","0","0","0","0","0","0","0","0","0","0","0","0","0","0","0"
"0x71cecf774770","      FMNMX R11, R11, R166, !PT","0","0","0","0","0","0","0","0","32","0","-","-","-","0","0","0","0","0","0","0","0","0","0","0","0","0","0","0","0","0","0","0","0","0","0","0","0","0","0","0","0","0","0","0","0","0","0","0","0","0","0","0","0","0","0"
"0x71cecf774780","@P5   STG.E.128 [R24.64+UR10], R16","0","0","0","0","0","0","0","0","32","0","","","","0","0","0","0","0","0","0","0","0","0","0","0","0","0","0","0","0","0","0","0","0","0","0","0","0","0","0","0","0","0","0","0","0","0","0","0","0","0","0","0","0","0"
"0x71cecf774790","      FMNMX R4, R33, R166, !PT","0","0","0","0","0","0","0","0","32","0","-","-","-","0","0","0","0","0","0","0","0","0","0","0","0","0","0","0","0","0","0","0","0","0","0","0","0","0","0","0","0","0","0","0","0","0","0","0","0","0","0","0","0","0","0"
"0x71cecf7747a0","      FMNMX R5, R5, R166, !PT","0","0","0","0","0","0","0","0","32","0","-","-","-","0","0","0","0","0","0","0","0","0","0","0","0","0","0","0","0","0","0","0","0","0","0","0","0","0","0","0","0","0","0","0","0","0","0","0","0","0","0","0","0","0","0"
"0x71cecf7747b0","      FMNMX R6, R31, R166, !PT","0","0","0","0","0","0","0","0","32","0","-","-","-","0","0","0","0","0","0","0","0","0","0","0","0","0","0","0","0","0","0","0","0","0","0","0","0","0","0","0","0","0","0","0","0","0","0","0","0","0","0","0","0","0","0"
"0x71cecf7747c0","@P4   STG.E.128 [R24.64+UR10+0x100], R12","0","0","0","0","0","0","0","0","32","0","","","","0","0","0","0","0","0","0","0","0","0","0","0","0","0","0","0","0","0","0","0","0","0","0","0","0","0","0","0","0","0","0","0","0","0","0","0","0","0","0","0","0","0"
"0x71cecf7747d0","      FMNMX R7, R7, R166, !PT","0","0","0","0","0","0","0","0","32","0","-","-","-","0","0","0","0","0","0","0","0","0","0","0","0","0","0","0","0","0","0","0","0","0","0","0","0","0","0","0","0","0","0","0","0","0","0","0","0","0","0","0","0","0","0"
"0x71cecf7747e0","@P3   STG.E.128 [R22.64+UR12], R8","0","0","0","0","0","0","0","0","32","0","","","","0","0","0","0","0","0","0","0","0","0","0","0","0","0","0","0","0","0","0","0","0","0","0","0","0","0","0","0","0","0","0","0","0","0","0","0","0","0","0","0","0","0"
"0x71cecf7747f0","      ISETP.LT.AND P3, PT, R21, UR5, P1","0","0","0","0","0","0","0","0","32","0","-","-","-","0","0","0","0","0","0","0","0","0","0","0","0","0","0","0","0","0","0","0","0","0","0","0","0","0","0","0","0","0","0","0","0","0","0","0","0","0","0","0","0","0","0"
"0x71cecf774800","@P2   STG.E.128 [R22.64+UR12+0x100], R4","0","0","0","0","0","0","0","0","32","0","","","","0","0","0","0","0","0","0","0","0","0","0","0","0","0","0","0","0","0","0","0","0","0","0","0","0","0","0","0","0","0","0","0","0","0","0","0","0","0","0","0","0","0"
"0x71cecf774810","      ISETP.LT.AND P2, PT, R21, UR5, P0","0","0","0","0","0","0","0","0","32","0","-","-","-","0","0","0","0","0","0","0","0","0","0","0","0","0","0","0","0","0","0","0","0","0","0","0","0","0","0","0","0","0","0","0","0","0","0","0","0","0","0","0","0","0","0"
"0x71cecf774820","      IADD3 R30, PT, PT, R165, 0x22, RZ","0","0","0","0","0","0","0","0","32","0","-","-","-","0","0","0","0","0","0","0","0","0","0","0","0","0","0","0","0","0","0","0","0","0","0","0","0","0","0","0","0","0","0","0","0","0","0","0","0","0","0","0","0","0","0"
"0x71cecf774830","@P3   LDG.E.LTC128B.128 R144, [R28]","0","0","0","0","0","0","0","0","32","0","","","","0","0","0","0","0","0","0","0","0","0","0","0","0","0","0","0","0","0","0","0","0","0","0","0","0","0","0","0","0","0","0","0","0","0","0","0","0","0","0","0","0","0"
"0x71cecf774840","      ISETP.LT.AND P3, PT, R30, UR5, P1","0","0","0","0","0","0","0","0","32","0","-","-","-","0","0","0","0","0","0","0","0","0","0","0","0","0","0","0","0","0","0","0","0","0","0","0","0","0","0","0","0","0","0","0","0","0","0","0","0","0","0","0","0","0","0"
"0x71cecf774850","@P2   LDG.E.LTC128B.128 R140, [R28+0x100]","0","0","0","0","0","0","0","0","32","0","","","","0","0","0","0","0","0","0","0","0","0","0","0","0","0","0","0","0","0","0","0","0","0","0","0","0","0","0","0","0","0","0","0","0","0","0","0","0","0","0","0","0","0"
"0x71cecf774860","      ISETP.LT.AND P2, PT, R30, UR5, P0","0","0","0","0","0","0","0","0","32","0","-","-","-","0","0","0","0","0","0","0","0","0","0","0","0","0","0","0","0","0","0","0","0","0","0","0","0","0","0","0","0","0","0","0","0","0","0","0","0","0","0","0","0","0","0"
"0x71cecf774870","@P3   LDG.E.LTC128B.128 R136, [R26.64+UR8]","0","0","0","0","0","0","0","0","32","0","","","","0","0","0","0","0","0","0","0","0","0","0","0","0","0","0","0","0","0","0","0","0","0","0","0","0","0","0","0","0","0","0","0","0","0","0","0","0","0","0","0","0","0"
"0x71cecf774880","@P2   LDG.E.LTC128B.128 R132, [R26.64+UR8+0x100]","0","0","0","0","0","0","0","0","32","0","","","","0","0","0","0","0","0","0","0","0","0","0","0","0","0","0","0","0","0","0","0","0","0","0","0","0","0","0","0","0","0","0","0","0","0","0","0","0","0","0","0","0","0"
"0x71cecf774890","      BAR.SYNC.DEFER_BLOCKING 0x0","0","0","0","0","0","0","0","0","32","0","-","-","-","0","0","0","0","0","0","0","0","0","0","0","0","0","0","0","0","0","0","0","0","0","0","0","0","0","0","0","0","0","0","0","0","0","0","0","0","0","0","0","0","0","0"
"0x71cecf7748a0","      STS.64 [R164], R68","0","0","0","0","0","0","0","0","32","0","","","","0","0","0","0","0","0","0","0","0","0","0","0","0","0","0","0","0","0","0","0","0","0","0","0","0","0","0","0","0","0","0","0","0","0","0","0","0","0","0","0","0","0"
"0x71cecf7748b0","      STS.64 [R164+0x20], R72","0","0","0","0","0","0","0","0","32","0","","","","0","0","0","0","0","0","0","0","0","0","0","0","0","0","0","0","0","0","0","0","0","0","0","0","0","0","0","0","0","0","0","0","0","0","0","0","0","0","0","0","0","0"
"0x71cecf7748c0","      STS.64 [R164+0x40], R76","0","0","0","0","0","0","0","0","32","0","","","","0","0","0","0","0","0","0","0","0","0","0","0","0","0","0","0","0","0","0","0","0","0","0","0","0","0","0","0","0","0","0","0","0","0","0","0","0","0","0","0","0","0"
"0x71cecf7748d0","      STS.64 [R164+0x60], R80","0","0","0","0","0","0","0","0","32","0","","","","0","0","0","0","0","0","0","0","0","0","0","0","0","0","0","0","0","0","0","0","0","0","0","0","0","0","0","0","0","0","0","0","0","0","0","0","0","0","0","0","0","0"
"0x71cecf7748e0","      STS.64 [R164+0x80], R84","0","0","0","0","0","0","0","0","32","0","","","","0","0","0","0","0","0","0","0","0","0","0","0","0","0","0","0","0","0","0","0","0","0","0","0","0","0","0","0","0","0","0","0","0","0","0","0","0","0","0","0","0","0"
"0x71cecf7748f0","      STS.64 [R164+0xa0], R88","0","0","0","0","0","0","0","0","32","0","","","","0","0","0","0","0","0","0","0","0","0","0","0","0","0","0","0","0","0","0","0","0","0","0","0","0","0","0","0","0","0","0","0","0","0","0","0","0","0","0","0","0","0"
"0x71cecf774900","      STS.64 [R164+0xc0], R92","0","0","0","0","0","0","0","0","32","0","","","","0","0","0","0","0","0","0","0","0","0","0","0","0","0","0","0","0","0","0","0","0","0","0","0","0","0","0","0","0","0","0","0","0","0","0","0","0","0","0","0","0","0"
"0x71cecf774910","      STS.64 [R164+0xe0], R96","0","0","0","0","0","0","0","0","32","0","","","","0","0","0","0","0","0","0","0","0","0","0","0","0","0","0","0","0","0","0","0","0","0","0","0","0","0","0","0","0","0","0","0","0","0","0","0","0","0","0","0","0","0"
"0x71cecf774920","      BAR.SYNC.DEFER_BLOCKING 0x0","0","0","0","0","0","0","0","0","32","0","-","-","-","0","0","0","0","0","0","0","0","0","0","0","0","0","0","0","0","0","0","0","0","0","0","0","0","0","0","0","0","0","0","0","0","0","0","0","0","0","0","0","0","0","0"
"0x71cecf774930","      LDS.128 R16, [R170+UR4]","0","0","0","0","0","0","0","0","32","0","","","","0","0","0","0","0","0","0","0","0","0","0","0","0","0","0","0","0","0","0","0","0","0","0","0","0","0","0","0","0","0","0","0","0","0","0","0","0","0","0","0","0","0"
"0x71cecf774940","      LDS.128 R12, [R170+UR4+0x100]","0","0","0","0","0","0","0","0","32","0","","","","0","0","0","0","0","0","0","0","0","0","0","0","0","0","0","0","0","0","0","0","0","0","0","0","0","0","0","0","0","0","0","0","0","0","0","0","0","0","0","0","0","0"
"0x71cecf774950","      LDS.128 R8, [R170+UR4+0x440]","0","0","0","0","0","0","0","0","32","0","","","","0","0","0","0","0","0","0","0","0","0","0","0","0","0","0","0","0","0","0","0","0","0","0","0","0","0","0","0","0","0","0","0","0","0","0","0","0","0","0","0","0","0"
"0x71cecf774960","      LDS.128 R4, [R170+UR4+0x540]","0","0","0","0","0","0","0","0","32","0","","","","0","0","0","0","0","0","0","0","0","0","0","0","0","0","0","0","0","0","0","0","0","0","0","0","0","0","0","0","0","0","0","0","0","0","0","0","0","0","0","0","0","0"
"0x71cecf774970","      ISETP.GE.AND P2, PT, R30, UR5, PT","0","0","0","0","0","0","0","0","32","0","-","-","-","0","0","0","0","0","0","0","0","0","0","0","0","0","0","0","0","0","0","0","0","0","0","0","0","0","0","0","0","0","0","0","0","0","0","0","0","0","0","0","0","0","0"
"0x71cecf774980","      ISETP.GE.AND P3, PT, R21, UR5, PT","0","0","0","0","0","0","0","0","32","0","-","-","-","0","0","0","0","0","0","0","0","0","0","0","0","0","0","0","0","0","0","0","0","0","0","0","0","0","0","0","0","0","0","0","0","0","0","0","0","0","0","0","0","0","0"
"0x71cecf774990","      SEL R21, R3, RZ, !P2","0","0","0","0","0","0","0","0","32","0","-","-","-","0","0","0","0","0","0","0","0","0","0","0","0","0","0","0","0","0","0","0","0","0","0","0","0","0","0","0","0","0","0","0","0","0","0","0","0","0","0","0","0","0","0"
"0x71cecf7749a0","      SEL R24, R2, RZ, !P2","0","0","0","0","0","0","0","0","32","0","-","-","-","0","0","0","0","0","0","0","0","0","0","0","0","0","0","0","0","0","0","0","0","0","0","0","0","0","0","0","0","0","0","0","0","0","0","0","0","0","0","0","0","0","0"
"0x71cecf7749b0","      SEL R28, R2, RZ, !P3","0","0","0","0","0","0","0","0","32","0","-","-","-","0","0","0","0","0","0","0","0","0","0","0","0","0","0","0","0","0","0","0","0","0","0","0","0","0","0","0","0","0","0","0","0","0","0","0","0","0","0","0","0","0","0"
"0x71cecf7749c0","      SEL R25, R3, RZ, !P3","0","0","0","0","0","0","0","0","32","0","-","-","-","0","0","0","0","0","0","0","0","0","0","0","0","0","0","0","0","0","0","0","0","0","0","0","0","0","0","0","0","0","0","0","0","0","0","0","0","0","0","0","0","0","0"
"0x71cecf7749d0","      ISETP.NE.U32.AND P2, PT, R21, RZ, PT","0","0","0","0","0","0","0","0","32","0","-","-","-","0","0","0","0","0","0","0","0","0","0","0","0","0","0","0","0","0","0","0","0","0","0","0","0","0","0","0","0","0","0","0","0","0","0","0","0","0","0","0","0","0","0"
"0x71cecf7749e0","      IADD3 R21, PT, PT, R165, 0x28, RZ","0","0","0","0","0","0","0","0","32","0","-","-","-","0","0","0","0","0","0","0","0","0","0","0","0","0","0","0","0","0","0","0","0","0","0","0","0","0","0","0","0","0","0","0","0","0","0","0","0","0","0","0","0","0","0"
"0x71cecf7749f0","      ISETP.NE.U32.AND P3, PT, R24, RZ, PT","0","0","0","0","0","0","0","0","32","0","-","-","-","0","0","0","0","0","0","0","0","0","0","0","0","0","0","0","0","0","0","0","0","0","0","0","0","0","0","0","0","0","0","0","0","0","0","0","0","0","0","0","0","0","0"
"0x71cecf774a00","      ISETP.NE.U32.AND P5, PT, R28, RZ, PT","0","0","0","0","0","0","0","0","32","0","-","-","-","0","0","0","0","0","0","0","0","0","0","0","0","0","0","0","0","0","0","0","0","0","0","0","0","0","0","0","0","0","0","0","0","0","0","0","0","0","0","0","0","0","0"
"0x71cecf774a10","      ISETP.NE.U32.AND P4, PT, R25, RZ, PT","0","0","0","0","0","0","0","0","32","0","-","-","-","0","0","0","0","0","0","0","0","0","0","0","0","0","0","0","0","0","0","0","0","0","0","0","0","0","0","0","0","0","0","0","0","0","0","0","0","0","0","0","0","0","0"
"0x71cecf774a20","      ISETP.LT.AND P6, PT, R21, UR5, P1","0","0","0","0","0","0","0","0","32","0","-","-","-","0","0","0","0","0","0","0","0","0","0","0","0","0","0","0","0","0","0","0","0","0","0","0","0","0","0","0","0","0","0","0","0","0","0","0","0","0","0","0","0","0","0"
"0x71cecf774a30","      UIMAD UR6, UR9, 0x5, URZ","0","0","0","0","0","0","0","0","32","0","-","-","-","0","0","0","0","0","0","0","0","0","0","0","0","0","0","0","0","0","0","0","0","0","0","0","0","0","0","0","0","0","0","0","0","0","0","0","0","0","0","0","0","0","0"
"0x71cecf774a40","      IMAD.WIDE.U32 R44, R20, 0x5, R172","0","0","0","0","0","0","0","0","32","0","-","-","-","0","0","0","0","0","0","0","0","0","0","0","0","0","0","0","0","0","0","0","0","0","0","0","0","0","0","0","0","0","0","0","0","0","0","0","0","0","0","0","0","0","0"
"0x71cecf774a50","      IADD3 R45, PT, PT, R45, UR6, RZ","0","0","0","0","0","0","0","0","32","0","-","-","-","0","0","0","0","0","0","0","0","0","0","0","0","0","0","0","0","0","0","0","0","0","0","0","0","0","0","0","0","0","0","0","0","0","0","0","0","0","0","0","0","0","0"
"0x71cecf774a60","      IADD3 R28, PT, PT, R165, 0x2a, RZ","0","0","0","0","0","0","0","0","32","0","-","-","-","0","0","0","0","0","0","0","0","0","0","0","0","0","0","0","0","0","0","0","0","0","0","0","0","0","0","0","0","0","0","0","0","0","0","0","0","0","0","0","0","0","0"
"0x71cecf774a70","      IADD.64 R26, R26, UR8","0","0","0","0","0","0","0","0","32","0","-","-","-","0","0","0","0","0","0","0","0","0","0","0","0","0","0","0","0","0","0","0","0","0","0","0","0","0","0","0","0","0","0","0","0","0","0","0","0","0","0","0","0","0","0"
"0x71cecf774a80","      FMUL R43, R144, R171","0","0","0","0","0","0","0","0","32","0","-","-","-","0","0","0","0","0","0","0","0","0","0","0","0","0","0","0","0","0","0","0","0","0","0","0","0","0","0","0","0","0","0","0","0","0","0","0","0","0","0","0","0","0","0"
"0x71cecf774a90","      FMUL R39, R140, R171","0","0","0","0","0","0","0","0","32","0","-","-","-","0","0","0","0","0","0","0","0","0","0","0","0","0","0","0","0","0","0","0","0","0","0","0","0","0","0","0","0","0","0","0","0","0","0","0","0","0","0","0","0","0","0"
"0x71cecf774aa0","      FFMA R43, R16, R167, R43","0","0","0","0","0","0","0","0","32","0","-","-","-","0","0","0","0","0","0","0","0","0","0","0","0","0","0","0","0","0","0","0","0","0","0","0","0","0","0","0","0","0","0","0","0","0","0","0","0","0","0","0","0","0","0"
"0x71cecf774ab0","      FMUL R16, R147, R171","0","0","0","0","0","0","0","0","32","0","-","-","-","0","0","0","0","0","0","0","0","0","0","0","0","0","0","0","0","0","0","0","0","0","0","0","0","0","0","0","0","0","0","0","0","0","0","0","0","0","0","0","0","0","0"
"0x71cecf774ac0","      FFMA R39, R12, R167, R39","0","0","0","0","0","0","0","0","32","0","-","-","-","0","0","0","0","0","0","0","0","0","0","0","0","0","0","0","0","0","0","0","0","0","0","0","0","0","0","0","0","0","0","0","0","0","0","0","0","0","0","0","0","0","0"
"0x71cecf774ad0","      FMUL R12, R143, R171","0","0","0","0","0","0","0","0","32","0","-","-","-","0","0","0","0","0","0","0","0","0","0","0","0","0","0","0","0","0","0","0","0","0","0","0","0","0","0","0","0","0","0","0","0","0","0","0","0","0","0","0","0","0","0"
"0x71cecf774ae0","      FMUL R35, R136, R171","0","0","0","0","0","0","0","0","32","0","-","-","-","0","0","0","0","0","0","0","0","0","0","0","0","0","0","0","0","0","0","0","0","0","0","0","0","0","0","0","0","0","0","0","0","0","0","0","0","0","0","0","0","0","0"
"0x71cecf774af0","      FFMA R35, R8, R167, R35","0","0","0","0","0","0","0","0","32","0","-","-","-","0","0","0","0","0","0","0","0","0","0","0","0","0","0","0","0","0","0","0","0","0","0","0","0","0","0","0","0","0","0","0","0","0","0","0","0","0","0","0","0","0","0"
"0x71cecf774b00","      FMUL R8, R139, R171","0","0","0","0","0","0","0","0","32","0","-","-","-","0","0","0","0","0","0","0","0","0","0","0","0","0","0","0","0","0","0","0","0","0","0","0","0","0","0","0","0","0","0","0","0","0","0","0","0","0","0","0","0","0","0"
"0x71cecf774b10","      FMUL R31, R132, R171","0","0","0","0","0","0","0","0","32","0","-","-","-","0","0","0","0","0","0","0","0","0","0","0","0","0","0","0","0","0","0","0","0","0","0","0","0","0","0","0","0","0","0","0","0","0","0","0","0","0","0","0","0","0","0"
"0x71cecf774b20","      FFMA R19, R19, R167, R16","0","0","0","0","0","0","0","0","32","0","-","-","-","0","0","0","0","0","0","0","0","0","0","0","0","0","0","0","0","0","0","0","0","0","0","0","0","0","0","0","0","0","0","0","0","0","0","0","0","0","0","0","0","0","0"
"0x71cecf774b30","      FMUL R24, R145, R171","0","0","0","0","0","0","0","0","32","0","-","-","-","0","0","0","0","0","0","0","0","0","0","0","0","0","0","0","0","0","0","0","0","0","0","0","0","0","0","0","0","0","0","0","0","0","0","0","0","0","0","0","0","0","0"
"0x71cecf774b40","      FMUL R41, R146, R171","0","0","0","0","0","0","0","0","32","0","-","-","-","0","0","0","0","0","0","0","0","0","0","0","0","0","0","0","0","0","0","0","0","0","0","0","0","0","0","0","0","0","0","0","0","0","0","0","0","0","0","0","0","0","0"
"0x71cecf774b50","      FMUL R16, R141, R171","0","0","0","0","0","0","0","0","32","0","-","-","-","0","0","0","0","0","0","0","0","0","0","0","0","0","0","0","0","0","0","0","0","0","0","0","0","0","0","0","0","0","0","0","0","0","0","0","0","0","0","0","0","0","0"
"0x71cecf774b60","      FMUL R37, R142, R171","0","0","0","0","0","0","0","0","32","0","-","-","-","0","0","0","0","0","0","0","0","0","0","0","0","0","0","0","0","0","0","0","0","0","0","0","0","0","0","0","0","0","0","0","0","0","0","0","0","0","0","0","0","0","0"
"0x71cecf774b70","      FFMA R15, R15, R167, R12","0","0","0","0","0","0","0","0","32","0","-","-","-","0","0","0","0","0","0","0","0","0","0","0","0","0","0","0","0","0","0","0","0","0","0","0","0","0","0","0","0","0","0","0","0","0","0","0","0","0","0","0","0","0","0"
"0x71cecf774b80","      FFMA R11, R11, R167, R8","0","0","0","0","0","0","0","0","32","0","-","-","-","0","0","0","0","0","0","0","0","0","0","0","0","0","0","0","0","0","0","0","0","0","0","0","0","0","0","0","0","0","0","0","0","0","0","0","0","0","0","0","0","0","0"
"0x71cecf774b90","      FFMA R31, R4, R167, R31","0","0","0","0","0","0","0","0","32","0","-","-","-","0","0","0","0","0","0","0","0","0","0","0","0","0","0","0","0","0","0","0","0","0","0","0","0","0","0","0","0","0","0","0","0","0","0","0","0","0","0","0","0","0","0"
"0x71cecf774ba0","      FMUL R12, R137, R171","0","0","0","0","0","0","0","0","32","0","-","-","-","0","0","0","0","0","0","0","0","0","0","0","0","0","0","0","0","0","0","0","0","0","0","0","0","0","0","0","0","0","0","0","0","0","0","0","0","0","0","0","0","0","0"
"0x71cecf774bb0","      FMUL R33, R138, R171","0","0","0","0","0","0","0","0","32","0","-","-","-","0","0","0","0","0","0","0","0","0","0","0","0","0","0","0","0","0","0","0","0","0","0","0","0","0","0","0","0","0","0","0","0","0","0","0","0","0","0","0","0","0","0"
"0x71cecf774bc0","      FMUL R8, R133, R171","0","0","0","0","0","0","0","0","32","0","-","-","-","0","0","0","0","0","0","0","0","0","0","0","0","0","0","0","0","0","0","0","0","0","0","0","0","0","0","0","0","0","0","0","0","0","0","0","0","0","0","0","0","0","0"
"0x71cecf774bd0","      FMUL R29, R134, R171","0","0","0","0","0","0","0","0","32","0","-","-","-","0","0","0","0","0","0","0","0","0","0","0","0","0","0","0","0","0","0","0","0","0","0","0","0","0","0","0","0","0","0","0","0","0","0","0","0","0","0","0","0","0","0"
"0x71cecf774be0","      FMUL R4, R135, R171","0","0","0","0","0","0","0","0","32","0","-","-","-","0","0","0","0","0","0","0","0","0","0","0","0","0","0","0","0","0","0","0","0","0","0","0","0","0","0","0","0","0","0","0","0","0","0","0","0","0","0","0","0","0","0"
"0x71cecf774bf0","      FFMA R17, R17, R167, R24","0","0","0","0","0","0","0","0","32","0","-","-","-","0","0","0","0","0","0","0","0","0","0","0","0","0","0","0","0","0","0","0","0","0","0","0","0","0","0","0","0","0","0","0","0","0","0","0","0","0","0","0","0","0","0"
"0x71cecf774c00","      FFMA R41, R18, R167, R41","0","0","0","0","0","0","0","0","32","0","-","-","-","0","0","0","0","0","0","0","0","0","0","0","0","0","0","0","0","0","0","0","0","0","0","0","0","0","0","0","0","0","0","0","0","0","0","0","0","0","0","0","0","0","0"
"0x71cecf774c10","      FFMA R13, R13, R167, R16","0","0","0","0","0","0","0","0","32","0","-","-","-","0","0","0","0","0","0","0","0","0","0","0","0","0","0","0","0","0","0","0","0","0","0","0","0","0","0","0","0","0","0","0","0","0","0","0","0","0","0","0","0","0","0"
"0x71cecf774c20","      FFMA R37, R14, R167, R37","0","0","0","0","0","0","0","0","32","0","-","-","-","0","0","0","0","0","0","0","0","0","0","0","0","0","0","0","0","0","0","0","0","0","0","0","0","0","0","0","0","0","0","0","0","0","0","0","0","0","0","0","0","0","0"
"0x71cecf774c30","      FFMA R9, R9, R167, R12","0","0","0","0","0","0","0","0","32","0","-","-","-","0","0","0","0","0","0","0","0","0","0","0","0","0","0","0","0","0","0","0","0","0","0","0","0","0","0","0","0","0","0","0","0","0","0","0","0","0","0","0","0","0","0"
"0x71cecf774c40","      FFMA R33, R10, R167, R33","0","0","0","0","0","0","0","0","32","0","-","-","-","0","0","0","0","0","0","0","0","0","0","0","0","0","0","0","0","0","0","0","0","0","0","0","0","0","0","0","0","0","0","0","0","0","0","0","0","0","0","0","0","0","0"
"0x71cecf774c50","      FFMA R5, R5, R167, R8","0","0","0","0","0","0","0","0","32","0","-","-","-","0","0","0","0","0","0","0","0","0","0","0","0","0","0","0","0","0","0","0","0","0","0","0","0","0","0","0","0","0","0","0","0","0","0","0","0","0","0","0","0","0","0"
"0x71cecf774c60","      FFMA R29, R6, R167, R29","0","0","0","0","0","0","0","0","32","0","-","-","-","0","0","0","0","0","0","0","0","0","0","0","0","0","0","0","0","0","0","0","0","0","0","0","0","0","0","0","0","0","0","0","0","0","0","0","0","0","0","0","0","0","0"
"0x71cecf774c70","      FFMA R7, R7, R167, R4","0","0","0","0","0","0","0","0","32","0","-","-","-","0","0","0","0","0","0","0","0","0","0","0","0","0","0","0","0","0","0","0","0","0","0","0","0","0","0","0","0","0","0","0","0","0","0","0","0","0","0","0","0","0","0"
"0x71cecf774c80","      IADD.64 R24, R22, UR10","0","0","0","0","0","0","0","0","32","0","-","-","-","0","0","0","0","0","0","0","0","0","0","0","0","0","0","0","0","0","0","0","0","0","0","0","0","0","0","0","0","0","0","0","0","0","0","0","0","0","0","0","0","0","0"
"0x71cecf774c90","      FMNMX R16, R43, R166, !PT","0","0","0","0","0","0","0","0","32","0","-","-","-","0","0","0","0","0","0","0","0","0","0","0","0","0","0","0","0","0","0","0","0","0","0","0","0","0","0","0","0","0","0","0","0","0","0","0","0","0","0","0","0","0","0"
"0x71cecf774ca0","      FMNMX R17, R17, R166, !PT","0","0","0","0","0","0","0","0","32","0","-","-","-","0","0","0","0","0","0","0","0","0","0","0","0","0","0","0","0","0","0","0","0","0","0","0","0","0","0","0","0","0","0","0","0","0","0","0","0","0","0","0","0","0","0"
"0x71cecf774cb0","      FMNMX R18, R41, R166, !PT","0","0","0","0","0","0","0","0","32","0","-","-","-","0","0","0","0","0","0","0","0","0","0","0","0","0","0","0","0","0","0","0","0","0","0","0","0","0","0","0","0","0","0","0","0","0","0","0","0","0","0","0","0","0","0"
"0x71cecf774cc0","      FMNMX R19, R19, R166, !PT","0","0","0","0","0","0","0","0","32","0","-","-","-","0","0","0","0","0","0","0","0","0","0","0","0","0","0","0","0","0","0","0","0","0","0","0","0","0","0","0","0","0","0","0","0","0","0","0","0","0","0","0","0","0","0"
"0x71cecf774cd0","      FMNMX R12, R39, R166, !PT","0","0","0","0","0","0","0","0","32","0","-","-","-","0","0","0","0","0","0","0","0","0","0","0","0","0","0","0","0","0","0","0","0","0","0","0","0","0","0","0","0","0","0","0","0","0","0","0","0","0","0","0","0","0","0"
"0x71cecf774ce0","      FMNMX R13, R13, R166, !PT","0","0","0","0","0","0","0","0","32","0","-","-","-","0","0","0","0","0","0","0","0","0","0","0","0","0","0","0","0","0","0","0","0","0","0","0","0","0","0","0","0","0","0","0","0","0","0","0","0","0","0","0","0","0","0"
"0x71cecf774cf0","      FMNMX R14, R37, R166, !PT","0","0","0","0","0","0","0","0","32","0","-","-","-","0","0","0","0","0","0","0","0","0","0","0","0","0","0","0","0","0","0","0","0","0","0","0","0","0","0","0","0","0","0","0","0","0","0","0","0","0","0","0","0","0","0"
"0x71cecf774d00","      FMNMX R15, R15, R166, !PT","0","0","0","0","0","0","0","0","32","0","-","-","-","0","0","0","0","0","0","0","0","0","0","0","0","0","0","0","0","0","0","0","0","0","0","0","0","0","0","0","0","0","0","0","0","0","0","0","0","0","0","0","0","0","0"
"0x71cecf774d10","      FMNMX R8, R35, R166, !PT","0","0","0","0","0","0","0","0","32","0","-","-","-","0","0","0","0","0","0","0","0","0","0","0","0","0","0","0","0","0","0","0","0","0","0","0","0","0","0","0","0","0","0","0","0","0","0","0","0","0","0","0","0","0","0"
"0x71cecf774d20","      FMNMX R9, R9, R166, !PT","0","0","0","0","0","0","0","0","32","0","-","-","-","0","0","0","0","0","0","0","0","0","0","0","0","0","0","0","0","0","0","0","0","0","0","0","0","0","0","0","0","0","0","0","0","0","0","0","0","0","0","0","0","0","0"
"0x71cecf774d30","      FMNMX R10, R33, R166, !PT","0","0","0","0","0","0","0","0","32","0","-","-","-","0","0","0","0","0","0","0","0","0","0","0","0","0","0","0","0","0","0","0","0","0","0","0","0","0","0","0","0","0","0","0","0","0","0","0","0","0","0","0","0","0","0"
"0x71cecf774d40","      FMNMX R11, R11, R166, !PT","0","0","0","0","0","0","0","0","32","0","-","-","-","0","0","0","0","0","0","0","0","0","0","0","0","0","0","0","0","0","0","0","0","0","0","0","0","0","0","0","0","0","0","0","0","0","0","0","0","0","0","0","0","0","0"
"0x71cecf774d50","      FMNMX R4, R31, R166, !PT","0","0","0","0","0","0","0","0","32","0","-","-","-","0","0","0","0","0","0","0","0","0","0","0","0","0","0","0","0","0","0","0","0","0","0","0","0","0","0","0","0","0","0","0","0","0","0","0","0","0","0","0","0","0","0"
"0x71cecf774d60","      FMNMX R5, R5, R166, !PT","0","0","0","0","0","0","0","0","32","0","-","-","-","0","0","0","0","0","0","0","0","0","0","0","0","0","0","0","0","0","0","0","0","0","0","0","0","0","0","0","0","0","0","0","0","0","0","0","0","0","0","0","0","0","0"
"0x71cecf774d70","      FMNMX R6, R29, R166, !PT","0","0","0","0","0","0","0","0","32","0","-","-","-","0","0","0","0","0","0","0","0","0","0","0","0","0","0","0","0","0","0","0","0","0","0","0","0","0","0","0","0","0","0","0","0","0","0","0","0","0","0","0","0","0","0"
"0x71cecf774d80","      FMNMX R7, R7, R166, !PT","0","0","0","0","0","0","0","0","32","0","-","-","-","0","0","0","0","0","0","0","0","0","0","0","0","0","0","0","0","0","0","0","0","0","0","0","0","0","0","0","0","0","0","0","0","0","0","0","0","0","0","0","0","0","0"
"0x71cecf774d90","@P5   STG.E.128 [R22.64+UR10], R16","0","0","0","0","0","0","0","0","32","0","","","","0","0","0","0","0","0","0","0","0","0","0","0","0","0","0","0","0","0","0","0","0","0","0","0","0","0","0","0","0","0","0","0","0","0","0","0","0","0","0","0","0","0"
"0x71cecf774da0","@P4   STG.E.128 [R22.64+UR10+0x100], R12","0","0","0","0","0","0","0","0","32","0","","","","0","0","0","0","0","0","0","0","0","0","0","0","0","0","0","0","0","0","0","0","0","0","0","0","0","0","0","0","0","0","0","0","0","0","0","0","0","0","0","0","0","0"
"0x71cecf774db0","@P3   STG.E.128 [R24.64+UR12], R8","0","0","0","0","0","0","0","0","32","0","","","","0","0","0","0","0","0","0","0","0","0","0","0","0","0","0","0","0","0","0","0","0","0","0","0","0","0","0","0","0","0","0","0","0","0","0","0","0","0","0","0","0","0"
"0x71cecf774dc0","@P2   STG.E.128 [R24.64+UR12+0x100], R4","0","0","0","0","0","0","0","0","32","0","","","","0","0","0","0","0","0","0","0","0","0","0","0","0","0","0","0","0","0","0","0","0","0","0","0","0","0","0","0","0","0","0","0","0","0","0","0","0","0","0","0","0","0"
"0x71cecf774dd0","@P6   LDG.E.LTC128B.128 R144, [R44]","0","0","0","0","0","0","0","0","32","0","","","","0","0","0","0","0","0","0","0","0","0","0","0","0","0","0","0","0","0","0","0","0","0","0","0","0","0","0","0","0","0","0","0","0","0","0","0","0","0","0","0","0","0"
"0x71cecf774de0","      ISETP.LT.AND P2, PT, R21, UR5, P0","0","0","0","0","0","0","0","0","32","0","-","-","-","0","0","0","0","0","0","0","0","0","0","0","0","0","0","0","0","0","0","0","0","0","0","0","0","0","0","0","0","0","0","0","0","0","0","0","0","0","0","0","0","0","0"
"0x71cecf774df0","      ISETP.LT.AND P3, PT, R28, UR5, P1","0","0","0","0","0","0","0","0","32","0","-","-","-","0","0","0","0","0","0","0","0","0","0","0","0","0","0","0","0","0","0","0","0","0","0","0","0","0","0","0","0","0","0","0","0","0","0","0","0","0","0","0","0","0","0"
"0x71cecf774e00","@P2   LDG.E.LTC128B.128 R140, [R44+0x100]","0","0","0","0","0","0","0","0","32","0","","","","0","0","0","0","0","0","0","0","0","0","0","0","0","0","0","0","0","0","0","0","0","0","0","0","0","0","0","0","0","0","0","0","0","0","0","0","0","0","0","0","0","0"
"0x71cecf774e10","      ISETP.LT.AND P2, PT, R28, UR5, P0","0","0","0","0","0","0","0","0","32","0","-","-","-","0","0","0","0","0","0","0","0","0","0","0","0","0","0","0","0","0","0","0","0","0","0","0","0","0","0","0","0","0","0","0","0","0","0","0","0","0","0","0","0","0","0"
"0x71cecf774e20","@P3   LDG.E.LTC128B.128 R136, [R26.64+UR8]","0","0","0","0","0","0","0","0","32","0","","","","0","0","0","0","0","0","0","0","0","0","0","0","0","0","0","0","0","0","0","0","0","0","0","0","0","0","0","0","0","0","0","0","0","0","0","0","0","0","0","0","0","0"
"0x71cecf774e30","@P2   LDG.E.LTC128B.128 R132, [R26.64+UR8+0x100]","0","0","0","0","0","0","0","0","32","0","","","","0","0","0","0","0","0","0","0","0","0","0","0","0","0","0","0","0","0","0","0","0","0","0","0","0","0","0","0","0","0","0","0","0","0","0","0","0","0","0","0","0","0"
"0x71cecf774e40","      BAR.SYNC.DEFER_BLOCKING 0x0","0","0","0","0","0","0","0","0","32","0","-","-","-","0","0","0","0","0","0","0","0","0","0","0","0","0","0","0","0","0","0","0","0","0","0","0","0","0","0","0","0","0","0","0","0","0","0","0","0","0","0","0","0","0","0"
"0x71cecf774e50","      STS.64 [R164], R70","0","0","0","0","0","0","0","0","32","0","","","","0","0","0","0","0","0","0","0","0","0","0","0","0","0","0","0","0","0","0","0","0","0","0","0","0","0","0","0","0","0","0","0","0","0","0","0","0","0","0","0","0","0"
"0x71cecf774e60","      STS.64 [R164+0x20], R74","0","0","0","0","0","0","0","0","32","0","","","","0","0","0","0","0","0","0","0","0","0","0","0","0","0","0","0","0","0","0","0","0","0","0","0","0","0","0","0","0","0","0","0","0","0","0","0","0","0","0","0","0","0"
"0x71cecf774e70","      STS.64 [R164+0x40], R78","0","0","0","0","0","0","0","0","32","0","","","","0","0","0","0","0","0","0","0","0","0","0","0","0","0","0","0","0","0","0","0","0","0","0","0","0","0","0","0","0","0","0","0","0","0","0","0","0","0","0","0","0","0"
"0x71cecf774e80","      STS.64 [R164+0x60], R82","0","0","0","0","0","0","0","0","32","0","","","","0","0","0","0","0","0","0","0","0","0","0","0","0","0","0","0","0","0","0","0","0","0","0","0","0","0","0","0","0","0","0","0","0","0","0","0","0","0","0","0","0","0"
"0x71cecf774e90","      STS.64 [R164+0x80], R86","0","0","0","0","0","0","0","0","32","0","","","","0","0","0","0","0","0","0","0","0","0","0","0","0","0","0","0","0","0","0","0","0","0","0","0","0","0","0","0","0","0","0","0","0","0","0","0","0","0","0","0","0","0"
"0x71cecf774ea0","      STS.64 [R164+0xa0], R90","0","0","0","0","0","0","0","0","32","0","","","","0","0","0","0","0","0","0","0","0","0","0","0","0","0","0","0","0","0","0","0","0","0","0","0","0","0","0","0","0","0","0","0","0","0","0","0","0","0","0","0","0","0"
"0x71cecf774eb0","      STS.64 [R164+0xc0], R94","0","0","0","0","0","0","0","0","32","0","","","","0","0","0","0","0","0","0","0","0","0","0","0","0","0","0","0","0","0","0","0","0","0","0","0","0","0","0","0","0","0","0","0","0","0","0","0","0","0","0","0","0","0"
"0x71cecf774ec0","      STS.64 [R164+0xe0], R98","0","0","0","0","0","0","0","0","32","0","","","","0","0","0","0","0","0","0","0","0","0","0","0","0","0","0","0","0","0","0","0","0","0","0","0","0","0","0","0","0","0","0","0","0","0","0","0","0","0","0","0","0","0"
"0x71cecf774ed0","      BAR.SYNC.DEFER_BLOCKING 0x0","0","0","0","0","0","0","0","0","32","0","-","-","-","0","0","0","0","0","0","0","0","0","0","0","0","0","0","0","0","0","0","0","0","0","0","0","0","0","0","0","0","0","0","0","0","0","0","0","0","0","0","0","0","0","0"
"0x71cecf774ee0","      LDS.128 R4, [R170+UR4]","0","0","0","0","0","0","0","0","32","0","","","","0","0","0","0","0","0","0","0","0","0","0","0","0","0","0","0","0","0","0","0","0","0","0","0","0","0","0","0","0","0","0","0","0","0","0","0","0","0","0","0","0","0"
"0x71cecf774ef0","      ISETP.GE.AND P3, PT, R21, UR5, PT","0","0","0","0","0","0","0","0","32","0","-","-","-","0","0","0","0","0","0","0","0","0","0","0","0","0","0","0","0","0","0","0","0","0","0","0","0","0","0","0","0","0","0","0","0","0","0","0","0","0","0","0","0","0","0"
"0x71cecf774f00","      LDS.128 R16, [R170+UR4+0x100]","0","0","0","0","0","0","0","0","32","0","","","","0","0","0","0","0","0","0","0","0","0","0","0","0","0","0","0","0","0","0","0","0","0","0","0","0","0","0","0","0","0","0","0","0","0","0","0","0","0","0","0","0","0"
"0x71cecf774f10","      SEL R9, R2, RZ, !P3","0","0","0","0","0","0","0","0","32","0","-","-","-","0","0","0","0","0","0","0","0","0","0","0","0","0","0","0","0","0","0","0","0","0","0","0","0","0","0","0","0","0","0","0","0","0","0","0","0","0","0","0","0","0","0"
"0x71cecf774f20","      LDS.128 R12, [R170+UR4+0x440]","0","0","0","0","0","0","0","0","32","0","","","","0","0","0","0","0","0","0","0","0","0","0","0","0","0","0","0","0","0","0","0","0","0","0","0","0","0","0","0","0","0","0","0","0","0","0","0","0","0","0","0","0","0"
"0x71cecf774f30","      ISETP.NE.U32.AND P5, PT, R9, RZ, PT","0","0","0","0","0","0","0","0","32","0","-","-","-","0","0","0","0","0","0","0","0","0","0","0","0","0","0","0","0","0","0","0","0","0","0","0","0","0","0","0","0","0","0","0","0","0","0","0","0","0","0","0","0","0","0"
"0x71cecf774f40","      ISETP.GE.AND P2, PT, R28, UR5, PT","0","0","0","0","0","0","0","0","32","0","-","-","-","0","0","0","0","0","0","0","0","0","0","0","0","0","0","0","0","0","0","0","0","0","0","0","0","0","0","0","0","0","0","0","0","0","0","0","0","0","0","0","0","0","0"
"0x71cecf774f50","      SEL R23, R3, RZ, !P3","0","0","0","0","0","0","0","0","32","0","-","-","-","0","0","0","0","0","0","0","0","0","0","0","0","0","0","0","0","0","0","0","0","0","0","0","0","0","0","0","0","0","0","0","0","0","0","0","0","0","0","0","0","0","0"
"0x71cecf774f60","      SEL R22, R2, RZ, !P2","0","0","0","0","0","0","0","0","32","0","-","-","-","0","0","0","0","0","0","0","0","0","0","0","0","0","0","0","0","0","0","0","0","0","0","0","0","0","0","0","0","0","0","0","0","0","0","0","0","0","0","0","0","0","0"
"0x71cecf774f70","      SEL R21, R3, RZ, !P2","0","0","0","0","0","0","0","0","32","0","-","-","-","0","0","0","0","0","0","0","0","0","0","0","0","0","0","0","0","0","0","0","0","0","0","0","0","0","0","0","0","0","0","0","0","0","0","0","0","0","0","0","0","0","0"
"0x71cecf774f80","      ISETP.NE.U32.AND P3, PT, R22, RZ, PT","0","0","0","0","0","0","0","0","32","0","-","-","-","0","0","0","0","0","0","0","0","0","0","0","0","0","0","0","0","0","0","0","0","0","0","0","0","0","0","0","0","0","0","0","0","0","0","0","0","0","0","0","0","0","0"
"0x71cecf774f90","      ISETP.NE.U32.AND P4, PT, R23, RZ, PT","0","0","0","0","0","0","0","0","32","0","-","-","-","0","0","0","0","0","0","0","0","0","0","0","0","0","0","0","0","0","0","0","0","0","0","0","0","0","0","0","0","0","0","0","0","0","0","0","0","0","0","0","0","0","0"
"0x71cecf774fa0","      ISETP.NE.U32.AND P2, PT, R21, RZ, PT","0","0","0","0","0","0","0","0","32","0","-","-","-","0","0","0","0","0","0","0","0","0","0","0","0","0","0","0","0","0","0","0","0","0","0","0","0","0","0","0","0","0","0","0","0","0","0","0","0","0","0","0","0","0","0"
"0x71cecf774fb0","      IADD3 R21, PT, PT, R165, 0x30, RZ","0","0","0","0","0","0","0","0","32","0","-","-","-","0","0","0","0","0","0","0","0","0","0","0","0","0","0","0","0","0","0","0","0","0","0","0","0","0","0","0","0","0","0","0","0","0","0","0","0","0","0","0","0","0","0"
"0x71cecf774fc0","      UIMAD UR6, UR9, 0x6, URZ","0","0","0","0","0","0","0","0","32","0","-","-","-","0","0","0","0","0","0","0","0","0","0","0","0","0","0","0","0","0","0","0","0","0","0","0","0","0","0","0","0","0","0","0","0","0","0","0","0","0","0","0","0","0","0"
"0x71cecf774fd0","      IMAD.WIDE.U32 R28, R20, 0x6, R172","0","0","0","0","0","0","0","0","32","0","-","-","-","0","0","0","0","0","0","0","0","0","0","0","0","0","0","0","0","0","0","0","0","0","0","0","0","0","0","0","0","0","0","0","0","0","0","0","0","0","0","0","0","0","0"
"0x71cecf774fe0","      IADD3 R29, PT, PT, R29, UR6, RZ","0","0","0","0","0","0","0","0","32","0","-","-","-","0","0","0","0","0","0","0","0","0","0","0","0","0","0","0","0","0","0","0","0","0","0","0","0","0","0","0","0","0","0","0","0","0","0","0","0","0","0","0","0","0","0"
"0x71cecf774ff0","      IADD.64 R26, R26, UR8","0","0","0","0","0","0","0","0","32","0","-","-","-","0","0","0","0","0","0","0","0","0","0","0","0","0","0","0","0","0","0","0","0","0","0","0","0","0","0","0","0","0","0","0","0","0","0","0","0","0","0","0","0","0","0"
"0x71cecf775000","      FMUL R8, R145, R171","0","0","0","0","0","0","0","0","32","0","-","-","-","0","0","0","0","0","0","0","0","0","0","0","0","0","0","0","0","0","0","0","0","0","0","0","0","0","0","0","0","0","0","0","0","0","0","0","0","0","0","0","0","0","0"
"0x71cecf775010","      FFMA R5, R5, R167, R8","0","0","0","0","0","0","0","0","32","0","-","-","-","0","0","0","0","0","0","0","0","0","0","0","0","0","0","0","0","0","0","0","0","0","0","0","0","0","0","0","0","0","0","0","0","0","0","0","0","0","0","0","0","0","0"
"0x71cecf775020","      LDS.128 R8, [R170+UR4+0x540]","0","0","0","0","0","0","0","0","32","0","","","","0","0","0","0","0","0","0","0","0","0","0","0","0","0","0","0","0","0","0","0","0","0","0","0","0","0","0","0","0","0","0","0","0","0","0","0","0","0","0","0","0","0"
"0x71cecf775030","      FMUL R33, R144, R171","0","0","0","0","0","0","0","0","32","0","-","-","-","0","0","0","0","0","0","0","0","0","0","0","0","0","0","0","0","0","0","0","0","0","0","0","0","0","0","0","0","0","0","0","0","0","0","0","0","0","0","0","0","0","0"
"0x71cecf775040","      FMUL R31, R146, R171","0","0","0","0","0","0","0","0","32","0","-","-","-","0","0","0","0","0","0","0","0","0","0","0","0","0","0","0","0","0","0","0","0","0","0","0","0","0","0","0","0","0","0","0","0","0","0","0","0","0","0","0","0","0","0"
"0x71cecf775050","      FFMA R33, R4, R167, R33","0","0","0","0","0","0","0","0","32","0","-","-","-","0","0","0","0","0","0","0","0","0","0","0","0","0","0","0","0","0","0","0","0","0","0","0","0","0","0","0","0","0","0","0","0","0","0","0","0","0","0","0","0","0","0"
"0x71cecf775060","      FMUL R4, R147, R171","0","0","0","0","0","0","0","0","32","0","-","-","-","0","0","0","0","0","0","0","0","0","0","0","0","0","0","0","0","0","0","0","0","0","0","0","0","0","0","0","0","0","0","0","0","0","0","0","0","0","0","0","0","0","0"
"0x71cecf775070","      FFMA R31, R6, R167, R31","0","0","0","0","0","0","0","0","32","0","-","-","-","0","0","0","0","0","0","0","0","0","0","0","0","0","0","0","0","0","0","0","0","0","0","0","0","0","0","0","0","0","0","0","0","0","0","0","0","0","0","0","0","0","0"
"0x71cecf775080","      FFMA R7, R7, R167, R4","0","0","0","0","0","0","0","0","32","0","-","-","-","0","0","0","0","0","0","0","0","0","0","0","0","0","0","0","0","0","0","0","0","0","0","0","0","0","0","0","0","0","0","0","0","0","0","0","0","0","0","0","0","0","0"
"0x71cecf775090","      FMNMX R4, R33, R166, !PT","0","0","0","0","0","0","0","0","32","0","-","-","-","0","0","0","0","0","0","0","0","0","0","0","0","0","0","0","0","0","0","0","0","0","0","0","0","0","0","0","0","0","0","0","0","0","0","0","0","0","0","0","0","0","0"
"0x71cecf7750a0","      FMNMX R5, R5, R166, !PT","0","0","0","0","0","0","0","0","32","0","-","-","-","0","0","0","0","0","0","0","0","0","0","0","0","0","0","0","0","0","0","0","0","0","0","0","0","0","0","0","0","0","0","0","0","0","0","0","0","0","0","0","0","0","0"
"0x71cecf7750b0","      FMNMX R6, R31, R166, !PT","0","0","0","0","0","0","0","0","32","0","-","-","-","0","0","0","0","0","0","0","0","0","0","0","0","0","0","0","0","0","0","0","0","0","0","0","0","0","0","0","0","0","0","0","0","0","0","0","0","0","0","0","0","0","0"
"0x71cecf7750c0","      FMNMX R7, R7, R166, !PT","0","0","0","0","0","0","0","0","32","0","-","-","-","0","0","0","0","0","0","0","0","0","0","0","0","0","0","0","0","0","0","0","0","0","0","0","0","0","0","0","0","0","0","0","0","0","0","0","0","0","0","0","0","0","0"
"0x71cecf7750d0","      FMUL R30, R141, R171","0","0","0","0","0","0","0","0","32","0","-","-","-","0","0","0","0","0","0","0","0","0","0","0","0","0","0","0","0","0","0","0","0","0","0","0","0","0","0","0","0","0","0","0","0","0","0","0","0","0","0","0","0","0","0"
"0x71cecf7750e0","      FMUL R22, R143, R171","0","0","0","0","0","0","0","0","32","0","-","-","-","0","0","0","0","0","0","0","0","0","0","0","0","0","0","0","0","0","0","0","0","0","0","0","0","0","0","0","0","0","0","0","0","0","0","0","0","0","0","0","0","0","0"
"0x71cecf7750f0","@P5   STG.E.128 [R24.64+UR10], R4","0","0","0","0","0","0","0","0","32","0","","","","0","0","0","0","0","0","0","0","0","0","0","0","0","0","0","0","0","0","0","0","0","0","0","0","0","0","0","0","0","0","0","0","0","0","0","0","0","0","0","0","0","0"
"0x71cecf775100","      FMUL R45, R140, R171","0","0","0","0","0","0","0","0","32","0","-","-","-","0","0","0","0","0","0","0","0","0","0","0","0","0","0","0","0","0","0","0","0","0","0","0","0","0","0","0","0","0","0","0","0","0","0","0","0","0","0","0","0","0","0"
"0x71cecf775110","      FMUL R41, R142, R171","0","0","0","0","0","0","0","0","32","0","-","-","-","0","0","0","0","0","0","0","0","0","0","0","0","0","0","0","0","0","0","0","0","0","0","0","0","0","0","0","0","0","0","0","0","0","0","0","0","0","0","0","0","0","0"
"0x71cecf775120","      FFMA R43, R17, R167, R30","0","0","0","0","0","0","0","0","32","0","-","-","-","0","0","0","0","0","0","0","0","0","0","0","0","0","0","0","0","0","0","0","0","0","0","0","0","0","0","0","0","0","0","0","0","0","0","0","0","0","0","0","0","0","0"
"0x71cecf775130","      FFMA R39, R19, R167, R22","0","0","0","0","0","0","0","0","32","0","-","-","-","0","0","0","0","0","0","0","0","0","0","0","0","0","0","0","0","0","0","0","0","0","0","0","0","0","0","0","0","0","0","0","0","0","0","0","0","0","0","0","0","0","0"
"0x71cecf775140","      FMUL R19, R132, R171","0","0","0","0","0","0","0","0","32","0","-","-","-","0","0","0","0","0","0","0","0","0","0","0","0","0","0","0","0","0","0","0","0","0","0","0","0","0","0","0","0","0","0","0","0","0","0","0","0","0","0","0","0","0","0"
"0x71cecf775150","      FMUL R17, R134, R171","0","0","0","0","0","0","0","0","32","0","-","-","-","0","0","0","0","0","0","0","0","0","0","0","0","0","0","0","0","0","0","0","0","0","0","0","0","0","0","0","0","0","0","0","0","0","0","0","0","0","0","0","0","0","0"
"0x71cecf775160","      FFMA R45, R16, R167, R45","0","0","0","0","0","0","0","0","32","0","-","-","-","0","0","0","0","0","0","0","0","0","0","0","0","0","0","0","0","0","0","0","0","0","0","0","0","0","0","0","0","0","0","0","0","0","0","0","0","0","0","0","0","0","0"
"0x71cecf775170","      FFMA R41, R18, R167, R41","0","0","0","0","0","0","0","0","32","0","-","-","-","0","0","0","0","0","0","0","0","0","0","0","0","0","0","0","0","0","0","0","0","0","0","0","0","0","0","0","0","0","0","0","0","0","0","0","0","0","0","0","0","0","0"
"0x71cecf775180","      FMUL R37, R136, R171","0","0","0","0","0","0","0","0","32","0","-","-","-","0","0","0","0","0","0","0","0","0","0","0","0","0","0","0","0","0","0","0","0","0","0","0","0","0","0","0","0","0","0","0","0","0","0","0","0","0","0","0","0","0","0"
"0x71cecf775190","      FMUL R16, R137, R171","0","0","0","0","0","0","0","0","32","0","-","-","-","0","0","0","0","0","0","0","0","0","0","0","0","0","0","0","0","0","0","0","0","0","0","0","0","0","0","0","0","0","0","0","0","0","0","0","0","0","0","0","0","0","0"
"0x71cecf7751a0","      FMUL R33, R138, R171","0","0","0","0","0","0","0","0","32","0","-","-","-","0","0","0","0","0","0","0","0","0","0","0","0","0","0","0","0","0","0","0","0","0","0","0","0","0","0","0","0","0","0","0","0","0","0","0","0","0","0","0","0","0","0"
"0x71cecf7751b0","      IADD.64 R22, R24, UR10","0","0","0","0","0","0","0","0","32","0","-","-","-","0","0","0","0","0","0","0","0","0","0","0","0","0","0","0","0","0","0","0","0","0","0","0","0","0","0","0","0","0","0","0","0","0","0","0","0","0","0","0","0","0","0"
"0x71cecf7751c0","      FFMA R37, R12, R167, R37","0","0","0","0","0","0","0","0","32","0","-","-","-","0","0","0","0","0","0","0","0","0","0","0","0","0","0","0","0","0","0","0","0","0","0","0","0","0","0","0","0","0","0","0","0","0","0","0","0","0","0","0","0","0","0"
"0x71cecf7751d0","      FFMA R35, R13, R167, R16","0","0","0","0","0","0","0","0","32","0","-","-","-","0","0","0","0","0","0","0","0","0","0","0","0","0","0","0","0","0","0","0","0","0","0","0","0","0","0","0","0","0","0","0","0","0","0","0","0","0","0","0","0","0","0"
"0x71cecf7751e0","      FFMA R33, R14, R167, R33","0","0","0","0","0","0","0","0","32","0","-","-","-","0","0","0","0","0","0","0","0","0","0","0","0","0","0","0","0","0","0","0","0","0","0","0","0","0","0","0","0","0","0","0","0","0","0","0","0","0","0","0","0","0","0"
"0x71cecf7751f0","      FFMA R19, R8, R167, R19","0","0","0","0","0","0","0","0","32","0","-","-","-","0","0","0","0","0","0","0","0","0","0","0","0","0","0","0","0","0","0","0","0","0","0","0","0","0","0","0","0","0","0","0","0","0","0","0","0","0","0","0","0","0","0"
"0x71cecf775200","      FFMA R17, R10, R167, R17","0","0","0","0","0","0","0","0","32","0","-","-","-","0","0","0","0","0","0","0","0","0","0","0","0","0","0","0","0","0","0","0","0","0","0","0","0","0","0","0","0","0","0","0","0","0","0","0","0","0","0","0","0","0","0"
"0x71cecf775210","      FMUL R4, R139, R171","0","0","0","0","0","0","0","0","32","0","-","-","-","0","0","0","0","0","0","0","0","0","0","0","0","0","0","0","0","0","0","0","0","0","0","0","0","0","0","0","0","0","0","0","0","0","0","0","0","0","0","0","0","0","0"
"0x71cecf775220","      FMUL R6, R133, R171","0","0","0","0","0","0","0","0","32","0","-","-","-","0","0","0","0","0","0","0","0","0","0","0","0","0","0","0","0","0","0","0","0","0","0","0","0","0","0","0","0","0","0","0","0","0","0","0","0","0","0","0","0","0","0"
"0x71cecf775230","      FFMA R31, R15, R167, R4","0","0","0","0","0","0","0","0","32","0","-","-","-","0","0","0","0","0","0","0","0","0","0","0","0","0","0","0","0","0","0","0","0","0","0","0","0","0","0","0","0","0","0","0","0","0","0","0","0","0","0","0","0","0","0"
"0x71cecf775240","      FMUL R4, R135, R171","0","0","0","0","0","0","0","0","32","0","-","-","-","0","0","0","0","0","0","0","0","0","0","0","0","0","0","0","0","0","0","0","0","0","0","0","0","0","0","0","0","0","0","0","0","0","0","0","0","0","0","0","0","0","0"
"0x71cecf775250","      FFMA R5, R9, R167, R6","0","0","0","0","0","0","0","0","32","0","-","-","-","0","0","0","0","0","0","0","0","0","0","0","0","0","0","0","0","0","0","0","0","0","0","0","0","0","0","0","0","0","0","0","0","0","0","0","0","0","0","0","0","0","0"
"0x71cecf775260","      FFMA R7, R11, R167, R4","0","0","0","0","0","0","0","0","32","0","-","-","-","0","0","0","0","0","0","0","0","0","0","0","0","0","0","0","0","0","0","0","0","0","0","0","0","0","0","0","0","0","0","0","0","0","0","0","0","0","0","0","0","0","0"
"0x71cecf775270","      FMNMX R12, R45, R166, !PT","0","0","0","0","0","0","0","0","32","0","-","-","-","0","0","0","0","0","0","0","0","0","0","0","0","0","0","0","0","0","0","0","0","0","0","0","0","0","0","0","0","0","0","0","0","0","0","0","0","0","0","0","0","0","0"
"0x71cecf775280","      FMNMX R13, R43, R166, !PT","0","0","0","0","0","0","0","0","32","0","-","-","-","0","0","0","0","0","0","0","0","0","0","0","0","0","0","0","0","0","0","0","0","0","0","0","0","0","0","0","0","0","0","0","0","0","0","0","0","0","0","0","0","0","0"
"0x71cecf775290","      FMNMX R14, R41, R166, !PT","0","0","0","0","0","0","0","0","32","0","-","-","-","0","0","0","0","0","0","0","0","0","0","0","0","0","0","0","0","0","0","0","0","0","0","0","0","0","0","0","0","0","0","0","0","0","0","0","0","0","0","0","0","0","0"
"0x71cecf7752a0","      FMNMX R15, R39, R166, !PT","0","0","0","0","0","0","0","0","32","0","-","-","-","0","0","0","0","0","0","0","0","0","0","0","0","0","0","0","0","0","0","0","0","0","0","0","0","0","0","0","0","0","0","0","0","0","0","0","0","0","0","0","0","0","0"
"0x71cecf7752b0","      FMNMX R4, R19, R166, !PT","0","0","0","0","0","0","0","0","32","0","-","-","-","0","0","0","0","0","0","0","0","0","0","0","0","0","0","0","0","0","0","0","0","0","0","0","0","0","0","0","0","0","0","0","0","0","0","0","0","0","0","0","0","0","0"
"0x71cecf7752c0","      FMNMX R5, R5, R166, !PT","0","0","0","0","0","0","0","0","32","0","-","-","-","0","0","0","0","0","0","0","0","0","0","0","0","0","0","0","0","0","0","0","0","0","0","0","0","0","0","0","0","0","0","0","0","0","0","0","0","0","0","0","0","0","0"
"0x71cecf7752d0","      FMNMX R6, R17, R166, !PT","0","0","0","0","0","0","0","0","32","0","-","-","-","0","0","0","0","0","0","0","0","0","0","0","0","0","0","0","0","0","0","0","0","0","0","0","0","0","0","0","0","0","0","0","0","0","0","0","0","0","0","0","0","0","0"
"0x71cecf7752e0","      FMNMX R7, R7, R166, !PT","0","0","0","0","0","0","0","0","32","0","-","-","-","0","0","0","0","0","0","0","0","0","0","0","0","0","0","0","0","0","0","0","0","0","0","0","0","0","0","0","0","0","0","0","0","0","0","0","0","0","0","0","0","0","0"
"0x71cecf7752f0","@P4   STG.E.128 [R24.64+UR10+0x100], R12","0","0","0","0","0","0","0","0","32","0","","","","0","0","0","0","0","0","0","0","0","0","0","0","0","0","0","0","0","0","0","0","0","0","0","0","0","0","0","0","0","0","0","0","0","0","0","0","0","0","0","0","0","0"
"0x71cecf775300","      ISETP.LT.AND P5, PT, R21, UR5, P1","0","0","0","0","0","0","0","0","32","0","-","-","-","0","0","0","0","0","0","0","0","0","0","0","0","0","0","0","0","0","0","0","0","0","0","0","0","0","0","0","0","0","0","0","0","0","0","0","0","0","0","0","0","0","0"
"0x71cecf775310","@P2   STG.E.128 [R22.64+UR12+0x100], R4","0","0","0","0","0","0","0","0","32","0","","","","0","0","0","0","0","0","0","0","0","0","0","0","0","0","0","0","0","0","0","0","0","0","0","0","0","0","0","0","0","0","0","0","0","0","0","0","0","0","0","0","0","0"
"0x71cecf775320","      ISETP.LT.AND P2, PT, R21, UR5, P0","0","0","0","0","0","0","0","0","32","0","-","-","-","0","0","0","0","0","0","0","0","0","0","0","0","0","0","0","0","0","0","0","0","0","0","0","0","0","0","0","0","0","0","0","0","0","0","0","0","0","0","0","0","0","0"
"0x71cecf775330","      FMNMX R8, R37, R166, !PT","0","0","0","0","0","0","0","0","32","0","-","-","-","0","0","0","0","0","0","0","0","0","0","0","0","0","0","0","0","0","0","0","0","0","0","0","0","0","0","0","0","0","0","0","0","0","0","0","0","0","0","0","0","0","0"
"0x71cecf775340","      FMNMX R9, R35, R166, !PT","0","0","0","0","0","0","0","0","32","0","-","-","-","0","0","0","0","0","0","0","0","0","0","0","0","0","0","0","0","0","0","0","0","0","0","0","0","0","0","0","0","0","0","0","0","0","0","0","0","0","0","0","0","0","0"
"0x71cecf775350","      FMNMX R10, R33, R166, !PT","0","0","0","0","0","0","0","0","32","0","-","-","-","0","0","0","0","0","0","0","0","0","0","0","0","0","0","0","0","0","0","0","0","0","0","0","0","0","0","0","0","0","0","0","0","0","0","0","0","0","0","0","0","0","0"
"0x71cecf775360","      FMNMX R11, R31, R166, !PT","0","0","0","0","0","0","0","0","32","0","-","-","-","0","0","0","0","0","0","0","0","0","0","0","0","0","0","0","0","0","0","0","0","0","0","0","0","0","0","0","0","0","0","0","0","0","0","0","0","0","0","0","0","0","0"
"0x71cecf775370","      IADD3 R30, PT, PT, R165, 0x32, RZ","0","0","0","0","0","0","0","0","32","0","-","-","-","0","0","0","0","0","0","0","0","0","0","0","0","0","0","0","0","0","0","0","0","0","0","0","0","0","0","0","0","0","0","0","0","0","0","0","0","0","0","0","0","0","0"
"0x71cecf775380","@P3   STG.E.128 [R22.64+UR12], R8","0","0","0","0","0","0","0","0","32","0","","","","0","0","0","0","0","0","0","0","0","0","0","0","0","0","0","0","0","0","0","0","0","0","0","0","0","0","0","0","0","0","0","0","0","0","0","0","0","0","0","0","0","0"
"0x71cecf775390","      ISETP.LT.AND P3, PT, R30, UR5, P1","0","0","0","0","0","0","0","0","32","0","-","-","-","0","0","0","0","0","0","0","0","0","0","0","0","0","0","0","0","0","0","0","0","0","0","0","0","0","0","0","0","0","0","0","0","0","0","0","0","0","0","0","0","0","0"
"0x71cecf7753a0","@P5   LDG.E.LTC128B.128 R144, [R28]","0","0","0","0","0","0","0","0","32","0","","","","0","0","0","0","0","0","0","0","0","0","0","0","0","0","0","0","0","0","0","0","0","0","0","0","0","0","0","0","0","0","0","0","0","0","0","0","0","0","0","0","0","0"
"0x71cecf7753b0","@P2   LDG.E.LTC128B.128 R140, [R28+0x100]","0","0","0","0","0","0","0","0","32","0","","","","0","0","0","0","0","0","0","0","0","0","0","0","0","0","0","0","0","0","0","0","0","0","0","0","0","0","0","0","0","0","0","0","0","0","0","0","0","0","0","0","0","0"
"0x71cecf7753c0","      ISETP.LT.AND P2, PT, R30, UR5, P0","0","0","0","0","0","0","0","0","32","0","-","-","-","0","0","0","0","0","0","0","0","0","0","0","0","0","0","0","0","0","0","0","0","0","0","0","0","0","0","0","0","0","0","0","0","0","0","0","0","0","0","0","0","0","0"
"0x71cecf7753d0","@P3   LDG.E.LTC128B.128 R136, [R26.64+UR8]","0","0","0","0","0","0","0","0","32","0","","","","0","0","0","0","0","0","0","0","0","0","0","0","0","0","0","0","0","0","0","0","0","0","0","0","0","0","0","0","0","0","0","0","0","0","0","0","0","0","0","0","0","0"
"0x71cecf7753e0","@P2   LDG.E.LTC128B.128 R132, [R26.64+UR8+0x100]","0","0","0","0","0","0","0","0","32","0","","","","0","0","0","0","0","0","0","0","0","0","0","0","0","0","0","0","0","0","0","0","0","0","0","0","0","0","0","0","0","0","0","0","0","0","0","0","0","0","0","0","0","0"
"0x71cecf7753f0","      BAR.SYNC.DEFER_BLOCKING 0x0","0","0","0","0","0","0","0","0","32","0","-","-","-","0","0","0","0","0","0","0","0","0","0","0","0","0","0","0","0","0","0","0","0","0","0","0","0","0","0","0","0","0","0","0","0","0","0","0","0","0","0","0","0","0","0"
"0x71cecf775400","      STS.64 [R164], R128","0","0","0","0","0","0","0","0","32","0","","","","0","0","0","0","0","0","0","0","0","0","0","0","0","0","0","0","0","0","0","0","0","0","0","0","0","0","0","0","0","0","0","0","0","0","0","0","0","0","0","0","0","0"
"0x71cecf775410","      STS.64 [R164+0x20], R124","0","0","0","0","0","0","0","0","32","0","","","","0","0","0","0","0","0","0","0","0","0","0","0","0","0","0","0","0","0","0","0","0","0","0","0","0","0","0","0","0","0","0","0","0","0","0","0","0","0","0","0","0","0"
"0x71cecf775420","      STS.64 [R164+0x40], R120","0","0","0","0","0","0","0","0","32","0","","","","0","0","0","0","0","0","0","0","0","0","0","0","0","0","0","0","0","0","0","0","0","0","0","0","0","0","0","0","0","0","0","0","0","0","0","0","0","0","0","0","0","0"
"0x71cecf775430","      STS.64 [R164+0x60], R116","0","0","0","0","0","0","0","0","32","0","","","","0","0","0","0","0","0","0","0","0","0","0","0","0","0","0","0","0","0","0","0","0","0","0","0","0","0","0","0","0","0","0","0","0","0","0","0","0","0","0","0","0","0"
"0x71cecf775440","      STS.64 [R164+0x80], R112","0","0","0","0","0","0","0","0","32","0","","","","0","0","0","0","0","0","0","0","0","0","0","0","0","0","0","0","0","0","0","0","0","0","0","0","0","0","0","0","0","0","0","0","0","0","0","0","0","0","0","0","0","0"
"0x71cecf775450","      STS.64 [R164+0xa0], R108","0","0","0","0","0","0","0","0","32","0","","","","0","0","0","0","0","0","0","0","0","0","0","0","0","0","0","0","0","0","0","0","0","0","0","0","0","0","0","0","0","0","0","0","0","0","0","0","0","0","0","0","0","0"
"0x71cecf775460","      STS.64 [R164+0xc0], R104","0","0","0","0","0","0","0","0","32","0","","","","0","0","0","0","0","0","0","0","0","0","0","0","0","0","0","0","0","0","0","0","0","0","0","0","0","0","0","0","0","0","0","0","0","0","0","0","0","0","0","0","0","0"
"0x71cecf775470","      STS.64 [R164+0xe0], R100","0","0","0","0","0","0","0","0","32","0","","","","0","0","0","0","0","0","0","0","0","0","0","0","0","0","0","0","0","0","0","0","0","0","0","0","0","0","0","0","0","0","0","0","0","0","0","0","0","0","0","0","0","0"
"0x71cecf775480","      BAR.SYNC.DEFER_BLOCKING 0x0","0","0","0","0","0","0","0","0","32","0","-","-","-","0","0","0","0","0","0","0","0","0","0","0","0","0","0","0","0","0","0","0","0","0","0","0","0","0","0","0","0","0","0","0","0","0","0","0","0","0","0","0","0","0","0"
"0x71cecf775490","      LDS.128 R16, [R170+UR4]","0","0","0","0","0","0","0","0","32","0","","","","0","0","0","0","0","0","0","0","0","0","0","0","0","0","0","0","0","0","0","0","0","0","0","0","0","0","0","0","0","0","0","0","0","0","0","0","0","0","0","0","0","0"
"0x71cecf7754a0","      LDS.128 R12, [R170+UR4+0x100]","0","0","0","0","0","0","0","0","32","0","","","","0","0","0","0","0","0","0","0","0","0","0","0","0","0","0","0","0","0","0","0","0","0","0","0","0","0","0","0","0","0","0","0","0","0","0","0","0","0","0","0","0","0"
"0x71cecf7754b0","      LDS.128 R8, [R170+UR4+0x440]","0","0","0","0","0","0","0","0","32","0","","","","0","0","0","0","0","0","0","0","0","0","0","0","0","0","0","0","0","0","0","0","0","0","0","0","0","0","0","0","0","0","0","0","0","0","0","0","0","0","0","0","0","0"
"0x71cecf7754c0","      LDS.128 R4, [R170+UR4+0x540]","0","0","0","0","0","0","0","0","32","0","","","","0","0","0","0","0","0","0","0","0","0","0","0","0","0","0","0","0","0","0","0","0","0","0","0","0","0","0","0","0","0","0","0","0","0","0","0","0","0","0","0","0","0"
"0x71cecf7754d0","      ISETP.GE.AND P3, PT, R21, UR5, PT","0","0","0","0","0","0","0","0","32","0","-","-","-","0","0","0","0","0","0","0","0","0","0","0","0","0","0","0","0","0","0","0","0","0","0","0","0","0","0","0","0","0","0","0","0","0","0","0","0","0","0","0","0","0","0"
"0x71cecf7754e0","      IMAD.WIDE.U32 R172, R20, 0x7, R172","0","0","0","0","0","0","0","0","32","0","-","-","-","0","0","0","0","0","0","0","0","0","0","0","0","0","0","0","0","0","0","0","0","0","0","0","0","0","0","0","0","0","0","0","0","0","0","0","0","0","0","0","0","0","0"
"0x71cecf7754f0","      SEL R21, R2, RZ, !P3","0","0","0","0","0","0","0","0","32","0","-","-","-","0","0","0","0","0","0","0","0","0","0","0","0","0","0","0","0","0","0","0","0","0","0","0","0","0","0","0","0","0","0","0","0","0","0","0","0","0","0","0","0","0","0"
"0x71cecf775500","      ISETP.NE.U32.AND P5, PT, R21, RZ, PT","0","0","0","0","0","0","0","0","32","0","-","-","-","0","0","0","0","0","0","0","0","0","0","0","0","0","0","0","0","0","0","0","0","0","0","0","0","0","0","0","0","0","0","0","0","0","0","0","0","0","0","0","0","0","0"
"0x71cecf775510","      ISETP.GE.AND P2, PT, R30, UR5, PT","0","0","0","0","0","0","0","0","32","0","-","-","-","0","0","0","0","0","0","0","0","0","0","0","0","0","0","0","0","0","0","0","0","0","0","0","0","0","0","0","0","0","0","0","0","0","0","0","0","0","0","0","0","0","0"
"0x71cecf775520","      SEL R21, R2, RZ, !P2","0","0","0","0","0","0","0","0","32","0","-","-","-","0","0","0","0","0","0","0","0","0","0","0","0","0","0","0","0","0","0","0","0","0","0","0","0","0","0","0","0","0","0","0","0","0","0","0","0","0","0","0","0","0","0"
"0x71cecf775530","      UIMAD UR6, UR9, 0x7, URZ","0","0","0","0","0","0","0","0","32","0","-","-","-","0","0","0","0","0","0","0","0","0","0","0","0","0","0","0","0","0","0","0","0","0","0","0","0","0","0","0","0","0","0","0","0","0","0","0","0","0","0","0","0","0","0"
"0x71cecf775540","      IADD.64 R26, R26, UR8","0","0","0","0","0","0","0","0","32","0","-","-","-","0","0","0","0","0","0","0","0","0","0","0","0","0","0","0","0","0","0","0","0","0","0","0","0","0","0","0","0","0","0","0","0","0","0","0","0","0","0","0","0","0","0"
"0x71cecf775550","      IADD3 R173, PT, PT, R173, UR6, RZ","0","0","0","0","0","0","0","0","32","0","-","-","-","0","0","0","0","0","0","0","0","0","0","0","0","0","0","0","0","0","0","0","0","0","0","0","0","0","0","0","0","0","0","0","0","0","0","0","0","0","0","0","0","0","0"
"0x71cecf775560","      FMUL R29, R144, R171","0","0","0","0","0","0","0","0","32","0","-","-","-","0","0","0","0","0","0","0","0","0","0","0","0","0","0","0","0","0","0","0","0","0","0","0","0","0","0","0","0","0","0","0","0","0","0","0","0","0","0","0","0","0","0"
"0x71cecf775570","      FMUL R24, R145, R171","0","0","0","0","0","0","0","0","32","0","-","-","-","0","0","0","0","0","0","0","0","0","0","0","0","0","0","0","0","0","0","0","0","0","0","0","0","0","0","0","0","0","0","0","0","0","0","0","0","0","0","0","0","0","0"
"0x71cecf775580","      FMUL R25, R146, R171","0","0","0","0","0","0","0","0","32","0","-","-","-","0","0","0","0","0","0","0","0","0","0","0","0","0","0","0","0","0","0","0","0","0","0","0","0","0","0","0","0","0","0","0","0","0","0","0","0","0","0","0","0","0","0"
"0x71cecf775590","      FMUL R20, R147, R171","0","0","0","0","0","0","0","0","32","0","-","-","-","0","0","0","0","0","0","0","0","0","0","0","0","0","0","0","0","0","0","0","0","0","0","0","0","0","0","0","0","0","0","0","0","0","0","0","0","0","0","0","0","0","0"
"0x71cecf7755a0","      FFMA R29, R16, R167, R29","0","0","0","0","0","0","0","0","32","0","-","-","-","0","0","0","0","0","0","0","0","0","0","0","0","0","0","0","0","0","0","0","0","0","0","0","0","0","0","0","0","0","0","0","0","0","0","0","0","0","0","0","0","0","0"
"0x71cecf7755b0","      FFMA R17, R17, R167, R24","0","0","0","0","0","0","0","0","32","0","-","-","-","0","0","0","0","0","0","0","0","0","0","0","0","0","0","0","0","0","0","0","0","0","0","0","0","0","0","0","0","0","0","0","0","0","0","0","0","0","0","0","0","0","0"
"0x71cecf7755c0","      FFMA R25, R18, R167, R25","0","0","0","0","0","0","0","0","32","0","-","-","-","0","0","0","0","0","0","0","0","0","0","0","0","0","0","0","0","0","0","0","0","0","0","0","0","0","0","0","0","0","0","0","0","0","0","0","0","0","0","0","0","0","0"
"0x71cecf7755d0","      FFMA R19, R19, R167, R20","0","0","0","0","0","0","0","0","32","0","-","-","-","0","0","0","0","0","0","0","0","0","0","0","0","0","0","0","0","0","0","0","0","0","0","0","0","0","0","0","0","0","0","0","0","0","0","0","0","0","0","0","0","0","0"
"0x71cecf7755e0","      FMUL R33, R140, R171","0","0","0","0","0","0","0","0","32","0","-","-","-","0","0","0","0","0","0","0","0","0","0","0","0","0","0","0","0","0","0","0","0","0","0","0","0","0","0","0","0","0","0","0","0","0","0","0","0","0","0","0","0","0","0"
"0x71cecf7755f0","      FMNMX R16, R29, R166, !PT","0","0","0","0","0","0","0","0","32","0","-","-","-","0","0","0","0","0","0","0","0","0","0","0","0","0","0","0","0","0","0","0","0","0","0","0","0","0","0","0","0","0","0","0","0","0","0","0","0","0","0","0","0","0","0"
"0x71cecf775600","      FMNMX R17, R17, R166, !PT","0","0","0","0","0","0","0","0","32","0","-","-","-","0","0","0","0","0","0","0","0","0","0","0","0","0","0","0","0","0","0","0","0","0","0","0","0","0","0","0","0","0","0","0","0","0","0","0","0","0","0","0","0","0","0"
"0x71cecf775610","      FMNMX R18, R25, R166, !PT","0","0","0","0","0","0","0","0","32","0","-","-","-","0","0","0","0","0","0","0","0","0","0","0","0","0","0","0","0","0","0","0","0","0","0","0","0","0","0","0","0","0","0","0","0","0","0","0","0","0","0","0","0","0","0"
"0x71cecf775620","      FMNMX R19, R19, R166, !PT","0","0","0","0","0","0","0","0","32","0","-","-","-","0","0","0","0","0","0","0","0","0","0","0","0","0","0","0","0","0","0","0","0","0","0","0","0","0","0","0","0","0","0","0","0","0","0","0","0","0","0","0","0","0","0"
"0x71cecf775630","      FMUL R29, R136, R171","0","0","0","0","0","0","0","0","32","0","-","-","-","0","0","0","0","0","0","0","0","0","0","0","0","0","0","0","0","0","0","0","0","0","0","0","0","0","0","0","0","0","0","0","0","0","0","0","0","0","0","0","0","0","0"
"0x71cecf775640","      SEL R20, R3, RZ, !P2","0","0","0","0","0","0","0","0","32","0","-","-","-","0","0","0","0","0","0","0","0","0","0","0","0","0","0","0","0","0","0","0","0","0","0","0","0","0","0","0","0","0","0","0","0","0","0","0","0","0","0","0","0","0","0"
"0x71cecf775650","      FFMA R33, R12, R167, R33","0","0","0","0","0","0","0","0","32","0","-","-","-","0","0","0","0","0","0","0","0","0","0","0","0","0","0","0","0","0","0","0","0","0","0","0","0","0","0","0","0","0","0","0","0","0","0","0","0","0","0","0","0","0","0"
"0x71cecf775660","      SEL R24, R3, RZ, !P3","0","0","0","0","0","0","0","0","32","0","-","-","-","0","0","0","0","0","0","0","0","0","0","0","0","0","0","0","0","0","0","0","0","0","0","0","0","0","0","0","0","0","0","0","0","0","0","0","0","0","0","0","0","0","0"
"0x71cecf775670","@P5   STG.E.128 [R22.64+UR10], R16","0","0","0","0","0","0","0","0","32","0","","","","0","0","0","0","0","0","0","0","0","0","0","0","0","0","0","0","0","0","0","0","0","0","0","0","0","0","0","0","0","0","0","0","0","0","0","0","0","0","0","0","0","0"
"0x71cecf775680","      FFMA R29, R8, R167, R29","0","0","0","0","0","0","0","0","32","0","-","-","-","0","0","0","0","0","0","0","0","0","0","0","0","0","0","0","0","0","0","0","0","0","0","0","0","0","0","0","0","0","0","0","0","0","0","0","0","0","0","0","0","0","0"
"0x71cecf775690","      FMUL R12, R143, R171","0","0","0","0","0","0","0","0","32","0","-","-","-","0","0","0","0","0","0","0","0","0","0","0","0","0","0","0","0","0","0","0","0","0","0","0","0","0","0","0","0","0","0","0","0","0","0","0","0","0","0","0","0","0","0"
"0x71cecf7756a0","      FMUL R8, R139, R171","0","0","0","0","0","0","0","0","32","0","-","-","-","0","0","0","0","0","0","0","0","0","0","0","0","0","0","0","0","0","0","0","0","0","0","0","0","0","0","0","0","0","0","0","0","0","0","0","0","0","0","0","0","0","0"
"0x71cecf7756b0","      ISETP.NE.U32.AND P2, PT, R20, RZ, PT","0","0","0","0","0","0","0","0","32","0","-","-","-","0","0","0","0","0","0","0","0","0","0","0","0","0","0","0","0","0","0","0","0","0","0","0","0","0","0","0","0","0","0","0","0","0","0","0","0","0","0","0","0","0","0"
"0x71cecf7756c0","      FMUL R20, R141, R171","0","0","0","0","0","0","0","0","32","0","-","-","-","0","0","0","0","0","0","0","0","0","0","0","0","0","0","0","0","0","0","0","0","0","0","0","0","0","0","0","0","0","0","0","0","0","0","0","0","0","0","0","0","0","0"
"0x71cecf7756d0","      FMUL R31, R142, R171","0","0","0","0","0","0","0","0","32","0","-","-","-","0","0","0","0","0","0","0","0","0","0","0","0","0","0","0","0","0","0","0","0","0","0","0","0","0","0","0","0","0","0","0","0","0","0","0","0","0","0","0","0","0","0"
"0x71cecf7756e0","      FFMA R15, R15, R167, R12","0","0","0","0","0","0","0","0","32","0","-","-","-","0","0","0","0","0","0","0","0","0","0","0","0","0","0","0","0","0","0","0","0","0","0","0","0","0","0","0","0","0","0","0","0","0","0","0","0","0","0","0","0","0","0"
"0x71cecf7756f0","      FFMA R11, R11, R167, R8","0","0","0","0","0","0","0","0","32","0","-","-","-","0","0","0","0","0","0","0","0","0","0","0","0","0","0","0","0","0","0","0","0","0","0","0","0","0","0","0","0","0","0","0","0","0","0","0","0","0","0","0","0","0","0"
"0x71cecf775700","      ISETP.NE.U32.AND P4, PT, R24, RZ, PT","0","0","0","0","0","0","0","0","32","0","-","-","-","0","0","0","0","0","0","0","0","0","0","0","0","0","0","0","0","0","0","0","0","0","0","0","0","0","0","0","0","0","0","0","0","0","0","0","0","0","0","0","0","0","0"
"0x71cecf775710","      FMUL R12, R137, R171","0","0","0","0","0","0","0","0","32","0","-","-","-","0","0","0","0","0","0","0","0","0","0","0","0","0","0","0","0","0","0","0","0","0","0","0","0","0","0","0","0","0","0","0","0","0","0","0","0","0","0","0","0","0","0"
"0x71cecf775720","      FMUL R25, R138, R171","0","0","0","0","0","0","0","0","32","0","-","-","-","0","0","0","0","0","0","0","0","0","0","0","0","0","0","0","0","0","0","0","0","0","0","0","0","0","0","0","0","0","0","0","0","0","0","0","0","0","0","0","0","0","0"
"0x71cecf775730","      FMUL R8, R133, R171","0","0","0","0","0","0","0","0","32","0","-","-","-","0","0","0","0","0","0","0","0","0","0","0","0","0","0","0","0","0","0","0","0","0","0","0","0","0","0","0","0","0","0","0","0","0","0","0","0","0","0","0","0","0","0"
"0x71cecf775740","      ISETP.NE.U32.AND P3, PT, R21, RZ, PT","0","0","0","0","0","0","0","0","32","0","-","-","-","0","0","0","0","0","0","0","0","0","0","0","0","0","0","0","0","0","0","0","0","0","0","0","0","0","0","0","0","0","0","0","0","0","0","0","0","0","0","0","0","0","0"
"0x71cecf775750","      FFMA R13, R13, R167, R20","0","0","0","0","0","0","0","0","32","0","-","-","-","0","0","0","0","0","0","0","0","0","0","0","0","0","0","0","0","0","0","0","0","0","0","0","0","0","0","0","0","0","0","0","0","0","0","0","0","0","0","0","0","0","0"
"0x71cecf775760","      FFMA R31, R14, R167, R31","0","0","0","0","0","0","0","0","32","0","-","-","-","0","0","0","0","0","0","0","0","0","0","0","0","0","0","0","0","0","0","0","0","0","0","0","0","0","0","0","0","0","0","0","0","0","0","0","0","0","0","0","0","0","0"
"0x71cecf775770","      FFMA R9, R9, R167, R12","0","0","0","0","0","0","0","0","32","0","-","-","-","0","0","0","0","0","0","0","0","0","0","0","0","0","0","0","0","0","0","0","0","0","0","0","0","0","0","0","0","0","0","0","0","0","0","0","0","0","0","0","0","0","0"
"0x71cecf775780","      FFMA R25, R10, R167, R25","0","0","0","0","0","0","0","0","32","0","-","-","-","0","0","0","0","0","0","0","0","0","0","0","0","0","0","0","0","0","0","0","0","0","0","0","0","0","0","0","0","0","0","0","0","0","0","0","0","0","0","0","0","0","0"
"0x71cecf775790","      FFMA R5, R5, R167, R8","0","0","0","0","0","0","0","0","32","0","-","-","-","0","0","0","0","0","0","0","0","0","0","0","0","0","0","0","0","0","0","0","0","0","0","0","0","0","0","0","0","0","0","0","0","0","0","0","0","0","0","0","0","0","0"
"0x71cecf7757a0","      IADD.64 R20, R22, UR10","0","0","0","0","0","0","0","0","32","0","-","-","-","0","0","0","0","0","0","0","0","0","0","0","0","0","0","0","0","0","0","0","0","0","0","0","0","0","0","0","0","0","0","0","0","0","0","0","0","0","0","0","0","0","0"
"0x71cecf7757b0","      FMUL R19, R132, R171","0","0","0","0","0","0","0","0","32","0","-","-","-","0","0","0","0","0","0","0","0","0","0","0","0","0","0","0","0","0","0","0","0","0","0","0","0","0","0","0","0","0","0","0","0","0","0","0","0","0","0","0","0","0","0"
"0x71cecf7757c0","      IADD3 R16, PT, PT, R165, 0x38, RZ","0","0","0","0","0","0","0","0","32","0","-","-","-","0","0","0","0","0","0","0","0","0","0","0","0","0","0","0","0","0","0","0","0","0","0","0","0","0","0","0","0","0","0","0","0","0","0","0","0","0","0","0","0","0","0"
"0x71cecf7757d0","      IADD3 R165, PT, PT, R165, 0x3a, RZ","0","0","0","0","0","0","0","0","32","0","-","-","-","0","0","0","0","0","0","0","0","0","0","0","0","0","0","0","0","0","0","0","0","0","0","0","0","0","0","0","0","0","0","0","0","0","0","0","0","0","0","0","0","0","0"
"0x71cecf7757e0","      FMUL R17, R134, R171","0","0","0","0","0","0","0","0","32","0","-","-","-","0","0","0","0","0","0","0","0","0","0","0","0","0","0","0","0","0","0","0","0","0","0","0","0","0","0","0","0","0","0","0","0","0","0","0","0","0","0","0","0","0","0"
"0x71cecf7757f0","      FFMA R19, R4, R167, R19","0","0","0","0","0","0","0","0","32","0","-","-","-","0","0","0","0","0","0","0","0","0","0","0","0","0","0","0","0","0","0","0","0","0","0","0","0","0","0","0","0","0","0","0","0","0","0","0","0","0","0","0","0","0","0"
"0x71cecf775800","      FMUL R4, R135, R171","0","0","0","0","0","0","0","0","32","0","-","-","-","0","0","0","0","0","0","0","0","0","0","0","0","0","0","0","0","0","0","0","0","0","0","0","0","0","0","0","0","0","0","0","0","0","0","0","0","0","0","0","0","0","0"
"0x71cecf775810","      ISETP.LT.AND P6, PT, R16, UR5, P1","0","0","0","0","0","0","0","0","32","0","-","-","-","0","0","0","0","0","0","0","0","0","0","0","0","0","0","0","0","0","0","0","0","0","0","0","0","0","0","0","0","0","0","0","0","0","0","0","0","0","0","0","0","0","0"
"0x71cecf775820","      ISETP.LT.AND P5, PT, R16, UR5, P0","0","0","0","0","0","0","0","0","32","0","-","-","-","0","0","0","0","0","0","0","0","0","0","0","0","0","0","0","0","0","0","0","0","0","0","0","0","0","0","0","0","0","0","0","0","0","0","0","0","0","0","0","0","0","0"
"0x71cecf775830","      ISETP.LT.AND P1, PT, R165, UR5, P1","0","0","0","0","0","0","0","0","32","0","-","-","-","0","0","0","0","0","0","0","0","0","0","0","0","0","0","0","0","0","0","0","0","0","0","0","0","0","0","0","0","0","0","0","0","0","0","0","0","0","0","0","0","0","0"
"0x71cecf775840","      FFMA R17, R6, R167, R17","0","0","0","0","0","0","0","0","32","0","-","-","-","0","0","0","0","0","0","0","0","0","0","0","0","0","0","0","0","0","0","0","0","0","0","0","0","0","0","0","0","0","0","0","0","0","0","0","0","0","0","0","0","0","0"
"0x71cecf775850","      FFMA R7, R7, R167, R4","0","0","0","0","0","0","0","0","32","0","-","-","-","0","0","0","0","0","0","0","0","0","0","0","0","0","0","0","0","0","0","0","0","0","0","0","0","0","0","0","0","0","0","0","0","0","0","0","0","0","0","0","0","0","0"
"0x71cecf775860","      FMNMX R12, R33, R166, !PT","0","0","0","0","0","0","0","0","32","0","-","-","-","0","0","0","0","0","0","0","0","0","0","0","0","0","0","0","0","0","0","0","0","0","0","0","0","0","0","0","0","0","0","0","0","0","0","0","0","0","0","0","0","0","0"
"0x71cecf775870","      FMNMX R13, R13, R166, !PT","0","0","0","0","0","0","0","0","32","0","-","-","-","0","0","0","0","0","0","0","0","0","0","0","0","0","0","0","0","0","0","0","0","0","0","0","0","0","0","0","0","0","0","0","0","0","0","0","0","0","0","0","0","0","0"
"0x71cecf775880","      FMNMX R14, R31, R166, !PT","0","0","0","0","0","0","0","0","32","0","-","-","-","0","0","0","0","0","0","0","0","0","0","0","0","0","0","0","0","0","0","0","0","0","0","0","0","0","0","0","0","0","0","0","0","0","0","0","0","0","0","0","0","0","0"
"0x71cecf775890","      FMNMX R15, R15, R166, !PT","0","0","0","0","0","0","0","0","32","0","-","-","-","0","0","0","0","0","0","0","0","0","0","0","0","0","0","0","0","0","0","0","0","0","0","0","0","0","0","0","0","0","0","0","0","0","0","0","0","0","0","0","0","0","0"
"0x71cecf7758a0","      FMNMX R8, R29, R166, !PT","0","0","0","0","0","0","0","0","32","0","-","-","-","0","0","0","0","0","0","0","0","0","0","0","0","0","0","0","0","0","0","0","0","0","0","0","0","0","0","0","0","0","0","0","0","0","0","0","0","0","0","0","0","0","0"
"0x71cecf7758b0","      FMNMX R9, R9, R166, !PT","0","0","0","0","0","0","0","0","32","0","-","-","-","0","0","0","0","0","0","0","0","0","0","0","0","0","0","0","0","0","0","0","0","0","0","0","0","0","0","0","0","0","0","0","0","0","0","0","0","0","0","0","0","0","0"
"0x71cecf7758c0","      FMNMX R10, R25, R166, !PT","0","0","0","0","0","0","0","0","32","0","-","-","-","0","0","0","0","0","0","0","0","0","0","0","0","0","0","0","0","0","0","0","0","0","0","0","0","0","0","0","0","0","0","0","0","0","0","0","0","0","0","0","0","0","0"
"0x71cecf7758d0","      FMNMX R11, R11, R166, !PT","0","0","0","0","0","0","0","0","32","0","-","-","-","0","0","0","0","0","0","0","0","0","0","0","0","0","0","0","0","0","0","0","0","0","0","0","0","0","0","0","0","0","0","0","0","0","0","0","0","0","0","0","0","0","0"
"0x71cecf7758e0","      FMNMX R4, R19, R166, !PT","0","0","0","0","0","0","0","0","32","0","-","-","-","0","0","0","0","0","0","0","0","0","0","0","0","0","0","0","0","0","0","0","0","0","0","0","0","0","0","0","0","0","0","0","0","0","0","0","0","0","0","0","0","0","0"
"0x71cecf7758f0","      FMNMX R5, R5, R166, !PT","0","0","0","0","0","0","0","0","32","0","-","-","-","0","0","0","0","0","0","0","0","0","0","0","0","0","0","0","0","0","0","0","0","0","0","0","0","0","0","0","0","0","0","0","0","0","0","0","0","0","0","0","0","0","0"
"0x71cecf775900","      FMNMX R6, R17, R166, !PT","0","0","0","0","0","0","0","0","32","0","-","-","-","0","0","0","0","0","0","0","0","0","0","0","0","0","0","0","0","0","0","0","0","0","0","0","0","0","0","0","0","0","0","0","0","0","0","0","0","0","0","0","0","0","0"
"0x71cecf775910","      FMNMX R7, R7, R166, !PT","0","0","0","0","0","0","0","0","32","0","-","-","-","0","0","0","0","0","0","0","0","0","0","0","0","0","0","0","0","0","0","0","0","0","0","0","0","0","0","0","0","0","0","0","0","0","0","0","0","0","0","0","0","0","0"
"0x71cecf775920","@P4   STG.E.128 [R22.64+UR10+0x100], R12","0","0","0","0","0","0","0","0","32","0","","","","0","0","0","0","0","0","0","0","0","0","0","0","0","0","0","0","0","0","0","0","0","0","0","0","0","0","0","0","0","0","0","0","0","0","0","0","0","0","0","0","0","0"
"0x71cecf775930","@P3   STG.E.128 [R20.64+UR12], R8","0","0","0","0","0","0","0","0","32","0","","","","0","0","0","0","0","0","0","0","0","0","0","0","0","0","0","0","0","0","0","0","0","0","0","0","0","0","0","0","0","0","0","0","0","0","0","0","0","0","0","0","0","0"
"0x71cecf775940","@P2   STG.E.128 [R20.64+UR12+0x100], R4","0","0","0","0","0","0","0","0","32","0","","","","0","0","0","0","0","0","0","0","0","0","0","0","0","0","0","0","0","0","0","0","0","0","0","0","0","0","0","0","0","0","0","0","0","0","0","0","0","0","0","0","0","0"
"0x71cecf775950","@P6   LDG.E.LTC128B.128 R144, [R172]","0","0","0","0","0","0","0","0","32","0","","","","0","0","0","0","0","0","0","0","0","0","0","0","0","0","0","0","0","0","0","0","0","0","0","0","0","0","0","0","0","0","0","0","0","0","0","0","0","0","0","0","0","0"
"0x71cecf775960","@P5   LDG.E.LTC128B.128 R140, [R172+0x100]","0","0","0","0","0","0","0","0","32","0","","","","0","0","0","0","0","0","0","0","0","0","0","0","0","0","0","0","0","0","0","0","0","0","0","0","0","0","0","0","0","0","0","0","0","0","0","0","0","0","0","0","0","0"
"0x71cecf775970","@P1   LDG.E.LTC128B.128 R136, [R26.64+UR8]","0","0","0","0","0","0","0","0","32","0","","","","0","0","0","0","0","0","0","0","0","0","0","0","0","0","0","0","0","0","0","0","0","0","0","0","0","0","0","0","0","0","0","0","0","0","0","0","0","0","0","0","0","0"
"0x71cecf775980","      ISETP.LT.AND P0, PT, R165, UR5, P0","0","0","0","0","0","0","0","0","32","0","-","-","-","0","0","0","0","0","0","0","0","0","0","0","0","0","0","0","0","0","0","0","0","0","0","0","0","0","0","0","0","0","0","0","0","0","0","0","0","0","0","0","0","0","0"
"0x71cecf775990","@P0   LDG.E.LTC128B.128 R132, [R26.64+UR8+0x100]","0","0","0","0","0","0","0","0","32","0","","","","0","0","0","0","0","0","0","0","0","0","0","0","0","0","0","0","0","0","0","0","0","0","0","0","0","0","0","0","0","0","0","0","0","0","0","0","0","0","0","0","0","0"
"0x71cecf7759a0","      BAR.SYNC.DEFER_BLOCKING 0x0","0","0","0","0","0","0","0","0","32","0","-","-","-","0","0","0","0","0","0","0","0","0","0","0","0","0","0","0","0","0","0","0","0","0","0","0","0","0","0","0","0","0","0","0","0","0","0","0","0","0","0","0","0","0","0"
"0x71cecf7759b0","      STS.64 [R164], R130","0","0","0","0","0","0","0","0","32","0","","","","0","0","0","0","0","0","0","0","0","0","0","0","0","0","0","0","0","0","0","0","0","0","0","0","0","0","0","0","0","0","0","0","0","0","0","0","0","0","0","0","0","0"
"0x71cecf7759c0","      STS.64 [R164+0x20], R126","0","0","0","0","0","0","0","0","32","0","","","","0","0","0","0","0","0","0","0","0","0","0","0","0","0","0","0","0","0","0","0","0","0","0","0","0","0","0","0","0","0","0","0","0","0","0","0","0","0","0","0","0","0"
"0x71cecf7759d0","      STS.64 [R164+0x40], R122","0","0","0","0","0","0","0","0","32","0","","","","0","0","0","0","0","0","0","0","0","0","0","0","0","0","0","0","0","0","0","0","0","0","0","0","0","0","0","0","0","0","0","0","0","0","0","0","0","0","0","0","0","0"
"0x71cecf7759e0","      STS.64 [R164+0x60], R118","0","0","0","0","0","0","0","0","32","0","","","","0","0","0","0","0","0","0","0","0","0","0","0","0","0","0","0","0","0","0","0","0","0","0","0","0","0","0","0","0","0","0","0","0","0","0","0","0","0","0","0","0","0"
"0x71cecf7759f0","      STS.64 [R164+0x80], R114","0","0","0","0","0","0","0","0","32","0","","","","0","0","0","0","0","0","0","0","0","0","0","0","0","0","0","0","0","0","0","0","0","0","0","0","0","0","0","0","0","0","0","0","0","0","0","0","0","0","0","0","0","0"
"0x71cecf775a00","      STS.64 [R164+0xa0], R110","0","0","0","0","0","0","0","0","32","0","","","","0","0","0","0","0","0","0","0","0","0","0","0","0","0","0","0","0","0","0","0","0","0","0","0","0","0","0","0","0","0","0","0","0","0","0","0","0","0","0","0","0","0"
"0x71cecf775a10","      STS.64 [R164+0xc0], R106","0","0","0","0","0","0","0","0","32","0","","","","0","0","0","0","0","0","0","0","0","0","0","0","0","0","0","0","0","0","0","0","0","0","0","0","0","0","0","0","0","0","0","0","0","0","0","0","0","0","0","0","0","0"
"0x71cecf775a20","      STS.64 [R164+0xe0], R102","0","0","0","0","0","0","0","0","32","0","","","","0","0","0","0","0","0","0","0","0","0","0","0","0","0","0","0","0","0","0","0","0","0","0","0","0","0","0","0","0","0","0","0","0","0","0","0","0","0","0","0","0","0"
"0x71cecf775a30","      BAR.SYNC.DEFER_BLOCKING 0x0","0","0","0","0","0","0","0","0","32","0","-","-","-","0","0","0","0","0","0","0","0","0","0","0","0","0","0","0","0","0","0","0","0","0","0","0","0","0","0","0","0","0","0","0","0","0","0","0","0","0","0","0","0","0","0"
"0x71cecf775a40","      ISETP.GE.AND P0, PT, R16, UR5, PT","0","0","0","0","0","0","0","0","32","0","-","-","-","0","0","0","0","0","0","0","0","0","0","0","0","0","0","0","0","0","0","0","0","0","0","0","0","0","0","0","0","0","0","0","0","0","0","0","0","0","0","0","0","0","0"
"0x71cecf775a50","      SEL R17, R2, RZ, !P0","0","0","0","0","0","0","0","0","32","0","-","-","-","0","0","0","0","0","0","0","0","0","0","0","0","0","0","0","0","0","0","0","0","0","0","0","0","0","0","0","0","0","0","0","0","0","0","0","0","0","0","0","0","0","0"
"0x71cecf775a60","      SEL R16, R3, RZ, !P0","0","0","0","0","0","0","0","0","32","0","-","-","-","0","0","0","0","0","0","0","0","0","0","0","0","0","0","0","0","0","0","0","0","0","0","0","0","0","0","0","0","0","0","0","0","0","0","0","0","0","0","0","0","0","0"
"0x71cecf775a70","      LDS.128 R12, [R170+UR4]","0","0","0","0","0","0","0","0","32","0","","","","0","0","0","0","0","0","0","0","0","0","0","0","0","0","0","0","0","0","0","0","0","0","0","0","0","0","0","0","0","0","0","0","0","0","0","0","0","0","0","0","0","0"
"0x71cecf775a80","      LDS.128 R8, [R170+UR4+0x100]","0","0","0","0","0","0","0","0","32","0","","","","0","0","0","0","0","0","0","0","0","0","0","0","0","0","0","0","0","0","0","0","0","0","0","0","0","0","0","0","0","0","0","0","0","0","0","0","0","0","0","0","0","0"
"0x71cecf775a90","      LDS.128 R4, [R170+UR4+0x440]","0","0","0","0","0","0","0","0","32","0","","","","0","0","0","0","0","0","0","0","0","0","0","0","0","0","0","0","0","0","0","0","0","0","0","0","0","0","0","0","0","0","0","0","0","0","0","0","0","0","0","0","0","0"
"0x71cecf775aa0","      ISETP.NE.U32.AND P2, PT, R17, RZ, PT","0","0","0","0","0","0","0","0","32","0","-","-","-","0","0","0","0","0","0","0","0","0","0","0","0","0","0","0","0","0","0","0","0","0","0","0","0","0","0","0","0","0","0","0","0","0","0","0","0","0","0","0","0","0","0"
"0x71cecf775ab0","      ISETP.NE.U32.AND P1, PT, R16, RZ, PT","0","0","0","0","0","0","0","0","32","0","-","-","-","0","0","0","0","0","0","0","0","0","0","0","0","0","0","0","0","0","0","0","0","0","0","0","0","0","0","0","0","0","0","0","0","0","0","0","0","0","0","0","0","0","0"
"0x71cecf775ac0","      LDS.128 R16, [R170+UR4+0x540]","0","0","0","0","0","0","0","0","32","0","","","","0","0","0","0","0","0","0","0","0","0","0","0","0","0","0","0","0","0","0","0","0","0","0","0","0","0","0","0","0","0","0","0","0","0","0","0","0","0","0","0","0","0"
"0x71cecf775ad0","      ISETP.GE.AND P3, PT, R165, UR5, PT","0","0","0","0","0","0","0","0","32","0","-","-","-","0","0","0","0","0","0","0","0","0","0","0","0","0","0","0","0","0","0","0","0","0","0","0","0","0","0","0","0","0","0","0","0","0","0","0","0","0","0","0","0","0","0"
"0x71cecf775ae0","      SEL R2, R2, RZ, !P3","0","0","0","0","0","0","0","0","32","0","-","-","-","0","0","0","0","0","0","0","0","0","0","0","0","0","0","0","0","0","0","0","0","0","0","0","0","0","0","0","0","0","0","0","0","0","0","0","0","0","0","0","0","0","0"
"0x71cecf775af0","      ISETP.NE.U32.AND P0, PT, R2, RZ, PT","0","0","0","0","0","0","0","0","32","0","-","-","-","0","0","0","0","0","0","0","0","0","0","0","0","0","0","0","0","0","0","0","0","0","0","0","0","0","0","0","0","0","0","0","0","0","0","0","0","0","0","0","0","0","0"
"0x71cecf775b00","      SEL R3, R3, RZ, !P3","0","0","0","0","0","0","0","0","32","0","-","-","-","0","0","0","0","0","0","0","0","0","0","0","0","0","0","0","0","0","0","0","0","0","0","0","0","0","0","0","0","0","0","0","0","0","0","0","0","0","0","0","0","0","0"
"0x71cecf775b10","      FMUL R23, R144, R171","0","0","0","0","0","0","0","0","32","0","-","-","-","0","0","0","0","0","0","0","0","0","0","0","0","0","0","0","0","0","0","0","0","0","0","0","0","0","0","0","0","0","0","0","0","0","0","0","0","0","0","0","0","0","0"
"0x71cecf775b20","      FMUL R2, R145, R171","0","0","0","0","0","0","0","0","32","0","-","-","-","0","0","0","0","0","0","0","0","0","0","0","0","0","0","0","0","0","0","0","0","0","0","0","0","0","0","0","0","0","0","0","0","0","0","0","0","0","0","0","0","0","0"
"0x71cecf775b30","      FMUL R25, R146, R171","0","0","0","0","0","0","0","0","32","0","-","-","-","0","0","0","0","0","0","0","0","0","0","0","0","0","0","0","0","0","0","0","0","0","0","0","0","0","0","0","0","0","0","0","0","0","0","0","0","0","0","0","0","0","0"
"0x71cecf775b40","      FMUL R22, R147, R171","0","0","0","0","0","0","0","0","32","0","-","-","-","0","0","0","0","0","0","0","0","0","0","0","0","0","0","0","0","0","0","0","0","0","0","0","0","0","0","0","0","0","0","0","0","0","0","0","0","0","0","0","0","0","0"
"0x71cecf775b50","      FMUL R27, R140, R171","0","0","0","0","0","0","0","0","32","0","-","-","-","0","0","0","0","0","0","0","0","0","0","0","0","0","0","0","0","0","0","0","0","0","0","0","0","0","0","0","0","0","0","0","0","0","0","0","0","0","0","0","0","0","0"
"0x71cecf775b60","      FMUL R24, R141, R171","0","0","0","0","0","0","0","0","32","0","-","-","-","0","0","0","0","0","0","0","0","0","0","0","0","0","0","0","0","0","0","0","0","0","0","0","0","0","0","0","0","0","0","0","0","0","0","0","0","0","0","0","0","0","0"
"0x71cecf775b70","      FMUL R29, R142, R171","0","0","0","0","0","0","0","0","32","0","-","-","-","0","0","0","0","0","0","0","0","0","0","0","0","0","0","0","0","0","0","0","0","0","0","0","0","0","0","0","0","0","0","0","0","0","0","0","0","0","0","0","0","0","0"
"0x71cecf775b80","      FMUL R26, R143, R171","0","0","0","0","0","0","0","0","32","0","-","-","-","0","0","0","0","0","0","0","0","0","0","0","0","0","0","0","0","0","0","0","0","0","0","0","0","0","0","0","0","0","0","0","0","0","0","0","0","0","0","0","0","0","0"
"0x71cecf775b90","      FMUL R31, R136, R171","0","0","0","0","0","0","0","0","32","0","-","-","-","0","0","0","0","0","0","0","0","0","0","0","0","0","0","0","0","0","0","0","0","0","0","0","0","0","0","0","0","0","0","0","0","0","0","0","0","0","0","0","0","0","0"
"0x71cecf775ba0","      FMUL R28, R137, R171","0","0","0","0","0","0","0","0","32","0","-","-","-","0","0","0","0","0","0","0","0","0","0","0","0","0","0","0","0","0","0","0","0","0","0","0","0","0","0","0","0","0","0","0","0","0","0","0","0","0","0","0","0","0","0"
"0x71cecf775bb0","      FMUL R33, R138, R171","0","0","0","0","0","0","0","0","32","0","-","-","-","0","0","0","0","0","0","0","0","0","0","0","0","0","0","0","0","0","0","0","0","0","0","0","0","0","0","0","0","0","0","0","0","0","0","0","0","0","0","0","0","0","0"
"0x71cecf775bc0","      FMUL R30, R139, R171","0","0","0","0","0","0","0","0","32","0","-","-","-","0","0","0","0","0","0","0","0","0","0","0","0","0","0","0","0","0","0","0","0","0","0","0","0","0","0","0","0","0","0","0","0","0","0","0","0","0","0","0","0","0","0"
"0x71cecf775bd0","      FFMA R23, R12, R167, R23","0","0","0","0","0","0","0","0","32","0","-","-","-","0","0","0","0","0","0","0","0","0","0","0","0","0","0","0","0","0","0","0","0","0","0","0","0","0","0","0","0","0","0","0","0","0","0","0","0","0","0","0","0","0","0"
"0x71cecf775be0","      FFMA R13, R13, R167, R2","0","0","0","0","0","0","0","0","32","0","-","-","-","0","0","0","0","0","0","0","0","0","0","0","0","0","0","0","0","0","0","0","0","0","0","0","0","0","0","0","0","0","0","0","0","0","0","0","0","0","0","0","0","0","0"
"0x71cecf775bf0","      FFMA R25, R14, R167, R25","0","0","0","0","0","0","0","0","32","0","-","-","-","0","0","0","0","0","0","0","0","0","0","0","0","0","0","0","0","0","0","0","0","0","0","0","0","0","0","0","0","0","0","0","0","0","0","0","0","0","0","0","0","0","0"
"0x71cecf775c00","      FFMA R15, R15, R167, R22","0","0","0","0","0","0","0","0","32","0","-","-","-","0","0","0","0","0","0","0","0","0","0","0","0","0","0","0","0","0","0","0","0","0","0","0","0","0","0","0","0","0","0","0","0","0","0","0","0","0","0","0","0","0","0"
"0x71cecf775c10","      FFMA R27, R8, R167, R27","0","0","0","0","0","0","0","0","32","0","-","-","-","0","0","0","0","0","0","0","0","0","0","0","0","0","0","0","0","0","0","0","0","0","0","0","0","0","0","0","0","0","0","0","0","0","0","0","0","0","0","0","0","0","0"
"0x71cecf775c20","      FFMA R9, R9, R167, R24","0","0","0","0","0","0","0","0","32","0","-","-","-","0","0","0","0","0","0","0","0","0","0","0","0","0","0","0","0","0","0","0","0","0","0","0","0","0","0","0","0","0","0","0","0","0","0","0","0","0","0","0","0","0","0"
"0x71cecf775c30","      FFMA R29, R10, R167, R29","0","0","0","0","0","0","0","0","32","0","-","-","-","0","0","0","0","0","0","0","0","0","0","0","0","0","0","0","0","0","0","0","0","0","0","0","0","0","0","0","0","0","0","0","0","0","0","0","0","0","0","0","0","0","0"
"0x71cecf775c40","      FFMA R11, R11, R167, R26","0","0","0","0","0","0","0","0","32","0","-","-","-","0","0","0","0","0","0","0","0","0","0","0","0","0","0","0","0","0","0","0","0","0","0","0","0","0","0","0","0","0","0","0","0","0","0","0","0","0","0","0","0","0","0"
"0x71cecf775c50","      FFMA R31, R4, R167, R31","0","0","0","0","0","0","0","0","32","0","-","-","-","0","0","0","0","0","0","0","0","0","0","0","0","0","0","0","0","0","0","0","0","0","0","0","0","0","0","0","0","0","0","0","0","0","0","0","0","0","0","0","0","0","0"
"0x71cecf775c60","      FFMA R5, R5, R167, R28","0","0","0","0","0","0","0","0","32","0","-","-","-","0","0","0","0","0","0","0","0","0","0","0","0","0","0","0","0","0","0","0","0","0","0","0","0","0","0","0","0","0","0","0","0","0","0","0","0","0","0","0","0","0","0"
"0x71cecf775c70","      FFMA R35, R6, R167, R33","0","0","0","0","0","0","0","0","32","0","-","-","-","0","0","0","0","0","0","0","0","0","0","0","0","0","0","0","0","0","0","0","0","0","0","0","0","0","0","0","0","0","0","0","0","0","0","0","0","0","0","0","0","0","0"
"0x71cecf775c80","      FFMA R7, R7, R167, R30","0","0","0","0","0","0","0","0","32","0","-","-","-","0","0","0","0","0","0","0","0","0","0","0","0","0","0","0","0","0","0","0","0","0","0","0","0","0","0","0","0","0","0","0","0","0","0","0","0","0","0","0","0","0","0"
"0x71cecf775c90","      IADD.64 R32, R20, UR10","0","0","0","0","0","0","0","0","32","0","-","-","-","0","0","0","0","0","0","0","0","0","0","0","0","0","0","0","0","0","0","0","0","0","0","0","0","0","0","0","0","0","0","0","0","0","0","0","0","0","0","0","0","0","0"
"0x71cecf775ca0","      FMNMX R12, R23, R166, !PT","0","0","0","0","0","0","0","0","32","0","-","-","-","0","0","0","0","0","0","0","0","0","0","0","0","0","0","0","0","0","0","0","0","0","0","0","0","0","0","0","0","0","0","0","0","0","0","0","0","0","0","0","0","0","0"
"0x71cecf775cb0","      FMNMX R13, R13, R166, !PT","0","0","0","0","0","0","0","0","32","0","-","-","-","0","0","0","0","0","0","0","0","0","0","0","0","0","0","0","0","0","0","0","0","0","0","0","0","0","0","0","0","0","0","0","0","0","0","0","0","0","0","0","0","0","0"
"0x71cecf775cc0","      FMNMX R14, R25, R166, !PT","0","0","0","0","0","0","0","0","32","0","-","-","-","0","0","0","0","0","0","0","0","0","0","0","0","0","0","0","0","0","0","0","0","0","0","0","0","0","0","0","0","0","0","0","0","0","0","0","0","0","0","0","0","0","0"
"0x71cecf775cd0","      FMNMX R15, R15, R166, !PT","0","0","0","0","0","0","0","0","32","0","-","-","-","0","0","0","0","0","0","0","0","0","0","0","0","0","0","0","0","0","0","0","0","0","0","0","0","0","0","0","0","0","0","0","0","0","0","0","0","0","0","0","0","0","0"
"0x71cecf775ce0","      FMNMX R8, R27, R166, !PT","0","0","0","0","0","0","0","0","32","0","-","-","-","0","0","0","0","0","0","0","0","0","0","0","0","0","0","0","0","0","0","0","0","0","0","0","0","0","0","0","0","0","0","0","0","0","0","0","0","0","0","0","0","0","0"
"0x71cecf775cf0","      FMNMX R9, R9, R166, !PT","0","0","0","0","0","0","0","0","32","0","-","-","-","0","0","0","0","0","0","0","0","0","0","0","0","0","0","0","0","0","0","0","0","0","0","0","0","0","0","0","0","0","0","0","0","0","0","0","0","0","0","0","0","0","0"
"0x71cecf775d00","      FMNMX R10, R29, R166, !PT","0","0","0","0","0","0","0","0","32","0","-","-","-","0","0","0","0","0","0","0","0","0","0","0","0","0","0","0","0","0","0","0","0","0","0","0","0","0","0","0","0","0","0","0","0","0","0","0","0","0","0","0","0","0","0"
"0x71cecf775d10","      FMNMX R11, R11, R166, !PT","0","0","0","0","0","0","0","0","32","0","-","-","-","0","0","0","0","0","0","0","0","0","0","0","0","0","0","0","0","0","0","0","0","0","0","0","0","0","0","0","0","0","0","0","0","0","0","0","0","0","0","0","0","0","0"
"0x71cecf775d20","      FMNMX R4, R31, R166, !PT","0","0","0","0","0","0","0","0","32","0","-","-","-","0","0","0","0","0","0","0","0","0","0","0","0","0","0","0","0","0","0","0","0","0","0","0","0","0","0","0","0","0","0","0","0","0","0","0","0","0","0","0","0","0","0"
"0x71cecf775d30","      FMNMX R5, R5, R166, !PT","0","0","0","0","0","0","0","0","32","0","-","-","-","0","0","0","0","0","0","0","0","0","0","0","0","0","0","0","0","0","0","0","0","0","0","0","0","0","0","0","0","0","0","0","0","0","0","0","0","0","0","0","0","0","0"
"0x71cecf775d40","      FMNMX R6, R35, R166, !PT","0","0","0","0","0","0","0","0","32","0","-","-","-","0","0","0","0","0","0","0","0","0","0","0","0","0","0","0","0","0","0","0","0","0","0","0","0","0","0","0","0","0","0","0","0","0","0","0","0","0","0","0","0","0","0"
"0x71cecf775d50","      FMNMX R7, R7, R166, !PT","0","0","0","0","0","0","0","0","32","0","-","-","-","0","0","0","0","0","0","0","0","0","0","0","0","0","0","0","0","0","0","0","0","0","0","0","0","0","0","0","0","0","0","0","0","0","0","0","0","0","0","0","0","0","0"
"0x71cecf775d60","@P2   STG.E.128 [R20.64+UR10], R12","0","0","0","0","0","0","0","0","32","0","","","","0","0","0","0","0","0","0","0","0","0","0","0","0","0","0","0","0","0","0","0","0","0","0","0","0","0","0","0","0","0","0","0","0","0","0","0","0","0","0","0","0","0"
"0x71cecf775d70","@P1   STG.E.128 [R20.64+UR10+0x100], R8","0","0","0","0","0","0","0","0","32","0","","","","0","0","0","0","0","0","0","0","0","0","0","0","0","0","0","0","0","0","0","0","0","0","0","0","0","0","0","0","0","0","0","0","0","0","0","0","0","0","0","0","0","0"
"0x71cecf775d80","@P0   STG.E.128 [R32.64+UR12], R4","0","0","0","0","0","0","0","0","32","0","","","","0","0","0","0","0","0","0","0","0","0","0","0","0","0","0","0","0","0","0","0","0","0","0","0","0","0","0","0","0","0","0","0","0","0","0","0","0","0","0","0","0","0"
"0x71cecf775d90","      ISETP.NE.U32.AND P0, PT, R3, RZ, PT","0","0","0","0","0","0","0","0","32","0","-","-","-","0","0","0","0","0","0","0","0","0","0","0","0","0","0","0","0","0","0","0","0","0","0","0","0","0","0","0","0","0","0","0","0","0","0","0","0","0","0","0","0","0","0"
"0x71cecf775da0","      FMUL R3, R132, R171","0","0","0","0","0","0","0","0","32","0","-","-","-","0","0","0","0","0","0","0","0","0","0","0","0","0","0","0","0","0","0","0","0","0","0","0","0","0","0","0","0","0","0","0","0","0","0","0","0","0","0","0","0","0","0"
"0x71cecf775db0","      FMUL R2, R133, R171","0","0","0","0","0","0","0","0","32","0","-","-","-","0","0","0","0","0","0","0","0","0","0","0","0","0","0","0","0","0","0","0","0","0","0","0","0","0","0","0","0","0","0","0","0","0","0","0","0","0","0","0","0","0","0"
"0x71cecf775dc0","      FMUL R23, R134, R171","0","0","0","0","0","0","0","0","32","0","-","-","-","0","0","0","0","0","0","0","0","0","0","0","0","0","0","0","0","0","0","0","0","0","0","0","0","0","0","0","0","0","0","0","0","0","0","0","0","0","0","0","0","0","0"
"0x71cecf775dd0","      FMUL R22, R135, R171","0","0","0","0","0","0","0","0","32","0","-","-","-","0","0","0","0","0","0","0","0","0","0","0","0","0","0","0","0","0","0","0","0","0","0","0","0","0","0","0","0","0","0","0","0","0","0","0","0","0","0","0","0","0","0"
"0x71cecf775de0","      FFMA R3, R16, R167, R3","0","0","0","0","0","0","0","0","32","0","-","-","-","0","0","0","0","0","0","0","0","0","0","0","0","0","0","0","0","0","0","0","0","0","0","0","0","0","0","0","0","0","0","0","0","0","0","0","0","0","0","0","0","0","0"
"0x71cecf775df0","      FFMA R17, R17, R167, R2","0","0","0","0","0","0","0","0","32","0","-","-","-","0","0","0","0","0","0","0","0","0","0","0","0","0","0","0","0","0","0","0","0","0","0","0","0","0","0","0","0","0","0","0","0","0","0","0","0","0","0","0","0","0","0"
"0x71cecf775e00","      FFMA R23, R18, R167, R23","0","0","0","0","0","0","0","0","32","0","-","-","-","0","0","0","0","0","0","0","0","0","0","0","0","0","0","0","0","0","0","0","0","0","0","0","0","0","0","0","0","0","0","0","0","0","0","0","0","0","0","0","0","0","0"
"0x71cecf775e10","      FFMA R11, R19, R167, R22","0","0","0","0","0","0","0","0","32","0","-","-","-","0","0","0","0","0","0","0","0","0","0","0","0","0","0","0","0","0","0","0","0","0","0","0","0","0","0","0","0","0","0","0","0","0","0","0","0","0","0","0","0","0","0"
"0x71cecf775e20","      FMNMX R8, R3, R166, !PT","0","0","0","0","0","0","0","0","32","0","-","-","-","0","0","0","0","0","0","0","0","0","0","0","0","0","0","0","0","0","0","0","0","0","0","0","0","0","0","0","0","0","0","0","0","0","0","0","0","0","0","0","0","0","0"
"0x71cecf775e30","      FMNMX R9, R17, R166, !PT","0","0","0","0","0","0","0","0","32","0","-","-","-","0","0","0","0","0","0","0","0","0","0","0","0","0","0","0","0","0","0","0","0","0","0","0","0","0","0","0","0","0","0","0","0","0","0","0","0","0","0","0","0","0","0"
"0x71cecf775e40","      FMNMX R10, R23, R166, !PT","0","0","0","0","0","0","0","0","32","0","-","-","-","0","0","0","0","0","0","0","0","0","0","0","0","0","0","0","0","0","0","0","0","0","0","0","0","0","0","0","0","0","0","0","0","0","0","0","0","0","0","0","0","0","0"
"0x71cecf775e50","      FMNMX R11, R11, R166, !PT","0","0","0","0","0","0","0","0","32","0","-","-","-","0","0","0","0","0","0","0","0","0","0","0","0","0","0","0","0","0","0","0","0","0","0","0","0","0","0","0","0","0","0","0","0","0","0","0","0","0","0","0","0","0","0"
"0x71cecf775e60","@!P0  BRA 0x71cecf777ef0","0","0","0","0","0","0","0","0","32","0","-","-","-","0","0","0","0","0","0","0","0","0","0","0","0","0","0","0","0","0","0","0","0","0","0","0","0","0","0","0","0","0","0","0","0","0","0","0","0","0","0","0","0","0","0"
"0x71cecf775e70","      STG.E.128 [R32.64+UR12+0x100], R8","0","0","0","0","0","0","0","0","32","0","","","","0","0","0","0","0","0","0","0","0","0","0","0","0","0","0","0","0","0","0","0","0","0","0","0","0","0","0","0","0","0","0","0","0","0","0","0","0","0","0","0","0","0"
"0x71cecf775e80","      BRA 0x71cecf777ef0","0","0","0","0","0","0","0","0","32","0","-","-","-","0","0","0","0","0","0","0","0","0","0","0","0","0","0","0","0","0","0","0","0","0","0","0","0","0","0","0","0","0","0","0","0","0","0","0","0","0","0","0","0","0","0"
"0x71cecf775e90","      S2R R0, SR_TID.X","2","2","2","1764","56448","56448","32","32","0","0","-","-","-","0","0","0","0","0","0","0","0","0","0","0","0","0","0","0","0","0","0","2","0","0","0","0","0","0","0","0","0","0","0","0","0","0","0","0","2","0","0","0","0","0","0"
"0x71cecf775ea0","      S2UR UR5, SR_CgaCtaId","0","0","0","1764","56448","56448","32","32","0","0","-","-","-","0","0","0","0","0","0","0","0","0","0","0","0","0","0","0","0","0","0","0","0","0","0","0","0","0","0","0","0","0","0","0","0","0","0","0","0","0","0","0","0","0","0"
"0x71cecf775eb0","      UMOV UR4, 0x400","0","0","0","1764","56448","56448","32","32","0","0","-","-","-","0","0","0","0","0","0","0","0","0","0","0","0","0","0","0","0","0","0","0","0","0","0","0","0","0","0","0","0","0","0","0","0","0","0","0","0","0","0","0","0","0","0"
"0x71cecf775ec0","      LDCU.64 UR8, c[0x0][0x440]","0","0","0","1764","56448","56448","32","32","0","0","-","-","-","0","0","0","0","0","0","0","0","0","0","0","0","0","0","0","0","0","0","0","0","0","0","0","0","0","0","0","0","0","0","0","0","0","0","0","0","0","0","0","0","0","0"
"0x71cecf775ed0","      BAR.SYNC.DEFER_BLOCKING 0x0","0","0","0","1764","56448","56448","32","32","0","0","-","-","-","0","0","0","0","0","0","0","0","0","0","0","0","0","0","0","0","0","0","0","0","0","0","0","0","0","0","0","0","0","0","0","0","0","0","0","0","0","0","0","0","0","0"
"0x71cecf775ee0","      LDCU.64 UR6, c[0x0][0x458]","0","0","0","1764","56448","56448","32","32","0","0","-","-","-","0","0","0","0","0","0","0","0","0","0","0","0","0","0","0","0","0","0","0","0","0","0","0","0","0","0","0","0","0","0","0","0","0","0","0","0","0","0","0","0","0","0"
"0x71cecf775ef0","      ULEA UR5, UR5, UR4, 0x18","0","0","0","1764","56448","56448","32","32","0","0","-","-","-","0","0","0","0","0","0","0","0","0","0","0","0","0","0","0","0","0","0","0","0","0","0","0","0","0","0","0","0","0","0","0","0","0","0","0","0","0","0","0","0","0","0"
"0x71cecf775f00","      LDCU UR4, c[0x0][0x380]","0","0","0","1764","56448","56448","32","32","0","0","-","-","-","0","0","0","0","0","0","0","0","0","0","0","0","0","0","0","0","0","0","0","0","0","0","0","0","0","0","0","0","0","0","0","0","0","0","0","0","0","0","0","0","0","0"
"0x71cecf775f10","      STS.64 [R164], R4","0","0","0","1764","56448","56448","32","32","0","0","Shared","Store","64","0","2","0","3528","3528","0","0","0","0","0","0","0","0","0","0","0","0","0","0","0","0","0","0","0","0","0","0","0","0","0","0","0","0","0","0","0","0","0","0","0","0","0"
"0x71cecf775f20","      SHF.R.U32.HI R132, RZ, 0x4, R0","0","0","0","1764","56448","56448","32","32","0","0","-","-","-","0","0","0","0","0","0","0","0","0","0","0","0","0","0","0","0","0","0","0","0","0","0","0","0","0","0","0","0","0","0","0","0","0","0","0","0","0","0","0","0","0","0"
"0x71cecf775f30","      STS.64 [R164+0x20], R8","0","0","0","1764","56448","56448","32","32","0","0","Shared","Store","64","0","2","0","3528","3528","0","0","0","0","0","0","0","0","0","0","0","0","0","0","0","0","0","0","0","0","0","0","0","0","0","0","0","0","0","0","0","0","0","0","0","0","0"
"0x71cecf775f40","      SHF.R.U32.HI R133, RZ, 0x3, R0","0","0","0","1764","56448","56448","32","32","0","0","-","-","-","0","0","0","0","0","0","0","0","0","0","0","0","0","0","0","0","0","0","0","0","0","0","0","0","0","0","0","0","0","0","0","0","0","0","0","0","0","0","0","0","0","0"
"0x71cecf775f50","      IMAD.SHL.U32 R134, R0, 0x10, RZ","0","0","0","1764","56448","56448","32","32","0","0","-","-","-","0","0","0","0","0","0","0","0","0","0","0","0","0","0","0","0","0","0","0","0","0","0","0","0","0","0","0","0","0","0","0","0","0","0","0","0","0","0","0","0","0","0"
"0x71cecf775f60","      LOP3.LUT R132, R132, 0x1, RZ, 0xc0, !PT","1","0","1","1764","56448","56448","32","32","0","0","-","-","-","0","0","0","0","0","0","0","0","0","0","0","0","0","0","0","0","0","0","0","0","1","0","0","0","0","0","0","0","0","0","0","0","0","0","0","0","0","0","0","0","0","0"
"0x71cecf775f70","      STS.64 [R164+0x40], R12","0","0","0","1764","56448","56448","32","32","0","0","Shared","Store","64","0","2","0","3528","3528","0","0","0","0","0","0","0","0","0","0","0","0","0","0","0","0","0","0","0","0","0","0","0","0","0","0","0","0","0","0","0","0","0","0","0","0","0"
"0x71cecf775f80","      LOP3.LUT R132, R132, 0x70, R133, 0xf8, !PT","0","0","0","1764","56448","56448","32","32","0","0","-","-","-","0","0","0","0","0","0","0","0","0","0","0","0","0","0","0","0","0","0","0","0","0","0","0","0","0","0","0","0","0","0","0","0","0","0","0","0","0","0","0","0","0","0"
"0x71cecf775f90","      STS.64 [R164+0x60], R16","0","0","0","1764","56448","56448","32","32","0","0","Shared","Store","64","0","2","0","3528","3528","0","0","0","0","0","0","0","0","0","0","0","0","0","0","0","0","0","0","0","0","0","0","0","0","0","0","0","0","0","0","0","0","0","0","0","0","0"
"0x71cecf775fa0","      LOP3.LUT R132, R132, 0x8, R133, 0xf8, !PT","1","1","1","1764","56448","56448","32","32","0","0","-","-","-","0","0","0","0","0","0","0","0","0","0","0","0","0","0","0","0","0","0","0","0","0","0","0","0","1","0","0","0","0","0","0","0","0","0","0","0","0","0","0","0","0","1"
"0x71cecf775fb0","      STS.64 [R164+0x80], R20","1","0","1","1764","56448","56448","32","32","0","0","Shared","Store","64","0","2","0","3528","3528","0","0","0","0","0","0","0","0","0","0","0","0","0","0","0","1","0","0","0","0","0","0","0","0","0","0","0","0","0","0","0","0","0","0","0","0","0"
"0x71cecf775fc0","      ISETP.GE.AND P1, PT, R165, UR4, PT","0","0","0","1764","56448","56448","32","32","0","0","-","-","-","0","0","0","0","0","0","0","0","0","0","0","0","0","0","0","0","0","0","0","0","0","0","0","0","0","0","0","0","0","0","0","0","0","0","0","0","0","0","0","0","0","0"
"0x71cecf775fd0","      LOP3.LUT R132, R132, 0x4, R133, 0xf8, !PT","0","0","0","1764","56448","56448","32","32","0","0","-","-","-","0","0","0","0","0","0","0","0","0","0","0","0","0","0","0","0","0","0","0","0","0","0","0","0","0","0","0","0","0","0","0","0","0","0","0","0","0","0","0","0","0","0"
"0x71cecf775fe0","      STS.64 [R164+0xa0], R24","0","0","0","1764","56448","56448","32","32","0","0","Shared","Store","64","0","2","0","3528","3528","0","0","0","0","0","0","0","0","0","0","0","0","0","0","0","0","0","0","0","0","0","0","0","0","0","0","0","0","0","0","0","0","0","0","0","0","0"
"0x71cecf775ff0","      LOP3.LUT R133, R134, 0xf0, RZ, 0xc0, !PT","0","0","0","1764","56448","56448","32","32","0","0","-","-","-","0","0","0","0","0","0","0","0","0","0","0","0","0","0","0","0","0","0","0","0","0","0","0","0","0","0","0","0","0","0","0","0","0","0","0","0","0","0","0","0","0","0"
"0x71cecf776000","      STS.64 [R164+0xc0], R28","0","0","0","1764","56448","56448","32","32","0","0","Shared","Store","64","0","2","0","3528","3528","0","0","0","0","0","0","0","0","0","0","0","0","0","0","0","0","0","0","0","0","0","0","0","0","0","0","0","0","0","0","0","0","0","0","0","0","0"
"0x71cecf776010","      IMAD R148, R132, 0x220, R133","0","0","0","1764","56448","56448","32","32","0","0","-","-","-","0","0","0","0","0","0","0","0","0","0","0","0","0","0","0","0","0","0","0","0","0","0","0","0","0","0","0","0","0","0","0","0","0","0","0","0","0","0","0","0","0","0"
"0x71cecf776020","      IADD3 R4, PT, PT, R165, 0x2, RZ","0","0","0","1764","56448","56448","32","32","0","0","-","-","-","0","0","0","0","0","0","0","0","0","0","0","0","0","0","0","0","0","0","0","0","0","0","0","0","0","0","0","0","0","0","0","0","0","0","0","0","0","0","0","0","0","0"
"0x71cecf776030","      STS.64 [R164+0xe0], R32","0","0","0","1764","56448","56448","32","32","0","0","Shared","Store","64","0","2","0","3528","3528","0","0","0","0","0","0","0","0","0","0","0","0","0","0","0","0","0","0","0","0","0","0","0","0","0","0","0","0","0","0","0","0","0","0","0","0","0"
"0x71cecf776040","      SEL R9, R2, RZ, !P1","0","0","0","1764","56448","56448","32","32","0","0","-","-","-","0","0","0","0","0","0","0","0","0","0","0","0","0","0","0","0","0","0","0","0","0","0","0","0","0","0","0","0","0","0","0","0","0","0","0","0","0","0","0","0","0","0"
"0x71cecf776050","      BAR.SYNC.DEFER_BLOCKING 0x0","0","0","0","1764","56448","56448","32","32","0","0","-","-","-","0","0","0","0","0","0","0","0","0","0","0","0","0","0","0","0","0","0","0","0","0","0","0","0","0","0","0","0","0","0","0","0","0","0","0","0","0","0","0","0","0","0"
"0x71cecf776060","      ISETP.GE.AND P0, PT, R4, UR4, PT","1","1","1","1764","56448","56448","32","32","0","0","-","-","-","0","0","0","0","0","0","0","0","0","0","0","0","0","0","0","0","0","0","0","0","0","0","0","0","1","0","0","0","0","0","0","0","0","0","0","0","0","0","0","0","0","1"
"0x71cecf776070","      SEL R8, R3, RZ, !P1","0","0","0","1764","56448","56448","32","32","0","0","-","-","-","0","0","0","0","0","0","0","0","0","0","0","0","0","0","0","0","0","0","0","0","0","0","0","0","0","0","0","0","0","0","0","0","0","0","0","0","0","0","0","0","0","0"
"0x71cecf776080","      ISETP.NE.U32.AND P3, PT, R9, RZ, PT","0","0","0","1764","56448","56448","32","32","0","0","-","-","-","0","0","0","0","0","0","0","0","0","0","0","0","0","0","0","0","0","0","0","0","0","0","0","0","0","0","0","0","0","0","0","0","0","0","0","0","0","0","0","0","0","0"
"0x71cecf776090","      SEL R5, R2, RZ, !P0","2","2","2","1764","56448","56448","32","32","0","0","-","-","-","0","0","0","0","0","0","0","0","0","0","0","0","0","0","0","0","0","0","0","0","0","0","0","0","2","0","0","0","0","0","0","0","0","0","0","0","0","0","0","0","0","2"
"0x71cecf7760a0","      SEL R4, R3, RZ, !P0","0","0","0","1764","56448","56448","32","32","0","0","-","-","-","0","0","0","0","0","0","0","0","0","0","0","0","0","0","0","0","0","0","0","0","0","0","0","0","0","0","0","0","0","0","0","0","0","0","0","0","0","0","0","0","0","0"
"0x71cecf7760b0","      ISETP.NE.U32.AND P2, PT, R8, RZ, PT","0","0","0","1764","56448","56448","32","32","0","0","-","-","-","0","0","0","0","0","0","0","0","0","0","0","0","0","0","0","0","0","0","0","0","0","0","0","0","0","0","0","0","0","0","0","0","0","0","0","0","0","0","0","0","0","0"
"0x71cecf7760c0","      IADD3 R8, PT, PT, R165, 0xa, RZ","0","0","0","1764","56448","56448","32","32","0","0","-","-","-","0","0","0","0","0","0","0","0","0","0","0","0","0","0","0","0","0","0","0","0","0","0","0","0","0","0","0","0","0","0","0","0","0","0","0","0","0","0","0","0","0","0"
"0x71cecf7760d0","      ISETP.NE.U32.AND P1, PT, R5, RZ, PT","0","0","0","1764","56448","56448","32","32","0","0","-","-","-","0","0","0","0","0","0","0","0","0","0","0","0","0","0","0","0","0","0","0","0","0","0","0","0","0","0","0","0","0","0","0","0","0","0","0","0","0","0","0","0","0","0"
"0x71cecf7760e0","      ISETP.NE.U32.AND P0, PT, R4, RZ, PT","0","0","0","1764","56448","56448","32","32","0","0","-","-","-","0","0","0","0","0","0","0","0","0","0","0","0","0","0","0","0","0","0","0","0","0","0","0","0","0","0","0","0","0","0","0","0","0","0","0","0","0","0","0","0","0","0"
"0x71cecf7760f0","      LDS.128 R144, [R148+UR5]","0","0","0","1764","56448","56448","32","32","0","0","Shared","Load","128","0","4","0","7056","7056","0","0","0","0","0","0","0","0","0","0","0","0","0","0","0","0","0","0","0","0","0","0","0","0","0","0","0","0","0","0","0","0","0","0","0","0","0"
"0x71cecf776100","      LDS.128 R140, [R148+UR5+0x100]","2","2","2","1764","56448","56448","32","32","0","0","Shared","Load","128","0","4","0","7056","7056","0","0","0","0","0","0","0","0","0","0","0","0","0","2","0","0","0","0","0","0","0","0","0","0","0","0","0","0","0","0","2","0","0","0","0","0","0"
"0x71cecf776110","      LDS.128 R136, [R148+UR5+0x440]","0","0","0","1764","56448","56448","32","32","0","0","Shared","Load","128","0","4","0","7056","7056","0","0","0","0","0","0","0","0","0","0","0","0","0","0","0","0","0","0","0","0","0","0","0","0","0","0","0","0","0","0","0","0","0","0","0","0","0"
"0x71cecf776120","      LDS.128 R132, [R148+UR5+0x540]","0","0","0","1764","56448","56448","32","32","0","0","Shared","Load","128","0","4","0","7056","7056","0","0","0","0","0","0","0","0","0","0","0","0","0","0","0","0","0","0","0","0","0","0","0","0","0","0","0","0","0","0","0","0","0","0","0","0","0"
"0x71cecf776130","      FMUL R33, R144, R167","1","1","1","1764","56448","56448","32","32","0","0","-","-","-","0","0","0","0","0","0","0","0","0","0","0","0","0","0","0","0","0","0","0","0","0","1","0","0","0","0","0","0","0","0","0","0","0","0","0","0","0","0","1","0","0","0"
"0x71cecf776140","      FMUL R145, R145, R167","0","0","0","1764","56448","56448","32","32","0","0","-","-","-","0","0","0","0","0","0","0","0","0","0","0","0","0","0","0","0","0","0","0","0","0","0","0","0","0","0","0","0","0","0","0","0","0","0","0","0","0","0","0","0","0","0"
"0x71cecf776150","      FMUL R29, R146, R167","1","0","1","1764","56448","56448","32","32","0","0","-","-","-","0","0","0","0","0","0","0","0","0","0","0","0","0","0","0","0","0","0","0","0","1","0","0","0","0","0","0","0","0","0","0","0","0","0","0","0","0","0","0","0","0","0"
"0x71cecf776160","      FMUL R147, R147, R167","0","0","0","1764","56448","56448","32","32","0","0","-","-","-","0","0","0","0","0","0","0","0","0","0","0","0","0","0","0","0","0","0","0","0","0","0","0","0","0","0","0","0","0","0","0","0","0","0","0","0","0","0","0","0","0","0"
"0x71cecf776170","      FMUL R25, R140, R167","0","0","0","1764","56448","56448","32","32","0","0","-","-","-","0","0","0","0","0","0","0","0","0","0","0","0","0","0","0","0","0","0","0","0","0","0","0","0","0","0","0","0","0","0","0","0","0","0","0","0","0","0","0","0","0","0"
"0x71cecf776180","      FMUL R141, R141, R167","0","0","0","1764","56448","56448","32","32","0","0","-","-","-","0","0","0","0","0","0","0","0","0","0","0","0","0","0","0","0","0","0","0","0","0","0","0","0","0","0","0","0","0","0","0","0","0","0","0","0","0","0","0","0","0","0"
"0x71cecf776190","      FMUL R21, R142, R167","0","0","0","1764","56448","56448","32","32","0","0","-","-","-","0","0","0","0","0","0","0","0","0","0","0","0","0","0","0","0","0","0","0","0","0","0","0","0","0","0","0","0","0","0","0","0","0","0","0","0","0","0","0","0","0","0"
"0x71cecf7761a0","      FMUL R143, R143, R167","1","0","1","1764","56448","56448","32","32","0","0","-","-","-","0","0","0","0","0","0","0","0","0","0","0","0","0","0","0","0","0","0","0","0","1","0","0","0","0","0","0","0","0","0","0","0","0","0","0","0","0","0","0","0","0","0"
"0x71cecf7761b0","      FMUL R17, R136, R167","4","4","4","1764","56448","56448","32","32","0","0","-","-","-","0","0","0","0","0","0","0","0","0","0","0","0","0","0","0","0","0","0","0","0","0","4","0","0","0","0","0","0","0","0","0","0","0","0","0","0","0","0","4","0","0","0"
"0x71cecf7761c0","      FMUL R137, R137, R167","0","0","0","1764","56448","56448","32","32","0","0","-","-","-","0","0","0","0","0","0","0","0","0","0","0","0","0","0","0","0","0","0","0","0","0","0","0","0","0","0","0","0","0","0","0","0","0","0","0","0","0","0","0","0","0","0"
"0x71cecf7761d0","      FMUL R13, R138, R167","0","0","0","1764","56448","56448","32","32","0","0","-","-","-","0","0","0","0","0","0","0","0","0","0","0","0","0","0","0","0","0","0","0","0","0","0","0","0","0","0","0","0","0","0","0","0","0","0","0","0","0","0","0","0","0","0"
"0x71cecf7761e0","      FMUL R139, R139, R167","0","0","0","1764","56448","56448","32","32","0","0","-","-","-","0","0","0","0","0","0","0","0","0","0","0","0","0","0","0","0","0","0","0","0","0","0","0","0","0","0","0","0","0","0","0","0","0","0","0","0","0","0","0","0","0","0"
"0x71cecf7761f0","      FMUL R9, R132, R167","0","0","0","1764","56448","56448","32","32","0","0","-","-","-","0","0","0","0","0","0","0","0","0","0","0","0","0","0","0","0","0","0","0","0","0","0","0","0","0","0","0","0","0","0","0","0","0","0","0","0","0","0","0","0","0","0"
"0x71cecf776200","      FMUL R133, R133, R167","0","0","0","1764","56448","56448","32","32","0","0","-","-","-","0","0","0","0","0","0","0","0","0","0","0","0","0","0","0","0","0","0","0","0","0","0","0","0","0","0","0","0","0","0","0","0","0","0","0","0","0","0","0","0","0","0"
"0x71cecf776210","      FMUL R5, R134, R167","0","0","0","1764","56448","56448","32","32","0","0","-","-","-","0","0","0","0","0","0","0","0","0","0","0","0","0","0","0","0","0","0","0","0","0","0","0","0","0","0","0","0","0","0","0","0","0","0","0","0","0","0","0","0","0","0"
"0x71cecf776220","      FMUL R135, R135, R167","0","0","0","1764","56448","56448","32","32","0","0","-","-","-","0","0","0","0","0","0","0","0","0","0","0","0","0","0","0","0","0","0","0","0","0","0","0","0","0","0","0","0","0","0","0","0","0","0","0","0","0","0","0","0","0","0"
"0x71cecf776230","      FMNMX R144, R33, R166, !PT","0","0","0","1764","56448","56448","32","32","0","0","-","-","-","0","0","0","0","0","0","0","0","0","0","0","0","0","0","0","0","0","0","0","0","0","0","0","0","0","0","0","0","0","0","0","0","0","0","0","0","0","0","0","0","0","0"
"0x71cecf776240","      FMNMX R145, R145, R166, !PT","0","0","0","1764","56448","56448","32","32","0","0","-","-","-","0","0","0","0","0","0","0","0","0","0","0","0","0","0","0","0","0","0","0","0","0","0","0","0","0","0","0","0","0","0","0","0","0","0","0","0","0","0","0","0","0","0"
"0x71cecf776250","      FMNMX R146, R29, R166, !PT","1","0","1","1764","56448","56448","32","32","0","0","-","-","-","0","0","0","0","0","0","0","0","0","0","0","0","0","0","0","0","0","0","0","0","1","0","0","0","0","0","0","0","0","0","0","0","0","0","0","0","0","0","0","0","0","0"
"0x71cecf776260","      FMNMX R147, R147, R166, !PT","0","0","0","1764","56448","56448","32","32","0","0","-","-","-","0","0","0","0","0","0","0","0","0","0","0","0","0","0","0","0","0","0","0","0","0","0","0","0","0","0","0","0","0","0","0","0","0","0","0","0","0","0","0","0","0","0"
"0x71cecf776270","      FMNMX R140, R25, R166, !PT","0","0","0","1764","56448","56448","32","32","0","0","-","-","-","0","0","0","0","0","0","0","0","0","0","0","0","0","0","0","0","0","0","0","0","0","0","0","0","0","0","0","0","0","0","0","0","0","0","0","0","0","0","0","0","0","0"
"0x71cecf776280","      FMNMX R141, R141, R166, !PT","0","0","0","1764","56448","56448","32","32","0","0","-","-","-","0","0","0","0","0","0","0","0","0","0","0","0","0","0","0","0","0","0","0","0","0","0","0","0","0","0","0","0","0","0","0","0","0","0","0","0","0","0","0","0","0","0"
"0x71cecf776290","      FMNMX R142, R21, R166, !PT","0","0","0","1764","56448","56448","32","32","0","0","-","-","-","0","0","0","0","0","0","0","0","0","0","0","0","0","0","0","0","0","0","0","0","0","0","0","0","0","0","0","0","0","0","0","0","0","0","0","0","0","0","0","0","0","0"
"0x71cecf7762a0","      FMNMX R143, R143, R166, !PT","0","0","0","1764","56448","56448","32","32","0","0","-","-","-","0","0","0","0","0","0","0","0","0","0","0","0","0","0","0","0","0","0","0","0","0","0","0","0","0","0","0","0","0","0","0","0","0","0","0","0","0","0","0","0","0","0"
"0x71cecf7762b0","      FMNMX R136, R17, R166, !PT","0","0","0","1764","56448","56448","32","32","0","0","-","-","-","0","0","0","0","0","0","0","0","0","0","0","0","0","0","0","0","0","0","0","0","0","0","0","0","0","0","0","0","0","0","0","0","0","0","0","0","0","0","0","0","0","0"
"0x71cecf7762c0","      FMNMX R137, R137, R166, !PT","0","0","0","1764","56448","56448","32","32","0","0","-","-","-","0","0","0","0","0","0","0","0","0","0","0","0","0","0","0","0","0","0","0","0","0","0","0","0","0","0","0","0","0","0","0","0","0","0","0","0","0","0","0","0","0","0"
"0x71cecf7762d0","      FMNMX R138, R13, R166, !PT","0","0","0","1764","56448","56448","32","32","0","0","-","-","-","0","0","0","0","0","0","0","0","0","0","0","0","0","0","0","0","0","0","0","0","0","0","0","0","0","0","0","0","0","0","0","0","0","0","0","0","0","0","0","0","0","0"
"0x71cecf7762e0","      FMNMX R139, R139, R166, !PT","1","0","1","1764","56448","56448","32","32","0","0","-","-","-","0","0","0","0","0","0","0","0","0","0","0","0","0","0","0","0","0","0","0","0","1","0","0","0","0","0","0","0","0","0","0","0","0","0","0","0","0","0","0","0","0","0"
"0x71cecf7762f0","      FMNMX R132, R9, R166, !PT","0","0","0","1764","56448","56448","32","32","0","0","-","-","-","0","0","0","0","0","0","0","0","0","0","0","0","0","0","0","0","0","0","0","0","0","0","0","0","0","0","0","0","0","0","0","0","0","0","0","0","0","0","0","0","0","0"
"0x71cecf776300","      FMNMX R133, R133, R166, !PT","0","0","0","1764","56448","56448","32","32","0","0","-","-","-","0","0","0","0","0","0","0","0","0","0","0","0","0","0","0","0","0","0","0","0","0","0","0","0","0","0","0","0","0","0","0","0","0","0","0","0","0","0","0","0","0","0"
"0x71cecf776310","      FMNMX R134, R5, R166, !PT","0","0","0","1764","56448","56448","32","32","0","0","-","-","-","0","0","0","0","0","0","0","0","0","0","0","0","0","0","0","0","0","0","0","0","0","0","0","0","0","0","0","0","0","0","0","0","0","0","0","0","0","0","0","0","0","0"
"0x71cecf776320","      FMNMX R135, R135, R166, !PT","0","0","0","1764","56448","56448","32","32","0","0","-","-","-","0","0","0","0","0","0","0","0","0","0","0","0","0","0","0","0","0","0","0","0","0","0","0","0","0","0","0","0","0","0","0","0","0","0","0","0","0","0","0","0","0","0"
"0x71cecf776330","@P3   STG.E.128 [R174], R144","0","0","0","1764","56448","56448","32","32","0","0","Global","Store","128","7056","0","0","0","0","0","28224","28224","0","0","0","0","0","0","0","0","0","0","0","0","0","0","0","0","0","0","0","0","0","0","0","0","0","0","0","0","0","0","0","0","0","0"
"0x71cecf776340","      IADD3 R9, PT, PT, R165, 0x8, RZ","1","0","1","1764","56448","56448","32","32","0","0","-","-","-","0","0","0","0","0","0","0","0","0","0","0","0","0","0","0","0","0","0","0","0","1","0","0","0","0","0","0","0","0","0","0","0","0","0","0","0","0","0","0","0","0","0"
"0x71cecf776350","      IADD.64 R20, R174, UR6","0","0","0","1764","56448","56448","32","32","0","0","-","-","-","0","0","0","0","0","0","0","0","0","0","0","0","0","0","0","0","0","0","0","0","0","0","0","0","0","0","0","0","0","0","0","0","0","0","0","0","0","0","0","0","0","0"
"0x71cecf776360","@P2   STG.E.128 [R174+0x100], R140","0","0","0","1764","56448","55104","32","31","1","0","Global","Store","128","6888","0","0","0","0","0","27552","27552","0","0","0","0","0","0","0","0","0","0","0","0","0","0","0","0","0","0","0","0","0","0","0","0","0","0","0","0","0","0","0","0","0","0"
"0x71cecf776370","@P1   STG.E.128 [R174.64+UR8], R136","0","0","0","1764","56448","56448","32","32","0","0","Global","Store","128","7056","0","0","0","0","0","28224","28224","0","0","0","0","0","0","0","0","0","0","0","0","0","0","0","0","0","0","0","0","0","0","0","0","0","0","0","0","0","0","0","0","0","0"
"0x71cecf776380","      ISETP.GE.AND P1, PT, R9, UR4, PT","0","0","0","1764","56448","56448","32","32","0","0","-","-","-","0","0","0","0","0","0","0","0","0","0","0","0","0","0","0","0","0","0","0","0","0","0","0","0","0","0","0","0","0","0","0","0","0","0","0","0","0","0","0","0","0","0"
"0x71cecf776390","@P0   STG.E.128 [R174.64+UR8+0x100], R132","0","0","0","1764","56448","55104","32","31","1","0","Global","Store","128","6888","0","0","0","0","0","27552","27552","0","0","0","0","0","0","0","0","0","0","0","0","0","0","0","0","0","0","0","0","0","0","0","0","0","0","0","0","0","0","0","0","0","0"
"0x71cecf7763a0","      BAR.SYNC.DEFER_BLOCKING 0x0","0","0","0","1764","56448","56448","32","32","0","0","-","-","-","0","0","0","0","0","0","0","0","0","0","0","0","0","0","0","0","0","0","0","0","0","0","0","0","0","0","0","0","0","0","0","0","0","0","0","0","0","0","0","0","0","0"
"0x71cecf7763b0","      ISETP.GE.AND P0, PT, R8, UR4, PT","0","0","0","1764","56448","56448","32","32","0","0","-","-","-","0","0","0","0","0","0","0","0","0","0","0","0","0","0","0","0","0","0","0","0","0","0","0","0","0","0","0","0","0","0","0","0","0","0","0","0","0","0","0","0","0","0"
"0x71cecf7763c0","      SEL R9, R2, RZ, !P0","1","1","1","1764","56448","56448","32","32","0","0","-","-","-","0","0","0","0","0","0","0","0","0","0","0","0","0","0","0","0","0","0","0","0","0","0","0","0","1","0","0","0","0","0","0","0","0","0","0","0","0","0","0","0","0","1"
"0x71cecf7763d0","      SEL R8, R3, RZ, !P0","0","0","0","1764","56448","56448","32","32","0","0","-","-","-","0","0","0","0","0","0","0","0","0","0","0","0","0","0","0","0","0","0","0","0","0","0","0","0","0","0","0","0","0","0","0","0","0","0","0","0","0","0","0","0","0","0"
"0x71cecf7763e0","      ISETP.NE.U32.AND P0, PT, R8, RZ, PT","2","2","2","1764","56448","56448","32","32","0","0","-","-","-","0","0","0","0","0","0","0","0","0","0","0","0","0","0","0","0","0","0","0","0","0","0","0","0","2","0","0","0","0","0","0","0","0","0","0","0","0","0","0","0","0","2"
"0x71cecf7763f0","      STS.64 [R164], R6","1","1","1","1764","56448","56448","32","32","0","0","Shared","Store","64","0","2","0","3528","3528","0","0","0","1","0","0","0","0","0","0","0","0","0","0","0","0","0","0","0","0","1","0","0","0","0","0","0","0","0","0","0","0","0","0","0","0","0"
"0x71cecf776400","      STS.64 [R164+0x20], R10","0","0","0","1764","56448","56448","32","32","0","0","Shared","Store","64","0","2","0","3528","3528","0","0","0","0","0","0","0","0","0","0","0","0","0","0","0","0","0","0","0","0","0","0","0","0","0","0","0","0","0","0","0","0","0","0","0","0","0"
"0x71cecf776410","      STS.64 [R164+0x40], R14","1","1","1","1764","56448","56448","32","32","0","0","Shared","Store","64","0","2","0","3528","3528","0","0","0","0","0","0","0","0","0","0","0","1","0","0","0","0","0","0","0","0","0","0","0","0","0","0","0","0","1","0","0","0","0","0","0","0","0"
"0x71cecf776420","      STS.64 [R164+0x60], R18","1","1","1","1764","56448","56448","32","32","0","0","Shared","Store","64","0","2","0","3528","3528","0","0","0","0","0","0","0","0","0","0","0","0","0","0","0","0","0","0","0","1","0","0","0","0","0","0","0","0","0","0","0","0","0","0","0","0","1"
"0x71cecf776430","      STS.64 [R164+0x80], R22","0","0","0","1764","56448","56448","32","32","0","0","Shared","Store","64","0","2","0","3528","3528","0","0","0","0","0","0","0","0","0","0","0","0","0","0","0","0","0","0","0","0","0","0","0","0","0","0","0","0","0","0","0","0","0","0","0","0","0"
"0x71cecf776440","      STS.64 [R164+0xa0], R26","1","1","1","1764","56448","56448","32","32","0","0","Shared","Store","64","0","2","0","3528","3528","0","0","0","0","0","0","0","0","0","0","0","1","0","0","0","0","0","0","0","0","0","0","0","0","0","0","0","0","1","0","0","0","0","0","0","0","0"
"0x71cecf776450","      STS.64 [R164+0xc0], R30","6","6","6","1764","56448","56448","32","32","0","0","Shared","Store","64","0","2","0","3528","3528","0","0","0","0","0","0","0","0","0","0","0","6","0","0","0","0","0","0","0","0","0","0","0","0","0","0","0","0","6","0","0","0","0","0","0","0","0"
"0x71cecf776460","      STS.64 [R164+0xe0], R34","1","1","1","1764","56448","56448","32","32","0","0","Shared","Store","64","0","2","0","3528","3528","0","0","0","0","0","0","0","0","0","0","0","1","0","0","0","0","0","0","0","0","0","0","0","0","0","0","0","0","1","0","0","0","0","0","0","0","0"
"0x71cecf776470","      SEL R11, R2, RZ, !P1","0","0","0","1764","56448","56448","32","32","0","0","-","-","-","0","0","0","0","0","0","0","0","0","0","0","0","0","0","0","0","0","0","0","0","0","0","0","0","0","0","0","0","0","0","0","0","0","0","0","0","0","0","0","0","0","0"
"0x71cecf776480","      BAR.SYNC.DEFER_BLOCKING 0x0","0","0","0","1764","56448","56448","32","32","0","0","-","-","-","0","0","0","0","0","0","0","0","0","0","0","0","0","0","0","0","0","0","0","0","0","0","0","0","0","0","0","0","0","0","0","0","0","0","0","0","0","0","0","0","0","0"
"0x71cecf776490","      SEL R10, R3, RZ, !P1","0","0","0","1764","56448","56448","32","32","0","0","-","-","-","0","0","0","0","0","0","0","0","0","0","0","0","0","0","0","0","0","0","0","0","0","0","0","0","0","0","0","0","0","0","0","0","0","0","0","0","0","0","0","0","0","0"
"0x71cecf7764a0","      ISETP.NE.U32.AND P1, PT, R9, RZ, PT","0","0","0","1764","56448","56448","32","32","0","0","-","-","-","0","0","0","0","0","0","0","0","0","0","0","0","0","0","0","0","0","0","0","0","0","0","0","0","0","0","0","0","0","0","0","0","0","0","0","0","0","0","0","0","0","0"
"0x71cecf7764b0","      ISETP.NE.U32.AND P3, PT, R11, RZ, PT","0","0","0","1764","56448","56448","32","32","0","0","-","-","-","0","0","0","0","0","0","0","0","0","0","0","0","0","0","0","0","0","0","0","0","0","0","0","0","0","0","0","0","0","0","0","0","0","0","0","0","0","0","0","0","0","0"
"0x71cecf7764c0","      ISETP.NE.U32.AND P2, PT, R10, RZ, PT","0","0","0","1764","56448","56448","32","32","0","0","-","-","-","0","0","0","0","0","0","0","0","0","0","0","0","0","0","0","0","0","0","0","0","0","0","0","0","0","0","0","0","0","0","0","0","0","0","0","0","0","0","0","0","0","0"
"0x71cecf7764d0","      IADD3 R22, PT, PT, R165, 0x12, RZ","3","3","3","1764","56448","56448","32","32","0","0","-","-","-","0","0","0","0","0","0","0","0","0","0","0","0","0","0","0","0","0","0","0","0","0","3","0","0","0","0","0","0","0","0","0","0","0","0","0","0","0","0","3","0","0","0"
"0x71cecf7764e0","      LDS.128 R140, [R148+UR5]","0","0","0","1764","56448","56448","32","32","0","0","Shared","Load","128","0","4","0","7056","7056","0","0","0","0","0","0","0","0","0","0","0","0","0","0","0","0","0","0","0","0","0","0","0","0","0","0","0","0","0","0","0","0","0","0","0","0","0"
"0x71cecf7764f0","      LDS.128 R136, [R148+UR5+0x100]","2","2","2","1764","56448","56448","32","32","0","0","Shared","Load","128","0","4","0","7056","7056","0","0","0","0","0","0","0","0","0","0","0","0","0","0","0","0","0","0","0","2","0","0","0","0","0","0","0","0","0","0","0","0","0","0","0","0","2"
"0x71cecf776500","      LDS.128 R132, [R148+UR5+0x440]","1","0","1","1764","56448","56448","32","32","0","0","Shared","Load","128","0","4","0","7056","7056","0","0","0","0","0","0","0","0","0","0","0","0","0","0","0","1","0","0","0","0","0","0","0","0","0","0","0","0","0","0","0","0","0","0","0","0","0"
"0x71cecf776510","      LDS.128 R4, [R148+UR5+0x540]","1","1","1","1764","56448","56448","32","32","0","0","Shared","Load","128","0","4","0","7056","7056","0","0","0","0","0","0","0","0","0","0","0","0","0","0","0","0","0","0","0","1","0","0","0","0","0","0","0","0","0","0","0","0","0","0","0","0","1"
"0x71cecf776520","      FMUL R145, R140, R167","11","11","11","1764","56448","56448","32","32","0","0","-","-","-","0","0","0","0","0","0","0","0","0","0","0","0","0","0","0","0","0","0","0","0","0","11","0","0","0","0","0","0","0","0","0","0","0","0","0","0","0","0","11","0","0","0"
"0x71cecf776530","      FMUL R17, R141, R167","0","0","0","1764","56448","56448","32","32","0","0","-","-","-","0","0","0","0","0","0","0","0","0","0","0","0","0","0","0","0","0","0","0","0","0","0","0","0","0","0","0","0","0","0","0","0","0","0","0","0","0","0","0","0","0","0"
"0x71cecf776540","      FMUL R35, R142, R167","0","0","0","1764","56448","56448","32","32","0","0","-","-","-","0","0","0","0","0","0","0","0","0","0","0","0","0","0","0","0","0","0","0","0","0","0","0","0","0","0","0","0","0","0","0","0","0","0","0","0","0","0","0","0","0","0"
"0x71cecf776550","      FMUL R19, R143, R167","0","0","0","1764","56448","56448","32","32","0","0","-","-","-","0","0","0","0","0","0","0","0","0","0","0","0","0","0","0","0","0","0","0","0","0","0","0","0","0","0","0","0","0","0","0","0","0","0","0","0","0","0","0","0","0","0"
"0x71cecf776560","      FMUL R33, R136, R167","5","5","5","1764","56448","56448","32","32","0","0","-","-","-","0","0","0","0","0","0","0","0","0","0","0","0","0","0","0","0","0","0","0","0","0","5","0","0","0","0","0","0","0","0","0","0","0","0","0","0","0","0","5","0","0","0"
"0x71cecf776570","      FMUL R13, R137, R167","0","0","0","1764","56448","56448","32","32","0","0","-","-","-","0","0","0","0","0","0","0","0","0","0","0","0","0","0","0","0","0","0","0","0","0","0","0","0","0","0","0","0","0","0","0","0","0","0","0","0","0","0","0","0","0","0"
"0x71cecf776580","      FMUL R31, R138, R167","0","0","0","1764","56448","56448","32","32","0","0","-","-","-","0","0","0","0","0","0","0","0","0","0","0","0","0","0","0","0","0","0","0","0","0","0","0","0","0","0","0","0","0","0","0","0","0","0","0","0","0","0","0","0","0","0"
"0x71cecf776590","      FMUL R15, R139, R167","0","0","0","1764","56448","56448","32","32","0","0","-","-","-","0","0","0","0","0","0","0","0","0","0","0","0","0","0","0","0","0","0","0","0","0","0","0","0","0","0","0","0","0","0","0","0","0","0","0","0","0","0","0","0","0","0"
"0x71cecf7765a0","      FMUL R29, R132, R167","1","1","1","1764","56448","56448","32","32","0","0","-","-","-","0","0","0","0","0","0","0","0","0","0","0","0","0","0","0","0","0","0","0","0","0","1","0","0","0","0","0","0","0","0","0","0","0","0","0","0","0","0","1","0","0","0"
"0x71cecf7765b0","      FMUL R9, R133, R167","0","0","0","1764","56448","56448","32","32","0","0","-","-","-","0","0","0","0","0","0","0","0","0","0","0","0","0","0","0","0","0","0","0","0","0","0","0","0","0","0","0","0","0","0","0","0","0","0","0","0","0","0","0","0","0","0"
"0x71cecf7765c0","      FMUL R27, R134, R167","0","0","0","1764","56448","56448","32","32","0","0","-","-","-","0","0","0","0","0","0","0","0","0","0","0","0","0","0","0","0","0","0","0","0","0","0","0","0","0","0","0","0","0","0","0","0","0","0","0","0","0","0","0","0","0","0"
"0x71cecf7765d0","      FMUL R11, R135, R167","1","0","1","1764","56448","56448","32","32","0","0","-","-","-","0","0","0","0","0","0","0","0","0","0","0","0","0","0","0","0","0","0","0","0","1","0","0","0","0","0","0","0","0","0","0","0","0","0","0","0","0","0","0","0","0","0"
"0x71cecf7765e0","      FMUL R25, R4, R167","6","4","6","1764","56448","56448","32","32","0","0","-","-","-","0","0","0","0","0","0","0","0","0","0","0","0","0","0","0","0","0","0","0","0","2","4","0","0","0","0","0","0","0","0","0","0","0","0","0","0","0","0","4","0","0","0"
"0x71cecf7765f0","      FMUL R5, R5, R167","1","0","1","1764","56448","56448","32","32","0","0","-","-","-","0","0","0","0","0","0","0","0","0","0","0","0","0","0","0","0","0","0","0","0","1","0","0","0","0","0","0","0","0","0","0","0","0","0","0","0","0","0","0","0","0","0"
"0x71cecf776600","      FMUL R23, R6, R167","0","0","0","1764","56448","56448","32","32","0","0","-","-","-","0","0","0","0","0","0","0","0","0","0","0","0","0","0","0","0","0","0","0","0","0","0","0","0","0","0","0","0","0","0","0","0","0","0","0","0","0","0","0","0","0","0"
"0x71cecf776610","      FMUL R7, R7, R167","0","0","0","1764","56448","56448","32","32","0","0","-","-","-","0","0","0","0","0","0","0","0","0","0","0","0","0","0","0","0","0","0","0","0","0","0","0","0","0","0","0","0","0","0","0","0","0","0","0","0","0","0","0","0","0","0"
"0x71cecf776620","      FMNMX R16, R145, R166, !PT","0","0","0","1764","56448","56448","32","32","0","0","-","-","-","0","0","0","0","0","0","0","0","0","0","0","0","0","0","0","0","0","0","0","0","0","0","0","0","0","0","0","0","0","0","0","0","0","0","0","0","0","0","0","0","0","0"
"0x71cecf776630","      FMNMX R17, R17, R166, !PT","0","0","0","1764","56448","56448","32","32","0","0","-","-","-","0","0","0","0","0","0","0","0","0","0","0","0","0","0","0","0","0","0","0","0","0","0","0","0","0","0","0","0","0","0","0","0","0","0","0","0","0","0","0","0","0","0"
"0x71cecf776640","      FMNMX R18, R35, R166, !PT","0","0","0","1764","56448","56448","32","32","0","0","-","-","-","0","0","0","0","0","0","0","0","0","0","0","0","0","0","0","0","0","0","0","0","0","0","0","0","0","0","0","0","0","0","0","0","0","0","0","0","0","0","0","0","0","0"
"0x71cecf776650","      FMNMX R19, R19, R166, !PT","0","0","0","1764","56448","56448","32","32","0","0","-","-","-","0","0","0","0","0","0","0","0","0","0","0","0","0","0","0","0","0","0","0","0","0","0","0","0","0","0","0","0","0","0","0","0","0","0","0","0","0","0","0","0","0","0"
"0x71cecf776660","      FMNMX R12, R33, R166, !PT","0","0","0","1764","56448","56448","32","32","0","0","-","-","-","0","0","0","0","0","0","0","0","0","0","0","0","0","0","0","0","0","0","0","0","0","0","0","0","0","0","0","0","0","0","0","0","0","0","0","0","0","0","0","0","0","0"
"0x71cecf776670","      FMNMX R13, R13, R166, !PT","0","0","0","1764","56448","56448","32","32","0","0","-","-","-","0","0","0","0","0","0","0","0","0","0","0","0","0","0","0","0","0","0","0","0","0","0","0","0","0","0","0","0","0","0","0","0","0","0","0","0","0","0","0","0","0","0"
"0x71cecf776680","      FMNMX R14, R31, R166, !PT","0","0","0","1764","56448","56448","32","32","0","0","-","-","-","0","0","0","0","0","0","0","0","0","0","0","0","0","0","0","0","0","0","0","0","0","0","0","0","0","0","0","0","0","0","0","0","0","0","0","0","0","0","0","0","0","0"
"0x71cecf776690","      FMNMX R15, R15, R166, !PT","0","0","0","1764","56448","56448","32","32","0","0","-","-","-","0","0","0","0","0","0","0","0","0","0","0","0","0","0","0","0","0","0","0","0","0","0","0","0","0","0","0","0","0","0","0","0","0","0","0","0","0","0","0","0","0","0"
"0x71cecf7766a0","      FMNMX R8, R29, R166, !PT","1","0","1","1764","56448","56448","32","32","0","0","-","-","-","0","0","0","0","0","0","0","0","0","0","0","0","0","0","0","0","0","0","0","0","1","0","0","0","0","0","0","0","0","0","0","0","0","0","0","0","0","0","0","0","0","0"
"0x71cecf7766b0","      FMNMX R9, R9, R166, !PT","0","0","0","1764","56448","56448","32","32","0","0","-","-","-","0","0","0","0","0","0","0","0","0","0","0","0","0","0","0","0","0","0","0","0","0","0","0","0","0","0","0","0","0","0","0","0","0","0","0","0","0","0","0","0","0","0"
"0x71cecf7766c0","      FMNMX R10, R27, R166, !PT","0","0","0","1764","56448","56448","32","32","0","0","-","-","-","0","0","0","0","0","0","0","0","0","0","0","0","0","0","0","0","0","0","0","0","0","0","0","0","0","0","0","0","0","0","0","0","0","0","0","0","0","0","0","0","0","0"
"0x71cecf7766d0","      FMNMX R11, R11, R166, !PT","0","0","0","1764","56448","56448","32","32","0","0","-","-","-","0","0","0","0","0","0","0","0","0","0","0","0","0","0","0","0","0","0","0","0","0","0","0","0","0","0","0","0","0","0","0","0","0","0","0","0","0","0","0","0","0","0"
"0x71cecf7766e0","      FMNMX R4, R25, R166, !PT","0","0","0","1764","56448","56448","32","32","0","0","-","-","-","0","0","0","0","0","0","0","0","0","0","0","0","0","0","0","0","0","0","0","0","0","0","0","0","0","0","0","0","0","0","0","0","0","0","0","0","0","0","0","0","0","0"
"0x71cecf7766f0","      FMNMX R5, R5, R166, !PT","0","0","0","1764","56448","56448","32","32","0","0","-","-","-","0","0","0","0","0","0","0","0","0","0","0","0","0","0","0","0","0","0","0","0","0","0","0","0","0","0","0","0","0","0","0","0","0","0","0","0","0","0","0","0","0","0"
"0x71cecf776700","      FMNMX R6, R23, R166, !PT","0","0","0","1764","56448","56448","32","32","0","0","-","-","-","0","0","0","0","0","0","0","0","0","0","0","0","0","0","0","0","0","0","0","0","0","0","0","0","0","0","0","0","0","0","0","0","0","0","0","0","0","0","0","0","0","0"
"0x71cecf776710","      FMNMX R7, R7, R166, !PT","0","0","0","1764","56448","56448","32","32","0","0","-","-","-","0","0","0","0","0","0","0","0","0","0","0","0","0","0","0","0","0","0","0","0","0","0","0","0","0","0","0","0","0","0","0","0","0","0","0","0","0","0","0","0","0","0"
"0x71cecf776720","@P3   STG.E.128 [R174.64+UR6], R16","0","0","0","1764","56448","56448","32","32","0","0","Global","Store","128","7056","0","0","0","0","0","28224","28224","0","0","0","0","0","0","0","0","0","0","0","0","0","0","0","0","0","0","0","0","0","0","0","0","0","0","0","0","0","0","0","0","0","0"
"0x71cecf776730","      IADD3 R23, PT, PT, R165, 0x10, RZ","0","0","0","1764","56448","56448","32","32","0","0","-","-","-","0","0","0","0","0","0","0","0","0","0","0","0","0","0","0","0","0","0","0","0","0","0","0","0","0","0","0","0","0","0","0","0","0","0","0","0","0","0","0","0","0","0"
"0x71cecf776740","@P2   STG.E.128 [R174.64+UR6+0x100], R12","0","0","0","1764","56448","55104","32","31","1","0","Global","Store","128","6888","0","0","0","0","0","27552","27552","0","0","0","0","0","0","0","0","0","0","0","0","0","0","0","0","0","0","0","0","0","0","0","0","0","0","0","0","0","0","0","0","0","0"
"0x71cecf776750","@P1   STG.E.128 [R20.64+UR8], R8","1","1","1","1764","56448","56448","32","32","0","0","Global","Store","128","7056","0","0","0","0","0","28224","28224","0","0","0","0","0","0","0","0","0","0","0","0","0","0","0","0","1","0","0","0","0","0","0","0","0","0","0","0","0","0","0","0","0","1"
"0x71cecf776760","      ISETP.GE.AND P1, PT, R23, UR4, PT","0","0","0","1764","56448","56448","32","32","0","0","-","-","-","0","0","0","0","0","0","0","0","0","0","0","0","0","0","0","0","0","0","0","0","0","0","0","0","0","0","0","0","0","0","0","0","0","0","0","0","0","0","0","0","0","0"
"0x71cecf776770","@P0   STG.E.128 [R20.64+UR8+0x100], R4","3","2","3","1764","56448","55104","32","31","1","0","Global","Store","128","6888","0","0","0","0","0","27552","27552","0","0","0","0","0","0","0","0","0","0","0","0","1","0","0","0","2","0","0","0","0","0","0","0","0","0","0","0","0","0","0","0","0","2"
"0x71cecf776780","      BAR.SYNC.DEFER_BLOCKING 0x0","0","0","0","1764","56448","56448","32","32","0","0","-","-","-","0","0","0","0","0","0","0","0","0","0","0","0","0","0","0","0","0","0","0","0","0","0","0","0","0","0","0","0","0","0","0","0","0","0","0","0","0","0","0","0","0","0"
"0x71cecf776790","      ISETP.GE.AND P0, PT, R22, UR4, PT","0","0","0","1764","56448","56448","32","32","0","0","-","-","-","0","0","0","0","0","0","0","0","0","0","0","0","0","0","0","0","0","0","0","0","0","0","0","0","0","0","0","0","0","0","0","0","0","0","0","0","0","0","0","0","0","0"
"0x71cecf7767a0","      SEL R25, R2, RZ, !P1","0","0","0","1764","56448","56448","32","32","0","0","-","-","-","0","0","0","0","0","0","0","0","0","0","0","0","0","0","0","0","0","0","0","0","0","0","0","0","0","0","0","0","0","0","0","0","0","0","0","0","0","0","0","0","0","0"
"0x71cecf7767b0","      SEL R24, R3, RZ, !P1","0","0","0","1764","56448","56448","32","32","0","0","-","-","-","0","0","0","0","0","0","0","0","0","0","0","0","0","0","0","0","0","0","0","0","0","0","0","0","0","0","0","0","0","0","0","0","0","0","0","0","0","0","0","0","0","0"
"0x71cecf7767c0","      SEL R23, R2, RZ, !P0","0","0","0","1764","56448","56448","32","32","0","0","-","-","-","0","0","0","0","0","0","0","0","0","0","0","0","0","0","0","0","0","0","0","0","0","0","0","0","0","0","0","0","0","0","0","0","0","0","0","0","0","0","0","0","0","0"
"0x71cecf7767d0","      SEL R22, R3, RZ, !P0","0","0","0","1764","56448","56448","32","32","0","0","-","-","-","0","0","0","0","0","0","0","0","0","0","0","0","0","0","0","0","0","0","0","0","0","0","0","0","0","0","0","0","0","0","0","0","0","0","0","0","0","0","0","0","0","0"
"0x71cecf7767e0","      ISETP.NE.U32.AND P3, PT, R25, RZ, PT","0","0","0","1764","56448","56448","32","32","0","0","-","-","-","0","0","0","0","0","0","0","0","0","0","0","0","0","0","0","0","0","0","0","0","0","0","0","0","0","0","0","0","0","0","0","0","0","0","0","0","0","0","0","0","0","0"
"0x71cecf7767f0","      ISETP.NE.U32.AND P2, PT, R24, RZ, PT","0","0","0","1764","56448","56448","32","32","0","0","-","-","-","0","0","0","0","0","0","0","0","0","0","0","0","0","0","0","0","0","0","0","0","0","0","0","0","0","0","0","0","0","0","0","0","0","0","0","0","0","0","0","0","0","0"
"0x71cecf776800","      ISETP.NE.U32.AND P1, PT, R23, RZ, PT","1","0","1","1764","56448","56448","32","32","0","0","-","-","-","0","0","0","0","0","0","0","0","0","0","0","0","0","0","0","0","0","0","0","0","1","0","0","0","0","0","0","0","0","0","0","0","0","0","0","0","0","0","0","0","0","0"
"0x71cecf776810","      ISETP.NE.U32.AND P0, PT, R22, RZ, PT","0","0","0","1764","56448","56448","32","32","0","0","-","-","-","0","0","0","0","0","0","0","0","0","0","0","0","0","0","0","0","0","0","0","0","0","0","0","0","0","0","0","0","0","0","0","0","0","0","0","0","0","0","0","0","0","0"
"0x71cecf776820","      IADD.64 R22, R20, UR6","0","0","0","1764","56448","56448","32","32","0","0","-","-","-","0","0","0","0","0","0","0","0","0","0","0","0","0","0","0","0","0","0","0","0","0","0","0","0","0","0","0","0","0","0","0","0","0","0","0","0","0","0","0","0","0","0"
"0x71cecf776830","      STS.64 [R164], R64","0","0","0","1764","56448","56448","32","32","0","0","Shared","Store","64","0","2","0","3528","3528","0","0","0","0","0","0","0","0","0","0","0","0","0","0","0","0","0","0","0","0","0","0","0","0","0","0","0","0","0","0","0","0","0","0","0","0","0"
"0x71cecf776840","      STS.64 [R164+0x20], R60","0","0","0","1764","56448","56448","32","32","0","0","Shared","Store","64","0","2","0","3528","3528","0","0","0","0","0","0","0","0","0","0","0","0","0","0","0","0","0","0","0","0","0","0","0","0","0","0","0","0","0","0","0","0","0","0","0","0","0"
"0x71cecf776850","      STS.64 [R164+0x40], R56","0","0","0","1764","56448","56448","32","32","0","0","Shared","Store","64","0","2","0","3528","3528","0","0","0","0","0","0","0","0","0","0","0","0","0","0","0","0","0","0","0","0","0","0","0","0","0","0","0","0","0","0","0","0","0","0","0","0","0"
"0x71cecf776860","      STS.64 [R164+0x60], R52","2","2","2","1764","56448","56448","32","32","0","0","Shared","Store","64","0","2","0","3528","3528","0","0","0","0","0","0","0","0","0","0","0","1","0","0","0","0","0","0","0","1","0","0","0","0","0","0","0","0","1","0","0","0","0","0","0","0","1"
"0x71cecf776870","      STS.64 [R164+0x80], R48","10","10","10","1764","56448","56448","32","32","0","0","Shared","Store","64","0","2","0","3528","3528","0","0","0","0","0","0","0","0","0","0","0","10","0","0","0","0","0","0","0","0","0","0","0","0","0","0","0","0","10","0","0","0","0","0","0","0","0"
"0x71cecf776880","      STS.64 [R164+0xa0], R44","11","11","11","1764","56448","56448","32","32","0","0","Shared","Store","64","0","2","0","3528","3528","0","0","0","0","0","0","0","0","0","0","0","10","0","0","0","0","0","0","0","1","0","0","0","0","0","0","0","0","10","0","0","0","0","0","0","0","1"
"0x71cecf776890","      STS.64 [R164+0xc0], R40","6","6","6","1764","56448","56448","32","32","0","0","Shared","Store","64","0","2","0","3528","3528","0","0","0","0","0","0","0","0","0","0","0","5","0","0","0","0","0","0","0","1","0","0","0","0","0","0","0","0","5","0","0","0","0","0","0","0","1"
"0x71cecf7768a0","      STS.64 [R164+0xe0], R36","4","4","4","1764","56448","56448","32","32","0","0","Shared","Store","64","0","2","0","3528","3528","0","0","0","0","0","0","0","0","0","0","0","3","0","0","0","0","0","0","0","1","0","0","0","0","0","0","0","0","3","0","0","0","0","0","0","0","1"
"0x71cecf7768b0","      BAR.SYNC.DEFER_BLOCKING 0x0","0","0","0","1764","56448","56448","32","32","0","0","-","-","-","0","0","0","0","0","0","0","0","0","0","0","0","0","0","0","0","0","0","0","0","0","0","0","0","0","0","0","0","0","0","0","0","0","0","0","0","0","0","0","0","0","0"
"0x71cecf7768c0","      LDS.128 R16, [R148+UR5]","3","3","3","1764","56448","56448","32","32","0","0","Shared","Load","128","0","4","0","7056","7056","0","0","0","0","0","0","0","0","0","0","0","0","0","0","0","0","0","0","0","3","0","0","0","0","0","0","0","0","0","0","0","0","0","0","0","0","3"
"0x71cecf7768d0","      LDS.128 R12, [R148+UR5+0x100]","2","2","2","1764","56448","56448","32","32","0","0","Shared","Load","128","0","4","0","7056","7056","0","0","0","0","0","0","0","0","0","0","0","0","0","0","0","0","0","0","0","2","0","0","0","0","0","0","0","0","0","0","0","0","0","0","0","0","2"
"0x71cecf7768e0","      LDS.128 R8, [R148+UR5+0x440]","1","1","1","1764","56448","56448","32","32","0","0","Shared","Load","128","0","4","0","7056","7056","0","0","0","0","0","0","0","0","0","0","0","0","0","0","0","0","0","0","0","1","0","0","0","0","0","0","0","0","0","0","0","0","0","0","0","0","1"
"0x71cecf7768f0","      LDS.128 R4, [R148+UR5+0x540]","6","4","6","1764","56448","56448","32","32","0","0","Shared","Load","128","0","4","0","7056","7056","0","0","0","0","0","0","0","0","0","0","0","3","0","0","0","2","0","0","0","1","0","0","0","0","0","0","0","0","3","0","0","0","0","0","0","0","1"
"0x71cecf776900","      FMUL R41, R16, R167","11","11","11","1764","56448","56448","32","32","0","0","-","-","-","0","0","0","0","0","0","0","0","0","0","0","0","0","0","0","0","0","0","0","0","0","11","0","0","0","0","0","0","0","0","0","0","0","0","0","0","0","0","11","0","0","0"
"0x71cecf776910","      FMUL R17, R17, R167","1","0","1","1764","56448","56448","32","32","0","0","-","-","-","0","0","0","0","0","0","0","0","0","0","0","0","0","0","0","0","0","0","0","0","1","0","0","0","0","0","0","0","0","0","0","0","0","0","0","0","0","0","0","0","0","0"
"0x71cecf776920","      FMUL R37, R18, R167","0","0","0","1764","56448","56448","32","32","0","0","-","-","-","0","0","0","0","0","0","0","0","0","0","0","0","0","0","0","0","0","0","0","0","0","0","0","0","0","0","0","0","0","0","0","0","0","0","0","0","0","0","0","0","0","0"
"0x71cecf776930","      FMUL R19, R19, R167","0","0","0","1764","56448","56448","32","32","0","0","-","-","-","0","0","0","0","0","0","0","0","0","0","0","0","0","0","0","0","0","0","0","0","0","0","0","0","0","0","0","0","0","0","0","0","0","0","0","0","0","0","0","0","0","0"
"0x71cecf776940","      FMUL R35, R12, R167","2","2","2","1764","56448","56448","32","32","0","0","-","-","-","0","0","0","0","0","0","0","0","0","0","0","0","0","0","0","0","0","0","0","0","0","2","0","0","0","0","0","0","0","0","0","0","0","0","0","0","0","0","2","0","0","0"
"0x71cecf776950","      FMUL R13, R13, R167","0","0","0","1764","56448","56448","32","32","0","0","-","-","-","0","0","0","0","0","0","0","0","0","0","0","0","0","0","0","0","0","0","0","0","0","0","0","0","0","0","0","0","0","0","0","0","0","0","0","0","0","0","0","0","0","0"
"0x71cecf776960","      FMUL R33, R14, R167","0","0","0","1764","56448","56448","32","32","0","0","-","-","-","0","0","0","0","0","0","0","0","0","0","0","0","0","0","0","0","0","0","0","0","0","0","0","0","0","0","0","0","0","0","0","0","0","0","0","0","0","0","0","0","0","0"
"0x71cecf776970","      FMUL R15, R15, R167","0","0","0","1764","56448","56448","32","32","0","0","-","-","-","0","0","0","0","0","0","0","0","0","0","0","0","0","0","0","0","0","0","0","0","0","0","0","0","0","0","0","0","0","0","0","0","0","0","0","0","0","0","0","0","0","0"
"0x71cecf776980","      FMUL R31, R8, R167","2","2","2","1764","56448","56448","32","32","0","0","-","-","-","0","0","0","0","0","0","0","0","0","0","0","0","0","0","0","0","0","0","0","0","0","2","0","0","0","0","0","0","0","0","0","0","0","0","0","0","0","0","2","0","0","0"
"0x71cecf776990","      FMUL R9, R9, R167","0","0","0","1764","56448","56448","32","32","0","0","-","-","-","0","0","0","0","0","0","0","0","0","0","0","0","0","0","0","0","0","0","0","0","0","0","0","0","0","0","0","0","0","0","0","0","0","0","0","0","0","0","0","0","0","0"
"0x71cecf7769a0","      FMUL R29, R10, R167","0","0","0","1764","56448","56448","32","32","0","0","-","-","-","0","0","0","0","0","0","0","0","0","0","0","0","0","0","0","0","0","0","0","0","0","0","0","0","0","0","0","0","0","0","0","0","0","0","0","0","0","0","0","0","0","0"
"0x71cecf7769b0","      FMUL R11, R11, R167","0","0","0","1764","56448","56448","32","32","0","0","-","-","-","0","0","0","0","0","0","0","0","0","0","0","0","0","0","0","0","0","0","0","0","0","0","0","0","0","0","0","0","0","0","0","0","0","0","0","0","0","0","0","0","0","0"
"0x71cecf7769c0","      FMUL R27, R4, R167","3","3","3","1764","56448","56448","32","32","0","0","-","-","-","0","0","0","0","0","0","0","0","0","0","0","0","0","0","0","0","0","0","0","0","0","3","0","0","0","0","0","0","0","0","0","0","0","0","0","0","0","0","3","0","0","0"
"0x71cecf7769d0","      FMUL R5, R5, R167","0","0","0","1764","56448","56448","32","32","0","0","-","-","-","0","0","0","0","0","0","0","0","0","0","0","0","0","0","0","0","0","0","0","0","0","0","0","0","0","0","0","0","0","0","0","0","0","0","0","0","0","0","0","0","0","0"
"0x71cecf7769e0","      FMUL R25, R6, R167","0","0","0","1764","56448","56448","32","32","0","0","-","-","-","0","0","0","0","0","0","0","0","0","0","0","0","0","0","0","0","0","0","0","0","0","0","0","0","0","0","0","0","0","0","0","0","0","0","0","0","0","0","0","0","0","0"
"0x71cecf7769f0","      FMUL R7, R7, R167","1","0","1","1764","56448","56448","32","32","0","0","-","-","-","0","0","0","0","0","0","0","0","0","0","0","0","0","0","0","0","0","0","0","0","1","0","0","0","0","0","0","0","0","0","0","0","0","0","0","0","0","0","0","0","0","0"
"0x71cecf776a00","      FMNMX R16, R41, R166, !PT","1","0","1","1764","56448","56448","32","32","0","0","-","-","-","0","0","0","0","0","0","0","0","0","0","0","0","0","0","0","0","0","0","0","0","1","0","0","0","0","0","0","0","0","0","0","0","0","0","0","0","0","0","0","0","0","0"
"0x71cecf776a10","      FMNMX R17, R17, R166, !PT","0","0","0","1764","56448","56448","32","32","0","0","-","-","-","0","0","0","0","0","0","0","0","0","0","0","0","0","0","0","0","0","0","0","0","0","0","0","0","0","0","0","0","0","0","0","0","0","0","0","0","0","0","0","0","0","0"
"0x71cecf776a20","      FMNMX R18, R37, R166, !PT","0","0","0","1764","56448","56448","32","32","0","0","-","-","-","0","0","0","0","0","0","0","0","0","0","0","0","0","0","0","0","0","0","0","0","0","0","0","0","0","0","0","0","0","0","0","0","0","0","0","0","0","0","0","0","0","0"
"0x71cecf776a30","      FMNMX R19, R19, R166, !PT","0","0","0","1764","56448","56448","32","32","0","0","-","-","-","0","0","0","0","0","0","0","0","0","0","0","0","0","0","0","0","0","0","0","0","0","0","0","0","0","0","0","0","0","0","0","0","0","0","0","0","0","0","0","0","0","0"
"0x71cecf776a40","      FMNMX R12, R35, R166, !PT","0","0","0","1764","56448","56448","32","32","0","0","-","-","-","0","0","0","0","0","0","0","0","0","0","0","0","0","0","0","0","0","0","0","0","0","0","0","0","0","0","0","0","0","0","0","0","0","0","0","0","0","0","0","0","0","0"
"0x71cecf776a50","      FMNMX R13, R13, R166, !PT","0","0","0","1764","56448","56448","32","32","0","0","-","-","-","0","0","0","0","0","0","0","0","0","0","0","0","0","0","0","0","0","0","0","0","0","0","0","0","0","0","0","0","0","0","0","0","0","0","0","0","0","0","0","0","0","0"
"0x71cecf776a60","      FMNMX R14, R33, R166, !PT","0","0","0","1764","56448","56448","32","32","0","0","-","-","-","0","0","0","0","0","0","0","0","0","0","0","0","0","0","0","0","0","0","0","0","0","0","0","0","0","0","0","0","0","0","0","0","0","0","0","0","0","0","0","0","0","0"
"0x71cecf776a70","      FMNMX R15, R15, R166, !PT","0","0","0","1764","56448","56448","32","32","0","0","-","-","-","0","0","0","0","0","0","0","0","0","0","0","0","0","0","0","0","0","0","0","0","0","0","0","0","0","0","0","0","0","0","0","0","0","0","0","0","0","0","0","0","0","0"
"0x71cecf776a80","      FMNMX R8, R31, R166, !PT","0","0","0","1764","56448","56448","32","32","0","0","-","-","-","0","0","0","0","0","0","0","0","0","0","0","0","0","0","0","0","0","0","0","0","0","0","0","0","0","0","0","0","0","0","0","0","0","0","0","0","0","0","0","0","0","0"
"0x71cecf776a90","      FMNMX R9, R9, R166, !PT","1","0","1","1764","56448","56448","32","32","0","0","-","-","-","0","0","0","0","0","0","0","0","0","0","0","0","0","0","0","0","0","0","0","0","1","0","0","0","0","0","0","0","0","0","0","0","0","0","0","0","0","0","0","0","0","0"
"0x71cecf776aa0","      FMNMX R10, R29, R166, !PT","0","0","0","1764","56448","56448","32","32","0","0","-","-","-","0","0","0","0","0","0","0","0","0","0","0","0","0","0","0","0","0","0","0","0","0","0","0","0","0","0","0","0","0","0","0","0","0","0","0","0","0","0","0","0","0","0"
"0x71cecf776ab0","      FMNMX R11, R11, R166, !PT","0","0","0","1764","56448","56448","32","32","0","0","-","-","-","0","0","0","0","0","0","0","0","0","0","0","0","0","0","0","0","0","0","0","0","0","0","0","0","0","0","0","0","0","0","0","0","0","0","0","0","0","0","0","0","0","0"
"0x71cecf776ac0","      FMNMX R4, R27, R166, !PT","0","0","0","1764","56448","56448","32","32","0","0","-","-","-","0","0","0","0","0","0","0","0","0","0","0","0","0","0","0","0","0","0","0","0","0","0","0","0","0","0","0","0","0","0","0","0","0","0","0","0","0","0","0","0","0","0"
"0x71cecf776ad0","      FMNMX R5, R5, R166, !PT","0","0","0","1764","56448","56448","32","32","0","0","-","-","-","0","0","0","0","0","0","0","0","0","0","0","0","0","0","0","0","0","0","0","0","0","0","0","0","0","0","0","0","0","0","0","0","0","0","0","0","0","0","0","0","0","0"
"0x71cecf776ae0","      FMNMX R6, R25, R166, !PT","0","0","0","1764","56448","56448","32","32","0","0","-","-","-","0","0","0","0","0","0","0","0","0","0","0","0","0","0","0","0","0","0","0","0","0","0","0","0","0","0","0","0","0","0","0","0","0","0","0","0","0","0","0","0","0","0"
"0x71cecf776af0","      FMNMX R7, R7, R166, !PT","0","0","0","1764","56448","56448","32","32","0","0","-","-","-","0","0","0","0","0","0","0","0","0","0","0","0","0","0","0","0","0","0","0","0","0","0","0","0","0","0","0","0","0","0","0","0","0","0","0","0","0","0","0","0","0","0"
"0x71cecf776b00","@P3   STG.E.128 [R20.64+UR6], R16","1","1","1","1764","56448","56448","32","32","0","0","Global","Store","128","7056","0","0","0","0","0","28224","28224","0","0","0","0","0","0","0","0","0","0","1","0","0","0","0","0","0","0","0","0","0","0","0","0","0","0","0","1","0","0","0","0","0","0"
"0x71cecf776b10","@P2   STG.E.128 [R20.64+UR6+0x100], R12","0","0","0","1764","56448","55104","32","31","1","0","Global","Store","128","6888","0","0","0","0","0","27552","27552","0","0","0","0","0","0","0","0","0","0","0","0","0","0","0","0","0","0","0","0","0","0","0","0","0","0","0","0","0","0","0","0","0","0"
"0x71cecf776b20","@P1   STG.E.128 [R22.64+UR8], R8","0","0","0","1764","56448","56448","32","32","0","0","Global","Store","128","7056","0","0","0","0","0","28224","28224","0","0","0","0","0","0","0","0","0","0","0","0","0","0","0","0","0","0","0","0","0","0","0","0","0","0","0","0","0","0","0","0","0","0"
"0x71cecf776b30","@P0   STG.E.128 [R22.64+UR8+0x100], R4","1","1","1","1764","56448","55104","32","31","1","0","Global","Store","128","6888","0","0","0","0","0","27552","27552","0","0","0","0","0","0","0","0","0","0","0","0","0","0","0","0","1","0","0","0","0","0","0","0","0","0","0","0","0","0","0","0","0","1"
"0x71cecf776b40","      BAR.SYNC.DEFER_BLOCKING 0x0","0","0","0","1764","56448","56448","32","32","0","0","-","-","-","0","0","0","0","0","0","0","0","0","0","0","0","0","0","0","0","0","0","0","0","0","0","0","0","0","0","0","0","0","0","0","0","0","0","0","0","0","0","0","0","0","0"
"0x71cecf776b50","      IADD3 R21, PT, PT, R165, 0x18, RZ","3","3","3","1764","56448","56448","32","32","0","0","-","-","-","0","0","0","0","0","0","0","0","0","0","0","0","0","3","0","0","0","0","0","0","0","0","0","0","0","0","0","0","0","0","3","0","0","0","0","0","0","0","0","0","0","0"
"0x71cecf776b60","      IADD3 R20, PT, PT, R165, 0x1a, RZ","0","0","0","1764","56448","56448","32","32","0","0","-","-","-","0","0","0","0","0","0","0","0","0","0","0","0","0","0","0","0","0","0","0","0","0","0","0","0","0","0","0","0","0","0","0","0","0","0","0","0","0","0","0","0","0","0"
"0x71cecf776b70","      STS.64 [R164], R66","0","0","0","1764","56448","56448","32","32","0","0","Shared","Store","64","0","2","0","3528","3528","0","0","0","0","0","0","0","0","0","0","0","0","0","0","0","0","0","0","0","0","0","0","0","0","0","0","0","0","0","0","0","0","0","0","0","0","0"
"0x71cecf776b80","      ISETP.GE.AND P1, PT, R21, UR4, PT","0","0","0","1764","56448","56448","32","32","0","0","-","-","-","0","0","0","0","0","0","0","0","0","0","0","0","0","0","0","0","0","0","0","0","0","0","0","0","0","0","0","0","0","0","0","0","0","0","0","0","0","0","0","0","0","0"
"0x71cecf776b90","      ISETP.GE.AND P0, PT, R20, UR4, PT","0","0","0","1764","56448","56448","32","32","0","0","-","-","-","0","0","0","0","0","0","0","0","0","0","0","0","0","0","0","0","0","0","0","0","0","0","0","0","0","0","0","0","0","0","0","0","0","0","0","0","0","0","0","0","0","0"
"0x71cecf776ba0","      STS.64 [R164+0x20], R62","0","0","0","1764","56448","56448","32","32","0","0","Shared","Store","64","0","2","0","3528","3528","0","0","0","0","0","0","0","0","0","0","0","0","0","0","0","0","0","0","0","0","0","0","0","0","0","0","0","0","0","0","0","0","0","0","0","0","0"
"0x71cecf776bb0","      SEL R25, R2, RZ, !P1","0","0","0","1764","56448","56448","32","32","0","0","-","-","-","0","0","0","0","0","0","0","0","0","0","0","0","0","0","0","0","0","0","0","0","0","0","0","0","0","0","0","0","0","0","0","0","0","0","0","0","0","0","0","0","0","0"
"0x71cecf776bc0","      STS.64 [R164+0x40], R58","0","0","0","1764","56448","56448","32","32","0","0","Shared","Store","64","0","2","0","3528","3528","0","0","0","0","0","0","0","0","0","0","0","0","0","0","0","0","0","0","0","0","0","0","0","0","0","0","0","0","0","0","0","0","0","0","0","0","0"
"0x71cecf776bd0","      SEL R24, R3, RZ, !P1","0","0","0","1764","56448","56448","32","32","0","0","-","-","-","0","0","0","0","0","0","0","0","0","0","0","0","0","0","0","0","0","0","0","0","0","0","0","0","0","0","0","0","0","0","0","0","0","0","0","0","0","0","0","0","0","0"
"0x71cecf776be0","      SEL R21, R2, RZ, !P0","0","0","0","1764","56448","56448","32","32","0","0","-","-","-","0","0","0","0","0","0","0","0","0","0","0","0","0","0","0","0","0","0","0","0","0","0","0","0","0","0","0","0","0","0","0","0","0","0","0","0","0","0","0","0","0","0"
"0x71cecf776bf0","      SEL R20, R3, RZ, !P0","0","0","0","1764","56448","56448","32","32","0","0","-","-","-","0","0","0","0","0","0","0","0","0","0","0","0","0","0","0","0","0","0","0","0","0","0","0","0","0","0","0","0","0","0","0","0","0","0","0","0","0","0","0","0","0","0"
"0x71cecf776c00","      STS.64 [R164+0x60], R54","1","1","1","1764","56448","56448","32","32","0","0","Shared","Store","64","0","2","0","3528","3528","0","0","0","0","0","0","0","0","0","0","0","1","0","0","0","0","0","0","0","0","0","0","0","0","0","0","0","0","1","0","0","0","0","0","0","0","0"
"0x71cecf776c10","      ISETP.NE.U32.AND P3, PT, R25, RZ, PT","0","0","0","1764","56448","56448","32","32","0","0","-","-","-","0","0","0","0","0","0","0","0","0","0","0","0","0","0","0","0","0","0","0","0","0","0","0","0","0","0","0","0","0","0","0","0","0","0","0","0","0","0","0","0","0","0"
"0x71cecf776c20","      ISETP.NE.U32.AND P2, PT, R24, RZ, PT","0","0","0","1764","56448","56448","32","32","0","0","-","-","-","0","0","0","0","0","0","0","0","0","0","0","0","0","0","0","0","0","0","0","0","0","0","0","0","0","0","0","0","0","0","0","0","0","0","0","0","0","0","0","0","0","0"
"0x71cecf776c30","      ISETP.NE.U32.AND P1, PT, R21, RZ, PT","0","0","0","1764","56448","56448","32","32","0","0","-","-","-","0","0","0","0","0","0","0","0","0","0","0","0","0","0","0","0","0","0","0","0","0","0","0","0","0","0","0","0","0","0","0","0","0","0","0","0","0","0","0","0","0","0"
"0x71cecf776c40","      STS.64 [R164+0x80], R50","10","10","10","1764","56448","56448","32","32","0","0","Shared","Store","64","0","2","0","3528","3528","0","0","0","0","0","0","0","0","0","0","0","10","0","0","0","0","0","0","0","0","0","0","0","0","0","0","0","0","10","0","0","0","0","0","0","0","0"
"0x71cecf776c50","      ISETP.NE.U32.AND P0, PT, R20, RZ, PT","0","0","0","1764","56448","56448","32","32","0","0","-","-","-","0","0","0","0","0","0","0","0","0","0","0","0","0","0","0","0","0","0","0","0","0","0","0","0","0","0","0","0","0","0","0","0","0","0","0","0","0","0","0","0","0","0"
"0x71cecf776c60","      IADD.64 R20, R22, UR6","0","0","0","1764","56448","56448","32","32","0","0","-","-","-","0","0","0","0","0","0","0","0","0","0","0","0","0","0","0","0","0","0","0","0","0","0","0","0","0","0","0","0","0","0","0","0","0","0","0","0","0","0","0","0","0","0"
"0x71cecf776c70","      STS.64 [R164+0xa0], R46","11","11","11","1764","56448","56448","32","32","0","0","Shared","Store","64","0","2","0","3528","3528","0","0","0","0","0","0","0","0","0","0","0","10","0","0","0","0","0","0","0","1","0","0","0","0","0","0","0","0","10","0","0","0","0","0","0","0","1"
"0x71cecf776c80","      STS.64 [R164+0xc0], R42","8","8","8","1764","56448","56448","32","32","0","0","Shared","Store","64","0","2","0","3528","3528","0","0","0","0","0","0","0","0","0","0","0","8","0","0","0","0","0","0","0","0","0","0","0","0","0","0","0","0","8","0","0","0","0","0","0","0","0"
"0x71cecf776c90","      STS.64 [R164+0xe0], R38","2","2","2","1764","56448","56448","32","32","0","0","Shared","Store","64","0","2","0","3528","3528","0","0","0","0","0","0","0","0","0","0","0","1","0","0","0","0","0","0","0","1","0","0","0","0","0","0","0","0","1","0","0","0","0","0","0","0","1"
"0x71cecf776ca0","      BAR.SYNC.DEFER_BLOCKING 0x0","0","0","0","1764","56448","56448","32","32","0","0","-","-","-","0","0","0","0","0","0","0","0","0","0","0","0","0","0","0","0","0","0","0","0","0","0","0","0","0","0","0","0","0","0","0","0","0","0","0","0","0","0","0","0","0","0"
"0x71cecf776cb0","      LDS.128 R16, [R148+UR5]","2","2","2","1764","56448","56448","32","32","0","0","Shared","Load","128","0","4","0","7056","7056","0","0","0","2","0","0","0","0","0","0","0","0","0","0","0","0","0","0","0","0","2","0","0","0","0","0","0","0","0","0","0","0","0","0","0","0","0"
"0x71cecf776cc0","      LDS.128 R12, [R148+UR5+0x100]","1","1","1","1764","56448","56448","32","32","0","0","Shared","Load","128","0","4","0","7056","7056","0","0","0","0","0","0","0","0","0","0","0","1","0","0","0","0","0","0","0","0","0","0","0","0","0","0","0","0","1","0","0","0","0","0","0","0","0"
"0x71cecf776cd0","      LDS.128 R8, [R148+UR5+0x440]","1","1","1","1764","56448","56448","32","32","0","0","Shared","Load","128","0","4","0","7056","7056","0","0","0","0","0","0","0","0","0","0","0","1","0","0","0","0","0","0","0","0","0","0","0","0","0","0","0","0","1","0","0","0","0","0","0","0","0"
"0x71cecf776ce0","      LDS.128 R4, [R148+UR5+0x540]","1","1","1","1764","56448","56448","32","32","0","0","Shared","Load","128","0","4","0","7056","7056","0","0","0","0","0","0","0","0","0","0","0","0","0","0","0","0","0","0","0","1","0","0","0","0","0","0","0","0","0","0","0","0","0","0","0","0","1"
"0x71cecf776cf0","      FMUL R39, R16, R167","5","5","5","1764","56448","56448","32","32","0","0","-","-","-","0","0","0","0","0","0","0","0","0","0","0","0","0","0","0","0","0","0","0","0","0","5","0","0","0","0","0","0","0","0","0","0","0","0","0","0","0","0","5","0","0","0"
"0x71cecf776d00","      FMUL R17, R17, R167","0","0","0","1764","56448","56448","32","32","0","0","-","-","-","0","0","0","0","0","0","0","0","0","0","0","0","0","0","0","0","0","0","0","0","0","0","0","0","0","0","0","0","0","0","0","0","0","0","0","0","0","0","0","0","0","0"
"0x71cecf776d10","      FMUL R37, R18, R167","0","0","0","1764","56448","56448","32","32","0","0","-","-","-","0","0","0","0","0","0","0","0","0","0","0","0","0","0","0","0","0","0","0","0","0","0","0","0","0","0","0","0","0","0","0","0","0","0","0","0","0","0","0","0","0","0"
"0x71cecf776d20","      FMUL R19, R19, R167","0","0","0","1764","56448","56448","32","32","0","0","-","-","-","0","0","0","0","0","0","0","0","0","0","0","0","0","0","0","0","0","0","0","0","0","0","0","0","0","0","0","0","0","0","0","0","0","0","0","0","0","0","0","0","0","0"
"0x71cecf776d30","      FMUL R35, R12, R167","2","2","2","1764","56448","56448","32","32","0","0","-","-","-","0","0","0","0","0","0","0","0","0","0","0","0","0","0","0","0","0","0","0","0","0","2","0","0","0","0","0","0","0","0","0","0","0","0","0","0","0","0","2","0","0","0"
"0x71cecf776d40","      FMUL R13, R13, R167","0","0","0","1764","56448","56448","32","32","0","0","-","-","-","0","0","0","0","0","0","0","0","0","0","0","0","0","0","0","0","0","0","0","0","0","0","0","0","0","0","0","0","0","0","0","0","0","0","0","0","0","0","0","0","0","0"
"0x71cecf776d50","      FMUL R33, R14, R167","0","0","0","1764","56448","56448","32","32","0","0","-","-","-","0","0","0","0","0","0","0","0","0","0","0","0","0","0","0","0","0","0","0","0","0","0","0","0","0","0","0","0","0","0","0","0","0","0","0","0","0","0","0","0","0","0"
"0x71cecf776d60","      FMUL R15, R15, R167","0","0","0","1764","56448","56448","32","32","0","0","-","-","-","0","0","0","0","0","0","0","0","0","0","0","0","0","0","0","0","0","0","0","0","0","0","0","0","0","0","0","0","0","0","0","0","0","0","0","0","0","0","0","0","0","0"
"0x71cecf776d70","      FMUL R31, R8, R167","2","2","2","1764","56448","56448","32","32","0","0","-","-","-","0","0","0","0","0","0","0","0","0","0","0","0","0","0","0","0","0","0","0","0","0","2","0","0","0","0","0","0","0","0","0","0","0","0","0","0","0","0","2","0","0","0"
"0x71cecf776d80","      FMUL R9, R9, R167","1","0","1","1764","56448","56448","32","32","0","0","-","-","-","0","0","0","0","0","0","0","0","0","0","0","0","0","0","0","0","0","0","0","0","1","0","0","0","0","0","0","0","0","0","0","0","0","0","0","0","0","0","0","0","0","0"
"0x71cecf776d90","      FMUL R29, R10, R167","0","0","0","1764","56448","56448","32","32","0","0","-","-","-","0","0","0","0","0","0","0","0","0","0","0","0","0","0","0","0","0","0","0","0","0","0","0","0","0","0","0","0","0","0","0","0","0","0","0","0","0","0","0","0","0","0"
"0x71cecf776da0","      FMUL R11, R11, R167","1","0","1","1764","56448","56448","32","32","0","0","-","-","-","0","0","0","0","0","0","0","0","0","0","0","0","0","0","0","0","0","0","0","0","1","0","0","0","0","0","0","0","0","0","0","0","0","0","0","0","0","0","0","0","0","0"
"0x71cecf776db0","      FMUL R27, R4, R167","2","2","2","1764","56448","56448","32","32","0","0","-","-","-","0","0","0","0","0","0","0","0","0","0","0","0","0","0","0","0","0","0","0","0","0","2","0","0","0","0","0","0","0","0","0","0","0","0","0","0","0","0","2","0","0","0"
"0x71cecf776dc0","      FMUL R5, R5, R167","0","0","0","1764","56448","56448","32","32","0","0","-","-","-","0","0","0","0","0","0","0","0","0","0","0","0","0","0","0","0","0","0","0","0","0","0","0","0","0","0","0","0","0","0","0","0","0","0","0","0","0","0","0","0","0","0"
"0x71cecf776dd0","      FMUL R25, R6, R167","0","0","0","1764","56448","56448","32","32","0","0","-","-","-","0","0","0","0","0","0","0","0","0","0","0","0","0","0","0","0","0","0","0","0","0","0","0","0","0","0","0","0","0","0","0","0","0","0","0","0","0","0","0","0","0","0"
"0x71cecf776de0","      FMUL R7, R7, R167","0","0","0","1764","56448","56448","32","32","0","0","-","-","-","0","0","0","0","0","0","0","0","0","0","0","0","0","0","0","0","0","0","0","0","0","0","0","0","0","0","0","0","0","0","0","0","0","0","0","0","0","0","0","0","0","0"
"0x71cecf776df0","      FMNMX R16, R39, R166, !PT","0","0","0","1764","56448","56448","32","32","0","0","-","-","-","0","0","0","0","0","0","0","0","0","0","0","0","0","0","0","0","0","0","0","0","0","0","0","0","0","0","0","0","0","0","0","0","0","0","0","0","0","0","0","0","0","0"
"0x71cecf776e00","      FMNMX R17, R17, R166, !PT","0","0","0","1764","56448","56448","32","32","0","0","-","-","-","0","0","0","0","0","0","0","0","0","0","0","0","0","0","0","0","0","0","0","0","0","0","0","0","0","0","0","0","0","0","0","0","0","0","0","0","0","0","0","0","0","0"
"0x71cecf776e10","      FMNMX R18, R37, R166, !PT","0","0","0","1764","56448","56448","32","32","0","0","-","-","-","0","0","0","0","0","0","0","0","0","0","0","0","0","0","0","0","0","0","0","0","0","0","0","0","0","0","0","0","0","0","0","0","0","0","0","0","0","0","0","0","0","0"
"0x71cecf776e20","      FMNMX R19, R19, R166, !PT","0","0","0","1764","56448","56448","32","32","0","0","-","-","-","0","0","0","0","0","0","0","0","0","0","0","0","0","0","0","0","0","0","0","0","0","0","0","0","0","0","0","0","0","0","0","0","0","0","0","0","0","0","0","0","0","0"
"0x71cecf776e30","      FMNMX R12, R35, R166, !PT","0","0","0","1764","56448","56448","32","32","0","0","-","-","-","0","0","0","0","0","0","0","0","0","0","0","0","0","0","0","0","0","0","0","0","0","0","0","0","0","0","0","0","0","0","0","0","0","0","0","0","0","0","0","0","0","0"
"0x71cecf776e40","      FMNMX R13, R13, R166, !PT","0","0","0","1764","56448","56448","32","32","0","0","-","-","-","0","0","0","0","0","0","0","0","0","0","0","0","0","0","0","0","0","0","0","0","0","0","0","0","0","0","0","0","0","0","0","0","0","0","0","0","0","0","0","0","0","0"
"0x71cecf776e50","      FMNMX R14, R33, R166, !PT","0","0","0","1764","56448","56448","32","32","0","0","-","-","-","0","0","0","0","0","0","0","0","0","0","0","0","0","0","0","0","0","0","0","0","0","0","0","0","0","0","0","0","0","0","0","0","0","0","0","0","0","0","0","0","0","0"
"0x71cecf776e60","      FMNMX R15, R15, R166, !PT","0","0","0","1764","56448","56448","32","32","0","0","-","-","-","0","0","0","0","0","0","0","0","0","0","0","0","0","0","0","0","0","0","0","0","0","0","0","0","0","0","0","0","0","0","0","0","0","0","0","0","0","0","0","0","0","0"
"0x71cecf776e70","      FMNMX R8, R31, R166, !PT","0","0","0","1764","56448","56448","32","32","0","0","-","-","-","0","0","0","0","0","0","0","0","0","0","0","0","0","0","0","0","0","0","0","0","0","0","0","0","0","0","0","0","0","0","0","0","0","0","0","0","0","0","0","0","0","0"
"0x71cecf776e80","      FMNMX R9, R9, R166, !PT","0","0","0","1764","56448","56448","32","32","0","0","-","-","-","0","0","0","0","0","0","0","0","0","0","0","0","0","0","0","0","0","0","0","0","0","0","0","0","0","0","0","0","0","0","0","0","0","0","0","0","0","0","0","0","0","0"
"0x71cecf776e90","      FMNMX R10, R29, R166, !PT","0","0","0","1764","56448","56448","32","32","0","0","-","-","-","0","0","0","0","0","0","0","0","0","0","0","0","0","0","0","0","0","0","0","0","0","0","0","0","0","0","0","0","0","0","0","0","0","0","0","0","0","0","0","0","0","0"
"0x71cecf776ea0","      FMNMX R11, R11, R166, !PT","0","0","0","1764","56448","56448","32","32","0","0","-","-","-","0","0","0","0","0","0","0","0","0","0","0","0","0","0","0","0","0","0","0","0","0","0","0","0","0","0","0","0","0","0","0","0","0","0","0","0","0","0","0","0","0","0"
"0x71cecf776eb0","      FMNMX R4, R27, R166, !PT","0","0","0","1764","56448","56448","32","32","0","0","-","-","-","0","0","0","0","0","0","0","0","0","0","0","0","0","0","0","0","0","0","0","0","0","0","0","0","0","0","0","0","0","0","0","0","0","0","0","0","0","0","0","0","0","0"
"0x71cecf776ec0","      FMNMX R5, R5, R166, !PT","0","0","0","1764","56448","56448","32","32","0","0","-","-","-","0","0","0","0","0","0","0","0","0","0","0","0","0","0","0","0","0","0","0","0","0","0","0","0","0","0","0","0","0","0","0","0","0","0","0","0","0","0","0","0","0","0"
"0x71cecf776ed0","      FMNMX R6, R25, R166, !PT","0","0","0","1764","56448","56448","32","32","0","0","-","-","-","0","0","0","0","0","0","0","0","0","0","0","0","0","0","0","0","0","0","0","0","0","0","0","0","0","0","0","0","0","0","0","0","0","0","0","0","0","0","0","0","0","0"
"0x71cecf776ee0","      FMNMX R7, R7, R166, !PT","0","0","0","1764","56448","56448","32","32","0","0","-","-","-","0","0","0","0","0","0","0","0","0","0","0","0","0","0","0","0","0","0","0","0","0","0","0","0","0","0","0","0","0","0","0","0","0","0","0","0","0","0","0","0","0","0"
"0x71cecf776ef0","@P3   STG.E.128 [R22.64+UR6], R16","0","0","0","1764","56448","56448","32","32","0","0","Global","Store","128","7056","0","0","0","0","0","28224","28224","0","0","0","0","0","0","0","0","0","0","0","0","0","0","0","0","0","0","0","0","0","0","0","0","0","0","0","0","0","0","0","0","0","0"
"0x71cecf776f00","@P2   STG.E.128 [R22.64+UR6+0x100], R12","0","0","0","1764","56448","55104","32","31","1","0","Global","Store","128","6888","0","0","0","0","0","27552","27552","0","0","0","0","0","0","0","0","0","0","0","0","0","0","0","0","0","0","0","0","0","0","0","0","0","0","0","0","0","0","0","0","0","0"
"0x71cecf776f10","@P1   STG.E.128 [R20.64+UR8], R8","0","0","0","1764","56448","56448","32","32","0","0","Global","Store","128","7056","0","0","0","0","0","28224","28224","0","0","0","0","0","0","0","0","0","0","0","0","0","0","0","0","0","0","0","0","0","0","0","0","0","0","0","0","0","0","0","0","0","0"
"0x71cecf776f20","@P0   STG.E.128 [R20.64+UR8+0x100], R4","0","0","0","1764","56448","55104","32","31","1","0","Global","Store","128","6888","0","0","0","0","0","27552","27552","0","0","0","0","0","0","0","0","0","0","0","0","0","0","0","0","0","0","0","0","0","0","0","0","0","0","0","0","0","0","0","0","0","0"
"0x71cecf776f30","      BAR.SYNC.DEFER_BLOCKING 0x0","0","0","0","1764","56448","56448","32","32","0","0","-","-","-","0","0","0","0","0","0","0","0","0","0","0","0","0","0","0","0","0","0","0","0","0","0","0","0","0","0","0","0","0","0","0","0","0","0","0","0","0","0","0","0","0","0"
"0x71cecf776f40","      IADD3 R23, PT, PT, R165, 0x20, RZ","1","1","1","1764","56448","56448","32","32","0","0","-","-","-","0","0","0","0","0","0","0","0","0","0","0","0","0","1","0","0","0","0","0","0","0","0","0","0","0","0","0","0","0","0","1","0","0","0","0","0","0","0","0","0","0","0"
"0x71cecf776f50","      IADD3 R22, PT, PT, R165, 0x22, RZ","0","0","0","1764","56448","56448","32","32","0","0","-","-","-","0","0","0","0","0","0","0","0","0","0","0","0","0","0","0","0","0","0","0","0","0","0","0","0","0","0","0","0","0","0","0","0","0","0","0","0","0","0","0","0","0","0"
"0x71cecf776f60","      STS.64 [R164], R68","0","0","0","1764","56448","56448","32","32","0","0","Shared","Store","64","0","2","0","3528","3528","0","0","0","0","0","0","0","0","0","0","0","0","0","0","0","0","0","0","0","0","0","0","0","0","0","0","0","0","0","0","0","0","0","0","0","0","0"
"0x71cecf776f70","      ISETP.GE.AND P1, PT, R23, UR4, PT","0","0","0","1764","56448","56448","32","32","0","0","-","-","-","0","0","0","0","0","0","0","0","0","0","0","0","0","0","0","0","0","0","0","0","0","0","0","0","0","0","0","0","0","0","0","0","0","0","0","0","0","0","0","0","0","0"
"0x71cecf776f80","      ISETP.GE.AND P0, PT, R22, UR4, PT","0","0","0","1764","56448","56448","32","32","0","0","-","-","-","0","0","0","0","0","0","0","0","0","0","0","0","0","0","0","0","0","0","0","0","0","0","0","0","0","0","0","0","0","0","0","0","0","0","0","0","0","0","0","0","0","0"
"0x71cecf776f90","      STS.64 [R164+0x20], R72","0","0","0","1764","56448","56448","32","32","0","0","Shared","Store","64","0","2","0","3528","3528","0","0","0","0","0","0","0","0","0","0","0","0","0","0","0","0","0","0","0","0","0","0","0","0","0","0","0","0","0","0","0","0","0","0","0","0","0"
"0x71cecf776fa0","      SEL R25, R2, RZ, !P1","0","0","0","1764","56448","56448","32","32","0","0","-","-","-","0","0","0","0","0","0","0","0","0","0","0","0","0","0","0","0","0","0","0","0","0","0","0","0","0","0","0","0","0","0","0","0","0","0","0","0","0","0","0","0","0","0"
"0x71cecf776fb0","      STS.64 [R164+0x40], R76","0","0","0","1764","56448","56448","32","32","0","0","Shared","Store","64","0","2","0","3528","3528","0","0","0","0","0","0","0","0","0","0","0","0","0","0","0","0","0","0","0","0","0","0","0","0","0","0","0","0","0","0","0","0","0","0","0","0","0"
"0x71cecf776fc0","      SEL R24, R3, RZ, !P1","0","0","0","1764","56448","56448","32","32","0","0","-","-","-","0","0","0","0","0","0","0","0","0","0","0","0","0","0","0","0","0","0","0","0","0","0","0","0","0","0","0","0","0","0","0","0","0","0","0","0","0","0","0","0","0","0"
"0x71cecf776fd0","      SEL R23, R2, RZ, !P0","0","0","0","1764","56448","56448","32","32","0","0","-","-","-","0","0","0","0","0","0","0","0","0","0","0","0","0","0","0","0","0","0","0","0","0","0","0","0","0","0","0","0","0","0","0","0","0","0","0","0","0","0","0","0","0","0"
"0x71cecf776fe0","      SEL R22, R3, RZ, !P0","0","0","0","1764","56448","56448","32","32","0","0","-","-","-","0","0","0","0","0","0","0","0","0","0","0","0","0","0","0","0","0","0","0","0","0","0","0","0","0","0","0","0","0","0","0","0","0","0","0","0","0","0","0","0","0","0"
"0x71cecf776ff0","      STS.64 [R164+0x60], R80","1","1","1","1764","56448","56448","32","32","0","0","Shared","Store","64","0","2","0","3528","3528","0","0","0","0","0","0","0","0","0","0","0","1","0","0","0","0","0","0","0","0","0","0","0","0","0","0","0","0","1","0","0","0","0","0","0","0","0"
"0x71cecf777000","      ISETP.NE.U32.AND P3, PT, R25, RZ, PT","0","0","0","1764","56448","56448","32","32","0","0","-","-","-","0","0","0","0","0","0","0","0","0","0","0","0","0","0","0","0","0","0","0","0","0","0","0","0","0","0","0","0","0","0","0","0","0","0","0","0","0","0","0","0","0","0"
"0x71cecf777010","      ISETP.NE.U32.AND P2, PT, R24, RZ, PT","0","0","0","1764","56448","56448","32","32","0","0","-","-","-","0","0","0","0","0","0","0","0","0","0","0","0","0","0","0","0","0","0","0","0","0","0","0","0","0","0","0","0","0","0","0","0","0","0","0","0","0","0","0","0","0","0"
"0x71cecf777020","      ISETP.NE.U32.AND P1, PT, R23, RZ, PT","0","0","0","1764","56448","56448","32","32","0","0","-","-","-","0","0","0","0","0","0","0","0","0","0","0","0","0","0","0","0","0","0","0","0","0","0","0","0","0","0","0","0","0","0","0","0","0","0","0","0","0","0","0","0","0","0"
"0x71cecf777030","      STS.64 [R164+0x80], R84","5","5","5","1764","56448","56448","32","32","0","0","Shared","Store","64","0","2","0","3528","3528","0","0","0","0","0","0","0","0","0","0","0","5","0","0","0","0","0","0","0","0","0","0","0","0","0","0","0","0","5","0","0","0","0","0","0","0","0"
"0x71cecf777040","      ISETP.NE.U32.AND P0, PT, R22, RZ, PT","0","0","0","1764","56448","56448","32","32","0","0","-","-","-","0","0","0","0","0","0","0","0","0","0","0","0","0","0","0","0","0","0","0","0","0","0","0","0","0","0","0","0","0","0","0","0","0","0","0","0","0","0","0","0","0","0"
"0x71cecf777050","      IADD.64 R22, R20, UR6","1","1","1","1764","56448","56448","32","32","0","0","-","-","-","0","0","0","0","0","0","0","0","0","0","0","0","0","0","1","0","0","0","0","0","0","0","0","0","0","0","0","0","0","0","0","1","0","0","0","0","0","0","0","0","0","0"
"0x71cecf777060","      STS.64 [R164+0xa0], R88","4","4","4","1764","56448","56448","32","32","0","0","Shared","Store","64","0","2","0","3528","3528","0","0","0","0","0","0","0","0","0","0","0","4","0","0","0","0","0","0","0","0","0","0","0","0","0","0","0","0","4","0","0","0","0","0","0","0","0"
"0x71cecf777070","      STS.64 [R164+0xc0], R92","7","7","7","1764","56448","56448","32","32","0","0","Shared","Store","64","0","2","0","3528","3528","0","0","0","0","0","0","0","0","0","0","0","6","0","0","0","0","0","0","0","1","0","0","0","0","0","0","0","0","6","0","0","0","0","0","0","0","1"
"0x71cecf777080","      STS.64 [R164+0xe0], R96","1","1","1","1764","56448","56448","32","32","0","0","Shared","Store","64","0","2","0","3528","3528","0","0","0","0","0","0","0","0","0","0","0","1","0","0","0","0","0","0","0","0","0","0","0","0","0","0","0","0","1","0","0","0","0","0","0","0","0"
"0x71cecf777090","      BAR.SYNC.DEFER_BLOCKING 0x0","0","0","0","1764","56448","56448","32","32","0","0","-","-","-","0","0","0","0","0","0","0","0","0","0","0","0","0","0","0","0","0","0","0","0","0","0","0","0","0","0","0","0","0","0","0","0","0","0","0","0","0","0","0","0","0","0"
"0x71cecf7770a0","      LDS.128 R16, [R148+UR5]","1","1","1","1764","56448","56448","32","32","0","0","Shared","Load","128","0","4","0","7056","7056","0","0","0","1","0","0","0","0","0","0","0","0","0","0","0","0","0","0","0","0","1","0","0","0","0","0","0","0","0","0","0","0","0","0","0","0","0"
"0x71cecf7770b0","      LDS.128 R12, [R148+UR5+0x100]","2","2","2","1764","56448","56448","32","32","0","0","Shared","Load","128","0","4","0","7056","7056","0","0","0","0","0","0","0","0","0","0","0","1","0","0","0","0","0","0","0","1","0","0","0","0","0","0","0","0","1","0","0","0","0","0","0","0","1"
"0x71cecf7770c0","      LDS.128 R8, [R148+UR5+0x440]","2","2","2","1764","56448","56448","32","32","0","0","Shared","Load","128","0","4","0","7056","7056","0","0","0","0","0","0","0","0","0","0","0","2","0","0","0","0","0","0","0","0","0","0","0","0","0","0","0","0","2","0","0","0","0","0","0","0","0"
"0x71cecf7770d0","      LDS.128 R4, [R148+UR5+0x540]","0","0","0","1764","56448","56448","32","32","0","0","Shared","Load","128","0","4","0","7056","7056","0","0","0","0","0","0","0","0","0","0","0","0","0","0","0","0","0","0","0","0","0","0","0","0","0","0","0","0","0","0","0","0","0","0","0","0","0"
"0x71cecf7770e0","      FMUL R39, R16, R167","3","3","3","1764","56448","56448","32","32","0","0","-","-","-","0","0","0","0","0","0","0","0","0","0","0","0","0","0","0","0","0","0","0","0","0","3","0","0","0","0","0","0","0","0","0","0","0","0","0","0","0","0","3","0","0","0"
"0x71cecf7770f0","      FMUL R17, R17, R167","1","0","1","1764","56448","56448","32","32","0","0","-","-","-","0","0","0","0","0","0","0","0","0","0","0","0","0","0","0","0","0","0","0","0","1","0","0","0","0","0","0","0","0","0","0","0","0","0","0","0","0","0","0","0","0","0"
"0x71cecf777100","      FMUL R37, R18, R167","0","0","0","1764","56448","56448","32","32","0","0","-","-","-","0","0","0","0","0","0","0","0","0","0","0","0","0","0","0","0","0","0","0","0","0","0","0","0","0","0","0","0","0","0","0","0","0","0","0","0","0","0","0","0","0","0"
"0x71cecf777110","      FMUL R19, R19, R167","0","0","0","1764","56448","56448","32","32","0","0","-","-","-","0","0","0","0","0","0","0","0","0","0","0","0","0","0","0","0","0","0","0","0","0","0","0","0","0","0","0","0","0","0","0","0","0","0","0","0","0","0","0","0","0","0"
"0x71cecf777120","      FMUL R35, R12, R167","2","2","2","1764","56448","56448","32","32","0","0","-","-","-","0","0","0","0","0","0","0","0","0","0","0","0","0","0","0","0","0","0","0","0","0","2","0","0","0","0","0","0","0","0","0","0","0","0","0","0","0","0","2","0","0","0"
"0x71cecf777130","      FMUL R13, R13, R167","0","0","0","1764","56448","56448","32","32","0","0","-","-","-","0","0","0","0","0","0","0","0","0","0","0","0","0","0","0","0","0","0","0","0","0","0","0","0","0","0","0","0","0","0","0","0","0","0","0","0","0","0","0","0","0","0"
"0x71cecf777140","      FMUL R33, R14, R167","0","0","0","1764","56448","56448","32","32","0","0","-","-","-","0","0","0","0","0","0","0","0","0","0","0","0","0","0","0","0","0","0","0","0","0","0","0","0","0","0","0","0","0","0","0","0","0","0","0","0","0","0","0","0","0","0"
"0x71cecf777150","      FMUL R15, R15, R167","0","0","0","1764","56448","56448","32","32","0","0","-","-","-","0","0","0","0","0","0","0","0","0","0","0","0","0","0","0","0","0","0","0","0","0","0","0","0","0","0","0","0","0","0","0","0","0","0","0","0","0","0","0","0","0","0"
"0x71cecf777160","      FMUL R31, R8, R167","3","2","3","1764","56448","56448","32","32","0","0","-","-","-","0","0","0","0","0","0","0","0","0","0","0","0","0","0","0","0","0","0","0","0","1","2","0","0","0","0","0","0","0","0","0","0","0","0","0","0","0","0","2","0","0","0"
"0x71cecf777170","      FMUL R9, R9, R167","1","0","1","1764","56448","56448","32","32","0","0","-","-","-","0","0","0","0","0","0","0","0","0","0","0","0","0","0","0","0","0","0","0","0","1","0","0","0","0","0","0","0","0","0","0","0","0","0","0","0","0","0","0","0","0","0"
"0x71cecf777180","      FMUL R29, R10, R167","1","0","1","1764","56448","56448","32","32","0","0","-","-","-","0","0","0","0","0","0","0","0","0","0","0","0","0","0","0","0","0","0","0","0","1","0","0","0","0","0","0","0","0","0","0","0","0","0","0","0","0","0","0","0","0","0"
"0x71cecf777190","      FMUL R11, R11, R167","0","0","0","1764","56448","56448","32","32","0","0","-","-","-","0","0","0","0","0","0","0","0","0","0","0","0","0","0","0","0","0","0","0","0","0","0","0","0","0","0","0","0","0","0","0","0","0","0","0","0","0","0","0","0","0","0"
"0x71cecf7771a0","      FMUL R27, R4, R167","3","3","3","1764","56448","56448","32","32","0","0","-","-","-","0","0","0","0","0","0","0","0","0","0","0","0","0","0","0","0","0","0","0","0","0","3","0","0","0","0","0","0","0","0","0","0","0","0","0","0","0","0","3","0","0","0"
"0x71cecf7771b0","      FMUL R5, R5, R167","0","0","0","1764","56448","56448","32","32","0","0","-","-","-","0","0","0","0","0","0","0","0","0","0","0","0","0","0","0","0","0","0","0","0","0","0","0","0","0","0","0","0","0","0","0","0","0","0","0","0","0","0","0","0","0","0"
"0x71cecf7771c0","      FMUL R25, R6, R167","0","0","0","1764","56448","56448","32","32","0","0","-","-","-","0","0","0","0","0","0","0","0","0","0","0","0","0","0","0","0","0","0","0","0","0","0","0","0","0","0","0","0","0","0","0","0","0","0","0","0","0","0","0","0","0","0"
"0x71cecf7771d0","      FMUL R7, R7, R167","0","0","0","1764","56448","56448","32","32","0","0","-","-","-","0","0","0","0","0","0","0","0","0","0","0","0","0","0","0","0","0","0","0","0","0","0","0","0","0","0","0","0","0","0","0","0","0","0","0","0","0","0","0","0","0","0"
"0x71cecf7771e0","      FMNMX R16, R39, R166, !PT","0","0","0","1764","56448","56448","32","32","0","0","-","-","-","0","0","0","0","0","0","0","0","0","0","0","0","0","0","0","0","0","0","0","0","0","0","0","0","0","0","0","0","0","0","0","0","0","0","0","0","0","0","0","0","0","0"
"0x71cecf7771f0","      FMNMX R17, R17, R166, !PT","0","0","0","1764","56448","56448","32","32","0","0","-","-","-","0","0","0","0","0","0","0","0","0","0","0","0","0","0","0","0","0","0","0","0","0","0","0","0","0","0","0","0","0","0","0","0","0","0","0","0","0","0","0","0","0","0"
"0x71cecf777200","      FMNMX R18, R37, R166, !PT","0","0","0","1764","56448","56448","32","32","0","0","-","-","-","0","0","0","0","0","0","0","0","0","0","0","0","0","0","0","0","0","0","0","0","0","0","0","0","0","0","0","0","0","0","0","0","0","0","0","0","0","0","0","0","0","0"
"0x71cecf777210","      FMNMX R19, R19, R166, !PT","0","0","0","1764","56448","56448","32","32","0","0","-","-","-","0","0","0","0","0","0","0","0","0","0","0","0","0","0","0","0","0","0","0","0","0","0","0","0","0","0","0","0","0","0","0","0","0","0","0","0","0","0","0","0","0","0"
"0x71cecf777220","      FMNMX R12, R35, R166, !PT","0","0","0","1764","56448","56448","32","32","0","0","-","-","-","0","0","0","0","0","0","0","0","0","0","0","0","0","0","0","0","0","0","0","0","0","0","0","0","0","0","0","0","0","0","0","0","0","0","0","0","0","0","0","0","0","0"
"0x71cecf777230","      FMNMX R13, R13, R166, !PT","0","0","0","1764","56448","56448","32","32","0","0","-","-","-","0","0","0","0","0","0","0","0","0","0","0","0","0","0","0","0","0","0","0","0","0","0","0","0","0","0","0","0","0","0","0","0","0","0","0","0","0","0","0","0","0","0"
"0x71cecf777240","      FMNMX R14, R33, R166, !PT","0","0","0","1764","56448","56448","32","32","0","0","-","-","-","0","0","0","0","0","0","0","0","0","0","0","0","0","0","0","0","0","0","0","0","0","0","0","0","0","0","0","0","0","0","0","0","0","0","0","0","0","0","0","0","0","0"
"0x71cecf777250","      FMNMX R15, R15, R166, !PT","0","0","0","1764","56448","56448","32","32","0","0","-","-","-","0","0","0","0","0","0","0","0","0","0","0","0","0","0","0","0","0","0","0","0","0","0","0","0","0","0","0","0","0","0","0","0","0","0","0","0","0","0","0","0","0","0"
"0x71cecf777260","      FMNMX R8, R31, R166, !PT","0","0","0","1764","56448","56448","32","32","0","0","-","-","-","0","0","0","0","0","0","0","0","0","0","0","0","0","0","0","0","0","0","0","0","0","0","0","0","0","0","0","0","0","0","0","0","0","0","0","0","0","0","0","0","0","0"
"0x71cecf777270","      FMNMX R9, R9, R166, !PT","0","0","0","1764","56448","56448","32","32","0","0","-","-","-","0","0","0","0","0","0","0","0","0","0","0","0","0","0","0","0","0","0","0","0","0","0","0","0","0","0","0","0","0","0","0","0","0","0","0","0","0","0","0","0","0","0"
"0x71cecf777280","      FMNMX R10, R29, R166, !PT","0","0","0","1764","56448","56448","32","32","0","0","-","-","-","0","0","0","0","0","0","0","0","0","0","0","0","0","0","0","0","0","0","0","0","0","0","0","0","0","0","0","0","0","0","0","0","0","0","0","0","0","0","0","0","0","0"
"0x71cecf777290","      FMNMX R11, R11, R166, !PT","0","0","0","1764","56448","56448","32","32","0","0","-","-","-","0","0","0","0","0","0","0","0","0","0","0","0","0","0","0","0","0","0","0","0","0","0","0","0","0","0","0","0","0","0","0","0","0","0","0","0","0","0","0","0","0","0"
"0x71cecf7772a0","      FMNMX R4, R27, R166, !PT","0","0","0","1764","56448","56448","32","32","0","0","-","-","-","0","0","0","0","0","0","0","0","0","0","0","0","0","0","0","0","0","0","0","0","0","0","0","0","0","0","0","0","0","0","0","0","0","0","0","0","0","0","0","0","0","0"
"0x71cecf7772b0","      FMNMX R5, R5, R166, !PT","0","0","0","1764","56448","56448","32","32","0","0","-","-","-","0","0","0","0","0","0","0","0","0","0","0","0","0","0","0","0","0","0","0","0","0","0","0","0","0","0","0","0","0","0","0","0","0","0","0","0","0","0","0","0","0","0"
"0x71cecf7772c0","      FMNMX R6, R25, R166, !PT","0","0","0","1764","56448","56448","32","32","0","0","-","-","-","0","0","0","0","0","0","0","0","0","0","0","0","0","0","0","0","0","0","0","0","0","0","0","0","0","0","0","0","0","0","0","0","0","0","0","0","0","0","0","0","0","0"
"0x71cecf7772d0","      FMNMX R7, R7, R166, !PT","0","0","0","1764","56448","56448","32","32","0","0","-","-","-","0","0","0","0","0","0","0","0","0","0","0","0","0","0","0","0","0","0","0","0","0","0","0","0","0","0","0","0","0","0","0","0","0","0","0","0","0","0","0","0","0","0"
"0x71cecf7772e0","@P3   STG.E.128 [R20.64+UR6], R16","0","0","0","1764","56448","55104","32","31","1","0","Global","Store","128","6888","0","0","0","0","0","27552","27552","0","0","0","0","0","0","0","0","0","0","0","0","0","0","0","0","0","0","0","0","0","0","0","0","0","0","0","0","0","0","0","0","0","0"
"0x71cecf7772f0","@P2   STG.E.128 [R20.64+UR6+0x100], R12","0","0","0","1764","56448","53792","32","30","2","0","Global","Store","128","6724","0","0","0","0","0","26896","26896","0","0","0","0","0","0","0","0","0","0","0","0","0","0","0","0","0","0","0","0","0","0","0","0","0","0","0","0","0","0","0","0","0","0"
"0x71cecf777300","@P1   STG.E.128 [R22.64+UR8], R8","0","0","0","1764","56448","55104","32","31","1","0","Global","Store","128","6888","0","0","0","0","0","27552","27552","0","0","0","0","0","0","0","0","0","0","0","0","0","0","0","0","0","0","0","0","0","0","0","0","0","0","0","0","0","0","0","0","0","0"
"0x71cecf777310","@P0   STG.E.128 [R22.64+UR8+0x100], R4","0","0","0","1764","56448","53792","32","30","2","0","Global","Store","128","6724","0","0","0","0","0","26896","26896","0","0","0","0","0","0","0","0","0","0","0","0","0","0","0","0","0","0","0","0","0","0","0","0","0","0","0","0","0","0","0","0","0","0"
"0x71cecf777320","      BAR.SYNC.DEFER_BLOCKING 0x0","1","0","1","1764","56448","56448","32","32","0","0","-","-","-","0","0","0","0","0","0","0","0","0","0","0","0","0","0","0","0","0","0","0","0","1","0","0","0","0","0","0","0","0","0","0","0","0","0","0","0","0","0","0","0","0","0"
"0x71cecf777330","      IADD3 R21, PT, PT, R165, 0x28, RZ","2","2","2","1764","56448","56448","32","32","0","0","-","-","-","0","0","0","0","0","0","0","0","0","0","0","0","0","2","0","0","0","0","0","0","0","0","0","0","0","0","0","0","0","0","2","0","0","0","0","0","0","0","0","0","0","0"
"0x71cecf777340","      IADD3 R20, PT, PT, R165, 0x2a, RZ","0","0","0","1764","56448","56448","32","32","0","0","-","-","-","0","0","0","0","0","0","0","0","0","0","0","0","0","0","0","0","0","0","0","0","0","0","0","0","0","0","0","0","0","0","0","0","0","0","0","0","0","0","0","0","0","0"
"0x71cecf777350","      STS.64 [R164], R70","1","1","1","1764","56448","56448","32","32","0","0","Shared","Store","64","0","2","0","3528","3528","0","0","0","0","0","0","0","0","0","0","0","0","0","0","0","0","0","0","0","1","0","0","0","0","0","0","0","0","0","0","0","0","0","0","0","0","1"
"0x71cecf777360","      ISETP.GE.AND P1, PT, R21, UR4, PT","0","0","0","1764","56448","56448","32","32","0","0","-","-","-","0","0","0","0","0","0","0","0","0","0","0","0","0","0","0","0","0","0","0","0","0","0","0","0","0","0","0","0","0","0","0","0","0","0","0","0","0","0","0","0","0","0"
"0x71cecf777370","      ISETP.GE.AND P0, PT, R20, UR4, PT","0","0","0","1764","56448","56448","32","32","0","0","-","-","-","0","0","0","0","0","0","0","0","0","0","0","0","0","0","0","0","0","0","0","0","0","0","0","0","0","0","0","0","0","0","0","0","0","0","0","0","0","0","0","0","0","0"
"0x71cecf777380","      STS.64 [R164+0x20], R74","0","0","0","1764","56448","56448","32","32","0","0","Shared","Store","64","0","2","0","3528","3528","0","0","0","0","0","0","0","0","0","0","0","0","0","0","0","0","0","0","0","0","0","0","0","0","0","0","0","0","0","0","0","0","0","0","0","0","0"
"0x71cecf777390","      SEL R25, R2, RZ, !P1","0","0","0","1764","56448","56448","32","32","0","0","-","-","-","0","0","0","0","0","0","0","0","0","0","0","0","0","0","0","0","0","0","0","0","0","0","0","0","0","0","0","0","0","0","0","0","0","0","0","0","0","0","0","0","0","0"
"0x71cecf7773a0","      STS.64 [R164+0x40], R78","0","0","0","1764","56448","56448","32","32","0","0","Shared","Store","64","0","2","0","3528","3528","0","0","0","0","0","0","0","0","0","0","0","0","0","0","0","0","0","0","0","0","0","0","0","0","0","0","0","0","0","0","0","0","0","0","0","0","0"
"0x71cecf7773b0","      SEL R24, R3, RZ, !P1","0","0","0","1764","56448","56448","32","32","0","0","-","-","-","0","0","0","0","0","0","0","0","0","0","0","0","0","0","0","0","0","0","0","0","0","0","0","0","0","0","0","0","0","0","0","0","0","0","0","0","0","0","0","0","0","0"
"0x71cecf7773c0","      SEL R21, R2, RZ, !P0","1","0","1","1764","56448","56448","32","32","0","0","-","-","-","0","0","0","0","0","0","0","0","0","0","0","0","0","0","0","0","0","0","0","0","1","0","0","0","0","0","0","0","0","0","0","0","0","0","0","0","0","0","0","0","0","0"
"0x71cecf7773d0","      SEL R20, R3, RZ, !P0","0","0","0","1764","56448","56448","32","32","0","0","-","-","-","0","0","0","0","0","0","0","0","0","0","0","0","0","0","0","0","0","0","0","0","0","0","0","0","0","0","0","0","0","0","0","0","0","0","0","0","0","0","0","0","0","0"
"0x71cecf7773e0","      STS.64 [R164+0x60], R82","6","5","6","1764","56448","56448","32","32","0","0","Shared","Store","64","0","2","0","3528","3528","0","0","0","0","0","0","0","0","0","0","0","5","0","0","0","1","0","0","0","0","0","0","0","0","0","0","0","0","5","0","0","0","0","0","0","0","0"
"0x71cecf7773f0","      ISETP.NE.U32.AND P3, PT, R25, RZ, PT","0","0","0","1764","56448","56448","32","32","0","0","-","-","-","0","0","0","0","0","0","0","0","0","0","0","0","0","0","0","0","0","0","0","0","0","0","0","0","0","0","0","0","0","0","0","0","0","0","0","0","0","0","0","0","0","0"
"0x71cecf777400","      ISETP.NE.U32.AND P2, PT, R24, RZ, PT","0","0","0","1764","56448","56448","32","32","0","0","-","-","-","0","0","0","0","0","0","0","0","0","0","0","0","0","0","0","0","0","0","0","0","0","0","0","0","0","0","0","0","0","0","0","0","0","0","0","0","0","0","0","0","0","0"
"0x71cecf777410","      ISETP.NE.U32.AND P1, PT, R21, RZ, PT","0","0","0","1764","56448","56448","32","32","0","0","-","-","-","0","0","0","0","0","0","0","0","0","0","0","0","0","0","0","0","0","0","0","0","0","0","0","0","0","0","0","0","0","0","0","0","0","0","0","0","0","0","0","0","0","0"
"0x71cecf777420","      STS.64 [R164+0x80], R86","9","9","9","1764","56448","56448","32","32","0","0","Shared","Store","64","0","2","0","3528","3528","0","0","0","0","0","0","0","0","0","0","0","9","0","0","0","0","0","0","0","0","0","0","0","0","0","0","0","0","9","0","0","0","0","0","0","0","0"
"0x71cecf777430","      ISETP.NE.U32.AND P0, PT, R20, RZ, PT","0","0","0","1764","56448","56448","32","32","0","0","-","-","-","0","0","0","0","0","0","0","0","0","0","0","0","0","0","0","0","0","0","0","0","0","0","0","0","0","0","0","0","0","0","0","0","0","0","0","0","0","0","0","0","0","0"
"0x71cecf777440","      IADD.64 R20, R22, UR6","0","0","0","1764","56448","56448","32","32","0","0","-","-","-","0","0","0","0","0","0","0","0","0","0","0","0","0","0","0","0","0","0","0","0","0","0","0","0","0","0","0","0","0","0","0","0","0","0","0","0","0","0","0","0","0","0"
"0x71cecf777450","      STS.64 [R164+0xa0], R90","7","7","7","1764","56448","56448","32","32","0","0","Shared","Store","64","0","2","0","3528","3528","0","0","0","0","0","0","0","0","0","0","0","7","0","0","0","0","0","0","0","0","0","0","0","0","0","0","0","0","7","0","0","0","0","0","0","0","0"
"0x71cecf777460","      STS.64 [R164+0xc0], R94","9","9","9","1764","56448","56448","32","32","0","0","Shared","Store","64","0","2","0","3528","3528","0","0","0","0","0","0","0","0","0","0","0","9","0","0","0","0","0","0","0","0","0","0","0","0","0","0","0","0","9","0","0","0","0","0","0","0","0"
"0x71cecf777470","      STS.64 [R164+0xe0], R98","5","5","5","1764","56448","56448","32","32","0","0","Shared","Store","64","0","2","0","3528","3528","0","0","0","0","0","0","0","0","0","0","0","4","0","0","0","0","0","0","0","1","0","0","0","0","0","0","0","0","4","0","0","0","0","0","0","0","1"
"0x71cecf777480","      BAR.SYNC.DEFER_BLOCKING 0x0","0","0","0","1764","56448","56448","32","32","0","0","-","-","-","0","0","0","0","0","0","0","0","0","0","0","0","0","0","0","0","0","0","0","0","0","0","0","0","0","0","0","0","0","0","0","0","0","0","0","0","0","0","0","0","0","0"
"0x71cecf777490","      LDS.128 R16, [R148+UR5]","1","1","1","1764","56448","56448","32","32","0","0","Shared","Load","128","0","4","0","7056","7056","0","0","0","0","0","0","0","0","0","0","0","0","0","0","0","0","0","0","0","1","0","0","0","0","0","0","0","0","0","0","0","0","0","0","0","0","1"
"0x71cecf7774a0","      LDS.128 R12, [R148+UR5+0x100]","1","1","1","1764","56448","56448","32","32","0","0","Shared","Load","128","0","4","0","7056","7056","0","0","0","0","0","0","0","0","0","0","0","0","0","0","0","0","0","0","0","1","0","0","0","0","0","0","0","0","0","0","0","0","0","0","0","0","1"
"0x71cecf7774b0","      LDS.128 R8, [R148+UR5+0x440]","0","0","0","1764","56448","56448","32","32","0","0","Shared","Load","128","0","4","0","7056","7056","0","0","0","0","0","0","0","0","0","0","0","0","0","0","0","0","0","0","0","0","0","0","0","0","0","0","0","0","0","0","0","0","0","0","0","0","0"
"0x71cecf7774c0","      LDS.128 R4, [R148+UR5+0x540]","0","0","0","1764","56448","56448","32","32","0","0","Shared","Load","128","0","4","0","7056","7056","0","0","0","0","0","0","0","0","0","0","0","0","0","0","0","0","0","0","0","0","0","0","0","0","0","0","0","0","0","0","0","0","0","0","0","0","0"
"0x71cecf7774d0","      FMUL R39, R16, R167","9","9","9","1764","56448","56448","32","32","0","0","-","-","-","0","0","0","0","0","0","0","0","0","0","0","0","0","0","0","0","0","0","0","0","0","9","0","0","0","0","0","0","0","0","0","0","0","0","0","0","0","0","9","0","0","0"
"0x71cecf7774e0","      FMUL R17, R17, R167","0","0","0","1764","56448","56448","32","32","0","0","-","-","-","0","0","0","0","0","0","0","0","0","0","0","0","0","0","0","0","0","0","0","0","0","0","0","0","0","0","0","0","0","0","0","0","0","0","0","0","0","0","0","0","0","0"
"0x71cecf7774f0","      FMUL R37, R18, R167","0","0","0","1764","56448","56448","32","32","0","0","-","-","-","0","0","0","0","0","0","0","0","0","0","0","0","0","0","0","0","0","0","0","0","0","0","0","0","0","0","0","0","0","0","0","0","0","0","0","0","0","0","0","0","0","0"
"0x71cecf777500","      FMUL R19, R19, R167","0","0","0","1764","56448","56448","32","32","0","0","-","-","-","0","0","0","0","0","0","0","0","0","0","0","0","0","0","0","0","0","0","0","0","0","0","0","0","0","0","0","0","0","0","0","0","0","0","0","0","0","0","0","0","0","0"
"0x71cecf777510","      FMUL R35, R12, R167","1","1","1","1764","56448","56448","32","32","0","0","-","-","-","0","0","0","0","0","0","0","0","0","0","0","0","0","0","0","0","0","0","0","0","0","1","0","0","0","0","0","0","0","0","0","0","0","0","0","0","0","0","1","0","0","0"
"0x71cecf777520","      FMUL R13, R13, R167","0","0","0","1764","56448","56448","32","32","0","0","-","-","-","0","0","0","0","0","0","0","0","0","0","0","0","0","0","0","0","0","0","0","0","0","0","0","0","0","0","0","0","0","0","0","0","0","0","0","0","0","0","0","0","0","0"
"0x71cecf777530","      FMUL R33, R14, R167","0","0","0","1764","56448","56448","32","32","0","0","-","-","-","0","0","0","0","0","0","0","0","0","0","0","0","0","0","0","0","0","0","0","0","0","0","0","0","0","0","0","0","0","0","0","0","0","0","0","0","0","0","0","0","0","0"
"0x71cecf777540","      FMUL R15, R15, R167","1","0","1","1764","56448","56448","32","32","0","0","-","-","-","0","0","0","0","0","0","0","0","0","0","0","0","0","0","0","0","0","0","0","0","1","0","0","0","0","0","0","0","0","0","0","0","0","0","0","0","0","0","0","0","0","0"
"0x71cecf777550","      FMUL R31, R8, R167","3","3","3","1764","56448","56448","32","32","0","0","-","-","-","0","0","0","0","0","0","0","0","0","0","0","0","0","0","0","0","0","0","0","0","0","3","0","0","0","0","0","0","0","0","0","0","0","0","0","0","0","0","3","0","0","0"
"0x71cecf777560","      FMUL R9, R9, R167","0","0","0","1764","56448","56448","32","32","0","0","-","-","-","0","0","0","0","0","0","0","0","0","0","0","0","0","0","0","0","0","0","0","0","0","0","0","0","0","0","0","0","0","0","0","0","0","0","0","0","0","0","0","0","0","0"
"0x71cecf777570","      FMUL R29, R10, R167","1","0","1","1764","56448","56448","32","32","0","0","-","-","-","0","0","0","0","0","0","0","0","0","0","0","0","0","0","0","0","0","0","0","0","1","0","0","0","0","0","0","0","0","0","0","0","0","0","0","0","0","0","0","0","0","0"
"0x71cecf777580","      FMUL R11, R11, R167","0","0","0","1764","56448","56448","32","32","0","0","-","-","-","0","0","0","0","0","0","0","0","0","0","0","0","0","0","0","0","0","0","0","0","0","0","0","0","0","0","0","0","0","0","0","0","0","0","0","0","0","0","0","0","0","0"
"0x71cecf777590","      FMUL R27, R4, R167","1","1","1","1764","56448","56448","32","32","0","0","-","-","-","0","0","0","0","0","0","0","0","0","0","0","0","0","0","0","0","0","0","0","0","0","1","0","0","0","0","0","0","0","0","0","0","0","0","0","0","0","0","1","0","0","0"
"0x71cecf7775a0","      FMUL R5, R5, R167","0","0","0","1764","56448","56448","32","32","0","0","-","-","-","0","0","0","0","0","0","0","0","0","0","0","0","0","0","0","0","0","0","0","0","0","0","0","0","0","0","0","0","0","0","0","0","0","0","0","0","0","0","0","0","0","0"
"0x71cecf7775b0","      FMUL R25, R6, R167","0","0","0","1764","56448","56448","32","32","0","0","-","-","-","0","0","0","0","0","0","0","0","0","0","0","0","0","0","0","0","0","0","0","0","0","0","0","0","0","0","0","0","0","0","0","0","0","0","0","0","0","0","0","0","0","0"
"0x71cecf7775c0","      FMUL R7, R7, R167","0","0","0","1764","56448","56448","32","32","0","0","-","-","-","0","0","0","0","0","0","0","0","0","0","0","0","0","0","0","0","0","0","0","0","0","0","0","0","0","0","0","0","0","0","0","0","0","0","0","0","0","0","0","0","0","0"
"0x71cecf7775d0","      FMNMX R16, R39, R166, !PT","0","0","0","1764","56448","56448","32","32","0","0","-","-","-","0","0","0","0","0","0","0","0","0","0","0","0","0","0","0","0","0","0","0","0","0","0","0","0","0","0","0","0","0","0","0","0","0","0","0","0","0","0","0","0","0","0"
"0x71cecf7775e0","      FMNMX R17, R17, R166, !PT","1","0","1","1764","56448","56448","32","32","0","0","-","-","-","0","0","0","0","0","0","0","0","0","0","0","0","0","0","0","0","0","0","0","0","1","0","0","0","0","0","0","0","0","0","0","0","0","0","0","0","0","0","0","0","0","0"
"0x71cecf7775f0","      FMNMX R18, R37, R166, !PT","0","0","0","1764","56448","56448","32","32","0","0","-","-","-","0","0","0","0","0","0","0","0","0","0","0","0","0","0","0","0","0","0","0","0","0","0","0","0","0","0","0","0","0","0","0","0","0","0","0","0","0","0","0","0","0","0"
"0x71cecf777600","      FMNMX R19, R19, R166, !PT","0","0","0","1764","56448","56448","32","32","0","0","-","-","-","0","0","0","0","0","0","0","0","0","0","0","0","0","0","0","0","0","0","0","0","0","0","0","0","0","0","0","0","0","0","0","0","0","0","0","0","0","0","0","0","0","0"
"0x71cecf777610","      FMNMX R12, R35, R166, !PT","0","0","0","1764","56448","56448","32","32","0","0","-","-","-","0","0","0","0","0","0","0","0","0","0","0","0","0","0","0","0","0","0","0","0","0","0","0","0","0","0","0","0","0","0","0","0","0","0","0","0","0","0","0","0","0","0"
"0x71cecf777620","      FMNMX R13, R13, R166, !PT","0","0","0","1764","56448","56448","32","32","0","0","-","-","-","0","0","0","0","0","0","0","0","0","0","0","0","0","0","0","0","0","0","0","0","0","0","0","0","0","0","0","0","0","0","0","0","0","0","0","0","0","0","0","0","0","0"
"0x71cecf777630","      FMNMX R14, R33, R166, !PT","0","0","0","1764","56448","56448","32","32","0","0","-","-","-","0","0","0","0","0","0","0","0","0","0","0","0","0","0","0","0","0","0","0","0","0","0","0","0","0","0","0","0","0","0","0","0","0","0","0","0","0","0","0","0","0","0"
"0x71cecf777640","      FMNMX R15, R15, R166, !PT","0","0","0","1764","56448","56448","32","32","0","0","-","-","-","0","0","0","0","0","0","0","0","0","0","0","0","0","0","0","0","0","0","0","0","0","0","0","0","0","0","0","0","0","0","0","0","0","0","0","0","0","0","0","0","0","0"
"0x71cecf777650","      FMNMX R8, R31, R166, !PT","0","0","0","1764","56448","56448","32","32","0","0","-","-","-","0","0","0","0","0","0","0","0","0","0","0","0","0","0","0","0","0","0","0","0","0","0","0","0","0","0","0","0","0","0","0","0","0","0","0","0","0","0","0","0","0","0"
"0x71cecf777660","      FMNMX R9, R9, R166, !PT","0","0","0","1764","56448","56448","32","32","0","0","-","-","-","0","0","0","0","0","0","0","0","0","0","0","0","0","0","0","0","0","0","0","0","0","0","0","0","0","0","0","0","0","0","0","0","0","0","0","0","0","0","0","0","0","0"
"0x71cecf777670","      FMNMX R10, R29, R166, !PT","0","0","0","1764","56448","56448","32","32","0","0","-","-","-","0","0","0","0","0","0","0","0","0","0","0","0","0","0","0","0","0","0","0","0","0","0","0","0","0","0","0","0","0","0","0","0","0","0","0","0","0","0","0","0","0","0"
"0x71cecf777680","      FMNMX R11, R11, R166, !PT","0","0","0","1764","56448","56448","32","32","0","0","-","-","-","0","0","0","0","0","0","0","0","0","0","0","0","0","0","0","0","0","0","0","0","0","0","0","0","0","0","0","0","0","0","0","0","0","0","0","0","0","0","0","0","0","0"
"0x71cecf777690","      FMNMX R4, R27, R166, !PT","0","0","0","1764","56448","56448","32","32","0","0","-","-","-","0","0","0","0","0","0","0","0","0","0","0","0","0","0","0","0","0","0","0","0","0","0","0","0","0","0","0","0","0","0","0","0","0","0","0","0","0","0","0","0","0","0"
"0x71cecf7776a0","      FMNMX R5, R5, R166, !PT","1","0","1","1764","56448","56448","32","32","0","0","-","-","-","0","0","0","0","0","0","0","0","0","0","0","0","0","0","0","0","0","0","0","0","1","0","0","0","0","0","0","0","0","0","0","0","0","0","0","0","0","0","0","0","0","0"
"0x71cecf7776b0","      FMNMX R6, R25, R166, !PT","0","0","0","1764","56448","56448","32","32","0","0","-","-","-","0","0","0","0","0","0","0","0","0","0","0","0","0","0","0","0","0","0","0","0","0","0","0","0","0","0","0","0","0","0","0","0","0","0","0","0","0","0","0","0","0","0"
"0x71cecf7776c0","      FMNMX R7, R7, R166, !PT","0","0","0","1764","56448","56448","32","32","0","0","-","-","-","0","0","0","0","0","0","0","0","0","0","0","0","0","0","0","0","0","0","0","0","0","0","0","0","0","0","0","0","0","0","0","0","0","0","0","0","0","0","0","0","0","0"
"0x71cecf7776d0","@P3   STG.E.128 [R22.64+UR6], R16","0","0","0","1764","56448","55104","32","31","1","0","Global","Store","128","6888","0","0","0","0","0","27552","27552","0","0","0","0","0","0","0","0","0","0","0","0","0","0","0","0","0","0","0","0","0","0","0","0","0","0","0","0","0","0","0","0","0","0"
"0x71cecf7776e0","@P2   STG.E.128 [R22.64+UR6+0x100], R12","0","0","0","1764","56448","53792","32","30","2","0","Global","Store","128","6724","0","0","0","0","0","26896","26896","0","0","0","0","0","0","0","0","0","0","0","0","0","0","0","0","0","0","0","0","0","0","0","0","0","0","0","0","0","0","0","0","0","0"
"0x71cecf7776f0","@P1   STG.E.128 [R20.64+UR8], R8","2","2","2","1764","56448","55104","32","31","1","0","Global","Store","128","6888","0","0","0","0","0","27552","27552","0","0","0","0","0","0","0","0","0","0","0","0","0","0","0","0","2","0","0","0","0","0","0","0","0","0","0","0","0","0","0","0","0","2"
"0x71cecf777700","@P0   STG.E.128 [R20.64+UR8+0x100], R4","2","2","2","1764","56448","53792","32","30","2","0","Global","Store","128","6724","0","0","0","0","0","26896","26896","0","0","0","0","0","0","0","0","0","0","0","0","0","0","0","0","2","0","0","0","0","0","0","0","0","0","0","0","0","0","0","0","0","2"
"0x71cecf777710","      BAR.SYNC.DEFER_BLOCKING 0x0","0","0","0","1764","56448","56448","32","32","0","0","-","-","-","0","0","0","0","0","0","0","0","0","0","0","0","0","0","0","0","0","0","0","0","0","0","0","0","0","0","0","0","0","0","0","0","0","0","0","0","0","0","0","0","0","0"
"0x71cecf777720","      IADD3 R23, PT, PT, R165, 0x30, RZ","6","6","6","1764","56448","56448","32","32","0","0","-","-","-","0","0","0","0","0","0","0","0","0","0","0","0","0","6","0","0","0","0","0","0","0","0","0","0","0","0","0","0","0","0","6","0","0","0","0","0","0","0","0","0","0","0"
"0x71cecf777730","      IADD3 R22, PT, PT, R165, 0x32, RZ","0","0","0","1764","56448","56448","32","32","0","0","-","-","-","0","0","0","0","0","0","0","0","0","0","0","0","0","0","0","0","0","0","0","0","0","0","0","0","0","0","0","0","0","0","0","0","0","0","0","0","0","0","0","0","0","0"
"0x71cecf777740","      STS.64 [R164], R128","1","1","1","1764","56448","56448","32","32","0","0","Shared","Store","64","0","2","0","3528","3528","0","0","0","0","0","0","0","0","0","0","0","0","0","0","0","0","0","0","0","1","0","0","0","0","0","0","0","0","0","0","0","0","0","0","0","0","1"
"0x71cecf777750","      ISETP.GE.AND P1, PT, R23, UR4, PT","0","0","0","1764","56448","56448","32","32","0","0","-","-","-","0","0","0","0","0","0","0","0","0","0","0","0","0","0","0","0","0","0","0","0","0","0","0","0","0","0","0","0","0","0","0","0","0","0","0","0","0","0","0","0","0","0"
"0x71cecf777760","      ISETP.GE.AND P0, PT, R22, UR4, PT","0","0","0","1764","56448","56448","32","32","0","0","-","-","-","0","0","0","0","0","0","0","0","0","0","0","0","0","0","0","0","0","0","0","0","0","0","0","0","0","0","0","0","0","0","0","0","0","0","0","0","0","0","0","0","0","0"
"0x71cecf777770","      STS.64 [R164+0x20], R124","0","0","0","1764","56448","56448","32","32","0","0","Shared","Store","64","0","2","0","3528","3528","0","0","0","0","0","0","0","0","0","0","0","0","0","0","0","0","0","0","0","0","0","0","0","0","0","0","0","0","0","0","0","0","0","0","0","0","0"
"0x71cecf777780","      SEL R25, R2, RZ, !P1","0","0","0","1764","56448","56448","32","32","0","0","-","-","-","0","0","0","0","0","0","0","0","0","0","0","0","0","0","0","0","0","0","0","0","0","0","0","0","0","0","0","0","0","0","0","0","0","0","0","0","0","0","0","0","0","0"
"0x71cecf777790","      STS.64 [R164+0x40], R120","0","0","0","1764","56448","56448","32","32","0","0","Shared","Store","64","0","2","0","3528","3528","0","0","0","0","0","0","0","0","0","0","0","0","0","0","0","0","0","0","0","0","0","0","0","0","0","0","0","0","0","0","0","0","0","0","0","0","0"
"0x71cecf7777a0","      SEL R24, R3, RZ, !P1","0","0","0","1764","56448","56448","32","32","0","0","-","-","-","0","0","0","0","0","0","0","0","0","0","0","0","0","0","0","0","0","0","0","0","0","0","0","0","0","0","0","0","0","0","0","0","0","0","0","0","0","0","0","0","0","0"
"0x71cecf7777b0","      SEL R23, R2, RZ, !P0","0","0","0","1764","56448","56448","32","32","0","0","-","-","-","0","0","0","0","0","0","0","0","0","0","0","0","0","0","0","0","0","0","0","0","0","0","0","0","0","0","0","0","0","0","0","0","0","0","0","0","0","0","0","0","0","0"
"0x71cecf7777c0","      SEL R22, R3, RZ, !P0","0","0","0","1764","56448","56448","32","32","0","0","-","-","-","0","0","0","0","0","0","0","0","0","0","0","0","0","0","0","0","0","0","0","0","0","0","0","0","0","0","0","0","0","0","0","0","0","0","0","0","0","0","0","0","0","0"
"0x71cecf7777d0","      STS.64 [R164+0x60], R116","8","8","8","1764","56448","56448","32","32","0","0","Shared","Store","64","0","2","0","3528","3528","0","0","0","0","0","0","0","0","0","0","0","8","0","0","0","0","0","0","0","0","0","0","0","0","0","0","0","0","8","0","0","0","0","0","0","0","0"
"0x71cecf7777e0","      ISETP.NE.U32.AND P3, PT, R25, RZ, PT","0","0","0","1764","56448","56448","32","32","0","0","-","-","-","0","0","0","0","0","0","0","0","0","0","0","0","0","0","0","0","0","0","0","0","0","0","0","0","0","0","0","0","0","0","0","0","0","0","0","0","0","0","0","0","0","0"
"0x71cecf7777f0","      ISETP.NE.U32.AND P2, PT, R24, RZ, PT","0","0","0","1764","56448","56448","32","32","0","0","-","-","-","0","0","0","0","0","0","0","0","0","0","0","0","0","0","0","0","0","0","0","0","0","0","0","0","0","0","0","0","0","0","0","0","0","0","0","0","0","0","0","0","0","0"
"0x71cecf777800","      ISETP.NE.U32.AND P1, PT, R23, RZ, PT","0","0","0","1764","56448","56448","32","32","0","0","-","-","-","0","0","0","0","0","0","0","0","0","0","0","0","0","0","0","0","0","0","0","0","0","0","0","0","0","0","0","0","0","0","0","0","0","0","0","0","0","0","0","0","0","0"
"0x71cecf777810","      STS.64 [R164+0x80], R112","21","21","21","1764","56448","56448","32","32","0","0","Shared","Store","64","0","2","0","3528","3528","0","0","0","0","0","0","0","0","0","0","0","21","0","0","0","0","0","0","0","0","0","0","0","0","0","0","0","0","21","0","0","0","0","0","0","0","0"
"0x71cecf777820","      ISETP.NE.U32.AND P0, PT, R22, RZ, PT","1","0","1","1764","56448","56448","32","32","0","0","-","-","-","0","0","0","0","0","0","0","0","0","0","0","0","0","0","0","0","0","0","0","0","1","0","0","0","0","0","0","0","0","0","0","0","0","0","0","0","0","0","0","0","0","0"
"0x71cecf777830","      IADD.64 R22, R20, UR6","0","0","0","1764","56448","56448","32","32","0","0","-","-","-","0","0","0","0","0","0","0","0","0","0","0","0","0","0","0","0","0","0","0","0","0","0","0","0","0","0","0","0","0","0","0","0","0","0","0","0","0","0","0","0","0","0"
"0x71cecf777840","      STS.64 [R164+0xa0], R108","17","17","17","1764","56448","56448","32","32","0","0","Shared","Store","64","0","2","0","3528","3528","0","0","0","0","0","0","0","0","0","0","0","17","0","0","0","0","0","0","0","0","0","0","0","0","0","0","0","0","17","0","0","0","0","0","0","0","0"
"0x71cecf777850","      STS.64 [R164+0xc0], R104","14","14","14","1764","56448","56448","32","32","0","0","Shared","Store","64","0","2","0","3528","3528","0","0","0","0","0","0","0","0","0","0","0","13","0","0","0","0","0","0","0","1","0","0","0","0","0","0","0","0","13","0","0","0","0","0","0","0","1"
"0x71cecf777860","      STS.64 [R164+0xe0], R100","5","5","5","1764","56448","56448","32","32","0","0","Shared","Store","64","0","2","0","3528","3528","0","0","0","0","0","0","0","0","0","0","0","4","0","0","0","0","0","0","0","1","0","0","0","0","0","0","0","0","4","0","0","0","0","0","0","0","1"
"0x71cecf777870","      BAR.SYNC.DEFER_BLOCKING 0x0","0","0","0","1764","56448","56448","32","32","0","0","-","-","-","0","0","0","0","0","0","0","0","0","0","0","0","0","0","0","0","0","0","0","0","0","0","0","0","0","0","0","0","0","0","0","0","0","0","0","0","0","0","0","0","0","0"
"0x71cecf777880","      LDS.128 R16, [R148+UR5]","3","3","3","1764","56448","56448","32","32","0","0","Shared","Load","128","0","4","0","7056","7056","0","0","0","2","0","0","0","0","0","0","0","0","0","0","0","0","0","0","0","1","2","0","0","0","0","0","0","0","0","0","0","0","0","0","0","0","1"
"0x71cecf777890","      LDS.128 R12, [R148+UR5+0x100]","1","1","1","1764","56448","56448","32","32","0","0","Shared","Load","128","0","4","0","7056","7056","0","0","0","0","0","0","0","0","0","0","0","0","0","0","0","0","0","0","0","1","0","0","0","0","0","0","0","0","0","0","0","0","0","0","0","0","1"
"0x71cecf7778a0","      LDS.128 R8, [R148+UR5+0x440]","0","0","0","1764","56448","56448","32","32","0","0","Shared","Load","128","0","4","0","7056","7056","0","0","0","0","0","0","0","0","0","0","0","0","0","0","0","0","0","0","0","0","0","0","0","0","0","0","0","0","0","0","0","0","0","0","0","0","0"
"0x71cecf7778b0","      LDS.128 R4, [R148+UR5+0x540]","1","0","1","1764","56448","56448","32","32","0","0","Shared","Load","128","0","4","0","7056","7056","0","0","0","0","0","0","0","0","0","0","0","0","0","0","0","1","0","0","0","0","0","0","0","0","0","0","0","0","0","0","0","0","0","0","0","0","0"
"0x71cecf7778c0","      FMUL R39, R16, R167","8","8","8","1764","56448","56448","32","32","0","0","-","-","-","0","0","0","0","0","0","0","0","0","0","0","0","0","0","0","0","0","0","0","0","0","8","0","0","0","0","0","0","0","0","0","0","0","0","0","0","0","0","8","0","0","0"
"0x71cecf7778d0","      FMUL R17, R17, R167","0","0","0","1764","56448","56448","32","32","0","0","-","-","-","0","0","0","0","0","0","0","0","0","0","0","0","0","0","0","0","0","0","0","0","0","0","0","0","0","0","0","0","0","0","0","0","0","0","0","0","0","0","0","0","0","0"
"0x71cecf7778e0","      FMUL R37, R18, R167","0","0","0","1764","56448","56448","32","32","0","0","-","-","-","0","0","0","0","0","0","0","0","0","0","0","0","0","0","0","0","0","0","0","0","0","0","0","0","0","0","0","0","0","0","0","0","0","0","0","0","0","0","0","0","0","0"
"0x71cecf7778f0","      FMUL R19, R19, R167","0","0","0","1764","56448","56448","32","32","0","0","-","-","-","0","0","0","0","0","0","0","0","0","0","0","0","0","0","0","0","0","0","0","0","0","0","0","0","0","0","0","0","0","0","0","0","0","0","0","0","0","0","0","0","0","0"
"0x71cecf777900","      FMUL R35, R12, R167","2","2","2","1764","56448","56448","32","32","0","0","-","-","-","0","0","0","0","0","0","0","0","0","0","0","0","0","0","0","0","0","0","0","0","0","2","0","0","0","0","0","0","0","0","0","0","0","0","0","0","0","0","2","0","0","0"
"0x71cecf777910","      FMUL R13, R13, R167","0","0","0","1764","56448","56448","32","32","0","0","-","-","-","0","0","0","0","0","0","0","0","0","0","0","0","0","0","0","0","0","0","0","0","0","0","0","0","0","0","0","0","0","0","0","0","0","0","0","0","0","0","0","0","0","0"
"0x71cecf777920","      FMUL R33, R14, R167","1","0","1","1764","56448","56448","32","32","0","0","-","-","-","0","0","0","0","0","0","0","0","0","0","0","0","0","0","0","0","0","0","0","0","1","0","0","0","0","0","0","0","0","0","0","0","0","0","0","0","0","0","0","0","0","0"
"0x71cecf777930","      FMUL R15, R15, R167","0","0","0","1764","56448","56448","32","32","0","0","-","-","-","0","0","0","0","0","0","0","0","0","0","0","0","0","0","0","0","0","0","0","0","0","0","0","0","0","0","0","0","0","0","0","0","0","0","0","0","0","0","0","0","0","0"
"0x71cecf777940","      FMUL R31, R8, R167","2","2","2","1764","56448","56448","32","32","0","0","-","-","-","0","0","0","0","0","0","0","0","0","0","0","0","0","0","0","0","0","0","0","0","0","2","0","0","0","0","0","0","0","0","0","0","0","0","0","0","0","0","2","0","0","0"
"0x71cecf777950","      FMUL R9, R9, R167","0","0","0","1764","56448","56448","32","32","0","0","-","-","-","0","0","0","0","0","0","0","0","0","0","0","0","0","0","0","0","0","0","0","0","0","0","0","0","0","0","0","0","0","0","0","0","0","0","0","0","0","0","0","0","0","0"
"0x71cecf777960","      FMUL R29, R10, R167","0","0","0","1764","56448","56448","32","32","0","0","-","-","-","0","0","0","0","0","0","0","0","0","0","0","0","0","0","0","0","0","0","0","0","0","0","0","0","0","0","0","0","0","0","0","0","0","0","0","0","0","0","0","0","0","0"
"0x71cecf777970","      FMUL R11, R11, R167","0","0","0","1764","56448","56448","32","32","0","0","-","-","-","0","0","0","0","0","0","0","0","0","0","0","0","0","0","0","0","0","0","0","0","0","0","0","0","0","0","0","0","0","0","0","0","0","0","0","0","0","0","0","0","0","0"
"0x71cecf777980","      FMUL R27, R4, R167","0","0","0","1764","56448","56448","32","32","0","0","-","-","-","0","0","0","0","0","0","0","0","0","0","0","0","0","0","0","0","0","0","0","0","0","0","0","0","0","0","0","0","0","0","0","0","0","0","0","0","0","0","0","0","0","0"
"0x71cecf777990","      FMUL R5, R5, R167","0","0","0","1764","56448","56448","32","32","0","0","-","-","-","0","0","0","0","0","0","0","0","0","0","0","0","0","0","0","0","0","0","0","0","0","0","0","0","0","0","0","0","0","0","0","0","0","0","0","0","0","0","0","0","0","0"
"0x71cecf7779a0","      FMUL R25, R6, R167","1","0","1","1764","56448","56448","32","32","0","0","-","-","-","0","0","0","0","0","0","0","0","0","0","0","0","0","0","0","0","0","0","0","0","1","0","0","0","0","0","0","0","0","0","0","0","0","0","0","0","0","0","0","0","0","0"
"0x71cecf7779b0","      FMUL R7, R7, R167","0","0","0","1764","56448","56448","32","32","0","0","-","-","-","0","0","0","0","0","0","0","0","0","0","0","0","0","0","0","0","0","0","0","0","0","0","0","0","0","0","0","0","0","0","0","0","0","0","0","0","0","0","0","0","0","0"
"0x71cecf7779c0","      FMNMX R16, R39, R166, !PT","0","0","0","1764","56448","56448","32","32","0","0","-","-","-","0","0","0","0","0","0","0","0","0","0","0","0","0","0","0","0","0","0","0","0","0","0","0","0","0","0","0","0","0","0","0","0","0","0","0","0","0","0","0","0","0","0"
"0x71cecf7779d0","      FMNMX R17, R17, R166, !PT","0","0","0","1764","56448","56448","32","32","0","0","-","-","-","0","0","0","0","0","0","0","0","0","0","0","0","0","0","0","0","0","0","0","0","0","0","0","0","0","0","0","0","0","0","0","0","0","0","0","0","0","0","0","0","0","0"
"0x71cecf7779e0","      FMNMX R18, R37, R166, !PT","0","0","0","1764","56448","56448","32","32","0","0","-","-","-","0","0","0","0","0","0","0","0","0","0","0","0","0","0","0","0","0","0","0","0","0","0","0","0","0","0","0","0","0","0","0","0","0","0","0","0","0","0","0","0","0","0"
"0x71cecf7779f0","      FMNMX R19, R19, R166, !PT","0","0","0","1764","56448","56448","32","32","0","0","-","-","-","0","0","0","0","0","0","0","0","0","0","0","0","0","0","0","0","0","0","0","0","0","0","0","0","0","0","0","0","0","0","0","0","0","0","0","0","0","0","0","0","0","0"
"0x71cecf777a00","      FMNMX R12, R35, R166, !PT","0","0","0","1764","56448","56448","32","32","0","0","-","-","-","0","0","0","0","0","0","0","0","0","0","0","0","0","0","0","0","0","0","0","0","0","0","0","0","0","0","0","0","0","0","0","0","0","0","0","0","0","0","0","0","0","0"
"0x71cecf777a10","      FMNMX R13, R13, R166, !PT","0","0","0","1764","56448","56448","32","32","0","0","-","-","-","0","0","0","0","0","0","0","0","0","0","0","0","0","0","0","0","0","0","0","0","0","0","0","0","0","0","0","0","0","0","0","0","0","0","0","0","0","0","0","0","0","0"
"0x71cecf777a20","      FMNMX R14, R33, R166, !PT","0","0","0","1764","56448","56448","32","32","0","0","-","-","-","0","0","0","0","0","0","0","0","0","0","0","0","0","0","0","0","0","0","0","0","0","0","0","0","0","0","0","0","0","0","0","0","0","0","0","0","0","0","0","0","0","0"
"0x71cecf777a30","      FMNMX R15, R15, R166, !PT","0","0","0","1764","56448","56448","32","32","0","0","-","-","-","0","0","0","0","0","0","0","0","0","0","0","0","0","0","0","0","0","0","0","0","0","0","0","0","0","0","0","0","0","0","0","0","0","0","0","0","0","0","0","0","0","0"
"0x71cecf777a40","      FMNMX R8, R31, R166, !PT","1","0","1","1764","56448","56448","32","32","0","0","-","-","-","0","0","0","0","0","0","0","0","0","0","0","0","0","0","0","0","0","0","0","0","1","0","0","0","0","0","0","0","0","0","0","0","0","0","0","0","0","0","0","0","0","0"
"0x71cecf777a50","      FMNMX R9, R9, R166, !PT","0","0","0","1764","56448","56448","32","32","0","0","-","-","-","0","0","0","0","0","0","0","0","0","0","0","0","0","0","0","0","0","0","0","0","0","0","0","0","0","0","0","0","0","0","0","0","0","0","0","0","0","0","0","0","0","0"
"0x71cecf777a60","      FMNMX R10, R29, R166, !PT","0","0","0","1764","56448","56448","32","32","0","0","-","-","-","0","0","0","0","0","0","0","0","0","0","0","0","0","0","0","0","0","0","0","0","0","0","0","0","0","0","0","0","0","0","0","0","0","0","0","0","0","0","0","0","0","0"
"0x71cecf777a70","      FMNMX R11, R11, R166, !PT","0","0","0","1764","56448","56448","32","32","0","0","-","-","-","0","0","0","0","0","0","0","0","0","0","0","0","0","0","0","0","0","0","0","0","0","0","0","0","0","0","0","0","0","0","0","0","0","0","0","0","0","0","0","0","0","0"
"0x71cecf777a80","      FMNMX R4, R27, R166, !PT","1","0","1","1764","56448","56448","32","32","0","0","-","-","-","0","0","0","0","0","0","0","0","0","0","0","0","0","0","0","0","0","0","0","0","1","0","0","0","0","0","0","0","0","0","0","0","0","0","0","0","0","0","0","0","0","0"
"0x71cecf777a90","      FMNMX R5, R5, R166, !PT","0","0","0","1764","56448","56448","32","32","0","0","-","-","-","0","0","0","0","0","0","0","0","0","0","0","0","0","0","0","0","0","0","0","0","0","0","0","0","0","0","0","0","0","0","0","0","0","0","0","0","0","0","0","0","0","0"
"0x71cecf777aa0","      FMNMX R6, R25, R166, !PT","0","0","0","1764","56448","56448","32","32","0","0","-","-","-","0","0","0","0","0","0","0","0","0","0","0","0","0","0","0","0","0","0","0","0","0","0","0","0","0","0","0","0","0","0","0","0","0","0","0","0","0","0","0","0","0","0"
"0x71cecf777ab0","      FMNMX R7, R7, R166, !PT","0","0","0","1764","56448","56448","32","32","0","0","-","-","-","0","0","0","0","0","0","0","0","0","0","0","0","0","0","0","0","0","0","0","0","0","0","0","0","0","0","0","0","0","0","0","0","0","0","0","0","0","0","0","0","0","0"
"0x71cecf777ac0","@P3   STG.E.128 [R20.64+UR6], R16","0","0","0","1764","56448","55104","32","31","1","0","Global","Store","128","6888","0","0","0","0","0","27552","27552","0","0","0","0","0","0","0","0","0","0","0","0","0","0","0","0","0","0","0","0","0","0","0","0","0","0","0","0","0","0","0","0","0","0"
"0x71cecf777ad0","      IADD.64 R36, R22, UR6","0","0","0","1764","56448","56448","32","32","0","0","-","-","-","0","0","0","0","0","0","0","0","0","0","0","0","0","0","0","0","0","0","0","0","0","0","0","0","0","0","0","0","0","0","0","0","0","0","0","0","0","0","0","0","0","0"
"0x71cecf777ae0","@P2   STG.E.128 [R20.64+UR6+0x100], R12","1","1","1","1764","56448","53792","32","30","2","0","Global","Store","128","6724","0","0","0","0","0","26896","26896","0","0","0","0","0","0","0","0","0","0","0","0","0","0","0","0","1","0","0","0","0","0","0","0","0","0","0","0","0","0","0","0","0","1"
"0x71cecf777af0","@P1   STG.E.128 [R22.64+UR8], R8","1","1","1","1764","56448","55104","32","31","1","0","Global","Store","128","6888","0","0","0","0","0","27552","27552","0","0","0","0","0","0","0","0","0","0","0","0","0","0","0","0","1","0","0","0","0","0","0","0","0","0","0","0","0","0","0","0","0","1"
"0x71cecf777b00","@P0   STG.E.128 [R22.64+UR8+0x100], R4","0","0","0","1764","56448","53792","32","30","2","0","Global","Store","128","6724","0","0","0","0","0","26896","26896","0","0","0","0","0","0","0","0","0","0","0","0","0","0","0","0","0","0","0","0","0","0","0","0","0","0","0","0","0","0","0","0","0","0"
"0x71cecf777b10","      BAR.SYNC.DEFER_BLOCKING 0x0","0","0","0","1764","56448","56448","32","32","0","0","-","-","-","0","0","0","0","0","0","0","0","0","0","0","0","0","0","0","0","0","0","0","0","0","0","0","0","0","0","0","0","0","0","0","0","0","0","0","0","0","0","0","0","0","0"
"0x71cecf777b20","      IADD3 R20, PT, PT, R165, 0x38, RZ","3","3","3","1764","56448","56448","32","32","0","0","-","-","-","0","0","0","0","0","0","0","0","0","0","0","0","0","3","0","0","0","0","0","0","0","0","0","0","0","0","0","0","0","0","3","0","0","0","0","0","0","0","0","0","0","0"
"0x71cecf777b30","      IADD3 R165, PT, PT, R165, 0x3a, RZ","0","0","0","1764","56448","56448","32","32","0","0","-","-","-","0","0","0","0","0","0","0","0","0","0","0","0","0","0","0","0","0","0","0","0","0","0","0","0","0","0","0","0","0","0","0","0","0","0","0","0","0","0","0","0","0","0"
"0x71cecf777b40","      STS.64 [R164], R130","2","2","2","1764","56448","56448","32","32","0","0","Shared","Store","64","0","2","0","3528","3528","0","0","0","0","0","0","0","0","0","0","0","0","0","0","0","0","0","0","0","2","0","0","0","0","0","0","0","0","0","0","0","0","0","0","0","0","2"
"0x71cecf777b50","      ISETP.GE.AND P1, PT, R20, UR4, PT","0","0","0","1764","56448","56448","32","32","0","0","-","-","-","0","0","0","0","0","0","0","0","0","0","0","0","0","0","0","0","0","0","0","0","0","0","0","0","0","0","0","0","0","0","0","0","0","0","0","0","0","0","0","0","0","0"
"0x71cecf777b60","      ISETP.GE.AND P0, PT, R165, UR4, PT","0","0","0","1764","56448","56448","32","32","0","0","-","-","-","0","0","0","0","0","0","0","0","0","0","0","0","0","0","0","0","0","0","0","0","0","0","0","0","0","0","0","0","0","0","0","0","0","0","0","0","0","0","0","0","0","0"
"0x71cecf777b70","      STS.64 [R164+0x20], R126","0","0","0","1764","56448","56448","32","32","0","0","Shared","Store","64","0","2","0","3528","3528","0","0","0","0","0","0","0","0","0","0","0","0","0","0","0","0","0","0","0","0","0","0","0","0","0","0","0","0","0","0","0","0","0","0","0","0","0"
"0x71cecf777b80","      SEL R21, R2, RZ, !P1","0","0","0","1764","56448","56448","32","32","0","0","-","-","-","0","0","0","0","0","0","0","0","0","0","0","0","0","0","0","0","0","0","0","0","0","0","0","0","0","0","0","0","0","0","0","0","0","0","0","0","0","0","0","0","0","0"
"0x71cecf777b90","      STS.64 [R164+0x40], R122","0","0","0","1764","56448","56448","32","32","0","0","Shared","Store","64","0","2","0","3528","3528","0","0","0","0","0","0","0","0","0","0","0","0","0","0","0","0","0","0","0","0","0","0","0","0","0","0","0","0","0","0","0","0","0","0","0","0","0"
"0x71cecf777ba0","      SEL R20, R3, RZ, !P1","0","0","0","1764","56448","56448","32","32","0","0","-","-","-","0","0","0","0","0","0","0","0","0","0","0","0","0","0","0","0","0","0","0","0","0","0","0","0","0","0","0","0","0","0","0","0","0","0","0","0","0","0","0","0","0","0"
"0x71cecf777bb0","      SEL R2, R2, RZ, !P0","0","0","0","1764","56448","56448","32","32","0","0","-","-","-","0","0","0","0","0","0","0","0","0","0","0","0","0","0","0","0","0","0","0","0","0","0","0","0","0","0","0","0","0","0","0","0","0","0","0","0","0","0","0","0","0","0"
"0x71cecf777bc0","      SEL R3, R3, RZ, !P0","0","0","0","1764","56448","56448","32","32","0","0","-","-","-","0","0","0","0","0","0","0","0","0","0","0","0","0","0","0","0","0","0","0","0","0","0","0","0","0","0","0","0","0","0","0","0","0","0","0","0","0","0","0","0","0","0"
"0x71cecf777bd0","      STS.64 [R164+0x60], R118","4","4","4","1764","56448","56448","32","32","0","0","Shared","Store","64","0","2","0","3528","3528","0","0","0","0","0","0","0","0","0","0","0","4","0","0","0","0","0","0","0","0","0","0","0","0","0","0","0","0","4","0","0","0","0","0","0","0","0"
"0x71cecf777be0","      ISETP.NE.U32.AND P3, PT, R21, RZ, PT","0","0","0","1764","56448","56448","32","32","0","0","-","-","-","0","0","0","0","0","0","0","0","0","0","0","0","0","0","0","0","0","0","0","0","0","0","0","0","0","0","0","0","0","0","0","0","0","0","0","0","0","0","0","0","0","0"
"0x71cecf777bf0","      ISETP.NE.U32.AND P2, PT, R20, RZ, PT","0","0","0","1764","56448","56448","32","32","0","0","-","-","-","0","0","0","0","0","0","0","0","0","0","0","0","0","0","0","0","0","0","0","0","0","0","0","0","0","0","0","0","0","0","0","0","0","0","0","0","0","0","0","0","0","0"
"0x71cecf777c00","      ISETP.NE.U32.AND P1, PT, R2, RZ, PT","0","0","0","1764","56448","56448","32","32","0","0","-","-","-","0","0","0","0","0","0","0","0","0","0","0","0","0","0","0","0","0","0","0","0","0","0","0","0","0","0","0","0","0","0","0","0","0","0","0","0","0","0","0","0","0","0"
"0x71cecf777c10","      STS.64 [R164+0x80], R114","17","17","17","1764","56448","56448","32","32","0","0","Shared","Store","64","0","2","0","3528","3528","0","0","0","0","0","0","0","0","0","0","0","17","0","0","0","0","0","0","0","0","0","0","0","0","0","0","0","0","17","0","0","0","0","0","0","0","0"
"0x71cecf777c20","      ISETP.NE.U32.AND P0, PT, R3, RZ, PT","0","0","0","1764","56448","56448","32","32","0","0","-","-","-","0","0","0","0","0","0","0","0","0","0","0","0","0","0","0","0","0","0","0","0","0","0","0","0","0","0","0","0","0","0","0","0","0","0","0","0","0","0","0","0","0","0"
"0x71cecf777c30","      STS.64 [R164+0xa0], R110","16","16","16","1764","56448","56448","32","32","0","0","Shared","Store","64","0","2","0","3528","3528","0","0","0","0","0","0","0","0","0","0","0","15","0","0","0","0","0","0","0","1","0","0","0","0","0","0","0","0","15","0","0","0","0","0","0","0","1"
"0x71cecf777c40","      STS.64 [R164+0xc0], R106","13","13","13","1764","56448","56448","32","32","0","0","Shared","Store","64","0","2","0","3528","3528","0","0","0","0","0","0","0","0","0","0","0","13","0","0","0","0","0","0","0","0","0","0","0","0","0","0","0","0","13","0","0","0","0","0","0","0","0"
"0x71cecf777c50","      STS.64 [R164+0xe0], R102","6","6","6","1764","56448","56448","32","32","0","0","Shared","Store","64","0","2","0","3528","3528","0","0","0","0","0","0","0","0","0","0","0","4","0","0","0","0","0","0","0","2","0","0","0","0","0","0","0","0","4","0","0","0","0","0","0","0","2"
"0x71cecf777c60","      BAR.SYNC.DEFER_BLOCKING 0x0","0","0","0","1764","56448","56448","32","32","0","0","-","-","-","0","0","0","0","0","0","0","0","0","0","0","0","0","0","0","0","0","0","0","0","0","0","0","0","0","0","0","0","0","0","0","0","0","0","0","0","0","0","0","0","0","0"
"0x71cecf777c70","      LDS.128 R12, [R148+UR5]","2","2","2","1764","56448","56448","32","32","0","0","Shared","Load","128","0","4","0","7056","7056","0","0","0","2","0","0","0","0","0","0","0","0","0","0","0","0","0","0","0","0","2","0","0","0","0","0","0","0","0","0","0","0","0","0","0","0","0"
"0x71cecf777c80","      LDS.128 R8, [R148+UR5+0x100]","1","1","1","1764","56448","56448","32","32","0","0","Shared","Load","128","0","4","0","7056","7056","0","0","0","0","0","0","0","0","0","0","0","1","0","0","0","0","0","0","0","0","0","0","0","0","0","0","0","0","1","0","0","0","0","0","0","0","0"
"0x71cecf777c90","      LDS.128 R4, [R148+UR5+0x440]","0","0","0","1764","56448","56448","32","32","0","0","Shared","Load","128","0","4","0","7056","7056","0","0","0","0","0","0","0","0","0","0","0","0","0","0","0","0","0","0","0","0","0","0","0","0","0","0","0","0","0","0","0","0","0","0","0","0","0"
"0x71cecf777ca0","      LDS.128 R16, [R148+UR5+0x540]","0","0","0","1764","56448","56448","32","32","0","0","Shared","Load","128","0","4","0","7056","7056","0","0","0","0","0","0","0","0","0","0","0","0","0","0","0","0","0","0","0","0","0","0","0","0","0","0","0","0","0","0","0","0","0","0","0","0","0"
"0x71cecf777cb0","      FMUL R35, R12, R167","8","6","8","1764","56448","56448","32","32","0","0","-","-","-","0","0","0","0","0","0","0","0","0","0","0","0","0","0","0","0","0","0","0","0","2","6","0","0","0","0","0","0","0","0","0","0","0","0","0","0","0","0","6","0","0","0"
"0x71cecf777cc0","      FMUL R13, R13, R167","0","0","0","1764","56448","56448","32","32","0","0","-","-","-","0","0","0","0","0","0","0","0","0","0","0","0","0","0","0","0","0","0","0","0","0","0","0","0","0","0","0","0","0","0","0","0","0","0","0","0","0","0","0","0","0","0"
"0x71cecf777cd0","      FMUL R33, R14, R167","0","0","0","1764","56448","56448","32","32","0","0","-","-","-","0","0","0","0","0","0","0","0","0","0","0","0","0","0","0","0","0","0","0","0","0","0","0","0","0","0","0","0","0","0","0","0","0","0","0","0","0","0","0","0","0","0"
"0x71cecf777ce0","      FMUL R15, R15, R167","0","0","0","1764","56448","56448","32","32","0","0","-","-","-","0","0","0","0","0","0","0","0","0","0","0","0","0","0","0","0","0","0","0","0","0","0","0","0","0","0","0","0","0","0","0","0","0","0","0","0","0","0","0","0","0","0"
"0x71cecf777cf0","      FMUL R31, R8, R167","1","1","1","1764","56448","56448","32","32","0","0","-","-","-","0","0","0","0","0","0","0","0","0","0","0","0","0","0","0","0","0","0","0","0","0","1","0","0","0","0","0","0","0","0","0","0","0","0","0","0","0","0","1","0","0","0"
"0x71cecf777d00","      FMUL R9, R9, R167","0","0","0","1764","56448","56448","32","32","0","0","-","-","-","0","0","0","0","0","0","0","0","0","0","0","0","0","0","0","0","0","0","0","0","0","0","0","0","0","0","0","0","0","0","0","0","0","0","0","0","0","0","0","0","0","0"
"0x71cecf777d10","      FMUL R29, R10, R167","0","0","0","1764","56448","56448","32","32","0","0","-","-","-","0","0","0","0","0","0","0","0","0","0","0","0","0","0","0","0","0","0","0","0","0","0","0","0","0","0","0","0","0","0","0","0","0","0","0","0","0","0","0","0","0","0"
"0x71cecf777d20","      FMUL R11, R11, R167","1","0","1","1764","56448","56448","32","32","0","0","-","-","-","0","0","0","0","0","0","0","0","0","0","0","0","0","0","0","0","0","0","0","0","1","0","0","0","0","0","0","0","0","0","0","0","0","0","0","0","0","0","0","0","0","0"
"0x71cecf777d30","      FMUL R27, R4, R167","1","1","1","1764","56448","56448","32","32","0","0","-","-","-","0","0","0","0","0","0","0","0","0","0","0","0","0","0","0","0","0","0","0","0","0","1","0","0","0","0","0","0","0","0","0","0","0","0","0","0","0","0","1","0","0","0"
"0x71cecf777d40","      FMUL R5, R5, R167","0","0","0","1764","56448","56448","32","32","0","0","-","-","-","0","0","0","0","0","0","0","0","0","0","0","0","0","0","0","0","0","0","0","0","0","0","0","0","0","0","0","0","0","0","0","0","0","0","0","0","0","0","0","0","0","0"
"0x71cecf777d50","      FMUL R25, R6, R167","1","0","1","1764","56448","56448","32","32","0","0","-","-","-","0","0","0","0","0","0","0","0","0","0","0","0","0","0","0","0","0","0","0","0","1","0","0","0","0","0","0","0","0","0","0","0","0","0","0","0","0","0","0","0","0","0"
"0x71cecf777d60","      FMUL R7, R7, R167","0","0","0","1764","56448","56448","32","32","0","0","-","-","-","0","0","0","0","0","0","0","0","0","0","0","0","0","0","0","0","0","0","0","0","0","0","0","0","0","0","0","0","0","0","0","0","0","0","0","0","0","0","0","0","0","0"
"0x71cecf777d70","      FMUL R21, R16, R167","0","0","0","1764","56448","56448","32","32","0","0","-","-","-","0","0","0","0","0","0","0","0","0","0","0","0","0","0","0","0","0","0","0","0","0","0","0","0","0","0","0","0","0","0","0","0","0","0","0","0","0","0","0","0","0","0"
"0x71cecf777d80","      FMUL R17, R17, R167","1","0","1","1764","56448","56448","32","32","0","0","-","-","-","0","0","0","0","0","0","0","0","0","0","0","0","0","0","0","0","0","0","0","0","1","0","0","0","0","0","0","0","0","0","0","0","0","0","0","0","0","0","0","0","0","0"
"0x71cecf777d90","      FMUL R3, R18, R167","0","0","0","1764","56448","56448","32","32","0","0","-","-","-","0","0","0","0","0","0","0","0","0","0","0","0","0","0","0","0","0","0","0","0","0","0","0","0","0","0","0","0","0","0","0","0","0","0","0","0","0","0","0","0","0","0"
"0x71cecf777da0","      FMUL R19, R19, R167","0","0","0","1764","56448","56448","32","32","0","0","-","-","-","0","0","0","0","0","0","0","0","0","0","0","0","0","0","0","0","0","0","0","0","0","0","0","0","0","0","0","0","0","0","0","0","0","0","0","0","0","0","0","0","0","0"
"0x71cecf777db0","      FMNMX R12, R35, R166, !PT","1","0","1","1764","56448","56448","32","32","0","0","-","-","-","0","0","0","0","0","0","0","0","0","0","0","0","0","0","0","0","0","0","0","0","1","0","0","0","0","0","0","0","0","0","0","0","0","0","0","0","0","0","0","0","0","0"
"0x71cecf777dc0","      FMNMX R13, R13, R166, !PT","0","0","0","1764","56448","56448","32","32","0","0","-","-","-","0","0","0","0","0","0","0","0","0","0","0","0","0","0","0","0","0","0","0","0","0","0","0","0","0","0","0","0","0","0","0","0","0","0","0","0","0","0","0","0","0","0"
"0x71cecf777dd0","      FMNMX R14, R33, R166, !PT","0","0","0","1764","56448","56448","32","32","0","0","-","-","-","0","0","0","0","0","0","0","0","0","0","0","0","0","0","0","0","0","0","0","0","0","0","0","0","0","0","0","0","0","0","0","0","0","0","0","0","0","0","0","0","0","0"
"0x71cecf777de0","      FMNMX R15, R15, R166, !PT","0","0","0","1764","56448","56448","32","32","0","0","-","-","-","0","0","0","0","0","0","0","0","0","0","0","0","0","0","0","0","0","0","0","0","0","0","0","0","0","0","0","0","0","0","0","0","0","0","0","0","0","0","0","0","0","0"
"0x71cecf777df0","      FMNMX R8, R31, R166, !PT","0","0","0","1764","56448","56448","32","32","0","0","-","-","-","0","0","0","0","0","0","0","0","0","0","0","0","0","0","0","0","0","0","0","0","0","0","0","0","0","0","0","0","0","0","0","0","0","0","0","0","0","0","0","0","0","0"
"0x71cecf777e00","      FMNMX R9, R9, R166, !PT","0","0","0","1764","56448","56448","32","32","0","0","-","-","-","0","0","0","0","0","0","0","0","0","0","0","0","0","0","0","0","0","0","0","0","0","0","0","0","0","0","0","0","0","0","0","0","0","0","0","0","0","0","0","0","0","0"
"0x71cecf777e10","      FMNMX R10, R29, R166, !PT","0","0","0","1764","56448","56448","32","32","0","0","-","-","-","0","0","0","0","0","0","0","0","0","0","0","0","0","0","0","0","0","0","0","0","0","0","0","0","0","0","0","0","0","0","0","0","0","0","0","0","0","0","0","0","0","0"
"0x71cecf777e20","      FMNMX R11, R11, R166, !PT","0","0","0","1764","56448","56448","32","32","0","0","-","-","-","0","0","0","0","0","0","0","0","0","0","0","0","0","0","0","0","0","0","0","0","0","0","0","0","0","0","0","0","0","0","0","0","0","0","0","0","0","0","0","0","0","0"
"0x71cecf777e30","      FMNMX R4, R27, R166, !PT","0","0","0","1764","56448","56448","32","32","0","0","-","-","-","0","0","0","0","0","0","0","0","0","0","0","0","0","0","0","0","0","0","0","0","0","0","0","0","0","0","0","0","0","0","0","0","0","0","0","0","0","0","0","0","0","0"
"0x71cecf777e40","      FMNMX R5, R5, R166, !PT","0","0","0","1764","56448","56448","32","32","0","0","-","-","-","0","0","0","0","0","0","0","0","0","0","0","0","0","0","0","0","0","0","0","0","0","0","0","0","0","0","0","0","0","0","0","0","0","0","0","0","0","0","0","0","0","0"
"0x71cecf777e50","      FMNMX R6, R25, R166, !PT","0","0","0","1764","56448","56448","32","32","0","0","-","-","-","0","0","0","0","0","0","0","0","0","0","0","0","0","0","0","0","0","0","0","0","0","0","0","0","0","0","0","0","0","0","0","0","0","0","0","0","0","0","0","0","0","0"
"0x71cecf777e60","      FMNMX R7, R7, R166, !PT","0","0","0","1764","56448","56448","32","32","0","0","-","-","-","0","0","0","0","0","0","0","0","0","0","0","0","0","0","0","0","0","0","0","0","0","0","0","0","0","0","0","0","0","0","0","0","0","0","0","0","0","0","0","0","0","0"
"0x71cecf777e70","      FMNMX R16, R21, R166, !PT","0","0","0","1764","56448","56448","32","32","0","0","-","-","-","0","0","0","0","0","0","0","0","0","0","0","0","0","0","0","0","0","0","0","0","0","0","0","0","0","0","0","0","0","0","0","0","0","0","0","0","0","0","0","0","0","0"
"0x71cecf777e80","      FMNMX R17, R17, R166, !PT","0","0","0","1764","56448","56448","32","32","0","0","-","-","-","0","0","0","0","0","0","0","0","0","0","0","0","0","0","0","0","0","0","0","0","0","0","0","0","0","0","0","0","0","0","0","0","0","0","0","0","0","0","0","0","0","0"
"0x71cecf777e90","      FMNMX R18, R3, R166, !PT","0","0","0","1764","56448","56448","32","32","0","0","-","-","-","0","0","0","0","0","0","0","0","0","0","0","0","0","0","0","0","0","0","0","0","0","0","0","0","0","0","0","0","0","0","0","0","0","0","0","0","0","0","0","0","0","0"
"0x71cecf777ea0","      FMNMX R19, R19, R166, !PT","0","0","0","1764","56448","56448","32","32","0","0","-","-","-","0","0","0","0","0","0","0","0","0","0","0","0","0","0","0","0","0","0","0","0","0","0","0","0","0","0","0","0","0","0","0","0","0","0","0","0","0","0","0","0","0","0"
"0x71cecf777eb0","@P3   STG.E.128 [R22.64+UR6], R12","1","0","1","1764","56448","55104","32","31","1","0","Global","Store","128","6888","0","0","0","0","0","27552","27552","0","0","0","0","0","0","0","0","0","0","0","0","1","0","0","0","0","0","0","0","0","0","0","0","0","0","0","0","0","0","0","0","0","0"
"0x71cecf777ec0","@P2   STG.E.128 [R22.64+UR6+0x100], R8","4","4","4","1764","56448","53792","32","30","2","0","Global","Store","128","6724","0","0","0","0","0","26896","26896","0","0","0","0","0","0","0","0","0","0","0","0","0","0","0","0","4","0","0","0","0","0","0","0","0","0","0","0","0","0","0","0","0","4"
"0x71cecf777ed0","@P1   STG.E.128 [R36.64+UR8], R4","1","1","1","1764","56448","55104","32","31","1","0","Global","Store","128","6888","0","0","0","0","0","27552","27552","0","0","0","0","0","0","0","0","0","0","0","0","0","0","0","0","1","0","0","0","0","0","0","0","0","0","0","0","0","0","0","0","0","1"
"0x71cecf777ee0","@P0   STG.E.128 [R36.64+UR8+0x100], R16","1","0","1","1764","56448","53792","32","30","2","0","Global","Store","128","6724","0","0","0","0","0","26896","26896","0","0","0","0","0","0","0","0","0","0","0","0","1","0","0","0","0","0","0","0","0","0","0","0","0","0","0","0","0","0","0","0","0","0"
"0x71cecf777ef0","      BSYNC.RECONVERGENT B0","2","0","2","1764","56448","56448","32","32","0","0","-","-","-","0","0","0","0","0","0","0","0","0","0","0","0","0","0","0","0","0","0","0","0","2","0","0","0","0","0","0","0","0","0","0","0","0","0","0","0","0","0","0","0","0","0"
"0x71cecf777f00","      LDC R3, c[0x0][0x394]","2","2","2","1764","56448","56448","32","32","0","0","-","-","-","0","0","0","0","0","0","0","0","0","1","0","0","0","0","0","0","0","0","0","0","0","0","0","0","1","0","1","0","0","0","0","0","0","0","0","0","0","0","0","0","0","1"
"0x71cecf777f10","      LDC R2, c[0x0][0x39c]","0","0","0","1764","56448","56448","32","32","0","0","-","-","-","0","0","0","0","0","0","0","0","0","0","0","0","0","0","0","0","0","0","0","0","0","0","0","0","0","0","0","0","0","0","0","0","0","0","0","0","0","0","0","0","0","0"
"0x71cecf777f20","      ISETP.GE.AND P0, PT, R3, 0x2, PT","4","4","4","1764","56448","56448","32","32","0","0","-","-","-","0","0","0","0","0","0","0","0","0","0","0","0","0","0","0","0","0","0","0","0","0","4","0","0","0","0","0","0","0","0","0","0","0","0","0","0","0","0","4","0","0","0"
"0x71cecf777f30","      ISETP.NE.OR P0, PT, R2, RZ, !P0","0","0","0","1764","56448","56448","32","32","0","0","-","-","-","0","0","0","0","0","0","0","0","0","0","0","0","0","0","0","0","0","0","0","0","0","0","0","0","0","0","0","0","0","0","0","0","0","0","0","0","0","0","0","0","0","0"
"0x71cecf777f40","@P0   EXIT","1","1","1","1764","56448","56448","32","32","0","0","-","-","-","0","0","0","0","0","0","0","0","0","0","0","0","0","0","0","0","0","0","0","0","0","0","0","0","1","0","0","0","0","0","0","0","0","0","0","0","0","0","0","0","0","1"
"0x71cecf777f50","      BAR.SYNC.DEFER_BLOCKING 0x0","66","66","66","0","0","0","0","0","32","0","-","-","-","0","0","0","0","0","0","0","0","0","2","0","61","0","0","0","0","0","1","0","0","0","0","0","0","2","0","2","0","61","0","0","0","0","0","1","0","0","0","0","0","0","2"
"0x71cecf777f60","      ISETP.NE.AND P0, PT, R0, RZ, PT","0","0","0","0","0","0","0","0","32","0","-","-","-","0","0","0","0","0","0","0","0","0","0","0","0","0","0","0","0","0","0","0","0","0","0","0","0","0","0","0","0","0","0","0","0","0","0","0","0","0","0","0","0","0","0"
"0x71cecf777f70","      IADD3 R200, PT, PT, R200, 0x1, RZ","0","0","0","0","0","0","0","0","32","0","-","-","-","0","0","0","0","0","0","0","0","0","0","0","0","0","0","0","0","0","0","0","0","0","0","0","0","0","0","0","0","0","0","0","0","0","0","0","0","0","0","0","0","0","0"
"0x71cecf777f80","      ISETP.NE.AND P1, PT, R200, R3, PT","0","0","0","0","0","0","0","0","32","0","-","-","-","0","0","0","0","0","0","0","0","0","0","0","0","0","0","0","0","0","0","0","0","0","0","0","0","0","0","0","0","0","0","0","0","0","0","0","0","0","0","0","0","0","0"
"0x71cecf777f90","      SEL R3, R200, RZ, P1","0","0","0","0","0","0","0","0","32","0","-","-","-","0","0","0","0","0","0","0","0","0","0","0","0","0","0","0","0","0","0","0","0","0","0","0","0","0","0","0","0","0","0","0","0","0","0","0","0","0","0","0","0","0","0"
"0x71cecf777fa0","@P0   EXIT","0","0","0","0","0","0","0","0","32","0","-","-","-","0","0","0","0","0","0","0","0","0","0","0","0","0","0","0","0","0","0","0","0","0","0","0","0","0","0","0","0","0","0","0","0","0","0","0","0","0","0","0","0","0","0"
"0x71cecf777fb0","@!PT  LDS RZ, [RZ]","0","0","0","0","0","0","0","0","32","0","","","","0","0","0","0","0","0","0","0","0","0","0","0","0","0","0","0","0","0","0","0","0","0","0","0","0","0","0","0","0","0","0","0","0","0","0","0","0","0","0","0","0","0"
"0x71cecf777fc0","@!PT  LDS RZ, [RZ]","0","0","0","0","0","0","0","0","32","0","","","","0","0","0","0","0","0","0","0","0","0","0","0","0","0","0","0","0","0","0","0","0","0","0","0","0","0","0","0","0","0","0","0","0","0","0","0","0","0","0","0","0","0"
"0x71cecf777fd0","@!PT  LDS RZ, [RZ]","0","0","0","0","0","0","0","0","32","0","","","","0","0","0","0","0","0","0","0","0","0","0","0","0","0","0","0","0","0","0","0","0","0","0","0","0","0","0","0","0","0","0","0","0","0","0","0","0","0","0","0","0","0"
"0x71cecf777fe0","@!PT  LDS RZ, [RZ]","0","0","0","0","0","0","0","0","32","0","","","","0","0","0","0","0","0","0","0","0","0","0","0","0","0","0","0","0","0","0","0","0","0","0","0","0","0","0","0","0","0","0","0","0","0","0","0","0","0","0","0","0","0"
"0x71cecf777ff0","      MEMBAR.ALL.GPU","0","0","0","0","0","0","0","0","32","0","-","-","-","0","0","0","0","0","0","0","0","0","0","0","0","0","0","0","0","0","0","0","0","0","0","0","0","0","0","0","0","0","0","0","0","0","0","0","0","0","0","0","0","0","0"
"0x71cecf778000","      ERRBAR","0","0","0","0","0","0","0","0","32","0","-","-","-","0","0","0","0","0","0","0","0","0","0","0","0","0","0","0","0","0","0","0","0","0","0","0","0","0","0","0","0","0","0","0","0","0","0","0","0","0","0","0","0","0","0"
"0x71cecf778010","      CGAERRBAR","0","0","0","0","0","0","0","0","32","0","-","-","-","0","0","0","0","0","0","0","0","0","0","0","0","0","0","0","0","0","0","0","0","0","0","0","0","0","0","0","0","0","0","0","0","0","0","0","0","0","0","0","0","0","0"
"0x71cecf778020","      STG.E.STRONG.GPU [R168], R3","0","0","0","0","0","0","0","0","32","0","","","","0","0","0","0","0","0","0","0","0","0","0","0","0","0","0","0","0","0","0","0","0","0","0","0","0","0","0","0","0","0","0","0","0","0","0","0","0","0","0","0","0","0"
"0x71cecf778030","      EXIT","0","0","0","0","0","0","0","0","32","0","-","-","-","0","0","0","0","0","0","0","0","0","0","0","0","0","0","0","0","0","0","0","0","0","0","0","0","0","0","0","0","0","0","0","0","0","0","0","0","0","0","0","0","0","0"
"0x71cecf778040","      BRA `(.L_x_0) 0x71cecf778040","0","0","0","0","0","0","0","0","0","0","-","-","-","0","0","0","0","0","0","0","0","0","0","0","0","0","0","0","0","0","0","0","0","0","0","0","0","0","0","0","0","0","0","0","0","0","0","0","0","0","0","0","0","0","0"
"0x71cecf778050","      NOP","0","0","0","0","0","0","0","0","0","0","-","-","-","0","0","0","0","0","0","0","0","0","0","0","0","0","0","0","0","0","0","0","0","0","0","0","0","0","0","0","0","0","0","0","0","0","0","0","0","0","0","0","0","0","0"
"0x71cecf778060","      NOP","0","0","0","0","0","0","0","0","0","0","-","-","-","0","0","0","0","0","0","0","0","0","0","0","0","0","0","0","0","0","0","0","0","0","0","0","0","0","0","0","0","0","0","0","0","0","0","0","0","0","0","0","0","0","0"
"0x71cecf778070","      NOP","0","0","0","0","0","0","0","0","0","0","-","-","-","0","0","0","0","0","0","0","0","0","0","0","0","0","0","0","0","0","0","0","0","0","0","0","0","0","0","0","0","0","0","0","0","0","0","0","0","0","0","0","0","0","0"
"0x71cecf778080","      NOP","0","0","0","0","0","0","0","0","0","0","-","-","-","0","0","0","0","0","0","0","0","0","0","0","0","0","0","0","0","0","0","0","0","0","0","0","0","0","0","0","0","0","0","0","0","0","0","0","0","0","0","0","0","0","0"
"0x71cecf778090","      NOP","0","0","0","0","0","0","0","0","0","0","-","-","-","0","0","0","0","0","0","0","0","0","0","0","0","0","0","0","0","0","0","0","0","0","0","0","0","0","0","0","0","0","0","0","0","0","0","0","0","0","0","0","0","0","0"
"0x71cecf7780a0","      NOP","0","0","0","0","0","0","0","0","0","0","-","-","-","0","0","0","0","0","0","0","0","0","0","0","0","0","0","0","0","0","0","0","0","0","0","0","0","0","0","0","0","0","0","0","0","0","0","0","0","0","0","0","0","0","0"
"0x71cecf7780b0","      NOP","0","0","0","0","0","0","0","0","0","0","-","-","-","0","0","0","0","0","0","0","0","0","0","0","0","0","0","0","0","0","0","0","0","0","0","0","0","0","0","0","0","0","0","0","0","0","0","0","0","0","0","0","0","0","0"
"0x71cecf7780c0","      NOP","0","0","0","0","0","0","0","0","0","0","-","-","-","0","0","0","0","0","0","0","0","0","0","0","0","0","0","0","0","0","0","0","0","0","0","0","0","0","0","0","0","0","0","0","0","0","0","0","0","0","0","0","0","0","0"
"0x71cecf7780d0","      NOP","0","0","0","0","0","0","0","0","0","0","-","-","-","0","0","0","0","0","0","0","0","0","0","0","0","0","0","0","0","0","0","0","0","0","0","0","0","0","0","0","0","0","0","0","0","0","0","0","0","0","0","0","0","0","0"
"0x71cecf7780e0","      NOP","0","0","0","0","0","0","0","0","0","0","-","-","-","0","0","0","0","0","0","0","0","0","0","0","0","0","0","0","0","0","0","0","0","0","0","0","0","0","0","0","0","0","0","0","0","0","0","0","0","0","0","0","0","0","0"
"0x71cecf7780f0","      NOP","0","0","0","0","0","0","0","0","0","0","-","-","-","0","0","0","0","0","0","0","0","0","0","0","0","0","0","0","0","0","0","0","0","0","0","0","0","0","0","0","0","0","0","0","0","0","0","0","0","0","0","0","0","0","0"
