"Kernel Name","void cutlass::Kernel2<cutlass_80_simt_sgemm_128x64_8x5_tn_align1>(T1::Params)",
"Address","Source","Instructions Executed"
"0x7db95b768500","      LDC R1, c[0x0][0x37c]","3168"
"0x7db95b768510","      S2R R4, SR_CTAID.Y","3168"
"0x7db95b768520","      LDC R5, c[0x0][0x398]","3168"
"0x7db95b768530","      MOV R0, 0xffffffff","3168"
"0x7db95b768540","      LDCU UR5, c[0x0][0x390]","3168"
"0x7db95b768550","      S2R R2, SR_CTAID.X","3168"
"0x7db95b768560","      LDCU UR4, c[0x0][0x38c]","3168"
"0x7db95b768570","      SHF.L.U32 R3, R0, R5, RZ","3168"
"0x7db95b768580","      SHF.L.U32 R0, R4, R5, RZ","3168"
"0x7db95b768590","      LOP3.LUT R3, R2, R3, RZ, 0x30, !PT","3168"
"0x7db95b7685a0","      SHF.R.U32.HI R5, RZ, R5, R2","3168"
"0x7db95b7685b0","      IADD3 R0, PT, PT, R0, R3, RZ","3168"
"0x7db95b7685c0","      ISETP.GE.AND P0, PT, R0, UR5, PT","3168"
"0x7db95b7685d0","      ISETP.GE.OR P0, PT, R5, UR4, P0","3168"
"0x7db95b7685e0","@P0   EXIT","3168"
"0x7db95b7685f0","      LDC R2, c[0x0][0x39c]","2772"
"0x7db95b768600","      LDCU UR10, c[0x0][0x388]","2772"
"0x7db95b768610","      LDC.64 R26, c[0x0][0x498]","2772"
"0x7db95b768620","      LDC.64 R24, c[0x0][0x4a0]","2772"
"0x7db95b768630","      S2UR UR6, SR_CTAID.Z","2772"
"0x7db95b768640","      ISETP.GT.U32.AND P0, PT, R2, 0x1, PT","2772"
"0x7db95b768650","@P0   BRA 0x7db95b7686f0","2772"
"0x7db95b768660","      LDCU UR4, c[0x0][0x3a4]","2772"
"0x7db95b768670","      LDCU UR5, c[0x0][0x394]","2772"
"0x7db95b768680","      UIADD3 UR7, UPT, UPT, UR6, 0x1, URZ","2772"
"0x7db95b768690","      UIMAD UR10, UR6, UR4, UR4","2772"
"0x7db95b7686a0","      UIMAD UR4, UR6, UR4, URZ","2772"
"0x7db95b7686b0","      UISETP.GE.AND UP0, UPT, UR7, UR5, UPT","2772"
"0x7db95b7686c0","      MOV R4, UR4","2772"
"0x7db95b7686d0","@UP0  LDCU UR10, c[0x0][0x388]","2772"
"0x7db95b7686e0","      BRA 0x7db95b768870","2772"
"0x7db95b7686f0","      ISETP.NE.AND P0, PT, R2, 0x3, PT","0"
"0x7db95b768700","      HFMA2 R4, -RZ, RZ, 0, 0","0"
"0x7db95b768710","@!P0  BRA 0x7db95b768810","0"
"0x7db95b768720","      ISETP.NE.AND P0, PT, R2, 0x2, PT","0"
"0x7db95b768730","@P0   BRA 0x7db95b768870","0"
"0x7db95b768740","      LDC.64 R6, c[0x0][0x4b8]","0"
"0x7db95b768750","      LDC.64 R2, c[0x0][0x4c0]","0"
"0x7db95b768760","      LDC.64 R26, c[0x0][0x498]","0"
"0x7db95b768770","      LDC.64 R24, c[0x0][0x4a0]","0"
"0x7db95b768780","      IMAD.WIDE.U32 R8, R6, UR6, RZ","0"
"0x7db95b768790","      IMAD.WIDE.U32 R10, R2, UR6, RZ","0"
"0x7db95b7687a0","      IMAD R2, R7, UR6, R9","0"
"0x7db95b7687b0","      IMAD R6, R3, UR6, R11","0"
"0x7db95b7687c0","      LEA R26, P1, R8, R26, 0x2","0"
"0x7db95b7687d0","      LEA.HI.X R27, R8, R27, R2, 0x2, P1","0"
"0x7db95b7687e0","      LEA R24, P0, R10, R24, 0x2","0"
"0x7db95b7687f0","      LEA.HI.X R25, R10, R25, R6, 0x2, P0","0"
"0x7db95b768800","      BRA 0x7db95b768870","0"
"0x7db95b768810","      LDCU.64 UR8, c[0x0][0x498]","0"
"0x7db95b768820","      LDCU.64 UR4, c[0x0][0x4a0]","0"
"0x7db95b768830","      UIMAD.WIDE.U32 UR8, UR6, 0x8, UR8","0"
"0x7db95b768840","      UIMAD.WIDE.U32 UR4, UR6, 0x8, UR4","0"
"0x7db95b768850","      LDG.E.64 R26, [RZ.U32+UR8]","0"
"0x7db95b768860","      LDG.E.64 R24, [RZ.U32+UR4]","0"
"0x7db95b768870","      S2R R84, SR_TID.X","2772"
"0x7db95b768880","      IADD3 R2, PT, PT, -R4, UR10, RZ","2772"
"0x7db95b768890","      LDCU.64 UR8, c[0x0][0x380]","2772"
"0x7db95b7688a0","      IMAD.SHL.U32 R3, R0, 0x80, RZ","2772"
"0x7db95b7688b0","      S2R R104, SR_CgaCtaId","2772"
"0x7db95b7688c0","      MOV R7, 0x400","2772"
"0x7db95b7688d0","      SHF.R.S32.HI R17, RZ, 0x1f, R2","2772"
"0x7db95b7688e0","      LDCU.64 UR6, c[0x0][0x3b8]","2772"
"0x7db95b7688f0","      IADD3 R6, PT, PT, R2, 0xe, RZ","2772"
"0x7db95b768900","      HFMA2 R64, -RZ, RZ, 0, 0","2772"
"0x7db95b768910","      LEA.HI R17, R17, R2, RZ, 0x3","2772"
"0x7db95b768920","      LDCU.64 UR4, c[0x0][0x3d8]","2772"
"0x7db95b768930","      CS2R R46, SRZ","2772"
"0x7db95b768940","      ISETP.GE.U32.AND P4, PT, R6, 0xf, PT","2772"
"0x7db95b768950","      LOP3.LUT R17, R17, 0xfffffff8, RZ, 0xc0, !PT","2772"
"0x7db95b768960","      LDCU.64 UR14, c[0x0][0x3c0]","2772"
"0x7db95b768970","      CS2R R50, SRZ","2772"
"0x7db95b768980","      CS2R R52, SRZ","2772"
"0x7db95b768990","      CS2R R44, SRZ","2772"
"0x7db95b7689a0","      IADD3 R17, PT, PT, R2, -R17, RZ","2772"
"0x7db95b7689b0","      LDCU.64 UR12, c[0x0][0x3d0]","2772"
"0x7db95b7689c0","      CS2R R48, SRZ","2772"
"0x7db95b7689d0","      CS2R R42, SRZ","2772"
"0x7db95b7689e0","      CS2R R54, SRZ","2772"
"0x7db95b7689f0","      ISETP.NE.AND P0, PT, R17, RZ, PT","2772"
"0x7db95b768a00","      LDCU.64 UR16, c[0x0][0x3f0]","2772"
"0x7db95b768a10","      CS2R R56, SRZ","2772"
"0x7db95b768a20","      CS2R R40, SRZ","2772"
"0x7db95b768a30","      CS2R R38, SRZ","2772"
"0x7db95b768a40","      SEL R17, R17, 0x8, P0","2772"
"0x7db95b768a50","      CS2R R58, SRZ","2772"
"0x7db95b768a60","      CS2R R60, SRZ","2772"
"0x7db95b768a70","      LOP3.LUT R29, R84, 0x7, RZ, 0xc0, !PT","2772"
"0x7db95b768a80","      IMAD.SHL.U32 R85, R84, 0x40, RZ","2772"
"0x7db95b768a90","      SHF.R.U32.HI R0, RZ, 0x3, R84","2772"
"0x7db95b768aa0","      CS2R R62, SRZ","2772"
"0x7db95b768ab0","      LEA R104, R104, R7, 0x18","2772"
"0x7db95b768ac0","      IADD3 R28, PT, PT, R29, R4, RZ","2772"
"0x7db95b768ad0","      IADD3 R4, PT, PT, R17, R4, RZ","2772"
"0x7db95b768ae0","      IMAD R16, R5, 0x40, R0","2772"
"0x7db95b768af0","      LOP3.LUT R12, R0, R3, RZ, 0xfc, !PT","2772"
"0x7db95b768b00","      SHF.R.S32.HI R29, RZ, 0x1f, R28","2772"
"0x7db95b768b10","      VIMNMX.S32 R4, R4, UR10, PT","2772"
"0x7db95b768b20","      IADD3 R15, PT, PT, R16, 0x10, RZ","2772"
"0x7db95b768b30","      IADD3 R14, PT, PT, R16, 0x20, RZ","2772"
"0x7db95b768b40","      IADD3 R13, PT, PT, R16, 0x30, RZ","2772"
"0x7db95b768b50","      IADD3 R11, PT, PT, R12, 0x10, RZ","2772"
"0x7db95b768b60","      ISETP.GE.AND P5, PT, R28, R4, PT","2772"
"0x7db95b768b70","      IADD3 R10, PT, PT, R12, 0x20, RZ","2772"
"0x7db95b768b80","      IADD3 R9, PT, PT, R12, 0x30, RZ","2772"
"0x7db95b768b90","      IMAD.WIDE.U32 R20, R16, UR6, R28","2772"
"0x7db95b768ba0","      SHF.R.S32.HI R3, RZ, 0x1f, R12","2772"
"0x7db95b768bb0","      LDCU.64 UR10, c[0x0][0x3e0]","2772"
"0x7db95b768bc0","      ISETP.LT.AND P0, PT, R16, UR8, !P5","2772"
"0x7db95b768bd0","      ISETP.LT.AND P1, PT, R15, UR8, !P5","2772"
"0x7db95b768be0","      ISETP.LT.AND P2, PT, R14, UR8, !P5","2772"
"0x7db95b768bf0","      ISETP.LT.AND P3, PT, R13, UR8, !P5","2772"
"0x7db95b768c00","      IMAD R4, R16, UR7, R21","2772"
"0x7db95b768c10","      IADD3 R8, PT, PT, R12, 0x40, RZ","2772"
"0x7db95b768c20","      IADD3 R7, PT, PT, R12, 0x50, RZ","2772"
"0x7db95b768c30","      IADD3 R6, PT, PT, R12, 0x60, RZ","2772"
"0x7db95b768c40","      P2R R18, PR, RZ, 0xf","2772"
"0x7db95b768c50","      IMAD R3, R3, UR4, RZ","2772"
"0x7db95b768c60","      ISETP.LT.AND P0, PT, R12, UR9, !P5","2772"
"0x7db95b768c70","      ISETP.LT.AND P1, PT, R11, UR9, !P5","2772"
"0x7db95b768c80","      ISETP.LT.AND P2, PT, R10, UR9, !P5","2772"
"0x7db95b768c90","      ISETP.LT.AND P3, PT, R9, UR9, !P5","2772"
"0x7db95b768ca0","      IADD3 R5, PT, PT, R12, 0x70, RZ","2772"
"0x7db95b768cb0","      IMAD.SHL.U32 R22, R20, 0x4, RZ","2772"
"0x7db95b768cc0","      SHF.L.U64.HI R23, R20, 0x2, R4","2772"
"0x7db95b768cd0","      IMAD.WIDE.U32 R28, R12, UR4, R28","2772"
"0x7db95b768ce0","      P2R R19, PR, RZ, 0xf","2772"
"0x7db95b768cf0","      LDCU.64 UR6, c[0x0][0x3e8]","2772"
"0x7db95b768d00","      ISETP.LT.AND P0, PT, R8, UR9, !P5","2772"
"0x7db95b768d10","      ISETP.LT.AND P1, PT, R7, UR9, !P5","2772"
"0x7db95b768d20","      ISETP.LT.AND P2, PT, R6, UR9, !P5","2772"
"0x7db95b768d30","      BAR.SYNC.DEFER_BLOCKING 0x0","2772"
"0x7db95b768d40","      ISETP.LT.AND P3, PT, R5, UR9, !P5","2772"
"0x7db95b768d50","      SEL R18, R18, RZ, P4","2772"
"0x7db95b768d60","      IMAD R3, R12, UR5, R3","2772"
"0x7db95b768d70","      LOP3.LUT R85, R85, 0x1c0, RZ, 0xc0, !PT","2772"
"0x7db95b768d80","      IADD.64 R32, R22, R26","2772"
"0x7db95b768d90","      IMAD.SHL.U32 R20, R28, 0x4, RZ","2772"
"0x7db95b768da0","      P2R.B1 R4, PR, R19, 0xf","2772"
"0x7db95b768db0","      IADD.64 R36, R32, UR14","2772"
"0x7db95b768dc0","      IADD3 R3, PT, PT, R29, R3, RZ","2772"
"0x7db95b768dd0","      R2P PR, R18, 0xf","2772"
"0x7db95b768de0","      IADD.64 R34, R36, UR14","2772"
"0x7db95b768df0","      IADD3 R19, PT, PT, R0, R85, RZ","2772"
"0x7db95b768e00","      SHF.L.U64.HI R21, R28, 0x2, R3","2772"
"0x7db95b768e10","      IMAD.SHL.U32 R18, R84, 0x200, RZ","2772"
"0x7db95b768e20","      SEL R4, R4, RZ, P4","2772"
"0x7db95b768e30","      LDCU.64 UR4, c[0x0][0x3c8]","2772"
"0x7db95b768e40","      IMAD R3, R19, 0x4, R104","2772"
"0x7db95b768e50","      IADD.64 R28, R20, R24","2772"
"0x7db95b768e60","      IMAD.SHL.U32 R19, R0, 0x4, RZ","2772"
"0x7db95b768e70","      UIADD3.64 UR16, UPT, UPT, UR6, -UR16, URZ","2772"
"0x7db95b768e80","@!PT  LDS RZ, [RZ]","2772"
"0x7db95b768e90","@!PT  LDS RZ, [RZ]","2772"
"0x7db95b768ea0","@!PT  LDS RZ, [RZ]","2772"
"0x7db95b768eb0","      LDGSTS.E.LTC128B P0, [R3], [R32.64]","2772"
"0x7db95b768ec0","      IADD.64 R30, R28, UR10","2772"
"0x7db95b768ed0","      LDGSTS.E.LTC128B P1, [R3+0x40], [R32.64+UR14]","2772"
"0x7db95b768ee0","      LOP3.LUT R19, R19, 0xe00, R18, 0xf8, !PT","2772"
"0x7db95b768ef0","      LDGSTS.E.LTC128B P2, [R3+0x80], [R36.64+UR14]","2772"
"0x7db95b768f00","      IADD3 R67, PT, PT, R104, R19, RZ","2772"
"0x7db95b768f10","      IADD.64 R18, R30, UR10","2772"
"0x7db95b768f20","      LDGSTS.E.LTC128B P3, [R3+0xc0], [R34.64+UR14]","2772"
"0x7db95b768f30","      R2P PR, R4, 0xf","2772"
"0x7db95b768f40","      UIADD3.64 UR12, UPT, UPT, UR4, -UR12, URZ","2772"
"0x7db95b768f50","      LDGSTS.E.LTC128B P0, [R67+0x2800], [R28.64]","2772"
"0x7db95b768f60","      LDGSTS.E.LTC128B P1, [R67+0x2840], [R28.64+UR10]","2772"
"0x7db95b768f70","      LDGSTS.E.LTC128B P2, [R67+0x2880], [R30.64+UR10]","2772"
"0x7db95b768f80","      LDGSTS.E.LTC128B P3, [R67+0x28c0], [R18.64+UR10]","2772"
"0x7db95b768f90","      IADD.64 R34, R18, UR10","2772"
"0x7db95b768fa0","      R2P PR, R4.B1, 0xf","2772"
"0x7db95b768fb0","      IADD.64 R32, R34, UR10","2772"
"0x7db95b768fc0","      ISETP.LT.AND P5, PT, R16, UR8, PT","2772"
"0x7db95b768fd0","      ISETP.LT.AND P4, PT, R12, UR9, PT","2772"
"0x7db95b768fe0","      IADD.64 R36, R32, UR10","2772"
"0x7db95b768ff0","      ISETP.LT.AND P6, PT, R14, UR8, PT","2772"
"0x7db95b769000","      P2R R4, PR, RZ, 0x20","2772"
"0x7db95b769010","      ISETP.LT.AND P5, PT, R15, UR8, PT","2772"
"0x7db95b769020","      LDGSTS.E.LTC128B P0, [R67+0x2900], [R34.64+UR10]","2772"
"0x7db95b769030","      ISETP.NE.AND P0, PT, R4, RZ, PT","2772"
"0x7db95b769040","      IADD.64 R28, R36, UR10","2772"
"0x7db95b769050","      LDGSTS.E.LTC128B P1, [R67+0x2940], [R32.64+UR10]","2772"
"0x7db95b769060","      P2R R12, PR, RZ, 0x20","2772"
"0x7db95b769070","      CS2R R30, SRZ","2772"
"0x7db95b769080","      ISETP.LT.AND P5, PT, R13, UR8, PT","2772"
"0x7db95b769090","      LDGSTS.E.LTC128B P2, [R67+0x2980], [R36.64+UR10]","2772"
"0x7db95b7690a0","      PLOP3.LUT P2, PT, P6, PT, PT, 0x80, 0x8","2772"
"0x7db95b7690b0","      ISETP.NE.AND P1, PT, R12, RZ, PT","2772"
"0x7db95b7690c0","      LDGSTS.E.LTC128B P3, [R67+0x29c0], [R28.64+UR10]","2772"
"0x7db95b7690d0","      PLOP3.LUT P3, PT, P5, PT, PT, 0x80, 0x8","2772"
"0x7db95b7690e0","      ISETP.LT.AND P6, PT, R11, UR9, PT","2772"
"0x7db95b7690f0","      ISETP.LT.AND P5, PT, R10, UR9, PT","2772"
"0x7db95b769100","      P2R R4, PR, RZ, 0xf","2772"
"0x7db95b769110","      IADD.64 R10, R22, UR14","2772"
"0x7db95b769120","      ISETP.LT.AND P3, PT, R9, UR9, PT","2772"
"0x7db95b769130","      IADD3 R9, PT, PT, R2, -0x1, RZ","2772"
"0x7db95b769140","      PLOP3.LUT P1, PT, P6, PT, PT, 0x80, 0x8","2772"
"0x7db95b769150","      IADD.64 R10, R10, UR14","2772"
"0x7db95b769160","      LDGDEPBAR","2772"
"0x7db95b769170","      PLOP3.LUT P2, PT, P5, PT, PT, 0x80, 0x8","2772"
"0x7db95b769180","      IADD.64 R10, R10, UR14","2772"
"0x7db95b769190","      ISETP.GE.U32.AND P6, PT, R9, 0x8, PT","2772"
"0x7db95b7691a0","      ISETP.LT.AND P5, PT, R8, UR9, PT","2772"
"0x7db95b7691b0","      IADD.64 R8, R20, UR10","2772"
"0x7db95b7691c0","      IADD.64 R10, R10, UR12","2772"
"0x7db95b7691d0","      IADD.64 R8, R8, UR10","2772"
"0x7db95b7691e0","      SEL R4, R4, RZ, P6","2772"
"0x7db95b7691f0","      PLOP3.LUT P0, PT, P4, PT, PT, 0x80, 0x8","2772"
"0x7db95b769200","      IADD.64 R8, R8, UR10","2772"
"0x7db95b769210","      ISETP.LT.AND P4, PT, R7, UR9, PT","2772"
"0x7db95b769220","      P2R R7, PR, RZ, 0xf","2772"
"0x7db95b769230","      IADD.64 R8, R8, UR10","2772"
"0x7db95b769240","      ISETP.LT.AND P2, PT, R6, UR9, PT","2772"
"0x7db95b769250","      ISETP.LT.AND P3, PT, R5, UR9, PT","2772"
"0x7db95b769260","      IADD.64 R8, R8, UR10","2772"
"0x7db95b769270","      IMAD.WIDE R10, R17, 0x4, R10","2772"
"0x7db95b769280","      PLOP3.LUT P0, PT, P5, PT, PT, 0x80, 0x8","2772"
"0x7db95b769290","      IADD.64 R8, R8, UR10","2772"
"0x7db95b7692a0","      CS2R R28, SRZ","2772"
"0x7db95b7692b0","      PLOP3.LUT P1, PT, P4, PT, PT, 0x80, 0x8","2772"
"0x7db95b7692c0","      IADD.64 R8, R8, UR10","2772"
"0x7db95b7692d0","      IADD.64 R26, R10, R26","2772"
"0x7db95b7692e0","      IADD.64 R10, R8, UR16","2772"
"0x7db95b7692f0","      IADD.64 R8, R26, UR14","2772"
"0x7db95b769300","      CS2R R36, SRZ","2772"
"0x7db95b769310","      P2R.B1 R107, PR, R7, 0xf","2772"
"0x7db95b769320","      IMAD.WIDE R10, R17, 0x4, R10","2772"
"0x7db95b769330","      R2P PR, R4, 0xf","2772"
"0x7db95b769340","      IADD.64 R6, R8, UR14","2772"
"0x7db95b769350","      SEL R107, R107, RZ, P6","2772"
"0x7db95b769360","      IADD.64 R24, R10, R24","2772"
"0x7db95b769370","      IADD3 R10, PT, PT, R2, -0x9, RZ","2772"
"0x7db95b769380","      SHF.R.U32.HI R5, RZ, 0x5, R84","2772"
"0x7db95b769390","      IADD.64 R18, R24, UR10","2772"
"0x7db95b7693a0","      CS2R R34, SRZ","2772"
"0x7db95b7693b0","      CS2R R32, SRZ","2772"
"0x7db95b7693c0","      IADD.64 R16, R18, UR10","2772"
"0x7db95b7693d0","      LDGSTS.E.LTC128B P0, [R3+0x800], [R26.64]","2772"
"0x7db95b7693e0","      IADD.64 R12, R16, UR10","2772"
"0x7db95b7693f0","      LDGSTS.E.LTC128B P1, [R3+0x840], [R26.64+UR14]","2772"
"0x7db95b769400","      IADD.64 R14, R12, UR10","2772"
"0x7db95b769410","      LDGSTS.E.LTC128B P2, [R3+0x880], [R8.64+UR14]","2772"
"0x7db95b769420","      LDGSTS.E.LTC128B P3, [R3+0x8c0], [R6.64+UR14]","2772"
"0x7db95b769430","      R2P PR, R107, 0xf","2772"
"0x7db95b769440","      SHFL.IDX PT, R5, R5, RZ, 0x1f","2772"
"0x7db95b769450","      LDGSTS.E.LTC128B P0, [R67+0x3800], [R24.64]","2772"
"0x7db95b769460","      LDGSTS.E.LTC128B P1, [R67+0x3840], [R24.64+UR10]","2772"
"0x7db95b769470","      CS2R R26, SRZ","2772"
"0x7db95b769480","      LDGSTS.E.LTC128B P2, [R67+0x3880], [R18.64+UR10]","2772"
"0x7db95b769490","      IADD.64 R8, R14, UR10","2772"
"0x7db95b7694a0","      LDGSTS.E.LTC128B P3, [R67+0x38c0], [R16.64+UR10]","2772"
"0x7db95b7694b0","      R2P PR, R107.B1, 0xf","2772"
"0x7db95b7694c0","      IADD.64 R22, R8, UR10","2772"
"0x7db95b7694d0","      ISETP.GE.U32.AND P4, PT, R10, 0x8, PT","2772"
"0x7db95b7694e0","      SEL R106, R4, RZ, P4","2772"
"0x7db95b7694f0","      SHF.R.S32.HI R4, RZ, 0x1f, R5","2772"
"0x7db95b769500","      SEL R107, R107, RZ, P4","2772"
"0x7db95b769510","      LDGSTS.E.LTC128B P0, [R67+0x3900], [R12.64+UR10]","2772"
"0x7db95b769520","      LEA.HI R111, R4, R5, RZ, 0x2","2772"
"0x7db95b769530","      LDGSTS.E.LTC128B P1, [R67+0x3940], [R14.64+UR10]","2772"
"0x7db95b769540","      LOP3.LUT R110, R111, 0xfffc, RZ, 0xc0, !PT","2772"
"0x7db95b769550","      CS2R R24, SRZ","2772"
"0x7db95b769560","      SHF.R.S32.HI R111, RZ, 0x2, R111","2772"
"0x7db95b769570","      LDGSTS.E.LTC128B P2, [R67+0x3980], [R8.64+UR10]","2772"
"0x7db95b769580","      IADD3 R110, PT, PT, R5, -R110, RZ","2772"
"0x7db95b769590","      IADD3 R5, PT, PT, R2, -0x11, RZ","2772"
"0x7db95b7695a0","      LDGSTS.E.LTC128B P3, [R67+0x39c0], [R22.64+UR10]","2772"
"0x7db95b7695b0","      IADD.64 R16, R6, UR14","2772"
"0x7db95b7695c0","      IADD3 R2, PT, PT, R2, 0x7, RZ","2772"
"0x7db95b7695d0","      R2P PR, R106, 0xf","2772"
"0x7db95b7695e0","      IADD.64 R10, R16, UR4","2772"
"0x7db95b7695f0","      LDGDEPBAR","2772"
"0x7db95b769600","      IADD.64 R6, R10, UR14","2772"
"0x7db95b769610","      IADD.64 R12, R6, UR14","2772"
"0x7db95b769620","      LDGSTS.E.LTC128B P0, [R3+0x1000], [R16.64+UR4]","2772"
"0x7db95b769630","      LDGSTS.E.LTC128B P1, [R3+0x1040], [R10.64+UR14]","2772"
"0x7db95b769640","      LDGSTS.E.LTC128B P2, [R3+0x1080], [R6.64+UR14]","2772"
"0x7db95b769650","      IADD.64 R22, R22, UR10","2772"
"0x7db95b769660","      LDGSTS.E.LTC128B P3, [R3+0x10c0], [R12.64+UR14]","2772"
"0x7db95b769670","      R2P PR, R107, 0xf","2772"
"0x7db95b769680","      IADD.64 R20, R22, UR6","2772"
"0x7db95b769690","      IADD.64 R18, R20, UR10","2772"
"0x7db95b7696a0","      LDGSTS.E.LTC128B P0, [R67+0x4800], [R22.64+UR6]","2772"
"0x7db95b7696b0","      IADD.64 R16, R18, UR10","2772"
"0x7db95b7696c0","      LDGSTS.E.LTC128B P1, [R67+0x4840], [R20.64+UR10]","2772"
"0x7db95b7696d0","      IADD.64 R14, R16, UR10","2772"
"0x7db95b7696e0","      LDGSTS.E.LTC128B P2, [R67+0x4880], [R18.64+UR10]","2772"
"0x7db95b7696f0","      LOP3.LUT R7, R110, 0x80, RZ, 0xc0, !PT","2772"
"0x7db95b769700","      IADD.64 R10, R14, UR10","2772"
"0x7db95b769710","      LDGSTS.E.LTC128B P3, [R67+0x48c0], [R16.64+UR10]","2772"
"0x7db95b769720","      R2P PR, R107.B1, 0xf","2772"
"0x7db95b769730","      IADD.64 R8, R10, UR10","2772"
"0x7db95b769740","      ISETP.GE.U32.AND P4, PT, R5, 0x8, PT","2772"
"0x7db95b769750","      LEA.HI R4, R7, R110, RZ, 0x19","2772"
"0x7db95b769760","      IADD.64 R6, R8, UR10","2772"
"0x7db95b769770","      LOP3.LUT R5, R4, 0xfffe, RZ, 0xc0, !PT","2772"
"0x7db95b769780","      SEL R106, R106, RZ, P4","2772"
"0x7db95b769790","      SEL R107, R107, RZ, P4","2772"
"0x7db95b7697a0","      PRMT R109, R4, 0x8880, RZ","2772"
"0x7db95b7697b0","      LDGSTS.E.LTC128B P0, [R67+0x4900], [R14.64+UR10]","2772"
"0x7db95b7697c0","      IADD3 R5, PT, PT, RZ, -R5, RZ","2772"
"0x7db95b7697d0","      CS2R R22, SRZ","2772"
"0x7db95b7697e0","      SHF.R.S32.HI R109, RZ, 0x1, R109","2772"
"0x7db95b7697f0","      LDGSTS.E.LTC128B P1, [R67+0x4940], [R10.64+UR10]","2772"
"0x7db95b769800","      CS2R R20, SRZ","2772"
"0x7db95b769810","      PRMT R5, R5, 0x7710, RZ","2772"
"0x7db95b769820","      LDGSTS.E.LTC128B P2, [R67+0x4980], [R8.64+UR10]","2772"
"0x7db95b769830","      PRMT R109, R109, 0x9910, RZ","2772"
"0x7db95b769840","      CS2R R18, SRZ","2772"
"0x7db95b769850","      IADD3 R110, PT, PT, R110, R5, RZ","2772"
"0x7db95b769860","      LDGSTS.E.LTC128B P3, [R67+0x49c0], [R6.64+UR10]","2772"
"0x7db95b769870","      IADD.64 R16, R12, UR14","2772"
"0x7db95b769880","      IMAD R65, R111, 0x10, R109","2772"
"0x7db95b769890","      R2P PR, R106, 0xf","2772"
"0x7db95b7698a0","      IADD.64 R12, R16, UR4","2772"
"0x7db95b7698b0","      LDGDEPBAR","2772"
"0x7db95b7698c0","      LOP3.LUT R5, R0, 0x2, RZ, 0xc0, !PT","2772"
"0x7db95b7698d0","      IMAD.SHL.U32 R65, R65, 0x10, RZ","2772"
"0x7db95b7698e0","      PRMT R66, R110, 0x8880, RZ","2772"
"0x7db95b7698f0","      LOP3.LUT R5, R5, 0x1, R84, 0xf8, !PT","2772"
"0x7db95b769900","      LOP3.LUT R110, R110, 0xffff, RZ, 0xc0, !PT","2772"
"0x7db95b769910","      IADD.64 R14, R12, UR14","2772"
"0x7db95b769920","      LDGSTS.E.LTC128B P0, [R3+0x1800], [R16.64+UR4]","2772"
"0x7db95b769930","      IMAD R66, R111, 0x10, R66","2772"
"0x7db95b769940","      IADD.64 R122, R14, UR14","2772"
"0x7db95b769950","      LDGSTS.E.LTC128B P1, [R3+0x1840], [R12.64+UR14]","2772"
"0x7db95b769960","      IMAD.SHL.U32 R66, R66, 0x8, RZ","2772"
"0x7db95b769970","      SHF.R.S32.HI R9, RZ, 0x1f, R2","2772"
"0x7db95b769980","      IMAD.SHL.U32 R11, R84, 0x8, RZ","2772"
"0x7db95b769990","      LDGSTS.E.LTC128B P2, [R3+0x1880], [R14.64+UR14]","2772"
"0x7db95b7699a0","      PRMT R110, R110, 0x8880, RZ","2772"
"0x7db95b7699b0","      IADD.64 R6, R6, UR10","2772"
"0x7db95b7699c0","      LDGSTS.E.LTC128B P3, [R3+0x18c0], [R122.64+UR14]","2772"
"0x7db95b7699d0","      R2P PR, R107, 0xf","2772"
"0x7db95b7699e0","      LEA.HI R108, R9, R2, RZ, 0x3","2772"
"0x7db95b7699f0","      ISETP.GE.AND P4, PT, R2, 0x8, PT","2772"
"0x7db95b769a00","      LOP3.LUT R11, R11, 0x70, RZ, 0xc0, !PT","2772"
"0x7db95b769a10","      LEA.HI.SX32 R108, R108, 0xfffffffc, 0x1d","2772"
"0x7db95b769a20","      IADD3 R0, PT, PT, R11, 0x2800, R104","2772"
"0x7db95b769a30","      CS2R R10, SRZ","2772"
"0x7db95b769a40","      LDGSTS.E.LTC128B P0, [R67+0x5800], [R6.64+UR6]","2772"
"0x7db95b769a50","      IMAD R65, R65, 0x10, R0","2772"
"0x7db95b769a60","      CS2R R16, SRZ","2772"
"0x7db95b769a70","      MOV R0, RZ","2772"
"0x7db95b769a80","      CS2R R12, SRZ","2772"
"0x7db95b769a90","      CS2R R14, SRZ","2772"
"0x7db95b769aa0","      IMAD R3, R5, 0x10, R104","2772"
"0x7db95b769ab0","      IADD.64 R4, R6, UR6","2772"
"0x7db95b769ac0","      IADD.64 R122, R122, UR14","2772"
"0x7db95b769ad0","      IADD.64 R8, R4, UR10","2772"
"0x7db95b769ae0","      IMAD R66, R66, 0x10, R3","2772"
"0x7db95b769af0","      LDGSTS.E.LTC128B P1, [R67+0x5840], [R4.64+UR10]","2772"
"0x7db95b769b00","      IADD.64 R2, R8, UR10","2772"
"0x7db95b769b10","      LDGSTS.E.LTC128B P2, [R67+0x5880], [R8.64+UR10]","2772"
"0x7db95b769b20","      IADD.64 R6, R2, UR10","2772"
"0x7db95b769b30","      LDGSTS.E.LTC128B P3, [R67+0x58c0], [R2.64+UR10]","2772"
"0x7db95b769b40","      R2P PR, R107.B1, 0xf","2772"
"0x7db95b769b50","      LDGSTS.E.LTC128B P0, [R67+0x5900], [R6.64+UR10]","2772"
"0x7db95b769b60","      IADD.64 R4, R6, UR10","2772"
"0x7db95b769b70","      CS2R R8, SRZ","2772"
"0x7db95b769b80","      LDGSTS.E.LTC128B P1, [R67+0x5940], [R4.64+UR10]","2772"
"0x7db95b769b90","      IADD.64 R2, R4, UR10","2772"
"0x7db95b769ba0","      IADD.64 R116, R2, UR10","2772"
"0x7db95b769bb0","      LDGSTS.E.LTC128B P2, [R67+0x5980], [R2.64+UR10]","2772"
"0x7db95b769bc0","      LDGSTS.E.LTC128B P3, [R67+0x59c0], [R116.64+UR10]","2772"
"0x7db95b769bd0","      LDGDEPBAR","2772"
"0x7db95b769be0","      CS2R R6, SRZ","2772"
"0x7db95b769bf0","      CS2R R4, SRZ","2772"
"0x7db95b769c00","      CS2R R2, SRZ","2772"
"0x7db95b769c10","      IADD.64 R116, R116, UR10","2772"
"0x7db95b769c20","      DEPBAR.LE SB0, 0x3","2772"
"0x7db95b769c30","      BAR.SYNC.DEFER_BLOCKING 0x0","2772"
"0x7db95b769c40","@!P4  BRA 0x7db95b76c500","2772"
"0x7db95b769c50","      LDS.128 R68, [R66]","2772"
"0x7db95b769c60","      LDCU.64 UR16, c[0x0][0x3c0]","2772"
"0x7db95b769c70","      LEA.HI R85, R84, R85, RZ, 0x1d","2772"
"0x7db95b769c80","      IADD.64 R116, R116, UR6","2772"
"0x7db95b769c90","      LDS.128 R76, [R66+0x40]","2772"
"0x7db95b769ca0","      LDCU.64 UR14, c[0x0][0x3e0]","2772"
"0x7db95b769cb0","      ISETP.NE.AND P0, PT, R108, RZ, PT","2772"
"0x7db95b769cc0","      IMAD R104, R85, 0x4, R104","2772"
"0x7db95b769cd0","      LDS.128 R72, [R65]","2772"
"0x7db95b769ce0","      MOV R105, RZ","2772"
"0x7db95b769cf0","      MOV R14, RZ","2772"
"0x7db95b769d00","      SEL R107, R107, RZ, P0","2772"
"0x7db95b769d10","      LDS.128 R80, [R65+0x80]","2772"
"0x7db95b769d20","      SEL R106, R106, RZ, P0","2772"
"0x7db95b769d30","      IADD.64 R122, R122, UR4","2772"
"0x7db95b769d40","      LDCU.64 UR12, c[0x0][0x3c8]","2772"
"0x7db95b769d50","      LDCU.64 UR10, c[0x0][0x3e8]","2772"
"0x7db95b769d60","      UMOV UR9, 0x2000","2772"
"0x7db95b769d70","      UMOV UR8, 0x4000","2772"
"0x7db95b769d80","      UIADD3.64 UR20, UPT, UPT, UR16, UR16, URZ","2772"
"0x7db95b769d90","      UIADD3.64 UR18, UPT, UPT, UR14, UR14, URZ","2772"
"0x7db95b769da0","      UMOV UR7, 0x4","2772"
"0x7db95b769db0","      UMOV UR4, 0x1000","2772"
"0x7db95b769dc0","      LDC.64 R102, c[0x0][0x3c0]","2772"
"0x7db95b769dd0","      LDC.64 R100, c[0x0][0x3e0]","2772"
"0x7db95b769de0","      LEA R115, R103, R103, 0x1","2772"
"0x7db95b769df0","      LEA R114, R101, R101, 0x1","2772"
"0x7db95b769e00","      IMAD R113, R101, 0x5, RZ","2772"
"0x7db95b769e10","      IMAD R112, R101, 0x6, RZ","2772"
"0x7db95b769e20","      IMAD R103, R101, 0x7, RZ","2772"
"0x7db95b769e30","      LDS.128 R84, [R66+0x100]","59136"
"0x7db95b769e40","      FFMA R63, R68, R72, R63","59136"
"0x7db95b769e50","      FFMA R64, R69, R72, R64","59136"
"0x7db95b769e60","      FFMA R62, R69, R73, R62","59136"
"0x7db95b769e70","      FFMA R61, R68, R73, R61","59136"
"0x7db95b769e80","      LDS.128 R88, [R65+0x200]","59136"
"0x7db95b769e90","      FFMA R59, R70, R72, R59","59136"
"0x7db95b769ea0","      FFMA R60, R71, R72, R60","59136"
"0x7db95b769eb0","      FFMA R58, R71, R73, R58","59136"
"0x7db95b769ec0","      FFMA R57, R70, R73, R57","59136"
"0x7db95b769ed0","      LDS.128 R92, [R66+0x140]","59136"
"0x7db95b769ee0","      FFMA R55, R76, R72, R55","59136"
"0x7db95b769ef0","      FFMA R56, R77, R72, R56","59136"
"0x7db95b769f00","      FFMA R54, R77, R73, R54","59136"
"0x7db95b769f10","      FFMA R53, R76, R73, R53","59136"
"0x7db95b769f20","      LDS.128 R96, [R65+0x280]","59136"
"0x7db95b769f30","      FFMA R51, R78, R72, R51","59136"
"0x7db95b769f40","      FFMA R52, R79, R72, R52","59136"
"0x7db95b769f50","      FFMA R50, R79, R73, R50","59136"
"0x7db95b769f60","      FFMA R48, R78, R73, R48","59136"
"0x7db95b769f70","      FFMA R49, R78, R74, R49","59136"
"0x7db95b769f80","      FFMA R47, R79, R74, R47","59136"
"0x7db95b769f90","      FFMA R46, R79, R75, R46","59136"
"0x7db95b769fa0","      FFMA R45, R78, R75, R45","59136"
"0x7db95b769fb0","      FFMA R43, R76, R74, R43","59136"
"0x7db95b769fc0","      FFMA R44, R77, R74, R44","59136"
"0x7db95b769fd0","      FFMA R42, R77, R75, R42","59136"
"0x7db95b769fe0","      FFMA R41, R76, R75, R41","59136"
"0x7db95b769ff0","      FFMA R39, R70, R74, R39","59136"
"0x7db95b76a000","      FFMA R40, R71, R74, R40","59136"
"0x7db95b76a010","      FFMA R38, R71, R75, R38","59136"
"0x7db95b76a020","      FFMA R37, R70, R75, R37","59136"
"0x7db95b76a030","      FFMA R35, R68, R74, R35","59136"
"0x7db95b76a040","      FFMA R36, R69, R74, R36","59136"
"0x7db95b76a050","      FFMA R34, R69, R75, R34","59136"
"0x7db95b76a060","      FFMA R32, R68, R75, R32","59136"
"0x7db95b76a070","      FFMA R33, R68, R80, R33","59136"
"0x7db95b76a080","      LDS.128 R72, [R65+0x400]","59136"
"0x7db95b76a090","      FFMA R31, R69, R80, R31","59136"
"0x7db95b76a0a0","      FFMA R30, R69, R81, R30","59136"
"0x7db95b76a0b0","      FFMA R29, R68, R81, R29","59136"
"0x7db95b76a0c0","      FFMA R27, R70, R80, R27","59136"
"0x7db95b76a0d0","      FFMA R28, R71, R80, R28","59136"
"0x7db95b76a0e0","      FFMA R26, R71, R81, R26","59136"
"0x7db95b76a0f0","      FFMA R25, R70, R81, R25","59136"
"0x7db95b76a100","      FFMA R23, R76, R80, R23","59136"
"0x7db95b76a110","      FFMA R24, R77, R80, R24","59136"
"0x7db95b76a120","      FFMA R22, R77, R81, R22","59136"
"0x7db95b76a130","      FFMA R21, R76, R81, R21","59136"
"0x7db95b76a140","      FFMA R19, R78, R80, R19","59136"
"0x7db95b76a150","      FFMA R20, R79, R80, R20","59136"
"0x7db95b76a160","      FFMA R18, R79, R81, R18","59136"
"0x7db95b76a170","      FFMA R16, R78, R81, R16","59136"
"0x7db95b76a180","      FFMA R17, R78, R82, R17","59136"
"0x7db95b76a190","      FFMA R15, R79, R82, R15","59136"
"0x7db95b76a1a0","      FFMA R14, R79, R83, R14","59136"
"0x7db95b76a1b0","      FFMA R13, R78, R83, R13","59136"
"0x7db95b76a1c0","      FFMA R11, R76, R82, R11","59136"
"0x7db95b76a1d0","      FFMA R12, R77, R82, R12","59136"
"0x7db95b76a1e0","      FFMA R10, R77, R83, R10","59136"
"0x7db95b76a1f0","      FFMA R9, R76, R83, R9","59136"
"0x7db95b76a200","      FFMA R7, R70, R82, R7","59136"
"0x7db95b76a210","      LDS.128 R76, [R66+0x240]","59136"
"0x7db95b76a220","      FFMA R8, R71, R82, R8","59136"
"0x7db95b76a230","      FFMA R6, R71, R83, R6","59136"
"0x7db95b76a240","      FFMA R5, R70, R83, R5","59136"
"0x7db95b76a250","      FFMA R3, R68, R82, R3","59136"
"0x7db95b76a260","      FFMA R4, R69, R82, R4","59136"
"0x7db95b76a270","      FFMA R2, R69, R83, R2","59136"
"0x7db95b76a280","      FFMA R0, R68, R83, R0","59136"
"0x7db95b76a290","      FFMA R63, R84, R88, R63","59136"
"0x7db95b76a2a0","      LDS.128 R68, [R66+0x200]","59136"
"0x7db95b76a2b0","      FFMA R64, R85, R88, R64","59136"
"0x7db95b76a2c0","      FFMA R62, R85, R89, R62","59136"
"0x7db95b76a2d0","      FFMA R61, R84, R89, R61","59136"
"0x7db95b76a2e0","      FFMA R59, R86, R88, R59","59136"
"0x7db95b76a2f0","      LDS.128 R80, [R65+0x480]","59136"
"0x7db95b76a300","      FFMA R60, R87, R88, R60","59136"
"0x7db95b76a310","      FFMA R58, R87, R89, R58","59136"
"0x7db95b76a320","      FFMA R57, R86, R89, R57","59136"
"0x7db95b76a330","      FFMA R55, R92, R88, R55","59136"
"0x7db95b76a340","      FFMA R56, R93, R88, R56","59136"
"0x7db95b76a350","      FFMA R54, R93, R89, R54","59136"
"0x7db95b76a360","      FFMA R53, R92, R89, R53","59136"
"0x7db95b76a370","      FFMA R51, R94, R88, R51","59136"
"0x7db95b76a380","      FFMA R52, R95, R88, R52","59136"
"0x7db95b76a390","      FFMA R50, R95, R89, R50","59136"
"0x7db95b76a3a0","      FFMA R48, R94, R89, R48","59136"
"0x7db95b76a3b0","      FFMA R49, R94, R90, R49","59136"
"0x7db95b76a3c0","      FFMA R47, R95, R90, R47","59136"
"0x7db95b76a3d0","      FFMA R46, R95, R91, R46","59136"
"0x7db95b76a3e0","      FFMA R45, R94, R91, R45","59136"
"0x7db95b76a3f0","      FFMA R43, R92, R90, R43","59136"
"0x7db95b76a400","      FFMA R44, R93, R90, R44","59136"
"0x7db95b76a410","      FFMA R42, R93, R91, R42","59136"
"0x7db95b76a420","      FFMA R41, R92, R91, R41","59136"
"0x7db95b76a430","      FFMA R39, R86, R90, R39","59136"
"0x7db95b76a440","      FFMA R40, R87, R90, R40","59136"
"0x7db95b76a450","      FFMA R38, R87, R91, R38","59136"
"0x7db95b76a460","      FFMA R37, R86, R91, R37","59136"
"0x7db95b76a470","      FFMA R35, R84, R90, R35","59136"
"0x7db95b76a480","      FFMA R36, R85, R90, R36","59136"
"0x7db95b76a490","      FFMA R34, R85, R91, R34","59136"
"0x7db95b76a4a0","      FFMA R32, R84, R91, R32","59136"
"0x7db95b76a4b0","      FFMA R33, R84, R96, R33","59136"
"0x7db95b76a4c0","      LDS.128 R88, [R65+0x600]","59136"
"0x7db95b76a4d0","      FFMA R31, R85, R96, R31","59136"
"0x7db95b76a4e0","      FFMA R30, R85, R97, R30","59136"
"0x7db95b76a4f0","      FFMA R29, R84, R97, R29","59136"
"0x7db95b76a500","      FFMA R27, R86, R96, R27","59136"
"0x7db95b76a510","      FFMA R28, R87, R96, R28","59136"
"0x7db95b76a520","      FFMA R26, R87, R97, R26","59136"
"0x7db95b76a530","      FFMA R25, R86, R97, R25","59136"
"0x7db95b76a540","      FFMA R23, R92, R96, R23","59136"
"0x7db95b76a550","      FFMA R24, R93, R96, R24","59136"
"0x7db95b76a560","      FFMA R22, R93, R97, R22","59136"
"0x7db95b76a570","      FFMA R21, R92, R97, R21","59136"
"0x7db95b76a580","      FFMA R19, R94, R96, R19","59136"
"0x7db95b76a590","      FFMA R20, R95, R96, R20","59136"
"0x7db95b76a5a0","      FFMA R18, R95, R97, R18","59136"
"0x7db95b76a5b0","      FFMA R16, R94, R97, R16","59136"
"0x7db95b76a5c0","      FFMA R17, R94, R98, R17","59136"
"0x7db95b76a5d0","      FFMA R15, R95, R98, R15","59136"
"0x7db95b76a5e0","      FFMA R14, R95, R99, R14","59136"
"0x7db95b76a5f0","      FFMA R13, R94, R99, R13","59136"
"0x7db95b76a600","      FFMA R11, R92, R98, R11","59136"
"0x7db95b76a610","      FFMA R12, R93, R98, R12","59136"
"0x7db95b76a620","      FFMA R10, R93, R99, R10","59136"
"0x7db95b76a630","      FFMA R9, R92, R99, R9","59136"
"0x7db95b76a640","      FFMA R7, R86, R98, R7","59136"
"0x7db95b76a650","      LDS.128 R92, [R66+0x340]","59136"
"0x7db95b76a660","      FFMA R8, R87, R98, R8","59136"
"0x7db95b76a670","      FFMA R6, R87, R99, R6","59136"
"0x7db95b76a680","      FFMA R5, R86, R99, R5","59136"
"0x7db95b76a690","      FFMA R3, R84, R98, R3","59136"
"0x7db95b76a6a0","      FFMA R4, R85, R98, R4","59136"
"0x7db95b76a6b0","      FFMA R2, R85, R99, R2","59136"
"0x7db95b76a6c0","      FFMA R0, R84, R99, R0","59136"
"0x7db95b76a6d0","      FFMA R63, R68, R72, R63","59136"
"0x7db95b76a6e0","      LDS.128 R84, [R66+0x300]","59136"
"0x7db95b76a6f0","      FFMA R64, R69, R72, R64","59136"
"0x7db95b76a700","      FFMA R62, R69, R73, R62","59136"
"0x7db95b76a710","      FFMA R61, R68, R73, R61","59136"
"0x7db95b76a720","      FFMA R59, R70, R72, R59","59136"
"0x7db95b76a730","      LDS.128 R96, [R65+0x680]","59136"
"0x7db95b76a740","      FFMA R60, R71, R72, R60","59136"
"0x7db95b76a750","      FFMA R58, R71, R73, R58","59136"
"0x7db95b76a760","      FFMA R57, R70, R73, R57","59136"
"0x7db95b76a770","      FFMA R55, R76, R72, R55","59136"
"0x7db95b76a780","      FFMA R56, R77, R72, R56","59136"
"0x7db95b76a790","      FFMA R54, R77, R73, R54","59136"
"0x7db95b76a7a0","      FFMA R53, R76, R73, R53","59136"
"0x7db95b76a7b0","      FFMA R51, R78, R72, R51","59136"
"0x7db95b76a7c0","      FFMA R52, R79, R72, R52","59136"
"0x7db95b76a7d0","      FFMA R50, R79, R73, R50","59136"
"0x7db95b76a7e0","      FFMA R48, R78, R73, R48","59136"
"0x7db95b76a7f0","      FFMA R49, R78, R74, R49","59136"
"0x7db95b76a800","      FFMA R47, R79, R74, R47","59136"
"0x7db95b76a810","      FFMA R46, R79, R75, R46","59136"
"0x7db95b76a820","      FFMA R45, R78, R75, R45","59136"
"0x7db95b76a830","      FFMA R43, R76, R74, R43","59136"
"0x7db95b76a840","      FFMA R44, R77, R74, R44","59136"
"0x7db95b76a850","      FFMA R42, R77, R75, R42","59136"
"0x7db95b76a860","      FFMA R41, R76, R75, R41","59136"
"0x7db95b76a870","      FFMA R39, R70, R74, R39","59136"
"0x7db95b76a880","      FFMA R40, R71, R74, R40","59136"
"0x7db95b76a890","      FFMA R38, R71, R75, R38","59136"
"0x7db95b76a8a0","      FFMA R37, R70, R75, R37","59136"
"0x7db95b76a8b0","      FFMA R35, R68, R74, R35","59136"
"0x7db95b76a8c0","      FFMA R36, R69, R74, R36","59136"
"0x7db95b76a8d0","      FFMA R34, R69, R75, R34","59136"
"0x7db95b76a8e0","      FFMA R32, R68, R75, R32","59136"
"0x7db95b76a8f0","      FFMA R33, R68, R80, R33","59136"
"0x7db95b76a900","      LDS.128 R72, [R65+0x800]","59136"
"0x7db95b76a910","      FFMA R31, R69, R80, R31","59136"
"0x7db95b76a920","      FFMA R30, R69, R81, R30","59136"
"0x7db95b76a930","      FFMA R29, R68, R81, R29","59136"
"0x7db95b76a940","      FFMA R27, R70, R80, R27","59136"
"0x7db95b76a950","      FFMA R28, R71, R80, R28","59136"
"0x7db95b76a960","      FFMA R26, R71, R81, R26","59136"
"0x7db95b76a970","      FFMA R25, R70, R81, R25","59136"
"0x7db95b76a980","      FFMA R23, R76, R80, R23","59136"
"0x7db95b76a990","      FFMA R24, R77, R80, R24","59136"
"0x7db95b76a9a0","      FFMA R22, R77, R81, R22","59136"
"0x7db95b76a9b0","      FFMA R21, R76, R81, R21","59136"
"0x7db95b76a9c0","      FFMA R19, R78, R80, R19","59136"
"0x7db95b76a9d0","      FFMA R20, R79, R80, R20","59136"
"0x7db95b76a9e0","      FFMA R18, R79, R81, R18","59136"
"0x7db95b76a9f0","      FFMA R16, R78, R81, R16","59136"
"0x7db95b76aa00","      FFMA R17, R78, R82, R17","59136"
"0x7db95b76aa10","      FFMA R15, R79, R82, R15","59136"
"0x7db95b76aa20","      FFMA R14, R79, R83, R14","59136"
"0x7db95b76aa30","      FFMA R13, R78, R83, R13","59136"
"0x7db95b76aa40","      FFMA R11, R76, R82, R11","59136"
"0x7db95b76aa50","      FFMA R12, R77, R82, R12","59136"
"0x7db95b76aa60","      FFMA R10, R77, R83, R10","59136"
"0x7db95b76aa70","      FFMA R9, R76, R83, R9","59136"
"0x7db95b76aa80","      FFMA R7, R70, R82, R7","59136"
"0x7db95b76aa90","      LDS.128 R76, [R66+0x440]","59136"
"0x7db95b76aaa0","      FFMA R8, R71, R82, R8","59136"
"0x7db95b76aab0","      FFMA R6, R71, R83, R6","59136"
"0x7db95b76aac0","      FFMA R5, R70, R83, R5","59136"
"0x7db95b76aad0","      FFMA R3, R68, R82, R3","59136"
"0x7db95b76aae0","      FFMA R4, R69, R82, R4","59136"
"0x7db95b76aaf0","      FFMA R2, R69, R83, R2","59136"
"0x7db95b76ab00","      FFMA R0, R68, R83, R0","59136"
"0x7db95b76ab10","      FFMA R63, R84, R88, R63","59136"
"0x7db95b76ab20","      LDS.128 R68, [R66+0x400]","59136"
"0x7db95b76ab30","      FFMA R64, R85, R88, R64","59136"
"0x7db95b76ab40","      FFMA R62, R85, R89, R62","59136"
"0x7db95b76ab50","      FFMA R61, R84, R89, R61","59136"
"0x7db95b76ab60","      FFMA R59, R86, R88, R59","59136"
"0x7db95b76ab70","      LDS.128 R80, [R65+0x880]","59136"
"0x7db95b76ab80","      FFMA R60, R87, R88, R60","59136"
"0x7db95b76ab90","      FFMA R58, R87, R89, R58","59136"
"0x7db95b76aba0","      FFMA R57, R86, R89, R57","59136"
"0x7db95b76abb0","      FFMA R55, R92, R88, R55","59136"
"0x7db95b76abc0","      FFMA R56, R93, R88, R56","59136"
"0x7db95b76abd0","      FFMA R54, R93, R89, R54","59136"
"0x7db95b76abe0","      FFMA R53, R92, R89, R53","59136"
"0x7db95b76abf0","      FFMA R51, R94, R88, R51","59136"
"0x7db95b76ac00","      FFMA R52, R95, R88, R52","59136"
"0x7db95b76ac10","      FFMA R50, R95, R89, R50","59136"
"0x7db95b76ac20","      FFMA R48, R94, R89, R48","59136"
"0x7db95b76ac30","      FFMA R49, R94, R90, R49","59136"
"0x7db95b76ac40","      FFMA R47, R95, R90, R47","59136"
"0x7db95b76ac50","      FFMA R46, R95, R91, R46","59136"
"0x7db95b76ac60","      FFMA R45, R94, R91, R45","59136"
"0x7db95b76ac70","      FFMA R43, R92, R90, R43","59136"
"0x7db95b76ac80","      FFMA R44, R93, R90, R44","59136"
"0x7db95b76ac90","      FFMA R42, R93, R91, R42","59136"
"0x7db95b76aca0","      FFMA R41, R92, R91, R41","59136"
"0x7db95b76acb0","      FFMA R39, R86, R90, R39","59136"
"0x7db95b76acc0","      FFMA R40, R87, R90, R40","59136"
"0x7db95b76acd0","      FFMA R38, R87, R91, R38","59136"
"0x7db95b76ace0","      FFMA R37, R86, R91, R37","59136"
"0x7db95b76acf0","      FFMA R35, R84, R90, R35","59136"
"0x7db95b76ad00","      FFMA R36, R85, R90, R36","59136"
"0x7db95b76ad10","      FFMA R34, R85, R91, R34","59136"
"0x7db95b76ad20","      FFMA R32, R84, R91, R32","59136"
"0x7db95b76ad30","      FFMA R33, R84, R96, R33","59136"
"0x7db95b76ad40","      LDS.128 R88, [R65+0xa00]","59136"
"0x7db95b76ad50","      FFMA R31, R85, R96, R31","59136"
"0x7db95b76ad60","      FFMA R30, R85, R97, R30","59136"
"0x7db95b76ad70","      FFMA R29, R84, R97, R29","59136"
"0x7db95b76ad80","      FFMA R27, R86, R96, R27","59136"
"0x7db95b76ad90","      FFMA R28, R87, R96, R28","59136"
"0x7db95b76ada0","      FFMA R26, R87, R97, R26","59136"
"0x7db95b76adb0","      FFMA R25, R86, R97, R25","59136"
"0x7db95b76adc0","      FFMA R23, R92, R96, R23","59136"
"0x7db95b76add0","      FFMA R24, R93, R96, R24","59136"
"0x7db95b76ade0","      FFMA R22, R93, R97, R22","59136"
"0x7db95b76adf0","      FFMA R21, R92, R97, R21","59136"
"0x7db95b76ae00","      FFMA R19, R94, R96, R19","59136"
"0x7db95b76ae10","      FFMA R20, R95, R96, R20","59136"
"0x7db95b76ae20","      FFMA R18, R95, R97, R18","59136"
"0x7db95b76ae30","      FFMA R16, R94, R97, R16","59136"
"0x7db95b76ae40","      FFMA R17, R94, R98, R17","59136"
"0x7db95b76ae50","      FFMA R15, R95, R98, R15","59136"
"0x7db95b76ae60","      FFMA R14, R95, R99, R14","59136"
"0x7db95b76ae70","      FFMA R13, R94, R99, R13","59136"
"0x7db95b76ae80","      FFMA R11, R92, R98, R11","59136"
"0x7db95b76ae90","      FFMA R12, R93, R98, R12","59136"
"0x7db95b76aea0","      FFMA R10, R93, R99, R10","59136"
"0x7db95b76aeb0","      FFMA R9, R92, R99, R9","59136"
"0x7db95b76aec0","      FFMA R7, R86, R98, R7","59136"
"0x7db95b76aed0","      LDS.128 R92, [R66+0x540]","59136"
"0x7db95b76aee0","      FFMA R8, R87, R98, R8","59136"
"0x7db95b76aef0","      FFMA R6, R87, R99, R6","59136"
"0x7db95b76af00","      FFMA R5, R86, R99, R5","59136"
"0x7db95b76af10","      FFMA R3, R84, R98, R3","59136"
"0x7db95b76af20","      FFMA R4, R85, R98, R4","59136"
"0x7db95b76af30","      FFMA R2, R85, R99, R2","59136"
"0x7db95b76af40","      FFMA R0, R84, R99, R0","59136"
"0x7db95b76af50","      FFMA R63, R68, R72, R63","59136"
"0x7db95b76af60","      LDS.128 R84, [R66+0x500]","59136"
"0x7db95b76af70","      FFMA R64, R69, R72, R64","59136"
"0x7db95b76af80","      FFMA R62, R69, R73, R62","59136"
"0x7db95b76af90","      FFMA R61, R68, R73, R61","59136"
"0x7db95b76afa0","      FFMA R59, R70, R72, R59","59136"
"0x7db95b76afb0","      LDS.128 R96, [R65+0xa80]","59136"
"0x7db95b76afc0","      FFMA R60, R71, R72, R60","59136"
"0x7db95b76afd0","      FFMA R58, R71, R73, R58","59136"
"0x7db95b76afe0","      FFMA R57, R70, R73, R57","59136"
"0x7db95b76aff0","      FFMA R55, R76, R72, R55","59136"
"0x7db95b76b000","      FFMA R56, R77, R72, R56","59136"
"0x7db95b76b010","      FFMA R54, R77, R73, R54","59136"
"0x7db95b76b020","      FFMA R53, R76, R73, R53","59136"
"0x7db95b76b030","      FFMA R51, R78, R72, R51","59136"
"0x7db95b76b040","      FFMA R52, R79, R72, R52","59136"
"0x7db95b76b050","      FFMA R50, R79, R73, R50","59136"
"0x7db95b76b060","      FFMA R48, R78, R73, R48","59136"
"0x7db95b76b070","      FFMA R49, R78, R74, R49","59136"
"0x7db95b76b080","      FFMA R47, R79, R74, R47","59136"
"0x7db95b76b090","      FFMA R46, R79, R75, R46","59136"
"0x7db95b76b0a0","      FFMA R45, R78, R75, R45","59136"
"0x7db95b76b0b0","      FFMA R43, R76, R74, R43","59136"
"0x7db95b76b0c0","      FFMA R44, R77, R74, R44","59136"
"0x7db95b76b0d0","      FFMA R42, R77, R75, R42","59136"
"0x7db95b76b0e0","      FFMA R41, R76, R75, R41","59136"
"0x7db95b76b0f0","      FFMA R39, R70, R74, R39","59136"
"0x7db95b76b100","      FFMA R40, R71, R74, R40","59136"
"0x7db95b76b110","      FFMA R38, R71, R75, R38","59136"
"0x7db95b76b120","      FFMA R37, R70, R75, R37","59136"
"0x7db95b76b130","      FFMA R35, R68, R74, R35","59136"
"0x7db95b76b140","      FFMA R36, R69, R74, R36","59136"
"0x7db95b76b150","      FFMA R34, R69, R75, R34","59136"
"0x7db95b76b160","      FFMA R32, R68, R75, R32","59136"
"0x7db95b76b170","      FFMA R33, R68, R80, R33","59136"
"0x7db95b76b180","      LDS.128 R72, [R65+0xc00]","59136"
"0x7db95b76b190","      FFMA R31, R69, R80, R31","59136"
"0x7db95b76b1a0","      FFMA R30, R69, R81, R30","59136"
"0x7db95b76b1b0","      FFMA R29, R68, R81, R29","59136"
"0x7db95b76b1c0","      FFMA R27, R70, R80, R27","59136"
"0x7db95b76b1d0","      FFMA R28, R71, R80, R28","59136"
"0x7db95b76b1e0","      FFMA R26, R71, R81, R26","59136"
"0x7db95b76b1f0","      FFMA R25, R70, R81, R25","59136"
"0x7db95b76b200","      FFMA R23, R76, R80, R23","59136"
"0x7db95b76b210","      FFMA R24, R77, R80, R24","59136"
"0x7db95b76b220","      FFMA R22, R77, R81, R22","59136"
"0x7db95b76b230","      FFMA R21, R76, R81, R21","59136"
"0x7db95b76b240","      FFMA R19, R78, R80, R19","59136"
"0x7db95b76b250","      FFMA R20, R79, R80, R20","59136"
"0x7db95b76b260","      FFMA R18, R79, R81, R18","59136"
"0x7db95b76b270","      FFMA R16, R78, R81, R16","59136"
"0x7db95b76b280","      FFMA R17, R78, R82, R17","59136"
"0x7db95b76b290","      FFMA R15, R79, R82, R15","59136"
"0x7db95b76b2a0","      FFMA R14, R79, R83, R14","59136"
"0x7db95b76b2b0","      FFMA R13, R78, R83, R13","59136"
"0x7db95b76b2c0","      R2P PR, R106, 0xf","59136"
"0x7db95b76b2d0","      FFMA R11, R76, R82, R11","59136"
"0x7db95b76b2e0","      FFMA R12, R77, R82, R12","59136"
"0x7db95b76b2f0","      FFMA R10, R77, R83, R10","59136"
"0x7db95b76b300","      FFMA R9, R76, R83, R9","59136"
"0x7db95b76b310","      FFMA R7, R70, R82, R7","59136"
"0x7db95b76b320","      LDS.128 R76, [R66+0x640]","59136"
"0x7db95b76b330","      FFMA R8, R71, R82, R8","59136"
"0x7db95b76b340","      FFMA R6, R71, R83, R6","59136"
"0x7db95b76b350","      FFMA R5, R70, R83, R5","59136"
"0x7db95b76b360","      FFMA R3, R68, R82, R3","59136"
"0x7db95b76b370","      FFMA R4, R69, R82, R4","59136"
"0x7db95b76b380","      PLOP3.LUT P6, PT, P1, PT, PT, 0x80, 0x8","59136"
"0x7db95b76b390","@!PT  LDS RZ, [RZ]","59136"
"0x7db95b76b3a0","@!PT  LDS RZ, [RZ]","59136"
"0x7db95b76b3b0","@!PT  LDS RZ, [RZ]","59136"
"0x7db95b76b3c0","@P0   LDGSTS.E.LTC128B [R104+UR9], [R122.64]","59136"
"0x7db95b76b3d0","      PLOP3.LUT P5, PT, P2, PT, PT, 0x80, 0x8","59136"
"0x7db95b76b3e0","      FFMA R2, R69, R83, R2","59136"
"0x7db95b76b3f0","      PLOP3.LUT P4, PT, P3, PT, PT, 0x80, 0x8","59136"
"0x7db95b76b400","      FFMA R0, R68, R83, R0","59136"
"0x7db95b76b410","      FFMA R63, R84, R88, R63","59136"
"0x7db95b76b420","      LDS.128 R68, [R66+0x600]","59136"
"0x7db95b76b430","      FFMA R64, R85, R88, R64","59136"
"0x7db95b76b440","      R2P PR, R107, 0xf","59136"
"0x7db95b76b450","      FFMA R62, R85, R89, R62","59136"
"0x7db95b76b460","      FFMA R61, R84, R89, R61","59136"
"0x7db95b76b470","      LDS.128 R80, [R65+0xc80]","59136"
"0x7db95b76b480","      FFMA R59, R86, R88, R59","59136"
"0x7db95b76b490","      FFMA R60, R87, R88, R60","59136"
"0x7db95b76b4a0","      FFMA R58, R87, R89, R58","59136"
"0x7db95b76b4b0","      FFMA R57, R86, R89, R57","59136"
"0x7db95b76b4c0","      FFMA R55, R92, R88, R55","59136"
"0x7db95b76b4d0","      FFMA R56, R93, R88, R56","59136"
"0x7db95b76b4e0","      IADD3 R125, PT, PT, R67, UR8, RZ","59136"
"0x7db95b76b4f0","      FFMA R54, R93, R89, R54","59136"
"0x7db95b76b500","      FFMA R53, R92, R89, R53","59136"
"0x7db95b76b510","@!PT  LDS RZ, [RZ]","59136"
"0x7db95b76b520","@!PT  LDS RZ, [RZ]","59136"
"0x7db95b76b530","@!PT  LDS RZ, [RZ]","59136"
"0x7db95b76b540","@P0   LDGSTS.E.LTC128B [R67+UR8+0x2800], [R116.64]","59136"
"0x7db95b76b550","      FFMA R51, R94, R88, R51","59136"
"0x7db95b76b560","      FFMA R52, R95, R88, R52","59136"
"0x7db95b76b570","      FFMA R50, R95, R89, R50","59136"
"0x7db95b76b580","@P1   LDGSTS.E.LTC128B [R125+0x2840], [R116.64+UR14]","59136"
"0x7db95b76b590","      FFMA R48, R94, R89, R48","59136"
"0x7db95b76b5a0","      IADD3 R127, PT, PT, R104, UR9, RZ","59136"
"0x7db95b76b5b0","      FFMA R49, R94, R90, R49","59136"
"0x7db95b76b5c0","@P2   LDGSTS.E.LTC128B [R125+0x2880], [R116.64+UR18]","59136"
"0x7db95b76b5d0","      FFMA R47, R95, R90, R47","59136"
"0x7db95b76b5e0","      FFMA R46, R95, R91, R46","59136"
"0x7db95b76b5f0","      FFMA R45, R94, R91, R45","59136"
"0x7db95b76b600","@P6   LDGSTS.E.LTC128B [R127+0x40], [R122.64+UR16]","59136"
"0x7db95b76b610","      FFMA R43, R92, R90, R43","59136"
"0x7db95b76b620","      FFMA R44, R93, R90, R44","59136"
"0x7db95b76b630","      FFMA R42, R93, R91, R42","59136"
"0x7db95b76b640","@P5   LDGSTS.E.LTC128B [R127+0x80], [R122.64+UR20]","59136"
"0x7db95b76b650","      FFMA R41, R92, R91, R41","59136"
"0x7db95b76b660","      FFMA R39, R86, R90, R39","59136"
"0x7db95b76b670","      FFMA R40, R87, R90, R40","59136"
"0x7db95b76b680","      FFMA R38, R87, R91, R38","59136"
"0x7db95b76b690","      FFMA R37, R86, R91, R37","59136"
"0x7db95b76b6a0","      FFMA R35, R84, R90, R35","59136"
"0x7db95b76b6b0","      FFMA R36, R85, R90, R36","59136"
"0x7db95b76b6c0","      FFMA R34, R85, R91, R34","59136"
"0x7db95b76b6d0","      FFMA R32, R84, R91, R32","59136"
"0x7db95b76b6e0","      FFMA R33, R84, R96, R33","59136"
"0x7db95b76b6f0","      LDS.128 R88, [R65+0xe00]","59136"
"0x7db95b76b700","      FFMA R31, R85, R96, R31","59136"
"0x7db95b76b710","      FFMA R30, R85, R97, R30","59136"
"0x7db95b76b720","      FFMA R29, R84, R97, R29","59136"
"0x7db95b76b730","      FFMA R27, R86, R96, R27","59136"
"0x7db95b76b740","      FFMA R28, R87, R96, R28","59136"
"0x7db95b76b750","      FFMA R26, R87, R97, R26","59136"
"0x7db95b76b760","      FFMA R25, R86, R97, R25","59136"
"0x7db95b76b770","      FFMA R23, R92, R96, R23","59136"
"0x7db95b76b780","      FFMA R24, R93, R96, R24","59136"
"0x7db95b76b790","      IMAD.WIDE.U32 R124, R100, 0x3, R116","59136"
"0x7db95b76b7a0","      FFMA R22, R93, R97, R22","59136"
"0x7db95b76b7b0","      IADD3 R120, PT, PT, R66, 0x100, RZ","59136"
"0x7db95b76b7c0","      FFMA R21, R92, R97, R21","59136"
"0x7db95b76b7d0","      FFMA R19, R94, R96, R19","59136"
"0x7db95b76b7e0","      FFMA R20, R95, R96, R20","59136"
"0x7db95b76b7f0","      FFMA R18, R95, R97, R18","59136"
"0x7db95b76b800","      IADD3 R125, PT, PT, R125, R114, RZ","59136"
"0x7db95b76b810","      IMAD.WIDE.U32 R118, R102, 0x3, R122","59136"
"0x7db95b76b820","      FFMA R16, R94, R97, R16","59136"
"0x7db95b76b830","      IADD3 R121, PT, PT, R65, 0x200, RZ","59136"
"0x7db95b76b840","      LEA R122, P0, R100, R116, 0x2","59136"
"0x7db95b76b850","@!PT  LDS RZ, [RZ]","59136"
"0x7db95b76b860","@!PT  LDS RZ, [RZ]","59136"
"0x7db95b76b870","@!PT  LDS RZ, [RZ]","59136"
"0x7db95b76b880","@P3   LDGSTS.E.LTC128B [R67+UR8+0x28c0], [R124.64]","59136"
"0x7db95b76b890","      FFMA R17, R94, R98, R17","59136"
"0x7db95b76b8a0","      FFMA R15, R95, R98, R15","59136"
"0x7db95b76b8b0","      FFMA R14, R95, R99, R14","59136"
"0x7db95b76b8c0","      FFMA R13, R94, R99, R13","59136"
"0x7db95b76b8d0","      LEA.HI.X R123, R100, R117, R101, 0x2, P0","59136"
"0x7db95b76b8e0","      FFMA R11, R92, R98, R11","59136"
"0x7db95b76b8f0","      R2P PR, R107.B1, 0xf","59136"
"0x7db95b76b900","      FFMA R12, R93, R98, R12","59136"
"0x7db95b76b910","      FFMA R10, R93, R99, R10","59136"
"0x7db95b76b920","      FFMA R9, R92, R99, R9","59136"
"0x7db95b76b930","      FFMA R7, R86, R98, R7","59136"
"0x7db95b76b940","      LDS.128 R92, [R66+0x740]","59136"
"0x7db95b76b950","      FFMA R8, R87, R98, R8","59136"
"0x7db95b76b960","      FFMA R6, R87, R99, R6","59136"
"0x7db95b76b970","      FFMA R5, R86, R99, R5","59136"
"0x7db95b76b980","      FFMA R3, R84, R98, R3","59136"
"0x7db95b76b990","      FFMA R4, R85, R98, R4","59136"
"0x7db95b76b9a0","      FFMA R2, R85, R99, R2","59136"
"0x7db95b76b9b0","      FFMA R0, R84, R99, R0","59136"
"0x7db95b76b9c0","@!PT  LDS RZ, [RZ]","59136"
"0x7db95b76b9d0","@!PT  LDS RZ, [RZ]","59136"
"0x7db95b76b9e0","@!PT  LDS RZ, [RZ]","59136"
"0x7db95b76b9f0","@P0   LDGSTS.E.LTC128B [R67+UR8+0x2900], [R122.64]","59136"
"0x7db95b76ba00","      FFMA R63, R68, R72, R63","59136"
"0x7db95b76ba10","      FFMA R64, R69, R72, R64","59136"
"0x7db95b76ba20","      FFMA R62, R69, R73, R62","59136"
"0x7db95b76ba30","      LDS.128 R84, [R66+0x700]","59136"
"0x7db95b76ba40","      FFMA R61, R68, R73, R61","59136"
"0x7db95b76ba50","      FFMA R59, R70, R72, R59","59136"
"0x7db95b76ba60","      FFMA R60, R71, R72, R60","59136"
"0x7db95b76ba70","      FFMA R58, R71, R73, R58","59136"
"0x7db95b76ba80","      LDS.128 R96, [R65+0xe80]","59136"
"0x7db95b76ba90","      FFMA R57, R70, R73, R57","59136"
"0x7db95b76baa0","      FFMA R55, R76, R72, R55","59136"
"0x7db95b76bab0","      FFMA R56, R77, R72, R56","59136"
"0x7db95b76bac0","      FFMA R54, R77, R73, R54","59136"
"0x7db95b76bad0","      FFMA R53, R76, R73, R53","59136"
"0x7db95b76bae0","      FFMA R51, R78, R72, R51","59136"
"0x7db95b76baf0","      FFMA R52, R79, R72, R52","59136"
"0x7db95b76bb00","      FFMA R50, R79, R73, R50","59136"
"0x7db95b76bb10","      FFMA R48, R78, R73, R48","59136"
"0x7db95b76bb20","      FFMA R49, R78, R74, R49","59136"
"0x7db95b76bb30","      FFMA R47, R79, R74, R47","59136"
"0x7db95b76bb40","      FFMA R46, R79, R75, R46","59136"
"0x7db95b76bb50","      FFMA R45, R78, R75, R45","59136"
"0x7db95b76bb60","      FFMA R43, R76, R74, R43","59136"
"0x7db95b76bb70","      FFMA R44, R77, R74, R44","59136"
"0x7db95b76bb80","      FFMA R42, R77, R75, R42","59136"
"0x7db95b76bb90","      FFMA R41, R76, R75, R41","59136"
"0x7db95b76bba0","      FFMA R39, R70, R74, R39","59136"
"0x7db95b76bbb0","      FFMA R40, R71, R74, R40","59136"
"0x7db95b76bbc0","      FFMA R38, R71, R75, R38","59136"
"0x7db95b76bbd0","      FFMA R37, R70, R75, R37","59136"
"0x7db95b76bbe0","      IMAD.WIDE.U32 R124, R100, 0x5, R116","59136"
"0x7db95b76bbf0","      FFMA R35, R68, R74, R35","59136"
"0x7db95b76bc00","      IADD3 R119, PT, PT, R119, R115, RZ","59136"
"0x7db95b76bc10","      FFMA R36, R69, R74, R36","59136"
"0x7db95b76bc20","      IMAD.WIDE.U32 R122, R100, 0x6, R116","59136"
"0x7db95b76bc30","      FFMA R34, R69, R75, R34","59136"
"0x7db95b76bc40","      IADD3 R125, PT, PT, R125, R113, RZ","59136"
"0x7db95b76bc50","@!PT  LDS RZ, [RZ]","59136"
"0x7db95b76bc60","@!PT  LDS RZ, [RZ]","59136"
"0x7db95b76bc70","@!PT  LDS RZ, [RZ]","59136"
"0x7db95b76bc80","@P4   LDGSTS.E.LTC128B [R104+UR9+0xc0], [R118.64]","59136"
"0x7db95b76bc90","      IMAD.WIDE.U32 R116, R100, 0x7, R116","59136"
"0x7db95b76bca0","      FFMA R32, R68, R75, R32","59136"
"0x7db95b76bcb0","      IADD3 R123, PT, PT, R123, R112, RZ","59136"
"0x7db95b76bcc0","@P1   LDGSTS.E.LTC128B [R67+UR8+0x2940], [R124.64]","59136"
"0x7db95b76bcd0","      FFMA R33, R68, R80, R33","59136"
"0x7db95b76bce0","      FFMA R31, R69, R80, R31","59136"
"0x7db95b76bcf0","      IADD3 R117, PT, PT, R117, R103, RZ","59136"
"0x7db95b76bd00","@P2   LDGSTS.E.LTC128B [R67+UR8+0x2980], [R122.64]","59136"
"0x7db95b76bd10","      FFMA R30, R69, R81, R30","59136"
"0x7db95b76bd20","      FFMA R29, R68, R81, R29","59136"
"0x7db95b76bd30","      FFMA R27, R70, R80, R27","59136"
"0x7db95b76bd40","@P3   LDGSTS.E.LTC128B [R67+UR8+0x29c0], [R116.64]","59136"
"0x7db95b76bd50","      FFMA R28, R71, R80, R28","59136"
"0x7db95b76bd60","      FFMA R26, R71, R81, R26","59136"
"0x7db95b76bd70","      FFMA R25, R70, R81, R25","59136"
"0x7db95b76bd80","      LDGDEPBAR","59136"
"0x7db95b76bd90","      FFMA R23, R76, R80, R23","59136"
"0x7db95b76bda0","      FFMA R24, R77, R80, R24","59136"
"0x7db95b76bdb0","      FFMA R22, R77, R81, R22","59136"
"0x7db95b76bdc0","      FFMA R21, R76, R81, R21","59136"
"0x7db95b76bdd0","      FFMA R19, R78, R80, R19","59136"
"0x7db95b76bde0","      FFMA R20, R79, R80, R20","59136"
"0x7db95b76bdf0","      FFMA R18, R79, R81, R18","59136"
"0x7db95b76be00","      FFMA R16, R78, R81, R16","59136"
"0x7db95b76be10","      FFMA R17, R78, R82, R17","59136"
"0x7db95b76be20","      FFMA R15, R79, R82, R15","59136"
"0x7db95b76be30","      FFMA R14, R79, R83, R14","59136"
"0x7db95b76be40","      FFMA R13, R78, R83, R13","59136"
"0x7db95b76be50","      FFMA R11, R76, R82, R11","59136"
"0x7db95b76be60","      FFMA R12, R77, R82, R12","59136"
"0x7db95b76be70","      FFMA R10, R77, R83, R10","59136"
"0x7db95b76be80","      FFMA R9, R76, R83, R9","59136"
"0x7db95b76be90","      FFMA R7, R70, R82, R7","59136"
"0x7db95b76bea0","      FFMA R8, R71, R82, R8","59136"
"0x7db95b76beb0","      FFMA R6, R71, R83, R6","59136"
"0x7db95b76bec0","      FFMA R5, R70, R83, R5","59136"
"0x7db95b76bed0","      FFMA R3, R68, R82, R3","59136"
"0x7db95b76bee0","      FFMA R4, R69, R82, R4","59136"
"0x7db95b76bef0","      FFMA R2, R69, R83, R2","59136"
"0x7db95b76bf00","      DEPBAR.LE SB0, 0x3","59136"
"0x7db95b76bf10","      BAR.SYNC.DEFER_BLOCKING 0x0","59136"
"0x7db95b76bf20","      FFMA R0, R68, R83, R0","59136"
"0x7db95b76bf30","      IADD3 R66, PT, PT, R66, -0x2000, RZ","59136"
"0x7db95b76bf40","      IADD3 R65, PT, PT, R65, -0x4000, RZ","59136"
"0x7db95b76bf50","      IADD3 R105, PT, PT, R105, 0x1, RZ","59136"
"0x7db95b76bf60","      FFMA R63, R84, R88, R63","59136"
"0x7db95b76bf70","      FFMA R64, R85, R88, R64","59136"
"0x7db95b76bf80","      FFMA R62, R85, R89, R62","59136"
"0x7db95b76bf90","      FFMA R61, R84, R89, R61","59136"
"0x7db95b76bfa0","      ISETP.NE.AND P0, PT, R105, 0x5, PT","59136"
"0x7db95b76bfb0","      FFMA R59, R86, R88, R59","59136"
"0x7db95b76bfc0","      FFMA R60, R87, R88, R60","59136"
"0x7db95b76bfd0","      FFMA R58, R87, R89, R58","59136"
"0x7db95b76bfe0","      FFMA R57, R86, R89, R57","59136"
"0x7db95b76bff0","      SEL R105, R105, RZ, P0","59136"
"0x7db95b76c000","      FFMA R55, R92, R88, R55","59136"
"0x7db95b76c010","      FFMA R56, R93, R88, R56","59136"
"0x7db95b76c020","      FFMA R54, R93, R89, R54","59136"
"0x7db95b76c030","      FFMA R53, R92, R89, R53","59136"
"0x7db95b76c040","      FFMA R51, R94, R88, R51","59136"
"0x7db95b76c050","      FFMA R52, R95, R88, R52","59136"
"0x7db95b76c060","      FFMA R50, R95, R89, R50","59136"
"0x7db95b76c070","@P0   IADD3 R66, PT, PT, R120, 0x700, RZ","59136"
"0x7db95b76c080","@P0   IADD3 R65, PT, PT, R121, 0xe00, RZ","59136"
"0x7db95b76c090","      ISETP.GT.AND P0, PT, R108, -0x3, PT","59136"
"0x7db95b76c0a0","      FFMA R48, R94, R89, R48","59136"
"0x7db95b76c0b0","      FFMA R49, R94, R90, R49","59136"
"0x7db95b76c0c0","      LDS.128 R68, [R66]","59136"
"0x7db95b76c0d0","      FFMA R47, R95, R90, R47","59136"
"0x7db95b76c0e0","      FFMA R46, R95, R91, R46","59136"
"0x7db95b76c0f0","      FFMA R45, R94, R91, R45","59136"
"0x7db95b76c100","      FFMA R43, R92, R90, R43","59136"
"0x7db95b76c110","      LDS.128 R76, [R66+0x40]","59136"
"0x7db95b76c120","      FFMA R44, R93, R90, R44","59136"
"0x7db95b76c130","      FFMA R42, R93, R91, R42","59136"
"0x7db95b76c140","      FFMA R41, R92, R91, R41","59136"
"0x7db95b76c150","      FFMA R39, R86, R90, R39","59136"
"0x7db95b76c160","      LDS.128 R72, [R65]","59136"
"0x7db95b76c170","      FFMA R40, R87, R90, R40","59136"
"0x7db95b76c180","      FFMA R38, R87, R91, R38","59136"
"0x7db95b76c190","      FFMA R37, R86, R91, R37","59136"
"0x7db95b76c1a0","      FFMA R35, R84, R90, R35","59136"
"0x7db95b76c1b0","      LDS.128 R80, [R65+0x80]","59136"
"0x7db95b76c1c0","      FFMA R36, R85, R90, R36","59136"
"0x7db95b76c1d0","      FFMA R34, R85, R91, R34","59136"
"0x7db95b76c1e0","      FFMA R32, R84, R91, R32","59136"
"0x7db95b76c1f0","      FFMA R33, R84, R96, R33","59136"
"0x7db95b76c200","      FFMA R31, R85, R96, R31","59136"
"0x7db95b76c210","      FFMA R30, R85, R97, R30","59136"
"0x7db95b76c220","      FFMA R29, R84, R97, R29","59136"
"0x7db95b76c230","      FFMA R27, R86, R96, R27","59136"
"0x7db95b76c240","      FFMA R28, R87, R96, R28","59136"
"0x7db95b76c250","      FFMA R26, R87, R97, R26","59136"
"0x7db95b76c260","      UIADD3 UR7, UPT, UPT, UR7, 0x1, URZ","59136"
"0x7db95b76c270","      FFMA R25, R86, R97, R25","59136"
"0x7db95b76c280","      FFMA R23, R92, R96, R23","59136"
"0x7db95b76c290","      FFMA R24, R93, R96, R24","59136"
"0x7db95b76c2a0","      FFMA R22, R93, R97, R22","59136"
"0x7db95b76c2b0","      UISETP.NE.AND UP0, UPT, UR7, 0x5, UPT","59136"
"0x7db95b76c2c0","      FFMA R21, R92, R97, R21","59136"
"0x7db95b76c2d0","      FFMA R19, R94, R96, R19","59136"
"0x7db95b76c2e0","      FFMA R20, R95, R96, R20","59136"
"0x7db95b76c2f0","      FFMA R18, R95, R97, R18","59136"
"0x7db95b76c300","      FFMA R16, R94, R97, R16","59136"
"0x7db95b76c310","      FFMA R17, R94, R98, R17","59136"
"0x7db95b76c320","      FFMA R15, R95, R98, R15","59136"
"0x7db95b76c330","      FFMA R14, R95, R99, R14","59136"
"0x7db95b76c340","      FFMA R13, R94, R99, R13","59136"
"0x7db95b76c350","      FFMA R11, R92, R98, R11","59136"
"0x7db95b76c360","      IADD3 R120, PT, PT, R108, -0x1, RZ","59136"
"0x7db95b76c370","      UIADD3 UR6, UPT, UPT, UR9, -0x2000, URZ","59136"
"0x7db95b76c380","      UIADD3 UR5, UPT, UPT, UR8, -0x4000, URZ","59136"
"0x7db95b76c390","      FFMA R12, R93, R98, R12","59136"
"0x7db95b76c3a0","@UP0  UIADD3 UR6, UPT, UPT, UR9, 0x800, URZ","59136"
"0x7db95b76c3b0","@UP0  UIMAD.U32 UR5, UR8, 0x1, UR4","59136"
"0x7db95b76c3c0","      FFMA R10, R93, R99, R10","59136"
"0x7db95b76c3d0","      FFMA R9, R92, R99, R9","59136"
"0x7db95b76c3e0","      FFMA R7, R86, R98, R7","59136"
"0x7db95b76c3f0","      FFMA R8, R87, R98, R8","59136"
"0x7db95b76c400","      ISETP.NE.AND P1, PT, R120, RZ, PT","59136"
"0x7db95b76c410","      FFMA R6, R87, R99, R6","59136"
"0x7db95b76c420","      FFMA R5, R86, R99, R5","59136"
"0x7db95b76c430","      FFMA R3, R84, R98, R3","59136"
"0x7db95b76c440","      IADD.64 R122, R118, UR12","59136"
"0x7db95b76c450","      USEL UR7, UR7, URZ, UP0","59136"
"0x7db95b76c460","      IADD.64 R116, R116, UR10","59136"
"0x7db95b76c470","      FFMA R4, R85, R98, R4","59136"
"0x7db95b76c480","      UMOV UR9, UR6","59136"
"0x7db95b76c490","      UMOV UR8, UR5","59136"
"0x7db95b76c4a0","      FFMA R2, R85, R99, R2","59136"
"0x7db95b76c4b0","      SEL R106, R106, RZ, P1","59136"
"0x7db95b76c4c0","      SEL R107, R107, RZ, P1","59136"
"0x7db95b76c4d0","      MOV R108, R120","59136"
"0x7db95b76c4e0","      FFMA R0, R84, R99, R0","59136"
"0x7db95b76c4f0","@P0   BRA 0x7db95b769e30","59136"
"0x7db95b76c500","      LDGDEPBAR","2772"
"0x7db95b76c510","      LDCU.64 UR6, c[0x0][0x488]","2772"
"0x7db95b76c520","      LDC.64 R74, c[0x0][0x398]","2772"
"0x7db95b76c530","      LDGDEPBAR","2772"
"0x7db95b76c540","      LDCU.64 UR4, c[0x0][0x490]","2772"
"0x7db95b76c550","      S2R R67, SR_CTAID.Y","2772"
"0x7db95b76c560","      S2R R83, SR_CTAID.X","2772"
"0x7db95b76c570","      LDC.64 R80, c[0x0][0x3b0]","2772"
"0x7db95b76c580","      ISETP.NE.S64.AND P1, PT, RZ, UR6, PT","2772"
"0x7db95b76c590","      ISETP.NE.S64.AND P0, PT, RZ, UR4, PT","2772"
"0x7db95b76c5a0","      MOV R69, 0xffffffff","2772"
"0x7db95b76c5b0","      LDCU UR4, c[0x0][0x38c]","2772"
"0x7db95b76c5c0","      DEPBAR.LE SB0, 0x0","2772"
"0x7db95b76c5d0","@P1   LDC.64 R78, c[0x0][0x488]","2772"
"0x7db95b76c5e0","      BAR.SYNC.DEFER_BLOCKING 0x0","2772"
"0x7db95b76c5f0","@P0   LDC.64 R70, c[0x0][0x490]","2772"
"0x7db95b76c600","@P1   LDG.E R78, [R78]","2772"
"0x7db95b76c610","@P0   LDG.E R77, [R70]","2772"
"0x7db95b76c620","      LDCU UR5, c[0x0][0x480]","2772"
"0x7db95b76c630","      SHF.L.U32 R82, R69, R74, RZ","2772"
"0x7db95b76c640","      S2R R65, SR_TID.X","2772"
"0x7db95b76c650","      LDCU.64 UR6, c[0x0][0x4a8]","2772"
"0x7db95b76c660","      SHF.L.U32 R67, R67, R74, RZ","2772"
"0x7db95b76c670","      S2R R76, SR_CTAID.Z","2772"
"0x7db95b76c680","      LOP3.LUT R82, R83, R82, RZ, 0x30, !PT","2772"
"0x7db95b76c690","      SHF.R.U32.HI R83, RZ, R74, R83","2772"
"0x7db95b76c6a0","      IADD3 R82, PT, PT, R67, R82, RZ","2772"
"0x7db95b76c6b0","      IMAD R67, R82, UR4, R83","2772"
"0x7db95b76c6c0","      MOV R74, UR5","2772"
"0x7db95b76c6d0","      IMAD.WIDE R80, R67, 0x4, R80","2772"
"0x7db95b76c6e0","      LDC.64 R66, c[0x0][0x4b0]","2772"
"0x7db95b76c6f0","      MOV.64 R70, UR6","2772"
"0x7db95b76c700","@!P1  LDC R78, c[0x0][0x478]","2772"
"0x7db95b76c710","@!P0  LDC R77, c[0x0][0x47c]","2772"
"0x7db95b76c720","      ISETP.NE.AND P0, PT, R75, RZ, PT","2772"
"0x7db95b76c730","@P0   BRA 0x7db95b76c830","2772"
"0x7db95b76c740","      LDC R68, c[0x0][0x394]","2772"
"0x7db95b76c750","      MOV R79, 0xffffffff","2772"
"0x7db95b76c760","      ISETP.GE.AND P0, PT, R68, 0x2, PT","2772"
"0x7db95b76c770","@!P0  BRA 0x7db95b76ca40","2772"
"0x7db95b76c780","      LDC R74, c[0x0][0x480]","2772"
"0x7db95b76c790","      ISETP.NE.AND P0, PT, R65, RZ, PT","2772"
"0x7db95b76c7a0","      MOV R79, 0xffffffff","2772"
"0x7db95b76c7b0","      IADD3 R69, PT, PT, R68, -0x1, RZ","2772"
"0x7db95b76c7c0","      ISETP.NE.AND P1, PT, R76, RZ, PT","2772"
"0x7db95b76c7d0","@!P0  LDG.E.STRONG.GPU R79, [R80]","2772"
"0x7db95b76c7e0","@!P0  CCTL.IVALL","2772"
"0x7db95b76c7f0","      ISETP.NE.AND P0, PT, R76, R69, PT","2772"
"0x7db95b76c800","      FSEL R77, R77, 1, !P1","2772"
"0x7db95b76c810","      FSEL R74, R74, -QNAN , !P0","2772"
"0x7db95b76c820","      BRA 0x7db95b76ca40","2772"
"0x7db95b76c830","      ISETP.NE.AND P0, PT, R75, 0x3, PT","0"
"0x7db95b76c840","      MOV R79, 0xffffffff","0"
"0x7db95b76c850","@!P0  BRA 0x7db95b76c9e0","0"
"0x7db95b76c860","      ISETP.NE.AND P0, PT, R75, 0x2, PT","0"
"0x7db95b76c870","@!P0  BRA 0x7db95b76c910","0"
"0x7db95b76c880","      ISETP.NE.AND P0, PT, R75, 0x1, PT","0"
"0x7db95b76c890","@P0   BRA 0x7db95b76ca40","0"
"0x7db95b76c8a0","      LDC.64 R68, c[0x0][0x3a8]","0"
"0x7db95b76c8b0","      LDC.64 R66, c[0x0][0x4b0]","0"
"0x7db95b76c8c0","      IMAD.WIDE.U32 R72, R76, R68, RZ","0"
"0x7db95b76c8d0","      IMAD R68, R76, R69, R73","0"
"0x7db95b76c8e0","      LEA R66, P0, R72, R66, 0x2","0"
"0x7db95b76c8f0","      LEA.HI.X R67, R72, R67, R68, 0x2, P0","0"
"0x7db95b76c900","      BRA 0x7db95b76ca40","0"
"0x7db95b76c910","      LDC.64 R72, c[0x0][0x4c8]","0"
"0x7db95b76c920","      LDC.64 R68, c[0x0][0x3a8]","0"
"0x7db95b76c930","      LDC.64 R70, c[0x0][0x4a8]","0"
"0x7db95b76c940","      LDC.64 R66, c[0x0][0x4b0]","0"
"0x7db95b76c950","      IMAD.WIDE.U32 R84, R76, R72, RZ","0"
"0x7db95b76c960","      IMAD.WIDE.U32 R86, R76, R68, RZ","0"
"0x7db95b76c970","      IMAD R68, R76, R73, R85","0"
"0x7db95b76c980","      IMAD R72, R76, R69, R87","0"
"0x7db95b76c990","      LEA R70, P1, R84, R70, 0x2","0"
"0x7db95b76c9a0","      LEA.HI.X R71, R84, R71, R68, 0x2, P1","0"
"0x7db95b76c9b0","      LEA R66, P0, R86, R66, 0x2","0"
"0x7db95b76c9c0","      LEA.HI.X R67, R86, R67, R72, 0x2, P0","0"
"0x7db95b76c9d0","      BRA 0x7db95b76ca40","0"
"0x7db95b76c9e0","      LDC.64 R70, c[0x0][0x4a8]","0"
"0x7db95b76c9f0","      LDC.64 R66, c[0x0][0x4b0]","0"
"0x7db95b76ca00","      IMAD.WIDE.U32 R70, R76, 0x8, R70","0"
"0x7db95b76ca10","      LDG.E.64 R70, [R70]","0"
"0x7db95b76ca20","      IMAD.WIDE.U32 R66, R76, 0x8, R66","0"
"0x7db95b76ca30","      LDG.E.64 R66, [R66]","0"
"0x7db95b76ca40","      LDC R72, c[0x0][0x394]","2772"
"0x7db95b76ca50","      LDCU UR8, c[0x0][0x384]","2772"
"0x7db95b76ca60","      SHF.R.U32.HI R69, RZ, 0x3, R65","2772"
"0x7db95b76ca70","      IMAD R85, R111, 0x2, R110","2772"
"0x7db95b76ca80","      LOP3.LUT R73, R65, 0x1f, RZ, 0xc0, !PT","2772"
"0x7db95b76ca90","      LDCU.64 UR6, c[0x0][0x3f8]","2772"
"0x7db95b76caa0","      SHF.R.U32.HI R87, RZ, 0x1, R65","2772"
"0x7db95b76cab0","      IMAD.SHL.U32 R85, R85, 0x4, RZ","2772"
"0x7db95b76cac0","      LOP3.LUT R88, R69, 0x4, RZ, 0xc0, !PT","2772"
"0x7db95b76cad0","      LDCU.64 UR4, c[0x0][0x438]","2772"
"0x7db95b76cae0","      SHF.R.U32.HI R86, RZ, 0x4, R65","2772"
"0x7db95b76caf0","      IMAD R73, R82, 0x80, R73","2772"
"0x7db95b76cb00","      LOP3.LUT R84, R69, 0x2, RZ, 0xc0, !PT","2772"
"0x7db95b76cb10","      ISETP.NE.S64.AND P2, PT, R70, RZ, PT","2772"
"0x7db95b76cb20","      IMAD.WIDE R102, R73, 0x4, RZ","2772"
"0x7db95b76cb30","      LOP3.LUT R88, R88, 0x1e0, R87, 0xf8, !PT","2772"
"0x7db95b76cb40","      ISETP.NE.S64.AND P1, PT, R66, RZ, PT","2772"
"0x7db95b76cb50","      ISETP.GE.AND P6, PT, R73, UR8, PT","2772"
"0x7db95b76cb60","      SHF.R.U32.HI R82, RZ, 0x5, R65","2772"
"0x7db95b76cb70","      IMAD.SHL.U32 R109, R109, 0x40, RZ","2772"
"0x7db95b76cb80","      LOP3.LUT R69, R86, 0x3c, RZ, 0xc0, !PT","2772"
"0x7db95b76cb90","      LDCU.64 UR12, c[0x0][0x408]","2772"
"0x7db95b76cba0","      IADD3 R86, PT, PT, R73, 0x20, RZ","2772"
"0x7db95b76cbb0","      LOP3.LUT R84, R84, 0x1, R65, 0xf8, !PT","2772"
"0x7db95b76cbc0","      LOP3.LUT R82, R69, 0x1, R82, 0xf8, !PT","2772"
"0x7db95b76cbd0","      IMAD R69, R83, 0x40, R88","2772"
"0x7db95b76cbe0","      ISETP.GE.AND P0, PT, R72, 0x2, PT","2772"
"0x7db95b76cbf0","      ISETP.GE.AND P5, PT, R86, UR8, PT","2772"
"0x7db95b76cc00","      LOP3.LUT R85, R85, R84, RZ, 0xfc, !PT","2772"
"0x7db95b76cc10","      IMAD.SHL.U32 R86, R65, 0x4, RZ","2772"
"0x7db95b76cc20","      IADD3 R83, PT, PT, R73, 0x40, RZ","2772"
"0x7db95b76cc30","      IMAD.WIDE.U32 R100, R69, UR6, R102","2772"
"0x7db95b76cc40","      IADD3 R84, PT, PT, R73, 0x60, RZ","2772"
"0x7db95b76cc50","      ISETP.NE.OR P0, PT, R75, RZ, !P0","2772"
"0x7db95b76cc60","      IADD3 R68, PT, PT, R65, R65, RZ","2772"
"0x7db95b76cc70","      IMAD R101, R69, UR7, R101","2772"
"0x7db95b76cc80","      LOP3.LUT R73, R86, 0x7c, RZ, 0xc0, !PT","2772"
"0x7db95b76cc90","      IMAD.WIDE.U32 R102, R69, UR4, R102","2772"
"0x7db95b76cca0","      SEL R72, RZ, 0x1, P6","2772"
"0x7db95b76ccb0","      ISETP.GE.AND P4, PT, R83, UR8, PT","2772"
"0x7db95b76ccc0","      ISETP.GE.AND P3, PT, R84, UR8, PT","2772"
"0x7db95b76ccd0","      IADD.64 R100, R70, R100","2772"
"0x7db95b76cce0","      IMAD R103, R69, UR5, R103","2772"
"0x7db95b76ccf0","      LOP3.LUT R68, R109, 0x1c, R68, 0xf8, !PT","2772"
"0x7db95b76cd00","      IMAD R82, R82, 0x244, R73","2772"
"0x7db95b76cd10","      SEL R83, R72, RZ, P2","2772"
"0x7db95b76cd20","      SEL R70, R72, RZ, P1","2772"
"0x7db95b76cd30","      SEL R73, RZ, 0x1, P3","2772"
"0x7db95b76cd40","      SEL R72, RZ, 0x1, P4","2772"
"0x7db95b76cd50","      SEL R71, RZ, 0x1, P5","2772"
"0x7db95b76cd60","      LDCU.64 UR10, c[0x0][0x418]","2772"
"0x7db95b76cd70","      IMAD R68, R85, 0x91, R68","2772"
"0x7db95b76cd80","      IADD.64 R86, R102, R66","2772"
"0x7db95b76cd90","      LDCU.64 UR8, c[0x0][0x420]","2772"
"0x7db95b76cda0","      SEL R75, R73, RZ, P2","2772"
"0x7db95b76cdb0","      SEL R85, R72, RZ, P2","2772"
"0x7db95b76cdc0","      SEL R84, R71, RZ, P2","2772"
"0x7db95b76cdd0","      SEL R73, R73, RZ, P1","2772"
"0x7db95b76cde0","      SEL R72, R72, RZ, P1","2772"
"0x7db95b76cdf0","      SEL R71, R71, RZ, P1","2772"
"0x7db95b76ce00","@P0   BRA 0x7db95b76cfe0","2772"
"0x7db95b76ce10","      S2UR UR4, SR_CTAID.Z","2772"
"0x7db95b76ce20","      ISETP.NE.AND P1, PT, R79, R76, PT","2772"
"0x7db95b76ce30","      BAR.RED.AND.DEFER_BLOCKING 0x0, P1","2772"
"0x7db95b76ce40","      B2R.RESULT RZ, P1","2772"
"0x7db95b76ce50","      UISETP.NE.AND UP0, UPT, UR4, URZ, UPT","2772"
"0x7db95b76ce60","      PLOP3.LUT P0, PT, PT, PT, UP0, 0x80, 0x8","2772"
"0x7db95b76ce70","@UP0  LDCU.64 UR8, c[0x0][0x460]","2772"
"0x7db95b76ce80","@UP0  LDCU.64 UR10, c[0x0][0x458]","2772"
"0x7db95b76ce90","@UP0  LDCU.64 UR12, c[0x0][0x448]","2772"
"0x7db95b76cea0","@P0   MOV.64 R100, R86","2772"
"0x7db95b76ceb0","@P0   PRMT R75, R73, 0x7610, R75","2772"
"0x7db95b76cec0","@P0   PRMT R85, R72, 0x7610, R85","2772"
"0x7db95b76ced0","@P0   PRMT R84, R71, 0x7610, R84","2772"
"0x7db95b76cee0","@P0   PRMT R83, R70, 0x7610, R83","2772"
"0x7db95b76cef0","@!P1  BRA 0x7db95b76cfb0","2772"
"0x7db95b76cf00","      ISETP.NE.AND P1, PT, R65, RZ, PT","1216"
"0x7db95b76cf10","      YIELD","10756"
"0x7db95b76cf20","@P1   BRA 0x7db95b76cf50","10756"
"0x7db95b76cf30","      LDG.E.STRONG.GPU R79, [R80]","2689"
"0x7db95b76cf40","      CCTL.IVALL","2689"
"0x7db95b76cf50","      ISETP.NE.AND P0, PT, R79, R76, PT","13445"
"0x7db95b76cf60","      WARPSYNC.ALL","13445"
"0x7db95b76cf70","      NOP","10756"
"0x7db95b76cf80","      BAR.RED.AND.DEFER_BLOCKING 0x0, P0","10756"
"0x7db95b76cf90","      B2R.RESULT RZ, P0","10756"
"0x7db95b76cfa0","@P0   BRA 0x7db95b76cf10","10756"
"0x7db95b76cfb0","      WARPSYNC.ALL","2772"
"0x7db95b76cfc0","      NOP","2772"
"0x7db95b76cfd0","      BAR.SYNC.DEFER_BLOCKING 0x0","2772"
"0x7db95b76cfe0","      FSETP.NEU.AND P0, PT, R77, RZ, PT","2772"
"0x7db95b76cff0","      BSSY.RECONVERGENT B0, 0x7db95b771f00","2772"
"0x7db95b76d000","@!P0  BRA 0x7db95b76fec0","2772"
"0x7db95b76d010","      LDCU UR6, c[0x0][0x380]","1848"
"0x7db95b76d020","      PRMT R79, R83, 0x9910, RZ","1848"
"0x7db95b76d030","      HFMA2 R98, -RZ, RZ, 0, 0","1848"
"0x7db95b76d040","      PRMT R84, R84, 0x9910, RZ","1848"
"0x7db95b76d050","      MOV R96, RZ","1848"
"0x7db95b76d060","      ISETP.NE.AND P3, PT, R79, RZ, PT","1848"
"0x7db95b76d070","      PRMT R79, R85, 0x9910, RZ","1848"
"0x7db95b76d080","      PRMT R75, R75, 0x9910, RZ","1848"
"0x7db95b76d090","      HFMA2 R94, -RZ, RZ, 0, 0","1848"
"0x7db95b76d0a0","      ISETP.NE.AND P2, PT, R84, RZ, PT","1848"
"0x7db95b76d0b0","      ISETP.NE.AND P1, PT, R79, RZ, PT","1848"
"0x7db95b76d0c0","      MOV R92, RZ","1848"
"0x7db95b76d0d0","      HFMA2 R90, -RZ, RZ, 0, 0","1848"
"0x7db95b76d0e0","      MOV R88, RZ","1848"
"0x7db95b76d0f0","      HFMA2 R86, -RZ, RZ, 0, 0","1848"
"0x7db95b76d100","      S2UR UR4, SR_CgaCtaId","1848"
"0x7db95b76d110","      ISETP.LT.AND P4, PT, R69, UR6, P3","1848"
"0x7db95b76d120","      ISETP.LT.AND P0, PT, R69, UR6, P2","1848"
"0x7db95b76d130","      ISETP.LT.AND P5, PT, R69, UR6, P1","1848"
"0x7db95b76d140","      IADD3 R83, PT, PT, R69, 0x8, RZ","1848"
"0x7db95b76d150","      SHF.R.U32.HI R82, RZ, 0x4, R65","1848"
"0x7db95b76d160","      UMOV UR5, 0x400","1848"
"0x7db95b76d170","      IADD.64 R104, R102, R66","1848"
"0x7db95b76d180","      LDCU.64 UR16, c[0x0][0x448]","1848"
"0x7db95b76d190","      LDCU.64 UR14, c[0x0][0x458]","1848"
"0x7db95b76d1a0","@P4   LDG.E.LTC128B R98, [R100]","1848"
"0x7db95b76d1b0","@P0   LDG.E.LTC128B R96, [R100+0x80]","1848"
"0x7db95b76d1c0","      ISETP.NE.AND P0, PT, R75, RZ, PT","1848"
"0x7db95b76d1d0","@P5   LDG.E.LTC128B R94, [R100+0x100]","1848"
"0x7db95b76d1e0","      ISETP.LT.AND P4, PT, R69, UR6, P0","1848"
"0x7db95b76d1f0","      ISETP.LT.AND P5, PT, R83, UR6, P3","1848"
"0x7db95b76d200","@P4   LDG.E.LTC128B R92, [R100+0x180]","1848"
"0x7db95b76d210","      ISETP.LT.AND P4, PT, R83, UR6, P2","1848"
"0x7db95b76d220","@P5   LDG.E.LTC128B R90, [R100.64+UR12]","1848"
"0x7db95b76d230","      ISETP.LT.AND P5, PT, R83, UR6, P1","1848"
"0x7db95b76d240","      MOV R84, RZ","1848"
"0x7db95b76d250","@P4   LDG.E.LTC128B R88, [R100.64+UR12+0x80]","1848"
"0x7db95b76d260","      ISETP.LT.AND P4, PT, R83, UR6, P0","1848"
"0x7db95b76d270","@P5   LDG.E.LTC128B R86, [R100.64+UR12+0x100]","1848"
"0x7db95b76d280","@P4   LDG.E.LTC128B R84, [R100.64+UR12+0x180]","1848"
"0x7db95b76d290","      SHF.R.U32.HI R75, RZ, 0x5, R65","1848"
"0x7db95b76d2a0","      IMAD.SHL.U32 R79, R65, 0x4, RZ","1848"
"0x7db95b76d2b0","      LOP3.LUT R82, R82, 0x3c, RZ, 0xc0, !PT","1848"
"0x7db95b76d2c0","      ULEA UR4, UR4, UR5, 0x18","1848"
"0x7db95b76d2d0","      LOP3.LUT R75, R82, 0x1, R75, 0xf8, !PT","1848"
"0x7db95b76d2e0","      LOP3.LUT R82, R79, 0x7c, RZ, 0xc0, !PT","1848"
"0x7db95b76d2f0","      LEA R79, R68, UR4, 0x2","1848"
"0x7db95b76d300","      BAR.SYNC.DEFER_BLOCKING 0x0","1848"
"0x7db95b76d310","      IMAD R75, R75, 0x244, R82","1848"
"0x7db95b76d320","      STS [R79], R63","1848"
"0x7db95b76d330","      STS [R79+0x4], R61","1848"
"0x7db95b76d340","      STS [R79+0x8], R35","1848"
"0x7db95b76d350","      STS [R79+0xc], R32","1848"
"0x7db95b76d360","      STS [R79+0x80], R33","1848"
"0x7db95b76d370","      STS [R79+0x84], R29","1848"
"0x7db95b76d380","      STS [R79+0x88], R3","1848"
"0x7db95b76d390","      STS [R79+0x8c], R0","1848"
"0x7db95b76d3a0","      BAR.SYNC.DEFER_BLOCKING 0x0","1848"
"0x7db95b76d3b0","      LDS R91, [R75+UR4]","1848"
"0x7db95b76d3c0","      LDS R89, [R75+UR4+0x80]","1848"
"0x7db95b76d3d0","      LDS R87, [R75+UR4+0x100]","1848"
"0x7db95b76d3e0","      LDS R85, [R75+UR4+0x180]","1848"
"0x7db95b76d3f0","      ISETP.GE.AND P6, PT, R69, UR6, PT","1848"
"0x7db95b76d400","      LDS R63, [R75+UR4+0x488]","1848"
"0x7db95b76d410","      SEL R32, R70, RZ, !P6","1848"
"0x7db95b76d420","      SEL R29, R71, RZ, !P6","1848"
"0x7db95b76d430","      LDS R61, [R75+UR4+0x508]","1848"
"0x7db95b76d440","      ISETP.NE.U32.AND P5, PT, R32, RZ, PT","1848"
"0x7db95b76d450","      LDS R35, [R75+UR4+0x588]","1848"
"0x7db95b76d460","      ISETP.NE.U32.AND P4, PT, R29, RZ, PT","1848"
"0x7db95b76d470","      LDS R33, [R75+UR4+0x608]","1848"
"0x7db95b76d480","      FMUL R3, R91, R78","1848"
"0x7db95b76d490","      FMUL R29, R89, R78","1848"
"0x7db95b76d4a0","      FMUL R85, R85, R78","1848"
"0x7db95b76d4b0","      FMUL R63, R63, R78","1848"
"0x7db95b76d4c0","      FMUL R61, R61, R78","1848"
"0x7db95b76d4d0","      FMUL R35, R35, R78","1848"
"0x7db95b76d4e0","      FMUL R33, R33, R78","1848"
"0x7db95b76d4f0","      FFMA R3, R98, R77, R3","1848"
"0x7db95b76d500","      FFMA R29, R96, R77, R29","1848"
"0x7db95b76d510","      FMNMX R32, R3, R74, !PT","1848"
"0x7db95b76d520","      SEL R3, R72, RZ, !P6","1848"
"0x7db95b76d530","      FMNMX R0, R29, R74, !PT","1848"
"0x7db95b76d540","@P5   STG.E [R104], R32","1848"
"0x7db95b76d550","      FMUL R29, R87, R78","1848"
"0x7db95b76d560","      ISETP.NE.U32.AND P5, PT, R3, RZ, PT","1848"
"0x7db95b76d570","      SEL R3, R73, RZ, !P6","1848"
"0x7db95b76d580","@P4   STG.E [R104+0x80], R0","1848"
"0x7db95b76d590","      FFMA R29, R94, R77, R29","1848"
"0x7db95b76d5a0","      ISETP.GE.AND P4, PT, R83, UR6, PT","1848"
"0x7db95b76d5b0","      ISETP.NE.U32.AND P6, PT, R3, RZ, PT","1848"
"0x7db95b76d5c0","      FMNMX R29, R29, R74, !PT","1848"
"0x7db95b76d5d0","      SEL R3, R70, RZ, !P4","1848"
"0x7db95b76d5e0","      FFMA R85, R92, R77, R85","1848"
"0x7db95b76d5f0","@P5   STG.E [R104+0x100], R29","1848"
"0x7db95b76d600","      ISETP.NE.U32.AND P5, PT, R3, RZ, PT","1848"
"0x7db95b76d610","      FFMA R63, R90, R77, R63","1848"
"0x7db95b76d620","      FMNMX R85, R85, R74, !PT","1848"
"0x7db95b76d630","      FMNMX R63, R63, R74, !PT","1848"
"0x7db95b76d640","@P6   STG.E [R104+0x180], R85","1848"
"0x7db95b76d650","      SEL R0, R71, RZ, !P4","1848"
"0x7db95b76d660","      ISETP.NE.U32.AND P6, PT, R0, RZ, PT","1848"
"0x7db95b76d670","      SEL R0, R72, RZ, !P4","1848"
"0x7db95b76d680","      FFMA R61, R88, R77, R61","1848"
"0x7db95b76d690","@P5   STG.E [R104.64+UR16], R63","1848"
"0x7db95b76d6a0","      ISETP.NE.U32.AND P5, PT, R0, RZ, PT","1848"
"0x7db95b76d6b0","      FFMA R35, R86, R77, R35","1848"
"0x7db95b76d6c0","      SEL R0, R73, RZ, !P4","1848"
"0x7db95b76d6d0","      FMNMX R61, R61, R74, !PT","1848"
"0x7db95b76d6e0","      IADD3 R3, PT, PT, R69, 0x1, RZ","1848"
"0x7db95b76d6f0","      FMNMX R35, R35, R74, !PT","1848"
"0x7db95b76d700","      ISETP.NE.U32.AND P4, PT, R0, RZ, PT","1848"
"0x7db95b76d710","@P6   STG.E [R104.64+UR16+0x80], R61","1848"
"0x7db95b76d720","      ISETP.LT.AND P6, PT, R3, UR6, P3","1848"
"0x7db95b76d730","      FFMA R33, R84, R77, R33","1848"
"0x7db95b76d740","@P5   STG.E [R104.64+UR16+0x100], R35","1848"
"0x7db95b76d750","      ISETP.LT.AND P5, PT, R3, UR6, P2","1848"
"0x7db95b76d760","      FMNMX R29, R33, R74, !PT","1848"
"0x7db95b76d770","@P4   STG.E [R104.64+UR16+0x180], R29","1848"
"0x7db95b76d780","      ISETP.LT.AND P4, PT, R3, UR6, P1","1848"
"0x7db95b76d790","@P6   LDG.E.LTC128B R98, [R100.64+UR10]","1848"
"0x7db95b76d7a0","@P5   LDG.E.LTC128B R96, [R100.64+UR10+0x80]","1848"
"0x7db95b76d7b0","      IADD3 R0, PT, PT, R69, 0x9, RZ","1848"
"0x7db95b76d7c0","      ISETP.LT.AND P5, PT, R3, UR6, P0","1848"
"0x7db95b76d7d0","@P4   LDG.E.LTC128B R94, [R100.64+UR10+0x100]","1848"
"0x7db95b76d7e0","      ISETP.LT.AND P4, PT, R0, UR6, P3","1848"
"0x7db95b76d7f0","      IADD.64 R32, R100, UR10","1848"
"0x7db95b76d800","@P5   LDG.E.LTC128B R92, [R100.64+UR10+0x180]","1848"
"0x7db95b76d810","      ISETP.LT.AND P5, PT, R0, UR6, P2","1848"
"0x7db95b76d820","@P4   LDG.E.LTC128B R90, [R32.64+UR12]","1848"
"0x7db95b76d830","      ISETP.LT.AND P4, PT, R0, UR6, P1","1848"
"0x7db95b76d840","@P5   LDG.E.LTC128B R88, [R32.64+UR12+0x80]","1848"
"0x7db95b76d850","      ISETP.LT.AND P5, PT, R0, UR6, P0","1848"
"0x7db95b76d860","@P4   LDG.E.LTC128B R86, [R32.64+UR12+0x100]","1848"
"0x7db95b76d870","@P5   LDG.E.LTC128B R84, [R32.64+UR12+0x180]","1848"
"0x7db95b76d880","      BAR.SYNC.DEFER_BLOCKING 0x0","1848"
"0x7db95b76d890","      STS [R79], R64","1848"
"0x7db95b76d8a0","      STS [R79+0x4], R62","1848"
"0x7db95b76d8b0","      STS [R79+0x8], R36","1848"
"0x7db95b76d8c0","      STS [R79+0xc], R34","1848"
"0x7db95b76d8d0","      STS [R79+0x80], R31","1848"
"0x7db95b76d8e0","      STS [R79+0x84], R30","1848"
"0x7db95b76d8f0","      STS [R79+0x88], R4","1848"
"0x7db95b76d900","      STS [R79+0x8c], R2","1848"
"0x7db95b76d910","      BAR.SYNC.DEFER_BLOCKING 0x0","1848"
"0x7db95b76d920","      LDS R85, [R75+UR4]","1848"
"0x7db95b76d930","      LDS R61, [R75+UR4+0x80]","1848"
"0x7db95b76d940","      LDS R35, [R75+UR4+0x100]","1848"
"0x7db95b76d950","      ISETP.GE.AND P6, PT, R3, UR6, PT","1848"
"0x7db95b76d960","      LDS R29, [R75+UR4+0x180]","1848"
"0x7db95b76d970","      LDS R83, [R75+UR4+0x488]","1848"
"0x7db95b76d980","      SEL R3, R70, RZ, !P6","1848"
"0x7db95b76d990","      SEL R2, R71, RZ, !P6","1848"
"0x7db95b76d9a0","      LDS R63, [R75+UR4+0x508]","1848"
"0x7db95b76d9b0","      ISETP.NE.U32.AND P5, PT, R3, RZ, PT","1848"
"0x7db95b76d9c0","      ISETP.NE.U32.AND P4, PT, R2, RZ, PT","1848"
"0x7db95b76d9d0","      SEL R2, R72, RZ, !P6","1848"
"0x7db95b76d9e0","      LDS R31, [R75+UR4+0x608]","1848"
"0x7db95b76d9f0","      FMUL R85, R85, R78","1848"
"0x7db95b76da00","      FMUL R3, R61, R78","1848"
"0x7db95b76da10","      LDS R61, [R75+UR4+0x588]","1848"
"0x7db95b76da20","      FMUL R35, R35, R78","1848"
"0x7db95b76da30","      FMUL R29, R29, R78","1848"
"0x7db95b76da40","      FMUL R83, R83, R78","1848"
"0x7db95b76da50","      FMUL R63, R63, R78","1848"
"0x7db95b76da60","      FMUL R31, R31, R78","1848"
"0x7db95b76da70","      UIADD3.64 UR18, UPT, UPT, UR10, UR10, URZ","1848"
"0x7db95b76da80","      IADD.64 R32, R32, UR12","1848"
"0x7db95b76da90","      FFMA R85, R98, R77, R85","1848"
"0x7db95b76daa0","      FFMA R3, R96, R77, R3","1848"
"0x7db95b76dab0","      FMNMX R85, R85, R74, !PT","1848"
"0x7db95b76dac0","      FMNMX R3, R3, R74, !PT","1848"
"0x7db95b76dad0","@P5   STG.E [R104.64+UR14], R85","1848"
"0x7db95b76dae0","      ISETP.NE.U32.AND P5, PT, R2, RZ, PT","1848"
"0x7db95b76daf0","      FFMA R35, R94, R77, R35","1848"
"0x7db95b76db00","@P4   STG.E [R104.64+UR14+0x80], R3","1848"
"0x7db95b76db10","      ISETP.GE.AND P4, PT, R0, UR6, PT","1848"
"0x7db95b76db20","      SEL R2, R73, RZ, !P6","1848"
"0x7db95b76db30","      FMNMX R35, R35, R74, !PT","1848"
"0x7db95b76db40","      SEL R0, R70, RZ, !P4","1848"
"0x7db95b76db50","      ISETP.NE.U32.AND P6, PT, R2, RZ, PT","1848"
"0x7db95b76db60","@P5   STG.E [R104.64+UR14+0x100], R35","1848"
"0x7db95b76db70","      ISETP.NE.U32.AND P5, PT, R0, RZ, PT","1848"
"0x7db95b76db80","      SEL R2, R72, RZ, !P4","1848"
"0x7db95b76db90","      SEL R4, R71, RZ, !P4","1848"
"0x7db95b76dba0","      FFMA R3, R92, R77, R29","1848"
"0x7db95b76dbb0","      FFMA R29, R90, R77, R83","1848"
"0x7db95b76dbc0","      IADD.64 R82, R104, UR14","1848"
"0x7db95b76dbd0","      FMNMX R3, R3, R74, !PT","1848"
"0x7db95b76dbe0","      FMNMX R0, R29, R74, !PT","1848"
"0x7db95b76dbf0","@P6   STG.E [R104.64+UR14+0x180], R3","1848"
"0x7db95b76dc00","      FMUL R35, R61, R78","1848"
"0x7db95b76dc10","@P5   STG.E [R82.64+UR16], R0","1848"
"0x7db95b76dc20","      ISETP.NE.U32.AND P5, PT, R2, RZ, PT","1848"
"0x7db95b76dc30","      FFMA R35, R86, R77, R35","1848"
"0x7db95b76dc40","      ISETP.NE.U32.AND P6, PT, R4, RZ, PT","1848"
"0x7db95b76dc50","      FFMA R29, R88, R77, R63","1848"
"0x7db95b76dc60","      SEL R2, R73, RZ, !P4","1848"
"0x7db95b76dc70","      IADD3 R4, PT, PT, R69, 0x2, RZ","1848"
"0x7db95b76dc80","      FMNMX R35, R35, R74, !PT","1848"
"0x7db95b76dc90","      FMNMX R29, R29, R74, !PT","1848"
"0x7db95b76dca0","      ISETP.NE.U32.AND P4, PT, R2, RZ, PT","1848"
"0x7db95b76dcb0","@P5   STG.E [R82.64+UR16+0x100], R35","1848"
"0x7db95b76dcc0","      ISETP.LT.AND P5, PT, R4, UR6, P2","1848"
"0x7db95b76dcd0","@P6   STG.E [R82.64+UR16+0x80], R29","1848"
"0x7db95b76dce0","      ISETP.LT.AND P6, PT, R4, UR6, P3","1848"
"0x7db95b76dcf0","      FFMA R3, R84, R77, R31","1848"
"0x7db95b76dd00","      FMNMX R3, R3, R74, !PT","1848"
"0x7db95b76dd10","@P4   STG.E [R82.64+UR16+0x180], R3","1848"
"0x7db95b76dd20","@P5   LDG.E.LTC128B R96, [R100.64+UR18+0x80]","1848"
"0x7db95b76dd30","      ISETP.LT.AND P5, PT, R4, UR6, P0","1848"
"0x7db95b76dd40","      ISETP.LT.AND P4, PT, R4, UR6, P1","1848"
"0x7db95b76dd50","@P6   LDG.E.LTC128B R98, [R100.64+UR18]","1848"
"0x7db95b76dd60","      IADD3 R0, PT, PT, R69, 0xa, RZ","1848"
"0x7db95b76dd70","@P5   LDG.E.LTC128B R92, [R100.64+UR18+0x180]","1848"
"0x7db95b76dd80","      ISETP.LT.AND P5, PT, R0, UR6, P2","1848"
"0x7db95b76dd90","@P4   LDG.E.LTC128B R94, [R100.64+UR18+0x100]","1848"
"0x7db95b76dda0","      ISETP.LT.AND P4, PT, R0, UR6, P3","1848"
"0x7db95b76ddb0","@P5   LDG.E.LTC128B R88, [R32.64+UR10+0x80]","1848"
"0x7db95b76ddc0","      ISETP.LT.AND P5, PT, R0, UR6, P1","1848"
"0x7db95b76ddd0","@P4   LDG.E.LTC128B R90, [R32.64+UR10]","1848"
"0x7db95b76dde0","      ISETP.LT.AND P4, PT, R0, UR6, P0","1848"
"0x7db95b76ddf0","@P5   LDG.E.LTC128B R86, [R32.64+UR10+0x100]","1848"
"0x7db95b76de00","@P4   LDG.E.LTC128B R84, [R32.64+UR10+0x180]","1848"
"0x7db95b76de10","      BAR.SYNC.DEFER_BLOCKING 0x0","1848"
"0x7db95b76de20","      STS [R79], R59","1848"
"0x7db95b76de30","      STS [R79+0x4], R57","1848"
"0x7db95b76de40","      STS [R79+0x8], R39","1848"
"0x7db95b76de50","      STS [R79+0xc], R37","1848"
"0x7db95b76de60","      STS [R79+0x80], R27","1848"
"0x7db95b76de70","      STS [R79+0x84], R25","1848"
"0x7db95b76de80","      STS [R79+0x88], R7","1848"
"0x7db95b76de90","      STS [R79+0x8c], R5","1848"
"0x7db95b76dea0","      BAR.SYNC.DEFER_BLOCKING 0x0","1848"
"0x7db95b76deb0","      LDS R63, [R75+UR4]","1848"
"0x7db95b76dec0","      LDS R61, [R75+UR4+0x80]","1848"
"0x7db95b76ded0","      LDS R29, [R75+UR4+0x100]","1848"
"0x7db95b76dee0","      LDS R3, [R75+UR4+0x180]","1848"
"0x7db95b76def0","      ISETP.GE.AND P6, PT, R4, UR6, PT","1848"
"0x7db95b76df00","      LDS R35, [R75+UR4+0x488]","1848"
"0x7db95b76df10","      SEL R4, R70, RZ, !P6","1848"
"0x7db95b76df20","      LDS R31, [R75+UR4+0x508]","1848"
"0x7db95b76df30","      SEL R2, R71, RZ, !P6","1848"
"0x7db95b76df40","      LDS R27, [R75+UR4+0x588]","1848"
"0x7db95b76df50","      ISETP.NE.U32.AND P4, PT, R4, RZ, PT","1848"
"0x7db95b76df60","      ISETP.NE.U32.AND P5, PT, R2, RZ, PT","1848"
"0x7db95b76df70","      LDS R25, [R75+UR4+0x608]","1848"
"0x7db95b76df80","      SEL R4, R72, RZ, !P6","1848"
"0x7db95b76df90","      FMUL R7, R63, R78","1848"
"0x7db95b76dfa0","      FMUL R5, R61, R78","1848"
"0x7db95b76dfb0","      SEL R2, R73, RZ, !P6","1848"
"0x7db95b76dfc0","      FMUL R29, R29, R78","1848"
"0x7db95b76dfd0","      ISETP.NE.U32.AND P6, PT, R2, RZ, PT","1848"
"0x7db95b76dfe0","      FMUL R3, R3, R78","1848"
"0x7db95b76dff0","      FMUL R35, R35, R78","1848"
"0x7db95b76e000","      IADD.64 R36, R82, UR14","1848"
"0x7db95b76e010","      FMUL R31, R31, R78","1848"
"0x7db95b76e020","      FMUL R27, R27, R78","1848"
"0x7db95b76e030","      FMUL R25, R25, R78","1848"
"0x7db95b76e040","      UIMAD UR5, UR11, 0x3, URZ","1848"
"0x7db95b76e050","      IADD.64 R32, R32, UR10","1848"
"0x7db95b76e060","      FFMA R5, R96, R77, R5","1848"
"0x7db95b76e070","      FFMA R7, R98, R77, R7","1848"
"0x7db95b76e080","      FMNMX R5, R5, R74, !PT","1848"
"0x7db95b76e090","      FMNMX R7, R7, R74, !PT","1848"
"0x7db95b76e0a0","@P5   STG.E [R82.64+UR14+0x80], R5","1848"
"0x7db95b76e0b0","@P4   STG.E [R82.64+UR14], R7","1848"
"0x7db95b76e0c0","      ISETP.NE.U32.AND P4, PT, R4, RZ, PT","1848"
"0x7db95b76e0d0","      ISETP.GE.AND P5, PT, R0, UR6, PT","1848"
"0x7db95b76e0e0","      FFMA R29, R94, R77, R29","1848"
"0x7db95b76e0f0","      FFMA R3, R92, R77, R3","1848"
"0x7db95b76e100","      SEL R2, R70, RZ, !P5","1848"
"0x7db95b76e110","      FMNMX R29, R29, R74, !PT","1848"
"0x7db95b76e120","      FMNMX R3, R3, R74, !PT","1848"
"0x7db95b76e130","      SEL R0, R71, RZ, !P5","1848"
"0x7db95b76e140","@P4   STG.E [R82.64+UR14+0x100], R29","1848"
"0x7db95b76e150","      ISETP.NE.U32.AND P4, PT, R2, RZ, PT","1848"
"0x7db95b76e160","      SEL R2, R72, RZ, !P5","1848"
"0x7db95b76e170","      FFMA R35, R90, R77, R35","1848"
"0x7db95b76e180","@P6   STG.E [R82.64+UR14+0x180], R3","1848"
"0x7db95b76e190","      ISETP.NE.U32.AND P6, PT, R0, RZ, PT","1848"
"0x7db95b76e1a0","      FFMA R31, R88, R77, R31","1848"
"0x7db95b76e1b0","      SEL R0, R73, RZ, !P5","1848"
"0x7db95b76e1c0","      FMNMX R35, R35, R74, !PT","1848"
"0x7db95b76e1d0","      ISETP.NE.U32.AND P5, PT, R2, RZ, PT","1848"
"0x7db95b76e1e0","      FMNMX R31, R31, R74, !PT","1848"
"0x7db95b76e1f0","@P4   STG.E [R36.64+UR16], R35","1848"
"0x7db95b76e200","      FFMA R27, R86, R77, R27","1848"
"0x7db95b76e210","      ISETP.NE.U32.AND P4, PT, R0, RZ, PT","1848"
"0x7db95b76e220","      IADD3 R0, PT, PT, R69, 0x3, RZ","1848"
"0x7db95b76e230","      MOV.64 R4, UR10","1848"
"0x7db95b76e240","@P6   STG.E [R36.64+UR16+0x80], R31","1848"
"0x7db95b76e250","      FMNMX R27, R27, R74, !PT","1848"
"0x7db95b76e260","      ISETP.LT.AND P6, PT, R0, UR6, P3","1848"
"0x7db95b76e270","      FFMA R25, R84, R77, R25","1848"
"0x7db95b76e280","      IMAD.WIDE.U32 R4, R4, 0x3, R100","1848"
"0x7db95b76e290","@P5   STG.E [R36.64+UR16+0x100], R27","1848"
"0x7db95b76e2a0","      ISETP.LT.AND P5, PT, R0, UR6, P2","1848"
"0x7db95b76e2b0","      FMNMX R25, R25, R74, !PT","1848"
"0x7db95b76e2c0","      IADD3 R5, PT, PT, R5, UR5, RZ","1848"
"0x7db95b76e2d0","@P4   STG.E [R36.64+UR16+0x180], R25","1848"
"0x7db95b76e2e0","@P6   LDG.E.LTC128B R98, [R4]","1848"
"0x7db95b76e2f0","      ISETP.LT.AND P6, PT, R0, UR6, P1","1848"
"0x7db95b76e300","@P5   LDG.E.LTC128B R96, [R4+0x80]","1848"
"0x7db95b76e310","      ISETP.LT.AND P4, PT, R0, UR6, P0","1848"
"0x7db95b76e320","      IADD3 R2, PT, PT, R69, 0xb, RZ","1848"
"0x7db95b76e330","      ISETP.LT.AND P5, PT, R2, UR6, P3","1848"
"0x7db95b76e340","@P6   LDG.E.LTC128B R94, [R4+0x100]","1848"
"0x7db95b76e350","@P4   LDG.E.LTC128B R92, [R4+0x180]","1848"
"0x7db95b76e360","      ISETP.LT.AND P4, PT, R2, UR6, P2","1848"
"0x7db95b76e370","@P5   LDG.E.LTC128B R90, [R32.64+UR10]","1848"
"0x7db95b76e380","      ISETP.LT.AND P5, PT, R2, UR6, P1","1848"
"0x7db95b76e390","@P4   LDG.E.LTC128B R88, [R32.64+UR10+0x80]","1848"
"0x7db95b76e3a0","      ISETP.LT.AND P4, PT, R2, UR6, P0","1848"
"0x7db95b76e3b0","@P5   LDG.E.LTC128B R86, [R32.64+UR10+0x100]","1848"
"0x7db95b76e3c0","@P4   LDG.E.LTC128B R84, [R32.64+UR10+0x180]","1848"
"0x7db95b76e3d0","      BAR.SYNC.DEFER_BLOCKING 0x0","1848"
"0x7db95b76e3e0","      STS [R79], R60","1848"
"0x7db95b76e3f0","      STS [R79+0x4], R58","1848"
"0x7db95b76e400","      STS [R79+0x8], R40","1848"
"0x7db95b76e410","      STS [R79+0xc], R38","1848"
"0x7db95b76e420","      STS [R79+0x80], R28","1848"
"0x7db95b76e430","      STS [R79+0x84], R26","1848"
"0x7db95b76e440","      STS [R79+0x88], R8","1848"
"0x7db95b76e450","      STS [R79+0x8c], R6","1848"
"0x7db95b76e460","      BAR.SYNC.DEFER_BLOCKING 0x0","1848"
"0x7db95b76e470","      LDS R35, [R75+UR4]","1848"
"0x7db95b76e480","      LDS R7, [R75+UR4+0x80]","1848"
"0x7db95b76e490","      LDS R25, [R75+UR4+0x100]","1848"
"0x7db95b76e4a0","      LDS R3, [R75+UR4+0x180]","1848"
"0x7db95b76e4b0","      ISETP.GE.AND P6, PT, R0, UR6, PT","1848"
"0x7db95b76e4c0","      LDS R33, [R75+UR4+0x488]","1848"
"0x7db95b76e4d0","      SEL R0, R70, RZ, !P6","1848"
"0x7db95b76e4e0","      LDS R31, [R75+UR4+0x508]","1848"
"0x7db95b76e4f0","      ISETP.NE.U32.AND P5, PT, R0, RZ, PT","1848"
"0x7db95b76e500","      SEL R0, R71, RZ, !P6","1848"
"0x7db95b76e510","      LDS R29, [R75+UR4+0x588]","1848"
"0x7db95b76e520","      ISETP.NE.U32.AND P4, PT, R0, RZ, PT","1848"
"0x7db95b76e530","      LDS R27, [R75+UR4+0x608]","1848"
"0x7db95b76e540","      FMUL R35, R35, R78","1848"
"0x7db95b76e550","      FMUL R7, R7, R78","1848"
"0x7db95b76e560","      SEL R0, R72, RZ, !P6","1848"
"0x7db95b76e570","      FMUL R25, R25, R78","1848"
"0x7db95b76e580","      FMUL R3, R3, R78","1848"
"0x7db95b76e590","      FMUL R33, R33, R78","1848"
"0x7db95b76e5a0","      FMUL R31, R31, R78","1848"
"0x7db95b76e5b0","      FMUL R29, R29, R78","1848"
"0x7db95b76e5c0","      FMUL R27, R27, R78","1848"
"0x7db95b76e5d0","      UIADD3.64 UR8, UPT, UPT, UR8, UR10, URZ","1848"
"0x7db95b76e5e0","      FFMA R35, R98, R77, R35","1848"
"0x7db95b76e5f0","      FFMA R7, R96, R77, R7","1848"
"0x7db95b76e600","      FMNMX R35, R35, R74, !PT","1848"
"0x7db95b76e610","      FMNMX R7, R7, R74, !PT","1848"
"0x7db95b76e620","@P5   STG.E [R36.64+UR14], R35","1848"
"0x7db95b76e630","      ISETP.NE.U32.AND P5, PT, R0, RZ, PT","1848"
"0x7db95b76e640","      SEL R0, R73, RZ, !P6","1848"
"0x7db95b76e650","      FFMA R25, R94, R77, R25","1848"
"0x7db95b76e660","@P4   STG.E [R36.64+UR14+0x80], R7","1848"
"0x7db95b76e670","      ISETP.GE.AND P4, PT, R2, UR6, PT","1848"
"0x7db95b76e680","      ISETP.NE.U32.AND P6, PT, R0, RZ, PT","1848"
"0x7db95b76e690","      FMNMX R25, R25, R74, !PT","1848"
"0x7db95b76e6a0","      SEL R0, R70, RZ, !P4","1848"
"0x7db95b76e6b0","      FFMA R3, R92, R77, R3","1848"
"0x7db95b76e6c0","@P5   STG.E [R36.64+UR14+0x100], R25","1848"
"0x7db95b76e6d0","      ISETP.NE.U32.AND P5, PT, R0, RZ, PT","1848"
"0x7db95b76e6e0","      FFMA R33, R90, R77, R33","1848"
"0x7db95b76e6f0","      FMNMX R3, R3, R74, !PT","1848"
"0x7db95b76e700","      SEL R2, R71, RZ, !P4","1848"
"0x7db95b76e710","      SEL R0, R72, RZ, !P4","1848"
"0x7db95b76e720","      FMNMX R33, R33, R74, !PT","1848"
"0x7db95b76e730","@P6   STG.E [R36.64+UR14+0x180], R3","1848"
"0x7db95b76e740","      ISETP.NE.U32.AND P6, PT, R2, RZ, PT","1848"
"0x7db95b76e750","      FFMA R31, R88, R77, R31","1848"
"0x7db95b76e760","      IADD.64 R6, R36, UR14","1848"
"0x7db95b76e770","      FFMA R29, R86, R77, R29","1848"
"0x7db95b76e780","@P5   STG.E [R6.64+UR16], R33","1848"
"0x7db95b76e790","      ISETP.NE.U32.AND P5, PT, R0, RZ, PT","1848"
"0x7db95b76e7a0","      SEL R0, R73, RZ, !P4","1848"
"0x7db95b76e7b0","      FMNMX R31, R31, R74, !PT","1848"
"0x7db95b76e7c0","      IADD3 R2, PT, PT, R69, 0x10, RZ","1848"
"0x7db95b76e7d0","      FMNMX R29, R29, R74, !PT","1848"
"0x7db95b76e7e0","      ISETP.NE.U32.AND P4, PT, R0, RZ, PT","1848"
"0x7db95b76e7f0","@P6   STG.E [R6.64+UR16+0x80], R31","1848"
"0x7db95b76e800","      FFMA R27, R84, R77, R27","1848"
"0x7db95b76e810","      ISETP.LT.AND P6, PT, R2, UR6, P3","1848"
"0x7db95b76e820","@P5   STG.E [R6.64+UR16+0x100], R29","1848"
"0x7db95b76e830","      ISETP.LT.AND P5, PT, R2, UR6, P2","1848"
"0x7db95b76e840","      FMNMX R27, R27, R74, !PT","1848"
"0x7db95b76e850","@P4   STG.E [R6.64+UR16+0x180], R27","1848"
"0x7db95b76e860","      ISETP.LT.AND P4, PT, R2, UR6, P1","1848"
"0x7db95b76e870","@P6   LDG.E.LTC128B R98, [R4.64+UR8]","1848"
"0x7db95b76e880","      IADD3 R0, PT, PT, R69, 0x18, RZ","1848"
"0x7db95b76e890","@P5   LDG.E.LTC128B R96, [R4.64+UR8+0x80]","1848"
"0x7db95b76e8a0","      ISETP.LT.AND P5, PT, R2, UR6, P0","1848"
"0x7db95b76e8b0","@P4   LDG.E.LTC128B R94, [R4.64+UR8+0x100]","1848"
"0x7db95b76e8c0","      ISETP.LT.AND P4, PT, R0, UR6, P3","1848"
"0x7db95b76e8d0","@P5   LDG.E.LTC128B R92, [R4.64+UR8+0x180]","1848"
"0x7db95b76e8e0","      ISETP.LT.AND P5, PT, R0, UR6, P2","1848"
"0x7db95b76e8f0","      IADD.64 R6, R4, UR8","1848"
"0x7db95b76e900","      LDCU.64 UR8, c[0x0][0x460]","1848"
"0x7db95b76e910","@P4   LDG.E.LTC128B R90, [R6.64+UR12]","1848"
"0x7db95b76e920","      ISETP.LT.AND P4, PT, R0, UR6, P1","1848"
"0x7db95b76e930","@P5   LDG.E.LTC128B R88, [R6.64+UR12+0x80]","1848"
"0x7db95b76e940","      ISETP.LT.AND P5, PT, R0, UR6, P0","1848"
"0x7db95b76e950","@P4   LDG.E.LTC128B R86, [R6.64+UR12+0x100]","1848"
"0x7db95b76e960","@P5   LDG.E.LTC128B R84, [R6.64+UR12+0x180]","1848"
"0x7db95b76e970","      BAR.SYNC.DEFER_BLOCKING 0x0","1848"
"0x7db95b76e980","      STS [R79], R55","1848"
"0x7db95b76e990","      STS [R79+0x4], R53","1848"
"0x7db95b76e9a0","      STS [R79+0x8], R43","1848"
"0x7db95b76e9b0","      STS [R79+0xc], R41","1848"
"0x7db95b76e9c0","      STS [R79+0x80], R23","1848"
"0x7db95b76e9d0","      STS [R79+0x84], R21","1848"
"0x7db95b76e9e0","      STS [R79+0x88], R11","1848"
"0x7db95b76e9f0","      STS [R79+0x8c], R9","1848"
"0x7db95b76ea00","      BAR.SYNC.DEFER_BLOCKING 0x0","1848"
"0x7db95b76ea10","      LDS R27, [R75+UR4]","1848"
"0x7db95b76ea20","      LDS R25, [R75+UR4+0x80]","1848"
"0x7db95b76ea30","      LDS R5, [R75+UR4+0x100]","1848"
"0x7db95b76ea40","      LDS R3, [R75+UR4+0x180]","1848"
"0x7db95b76ea50","      IADD.64 R28, R102, UR14","1848"
"0x7db95b76ea60","      LDS R11, [R75+UR4+0x488]","1848"
"0x7db95b76ea70","      IADD.64 R28, R28, UR14","1848"
"0x7db95b76ea80","      ISETP.GE.AND P6, PT, R2, UR6, PT","1848"
"0x7db95b76ea90","      LDS R9, [R75+UR4+0x508]","1848"
"0x7db95b76eaa0","      IADD.64 R28, R28, UR14","1848"
"0x7db95b76eab0","      SEL R4, R70, RZ, !P6","1848"
"0x7db95b76eac0","      IADD.64 R28, R28, UR14","1848"
"0x7db95b76ead0","      LDS R23, [R75+UR4+0x588]","1848"
"0x7db95b76eae0","      SEL R2, R71, RZ, !P6","1848"
"0x7db95b76eaf0","      ISETP.NE.U32.AND P4, PT, R4, RZ, PT","1848"
"0x7db95b76eb00","      ISETP.NE.U32.AND P5, PT, R2, RZ, PT","1848"
"0x7db95b76eb10","      FMUL R21, R27, R78","1848"
"0x7db95b76eb20","      IADD.64 R26, R28, UR8","1848"
"0x7db95b76eb30","      FMUL R25, R25, R78","1848"
"0x7db95b76eb40","      IADD.64 R66, R26, R66","1848"
"0x7db95b76eb50","      LDS R27, [R75+UR4+0x608]","1848"
"0x7db95b76eb60","      SEL R2, R72, RZ, !P6","1848"
"0x7db95b76eb70","      FMUL R5, R5, R78","1848"
"0x7db95b76eb80","      FMUL R3, R3, R78","1848"
"0x7db95b76eb90","      FMUL R11, R11, R78","1848"
"0x7db95b76eba0","      FMUL R23, R23, R78","1848"
"0x7db95b76ebb0","      FMUL R27, R27, R78","1848"
"0x7db95b76ebc0","      FFMA R21, R98, R77, R21","1848"
"0x7db95b76ebd0","      FFMA R25, R96, R77, R25","1848"
"0x7db95b76ebe0","      FMNMX R21, R21, R74, !PT","1848"
"0x7db95b76ebf0","      FMNMX R25, R25, R74, !PT","1848"
"0x7db95b76ec00","@P4   STG.E [R66], R21","1848"
"0x7db95b76ec10","      ISETP.NE.U32.AND P4, PT, R2, RZ, PT","1848"
"0x7db95b76ec20","      SEL R2, R73, RZ, !P6","1848"
"0x7db95b76ec30","      FFMA R5, R94, R77, R5","1848"
"0x7db95b76ec40","@P5   STG.E [R66+0x80], R25","1848"
"0x7db95b76ec50","      ISETP.GE.AND P5, PT, R0, UR6, PT","1848"
"0x7db95b76ec60","      ISETP.NE.U32.AND P6, PT, R2, RZ, PT","1848"
"0x7db95b76ec70","      FMNMX R5, R5, R74, !PT","1848"
"0x7db95b76ec80","      FFMA R3, R92, R77, R3","1848"
"0x7db95b76ec90","      SEL R0, R70, RZ, !P5","1848"
"0x7db95b76eca0","@P4   STG.E [R66+0x100], R5","1848"
"0x7db95b76ecb0","      FMNMX R3, R3, R74, !PT","1848"
"0x7db95b76ecc0","      ISETP.NE.U32.AND P4, PT, R0, RZ, PT","1848"
"0x7db95b76ecd0","      SEL R0, R71, RZ, !P5","1848"
"0x7db95b76ece0","      FFMA R11, R90, R77, R11","1848"
"0x7db95b76ecf0","@P6   STG.E [R66+0x180], R3","1848"
"0x7db95b76ed00","      SEL R2, R72, RZ, !P5","1848"
"0x7db95b76ed10","      ISETP.NE.U32.AND P6, PT, R0, RZ, PT","1848"
"0x7db95b76ed20","      SEL R0, R73, RZ, !P5","1848"
"0x7db95b76ed30","      FMUL R21, R9, R78","1848"
"0x7db95b76ed40","      FMNMX R9, R11, R74, !PT","1848"
"0x7db95b76ed50","      ISETP.NE.U32.AND P5, PT, R2, RZ, PT","1848"
"0x7db95b76ed60","      FFMA R11, R88, R77, R21","1848"
"0x7db95b76ed70","      FFMA R23, R86, R77, R23","1848"
"0x7db95b76ed80","      IADD3 R2, PT, PT, R69, 0x11, RZ","1848"
"0x7db95b76ed90","      FMNMX R11, R11, R74, !PT","1848"
"0x7db95b76eda0","@P4   STG.E [R66.64+UR16], R9","1848"
"0x7db95b76edb0","      FMNMX R23, R23, R74, !PT","1848"
"0x7db95b76edc0","      ISETP.NE.U32.AND P4, PT, R0, RZ, PT","1848"
"0x7db95b76edd0","@P6   STG.E [R66.64+UR16+0x80], R11","1848"
"0x7db95b76ede0","      ISETP.LT.AND P6, PT, R2, UR6, P3","1848"
"0x7db95b76edf0","      FFMA R27, R84, R77, R27","1848"
"0x7db95b76ee00","@P5   STG.E [R66.64+UR16+0x100], R23","1848"
"0x7db95b76ee10","      ISETP.LT.AND P5, PT, R2, UR6, P2","1848"
"0x7db95b76ee20","      FMNMX R27, R27, R74, !PT","1848"
"0x7db95b76ee30","@P4   STG.E [R66.64+UR16+0x180], R27","1848"
"0x7db95b76ee40","@P6   LDG.E.LTC128B R98, [R6.64+UR10]","1848"
"0x7db95b76ee50","      ISETP.LT.AND P6, PT, R2, UR6, P1","1848"
"0x7db95b76ee60","@P5   LDG.E.LTC128B R96, [R6.64+UR10+0x80]","1848"
"0x7db95b76ee70","      ISETP.LT.AND P4, PT, R2, UR6, P0","1848"
"0x7db95b76ee80","      IADD3 R0, PT, PT, R69, 0x19, RZ","1848"
"0x7db95b76ee90","      ISETP.LT.AND P5, PT, R0, UR6, P3","1848"
"0x7db95b76eea0","@P6   LDG.E.LTC128B R94, [R6.64+UR10+0x100]","1848"
"0x7db95b76eeb0","      IADD.64 R4, R6, UR10","1848"
"0x7db95b76eec0","@P4   LDG.E.LTC128B R92, [R6.64+UR10+0x180]","1848"
"0x7db95b76eed0","      ISETP.LT.AND P4, PT, R0, UR6, P2","1848"
"0x7db95b76eee0","@P5   LDG.E.LTC128B R90, [R4.64+UR12]","1848"
"0x7db95b76eef0","      ISETP.LT.AND P5, PT, R0, UR6, P1","1848"
"0x7db95b76ef00","@P4   LDG.E.LTC128B R88, [R4.64+UR12+0x80]","1848"
"0x7db95b76ef10","      ISETP.LT.AND P4, PT, R0, UR6, P0","1848"
"0x7db95b76ef20","@P5   LDG.E.LTC128B R86, [R4.64+UR12+0x100]","1848"
"0x7db95b76ef30","@P4   LDG.E.LTC128B R84, [R4.64+UR12+0x180]","1848"
"0x7db95b76ef40","      BAR.SYNC.DEFER_BLOCKING 0x0","1848"
"0x7db95b76ef50","      STS [R79], R56","1848"
"0x7db95b76ef60","      STS [R79+0x4], R54","1848"
"0x7db95b76ef70","      STS [R79+0x8], R44","1848"
"0x7db95b76ef80","      STS [R79+0xc], R42","1848"
"0x7db95b76ef90","      STS [R79+0x80], R24","1848"
"0x7db95b76efa0","      STS [R79+0x84], R22","1848"
"0x7db95b76efb0","      STS [R79+0x88], R12","1848"
"0x7db95b76efc0","      STS [R79+0x8c], R10","1848"
"0x7db95b76efd0","      BAR.SYNC.DEFER_BLOCKING 0x0","1848"
"0x7db95b76efe0","      LDS R27, [R75+UR4]","1848"
"0x7db95b76eff0","      LDS R7, [R75+UR4+0x80]","1848"
"0x7db95b76f000","      LDS R9, [R75+UR4+0x100]","1848"
"0x7db95b76f010","      LDS R3, [R75+UR4+0x180]","1848"
"0x7db95b76f020","      ISETP.GE.AND P6, PT, R2, UR6, PT","1848"
"0x7db95b76f030","      LDS R25, [R75+UR4+0x488]","1848"
"0x7db95b76f040","      SEL R2, R70, RZ, !P6","1848"
"0x7db95b76f050","      LDS R23, [R75+UR4+0x508]","1848"
"0x7db95b76f060","      ISETP.NE.U32.AND P5, PT, R2, RZ, PT","1848"
"0x7db95b76f070","      SEL R2, R71, RZ, !P6","1848"
"0x7db95b76f080","      LDS R21, [R75+UR4+0x588]","1848"
"0x7db95b76f090","      ISETP.NE.U32.AND P4, PT, R2, RZ, PT","1848"
"0x7db95b76f0a0","      SEL R2, R72, RZ, !P6","1848"
"0x7db95b76f0b0","      LDS R11, [R75+UR4+0x608]","1848"
"0x7db95b76f0c0","      FMUL R27, R27, R78","1848"
"0x7db95b76f0d0","      FMUL R7, R7, R78","1848"
"0x7db95b76f0e0","      FMUL R9, R9, R78","1848"
"0x7db95b76f0f0","      FMUL R3, R3, R78","1848"
"0x7db95b76f100","      FMUL R25, R25, R78","1848"
"0x7db95b76f110","      FMUL R23, R23, R78","1848"
"0x7db95b76f120","      FMUL R21, R21, R78","1848"
"0x7db95b76f130","      FMUL R11, R11, R78","1848"
"0x7db95b76f140","      FFMA R27, R98, R77, R27","1848"
"0x7db95b76f150","      FFMA R7, R96, R77, R7","1848"
"0x7db95b76f160","      FMNMX R27, R27, R74, !PT","1848"
"0x7db95b76f170","      FMNMX R7, R7, R74, !PT","1848"
"0x7db95b76f180","@P5   STG.E [R66.64+UR14], R27","1848"
"0x7db95b76f190","      ISETP.NE.U32.AND P5, PT, R2, RZ, PT","1848"
"0x7db95b76f1a0","      SEL R2, R73, RZ, !P6","1848"
"0x7db95b76f1b0","      FFMA R9, R94, R77, R9","1848"
"0x7db95b76f1c0","@P4   STG.E [R66.64+UR14+0x80], R7","1848"
"0x7db95b76f1d0","      ISETP.GE.AND P4, PT, R0, UR6, PT","1848"
"0x7db95b76f1e0","      ISETP.NE.U32.AND P6, PT, R2, RZ, PT","1848"
"0x7db95b76f1f0","      FMNMX R9, R9, R74, !PT","1848"
"0x7db95b76f200","      SEL R0, R70, RZ, !P4","1848"
"0x7db95b76f210","      FFMA R3, R92, R77, R3","1848"
"0x7db95b76f220","@P5   STG.E [R66.64+UR14+0x100], R9","1848"
"0x7db95b76f230","      ISETP.NE.U32.AND P5, PT, R0, RZ, PT","1848"
"0x7db95b76f240","      FFMA R25, R90, R77, R25","1848"
"0x7db95b76f250","      FMNMX R3, R3, R74, !PT","1848"
"0x7db95b76f260","      SEL R2, R71, RZ, !P4","1848"
"0x7db95b76f270","      SEL R0, R72, RZ, !P4","1848"
"0x7db95b76f280","      FMNMX R25, R25, R74, !PT","1848"
"0x7db95b76f290","@P6   STG.E [R66.64+UR14+0x180], R3","1848"
"0x7db95b76f2a0","      ISETP.NE.U32.AND P6, PT, R2, RZ, PT","1848"
"0x7db95b76f2b0","      FFMA R23, R88, R77, R23","1848"
"0x7db95b76f2c0","      IADD.64 R6, R66, UR14","1848"
"0x7db95b76f2d0","      FFMA R21, R86, R77, R21","1848"
"0x7db95b76f2e0","@P5   STG.E [R6.64+UR16], R25","1848"
"0x7db95b76f2f0","      ISETP.NE.U32.AND P5, PT, R0, RZ, PT","1848"
"0x7db95b76f300","      SEL R0, R73, RZ, !P4","1848"
"0x7db95b76f310","      FMNMX R23, R23, R74, !PT","1848"
"0x7db95b76f320","      IADD3 R2, PT, PT, R69, 0x12, RZ","1848"
"0x7db95b76f330","      FMNMX R21, R21, R74, !PT","1848"
"0x7db95b76f340","      ISETP.NE.U32.AND P4, PT, R0, RZ, PT","1848"
"0x7db95b76f350","@P6   STG.E [R6.64+UR16+0x80], R23","1848"
"0x7db95b76f360","      ISETP.LT.AND P6, PT, R2, UR6, P3","1848"
"0x7db95b76f370","      FFMA R3, R84, R77, R11","1848"
"0x7db95b76f380","@P5   STG.E [R6.64+UR16+0x100], R21","1848"
"0x7db95b76f390","      ISETP.LT.AND P5, PT, R2, UR6, P2","1848"
"0x7db95b76f3a0","      FMNMX R3, R3, R74, !PT","1848"
"0x7db95b76f3b0","@P4   STG.E [R6.64+UR16+0x180], R3","1848"
"0x7db95b76f3c0","      ISETP.LT.AND P4, PT, R2, UR6, P1","1848"
"0x7db95b76f3d0","@P6   LDG.E.LTC128B R98, [R4.64+UR10]","1848"
"0x7db95b76f3e0","@P5   LDG.E.LTC128B R96, [R4.64+UR10+0x80]","1848"
"0x7db95b76f3f0","      IADD3 R0, PT, PT, R69, 0x1a, RZ","1848"
"0x7db95b76f400","      ISETP.LT.AND P5, PT, R2, UR6, P0","1848"
"0x7db95b76f410","@P4   LDG.E.LTC128B R94, [R4.64+UR10+0x100]","1848"
"0x7db95b76f420","      ISETP.LT.AND P4, PT, R0, UR6, P3","1848"
"0x7db95b76f430","      IADD.64 R8, R4, UR12","1848"
"0x7db95b76f440","@P5   LDG.E.LTC128B R92, [R4.64+UR10+0x180]","1848"
"0x7db95b76f450","      ISETP.LT.AND P5, PT, R0, UR6, P1","1848"
"0x7db95b76f460","@P4   LDG.E.LTC128B R90, [R8.64+UR10]","1848"
"0x7db95b76f470","      ISETP.LT.AND P6, PT, R0, UR6, P2","1848"
"0x7db95b76f480","      ISETP.LT.AND P4, PT, R0, UR6, P0","1848"
"0x7db95b76f490","@P5   LDG.E.LTC128B R86, [R8.64+UR10+0x100]","1848"
"0x7db95b76f4a0","@P6   LDG.E.LTC128B R88, [R8.64+UR10+0x80]","1848"
"0x7db95b76f4b0","@P4   LDG.E.LTC128B R84, [R8.64+UR10+0x180]","1848"
"0x7db95b76f4c0","      BAR.SYNC.DEFER_BLOCKING 0x0","1848"
"0x7db95b76f4d0","      STS [R79], R51","1848"
"0x7db95b76f4e0","      STS [R79+0x4], R48","1848"
"0x7db95b76f4f0","      STS [R79+0x8], R49","1848"
"0x7db95b76f500","      STS [R79+0xc], R45","1848"
"0x7db95b76f510","      STS [R79+0x80], R19","1848"
"0x7db95b76f520","      STS [R79+0x84], R16","1848"
"0x7db95b76f530","      STS [R79+0x88], R17","1848"
"0x7db95b76f540","      STS [R79+0x8c], R13","1848"
"0x7db95b76f550","      BAR.SYNC.DEFER_BLOCKING 0x0","1848"
"0x7db95b76f560","      LDS R25, [R75+UR4]","1848"
"0x7db95b76f570","      LDS R27, [R75+UR4+0x80]","1848"
"0x7db95b76f580","      LDS R11, [R75+UR4+0x100]","1848"
"0x7db95b76f590","      ISETP.GE.AND P6, PT, R2, UR6, PT","1848"
"0x7db95b76f5a0","      LDS R3, [R75+UR4+0x180]","1848"
"0x7db95b76f5b0","      LDS R23, [R75+UR4+0x488]","1848"
"0x7db95b76f5c0","      SEL R2, R70, RZ, !P6","1848"
"0x7db95b76f5d0","      LDS R19, [R75+UR4+0x588]","1848"
"0x7db95b76f5e0","      ISETP.NE.U32.AND P5, PT, R2, RZ, PT","1848"
"0x7db95b76f5f0","      SEL R2, R71, RZ, !P6","1848"
"0x7db95b76f600","      LDS R21, [R75+UR4+0x508]","1848"
"0x7db95b76f610","      ISETP.NE.U32.AND P4, PT, R2, RZ, PT","1848"
"0x7db95b76f620","      SEL R2, R72, RZ, !P6","1848"
"0x7db95b76f630","      LDS R17, [R75+UR4+0x608]","1848"
"0x7db95b76f640","      FMUL R25, R25, R78","1848"
"0x7db95b76f650","      FMUL R13, R27, R78","1848"
"0x7db95b76f660","      FMUL R11, R11, R78","1848"
"0x7db95b76f670","      FMUL R3, R3, R78","1848"
"0x7db95b76f680","      FMUL R23, R23, R78","1848"
"0x7db95b76f690","      FMUL R21, R21, R78","1848"
"0x7db95b76f6a0","      FMUL R17, R17, R78","1848"
"0x7db95b76f6b0","      IADD.64 R4, R4, UR10","1848"
"0x7db95b76f6c0","      IADD.64 R8, R8, UR10","1848"
"0x7db95b76f6d0","      FFMA R25, R98, R77, R25","1848"
"0x7db95b76f6e0","      FFMA R13, R96, R77, R13","1848"
"0x7db95b76f6f0","      FMNMX R25, R25, R74, !PT","1848"
"0x7db95b76f700","      FMNMX R13, R13, R74, !PT","1848"
"0x7db95b76f710","@P5   STG.E [R6.64+UR14], R25","1848"
"0x7db95b76f720","      ISETP.NE.U32.AND P5, PT, R2, RZ, PT","1848"
"0x7db95b76f730","      FFMA R11, R94, R77, R11","1848"
"0x7db95b76f740","@P4   STG.E [R6.64+UR14+0x80], R13","1848"
"0x7db95b76f750","      ISETP.GE.AND P4, PT, R0, UR6, PT","1848"
"0x7db95b76f760","      SEL R2, R73, RZ, !P6","1848"
"0x7db95b76f770","      FMNMX R11, R11, R74, !PT","1848"
"0x7db95b76f780","      SEL R0, R70, RZ, !P4","1848"
"0x7db95b76f790","      ISETP.NE.U32.AND P6, PT, R2, RZ, PT","1848"
"0x7db95b76f7a0","@P5   STG.E [R6.64+UR14+0x100], R11","1848"
"0x7db95b76f7b0","      ISETP.NE.U32.AND P5, PT, R0, RZ, PT","1848"
"0x7db95b76f7c0","      FFMA R3, R92, R77, R3","1848"
"0x7db95b76f7d0","      SEL R2, R72, RZ, !P4","1848"
"0x7db95b76f7e0","      FMNMX R3, R3, R74, !PT","1848"
"0x7db95b76f7f0","      FFMA R13, R90, R77, R23","1848"
"0x7db95b76f800","      IADD.64 R22, R6, UR14","1848"
"0x7db95b76f810","      FMNMX R0, R13, R74, !PT","1848"
"0x7db95b76f820","@P6   STG.E [R6.64+UR14+0x180], R3","1848"
"0x7db95b76f830","      FMUL R13, R19, R78","1848"
"0x7db95b76f840","      SEL R10, R71, RZ, !P4","1848"
"0x7db95b76f850","@P5   STG.E [R22.64+UR16], R0","1848"
"0x7db95b76f860","      ISETP.NE.U32.AND P5, PT, R2, RZ, PT","1848"
"0x7db95b76f870","      FFMA R13, R86, R77, R13","1848"
"0x7db95b76f880","      ISETP.NE.U32.AND P6, PT, R10, RZ, PT","1848"
"0x7db95b76f890","      FFMA R11, R88, R77, R21","1848"
"0x7db95b76f8a0","      SEL R2, R73, RZ, !P4","1848"
"0x7db95b76f8b0","      IADD3 R10, PT, PT, R69, 0x13, RZ","1848"
"0x7db95b76f8c0","      FMNMX R13, R13, R74, !PT","1848"
"0x7db95b76f8d0","      FMNMX R11, R11, R74, !PT","1848"
"0x7db95b76f8e0","      ISETP.NE.U32.AND P4, PT, R2, RZ, PT","1848"
"0x7db95b76f8f0","      FFMA R17, R84, R77, R17","1848"
"0x7db95b76f900","@P5   STG.E [R22.64+UR16+0x100], R13","1848"
"0x7db95b76f910","      ISETP.LT.AND P5, PT, R10, UR6, P2","1848"
"0x7db95b76f920","@P6   STG.E [R22.64+UR16+0x80], R11","1848"
"0x7db95b76f930","      ISETP.LT.AND P6, PT, R10, UR6, P3","1848"
"0x7db95b76f940","      FMNMX R17, R17, R74, !PT","1848"
"0x7db95b76f950","      IADD3 R69, PT, PT, R69, 0x1b, RZ","1848"
"0x7db95b76f960","@P4   STG.E [R22.64+UR16+0x180], R17","1848"
"0x7db95b76f970","      ISETP.LT.AND P4, PT, R10, UR6, P1","1848"
"0x7db95b76f980","      ISETP.LT.AND P3, PT, R69, UR6, P3","1848"
"0x7db95b76f990","@P5   LDG.E.LTC128B R96, [R4.64+UR10+0x80]","1848"
"0x7db95b76f9a0","      ISETP.LT.AND P5, PT, R10, UR6, P0","1848"
"0x7db95b76f9b0","      ISETP.LT.AND P2, PT, R69, UR6, P2","1848"
"0x7db95b76f9c0","      ISETP.LT.AND P1, PT, R69, UR6, P1","1848"
"0x7db95b76f9d0","@P6   LDG.E.LTC128B R98, [R4.64+UR10]","1848"
"0x7db95b76f9e0","@P4   LDG.E.LTC128B R94, [R4.64+UR10+0x100]","1848"
"0x7db95b76f9f0","@P5   LDG.E.LTC128B R92, [R4.64+UR10+0x180]","1848"
"0x7db95b76fa00","@P3   LDG.E.LTC128B R90, [R8.64+UR10]","1848"
"0x7db95b76fa10","@P2   LDG.E.LTC128B R88, [R8.64+UR10+0x80]","1848"
"0x7db95b76fa20","@P1   LDG.E.LTC128B R86, [R8.64+UR10+0x100]","1848"
"0x7db95b76fa30","      ISETP.LT.AND P0, PT, R69, UR6, P0","1848"
"0x7db95b76fa40","@P0   LDG.E.LTC128B R84, [R8.64+UR10+0x180]","1848"
"0x7db95b76fa50","      BAR.SYNC.DEFER_BLOCKING 0x0","1848"
"0x7db95b76fa60","      STS [R79], R52","1848"
"0x7db95b76fa70","      STS [R79+0x4], R50","1848"
"0x7db95b76fa80","      STS [R79+0x8], R47","1848"
"0x7db95b76fa90","      STS [R79+0xc], R46","1848"
"0x7db95b76faa0","      STS [R79+0x80], R20","1848"
"0x7db95b76fab0","      STS [R79+0x84], R18","1848"
"0x7db95b76fac0","      STS [R79+0x88], R15","1848"
"0x7db95b76fad0","      STS [R79+0x8c], R14","1848"
"0x7db95b76fae0","      BAR.SYNC.DEFER_BLOCKING 0x0","1848"
"0x7db95b76faf0","      LDS R17, [R75+UR4]","1848"
"0x7db95b76fb00","      LDS R13, [R75+UR4+0x80]","1848"
"0x7db95b76fb10","      LDS R11, [R75+UR4+0x100]","1848"
"0x7db95b76fb20","      LDS R9, [R75+UR4+0x180]","1848"
"0x7db95b76fb30","      LDS R7, [R75+UR4+0x488]","1848"
"0x7db95b76fb40","      LDS R5, [R75+UR4+0x508]","1848"
"0x7db95b76fb50","      LDS R3, [R75+UR4+0x588]","1848"
"0x7db95b76fb60","      ISETP.GE.AND P0, PT, R10, UR6, PT","1848"
"0x7db95b76fb70","      LDS R75, [R75+UR4+0x608]","1848"
"0x7db95b76fb80","      SEL R4, R70, RZ, !P0","1848"
"0x7db95b76fb90","      SEL R2, R71, RZ, !P0","1848"
"0x7db95b76fba0","      SEL R0, R72, RZ, !P0","1848"
"0x7db95b76fbb0","      SEL R6, R73, RZ, !P0","1848"
"0x7db95b76fbc0","      ISETP.GE.AND P6, PT, R69, UR6, PT","1848"
"0x7db95b76fbd0","      ISETP.NE.U32.AND P0, PT, R4, RZ, PT","1848"
"0x7db95b76fbe0","      FMUL R17, R17, R78","1848"
"0x7db95b76fbf0","      SEL R70, R70, RZ, !P6","1848"
"0x7db95b76fc00","      SEL R71, R71, RZ, !P6","1848"
"0x7db95b76fc10","      ISETP.NE.U32.AND P5, PT, R2, RZ, PT","1848"
"0x7db95b76fc20","      FMUL R13, R13, R78","1848"
"0x7db95b76fc30","      ISETP.NE.U32.AND P4, PT, R0, RZ, PT","1848"
"0x7db95b76fc40","      ISETP.NE.U32.AND P3, PT, R6, RZ, PT","1848"
"0x7db95b76fc50","      SEL R72, R72, RZ, !P6","1848"
"0x7db95b76fc60","      FMUL R11, R11, R78","1848"
"0x7db95b76fc70","      ISETP.NE.U32.AND P2, PT, R70, RZ, PT","1848"
"0x7db95b76fc80","      ISETP.NE.U32.AND P1, PT, R71, RZ, PT","1848"
"0x7db95b76fc90","      FMUL R9, R9, R78","1848"
"0x7db95b76fca0","      FMUL R7, R7, R78","1848"
"0x7db95b76fcb0","      FMUL R5, R5, R78","1848"
"0x7db95b76fcc0","      FMUL R3, R3, R78","1848"
"0x7db95b76fcd0","      IADD.64 R14, R22, UR14","1848"
"0x7db95b76fce0","      SEL R73, R73, RZ, !P6","1848"
"0x7db95b76fcf0","      FMUL R75, R75, R78","1848"
"0x7db95b76fd00","      FFMA R17, R98, R77, R17","1848"
"0x7db95b76fd10","      FFMA R13, R96, R77, R13","1848"
"0x7db95b76fd20","      FMNMX R17, R17, R74, !PT","1848"
"0x7db95b76fd30","      FFMA R11, R94, R77, R11","1848"
"0x7db95b76fd40","      FFMA R9, R92, R77, R9","1848"
"0x7db95b76fd50","@P0   STG.E [R22.64+UR14], R17","1848"
"0x7db95b76fd60","      ISETP.NE.U32.AND P0, PT, R72, RZ, PT","1848"
"0x7db95b76fd70","      FFMA R7, R90, R77, R7","1848"
"0x7db95b76fd80","      FFMA R5, R88, R77, R5","1848"
"0x7db95b76fd90","      FMNMX R13, R13, R74, !PT","1848"
"0x7db95b76fda0","      FMNMX R11, R11, R74, !PT","1848"
"0x7db95b76fdb0","      FMNMX R9, R9, R74, !PT","1848"
"0x7db95b76fdc0","      FFMA R3, R86, R77, R3","1848"
"0x7db95b76fdd0","      FMNMX R7, R7, R74, !PT","1848"
"0x7db95b76fde0","      FMNMX R5, R5, R74, !PT","1848"
"0x7db95b76fdf0","@P5   STG.E [R22.64+UR14+0x80], R13","1848"
"0x7db95b76fe00","      FMNMX R3, R3, R74, !PT","1848"
"0x7db95b76fe10","@P4   STG.E [R22.64+UR14+0x100], R11","1848"
"0x7db95b76fe20","@P3   STG.E [R22.64+UR14+0x180], R9","1848"
"0x7db95b76fe30","@P2   STG.E [R14.64+UR16], R7","1848"
"0x7db95b76fe40","@P1   STG.E [R14.64+UR16+0x80], R5","1848"
"0x7db95b76fe50","@P0   STG.E [R14.64+UR16+0x100], R3","1848"
"0x7db95b76fe60","      ISETP.NE.U32.AND P0, PT, R73, RZ, PT","1848"
"0x7db95b76fe70","      FFMA R75, R84, R77, R75","1848"
"0x7db95b76fe80","      FMNMX R75, R75, R74, !PT","1848"
"0x7db95b76fe90","@!P0  BRA 0x7db95b771ef0","1848"
"0x7db95b76fea0","      STG.E [R14.64+UR16+0x180], R75","1680"
"0x7db95b76feb0","      BRA 0x7db95b771ef0","1680"
"0x7db95b76fec0","      S2UR UR5, SR_CgaCtaId","924"
"0x7db95b76fed0","      BAR.SYNC.DEFER_BLOCKING 0x0","924"
"0x7db95b76fee0","      UMOV UR4, 0x400","924"
"0x7db95b76fef0","      LDCU.64 UR10, c[0x0][0x448]","924"
"0x7db95b76ff00","      LDCU.64 UR8, c[0x0][0x458]","924"
"0x7db95b76ff10","      LDCU.64 UR6, c[0x0][0x460]","924"
"0x7db95b76ff20","      ULEA UR5, UR5, UR4, 0x18","924"
"0x7db95b76ff30","      LDCU UR4, c[0x0][0x380]","924"
"0x7db95b76ff40","      LEA R75, R68, UR5, 0x2","924"
"0x7db95b76ff50","      IADD.64 R102, R102, UR8","924"
"0x7db95b76ff60","      STS [R75], R63","924"
"0x7db95b76ff70","      STS [R75+0x4], R61","924"
"0x7db95b76ff80","      STS [R75+0x8], R35","924"
"0x7db95b76ff90","      ISETP.GE.AND P2, PT, R69, UR4, PT","924"
"0x7db95b76ffa0","      STS [R75+0xc], R32","924"
"0x7db95b76ffb0","      STS [R75+0x80], R33","924"
"0x7db95b76ffc0","      STS [R75+0x84], R29","924"
"0x7db95b76ffd0","      STS [R75+0x88], R3","924"
"0x7db95b76ffe0","      STS [R75+0x8c], R0","924"
"0x7db95b76fff0","      BAR.SYNC.DEFER_BLOCKING 0x0","924"
"0x7db95b770000","      SEL R32, R72, RZ, !P2","924"
"0x7db95b770010","      ISETP.NE.U32.AND P5, PT, R32, RZ, PT","924"
"0x7db95b770020","      SEL R29, R73, RZ, !P2","924"
"0x7db95b770030","      SEL R3, R70, RZ, !P2","924"
"0x7db95b770040","      ISETP.NE.U32.AND P4, PT, R29, RZ, PT","924"
"0x7db95b770050","      IADD3 R0, PT, PT, R69, 0x8, RZ","924"
"0x7db95b770060","      ISETP.NE.U32.AND P1, PT, R3, RZ, PT","924"
"0x7db95b770070","      LDS R85, [R82+UR5]","924"
"0x7db95b770080","      ISETP.GE.AND P0, PT, R0, UR4, PT","924"
"0x7db95b770090","      SEL R0, R71, RZ, !P2","924"
"0x7db95b7700a0","      LDS R83, [R82+UR5+0x80]","924"
"0x7db95b7700b0","      SEL R3, R70, RZ, !P0","924"
"0x7db95b7700c0","      LDS R79, [R82+UR5+0x100]","924"
"0x7db95b7700d0","      ISETP.NE.U32.AND P6, PT, R0, RZ, PT","924"
"0x7db95b7700e0","      SEL R0, R71, RZ, !P0","924"
"0x7db95b7700f0","      LDS R77, [R82+UR5+0x180]","924"
"0x7db95b770100","      ISETP.NE.U32.AND P3, PT, R3, RZ, PT","924"
"0x7db95b770110","      SEL R3, R72, RZ, !P0","924"
"0x7db95b770120","      ISETP.NE.U32.AND P2, PT, R0, RZ, PT","924"
"0x7db95b770130","      LDS R63, [R82+UR5+0x488]","924"
"0x7db95b770140","      SEL R0, R73, RZ, !P0","924"
"0x7db95b770150","      LDS R61, [R82+UR5+0x508]","924"
"0x7db95b770160","      ISETP.NE.U32.AND P0, PT, R0, RZ, PT","924"
"0x7db95b770170","      IADD3 R0, PT, PT, R69, 0x1, RZ","924"
"0x7db95b770180","      LDS R35, [R82+UR5+0x588]","924"
"0x7db95b770190","      LDS R33, [R82+UR5+0x608]","924"
"0x7db95b7701a0","      FMUL R85, R85, R78","924"
"0x7db95b7701b0","      FMUL R83, R83, R78","924"
"0x7db95b7701c0","      FMNMX R85, R85, R74, !PT","924"
"0x7db95b7701d0","      FMUL R79, R79, R78","924"
"0x7db95b7701e0","      FMNMX R83, R83, R74, !PT","924"
"0x7db95b7701f0","@P1   STG.E [R86], R85","924"
"0x7db95b770200","      ISETP.NE.U32.AND P1, PT, R3, RZ, PT","924"
"0x7db95b770210","      FMUL R77, R77, R78","924"
"0x7db95b770220","      FMNMX R79, R79, R74, !PT","924"
"0x7db95b770230","@P6   STG.E [R86+0x80], R83","924"
"0x7db95b770240","      FMUL R63, R63, R78","924"
"0x7db95b770250","      FMNMX R77, R77, R74, !PT","924"
"0x7db95b770260","@P5   STG.E [R86+0x100], R79","924"
"0x7db95b770270","      FMUL R61, R61, R78","924"
"0x7db95b770280","      FMNMX R63, R63, R74, !PT","924"
"0x7db95b770290","@P4   STG.E [R86+0x180], R77","924"
"0x7db95b7702a0","      FMUL R35, R35, R78","924"
"0x7db95b7702b0","      FMNMX R61, R61, R74, !PT","924"
"0x7db95b7702c0","@P3   STG.E [R86.64+UR10], R63","924"
"0x7db95b7702d0","      FMUL R33, R33, R78","924"
"0x7db95b7702e0","      FMNMX R35, R35, R74, !PT","924"
"0x7db95b7702f0","@P2   STG.E [R86.64+UR10+0x80], R61","924"
"0x7db95b770300","      ISETP.GE.AND P2, PT, R0, UR4, PT","924"
"0x7db95b770310","      IADD3 R0, PT, PT, R69, 0x9, RZ","924"
"0x7db95b770320","      FMNMX R33, R33, R74, !PT","924"
"0x7db95b770330","@P1   STG.E [R86.64+UR10+0x100], R35","924"
"0x7db95b770340","      SEL R3, R73, RZ, !P2","924"
"0x7db95b770350","@P0   STG.E [R86.64+UR10+0x180], R33","924"
"0x7db95b770360","      BAR.SYNC.DEFER_BLOCKING 0x0","924"
"0x7db95b770370","      ISETP.GE.AND P0, PT, R0, UR4, PT","924"
"0x7db95b770380","      SEL R0, R71, RZ, !P2","924"
"0x7db95b770390","      ISETP.NE.U32.AND P4, PT, R3, RZ, PT","924"
"0x7db95b7703a0","      ISETP.NE.U32.AND P6, PT, R0, RZ, PT","924"
"0x7db95b7703b0","      SEL R0, R71, RZ, !P0","924"
"0x7db95b7703c0","      STS [R75], R64","924"
"0x7db95b7703d0","      STS [R75+0x4], R62","924"
"0x7db95b7703e0","      STS [R75+0x8], R36","924"
"0x7db95b7703f0","      STS [R75+0xc], R34","924"
"0x7db95b770400","      STS [R75+0x80], R31","924"
"0x7db95b770410","      STS [R75+0x84], R30","924"
"0x7db95b770420","      STS [R75+0x88], R4","924"
"0x7db95b770430","      STS [R75+0x8c], R2","924"
"0x7db95b770440","      BAR.SYNC.DEFER_BLOCKING 0x0","924"
"0x7db95b770450","      SEL R4, R72, RZ, !P2","924"
"0x7db95b770460","      SEL R2, R70, RZ, !P2","924"
"0x7db95b770470","      ISETP.NE.U32.AND P2, PT, R0, RZ, PT","924"
"0x7db95b770480","      SEL R0, R73, RZ, !P0","924"
"0x7db95b770490","      LDS R79, [R82+UR5]","924"
"0x7db95b7704a0","      ISETP.NE.U32.AND P5, PT, R4, RZ, PT","924"
"0x7db95b7704b0","      ISETP.NE.U32.AND P1, PT, R2, RZ, PT","924"
"0x7db95b7704c0","      SEL R2, R70, RZ, !P0","924"
"0x7db95b7704d0","      LDS R77, [R82+UR5+0x80]","924"
"0x7db95b7704e0","      IADD3 R4, PT, PT, R69, 0xa, RZ","924"
"0x7db95b7704f0","      LDS R63, [R82+UR5+0x100]","924"
"0x7db95b770500","      ISETP.NE.U32.AND P3, PT, R2, RZ, PT","924"
"0x7db95b770510","      SEL R2, R72, RZ, !P0","924"
"0x7db95b770520","      ISETP.NE.U32.AND P0, PT, R0, RZ, PT","924"
"0x7db95b770530","      LDS R61, [R82+UR5+0x180]","924"
"0x7db95b770540","      IADD3 R0, PT, PT, R69, 0x2, RZ","924"
"0x7db95b770550","      LDS R35, [R82+UR5+0x488]","924"
"0x7db95b770560","      LDS R33, [R82+UR5+0x508]","924"
"0x7db95b770570","      LDS R31, [R82+UR5+0x588]","924"
"0x7db95b770580","      LDS R29, [R82+UR5+0x608]","924"
"0x7db95b770590","      FMUL R79, R79, R78","924"
"0x7db95b7705a0","      FMUL R77, R77, R78","924"
"0x7db95b7705b0","      FMNMX R79, R79, R74, !PT","924"
"0x7db95b7705c0","      FMUL R63, R63, R78","924"
"0x7db95b7705d0","      FMNMX R77, R77, R74, !PT","924"
"0x7db95b7705e0","@P1   STG.E [R86.64+UR8], R79","924"
"0x7db95b7705f0","      ISETP.NE.U32.AND P1, PT, R2, RZ, PT","924"
"0x7db95b770600","      FMUL R61, R61, R78","924"
"0x7db95b770610","      FMNMX R63, R63, R74, !PT","924"
"0x7db95b770620","      IADD.64 R2, R86, UR8","924"
"0x7db95b770630","      FMUL R35, R35, R78","924"
"0x7db95b770640","      FMNMX R61, R61, R74, !PT","924"
"0x7db95b770650","@P6   STG.E [R86.64+UR8+0x80], R77","924"
"0x7db95b770660","      FMUL R33, R33, R78","924"
"0x7db95b770670","      FMNMX R35, R35, R74, !PT","924"
"0x7db95b770680","@P5   STG.E [R86.64+UR8+0x100], R63","924"
"0x7db95b770690","      FMUL R31, R31, R78","924"
"0x7db95b7706a0","      FMNMX R33, R33, R74, !PT","924"
"0x7db95b7706b0","@P4   STG.E [R86.64+UR8+0x180], R61","924"
"0x7db95b7706c0","      FMUL R29, R29, R78","924"
"0x7db95b7706d0","      FMNMX R31, R31, R74, !PT","924"
"0x7db95b7706e0","@P3   STG.E [R2.64+UR10], R35","924"
"0x7db95b7706f0","      FMNMX R29, R29, R74, !PT","924"
"0x7db95b770700","@P2   STG.E [R2.64+UR10+0x80], R33","924"
"0x7db95b770710","      ISETP.GE.AND P2, PT, R0, UR4, PT","924"
"0x7db95b770720","@P1   STG.E [R2.64+UR10+0x100], R31","924"
"0x7db95b770730","      SEL R0, R71, RZ, !P2","924"
"0x7db95b770740","@P0   STG.E [R2.64+UR10+0x180], R29","924"
"0x7db95b770750","      BAR.SYNC.DEFER_BLOCKING 0x0","924"
"0x7db95b770760","      ISETP.GE.AND P0, PT, R4, UR4, PT","924"
"0x7db95b770770","      ISETP.NE.U32.AND P6, PT, R0, RZ, PT","924"
"0x7db95b770780","      SEL R4, R70, RZ, !P0","924"
"0x7db95b770790","      SEL R0, R71, RZ, !P0","924"
"0x7db95b7707a0","      ISETP.NE.U32.AND P3, PT, R4, RZ, PT","924"
"0x7db95b7707b0","      SEL R4, R72, RZ, !P0","924"
"0x7db95b7707c0","      STS [R75], R59","924"
"0x7db95b7707d0","      STS [R75+0x4], R57","924"
"0x7db95b7707e0","      STS [R75+0x8], R39","924"
"0x7db95b7707f0","      STS [R75+0xc], R37","924"
"0x7db95b770800","      STS [R75+0x80], R27","924"
"0x7db95b770810","      STS [R75+0x84], R25","924"
"0x7db95b770820","      STS [R75+0x88], R7","924"
"0x7db95b770830","      STS [R75+0x8c], R5","924"
"0x7db95b770840","      BAR.SYNC.DEFER_BLOCKING 0x0","924"
"0x7db95b770850","      SEL R7, R72, RZ, !P2","924"
"0x7db95b770860","      SEL R5, R70, RZ, !P2","924"
"0x7db95b770870","      ISETP.NE.U32.AND P5, PT, R7, RZ, PT","924"
"0x7db95b770880","      LDS R63, [R82+UR5]","924"
"0x7db95b770890","      ISETP.NE.U32.AND P1, PT, R5, RZ, PT","924"
"0x7db95b7708a0","      SEL R5, R73, RZ, !P2","924"
"0x7db95b7708b0","      LDS R61, [R82+UR5+0x80]","924"
"0x7db95b7708c0","      ISETP.NE.U32.AND P2, PT, R0, RZ, PT","924"
"0x7db95b7708d0","      SEL R0, R73, RZ, !P0","924"
"0x7db95b7708e0","      LDS R35, [R82+UR5+0x100]","924"
"0x7db95b7708f0","      ISETP.NE.U32.AND P4, PT, R5, RZ, PT","924"
"0x7db95b770900","      ISETP.NE.U32.AND P0, PT, R0, RZ, PT","924"
"0x7db95b770910","      LDS R33, [R82+UR5+0x180]","924"
"0x7db95b770920","      IADD3 R0, PT, PT, R69, 0x3, RZ","924"
"0x7db95b770930","      LDS R31, [R82+UR5+0x488]","924"
"0x7db95b770940","      LDS R29, [R82+UR5+0x508]","924"
"0x7db95b770950","      LDS R27, [R82+UR5+0x588]","924"
"0x7db95b770960","      LDS R25, [R82+UR5+0x608]","924"
"0x7db95b770970","      FMUL R63, R63, R78","924"
"0x7db95b770980","      FMUL R61, R61, R78","924"
"0x7db95b770990","      FMNMX R63, R63, R74, !PT","924"
"0x7db95b7709a0","      FMUL R35, R35, R78","924"
"0x7db95b7709b0","      FMNMX R61, R61, R74, !PT","924"
"0x7db95b7709c0","@P1   STG.E [R2.64+UR8], R63","924"
"0x7db95b7709d0","      ISETP.NE.U32.AND P1, PT, R4, RZ, PT","924"
"0x7db95b7709e0","      FMUL R33, R33, R78","924"
"0x7db95b7709f0","      FMNMX R35, R35, R74, !PT","924"
"0x7db95b770a00","      IADD.64 R4, R2, UR8","924"
"0x7db95b770a10","      FMUL R31, R31, R78","924"
"0x7db95b770a20","      FMNMX R33, R33, R74, !PT","924"
"0x7db95b770a30","@P6   STG.E [R2.64+UR8+0x80], R61","924"
"0x7db95b770a40","      FMUL R29, R29, R78","924"
"0x7db95b770a50","      FMNMX R31, R31, R74, !PT","924"
"0x7db95b770a60","@P5   STG.E [R2.64+UR8+0x100], R35","924"
"0x7db95b770a70","      FMUL R27, R27, R78","924"
"0x7db95b770a80","      FMNMX R29, R29, R74, !PT","924"
"0x7db95b770a90","@P4   STG.E [R2.64+UR8+0x180], R33","924"
"0x7db95b770aa0","      FMUL R25, R25, R78","924"
"0x7db95b770ab0","      FMNMX R27, R27, R74, !PT","924"
"0x7db95b770ac0","@P3   STG.E [R4.64+UR10], R31","924"
"0x7db95b770ad0","      FMNMX R25, R25, R74, !PT","924"
"0x7db95b770ae0","@P2   STG.E [R4.64+UR10+0x80], R29","924"
"0x7db95b770af0","      ISETP.GE.AND P2, PT, R0, UR4, PT","924"
"0x7db95b770b00","@P1   STG.E [R4.64+UR10+0x100], R27","924"
"0x7db95b770b10","      SEL R0, R71, RZ, !P2","924"
"0x7db95b770b20","@P0   STG.E [R4.64+UR10+0x180], R25","924"
"0x7db95b770b30","      BAR.SYNC.DEFER_BLOCKING 0x0","924"
"0x7db95b770b40","      ISETP.NE.U32.AND P6, PT, R0, RZ, PT","924"
"0x7db95b770b50","      IADD3 R2, PT, PT, R69, 0xb, RZ","924"
"0x7db95b770b60","      SEL R3, R70, RZ, !P2","924"
"0x7db95b770b70","      ISETP.GE.AND P0, PT, R2, UR4, PT","924"
"0x7db95b770b80","      ISETP.NE.U32.AND P1, PT, R3, RZ, PT","924"
"0x7db95b770b90","      SEL R3, R73, RZ, !P2","924"
"0x7db95b770ba0","      SEL R2, R70, RZ, !P0","924"
"0x7db95b770bb0","      SEL R0, R71, RZ, !P0","924"
"0x7db95b770bc0","      ISETP.NE.U32.AND P4, PT, R3, RZ, PT","924"
"0x7db95b770bd0","      ISETP.NE.U32.AND P3, PT, R2, RZ, PT","924"
"0x7db95b770be0","      SEL R2, R72, RZ, !P0","924"
"0x7db95b770bf0","      STS [R75], R60","924"
"0x7db95b770c00","      STS [R75+0x4], R58","924"
"0x7db95b770c10","      STS [R75+0x8], R40","924"
"0x7db95b770c20","      STS [R75+0xc], R38","924"
"0x7db95b770c30","      STS [R75+0x80], R28","924"
"0x7db95b770c40","      STS [R75+0x84], R26","924"
"0x7db95b770c50","      STS [R75+0x88], R8","924"
"0x7db95b770c60","      STS [R75+0x8c], R6","924"
"0x7db95b770c70","      BAR.SYNC.DEFER_BLOCKING 0x0","924"
"0x7db95b770c80","      SEL R6, R72, RZ, !P2","924"
"0x7db95b770c90","      ISETP.NE.U32.AND P2, PT, R0, RZ, PT","924"
"0x7db95b770ca0","      SEL R0, R73, RZ, !P0","924"
"0x7db95b770cb0","      LDS R37, [R82+UR5]","924"
"0x7db95b770cc0","      ISETP.NE.U32.AND P5, PT, R6, RZ, PT","924"
"0x7db95b770cd0","      LDS R35, [R82+UR5+0x80]","924"
"0x7db95b770ce0","      ISETP.NE.U32.AND P0, PT, R0, RZ, PT","924"
"0x7db95b770cf0","      IADD3 R0, PT, PT, R69, 0x18, RZ","924"
"0x7db95b770d00","      LDS R33, [R82+UR5+0x100]","924"
"0x7db95b770d10","      LDS R31, [R82+UR5+0x180]","924"
"0x7db95b770d20","      LDS R29, [R82+UR5+0x488]","924"
"0x7db95b770d30","      LDS R27, [R82+UR5+0x508]","924"
"0x7db95b770d40","      LDS R25, [R82+UR5+0x588]","924"
"0x7db95b770d50","      LDS R7, [R82+UR5+0x608]","924"
"0x7db95b770d60","      FMUL R37, R37, R78","924"
"0x7db95b770d70","      FMUL R35, R35, R78","924"
"0x7db95b770d80","      FMNMX R37, R37, R74, !PT","924"
"0x7db95b770d90","      FMUL R33, R33, R78","924"
"0x7db95b770da0","      FMNMX R35, R35, R74, !PT","924"
"0x7db95b770db0","@P1   STG.E [R4.64+UR8], R37","924"
"0x7db95b770dc0","      ISETP.NE.U32.AND P1, PT, R2, RZ, PT","924"
"0x7db95b770dd0","      FMUL R31, R31, R78","924"
"0x7db95b770de0","      FMNMX R33, R33, R74, !PT","924"
"0x7db95b770df0","      IADD.64 R2, R4, UR8","924"
"0x7db95b770e00","      FMUL R29, R29, R78","924"
"0x7db95b770e10","      FMNMX R31, R31, R74, !PT","924"
"0x7db95b770e20","@P6   STG.E [R4.64+UR8+0x80], R35","924"
"0x7db95b770e30","      FMUL R27, R27, R78","924"
"0x7db95b770e40","      FMNMX R29, R29, R74, !PT","924"
"0x7db95b770e50","@P5   STG.E [R4.64+UR8+0x100], R33","924"
"0x7db95b770e60","      FMUL R25, R25, R78","924"
"0x7db95b770e70","      FMNMX R27, R27, R74, !PT","924"
"0x7db95b770e80","@P4   STG.E [R4.64+UR8+0x180], R31","924"
"0x7db95b770e90","      FMUL R7, R7, R78","924"
"0x7db95b770ea0","      FMNMX R25, R25, R74, !PT","924"
"0x7db95b770eb0","@P3   STG.E [R2.64+UR10], R29","924"
"0x7db95b770ec0","      FMNMX R7, R7, R74, !PT","924"
"0x7db95b770ed0","@P2   STG.E [R2.64+UR10+0x80], R27","924"
"0x7db95b770ee0","@P1   STG.E [R2.64+UR10+0x100], R25","924"
"0x7db95b770ef0","@P0   STG.E [R2.64+UR10+0x180], R7","924"
"0x7db95b770f00","      BAR.SYNC.DEFER_BLOCKING 0x0","924"
"0x7db95b770f10","      ISETP.GE.AND P0, PT, R0, UR4, PT","924"
"0x7db95b770f20","      IADD.64 R30, R102, UR8","924"
"0x7db95b770f30","      IADD.64 R30, R30, UR8","924"
"0x7db95b770f40","      IADD.64 R30, R30, UR8","924"
"0x7db95b770f50","      IADD.64 R30, R30, UR6","924"
"0x7db95b770f60","      IADD3 R2, PT, PT, R69, 0x10, RZ","924"
"0x7db95b770f70","      STS [R75], R55","924"
"0x7db95b770f80","      IADD.64 R66, R30, R66","924"
"0x7db95b770f90","      STS [R75+0x4], R53","924"
"0x7db95b770fa0","      ISETP.GE.AND P2, PT, R2, UR4, PT","924"
"0x7db95b770fb0","      STS [R75+0x8], R43","924"
"0x7db95b770fc0","      SEL R2, R70, RZ, !P2","924"
"0x7db95b770fd0","      SEL R0, R71, RZ, !P2","924"
"0x7db95b770fe0","      STS [R75+0xc], R41","924"
"0x7db95b770ff0","      SEL R4, R72, RZ, !P2","924"
"0x7db95b771000","      ISETP.NE.U32.AND P1, PT, R2, RZ, PT","924"
"0x7db95b771010","      STS [R75+0x80], R23","924"
"0x7db95b771020","      ISETP.NE.U32.AND P6, PT, R0, RZ, PT","924"
"0x7db95b771030","      SEL R2, R70, RZ, !P0","924"
"0x7db95b771040","      SEL R0, R71, RZ, !P0","924"
"0x7db95b771050","      STS [R75+0x84], R21","924"
"0x7db95b771060","      ISETP.NE.U32.AND P5, PT, R4, RZ, PT","924"
"0x7db95b771070","      SEL R4, R73, RZ, !P2","924"
"0x7db95b771080","      ISETP.NE.U32.AND P3, PT, R2, RZ, PT","924"
"0x7db95b771090","      STS [R75+0x88], R11","924"
"0x7db95b7710a0","      ISETP.NE.U32.AND P2, PT, R0, RZ, PT","924"
"0x7db95b7710b0","      SEL R2, R72, RZ, !P0","924"
"0x7db95b7710c0","      SEL R0, R73, RZ, !P0","924"
"0x7db95b7710d0","      STS [R75+0x8c], R9","924"
"0x7db95b7710e0","      BAR.SYNC.DEFER_BLOCKING 0x0","924"
"0x7db95b7710f0","      ISETP.NE.U32.AND P4, PT, R4, RZ, PT","924"
"0x7db95b771100","      ISETP.NE.U32.AND P0, PT, R0, RZ, PT","924"
"0x7db95b771110","      IADD3 R0, PT, PT, R69, 0x11, RZ","924"
"0x7db95b771120","      LDS R29, [R82+UR5]","924"
"0x7db95b771130","      LDS R27, [R82+UR5+0x80]","924"
"0x7db95b771140","      LDS R25, [R82+UR5+0x100]","924"
"0x7db95b771150","      LDS R11, [R82+UR5+0x180]","924"
"0x7db95b771160","      LDS R9, [R82+UR5+0x488]","924"
"0x7db95b771170","      LDS R7, [R82+UR5+0x508]","924"
"0x7db95b771180","      LDS R5, [R82+UR5+0x588]","924"
"0x7db95b771190","      LDS R3, [R82+UR5+0x608]","924"
"0x7db95b7711a0","      FMUL R29, R29, R78","924"
"0x7db95b7711b0","      FMUL R27, R27, R78","924"
"0x7db95b7711c0","      FMNMX R29, R29, R74, !PT","924"
"0x7db95b7711d0","      FMUL R25, R25, R78","924"
"0x7db95b7711e0","      FMNMX R27, R27, R74, !PT","924"
"0x7db95b7711f0","@P1   STG.E [R66], R29","924"
"0x7db95b771200","      ISETP.NE.U32.AND P1, PT, R2, RZ, PT","924"
"0x7db95b771210","      FMUL R11, R11, R78","924"
"0x7db95b771220","      FMNMX R25, R25, R74, !PT","924"
"0x7db95b771230","@P6   STG.E [R66+0x80], R27","924"
"0x7db95b771240","      IADD3 R2, PT, PT, R69, 0x19, RZ","924"
"0x7db95b771250","      FMUL R9, R9, R78","924"
"0x7db95b771260","      FMNMX R11, R11, R74, !PT","924"
"0x7db95b771270","@P5   STG.E [R66+0x100], R25","924"
"0x7db95b771280","      FMUL R7, R7, R78","924"
"0x7db95b771290","      FMNMX R9, R9, R74, !PT","924"
"0x7db95b7712a0","@P4   STG.E [R66+0x180], R11","924"
"0x7db95b7712b0","      FMUL R5, R5, R78","924"
"0x7db95b7712c0","      FMNMX R7, R7, R74, !PT","924"
"0x7db95b7712d0","@P3   STG.E [R66.64+UR10], R9","924"
"0x7db95b7712e0","      FMUL R3, R3, R78","924"
"0x7db95b7712f0","      FMNMX R5, R5, R74, !PT","924"
"0x7db95b771300","@P2   STG.E [R66.64+UR10+0x80], R7","924"
"0x7db95b771310","      ISETP.GE.AND P2, PT, R0, UR4, PT","924"
"0x7db95b771320","      FMNMX R3, R3, R74, !PT","924"
"0x7db95b771330","@P1   STG.E [R66.64+UR10+0x100], R5","924"
"0x7db95b771340","      SEL R0, R71, RZ, !P2","924"
"0x7db95b771350","      SEL R4, R72, RZ, !P2","924"
"0x7db95b771360","@P0   STG.E [R66.64+UR10+0x180], R3","924"
"0x7db95b771370","      BAR.SYNC.DEFER_BLOCKING 0x0","924"
"0x7db95b771380","      ISETP.GE.AND P0, PT, R2, UR4, PT","924"
"0x7db95b771390","      ISETP.NE.U32.AND P6, PT, R0, RZ, PT","924"
"0x7db95b7713a0","      ISETP.NE.U32.AND P5, PT, R4, RZ, PT","924"
"0x7db95b7713b0","      IADD3 R4, PT, PT, R69, 0x1a, RZ","924"
"0x7db95b7713c0","      SEL R2, R70, RZ, !P0","924"
"0x7db95b7713d0","      SEL R0, R71, RZ, !P0","924"
"0x7db95b7713e0","      ISETP.NE.U32.AND P3, PT, R2, RZ, PT","924"
"0x7db95b7713f0","      SEL R2, R72, RZ, !P0","924"
"0x7db95b771400","      SEL R3, R70, RZ, !P2","924"
"0x7db95b771410","      STS [R75], R56","924"
"0x7db95b771420","      STS [R75+0x4], R54","924"
"0x7db95b771430","      ISETP.NE.U32.AND P1, PT, R3, RZ, PT","924"
"0x7db95b771440","      SEL R3, R73, RZ, !P2","924"
"0x7db95b771450","      ISETP.NE.U32.AND P2, PT, R0, RZ, PT","924"
"0x7db95b771460","      STS [R75+0x8], R44","924"
"0x7db95b771470","      SEL R0, R73, RZ, !P0","924"
"0x7db95b771480","      ISETP.NE.U32.AND P4, PT, R3, RZ, PT","924"
"0x7db95b771490","      STS [R75+0xc], R42","924"
"0x7db95b7714a0","      ISETP.NE.U32.AND P0, PT, R0, RZ, PT","924"
"0x7db95b7714b0","      IADD3 R0, PT, PT, R69, 0x12, RZ","924"
"0x7db95b7714c0","      STS [R75+0x80], R24","924"
"0x7db95b7714d0","      STS [R75+0x84], R22","924"
"0x7db95b7714e0","      STS [R75+0x88], R12","924"
"0x7db95b7714f0","      STS [R75+0x8c], R10","924"
"0x7db95b771500","      BAR.SYNC.DEFER_BLOCKING 0x0","924"
"0x7db95b771510","      LDS R27, [R82+UR5]","924"
"0x7db95b771520","      LDS R25, [R82+UR5+0x80]","924"
"0x7db95b771530","      LDS R23, [R82+UR5+0x100]","924"
"0x7db95b771540","      LDS R21, [R82+UR5+0x180]","924"
"0x7db95b771550","      LDS R11, [R82+UR5+0x488]","924"
"0x7db95b771560","      LDS R9, [R82+UR5+0x508]","924"
"0x7db95b771570","      LDS R7, [R82+UR5+0x588]","924"
"0x7db95b771580","      LDS R5, [R82+UR5+0x608]","924"
"0x7db95b771590","      FMUL R27, R27, R78","924"
"0x7db95b7715a0","      FMUL R25, R25, R78","924"
"0x7db95b7715b0","      FMNMX R27, R27, R74, !PT","924"
"0x7db95b7715c0","      FMUL R23, R23, R78","924"
"0x7db95b7715d0","      FMNMX R25, R25, R74, !PT","924"
"0x7db95b7715e0","@P1   STG.E [R66.64+UR8], R27","924"
"0x7db95b7715f0","      ISETP.NE.U32.AND P1, PT, R2, RZ, PT","924"
"0x7db95b771600","      FMUL R21, R21, R78","924"
"0x7db95b771610","      FMNMX R23, R23, R74, !PT","924"
"0x7db95b771620","      IADD.64 R2, R66, UR8","924"
"0x7db95b771630","      FMUL R11, R11, R78","924"
"0x7db95b771640","      FMNMX R21, R21, R74, !PT","924"
"0x7db95b771650","@P6   STG.E [R66.64+UR8+0x80], R25","924"
"0x7db95b771660","      FMUL R9, R9, R78","924"
"0x7db95b771670","      FMNMX R11, R11, R74, !PT","924"
"0x7db95b771680","@P5   STG.E [R66.64+UR8+0x100], R23","924"
"0x7db95b771690","      FMUL R7, R7, R78","924"
"0x7db95b7716a0","      FMNMX R9, R9, R74, !PT","924"
"0x7db95b7716b0","@P4   STG.E [R66.64+UR8+0x180], R21","924"
"0x7db95b7716c0","      FMUL R5, R5, R78","924"
"0x7db95b7716d0","      FMNMX R7, R7, R74, !PT","924"
"0x7db95b7716e0","@P3   STG.E [R2.64+UR10], R11","924"
"0x7db95b7716f0","      FMNMX R5, R5, R74, !PT","924"
"0x7db95b771700","@P2   STG.E [R2.64+UR10+0x80], R9","924"
"0x7db95b771710","      ISETP.GE.AND P2, PT, R0, UR4, PT","924"
"0x7db95b771720","@P1   STG.E [R2.64+UR10+0x100], R7","924"
"0x7db95b771730","      SEL R0, R71, RZ, !P2","924"
"0x7db95b771740","      SEL R6, R72, RZ, !P2","924"
"0x7db95b771750","@P0   STG.E [R2.64+UR10+0x180], R5","924"
"0x7db95b771760","      BAR.SYNC.DEFER_BLOCKING 0x0","924"
"0x7db95b771770","      ISETP.GE.AND P0, PT, R4, UR4, PT","924"
"0x7db95b771780","      ISETP.NE.U32.AND P6, PT, R0, RZ, PT","924"
"0x7db95b771790","      ISETP.NE.U32.AND P5, PT, R6, RZ, PT","924"
"0x7db95b7717a0","      SEL R4, R70, RZ, !P0","924"
"0x7db95b7717b0","      SEL R0, R71, RZ, !P0","924"
"0x7db95b7717c0","      ISETP.NE.U32.AND P3, PT, R4, RZ, PT","924"
"0x7db95b7717d0","      SEL R4, R72, RZ, !P0","924"
"0x7db95b7717e0","      SEL R5, R70, RZ, !P2","924"
"0x7db95b7717f0","      STS [R75], R51","924"
"0x7db95b771800","      STS [R75+0x4], R48","924"
"0x7db95b771810","      ISETP.NE.U32.AND P1, PT, R5, RZ, PT","924"
"0x7db95b771820","      SEL R5, R73, RZ, !P2","924"
"0x7db95b771830","      ISETP.NE.U32.AND P2, PT, R0, RZ, PT","924"
"0x7db95b771840","      STS [R75+0x8], R49","924"
"0x7db95b771850","      SEL R0, R73, RZ, !P0","924"
"0x7db95b771860","      ISETP.NE.U32.AND P4, PT, R5, RZ, PT","924"
"0x7db95b771870","      STS [R75+0xc], R45","924"
"0x7db95b771880","      ISETP.NE.U32.AND P0, PT, R0, RZ, PT","924"
"0x7db95b771890","      IADD3 R0, PT, PT, R69, 0x13, RZ","924"
"0x7db95b7718a0","      STS [R75+0x80], R19","924"
"0x7db95b7718b0","      IADD3 R69, PT, PT, R69, 0x1b, RZ","924"
"0x7db95b7718c0","      STS [R75+0x84], R16","924"
"0x7db95b7718d0","      STS [R75+0x88], R17","924"
"0x7db95b7718e0","      STS [R75+0x8c], R13","924"
"0x7db95b7718f0","      BAR.SYNC.DEFER_BLOCKING 0x0","924"
"0x7db95b771900","      LDS R29, [R82+UR5]","924"
"0x7db95b771910","      LDS R27, [R82+UR5+0x80]","924"
"0x7db95b771920","      LDS R25, [R82+UR5+0x100]","924"
"0x7db95b771930","      LDS R23, [R82+UR5+0x180]","924"
"0x7db95b771940","      LDS R21, [R82+UR5+0x488]","924"
"0x7db95b771950","      LDS R11, [R82+UR5+0x508]","924"
"0x7db95b771960","      LDS R9, [R82+UR5+0x588]","924"
"0x7db95b771970","      LDS R7, [R82+UR5+0x608]","924"
"0x7db95b771980","      FMUL R29, R29, R78","924"
"0x7db95b771990","      FMUL R27, R27, R78","924"
"0x7db95b7719a0","      FMNMX R29, R29, R74, !PT","924"
"0x7db95b7719b0","      FMUL R25, R25, R78","924"
"0x7db95b7719c0","      FMNMX R27, R27, R74, !PT","924"
"0x7db95b7719d0","@P1   STG.E [R2.64+UR8], R29","924"
"0x7db95b7719e0","      ISETP.NE.U32.AND P1, PT, R4, RZ, PT","924"
"0x7db95b7719f0","      FMUL R23, R23, R78","924"
"0x7db95b771a00","      FMNMX R25, R25, R74, !PT","924"
"0x7db95b771a10","      IADD.64 R4, R2, UR8","924"
"0x7db95b771a20","      FMUL R21, R21, R78","924"
"0x7db95b771a30","      FMNMX R23, R23, R74, !PT","924"
"0x7db95b771a40","@P6   STG.E [R2.64+UR8+0x80], R27","924"
"0x7db95b771a50","      FMUL R11, R11, R78","924"
"0x7db95b771a60","      FMNMX R21, R21, R74, !PT","924"
"0x7db95b771a70","@P5   STG.E [R2.64+UR8+0x100], R25","924"
"0x7db95b771a80","      FMUL R9, R9, R78","924"
"0x7db95b771a90","      FMNMX R11, R11, R74, !PT","924"
"0x7db95b771aa0","@P4   STG.E [R2.64+UR8+0x180], R23","924"
"0x7db95b771ab0","      FMUL R7, R7, R78","924"
"0x7db95b771ac0","      FMNMX R9, R9, R74, !PT","924"
"0x7db95b771ad0","@P3   STG.E [R4.64+UR10], R21","924"
"0x7db95b771ae0","      FMNMX R7, R7, R74, !PT","924"
"0x7db95b771af0","@P2   STG.E [R4.64+UR10+0x80], R11","924"
"0x7db95b771b00","      ISETP.GE.AND P2, PT, R0, UR4, PT","924"
"0x7db95b771b10","@P1   STG.E [R4.64+UR10+0x100], R9","924"
"0x7db95b771b20","      SEL R0, R70, RZ, !P2","924"
"0x7db95b771b30","      SEL R6, R71, RZ, !P2","924"
"0x7db95b771b40","@P0   STG.E [R4.64+UR10+0x180], R7","924"
"0x7db95b771b50","      BAR.SYNC.DEFER_BLOCKING 0x0","924"
"0x7db95b771b60","      ISETP.NE.U32.AND P1, PT, R0, RZ, PT","924"
"0x7db95b771b70","      ISETP.GE.AND P0, PT, R69, UR4, PT","924"
"0x7db95b771b80","      SEL R0, R73, RZ, !P2","924"
"0x7db95b771b90","      ISETP.NE.U32.AND P6, PT, R6, RZ, PT","924"
"0x7db95b771ba0","      SEL R2, R72, RZ, !P2","924"
"0x7db95b771bb0","      SEL R70, R70, RZ, !P0","924"
"0x7db95b771bc0","      SEL R71, R71, RZ, !P0","924"
"0x7db95b771bd0","      SEL R72, R72, RZ, !P0","924"
"0x7db95b771be0","      SEL R73, R73, RZ, !P0","924"
"0x7db95b771bf0","      ISETP.NE.U32.AND P5, PT, R2, RZ, PT","924"
"0x7db95b771c00","      ISETP.NE.U32.AND P4, PT, R0, RZ, PT","924"
"0x7db95b771c10","      ISETP.NE.U32.AND P3, PT, R70, RZ, PT","924"
"0x7db95b771c20","      ISETP.NE.U32.AND P2, PT, R71, RZ, PT","924"
"0x7db95b771c30","      ISETP.NE.U32.AND P0, PT, R73, RZ, PT","924"
"0x7db95b771c40","      STS [R75], R52","924"
"0x7db95b771c50","      STS [R75+0x4], R50","924"
"0x7db95b771c60","      STS [R75+0x8], R47","924"
"0x7db95b771c70","      STS [R75+0xc], R46","924"
"0x7db95b771c80","      STS [R75+0x80], R20","924"
"0x7db95b771c90","      STS [R75+0x84], R18","924"
"0x7db95b771ca0","      STS [R75+0x88], R15","924"
"0x7db95b771cb0","      STS [R75+0x8c], R14","924"
"0x7db95b771cc0","      BAR.SYNC.DEFER_BLOCKING 0x0","924"
"0x7db95b771cd0","      IADD.64 R20, R4, UR8","924"
"0x7db95b771ce0","      LDS R19, [R82+UR5]","924"
"0x7db95b771cf0","      LDS R17, [R82+UR5+0x80]","924"
"0x7db95b771d00","      LDS R13, [R82+UR5+0x100]","924"
"0x7db95b771d10","      LDS R11, [R82+UR5+0x180]","924"
"0x7db95b771d20","      LDS R9, [R82+UR5+0x488]","924"
"0x7db95b771d30","      LDS R7, [R82+UR5+0x508]","924"
"0x7db95b771d40","      LDS R3, [R82+UR5+0x588]","924"
"0x7db95b771d50","      LDS R15, [R82+UR5+0x608]","924"
"0x7db95b771d60","      FMUL R19, R19, R78","924"
"0x7db95b771d70","      FMUL R17, R17, R78","924"
"0x7db95b771d80","      FMNMX R19, R19, R74, !PT","924"
"0x7db95b771d90","      FMUL R13, R13, R78","924"
"0x7db95b771da0","      FMNMX R17, R17, R74, !PT","924"
"0x7db95b771db0","@P1   STG.E [R4.64+UR8], R19","924"
"0x7db95b771dc0","      ISETP.NE.U32.AND P1, PT, R72, RZ, PT","924"
"0x7db95b771dd0","      FMUL R11, R11, R78","924"
"0x7db95b771de0","      FMNMX R13, R13, R74, !PT","924"
"0x7db95b771df0","@P6   STG.E [R4.64+UR8+0x80], R17","924"
"0x7db95b771e00","      FMUL R9, R9, R78","924"
"0x7db95b771e10","      FMNMX R11, R11, R74, !PT","924"
"0x7db95b771e20","@P5   STG.E [R4.64+UR8+0x100], R13","924"
"0x7db95b771e30","      FMUL R7, R7, R78","924"
"0x7db95b771e40","      FMNMX R9, R9, R74, !PT","924"
"0x7db95b771e50","@P4   STG.E [R4.64+UR8+0x180], R11","924"
"0x7db95b771e60","      FMUL R3, R3, R78","924"
"0x7db95b771e70","      FMNMX R7, R7, R74, !PT","924"
"0x7db95b771e80","@P3   STG.E [R20.64+UR10], R9","924"
"0x7db95b771e90","      FMUL R15, R15, R78","924"
"0x7db95b771ea0","      FMNMX R3, R3, R74, !PT","924"
"0x7db95b771eb0","@P2   STG.E [R20.64+UR10+0x80], R7","924"
"0x7db95b771ec0","      FMNMX R15, R15, R74, !PT","924"
"0x7db95b771ed0","@P1   STG.E [R20.64+UR10+0x100], R3","924"
"0x7db95b771ee0","@P0   STG.E [R20.64+UR10+0x180], R15","924"
"0x7db95b771ef0","      BSYNC.RECONVERGENT B0","2852"
"0x7db95b771f00","      LDC R2, c[0x0][0x394]","2772"
"0x7db95b771f10","      LDC R0, c[0x0][0x39c]","2772"
"0x7db95b771f20","      ISETP.GE.AND P0, PT, R2, 0x2, PT","2772"
"0x7db95b771f30","      ISETP.NE.OR P0, PT, R0, RZ, !P0","2772"
"0x7db95b771f40","@P0   EXIT","2772"
"0x7db95b771f50","      BAR.SYNC.DEFER_BLOCKING 0x0","2772"
"0x7db95b771f60","      ISETP.NE.AND P0, PT, R65, RZ, PT","2772"
"0x7db95b771f70","      IADD3 R3, PT, PT, R76, 0x1, RZ","2772"
"0x7db95b771f80","      ISETP.NE.AND P1, PT, R3, R2, PT","2772"
"0x7db95b771f90","      SEL R3, R3, RZ, P1","2772"
"0x7db95b771fa0","@P0   EXIT","2772"
"0x7db95b771fb0","@!PT  LDS RZ, [RZ]","693"
"0x7db95b771fc0","@!PT  LDS RZ, [RZ]","693"
"0x7db95b771fd0","@!PT  LDS RZ, [RZ]","693"
"0x7db95b771fe0","@!PT  LDS RZ, [RZ]","693"
"0x7db95b771ff0","      MEMBAR.ALL.GPU","693"
"0x7db95b772000","      ERRBAR","693"
"0x7db95b772010","      CGAERRBAR","693"
"0x7db95b772020","      STG.E.STRONG.GPU [R80], R3","693"
"0x7db95b772030","      EXIT","693"
"0x7db95b772040","      BRA `(.L_x_0) 0x7db95b772040","0"
"0x7db95b772050","      NOP","0"
"0x7db95b772060","      NOP","0"
"0x7db95b772070","      NOP","0"
"0x7db95b772080","      NOP","0"
"0x7db95b772090","      NOP","0"
"0x7db95b7720a0","      NOP","0"
"0x7db95b7720b0","      NOP","0"
"0x7db95b7720c0","      NOP","0"
"0x7db95b7720d0","      NOP","0"
"0x7db95b7720e0","      NOP","0"
"0x7db95b7720f0","      NOP","0"
