"Kernel Name","void cutlass::Kernel2<cutlass_80_simt_sgemm_256x128_8x4_tn_align1>(T1::Params)",
"Address","Source","Instructions Executed"
"0x7fb6d3768500","      LDC R1, c[0x0][0x37c]","7040"
"0x7fb6d3768510","      S2UR UR6, SR_CTAID.Y","7040"
"0x7fb6d3768520","      LDCU UR8, c[0x0][0x398]","7040"
"0x7fb6d3768530","      UMOV UR5, 0xffffffff","7040"
"0x7fb6d3768540","      S2UR UR4, SR_CTAID.X","7040"
"0x7fb6d3768550","      LDC R2, c[0x0][0x390]","7040"
"0x7fb6d3768560","      USHF.L.U32 UR5, UR5, UR8, URZ","7040"
"0x7fb6d3768570","      LDC R0, c[0x0][0x38c]","7040"
"0x7fb6d3768580","      USHF.L.U32 UR6, UR6, UR8, URZ","7040"
"0x7fb6d3768590","      ULOP3.LUT UR5, UR4, UR5, URZ, 0x30, !UPT","7040"
"0x7fb6d37685a0","      USHF.R.U32.HI UR8, URZ, UR8, UR4","7040"
"0x7fb6d37685b0","      UIADD3 UR9, UPT, UPT, UR6, UR5, URZ","7040"
"0x7fb6d37685c0","      ISETP.LE.AND P0, PT, R2, UR9, PT","7040"
"0x7fb6d37685d0","      ISETP.LE.OR P0, PT, R0, UR8, P0","7040"
"0x7fb6d37685e0","@P0   EXIT","7040"
"0x7fb6d37685f0","      LDC R0, c[0x0][0x39c]","4400"
"0x7fb6d3768600","      LDCU UR5, c[0x0][0x388]","4400"
"0x7fb6d3768610","      LDC.64 R26, c[0x0][0x498]","4400"
"0x7fb6d3768620","      LDC.64 R24, c[0x0][0x4a0]","4400"
"0x7fb6d3768630","      S2UR UR4, SR_CTAID.Z","4400"
"0x7fb6d3768640","      MOV R3, UR5","4400"
"0x7fb6d3768650","      ISETP.GT.U32.AND P0, PT, R0, 0x1, PT","4400"
"0x7fb6d3768660","      MOV R131, UR4","4400"
"0x7fb6d3768670","@P0   BRA 0x7fb6d3768700","4400"
"0x7fb6d3768680","      LDC R0, c[0x0][0x394]","4400"
"0x7fb6d3768690","      IADD3 R3, PT, PT, R131, 0x1, RZ","4400"
"0x7fb6d37686a0","      LDC R8, c[0x0][0x3a4]","4400"
"0x7fb6d37686b0","      ISETP.GE.AND P0, PT, R3, R0, PT","4400"
"0x7fb6d37686c0","      IMAD R3, R131, R8, R8","4400"
"0x7fb6d37686d0","      IMAD R8, R131, R8, RZ","4400"
"0x7fb6d37686e0","@P0   LDC R3, c[0x0][0x388]","4400"
"0x7fb6d37686f0","      BRA 0x7fb6d3768880","4400"
"0x7fb6d3768700","      ISETP.NE.AND P0, PT, R0, 0x3, PT","0"
"0x7fb6d3768710","      HFMA2 R8, -RZ, RZ, 0, 0","0"
"0x7fb6d3768720","@!P0  BRA 0x7fb6d3768820","0"
"0x7fb6d3768730","      ISETP.NE.AND P0, PT, R0, 0x2, PT","0"
"0x7fb6d3768740","@P0   BRA 0x7fb6d3768880","0"
"0x7fb6d3768750","      LDC.64 R6, c[0x0][0x4b8]","0"
"0x7fb6d3768760","      LDC.64 R4, c[0x0][0x4c0]","0"
"0x7fb6d3768770","      LDC.64 R26, c[0x0][0x498]","0"
"0x7fb6d3768780","      LDC.64 R24, c[0x0][0x4a0]","0"
"0x7fb6d3768790","      IMAD.WIDE.U32 R10, R131, R6, RZ","0"
"0x7fb6d37687a0","      IMAD R0, R131, R7, R11","0"
"0x7fb6d37687b0","      IMAD.WIDE.U32 R12, R131, R4, RZ","0"
"0x7fb6d37687c0","      IMAD R2, R131, R5, R13","0"
"0x7fb6d37687d0","      LEA R26, P1, R10, R26, 0x2","0"
"0x7fb6d37687e0","      LEA.HI.X R27, R10, R27, R0, 0x2, P1","0"
"0x7fb6d37687f0","      LEA R24, P0, R12, R24, 0x2","0"
"0x7fb6d3768800","      LEA.HI.X R25, R12, R25, R2, 0x2, P0","0"
"0x7fb6d3768810","      BRA 0x7fb6d3768880","0"
"0x7fb6d3768820","      LDC.64 R26, c[0x0][0x498]","0"
"0x7fb6d3768830","      LDC.64 R24, c[0x0][0x4a0]","0"
"0x7fb6d3768840","      IMAD.WIDE.U32 R26, R131, 0x8, R26","0"
"0x7fb6d3768850","      LDG.E.64 R26, [R26]","0"
"0x7fb6d3768860","      IMAD.WIDE.U32 R24, R131, 0x8, R24","0"
"0x7fb6d3768870","      LDG.E.64 R24, [R24]","0"
"0x7fb6d3768880","      S2R R184, SR_TID.X","4400"
"0x7fb6d3768890","      IADD3 R2, PT, PT, -R8, R3, RZ","4400"
"0x7fb6d37688a0","      LDCU.64 UR4, c[0x0][0x3b8]","4400"
"0x7fb6d37688b0","      MOV R4, 0x400","4400"
"0x7fb6d37688c0","      S2R R193, SR_CgaCtaId","4400"
"0x7fb6d37688d0","      HFMA2 R128, -RZ, RZ, 0, 0","4400"
"0x7fb6d37688e0","      SHF.R.S32.HI R5, RZ, 0x1f, R2","4400"
"0x7fb6d37688f0","      USHF.L.U32 UR8, UR8, 0x7, URZ","4400"
"0x7fb6d3768900","      LDCU.64 UR6, c[0x0][0x380]","4400"
"0x7fb6d3768910","      CS2R R94, SRZ","4400"
"0x7fb6d3768920","      LEA.HI R5, R5, R2, RZ, 0x3","4400"
"0x7fb6d3768930","      CS2R R98, SRZ","4400"
"0x7fb6d3768940","      LDCU.64 UR12, c[0x0][0x3e0]","4400"
"0x7fb6d3768950","      CS2R R100, SRZ","4400"
"0x7fb6d3768960","      LOP3.LUT R5, R5, 0xfffffff8, RZ, 0xc0, !PT","4400"
"0x7fb6d3768970","      CS2R R92, SRZ","4400"
"0x7fb6d3768980","      LDCU.64 UR14, c[0x0][0x3d0]","4400"
"0x7fb6d3768990","      CS2R R96, SRZ","4400"
"0x7fb6d37689a0","      CS2R R40, SRZ","4400"
"0x7fb6d37689b0","      IADD3 R18, PT, PT, R2, -R5, RZ","4400"
"0x7fb6d37689c0","      LDCU.64 UR10, c[0x0][0x3e8]","4400"
"0x7fb6d37689d0","      CS2R R90, SRZ","4400"
"0x7fb6d37689e0","      CS2R R102, SRZ","4400"
"0x7fb6d37689f0","      CS2R R104, SRZ","4400"
"0x7fb6d3768a00","      ISETP.NE.AND P0, PT, R18, RZ, PT","4400"
"0x7fb6d3768a10","      LDCU.64 UR16, c[0x0][0x3f0]","4400"
"0x7fb6d3768a20","      CS2R R88, SRZ","4400"
"0x7fb6d3768a30","      CS2R R42, SRZ","4400"
"0x7fb6d3768a40","      CS2R R44, SRZ","4400"
"0x7fb6d3768a50","      SEL R18, R18, 0x8, P0","4400"
"0x7fb6d3768a60","      CS2R R86, SRZ","4400"
"0x7fb6d3768a70","      CS2R R106, SRZ","4400"
"0x7fb6d3768a80","      LOP3.LUT R29, R184, 0x7, RZ, 0xc0, !PT","4400"
"0x7fb6d3768a90","      IMAD.SHL.U32 R156, R184, 0x200, RZ","4400"
"0x7fb6d3768aa0","      SHF.R.U32.HI R0, RZ, 0x3, R184","4400"
"0x7fb6d3768ab0","      CS2R R108, SRZ","4400"
"0x7fb6d3768ac0","      LEA R193, R193, R4, 0x18","4400"
"0x7fb6d3768ad0","      CS2R R84, SRZ","4400"
"0x7fb6d3768ae0","      IADD3 R28, PT, PT, R29, R8, RZ","4400"
"0x7fb6d3768af0","      LOP3.LUT R17, R0, UR8, RZ, 0xfc, !PT","4400"
"0x7fb6d3768b00","      IMAD.SHL.U32 R19, R0, 0x4, RZ","4400"
"0x7fb6d3768b10","      IADD3 R8, PT, PT, R18, R8, RZ","4400"
"0x7fb6d3768b20","      IADD3 R4, PT, PT, R2, 0xe, RZ","4400"
"0x7fb6d3768b30","      SHF.R.S32.HI R29, RZ, 0x1f, R28","4400"
"0x7fb6d3768b40","      UIADD3.64 UR16, UPT, UPT, UR10, -UR16, URZ","4400"
"0x7fb6d3768b50","      IADD3 R16, PT, PT, R17, 0x20, RZ","4400"
"0x7fb6d3768b60","      VIMNMX.S32 R3, R8, R3, PT","4400"
"0x7fb6d3768b70","      ISETP.GE.U32.AND P5, PT, R4, 0xf, PT","4400"
"0x7fb6d3768b80","      IMAD.WIDE.U32 R30, R17, UR4, R28","4400"
"0x7fb6d3768b90","      USHF.L.U32 UR4, UR9, 0x8, URZ","4400"
"0x7fb6d3768ba0","      IADD3 R15, PT, PT, R17, 0x40, RZ","4400"
"0x7fb6d3768bb0","      ISETP.GE.AND P4, PT, R28, R3, PT","4400"
"0x7fb6d3768bc0","      IADD3 R14, PT, PT, R17, 0x60, RZ","4400"
"0x7fb6d3768bd0","      IMAD R4, R17, UR5, R31","4400"
"0x7fb6d3768be0","      LDCU.64 UR8, c[0x0][0x3c0]","4400"
"0x7fb6d3768bf0","      LOP3.LUT R13, R0, UR4, RZ, 0xfc, !PT","4400"
"0x7fb6d3768c00","      IMAD.SHL.U32 R22, R30, 0x4, RZ","4400"
"0x7fb6d3768c10","      ISETP.LT.AND P0, PT, R17, UR6, !P4","4400"
"0x7fb6d3768c20","      ISETP.LT.AND P1, PT, R16, UR6, !P4","4400"
"0x7fb6d3768c30","      ISETP.LT.AND P2, PT, R15, UR6, !P4","4400"
"0x7fb6d3768c40","      LDCU.64 UR4, c[0x0][0x3d8]","4400"
"0x7fb6d3768c50","      ISETP.LT.AND P3, PT, R14, UR6, !P4","4400"
"0x7fb6d3768c60","      IADD3 R12, PT, PT, R13, 0x20, RZ","4400"
"0x7fb6d3768c70","      IADD3 R11, PT, PT, R13, 0x40, RZ","4400"
"0x7fb6d3768c80","      IADD3 R10, PT, PT, R13, 0x60, RZ","4400"
"0x7fb6d3768c90","      LOP3.LUT R9, R13, 0x80, RZ, 0xfc, !PT","4400"
"0x7fb6d3768ca0","      CS2R R46, SRZ","4400"
"0x7fb6d3768cb0","      P2R R3, PR, RZ, 0xf","4400"
"0x7fb6d3768cc0","      CS2R R48, SRZ","4400"
"0x7fb6d3768cd0","      ISETP.LT.AND P0, PT, R13, UR7, !P4","4400"
"0x7fb6d3768ce0","      ISETP.LT.AND P1, PT, R12, UR7, !P4","4400"
"0x7fb6d3768cf0","      ISETP.LT.AND P2, PT, R11, UR7, !P4","4400"
"0x7fb6d3768d00","      ISETP.LT.AND P3, PT, R10, UR7, !P4","4400"
"0x7fb6d3768d10","      IADD3 R8, PT, PT, R13, 0xa0, RZ","4400"
"0x7fb6d3768d20","      IADD3 R7, PT, PT, R13, 0xc0, RZ","4400"
"0x7fb6d3768d30","      IADD3 R6, PT, PT, R13, 0xe0, RZ","4400"
"0x7fb6d3768d40","      SHF.R.S32.HI R20, RZ, 0x1f, R13","4400"
"0x7fb6d3768d50","      CS2R R82, SRZ","4400"
"0x7fb6d3768d60","      P2R R5, PR, RZ, 0xf","4400"
"0x7fb6d3768d70","      IMAD.WIDE.U32 R28, R13, UR4, R28","4400"
"0x7fb6d3768d80","      ISETP.LT.AND P0, PT, R9, UR7, !P4","4400"
"0x7fb6d3768d90","      ISETP.LT.AND P1, PT, R8, UR7, !P4","4400"
"0x7fb6d3768da0","      ISETP.LT.AND P2, PT, R7, UR7, !P4","4400"
"0x7fb6d3768db0","      ISETP.LT.AND P3, PT, R6, UR7, !P4","4400"
"0x7fb6d3768dc0","      SEL R3, R3, RZ, P5","4400"
"0x7fb6d3768dd0","      SHF.L.U64.HI R23, R30, 0x2, R4","4400"
"0x7fb6d3768de0","      IMAD R20, R20, UR4, RZ","4400"
"0x7fb6d3768df0","      SHF.R.U32.HI R191, RZ, 0x5, R184","4400"
"0x7fb6d3768e00","      CS2R R110, SRZ","4400"
"0x7fb6d3768e10","      P2R.B1 R4, PR, R5, 0xf","4400"
"0x7fb6d3768e20","      IADD.64 R30, R22, R26","4400"
"0x7fb6d3768e30","      IADD.64 R22, R22, UR8","4400"
"0x7fb6d3768e40","      IADD.64 R32, R30, UR8","4400"
"0x7fb6d3768e50","      SEL R4, R4, RZ, P5","4400"
"0x7fb6d3768e60","      R2P PR, R3, 0xf","4400"
"0x7fb6d3768e70","      IMAD R3, R13, UR5, R20","4400"
"0x7fb6d3768e80","      LOP3.LUT R20, R19, 0xe00, R156, 0xf8, !PT","4400"
"0x7fb6d3768e90","      IADD.64 R38, R32, UR8","4400"
"0x7fb6d3768ea0","      LDCU.64 UR4, c[0x0][0x3c8]","4400"
"0x7fb6d3768eb0","      IADD3 R3, PT, PT, R29, R3, RZ","4400"
"0x7fb6d3768ec0","      IADD3 R5, PT, PT, R193, R20, RZ","4400"
"0x7fb6d3768ed0","      BAR.SYNC.DEFER_BLOCKING 0x0","4400"
"0x7fb6d3768ee0","      IMAD.SHL.U32 R20, R28, 0x4, RZ","4400"
"0x7fb6d3768ef0","      IADD.64 R22, R22, UR8","4400"
"0x7fb6d3768f00","      CS2R R112, SRZ","4400"
"0x7fb6d3768f10","      SHF.L.U64.HI R21, R28, 0x2, R3","4400"
"0x7fb6d3768f20","      IMAD.SHL.U32 R3, R184, 0x400, RZ","4400"
"0x7fb6d3768f30","      CS2R R80, SRZ","4400"
"0x7fb6d3768f40","      SHFL.IDX PT, R191, R191, RZ, 0x1f","4400"
"0x7fb6d3768f50","      CS2R R50, SRZ","4400"
"0x7fb6d3768f60","      IADD.64 R34, R20, R24","4400"
"0x7fb6d3768f70","      IADD.64 R20, R20, UR12","4400"
"0x7fb6d3768f80","      IADD.64 R36, R34, UR12","4400"
"0x7fb6d3768f90","      UIADD3.64 UR14, UPT, UPT, UR4, -UR14, URZ","4400"
"0x7fb6d3768fa0","      LOP3.LUT R28, R19, 0x1c00, R3, 0xf8, !PT","4400"
"0x7fb6d3768fb0","      CS2R R52, SRZ","4400"
"0x7fb6d3768fc0","      CS2R R78, SRZ","4400"
"0x7fb6d3768fd0","      CS2R R114, SRZ","4400"
"0x7fb6d3768fe0","      CS2R R116, SRZ","4400"
"0x7fb6d3768ff0","      IADD3 R3, PT, PT, R193, R28, RZ","4400"
"0x7fb6d3769000","      IADD.64 R28, R36, UR12","4400"
"0x7fb6d3769010","@!PT  LDS RZ, [RZ]","4400"
"0x7fb6d3769020","@!PT  LDS RZ, [RZ]","4400"
"0x7fb6d3769030","      LDGSTS.E.LTC128B P0, [R5], [R30.64]","4400"
"0x7fb6d3769040","      CS2R R76, SRZ","4400"
"0x7fb6d3769050","      CS2R R54, SRZ","4400"
"0x7fb6d3769060","      CS2R R56, SRZ","4400"
"0x7fb6d3769070","      LDGSTS.E.LTC128B P1, [R5+0x80], [R30.64+UR8]","4400"
"0x7fb6d3769080","      CS2R R74, SRZ","4400"
"0x7fb6d3769090","      CS2R R118, SRZ","4400"
"0x7fb6d37690a0","      SHF.R.S32.HI R192, RZ, 0x1f, R191","4400"
"0x7fb6d37690b0","      LDGSTS.E.LTC128B P2, [R5+0x100], [R32.64+UR8]","4400"
"0x7fb6d37690c0","      CS2R R120, SRZ","4400"
"0x7fb6d37690d0","      CS2R R72, SRZ","4400"
"0x7fb6d37690e0","      LEA.HI R192, R192, R191, RZ, 0x3","4400"
"0x7fb6d37690f0","      LDGSTS.E.LTC128B P3, [R5+0x180], [R38.64+UR8]","4400"
"0x7fb6d3769100","      R2P PR, R4, 0xf","4400"
"0x7fb6d3769110","      CS2R R58, SRZ","4400"
"0x7fb6d3769120","      CS2R R60, SRZ","4400"
"0x7fb6d3769130","      CS2R R70, SRZ","4400"
"0x7fb6d3769140","      CS2R R122, SRZ","4400"
"0x7fb6d3769150","      CS2R R124, SRZ","4400"
"0x7fb6d3769160","      CS2R R68, SRZ","4400"
"0x7fb6d3769170","      CS2R R62, SRZ","4400"
"0x7fb6d3769180","      CS2R R66, SRZ","4400"
"0x7fb6d3769190","      CS2R R126, SRZ","4400"
"0x7fb6d37691a0","      CS2R R64, SRZ","4400"
"0x7fb6d37691b0","      LDGSTS.E.LTC128B P0, [R3+0x4000], [R34.64]","4400"
"0x7fb6d37691c0","      LDGSTS.E.LTC128B P1, [R3+0x4080], [R34.64+UR12]","4400"
"0x7fb6d37691d0","      LDGSTS.E.LTC128B P2, [R3+0x4100], [R36.64+UR12]","4400"
"0x7fb6d37691e0","      IADD.64 R32, R28, UR12","4400"
"0x7fb6d37691f0","      LDGSTS.E.LTC128B P3, [R3+0x4180], [R28.64+UR12]","4400"
"0x7fb6d3769200","      R2P PR, R4.B1, 0xf","4400"
"0x7fb6d3769210","      IADD.64 R30, R32, UR12","4400"
"0x7fb6d3769220","      ISETP.LT.AND P4, PT, R17, UR6, PT","4400"
"0x7fb6d3769230","      ISETP.LT.AND P6, PT, R16, UR6, PT","4400"
"0x7fb6d3769240","      IADD.64 R38, R30, UR12","4400"
"0x7fb6d3769250","      ISETP.LT.AND P5, PT, R15, UR6, PT","4400"
"0x7fb6d3769260","      P2R R16, PR, RZ, 0x10","4400"
"0x7fb6d3769270","      ISETP.LT.AND P4, PT, R14, UR6, PT","4400"
"0x7fb6d3769280","      IADD3 R4, PT, PT, R2, -0x1, RZ","4400"
"0x7fb6d3769290","      LDGSTS.E.LTC128B P0, [R3+0x4200], [R32.64+UR12]","4400"
"0x7fb6d37692a0","      ISETP.NE.AND P0, PT, R16, RZ, PT","4400"
"0x7fb6d37692b0","      IADD.64 R16, R38, UR12","4400"
"0x7fb6d37692c0","      LDGSTS.E.LTC128B P1, [R3+0x4280], [R30.64+UR12]","4400"
"0x7fb6d37692d0","      PLOP3.LUT P1, PT, P6, PT, PT, 0x80, 0x8","4400"
"0x7fb6d37692e0","      CS2R R34, SRZ","4400"
"0x7fb6d37692f0","      ISETP.LT.AND P6, PT, R9, UR7, PT","4400"
"0x7fb6d3769300","      LDGSTS.E.LTC128B P2, [R3+0x4300], [R38.64+UR12]","4400"
"0x7fb6d3769310","      PLOP3.LUT P2, PT, P5, PT, PT, 0x80, 0x8","4400"
"0x7fb6d3769320","      CS2R R36, SRZ","4400"
"0x7fb6d3769330","      ISETP.LT.AND P5, PT, R13, UR7, PT","4400"
"0x7fb6d3769340","      LDGSTS.E.LTC128B P3, [R3+0x4380], [R16.64+UR12]","4400"
"0x7fb6d3769350","      PLOP3.LUT P3, PT, P4, PT, PT, 0x80, 0x8","4400"
"0x7fb6d3769360","      CS2R R28, SRZ","4400"
"0x7fb6d3769370","      ISETP.LT.AND P4, PT, R12, UR7, PT","4400"
"0x7fb6d3769380","      LDGDEPBAR","4400"
"0x7fb6d3769390","      P2R R12, PR, RZ, 0xf","4400"
"0x7fb6d37693a0","      ISETP.LT.AND P2, PT, R11, UR7, PT","4400"
"0x7fb6d37693b0","      ISETP.LT.AND P3, PT, R10, UR7, PT","4400"
"0x7fb6d37693c0","      PLOP3.LUT P0, PT, P5, PT, PT, 0x80, 0x8","4400"
"0x7fb6d37693d0","      IADD.64 R10, R22, UR8","4400"
"0x7fb6d37693e0","      ISETP.GE.U32.AND P5, PT, R4, 0x8, PT","4400"
"0x7fb6d37693f0","      PLOP3.LUT P1, PT, P4, PT, PT, 0x80, 0x8","4400"
"0x7fb6d3769400","      IADD.64 R10, R10, UR14","4400"
"0x7fb6d3769410","      ISETP.LT.AND P4, PT, R8, UR7, PT","4400"
"0x7fb6d3769420","      P2R R8, PR, RZ, 0xf","4400"
"0x7fb6d3769430","      CS2R R32, SRZ","4400"
"0x7fb6d3769440","      ISETP.LT.AND P2, PT, R7, UR7, PT","4400"
"0x7fb6d3769450","      ISETP.LT.AND P3, PT, R6, UR7, PT","4400"
"0x7fb6d3769460","      IADD.64 R6, R20, UR12","4400"
"0x7fb6d3769470","      IMAD.WIDE R10, R18, 0x4, R10","4400"
"0x7fb6d3769480","      SEL R12, R12, RZ, P5","4400"
"0x7fb6d3769490","      IADD.64 R6, R6, UR12","4400"
"0x7fb6d37694a0","      CS2R R30, SRZ","4400"
"0x7fb6d37694b0","      PLOP3.LUT P0, PT, P6, PT, PT, 0x80, 0x8","4400"
"0x7fb6d37694c0","      IADD.64 R6, R6, UR12","4400"
"0x7fb6d37694d0","      IADD.64 R26, R10, R26","4400"
"0x7fb6d37694e0","      IADD.64 R6, R6, UR12","4400"
"0x7fb6d37694f0","      IADD.64 R10, R26, UR8","4400"
"0x7fb6d3769500","      IADD.64 R6, R6, UR12","4400"
"0x7fb6d3769510","      CS2R R38, SRZ","4400"
"0x7fb6d3769520","      PLOP3.LUT P1, PT, P4, PT, PT, 0x80, 0x8","4400"
"0x7fb6d3769530","      IADD.64 R6, R6, UR12","4400"
"0x7fb6d3769540","      CS2R R22, SRZ","4400"
"0x7fb6d3769550","      P2R.B1 R8, PR, R8, 0xf","4400"
"0x7fb6d3769560","      IADD.64 R6, R6, UR16","4400"
"0x7fb6d3769570","      R2P PR, R12, 0xf","4400"
"0x7fb6d3769580","      SEL R188, R8, RZ, P5","4400"
"0x7fb6d3769590","      IMAD.WIDE R18, R18, 0x4, R6","4400"
"0x7fb6d37695a0","      IADD.64 R6, R10, UR8","4400"
"0x7fb6d37695b0","      IADD3 R8, PT, PT, R2, -0x9, RZ","4400"
"0x7fb6d37695c0","      LOP3.LUT R4, R192, 0xfff8, RZ, 0xc0, !PT","4400"
"0x7fb6d37695d0","      IADD.64 R24, R18, R24","4400"
"0x7fb6d37695e0","      IADD3 R2, PT, PT, R2, 0x7, RZ","4400"
"0x7fb6d37695f0","      SHF.R.S32.HI R192, RZ, 0x3, R192","4400"
"0x7fb6d3769600","      IADD.64 R20, R24, UR12","4400"
"0x7fb6d3769610","      LDGSTS.E.LTC128B P0, [R5+0x1000], [R26.64]","4400"
"0x7fb6d3769620","      IADD3 R191, PT, PT, R191, -R4, RZ","4400"
"0x7fb6d3769630","      IADD.64 R18, R20, UR12","4400"
"0x7fb6d3769640","      LDGSTS.E.LTC128B P1, [R5+0x1080], [R26.64+UR8]","4400"
"0x7fb6d3769650","      SHF.R.S32.HI R189, RZ, 0x1f, R2","4400"
"0x7fb6d3769660","      IADD.64 R16, R18, UR12","4400"
"0x7fb6d3769670","      LDGSTS.E.LTC128B P2, [R5+0x1100], [R10.64+UR8]","4400"
"0x7fb6d3769680","      LEA.HI R189, R189, R2, RZ, 0x3","4400"
"0x7fb6d3769690","      IADD.64 R14, R16, UR12","4400"
"0x7fb6d37696a0","      LDGSTS.E.LTC128B P3, [R5+0x1180], [R6.64+UR8]","4400"
"0x7fb6d37696b0","      R2P PR, R188, 0xf","4400"
"0x7fb6d37696c0","      LEA.HI.SX32 R189, R189, 0xfffffffd, 0x1d","4400"
"0x7fb6d37696d0","      LDGSTS.E.LTC128B P0, [R3+0x6000], [R24.64]","4400"
"0x7fb6d37696e0","      LDGSTS.E.LTC128B P1, [R3+0x6080], [R24.64+UR12]","4400"
"0x7fb6d37696f0","      CS2R R26, SRZ","4400"
"0x7fb6d3769700","      LDGSTS.E.LTC128B P2, [R3+0x6100], [R20.64+UR12]","4400"
"0x7fb6d3769710","      IADD.64 R10, R14, UR12","4400"
"0x7fb6d3769720","      LDGSTS.E.LTC128B P3, [R3+0x6180], [R18.64+UR12]","4400"
"0x7fb6d3769730","      R2P PR, R188.B1, 0xf","4400"
"0x7fb6d3769740","      ISETP.GE.U32.AND P4, PT, R8, 0x8, PT","4400"
"0x7fb6d3769750","      IADD.64 R8, R10, UR12","4400"
"0x7fb6d3769760","      SEL R187, R12, RZ, P4","4400"
"0x7fb6d3769770","      SEL R188, R188, RZ, P4","4400"
"0x7fb6d3769780","      LDGSTS.E.LTC128B P0, [R3+0x6200], [R16.64+UR12]","4400"
"0x7fb6d3769790","      LDGSTS.E.LTC128B P1, [R3+0x6280], [R14.64+UR12]","4400"
"0x7fb6d37697a0","      CS2R R24, SRZ","4400"
"0x7fb6d37697b0","      LDGSTS.E.LTC128B P2, [R3+0x6300], [R10.64+UR12]","4400"
"0x7fb6d37697c0","      IADD.64 R20, R6, UR8","4400"
"0x7fb6d37697d0","      LDGSTS.E.LTC128B P3, [R3+0x6380], [R8.64+UR12]","4400"
"0x7fb6d37697e0","      IADD.64 R18, R20, UR4","4400"
"0x7fb6d37697f0","      R2P PR, R187, 0xf","4400"
"0x7fb6d3769800","      IADD.64 R12, R18, UR8","4400"
"0x7fb6d3769810","      LDGDEPBAR","4400"
"0x7fb6d3769820","      LOP3.LUT R6, R191, 0x80, RZ, 0xc0, !PT","4400"
"0x7fb6d3769830","      IADD.64 R206, R12, UR8","4400"
"0x7fb6d3769840","      LEA.HI R6, R6, R191, RZ, 0x19","4400"
"0x7fb6d3769850","      CS2R R16, SRZ","4400"
"0x7fb6d3769860","      LOP3.LUT R4, R6, 0xfffe, RZ, 0xc0, !PT","4400"
"0x7fb6d3769870","      LDGSTS.E.LTC128B P0, [R5+0x2000], [R20.64+UR4]","4400"
"0x7fb6d3769880","      PRMT R6, R6, 0x8880, RZ","4400"
"0x7fb6d3769890","      LDGSTS.E.LTC128B P1, [R5+0x2080], [R18.64+UR8]","4400"
"0x7fb6d37698a0","      IADD3 R4, PT, PT, RZ, -R4, RZ","4400"
"0x7fb6d37698b0","      SHF.R.S32.HI R6, RZ, 0x1, R6","4400"
"0x7fb6d37698c0","      LDGSTS.E.LTC128B P2, [R5+0x2100], [R12.64+UR8]","4400"
"0x7fb6d37698d0","      IADD.64 R8, R8, UR12","4400"
"0x7fb6d37698e0","      LDGSTS.E.LTC128B P3, [R5+0x2180], [R206.64+UR8]","4400"
"0x7fb6d37698f0","      R2P PR, R188, 0xf","4400"
"0x7fb6d3769900","      IADD.64 R10, R8, UR10","4400"
"0x7fb6d3769910","      ISETP.GE.AND P4, PT, R2, 0x8, PT","4400"
"0x7fb6d3769920","      PRMT R4, R4, 0x7710, RZ","4400"
"0x7fb6d3769930","      IADD.64 R14, R10, UR12","4400"
"0x7fb6d3769940","      IMAD.SHL.U32 R2, R184, 0x8, RZ","4400"
"0x7fb6d3769950","      PRMT R190, R6, 0x9910, RZ","4400"
"0x7fb6d3769960","      IADD3 R191, PT, PT, R191, R4, RZ","4400"
"0x7fb6d3769970","      LDGSTS.E.LTC128B P1, [R3+0x8080], [R10.64+UR12]","4400"
"0x7fb6d3769980","      IMAD R129, R192, 0x20, R190","4400"
"0x7fb6d3769990","      PRMT R7, R191, 0x8880, RZ","4400"
"0x7fb6d37699a0","      CS2R R20, SRZ","4400"
"0x7fb6d37699b0","      LDGSTS.E.LTC128B P0, [R3+0x8000], [R8.64+UR10]","4400"
"0x7fb6d37699c0","      IMAD.SHL.U32 R129, R129, 0x10, RZ","4400"
"0x7fb6d37699d0","      LOP3.LUT R191, R191, 0xffff, RZ, 0xc0, !PT","4400"
"0x7fb6d37699e0","      IMAD R130, R192, 0x10, R7","4400"
"0x7fb6d37699f0","      LDGSTS.E.LTC128B P2, [R3+0x8100], [R14.64+UR12]","4400"
"0x7fb6d3769a00","      IADD.64 R12, R14, UR12","4400"
"0x7fb6d3769a10","      IMAD.SHL.U32 R130, R130, 0x10, RZ","4400"
"0x7fb6d3769a20","      CS2R R18, SRZ","4400"
"0x7fb6d3769a30","      LOP3.LUT R5, R0, 0x2, RZ, 0xc0, !PT","4400"
"0x7fb6d3769a40","      IADD.64 R206, R206, UR8","4400"
"0x7fb6d3769a50","      LDGSTS.E.LTC128B P3, [R3+0x8180], [R12.64+UR12]","4400"
"0x7fb6d3769a60","      R2P PR, R188.B1, 0xf","4400"
"0x7fb6d3769a70","      LOP3.LUT R0, R2, 0x70, RZ, 0xc0, !PT","4400"
"0x7fb6d3769a80","      LOP3.LUT R2, R5, 0x1, R184, 0xf8, !PT","4400"
"0x7fb6d3769a90","      IADD3 R0, PT, PT, R0, 0x4000, R193","4400"
"0x7fb6d3769aa0","      PRMT R191, R191, 0x8880, RZ","4400"
"0x7fb6d3769ab0","      IMAD R5, R2, 0x10, R193","4400"
"0x7fb6d3769ac0","      IADD.64 R10, R12, UR12","4400"
"0x7fb6d3769ad0","      IMAD R129, R129, 0x10, R0","4400"
"0x7fb6d3769ae0","      MOV R0, RZ","4400"
"0x7fb6d3769af0","      IADD.64 R8, R10, UR12","4400"
"0x7fb6d3769b00","      LDGSTS.E.LTC128B P0, [R3+0x8200], [R10.64+UR12]","4400"
"0x7fb6d3769b10","      IMAD R130, R130, 0x10, R5","4400"
"0x7fb6d3769b20","      IADD.64 R6, R8, UR12","4400"
"0x7fb6d3769b30","      LDGSTS.E.LTC128B P1, [R3+0x8280], [R8.64+UR12]","4400"
"0x7fb6d3769b40","      CS2R R14, SRZ","4400"
"0x7fb6d3769b50","      IADD.64 R202, R6, UR12","4400"
"0x7fb6d3769b60","      LDGSTS.E.LTC128B P2, [R3+0x8300], [R6.64+UR12]","4400"
"0x7fb6d3769b70","      CS2R R4, SRZ","4400"
"0x7fb6d3769b80","      CS2R R12, SRZ","4400"
"0x7fb6d3769b90","      LDGSTS.E.LTC128B P3, [R3+0x8380], [R202.64+UR12]","4400"
"0x7fb6d3769ba0","      LDGDEPBAR","4400"
"0x7fb6d3769bb0","      CS2R R10, SRZ","4400"
"0x7fb6d3769bc0","      CS2R R8, SRZ","4400"
"0x7fb6d3769bd0","      CS2R R6, SRZ","4400"
"0x7fb6d3769be0","      IADD.64 R202, R202, UR12","4400"
"0x7fb6d3769bf0","      DEPBAR.LE SB0, 0x2","4400"
"0x7fb6d3769c00","      CS2R R2, SRZ","4400"
"0x7fb6d3769c10","      BAR.SYNC.DEFER_BLOCKING 0x0","4400"
"0x7fb6d3769c20","@!P4  BRA 0x7fb6d376e570","4400"
"0x7fb6d3769c30","      LDS.128 R132, [R130]","4400"
"0x7fb6d3769c40","      LDCU.64 UR16, c[0x0][0x3c0]","4400"
"0x7fb6d3769c50","      SHF.R.U32.HI R157, RZ, 0x1, R184","4400"
"0x7fb6d3769c60","      IADD.64 R202, R202, UR10","4400"
"0x7fb6d3769c70","      LDS.128 R140, [R130+0x40]","4400"
"0x7fb6d3769c80","      LDCU.64 UR14, c[0x0][0x3e0]","4400"
"0x7fb6d3769c90","      ISETP.NE.AND P0, PT, R189, RZ, PT","4400"
"0x7fb6d3769ca0","      LOP3.LUT R156, R156, 0xffc, R157, 0xc8, !PT","4400"
"0x7fb6d3769cb0","      LDS.128 R144, [R130+0x80]","4400"
"0x7fb6d3769cc0","      MOV R186, RZ","4400"
"0x7fb6d3769cd0","      MOV R30, RZ","4400"
"0x7fb6d3769ce0","      SEL R188, R188, RZ, P0","4400"
"0x7fb6d3769cf0","      LDS.128 R148, [R130+0xc0]","4400"
"0x7fb6d3769d00","      SEL R187, R187, RZ, P0","4400"
"0x7fb6d3769d10","      IADD3 R185, PT, PT, R193, R156, RZ","4400"
"0x7fb6d3769d20","      IADD.64 R206, R206, UR4","4400"
"0x7fb6d3769d30","      LDS.128 R136, [R129]","4400"
"0x7fb6d3769d40","      UMOV UR9, 0x3000","4400"
"0x7fb6d3769d50","      UMOV UR8, 0x6000","4400"
"0x7fb6d3769d60","      LDCU.64 UR12, c[0x0][0x3c8]","4400"
"0x7fb6d3769d70","      LDS.128 R152, [R129+0x80]","4400"
"0x7fb6d3769d80","      LDCU.64 UR10, c[0x0][0x3e8]","4400"
"0x7fb6d3769d90","      UIADD3.64 UR20, UPT, UPT, UR16, UR16, URZ","4400"
"0x7fb6d3769da0","      UIADD3.64 UR18, UPT, UPT, UR14, UR14, URZ","4400"
"0x7fb6d3769db0","      UMOV UR7, 0x3","4400"
"0x7fb6d3769dc0","      UMOV UR4, 0x1000","4400"
"0x7fb6d3769dd0","      LDC.64 R182, c[0x0][0x3c0]","4400"
"0x7fb6d3769de0","      SHF.L.U32 R184, R184, 0xa, RZ","4400"
"0x7fb6d3769df0","      LOP3.LUT R184, R184, 0x1dfc, R157, 0xc8, !PT","4400"
"0x7fb6d3769e00","      LDC.64 R180, c[0x0][0x3e0]","4400"
"0x7fb6d3769e10","      IMAD R197, R183, 0x3, RZ","4400"
"0x7fb6d3769e20","      IMAD R196, R181, 0x3, RZ","4400"
"0x7fb6d3769e30","      IMAD R195, R181, 0x5, RZ","4400"
"0x7fb6d3769e40","      IMAD R194, R181, 0x6, RZ","4400"
"0x7fb6d3769e50","      IMAD R183, R181, 0x7, RZ","4400"
"0x7fb6d3769e60","      LDS.128 R156, [R130+0x200]","102400"
"0x7fb6d3769e70","      FFMA R127, R132, R136, R127","102400"
"0x7fb6d3769e80","      FFMA R128, R133, R136, R128","102400"
"0x7fb6d3769e90","      FFMA R126, R133, R137, R126","102400"
"0x7fb6d3769ea0","      FFMA R125, R132, R137, R125","102400"
"0x7fb6d3769eb0","      FFMA R123, R134, R136, R123","102400"
"0x7fb6d3769ec0","      FFMA R124, R135, R136, R124","102400"
"0x7fb6d3769ed0","      FFMA R122, R135, R137, R122","102400"
"0x7fb6d3769ee0","      LDS.128 R160, [R129+0x400]","102400"
"0x7fb6d3769ef0","      FFMA R121, R134, R137, R121","102400"
"0x7fb6d3769f00","      FFMA R119, R140, R136, R119","102400"
"0x7fb6d3769f10","      FFMA R120, R141, R136, R120","102400"
"0x7fb6d3769f20","      FFMA R118, R141, R137, R118","102400"
"0x7fb6d3769f30","      FFMA R117, R140, R137, R117","102400"
"0x7fb6d3769f40","      FFMA R115, R142, R136, R115","102400"
"0x7fb6d3769f50","      FFMA R116, R143, R136, R116","102400"
"0x7fb6d3769f60","      LDS.128 R164, [R130+0x240]","102400"
"0x7fb6d3769f70","      FFMA R114, R143, R137, R114","102400"
"0x7fb6d3769f80","      FFMA R113, R142, R137, R113","102400"
"0x7fb6d3769f90","      FFMA R111, R144, R136, R111","102400"
"0x7fb6d3769fa0","      FFMA R112, R145, R136, R112","102400"
"0x7fb6d3769fb0","      FFMA R110, R145, R137, R110","102400"
"0x7fb6d3769fc0","      FFMA R109, R144, R137, R109","102400"
"0x7fb6d3769fd0","      FFMA R107, R146, R136, R107","102400"
"0x7fb6d3769fe0","      LDS.128 R168, [R130+0x280]","102400"
"0x7fb6d3769ff0","      FFMA R108, R147, R136, R108","102400"
"0x7fb6d376a000","      FFMA R106, R147, R137, R106","102400"
"0x7fb6d376a010","      FFMA R105, R146, R137, R105","102400"
"0x7fb6d376a020","      FFMA R103, R148, R136, R103","102400"
"0x7fb6d376a030","      FFMA R104, R149, R136, R104","102400"
"0x7fb6d376a040","      FFMA R102, R149, R137, R102","102400"
"0x7fb6d376a050","      FFMA R101, R148, R137, R101","102400"
"0x7fb6d376a060","      LDS.128 R172, [R130+0x2c0]","102400"
"0x7fb6d376a070","      FFMA R99, R150, R136, R99","102400"
"0x7fb6d376a080","      FFMA R100, R151, R136, R100","102400"
"0x7fb6d376a090","      FFMA R98, R151, R137, R98","102400"
"0x7fb6d376a0a0","      FFMA R96, R150, R137, R96","102400"
"0x7fb6d376a0b0","      FFMA R97, R150, R138, R97","102400"
"0x7fb6d376a0c0","      FFMA R95, R151, R138, R95","102400"
"0x7fb6d376a0d0","      FFMA R94, R151, R139, R94","102400"
"0x7fb6d376a0e0","      LDS.128 R176, [R129+0x480]","102400"
"0x7fb6d376a0f0","      FFMA R93, R150, R139, R93","102400"
"0x7fb6d376a100","      FFMA R91, R148, R138, R91","102400"
"0x7fb6d376a110","      FFMA R92, R149, R138, R92","102400"
"0x7fb6d376a120","      FFMA R90, R149, R139, R90","102400"
"0x7fb6d376a130","      FFMA R89, R148, R139, R89","102400"
"0x7fb6d376a140","      FFMA R87, R146, R138, R87","102400"
"0x7fb6d376a150","      FFMA R88, R147, R138, R88","102400"
"0x7fb6d376a160","      FFMA R86, R147, R139, R86","102400"
"0x7fb6d376a170","      FFMA R85, R146, R139, R85","102400"
"0x7fb6d376a180","      FFMA R83, R144, R138, R83","102400"
"0x7fb6d376a190","      FFMA R84, R145, R138, R84","102400"
"0x7fb6d376a1a0","      FFMA R82, R145, R139, R82","102400"
"0x7fb6d376a1b0","      FFMA R81, R144, R139, R81","102400"
"0x7fb6d376a1c0","      FFMA R79, R142, R138, R79","102400"
"0x7fb6d376a1d0","      FFMA R80, R143, R138, R80","102400"
"0x7fb6d376a1e0","      FFMA R78, R143, R139, R78","102400"
"0x7fb6d376a1f0","      FFMA R77, R142, R139, R77","102400"
"0x7fb6d376a200","      FFMA R75, R140, R138, R75","102400"
"0x7fb6d376a210","      FFMA R76, R141, R138, R76","102400"
"0x7fb6d376a220","      FFMA R74, R141, R139, R74","102400"
"0x7fb6d376a230","      FFMA R73, R140, R139, R73","102400"
"0x7fb6d376a240","      FFMA R71, R134, R138, R71","102400"
"0x7fb6d376a250","      FFMA R72, R135, R138, R72","102400"
"0x7fb6d376a260","      FFMA R70, R135, R139, R70","102400"
"0x7fb6d376a270","      FFMA R69, R134, R139, R69","102400"
"0x7fb6d376a280","      FFMA R67, R132, R138, R67","102400"
"0x7fb6d376a290","      FFMA R68, R133, R138, R68","102400"
"0x7fb6d376a2a0","      FFMA R66, R133, R139, R66","102400"
"0x7fb6d376a2b0","      FFMA R64, R132, R139, R64","102400"
"0x7fb6d376a2c0","      FFMA R65, R132, R152, R65","102400"
"0x7fb6d376a2d0","      LDS.128 R136, [R129+0x800]","102400"
"0x7fb6d376a2e0","      FFMA R63, R133, R152, R63","102400"
"0x7fb6d376a2f0","      FFMA R62, R133, R153, R62","102400"
"0x7fb6d376a300","      FFMA R61, R132, R153, R61","102400"
"0x7fb6d376a310","      FFMA R59, R134, R152, R59","102400"
"0x7fb6d376a320","      FFMA R60, R135, R152, R60","102400"
"0x7fb6d376a330","      FFMA R58, R135, R153, R58","102400"
"0x7fb6d376a340","      FFMA R57, R134, R153, R57","102400"
"0x7fb6d376a350","      FFMA R55, R140, R152, R55","102400"
"0x7fb6d376a360","      FFMA R56, R141, R152, R56","102400"
"0x7fb6d376a370","      FFMA R54, R141, R153, R54","102400"
"0x7fb6d376a380","      FFMA R53, R140, R153, R53","102400"
"0x7fb6d376a390","      FFMA R51, R142, R152, R51","102400"
"0x7fb6d376a3a0","      FFMA R52, R143, R152, R52","102400"
"0x7fb6d376a3b0","      FFMA R50, R143, R153, R50","102400"
"0x7fb6d376a3c0","      FFMA R49, R142, R153, R49","102400"
"0x7fb6d376a3d0","      FFMA R47, R144, R152, R47","102400"
"0x7fb6d376a3e0","      FFMA R48, R145, R152, R48","102400"
"0x7fb6d376a3f0","      FFMA R46, R145, R153, R46","102400"
"0x7fb6d376a400","      FFMA R45, R144, R153, R45","102400"
"0x7fb6d376a410","      FFMA R43, R146, R152, R43","102400"
"0x7fb6d376a420","      FFMA R44, R147, R152, R44","102400"
"0x7fb6d376a430","      FFMA R42, R147, R153, R42","102400"
"0x7fb6d376a440","      FFMA R41, R146, R153, R41","102400"
"0x7fb6d376a450","      FFMA R39, R148, R152, R39","102400"
"0x7fb6d376a460","      FFMA R40, R149, R152, R40","102400"
"0x7fb6d376a470","      FFMA R38, R149, R153, R38","102400"
"0x7fb6d376a480","      FFMA R37, R148, R153, R37","102400"
"0x7fb6d376a490","      FFMA R35, R150, R152, R35","102400"
"0x7fb6d376a4a0","      FFMA R36, R151, R152, R36","102400"
"0x7fb6d376a4b0","      FFMA R34, R151, R153, R34","102400"
"0x7fb6d376a4c0","      FFMA R32, R150, R153, R32","102400"
"0x7fb6d376a4d0","      FFMA R33, R150, R154, R33","102400"
"0x7fb6d376a4e0","      FFMA R31, R151, R154, R31","102400"
"0x7fb6d376a4f0","      FFMA R30, R151, R155, R30","102400"
"0x7fb6d376a500","      FFMA R29, R150, R155, R29","102400"
"0x7fb6d376a510","      FFMA R27, R148, R154, R27","102400"
"0x7fb6d376a520","      FFMA R28, R149, R154, R28","102400"
"0x7fb6d376a530","      FFMA R26, R149, R155, R26","102400"
"0x7fb6d376a540","      FFMA R25, R148, R155, R25","102400"
"0x7fb6d376a550","      FFMA R23, R146, R154, R23","102400"
"0x7fb6d376a560","      LDS.128 R148, [R130+0x4c0]","102400"
"0x7fb6d376a570","      FFMA R24, R147, R154, R24","102400"
"0x7fb6d376a580","      FFMA R22, R147, R155, R22","102400"
"0x7fb6d376a590","      FFMA R21, R146, R155, R21","102400"
"0x7fb6d376a5a0","      FFMA R19, R144, R154, R19","102400"
"0x7fb6d376a5b0","      FFMA R20, R145, R154, R20","102400"
"0x7fb6d376a5c0","      FFMA R18, R145, R155, R18","102400"
"0x7fb6d376a5d0","      FFMA R17, R144, R155, R17","102400"
"0x7fb6d376a5e0","      FFMA R15, R142, R154, R15","102400"
"0x7fb6d376a5f0","      LDS.128 R144, [R130+0x480]","102400"
"0x7fb6d376a600","      FFMA R16, R143, R154, R16","102400"
"0x7fb6d376a610","      FFMA R14, R143, R155, R14","102400"
"0x7fb6d376a620","      FFMA R13, R142, R155, R13","102400"
"0x7fb6d376a630","      FFMA R11, R140, R154, R11","102400"
"0x7fb6d376a640","      FFMA R12, R141, R154, R12","102400"
"0x7fb6d376a650","      FFMA R10, R141, R155, R10","102400"
"0x7fb6d376a660","      FFMA R9, R140, R155, R9","102400"
"0x7fb6d376a670","      FFMA R7, R134, R154, R7","102400"
"0x7fb6d376a680","      LDS.128 R140, [R130+0x440]","102400"
"0x7fb6d376a690","      FFMA R8, R135, R154, R8","102400"
"0x7fb6d376a6a0","      FFMA R6, R135, R155, R6","102400"
"0x7fb6d376a6b0","      FFMA R5, R134, R155, R5","102400"
"0x7fb6d376a6c0","      FFMA R3, R132, R154, R3","102400"
"0x7fb6d376a6d0","      FFMA R4, R133, R154, R4","102400"
"0x7fb6d376a6e0","      FFMA R2, R133, R155, R2","102400"
"0x7fb6d376a6f0","      FFMA R0, R132, R155, R0","102400"
"0x7fb6d376a700","      FFMA R127, R156, R160, R127","102400"
"0x7fb6d376a710","      LDS.128 R132, [R130+0x400]","102400"
"0x7fb6d376a720","      FFMA R128, R157, R160, R128","102400"
"0x7fb6d376a730","      FFMA R126, R157, R161, R126","102400"
"0x7fb6d376a740","      FFMA R125, R156, R161, R125","102400"
"0x7fb6d376a750","      FFMA R123, R158, R160, R123","102400"
"0x7fb6d376a760","      FFMA R124, R159, R160, R124","102400"
"0x7fb6d376a770","      FFMA R122, R159, R161, R122","102400"
"0x7fb6d376a780","      FFMA R121, R158, R161, R121","102400"
"0x7fb6d376a790","      LDS.128 R152, [R129+0x880]","102400"
"0x7fb6d376a7a0","      FFMA R119, R164, R160, R119","102400"
"0x7fb6d376a7b0","      FFMA R120, R165, R160, R120","102400"
"0x7fb6d376a7c0","      FFMA R118, R165, R161, R118","102400"
"0x7fb6d376a7d0","      FFMA R117, R164, R161, R117","102400"
"0x7fb6d376a7e0","      FFMA R115, R166, R160, R115","102400"
"0x7fb6d376a7f0","      FFMA R116, R167, R160, R116","102400"
"0x7fb6d376a800","      FFMA R114, R167, R161, R114","102400"
"0x7fb6d376a810","      FFMA R113, R166, R161, R113","102400"
"0x7fb6d376a820","      FFMA R111, R168, R160, R111","102400"
"0x7fb6d376a830","      FFMA R112, R169, R160, R112","102400"
"0x7fb6d376a840","      FFMA R110, R169, R161, R110","102400"
"0x7fb6d376a850","      FFMA R109, R168, R161, R109","102400"
"0x7fb6d376a860","      FFMA R107, R170, R160, R107","102400"
"0x7fb6d376a870","      FFMA R108, R171, R160, R108","102400"
"0x7fb6d376a880","      FFMA R106, R171, R161, R106","102400"
"0x7fb6d376a890","      FFMA R105, R170, R161, R105","102400"
"0x7fb6d376a8a0","      FFMA R103, R172, R160, R103","102400"
"0x7fb6d376a8b0","      FFMA R104, R173, R160, R104","102400"
"0x7fb6d376a8c0","      FFMA R102, R173, R161, R102","102400"
"0x7fb6d376a8d0","      FFMA R101, R172, R161, R101","102400"
"0x7fb6d376a8e0","      FFMA R99, R174, R160, R99","102400"
"0x7fb6d376a8f0","      FFMA R100, R175, R160, R100","102400"
"0x7fb6d376a900","      FFMA R98, R175, R161, R98","102400"
"0x7fb6d376a910","      FFMA R96, R174, R161, R96","102400"
"0x7fb6d376a920","      FFMA R97, R174, R162, R97","102400"
"0x7fb6d376a930","      FFMA R95, R175, R162, R95","102400"
"0x7fb6d376a940","      FFMA R94, R175, R163, R94","102400"
"0x7fb6d376a950","      FFMA R93, R174, R163, R93","102400"
"0x7fb6d376a960","      FFMA R91, R172, R162, R91","102400"
"0x7fb6d376a970","      FFMA R92, R173, R162, R92","102400"
"0x7fb6d376a980","      FFMA R90, R173, R163, R90","102400"
"0x7fb6d376a990","      FFMA R89, R172, R163, R89","102400"
"0x7fb6d376a9a0","      FFMA R87, R170, R162, R87","102400"
"0x7fb6d376a9b0","      FFMA R88, R171, R162, R88","102400"
"0x7fb6d376a9c0","      FFMA R86, R171, R163, R86","102400"
"0x7fb6d376a9d0","      FFMA R85, R170, R163, R85","102400"
"0x7fb6d376a9e0","      FFMA R83, R168, R162, R83","102400"
"0x7fb6d376a9f0","      FFMA R84, R169, R162, R84","102400"
"0x7fb6d376aa00","      FFMA R82, R169, R163, R82","102400"
"0x7fb6d376aa10","      FFMA R81, R168, R163, R81","102400"
"0x7fb6d376aa20","      FFMA R79, R166, R162, R79","102400"
"0x7fb6d376aa30","      FFMA R80, R167, R162, R80","102400"
"0x7fb6d376aa40","      FFMA R78, R167, R163, R78","102400"
"0x7fb6d376aa50","      FFMA R77, R166, R163, R77","102400"
"0x7fb6d376aa60","      FFMA R75, R164, R162, R75","102400"
"0x7fb6d376aa70","      FFMA R76, R165, R162, R76","102400"
"0x7fb6d376aa80","      FFMA R74, R165, R163, R74","102400"
"0x7fb6d376aa90","      FFMA R73, R164, R163, R73","102400"
"0x7fb6d376aaa0","      FFMA R71, R158, R162, R71","102400"
"0x7fb6d376aab0","      FFMA R72, R159, R162, R72","102400"
"0x7fb6d376aac0","      FFMA R70, R159, R163, R70","102400"
"0x7fb6d376aad0","      FFMA R69, R158, R163, R69","102400"
"0x7fb6d376aae0","      FFMA R67, R156, R162, R67","102400"
"0x7fb6d376aaf0","      FFMA R68, R157, R162, R68","102400"
"0x7fb6d376ab00","      FFMA R66, R157, R163, R66","102400"
"0x7fb6d376ab10","      FFMA R64, R156, R163, R64","102400"
"0x7fb6d376ab20","      FFMA R65, R156, R176, R65","102400"
"0x7fb6d376ab30","      LDS.128 R160, [R129+0xc00]","102400"
"0x7fb6d376ab40","      FFMA R63, R157, R176, R63","102400"
"0x7fb6d376ab50","      FFMA R62, R157, R177, R62","102400"
"0x7fb6d376ab60","      FFMA R61, R156, R177, R61","102400"
"0x7fb6d376ab70","      FFMA R59, R158, R176, R59","102400"
"0x7fb6d376ab80","      FFMA R60, R159, R176, R60","102400"
"0x7fb6d376ab90","      FFMA R58, R159, R177, R58","102400"
"0x7fb6d376aba0","      FFMA R57, R158, R177, R57","102400"
"0x7fb6d376abb0","      FFMA R55, R164, R176, R55","102400"
"0x7fb6d376abc0","      FFMA R56, R165, R176, R56","102400"
"0x7fb6d376abd0","      FFMA R54, R165, R177, R54","102400"
"0x7fb6d376abe0","      FFMA R53, R164, R177, R53","102400"
"0x7fb6d376abf0","      FFMA R51, R166, R176, R51","102400"
"0x7fb6d376ac00","      FFMA R52, R167, R176, R52","102400"
"0x7fb6d376ac10","      FFMA R50, R167, R177, R50","102400"
"0x7fb6d376ac20","      FFMA R49, R166, R177, R49","102400"
"0x7fb6d376ac30","      FFMA R47, R168, R176, R47","102400"
"0x7fb6d376ac40","      FFMA R48, R169, R176, R48","102400"
"0x7fb6d376ac50","      FFMA R46, R169, R177, R46","102400"
"0x7fb6d376ac60","      FFMA R45, R168, R177, R45","102400"
"0x7fb6d376ac70","      FFMA R43, R170, R176, R43","102400"
"0x7fb6d376ac80","      FFMA R44, R171, R176, R44","102400"
"0x7fb6d376ac90","      FFMA R42, R171, R177, R42","102400"
"0x7fb6d376aca0","      FFMA R41, R170, R177, R41","102400"
"0x7fb6d376acb0","      FFMA R39, R172, R176, R39","102400"
"0x7fb6d376acc0","      FFMA R40, R173, R176, R40","102400"
"0x7fb6d376acd0","      FFMA R38, R173, R177, R38","102400"
"0x7fb6d376ace0","      FFMA R37, R172, R177, R37","102400"
"0x7fb6d376acf0","      FFMA R35, R174, R176, R35","102400"
"0x7fb6d376ad00","      FFMA R36, R175, R176, R36","102400"
"0x7fb6d376ad10","      FFMA R34, R175, R177, R34","102400"
"0x7fb6d376ad20","      FFMA R32, R174, R177, R32","102400"
"0x7fb6d376ad30","      FFMA R33, R174, R178, R33","102400"
"0x7fb6d376ad40","      FFMA R31, R175, R178, R31","102400"
"0x7fb6d376ad50","      FFMA R30, R175, R179, R30","102400"
"0x7fb6d376ad60","      FFMA R29, R174, R179, R29","102400"
"0x7fb6d376ad70","      FFMA R27, R172, R178, R27","102400"
"0x7fb6d376ad80","      FFMA R28, R173, R178, R28","102400"
"0x7fb6d376ad90","      FFMA R26, R173, R179, R26","102400"
"0x7fb6d376ada0","      FFMA R25, R172, R179, R25","102400"
"0x7fb6d376adb0","      FFMA R23, R170, R178, R23","102400"
"0x7fb6d376adc0","      LDS.128 R172, [R130+0x6c0]","102400"
"0x7fb6d376add0","      FFMA R24, R171, R178, R24","102400"
"0x7fb6d376ade0","      FFMA R22, R171, R179, R22","102400"
"0x7fb6d376adf0","      FFMA R21, R170, R179, R21","102400"
"0x7fb6d376ae00","      FFMA R19, R168, R178, R19","102400"
"0x7fb6d376ae10","      FFMA R20, R169, R178, R20","102400"
"0x7fb6d376ae20","      FFMA R18, R169, R179, R18","102400"
"0x7fb6d376ae30","      FFMA R17, R168, R179, R17","102400"
"0x7fb6d376ae40","      FFMA R15, R166, R178, R15","102400"
"0x7fb6d376ae50","      LDS.128 R168, [R130+0x680]","102400"
"0x7fb6d376ae60","      FFMA R16, R167, R178, R16","102400"
"0x7fb6d376ae70","      FFMA R14, R167, R179, R14","102400"
"0x7fb6d376ae80","      FFMA R13, R166, R179, R13","102400"
"0x7fb6d376ae90","      FFMA R11, R164, R178, R11","102400"
"0x7fb6d376aea0","      FFMA R12, R165, R178, R12","102400"
"0x7fb6d376aeb0","      FFMA R10, R165, R179, R10","102400"
"0x7fb6d376aec0","      FFMA R9, R164, R179, R9","102400"
"0x7fb6d376aed0","      FFMA R7, R158, R178, R7","102400"
"0x7fb6d376aee0","      LDS.128 R164, [R130+0x640]","102400"
"0x7fb6d376aef0","      FFMA R8, R159, R178, R8","102400"
"0x7fb6d376af00","      FFMA R6, R159, R179, R6","102400"
"0x7fb6d376af10","      FFMA R5, R158, R179, R5","102400"
"0x7fb6d376af20","      FFMA R3, R156, R178, R3","102400"
"0x7fb6d376af30","      FFMA R4, R157, R178, R4","102400"
"0x7fb6d376af40","      FFMA R2, R157, R179, R2","102400"
"0x7fb6d376af50","      FFMA R0, R156, R179, R0","102400"
"0x7fb6d376af60","      FFMA R127, R132, R136, R127","102400"
"0x7fb6d376af70","      LDS.128 R156, [R130+0x600]","102400"
"0x7fb6d376af80","      FFMA R128, R133, R136, R128","102400"
"0x7fb6d376af90","      FFMA R126, R133, R137, R126","102400"
"0x7fb6d376afa0","      FFMA R125, R132, R137, R125","102400"
"0x7fb6d376afb0","      FFMA R123, R134, R136, R123","102400"
"0x7fb6d376afc0","      FFMA R124, R135, R136, R124","102400"
"0x7fb6d376afd0","      FFMA R122, R135, R137, R122","102400"
"0x7fb6d376afe0","      FFMA R121, R134, R137, R121","102400"
"0x7fb6d376aff0","      LDS.128 R176, [R129+0xc80]","102400"
"0x7fb6d376b000","      FFMA R119, R140, R136, R119","102400"
"0x7fb6d376b010","      FFMA R120, R141, R136, R120","102400"
"0x7fb6d376b020","      FFMA R118, R141, R137, R118","102400"
"0x7fb6d376b030","      FFMA R117, R140, R137, R117","102400"
"0x7fb6d376b040","      FFMA R115, R142, R136, R115","102400"
"0x7fb6d376b050","      FFMA R116, R143, R136, R116","102400"
"0x7fb6d376b060","      FFMA R114, R143, R137, R114","102400"
"0x7fb6d376b070","      FFMA R113, R142, R137, R113","102400"
"0x7fb6d376b080","      FFMA R111, R144, R136, R111","102400"
"0x7fb6d376b090","      FFMA R112, R145, R136, R112","102400"
"0x7fb6d376b0a0","      FFMA R110, R145, R137, R110","102400"
"0x7fb6d376b0b0","      FFMA R109, R144, R137, R109","102400"
"0x7fb6d376b0c0","      FFMA R107, R146, R136, R107","102400"
"0x7fb6d376b0d0","      FFMA R108, R147, R136, R108","102400"
"0x7fb6d376b0e0","      FFMA R106, R147, R137, R106","102400"
"0x7fb6d376b0f0","      FFMA R105, R146, R137, R105","102400"
"0x7fb6d376b100","      FFMA R103, R148, R136, R103","102400"
"0x7fb6d376b110","      FFMA R104, R149, R136, R104","102400"
"0x7fb6d376b120","      FFMA R102, R149, R137, R102","102400"
"0x7fb6d376b130","      FFMA R101, R148, R137, R101","102400"
"0x7fb6d376b140","      FFMA R99, R150, R136, R99","102400"
"0x7fb6d376b150","      FFMA R100, R151, R136, R100","102400"
"0x7fb6d376b160","      FFMA R98, R151, R137, R98","102400"
"0x7fb6d376b170","      FFMA R96, R150, R137, R96","102400"
"0x7fb6d376b180","      FFMA R97, R150, R138, R97","102400"
"0x7fb6d376b190","      FFMA R95, R151, R138, R95","102400"
"0x7fb6d376b1a0","      FFMA R94, R151, R139, R94","102400"
"0x7fb6d376b1b0","      FFMA R93, R150, R139, R93","102400"
"0x7fb6d376b1c0","      FFMA R91, R148, R138, R91","102400"
"0x7fb6d376b1d0","      FFMA R92, R149, R138, R92","102400"
"0x7fb6d376b1e0","      FFMA R90, R149, R139, R90","102400"
"0x7fb6d376b1f0","      FFMA R89, R148, R139, R89","102400"
"0x7fb6d376b200","      FFMA R87, R146, R138, R87","102400"
"0x7fb6d376b210","      FFMA R88, R147, R138, R88","102400"
"0x7fb6d376b220","      FFMA R86, R147, R139, R86","102400"
"0x7fb6d376b230","      FFMA R85, R146, R139, R85","102400"
"0x7fb6d376b240","      FFMA R83, R144, R138, R83","102400"
"0x7fb6d376b250","      FFMA R84, R145, R138, R84","102400"
"0x7fb6d376b260","      FFMA R82, R145, R139, R82","102400"
"0x7fb6d376b270","      FFMA R81, R144, R139, R81","102400"
"0x7fb6d376b280","      FFMA R79, R142, R138, R79","102400"
"0x7fb6d376b290","      FFMA R80, R143, R138, R80","102400"
"0x7fb6d376b2a0","      FFMA R78, R143, R139, R78","102400"
"0x7fb6d376b2b0","      FFMA R77, R142, R139, R77","102400"
"0x7fb6d376b2c0","      FFMA R75, R140, R138, R75","102400"
"0x7fb6d376b2d0","      FFMA R76, R141, R138, R76","102400"
"0x7fb6d376b2e0","      FFMA R74, R141, R139, R74","102400"
"0x7fb6d376b2f0","      FFMA R73, R140, R139, R73","102400"
"0x7fb6d376b300","      FFMA R71, R134, R138, R71","102400"
"0x7fb6d376b310","      FFMA R72, R135, R138, R72","102400"
"0x7fb6d376b320","      FFMA R70, R135, R139, R70","102400"
"0x7fb6d376b330","      FFMA R69, R134, R139, R69","102400"
"0x7fb6d376b340","      FFMA R67, R132, R138, R67","102400"
"0x7fb6d376b350","      FFMA R68, R133, R138, R68","102400"
"0x7fb6d376b360","      FFMA R66, R133, R139, R66","102400"
"0x7fb6d376b370","      FFMA R64, R132, R139, R64","102400"
"0x7fb6d376b380","      FFMA R65, R132, R152, R65","102400"
"0x7fb6d376b390","      LDS.128 R136, [R129+0x1000]","102400"
"0x7fb6d376b3a0","      FFMA R63, R133, R152, R63","102400"
"0x7fb6d376b3b0","      FFMA R62, R133, R153, R62","102400"
"0x7fb6d376b3c0","      FFMA R61, R132, R153, R61","102400"
"0x7fb6d376b3d0","      FFMA R59, R134, R152, R59","102400"
"0x7fb6d376b3e0","      FFMA R60, R135, R152, R60","102400"
"0x7fb6d376b3f0","      FFMA R58, R135, R153, R58","102400"
"0x7fb6d376b400","      FFMA R57, R134, R153, R57","102400"
"0x7fb6d376b410","      FFMA R55, R140, R152, R55","102400"
"0x7fb6d376b420","      FFMA R56, R141, R152, R56","102400"
"0x7fb6d376b430","      FFMA R54, R141, R153, R54","102400"
"0x7fb6d376b440","      FFMA R53, R140, R153, R53","102400"
"0x7fb6d376b450","      FFMA R51, R142, R152, R51","102400"
"0x7fb6d376b460","      FFMA R52, R143, R152, R52","102400"
"0x7fb6d376b470","      FFMA R50, R143, R153, R50","102400"
"0x7fb6d376b480","      FFMA R49, R142, R153, R49","102400"
"0x7fb6d376b490","      FFMA R47, R144, R152, R47","102400"
"0x7fb6d376b4a0","      FFMA R48, R145, R152, R48","102400"
"0x7fb6d376b4b0","      FFMA R46, R145, R153, R46","102400"
"0x7fb6d376b4c0","      FFMA R45, R144, R153, R45","102400"
"0x7fb6d376b4d0","      FFMA R43, R146, R152, R43","102400"
"0x7fb6d376b4e0","      FFMA R44, R147, R152, R44","102400"
"0x7fb6d376b4f0","      FFMA R42, R147, R153, R42","102400"
"0x7fb6d376b500","      FFMA R41, R146, R153, R41","102400"
"0x7fb6d376b510","      FFMA R39, R148, R152, R39","102400"
"0x7fb6d376b520","      FFMA R40, R149, R152, R40","102400"
"0x7fb6d376b530","      FFMA R38, R149, R153, R38","102400"
"0x7fb6d376b540","      FFMA R37, R148, R153, R37","102400"
"0x7fb6d376b550","      FFMA R35, R150, R152, R35","102400"
"0x7fb6d376b560","      FFMA R36, R151, R152, R36","102400"
"0x7fb6d376b570","      FFMA R34, R151, R153, R34","102400"
"0x7fb6d376b580","      FFMA R32, R150, R153, R32","102400"
"0x7fb6d376b590","      FFMA R33, R150, R154, R33","102400"
"0x7fb6d376b5a0","      FFMA R31, R151, R154, R31","102400"
"0x7fb6d376b5b0","      FFMA R30, R151, R155, R30","102400"
"0x7fb6d376b5c0","      FFMA R29, R150, R155, R29","102400"
"0x7fb6d376b5d0","      FFMA R27, R148, R154, R27","102400"
"0x7fb6d376b5e0","      FFMA R28, R149, R154, R28","102400"
"0x7fb6d376b5f0","      FFMA R26, R149, R155, R26","102400"
"0x7fb6d376b600","      FFMA R25, R148, R155, R25","102400"
"0x7fb6d376b610","      FFMA R23, R146, R154, R23","102400"
"0x7fb6d376b620","      LDS.128 R148, [R130+0x8c0]","102400"
"0x7fb6d376b630","      FFMA R24, R147, R154, R24","102400"
"0x7fb6d376b640","      FFMA R22, R147, R155, R22","102400"
"0x7fb6d376b650","      FFMA R21, R146, R155, R21","102400"
"0x7fb6d376b660","      FFMA R19, R144, R154, R19","102400"
"0x7fb6d376b670","      FFMA R20, R145, R154, R20","102400"
"0x7fb6d376b680","      FFMA R18, R145, R155, R18","102400"
"0x7fb6d376b690","      FFMA R17, R144, R155, R17","102400"
"0x7fb6d376b6a0","      FFMA R15, R142, R154, R15","102400"
"0x7fb6d376b6b0","      LDS.128 R144, [R130+0x880]","102400"
"0x7fb6d376b6c0","      FFMA R16, R143, R154, R16","102400"
"0x7fb6d376b6d0","      FFMA R14, R143, R155, R14","102400"
"0x7fb6d376b6e0","      FFMA R13, R142, R155, R13","102400"
"0x7fb6d376b6f0","      FFMA R11, R140, R154, R11","102400"
"0x7fb6d376b700","      FFMA R12, R141, R154, R12","102400"
"0x7fb6d376b710","      FFMA R10, R141, R155, R10","102400"
"0x7fb6d376b720","      FFMA R9, R140, R155, R9","102400"
"0x7fb6d376b730","      FFMA R7, R134, R154, R7","102400"
"0x7fb6d376b740","      LDS.128 R140, [R130+0x840]","102400"
"0x7fb6d376b750","      FFMA R8, R135, R154, R8","102400"
"0x7fb6d376b760","      FFMA R6, R135, R155, R6","102400"
"0x7fb6d376b770","      FFMA R5, R134, R155, R5","102400"
"0x7fb6d376b780","      FFMA R3, R132, R154, R3","102400"
"0x7fb6d376b790","      FFMA R4, R133, R154, R4","102400"
"0x7fb6d376b7a0","      FFMA R2, R133, R155, R2","102400"
"0x7fb6d376b7b0","      FFMA R0, R132, R155, R0","102400"
"0x7fb6d376b7c0","      FFMA R127, R156, R160, R127","102400"
"0x7fb6d376b7d0","      LDS.128 R132, [R130+0x800]","102400"
"0x7fb6d376b7e0","      FFMA R128, R157, R160, R128","102400"
"0x7fb6d376b7f0","      FFMA R126, R157, R161, R126","102400"
"0x7fb6d376b800","      FFMA R125, R156, R161, R125","102400"
"0x7fb6d376b810","      FFMA R123, R158, R160, R123","102400"
"0x7fb6d376b820","      FFMA R124, R159, R160, R124","102400"
"0x7fb6d376b830","      FFMA R122, R159, R161, R122","102400"
"0x7fb6d376b840","      FFMA R121, R158, R161, R121","102400"
"0x7fb6d376b850","      LDS.128 R152, [R129+0x1080]","102400"
"0x7fb6d376b860","      FFMA R119, R164, R160, R119","102400"
"0x7fb6d376b870","      FFMA R120, R165, R160, R120","102400"
"0x7fb6d376b880","      FFMA R118, R165, R161, R118","102400"
"0x7fb6d376b890","      FFMA R117, R164, R161, R117","102400"
"0x7fb6d376b8a0","      FFMA R115, R166, R160, R115","102400"
"0x7fb6d376b8b0","      FFMA R116, R167, R160, R116","102400"
"0x7fb6d376b8c0","      FFMA R114, R167, R161, R114","102400"
"0x7fb6d376b8d0","      FFMA R113, R166, R161, R113","102400"
"0x7fb6d376b8e0","      FFMA R111, R168, R160, R111","102400"
"0x7fb6d376b8f0","      FFMA R112, R169, R160, R112","102400"
"0x7fb6d376b900","      FFMA R110, R169, R161, R110","102400"
"0x7fb6d376b910","      FFMA R109, R168, R161, R109","102400"
"0x7fb6d376b920","      FFMA R107, R170, R160, R107","102400"
"0x7fb6d376b930","      FFMA R108, R171, R160, R108","102400"
"0x7fb6d376b940","      FFMA R106, R171, R161, R106","102400"
"0x7fb6d376b950","      FFMA R105, R170, R161, R105","102400"
"0x7fb6d376b960","      FFMA R103, R172, R160, R103","102400"
"0x7fb6d376b970","      FFMA R104, R173, R160, R104","102400"
"0x7fb6d376b980","      FFMA R102, R173, R161, R102","102400"
"0x7fb6d376b990","      FFMA R101, R172, R161, R101","102400"
"0x7fb6d376b9a0","      FFMA R99, R174, R160, R99","102400"
"0x7fb6d376b9b0","      FFMA R100, R175, R160, R100","102400"
"0x7fb6d376b9c0","      FFMA R98, R175, R161, R98","102400"
"0x7fb6d376b9d0","      FFMA R96, R174, R161, R96","102400"
"0x7fb6d376b9e0","      FFMA R97, R174, R162, R97","102400"
"0x7fb6d376b9f0","      FFMA R95, R175, R162, R95","102400"
"0x7fb6d376ba00","      FFMA R94, R175, R163, R94","102400"
"0x7fb6d376ba10","      FFMA R93, R174, R163, R93","102400"
"0x7fb6d376ba20","      FFMA R91, R172, R162, R91","102400"
"0x7fb6d376ba30","      FFMA R92, R173, R162, R92","102400"
"0x7fb6d376ba40","      FFMA R90, R173, R163, R90","102400"
"0x7fb6d376ba50","      FFMA R89, R172, R163, R89","102400"
"0x7fb6d376ba60","      FFMA R87, R170, R162, R87","102400"
"0x7fb6d376ba70","      FFMA R88, R171, R162, R88","102400"
"0x7fb6d376ba80","      FFMA R86, R171, R163, R86","102400"
"0x7fb6d376ba90","      FFMA R85, R170, R163, R85","102400"
"0x7fb6d376baa0","      FFMA R83, R168, R162, R83","102400"
"0x7fb6d376bab0","      FFMA R84, R169, R162, R84","102400"
"0x7fb6d376bac0","      FFMA R82, R169, R163, R82","102400"
"0x7fb6d376bad0","      FFMA R81, R168, R163, R81","102400"
"0x7fb6d376bae0","      FFMA R79, R166, R162, R79","102400"
"0x7fb6d376baf0","      FFMA R80, R167, R162, R80","102400"
"0x7fb6d376bb00","      FFMA R78, R167, R163, R78","102400"
"0x7fb6d376bb10","      FFMA R77, R166, R163, R77","102400"
"0x7fb6d376bb20","      FFMA R75, R164, R162, R75","102400"
"0x7fb6d376bb30","      FFMA R76, R165, R162, R76","102400"
"0x7fb6d376bb40","      FFMA R74, R165, R163, R74","102400"
"0x7fb6d376bb50","      FFMA R73, R164, R163, R73","102400"
"0x7fb6d376bb60","      FFMA R71, R158, R162, R71","102400"
"0x7fb6d376bb70","      FFMA R72, R159, R162, R72","102400"
"0x7fb6d376bb80","      FFMA R70, R159, R163, R70","102400"
"0x7fb6d376bb90","      FFMA R69, R158, R163, R69","102400"
"0x7fb6d376bba0","      FFMA R67, R156, R162, R67","102400"
"0x7fb6d376bbb0","      FFMA R68, R157, R162, R68","102400"
"0x7fb6d376bbc0","      FFMA R66, R157, R163, R66","102400"
"0x7fb6d376bbd0","      FFMA R64, R156, R163, R64","102400"
"0x7fb6d376bbe0","      FFMA R65, R156, R176, R65","102400"
"0x7fb6d376bbf0","      LDS.128 R160, [R129+0x1400]","102400"
"0x7fb6d376bc00","      FFMA R63, R157, R176, R63","102400"
"0x7fb6d376bc10","      FFMA R62, R157, R177, R62","102400"
"0x7fb6d376bc20","      FFMA R61, R156, R177, R61","102400"
"0x7fb6d376bc30","      FFMA R59, R158, R176, R59","102400"
"0x7fb6d376bc40","      FFMA R60, R159, R176, R60","102400"
"0x7fb6d376bc50","      FFMA R58, R159, R177, R58","102400"
"0x7fb6d376bc60","      FFMA R57, R158, R177, R57","102400"
"0x7fb6d376bc70","      FFMA R55, R164, R176, R55","102400"
"0x7fb6d376bc80","      FFMA R56, R165, R176, R56","102400"
"0x7fb6d376bc90","      FFMA R54, R165, R177, R54","102400"
"0x7fb6d376bca0","      FFMA R53, R164, R177, R53","102400"
"0x7fb6d376bcb0","      FFMA R51, R166, R176, R51","102400"
"0x7fb6d376bcc0","      FFMA R52, R167, R176, R52","102400"
"0x7fb6d376bcd0","      FFMA R50, R167, R177, R50","102400"
"0x7fb6d376bce0","      FFMA R49, R166, R177, R49","102400"
"0x7fb6d376bcf0","      FFMA R47, R168, R176, R47","102400"
"0x7fb6d376bd00","      FFMA R48, R169, R176, R48","102400"
"0x7fb6d376bd10","      FFMA R46, R169, R177, R46","102400"
"0x7fb6d376bd20","      FFMA R45, R168, R177, R45","102400"
"0x7fb6d376bd30","      FFMA R43, R170, R176, R43","102400"
"0x7fb6d376bd40","      FFMA R44, R171, R176, R44","102400"
"0x7fb6d376bd50","      FFMA R42, R171, R177, R42","102400"
"0x7fb6d376bd60","      FFMA R41, R170, R177, R41","102400"
"0x7fb6d376bd70","      FFMA R39, R172, R176, R39","102400"
"0x7fb6d376bd80","      FFMA R40, R173, R176, R40","102400"
"0x7fb6d376bd90","      FFMA R38, R173, R177, R38","102400"
"0x7fb6d376bda0","      FFMA R37, R172, R177, R37","102400"
"0x7fb6d376bdb0","      FFMA R35, R174, R176, R35","102400"
"0x7fb6d376bdc0","      FFMA R36, R175, R176, R36","102400"
"0x7fb6d376bdd0","      FFMA R34, R175, R177, R34","102400"
"0x7fb6d376bde0","      FFMA R32, R174, R177, R32","102400"
"0x7fb6d376bdf0","      FFMA R33, R174, R178, R33","102400"
"0x7fb6d376be00","      FFMA R31, R175, R178, R31","102400"
"0x7fb6d376be10","      FFMA R30, R175, R179, R30","102400"
"0x7fb6d376be20","      FFMA R29, R174, R179, R29","102400"
"0x7fb6d376be30","      FFMA R27, R172, R178, R27","102400"
"0x7fb6d376be40","      FFMA R28, R173, R178, R28","102400"
"0x7fb6d376be50","      FFMA R26, R173, R179, R26","102400"
"0x7fb6d376be60","      FFMA R25, R172, R179, R25","102400"
"0x7fb6d376be70","      FFMA R23, R170, R178, R23","102400"
"0x7fb6d376be80","      LDS.128 R172, [R130+0xac0]","102400"
"0x7fb6d376be90","      FFMA R24, R171, R178, R24","102400"
"0x7fb6d376bea0","      FFMA R22, R171, R179, R22","102400"
"0x7fb6d376beb0","      FFMA R21, R170, R179, R21","102400"
"0x7fb6d376bec0","      FFMA R19, R168, R178, R19","102400"
"0x7fb6d376bed0","      FFMA R20, R169, R178, R20","102400"
"0x7fb6d376bee0","      FFMA R18, R169, R179, R18","102400"
"0x7fb6d376bef0","      FFMA R17, R168, R179, R17","102400"
"0x7fb6d376bf00","      FFMA R15, R166, R178, R15","102400"
"0x7fb6d376bf10","      LDS.128 R168, [R130+0xa80]","102400"
"0x7fb6d376bf20","      FFMA R16, R167, R178, R16","102400"
"0x7fb6d376bf30","      FFMA R14, R167, R179, R14","102400"
"0x7fb6d376bf40","      FFMA R13, R166, R179, R13","102400"
"0x7fb6d376bf50","      FFMA R11, R164, R178, R11","102400"
"0x7fb6d376bf60","      FFMA R12, R165, R178, R12","102400"
"0x7fb6d376bf70","      FFMA R10, R165, R179, R10","102400"
"0x7fb6d376bf80","      FFMA R9, R164, R179, R9","102400"
"0x7fb6d376bf90","      FFMA R7, R158, R178, R7","102400"
"0x7fb6d376bfa0","      LDS.128 R164, [R130+0xa40]","102400"
"0x7fb6d376bfb0","      FFMA R8, R159, R178, R8","102400"
"0x7fb6d376bfc0","      FFMA R6, R159, R179, R6","102400"
"0x7fb6d376bfd0","      FFMA R5, R158, R179, R5","102400"
"0x7fb6d376bfe0","      FFMA R3, R156, R178, R3","102400"
"0x7fb6d376bff0","      FFMA R4, R157, R178, R4","102400"
"0x7fb6d376c000","      FFMA R2, R157, R179, R2","102400"
"0x7fb6d376c010","      FFMA R0, R156, R179, R0","102400"
"0x7fb6d376c020","      FFMA R127, R132, R136, R127","102400"
"0x7fb6d376c030","      LDS.128 R156, [R130+0xa00]","102400"
"0x7fb6d376c040","      FFMA R128, R133, R136, R128","102400"
"0x7fb6d376c050","      FFMA R126, R133, R137, R126","102400"
"0x7fb6d376c060","      FFMA R125, R132, R137, R125","102400"
"0x7fb6d376c070","      FFMA R123, R134, R136, R123","102400"
"0x7fb6d376c080","      FFMA R124, R135, R136, R124","102400"
"0x7fb6d376c090","      FFMA R122, R135, R137, R122","102400"
"0x7fb6d376c0a0","      FFMA R121, R134, R137, R121","102400"
"0x7fb6d376c0b0","      LDS.128 R176, [R129+0x1480]","102400"
"0x7fb6d376c0c0","      FFMA R119, R140, R136, R119","102400"
"0x7fb6d376c0d0","      FFMA R120, R141, R136, R120","102400"
"0x7fb6d376c0e0","      FFMA R118, R141, R137, R118","102400"
"0x7fb6d376c0f0","      FFMA R117, R140, R137, R117","102400"
"0x7fb6d376c100","      FFMA R115, R142, R136, R115","102400"
"0x7fb6d376c110","      FFMA R116, R143, R136, R116","102400"
"0x7fb6d376c120","      FFMA R114, R143, R137, R114","102400"
"0x7fb6d376c130","      FFMA R113, R142, R137, R113","102400"
"0x7fb6d376c140","      FFMA R111, R144, R136, R111","102400"
"0x7fb6d376c150","      FFMA R112, R145, R136, R112","102400"
"0x7fb6d376c160","      FFMA R110, R145, R137, R110","102400"
"0x7fb6d376c170","      FFMA R109, R144, R137, R109","102400"
"0x7fb6d376c180","      FFMA R107, R146, R136, R107","102400"
"0x7fb6d376c190","      FFMA R108, R147, R136, R108","102400"
"0x7fb6d376c1a0","      FFMA R106, R147, R137, R106","102400"
"0x7fb6d376c1b0","      FFMA R105, R146, R137, R105","102400"
"0x7fb6d376c1c0","      FFMA R103, R148, R136, R103","102400"
"0x7fb6d376c1d0","      FFMA R104, R149, R136, R104","102400"
"0x7fb6d376c1e0","      FFMA R102, R149, R137, R102","102400"
"0x7fb6d376c1f0","      FFMA R101, R148, R137, R101","102400"
"0x7fb6d376c200","      FFMA R99, R150, R136, R99","102400"
"0x7fb6d376c210","      FFMA R100, R151, R136, R100","102400"
"0x7fb6d376c220","      FFMA R98, R151, R137, R98","102400"
"0x7fb6d376c230","      FFMA R96, R150, R137, R96","102400"
"0x7fb6d376c240","      FFMA R97, R150, R138, R97","102400"
"0x7fb6d376c250","      FFMA R95, R151, R138, R95","102400"
"0x7fb6d376c260","      FFMA R94, R151, R139, R94","102400"
"0x7fb6d376c270","      FFMA R93, R150, R139, R93","102400"
"0x7fb6d376c280","      FFMA R91, R148, R138, R91","102400"
"0x7fb6d376c290","      FFMA R92, R149, R138, R92","102400"
"0x7fb6d376c2a0","      FFMA R90, R149, R139, R90","102400"
"0x7fb6d376c2b0","      FFMA R89, R148, R139, R89","102400"
"0x7fb6d376c2c0","      FFMA R87, R146, R138, R87","102400"
"0x7fb6d376c2d0","      FFMA R88, R147, R138, R88","102400"
"0x7fb6d376c2e0","      FFMA R86, R147, R139, R86","102400"
"0x7fb6d376c2f0","      FFMA R85, R146, R139, R85","102400"
"0x7fb6d376c300","      FFMA R83, R144, R138, R83","102400"
"0x7fb6d376c310","      FFMA R84, R145, R138, R84","102400"
"0x7fb6d376c320","      FFMA R82, R145, R139, R82","102400"
"0x7fb6d376c330","      FFMA R81, R144, R139, R81","102400"
"0x7fb6d376c340","      FFMA R79, R142, R138, R79","102400"
"0x7fb6d376c350","      FFMA R80, R143, R138, R80","102400"
"0x7fb6d376c360","      FFMA R78, R143, R139, R78","102400"
"0x7fb6d376c370","      FFMA R77, R142, R139, R77","102400"
"0x7fb6d376c380","      FFMA R75, R140, R138, R75","102400"
"0x7fb6d376c390","      FFMA R76, R141, R138, R76","102400"
"0x7fb6d376c3a0","      FFMA R74, R141, R139, R74","102400"
"0x7fb6d376c3b0","      FFMA R73, R140, R139, R73","102400"
"0x7fb6d376c3c0","      FFMA R71, R134, R138, R71","102400"
"0x7fb6d376c3d0","      FFMA R72, R135, R138, R72","102400"
"0x7fb6d376c3e0","      FFMA R70, R135, R139, R70","102400"
"0x7fb6d376c3f0","      FFMA R69, R134, R139, R69","102400"
"0x7fb6d376c400","      FFMA R67, R132, R138, R67","102400"
"0x7fb6d376c410","      FFMA R68, R133, R138, R68","102400"
"0x7fb6d376c420","      FFMA R66, R133, R139, R66","102400"
"0x7fb6d376c430","      FFMA R64, R132, R139, R64","102400"
"0x7fb6d376c440","      FFMA R65, R132, R152, R65","102400"
"0x7fb6d376c450","      LDS.128 R136, [R129+0x1800]","102400"
"0x7fb6d376c460","      FFMA R63, R133, R152, R63","102400"
"0x7fb6d376c470","      FFMA R62, R133, R153, R62","102400"
"0x7fb6d376c480","      FFMA R61, R132, R153, R61","102400"
"0x7fb6d376c490","      FFMA R59, R134, R152, R59","102400"
"0x7fb6d376c4a0","      FFMA R60, R135, R152, R60","102400"
"0x7fb6d376c4b0","      FFMA R58, R135, R153, R58","102400"
"0x7fb6d376c4c0","      FFMA R57, R134, R153, R57","102400"
"0x7fb6d376c4d0","      FFMA R55, R140, R152, R55","102400"
"0x7fb6d376c4e0","      FFMA R56, R141, R152, R56","102400"
"0x7fb6d376c4f0","      FFMA R54, R141, R153, R54","102400"
"0x7fb6d376c500","      FFMA R53, R140, R153, R53","102400"
"0x7fb6d376c510","      FFMA R51, R142, R152, R51","102400"
"0x7fb6d376c520","      FFMA R52, R143, R152, R52","102400"
"0x7fb6d376c530","      FFMA R50, R143, R153, R50","102400"
"0x7fb6d376c540","      FFMA R49, R142, R153, R49","102400"
"0x7fb6d376c550","      FFMA R47, R144, R152, R47","102400"
"0x7fb6d376c560","      FFMA R48, R145, R152, R48","102400"
"0x7fb6d376c570","      FFMA R46, R145, R153, R46","102400"
"0x7fb6d376c580","      FFMA R45, R144, R153, R45","102400"
"0x7fb6d376c590","      FFMA R43, R146, R152, R43","102400"
"0x7fb6d376c5a0","      FFMA R44, R147, R152, R44","102400"
"0x7fb6d376c5b0","      FFMA R42, R147, R153, R42","102400"
"0x7fb6d376c5c0","      FFMA R41, R146, R153, R41","102400"
"0x7fb6d376c5d0","      FFMA R39, R148, R152, R39","102400"
"0x7fb6d376c5e0","      FFMA R40, R149, R152, R40","102400"
"0x7fb6d376c5f0","      FFMA R38, R149, R153, R38","102400"
"0x7fb6d376c600","      FFMA R37, R148, R153, R37","102400"
"0x7fb6d376c610","      FFMA R35, R150, R152, R35","102400"
"0x7fb6d376c620","      FFMA R36, R151, R152, R36","102400"
"0x7fb6d376c630","      FFMA R34, R151, R153, R34","102400"
"0x7fb6d376c640","      FFMA R32, R150, R153, R32","102400"
"0x7fb6d376c650","      FFMA R33, R150, R154, R33","102400"
"0x7fb6d376c660","      FFMA R31, R151, R154, R31","102400"
"0x7fb6d376c670","      FFMA R30, R151, R155, R30","102400"
"0x7fb6d376c680","      FFMA R29, R150, R155, R29","102400"
"0x7fb6d376c690","      FFMA R27, R148, R154, R27","102400"
"0x7fb6d376c6a0","      FFMA R28, R149, R154, R28","102400"
"0x7fb6d376c6b0","      FFMA R26, R149, R155, R26","102400"
"0x7fb6d376c6c0","      FFMA R25, R148, R155, R25","102400"
"0x7fb6d376c6d0","      FFMA R23, R146, R154, R23","102400"
"0x7fb6d376c6e0","      LDS.128 R148, [R130+0xcc0]","102400"
"0x7fb6d376c6f0","      FFMA R24, R147, R154, R24","102400"
"0x7fb6d376c700","      FFMA R22, R147, R155, R22","102400"
"0x7fb6d376c710","      FFMA R21, R146, R155, R21","102400"
"0x7fb6d376c720","      FFMA R19, R144, R154, R19","102400"
"0x7fb6d376c730","      FFMA R20, R145, R154, R20","102400"
"0x7fb6d376c740","      FFMA R18, R145, R155, R18","102400"
"0x7fb6d376c750","      FFMA R17, R144, R155, R17","102400"
"0x7fb6d376c760","      FFMA R15, R142, R154, R15","102400"
"0x7fb6d376c770","      LDS.128 R144, [R130+0xc80]","102400"
"0x7fb6d376c780","      FFMA R16, R143, R154, R16","102400"
"0x7fb6d376c790","      FFMA R14, R143, R155, R14","102400"
"0x7fb6d376c7a0","      FFMA R13, R142, R155, R13","102400"
"0x7fb6d376c7b0","      FFMA R11, R140, R154, R11","102400"
"0x7fb6d376c7c0","      FFMA R12, R141, R154, R12","102400"
"0x7fb6d376c7d0","      FFMA R10, R141, R155, R10","102400"
"0x7fb6d376c7e0","      FFMA R9, R140, R155, R9","102400"
"0x7fb6d376c7f0","      FFMA R7, R134, R154, R7","102400"
"0x7fb6d376c800","      LDS.128 R140, [R130+0xc40]","102400"
"0x7fb6d376c810","      FFMA R8, R135, R154, R8","102400"
"0x7fb6d376c820","      FFMA R6, R135, R155, R6","102400"
"0x7fb6d376c830","      FFMA R5, R134, R155, R5","102400"
"0x7fb6d376c840","      FFMA R3, R132, R154, R3","102400"
"0x7fb6d376c850","      FFMA R4, R133, R154, R4","102400"
"0x7fb6d376c860","      FFMA R2, R133, R155, R2","102400"
"0x7fb6d376c870","      FFMA R0, R132, R155, R0","102400"
"0x7fb6d376c880","      FFMA R127, R156, R160, R127","102400"
"0x7fb6d376c890","      LDS.128 R132, [R130+0xc00]","102400"
"0x7fb6d376c8a0","      FFMA R128, R157, R160, R128","102400"
"0x7fb6d376c8b0","      FFMA R126, R157, R161, R126","102400"
"0x7fb6d376c8c0","      FFMA R125, R156, R161, R125","102400"
"0x7fb6d376c8d0","      FFMA R123, R158, R160, R123","102400"
"0x7fb6d376c8e0","      FFMA R124, R159, R160, R124","102400"
"0x7fb6d376c8f0","      FFMA R122, R159, R161, R122","102400"
"0x7fb6d376c900","      FFMA R121, R158, R161, R121","102400"
"0x7fb6d376c910","      LDS.128 R152, [R129+0x1880]","102400"
"0x7fb6d376c920","      FFMA R119, R164, R160, R119","102400"
"0x7fb6d376c930","      FFMA R120, R165, R160, R120","102400"
"0x7fb6d376c940","      FFMA R118, R165, R161, R118","102400"
"0x7fb6d376c950","      FFMA R117, R164, R161, R117","102400"
"0x7fb6d376c960","      FFMA R115, R166, R160, R115","102400"
"0x7fb6d376c970","      FFMA R116, R167, R160, R116","102400"
"0x7fb6d376c980","      FFMA R114, R167, R161, R114","102400"
"0x7fb6d376c990","      FFMA R113, R166, R161, R113","102400"
"0x7fb6d376c9a0","      FFMA R111, R168, R160, R111","102400"
"0x7fb6d376c9b0","      FFMA R112, R169, R160, R112","102400"
"0x7fb6d376c9c0","      FFMA R110, R169, R161, R110","102400"
"0x7fb6d376c9d0","      FFMA R109, R168, R161, R109","102400"
"0x7fb6d376c9e0","      FFMA R107, R170, R160, R107","102400"
"0x7fb6d376c9f0","      FFMA R108, R171, R160, R108","102400"
"0x7fb6d376ca00","      FFMA R106, R171, R161, R106","102400"
"0x7fb6d376ca10","      FFMA R105, R170, R161, R105","102400"
"0x7fb6d376ca20","      FFMA R103, R172, R160, R103","102400"
"0x7fb6d376ca30","      FFMA R104, R173, R160, R104","102400"
"0x7fb6d376ca40","      FFMA R102, R173, R161, R102","102400"
"0x7fb6d376ca50","      FFMA R101, R172, R161, R101","102400"
"0x7fb6d376ca60","      FFMA R99, R174, R160, R99","102400"
"0x7fb6d376ca70","      FFMA R100, R175, R160, R100","102400"
"0x7fb6d376ca80","      FFMA R98, R175, R161, R98","102400"
"0x7fb6d376ca90","      FFMA R96, R174, R161, R96","102400"
"0x7fb6d376caa0","      FFMA R97, R174, R162, R97","102400"
"0x7fb6d376cab0","      FFMA R95, R175, R162, R95","102400"
"0x7fb6d376cac0","      FFMA R94, R175, R163, R94","102400"
"0x7fb6d376cad0","      FFMA R93, R174, R163, R93","102400"
"0x7fb6d376cae0","      FFMA R91, R172, R162, R91","102400"
"0x7fb6d376caf0","      FFMA R92, R173, R162, R92","102400"
"0x7fb6d376cb00","      FFMA R90, R173, R163, R90","102400"
"0x7fb6d376cb10","      FFMA R89, R172, R163, R89","102400"
"0x7fb6d376cb20","      FFMA R87, R170, R162, R87","102400"
"0x7fb6d376cb30","      FFMA R88, R171, R162, R88","102400"
"0x7fb6d376cb40","      FFMA R86, R171, R163, R86","102400"
"0x7fb6d376cb50","      FFMA R85, R170, R163, R85","102400"
"0x7fb6d376cb60","      FFMA R83, R168, R162, R83","102400"
"0x7fb6d376cb70","      FFMA R84, R169, R162, R84","102400"
"0x7fb6d376cb80","      FFMA R82, R169, R163, R82","102400"
"0x7fb6d376cb90","      FFMA R81, R168, R163, R81","102400"
"0x7fb6d376cba0","      FFMA R79, R166, R162, R79","102400"
"0x7fb6d376cbb0","      FFMA R80, R167, R162, R80","102400"
"0x7fb6d376cbc0","      FFMA R78, R167, R163, R78","102400"
"0x7fb6d376cbd0","      FFMA R77, R166, R163, R77","102400"
"0x7fb6d376cbe0","      FFMA R75, R164, R162, R75","102400"
"0x7fb6d376cbf0","      FFMA R76, R165, R162, R76","102400"
"0x7fb6d376cc00","      FFMA R74, R165, R163, R74","102400"
"0x7fb6d376cc10","      FFMA R73, R164, R163, R73","102400"
"0x7fb6d376cc20","      FFMA R71, R158, R162, R71","102400"
"0x7fb6d376cc30","      FFMA R72, R159, R162, R72","102400"
"0x7fb6d376cc40","      FFMA R70, R159, R163, R70","102400"
"0x7fb6d376cc50","      FFMA R69, R158, R163, R69","102400"
"0x7fb6d376cc60","      FFMA R67, R156, R162, R67","102400"
"0x7fb6d376cc70","      FFMA R68, R157, R162, R68","102400"
"0x7fb6d376cc80","      FFMA R66, R157, R163, R66","102400"
"0x7fb6d376cc90","      FFMA R64, R156, R163, R64","102400"
"0x7fb6d376cca0","      FFMA R65, R156, R176, R65","102400"
"0x7fb6d376ccb0","      LDS.128 R160, [R129+0x1c00]","102400"
"0x7fb6d376ccc0","      FFMA R63, R157, R176, R63","102400"
"0x7fb6d376ccd0","      FFMA R62, R157, R177, R62","102400"
"0x7fb6d376cce0","      FFMA R61, R156, R177, R61","102400"
"0x7fb6d376ccf0","      FFMA R59, R158, R176, R59","102400"
"0x7fb6d376cd00","      FFMA R60, R159, R176, R60","102400"
"0x7fb6d376cd10","      FFMA R58, R159, R177, R58","102400"
"0x7fb6d376cd20","      FFMA R57, R158, R177, R57","102400"
"0x7fb6d376cd30","      FFMA R55, R164, R176, R55","102400"
"0x7fb6d376cd40","      FFMA R56, R165, R176, R56","102400"
"0x7fb6d376cd50","      FFMA R54, R165, R177, R54","102400"
"0x7fb6d376cd60","      FFMA R53, R164, R177, R53","102400"
"0x7fb6d376cd70","      FFMA R51, R166, R176, R51","102400"
"0x7fb6d376cd80","      FFMA R52, R167, R176, R52","102400"
"0x7fb6d376cd90","      FFMA R50, R167, R177, R50","102400"
"0x7fb6d376cda0","      FFMA R49, R166, R177, R49","102400"
"0x7fb6d376cdb0","      FFMA R47, R168, R176, R47","102400"
"0x7fb6d376cdc0","      FFMA R48, R169, R176, R48","102400"
"0x7fb6d376cdd0","      FFMA R46, R169, R177, R46","102400"
"0x7fb6d376cde0","      FFMA R45, R168, R177, R45","102400"
"0x7fb6d376cdf0","      FFMA R43, R170, R176, R43","102400"
"0x7fb6d376ce00","      FFMA R44, R171, R176, R44","102400"
"0x7fb6d376ce10","      FFMA R42, R171, R177, R42","102400"
"0x7fb6d376ce20","      FFMA R41, R170, R177, R41","102400"
"0x7fb6d376ce30","      FFMA R39, R172, R176, R39","102400"
"0x7fb6d376ce40","      FFMA R40, R173, R176, R40","102400"
"0x7fb6d376ce50","      FFMA R38, R173, R177, R38","102400"
"0x7fb6d376ce60","      FFMA R37, R172, R177, R37","102400"
"0x7fb6d376ce70","      FFMA R35, R174, R176, R35","102400"
"0x7fb6d376ce80","      FFMA R36, R175, R176, R36","102400"
"0x7fb6d376ce90","      FFMA R34, R175, R177, R34","102400"
"0x7fb6d376cea0","      FFMA R32, R174, R177, R32","102400"
"0x7fb6d376ceb0","      FFMA R33, R174, R178, R33","102400"
"0x7fb6d376cec0","      FFMA R31, R175, R178, R31","102400"
"0x7fb6d376ced0","      FFMA R30, R175, R179, R30","102400"
"0x7fb6d376cee0","      FFMA R29, R174, R179, R29","102400"
"0x7fb6d376cef0","      FFMA R27, R172, R178, R27","102400"
"0x7fb6d376cf00","      FFMA R28, R173, R178, R28","102400"
"0x7fb6d376cf10","      FFMA R26, R173, R179, R26","102400"
"0x7fb6d376cf20","      FFMA R25, R172, R179, R25","102400"
"0x7fb6d376cf30","      FFMA R23, R170, R178, R23","102400"
"0x7fb6d376cf40","      LDS.128 R172, [R130+0xec0]","102400"
"0x7fb6d376cf50","      FFMA R24, R171, R178, R24","102400"
"0x7fb6d376cf60","      FFMA R22, R171, R179, R22","102400"
"0x7fb6d376cf70","      FFMA R21, R170, R179, R21","102400"
"0x7fb6d376cf80","      FFMA R19, R168, R178, R19","102400"
"0x7fb6d376cf90","      FFMA R20, R169, R178, R20","102400"
"0x7fb6d376cfa0","      FFMA R18, R169, R179, R18","102400"
"0x7fb6d376cfb0","      FFMA R17, R168, R179, R17","102400"
"0x7fb6d376cfc0","      FFMA R15, R166, R178, R15","102400"
"0x7fb6d376cfd0","      LDS.128 R168, [R130+0xe80]","102400"
"0x7fb6d376cfe0","      FFMA R16, R167, R178, R16","102400"
"0x7fb6d376cff0","      FFMA R14, R167, R179, R14","102400"
"0x7fb6d376d000","      FFMA R13, R166, R179, R13","102400"
"0x7fb6d376d010","      FFMA R11, R164, R178, R11","102400"
"0x7fb6d376d020","      FFMA R12, R165, R178, R12","102400"
"0x7fb6d376d030","      FFMA R10, R165, R179, R10","102400"
"0x7fb6d376d040","      FFMA R9, R164, R179, R9","102400"
"0x7fb6d376d050","      FFMA R7, R158, R178, R7","102400"
"0x7fb6d376d060","      LDS.128 R164, [R130+0xe40]","102400"
"0x7fb6d376d070","      FFMA R8, R159, R178, R8","102400"
"0x7fb6d376d080","      FFMA R6, R159, R179, R6","102400"
"0x7fb6d376d090","      FFMA R5, R158, R179, R5","102400"
"0x7fb6d376d0a0","      FFMA R3, R156, R178, R3","102400"
"0x7fb6d376d0b0","      FFMA R4, R157, R178, R4","102400"
"0x7fb6d376d0c0","      FFMA R2, R157, R179, R2","102400"
"0x7fb6d376d0d0","      FFMA R0, R156, R179, R0","102400"
"0x7fb6d376d0e0","      FFMA R127, R132, R136, R127","102400"
"0x7fb6d376d0f0","      LDS.128 R156, [R130+0xe00]","102400"
"0x7fb6d376d100","      FFMA R128, R133, R136, R128","102400"
"0x7fb6d376d110","      FFMA R126, R133, R137, R126","102400"
"0x7fb6d376d120","      FFMA R125, R132, R137, R125","102400"
"0x7fb6d376d130","      FFMA R123, R134, R136, R123","102400"
"0x7fb6d376d140","      FFMA R124, R135, R136, R124","102400"
"0x7fb6d376d150","      FFMA R122, R135, R137, R122","102400"
"0x7fb6d376d160","      FFMA R121, R134, R137, R121","102400"
"0x7fb6d376d170","      LDS.128 R176, [R129+0x1c80]","102400"
"0x7fb6d376d180","      FFMA R119, R140, R136, R119","102400"
"0x7fb6d376d190","      FFMA R120, R141, R136, R120","102400"
"0x7fb6d376d1a0","      FFMA R118, R141, R137, R118","102400"
"0x7fb6d376d1b0","      FFMA R117, R140, R137, R117","102400"
"0x7fb6d376d1c0","      FFMA R115, R142, R136, R115","102400"
"0x7fb6d376d1d0","      FFMA R116, R143, R136, R116","102400"
"0x7fb6d376d1e0","      FFMA R114, R143, R137, R114","102400"
"0x7fb6d376d1f0","      FFMA R113, R142, R137, R113","102400"
"0x7fb6d376d200","      FFMA R111, R144, R136, R111","102400"
"0x7fb6d376d210","      FFMA R112, R145, R136, R112","102400"
"0x7fb6d376d220","      FFMA R110, R145, R137, R110","102400"
"0x7fb6d376d230","      FFMA R109, R144, R137, R109","102400"
"0x7fb6d376d240","      FFMA R107, R146, R136, R107","102400"
"0x7fb6d376d250","      FFMA R108, R147, R136, R108","102400"
"0x7fb6d376d260","      FFMA R106, R147, R137, R106","102400"
"0x7fb6d376d270","      FFMA R105, R146, R137, R105","102400"
"0x7fb6d376d280","      FFMA R103, R148, R136, R103","102400"
"0x7fb6d376d290","      FFMA R104, R149, R136, R104","102400"
"0x7fb6d376d2a0","      FFMA R102, R149, R137, R102","102400"
"0x7fb6d376d2b0","      FFMA R101, R148, R137, R101","102400"
"0x7fb6d376d2c0","      FFMA R99, R150, R136, R99","102400"
"0x7fb6d376d2d0","      FFMA R100, R151, R136, R100","102400"
"0x7fb6d376d2e0","      FFMA R98, R151, R137, R98","102400"
"0x7fb6d376d2f0","      FFMA R96, R150, R137, R96","102400"
"0x7fb6d376d300","      FFMA R97, R150, R138, R97","102400"
"0x7fb6d376d310","      FFMA R95, R151, R138, R95","102400"
"0x7fb6d376d320","      FFMA R94, R151, R139, R94","102400"
"0x7fb6d376d330","      FFMA R93, R150, R139, R93","102400"
"0x7fb6d376d340","      FFMA R91, R148, R138, R91","102400"
"0x7fb6d376d350","      FFMA R92, R149, R138, R92","102400"
"0x7fb6d376d360","      FFMA R90, R149, R139, R90","102400"
"0x7fb6d376d370","      FFMA R89, R148, R139, R89","102400"
"0x7fb6d376d380","      FFMA R87, R146, R138, R87","102400"
"0x7fb6d376d390","      FFMA R88, R147, R138, R88","102400"
"0x7fb6d376d3a0","      FFMA R86, R147, R139, R86","102400"
"0x7fb6d376d3b0","      FFMA R85, R146, R139, R85","102400"
"0x7fb6d376d3c0","      FFMA R83, R144, R138, R83","102400"
"0x7fb6d376d3d0","      FFMA R84, R145, R138, R84","102400"
"0x7fb6d376d3e0","      FFMA R82, R145, R139, R82","102400"
"0x7fb6d376d3f0","      FFMA R81, R144, R139, R81","102400"
"0x7fb6d376d400","      FFMA R79, R142, R138, R79","102400"
"0x7fb6d376d410","      FFMA R80, R143, R138, R80","102400"
"0x7fb6d376d420","      FFMA R78, R143, R139, R78","102400"
"0x7fb6d376d430","      FFMA R77, R142, R139, R77","102400"
"0x7fb6d376d440","      FFMA R75, R140, R138, R75","102400"
"0x7fb6d376d450","      FFMA R76, R141, R138, R76","102400"
"0x7fb6d376d460","      FFMA R74, R141, R139, R74","102400"
"0x7fb6d376d470","      FFMA R73, R140, R139, R73","102400"
"0x7fb6d376d480","      FFMA R71, R134, R138, R71","102400"
"0x7fb6d376d490","      FFMA R72, R135, R138, R72","102400"
"0x7fb6d376d4a0","      FFMA R70, R135, R139, R70","102400"
"0x7fb6d376d4b0","      FFMA R69, R134, R139, R69","102400"
"0x7fb6d376d4c0","      FFMA R67, R132, R138, R67","102400"
"0x7fb6d376d4d0","      FFMA R68, R133, R138, R68","102400"
"0x7fb6d376d4e0","      FFMA R66, R133, R139, R66","102400"
"0x7fb6d376d4f0","      FFMA R64, R132, R139, R64","102400"
"0x7fb6d376d500","      FFMA R65, R132, R152, R65","102400"
"0x7fb6d376d510","      FFMA R63, R133, R152, R63","102400"
"0x7fb6d376d520","      R2P PR, R187, 0xf","102400"
"0x7fb6d376d530","      FFMA R62, R133, R153, R62","102400"
"0x7fb6d376d540","      FFMA R61, R132, R153, R61","102400"
"0x7fb6d376d550","      FFMA R59, R134, R152, R59","102400"
"0x7fb6d376d560","      FFMA R60, R135, R152, R60","102400"
"0x7fb6d376d570","      FFMA R58, R135, R153, R58","102400"
"0x7fb6d376d580","      PLOP3.LUT P5, PT, P1, PT, PT, 0x80, 0x8","102400"
"0x7fb6d376d590","      FFMA R57, R134, R153, R57","102400"
"0x7fb6d376d5a0","      PLOP3.LUT P4, PT, P2, PT, PT, 0x80, 0x8","102400"
"0x7fb6d376d5b0","      FFMA R55, R140, R152, R55","102400"
"0x7fb6d376d5c0","      FFMA R56, R141, R152, R56","102400"
"0x7fb6d376d5d0","      FFMA R54, R141, R153, R54","102400"
"0x7fb6d376d5e0","      FFMA R53, R140, R153, R53","102400"
"0x7fb6d376d5f0","@!PT  LDS RZ, [RZ]","102400"
"0x7fb6d376d600","@!PT  LDS RZ, [RZ]","102400"
"0x7fb6d376d610","@!PT  LDS RZ, [RZ]","102400"
"0x7fb6d376d620","@P0   LDGSTS.E.LTC128B [R185+UR9], [R206.64]","102400"
"0x7fb6d376d630","      FFMA R51, R142, R152, R51","102400"
"0x7fb6d376d640","      FFMA R52, R143, R152, R52","102400"
"0x7fb6d376d650","      FFMA R50, R143, R153, R50","102400"
"0x7fb6d376d660","      IADD3 R201, PT, PT, R185, UR9, RZ","102400"
"0x7fb6d376d670","      FFMA R49, R142, R153, R49","102400"
"0x7fb6d376d680","      FFMA R47, R144, R152, R47","102400"
"0x7fb6d376d690","      FFMA R48, R145, R152, R48","102400"
"0x7fb6d376d6a0","      FFMA R46, R145, R153, R46","102400"
"0x7fb6d376d6b0","@P5   LDGSTS.E.LTC128B [R201+0x80], [R206.64+UR16]","102400"
"0x7fb6d376d6c0","      FFMA R45, R144, R153, R45","102400"
"0x7fb6d376d6d0","      FFMA R43, R146, R152, R43","102400"
"0x7fb6d376d6e0","      FFMA R44, R147, R152, R44","102400"
"0x7fb6d376d6f0","@P4   LDGSTS.E.LTC128B [R201+0x100], [R206.64+UR20]","102400"
"0x7fb6d376d700","      FFMA R42, R147, R153, R42","102400"
"0x7fb6d376d710","      FFMA R41, R146, R153, R41","102400"
"0x7fb6d376d720","      FFMA R39, R148, R152, R39","102400"
"0x7fb6d376d730","      FFMA R40, R149, R152, R40","102400"
"0x7fb6d376d740","      FFMA R38, R149, R153, R38","102400"
"0x7fb6d376d750","      FFMA R37, R148, R153, R37","102400"
"0x7fb6d376d760","      FFMA R35, R150, R152, R35","102400"
"0x7fb6d376d770","      PLOP3.LUT P6, PT, P3, PT, PT, 0x80, 0x8","102400"
"0x7fb6d376d780","      FFMA R36, R151, R152, R36","102400"
"0x7fb6d376d790","      FFMA R34, R151, R153, R34","102400"
"0x7fb6d376d7a0","      FFMA R32, R150, R153, R32","102400"
"0x7fb6d376d7b0","      FFMA R33, R150, R154, R33","102400"
"0x7fb6d376d7c0","      R2P PR, R188, 0xf","102400"
"0x7fb6d376d7d0","      FFMA R31, R151, R154, R31","102400"
"0x7fb6d376d7e0","      FFMA R30, R151, R155, R30","102400"
"0x7fb6d376d7f0","      FFMA R29, R150, R155, R29","102400"
"0x7fb6d376d800","      FFMA R27, R148, R154, R27","102400"
"0x7fb6d376d810","      FFMA R28, R149, R154, R28","102400"
"0x7fb6d376d820","      FFMA R26, R149, R155, R26","102400"
"0x7fb6d376d830","      FFMA R25, R148, R155, R25","102400"
"0x7fb6d376d840","      FFMA R23, R146, R154, R23","102400"
"0x7fb6d376d850","      IADD3 R200, PT, PT, R193, UR8, R184","102400"
"0x7fb6d376d860","      IMAD.WIDE.U32 R208, R180, 0x3, R202","102400"
"0x7fb6d376d870","      FFMA R24, R147, R154, R24","102400"
"0x7fb6d376d880","      IADD3 R198, PT, PT, R130, 0x200, RZ","102400"
"0x7fb6d376d890","      FFMA R22, R147, R155, R22","102400"
"0x7fb6d376d8a0","@P0   LDGSTS.E.LTC128B [R200+0x4000], [R202.64]","102400"
"0x7fb6d376d8b0","      IADD3 R209, PT, PT, R209, R196, RZ","102400"
"0x7fb6d376d8c0","      FFMA R21, R146, R155, R21","102400"
"0x7fb6d376d8d0","      FFMA R19, R144, R154, R19","102400"
"0x7fb6d376d8e0","@P1   LDGSTS.E.LTC128B [R200+0x4080], [R202.64+UR14]","102400"
"0x7fb6d376d8f0","      FFMA R20, R145, R154, R20","102400"
"0x7fb6d376d900","      IMAD.WIDE.U32 R204, R182, 0x3, R206","102400"
"0x7fb6d376d910","      FFMA R18, R145, R155, R18","102400"
"0x7fb6d376d920","@P2   LDGSTS.E.LTC128B [R200+0x4100], [R202.64+UR18]","102400"
"0x7fb6d376d930","      LEA R206, P0, R180, R202, 0x2","102400"
"0x7fb6d376d940","      FFMA R17, R144, R155, R17","102400"
"0x7fb6d376d950","      FFMA R15, R142, R154, R15","102400"
"0x7fb6d376d960","@P3   LDGSTS.E.LTC128B [R200+0x4180], [R208.64]","102400"
"0x7fb6d376d970","      FFMA R16, R143, R154, R16","102400"
"0x7fb6d376d980","      FFMA R14, R143, R155, R14","102400"
"0x7fb6d376d990","      LEA.HI.X R207, R180, R203, R181, 0x2, P0","102400"
"0x7fb6d376d9a0","      FFMA R13, R142, R155, R13","102400"
"0x7fb6d376d9b0","      R2P PR, R188.B1, 0xf","102400"
"0x7fb6d376d9c0","      FFMA R11, R140, R154, R11","102400"
"0x7fb6d376d9d0","      FFMA R12, R141, R154, R12","102400"
"0x7fb6d376d9e0","      FFMA R10, R141, R155, R10","102400"
"0x7fb6d376d9f0","      FFMA R9, R140, R155, R9","102400"
"0x7fb6d376da00","      FFMA R7, R134, R154, R7","102400"
"0x7fb6d376da10","      FFMA R8, R135, R154, R8","102400"
"0x7fb6d376da20","      FFMA R6, R135, R155, R6","102400"
"0x7fb6d376da30","      FFMA R5, R134, R155, R5","102400"
"0x7fb6d376da40","      FFMA R3, R132, R154, R3","102400"
"0x7fb6d376da50","      FFMA R4, R133, R154, R4","102400"
"0x7fb6d376da60","      FFMA R2, R133, R155, R2","102400"
"0x7fb6d376da70","      FFMA R0, R132, R155, R0","102400"
"0x7fb6d376da80","@P0   LDGSTS.E.LTC128B [R200+0x4200], [R206.64]","102400"
"0x7fb6d376da90","      IADD3 R205, PT, PT, R205, R197, RZ","102400"
"0x7fb6d376daa0","      IADD3 R199, PT, PT, R129, 0x400, RZ","102400"
"0x7fb6d376dab0","      IADD3 R130, PT, PT, R130, -0x3000, RZ","102400"
"0x7fb6d376dac0","      IADD3 R129, PT, PT, R129, -0x6000, RZ","102400"
"0x7fb6d376dad0","      IADD3 R186, PT, PT, R186, 0x1, RZ","102400"
"0x7fb6d376dae0","@P6   LDGSTS.E.LTC128B [R185+UR9+0x180], [R204.64]","102400"
"0x7fb6d376daf0","      FFMA R127, R156, R160, R127","102400"
"0x7fb6d376db00","      FFMA R128, R157, R160, R128","102400"
"0x7fb6d376db10","      IMAD.WIDE.U32 R208, R180, 0x5, R202","102400"
"0x7fb6d376db20","      FFMA R126, R157, R161, R126","102400"
"0x7fb6d376db30","      UIADD3 UR7, UPT, UPT, UR7, 0x1, URZ","102400"
"0x7fb6d376db40","      FFMA R125, R156, R161, R125","102400"
"0x7fb6d376db50","      FFMA R123, R158, R160, R123","102400"
"0x7fb6d376db60","      IADD3 R209, PT, PT, R209, R195, RZ","102400"
"0x7fb6d376db70","      FFMA R124, R159, R160, R124","102400"
"0x7fb6d376db80","      FFMA R122, R159, R161, R122","102400"
"0x7fb6d376db90","      FFMA R121, R158, R161, R121","102400"
"0x7fb6d376dba0","      FFMA R119, R164, R160, R119","102400"
"0x7fb6d376dbb0","@P1   LDGSTS.E.LTC128B [R200+0x4280], [R208.64]","102400"
"0x7fb6d376dbc0","      ISETP.NE.AND P1, PT, R186, 0x4, PT","102400"
"0x7fb6d376dbd0","      FFMA R120, R165, R160, R120","102400"
"0x7fb6d376dbe0","      FFMA R118, R165, R161, R118","102400"
"0x7fb6d376dbf0","      FFMA R117, R164, R161, R117","102400"
"0x7fb6d376dc00","      FFMA R115, R166, R160, R115","102400"
"0x7fb6d376dc10","      SEL R186, R186, RZ, P1","102400"
"0x7fb6d376dc20","      FFMA R116, R167, R160, R116","102400"
"0x7fb6d376dc30","      IMAD.WIDE.U32 R206, R180, 0x6, R202","102400"
"0x7fb6d376dc40","      FFMA R114, R167, R161, R114","102400"
"0x7fb6d376dc50","      UISETP.NE.AND UP0, UPT, UR7, 0x4, UPT","102400"
"0x7fb6d376dc60","      FFMA R113, R166, R161, R113","102400"
"0x7fb6d376dc70","      IMAD.WIDE.U32 R202, R180, 0x7, R202","102400"
"0x7fb6d376dc80","      IADD3 R207, PT, PT, R207, R194, RZ","102400"
"0x7fb6d376dc90","@P1   IADD3 R130, PT, PT, R198, 0xe00, RZ","102400"
"0x7fb6d376dca0","@P1   IADD3 R129, PT, PT, R199, 0x1c00, RZ","102400"
"0x7fb6d376dcb0","      IADD3 R198, PT, PT, R189, -0x1, RZ","102400"
"0x7fb6d376dcc0","      IADD3 R203, PT, PT, R203, R183, RZ","102400"
"0x7fb6d376dcd0","@P2   LDGSTS.E.LTC128B [R200+0x4300], [R206.64]","102400"
"0x7fb6d376dce0","      FFMA R111, R168, R160, R111","102400"
"0x7fb6d376dcf0","      FFMA R112, R169, R160, R112","102400"
"0x7fb6d376dd00","      FFMA R110, R169, R161, R110","102400"
"0x7fb6d376dd10","@P3   LDGSTS.E.LTC128B [R200+0x4380], [R202.64]","102400"
"0x7fb6d376dd20","      FFMA R109, R168, R161, R109","102400"
"0x7fb6d376dd30","      FFMA R107, R170, R160, R107","102400"
"0x7fb6d376dd40","      FFMA R108, R171, R160, R108","102400"
"0x7fb6d376dd50","      LDGDEPBAR","102400"
"0x7fb6d376dd60","      FFMA R106, R171, R161, R106","102400"
"0x7fb6d376dd70","      FFMA R105, R170, R161, R105","102400"
"0x7fb6d376dd80","      FFMA R103, R172, R160, R103","102400"
"0x7fb6d376dd90","      FFMA R104, R173, R160, R104","102400"
"0x7fb6d376dda0","      FFMA R102, R173, R161, R102","102400"
"0x7fb6d376ddb0","      FFMA R101, R172, R161, R101","102400"
"0x7fb6d376ddc0","      FFMA R99, R174, R160, R99","102400"
"0x7fb6d376ddd0","      FFMA R100, R175, R160, R100","102400"
"0x7fb6d376dde0","      FFMA R98, R175, R161, R98","102400"
"0x7fb6d376ddf0","      FFMA R96, R174, R161, R96","102400"
"0x7fb6d376de00","      FFMA R97, R174, R162, R97","102400"
"0x7fb6d376de10","      FFMA R95, R175, R162, R95","102400"
"0x7fb6d376de20","      FFMA R94, R175, R163, R94","102400"
"0x7fb6d376de30","      FFMA R93, R174, R163, R93","102400"
"0x7fb6d376de40","      FFMA R91, R172, R162, R91","102400"
"0x7fb6d376de50","      FFMA R92, R173, R162, R92","102400"
"0x7fb6d376de60","      FFMA R90, R173, R163, R90","102400"
"0x7fb6d376de70","      FFMA R89, R172, R163, R89","102400"
"0x7fb6d376de80","      FFMA R87, R170, R162, R87","102400"
"0x7fb6d376de90","      FFMA R88, R171, R162, R88","102400"
"0x7fb6d376dea0","      FFMA R86, R171, R163, R86","102400"
"0x7fb6d376deb0","      FFMA R85, R170, R163, R85","102400"
"0x7fb6d376dec0","      FFMA R83, R168, R162, R83","102400"
"0x7fb6d376ded0","      DEPBAR.LE SB0, 0x2","102400"
"0x7fb6d376dee0","      BAR.SYNC.DEFER_BLOCKING 0x0","102400"
"0x7fb6d376def0","      FFMA R84, R169, R162, R84","102400"
"0x7fb6d376df00","      FFMA R82, R169, R163, R82","102400"
"0x7fb6d376df10","      FFMA R81, R168, R163, R81","102400"
"0x7fb6d376df20","      FFMA R79, R166, R162, R79","102400"
"0x7fb6d376df30","      FFMA R80, R167, R162, R80","102400"
"0x7fb6d376df40","      FFMA R78, R167, R163, R78","102400"
"0x7fb6d376df50","      FFMA R77, R166, R163, R77","102400"
"0x7fb6d376df60","      FFMA R75, R164, R162, R75","102400"
"0x7fb6d376df70","      FFMA R76, R165, R162, R76","102400"
"0x7fb6d376df80","      FFMA R74, R165, R163, R74","102400"
"0x7fb6d376df90","      FFMA R73, R164, R163, R73","102400"
"0x7fb6d376dfa0","      FFMA R71, R158, R162, R71","102400"
"0x7fb6d376dfb0","      FFMA R72, R159, R162, R72","102400"
"0x7fb6d376dfc0","      FFMA R70, R159, R163, R70","102400"
"0x7fb6d376dfd0","      FFMA R69, R158, R163, R69","102400"
"0x7fb6d376dfe0","      FFMA R67, R156, R162, R67","102400"
"0x7fb6d376dff0","      FFMA R68, R157, R162, R68","102400"
"0x7fb6d376e000","      FFMA R66, R157, R163, R66","102400"
"0x7fb6d376e010","      FFMA R64, R156, R163, R64","102400"
"0x7fb6d376e020","      FFMA R65, R156, R176, R65","102400"
"0x7fb6d376e030","      FFMA R63, R157, R176, R63","102400"
"0x7fb6d376e040","      FFMA R62, R157, R177, R62","102400"
"0x7fb6d376e050","      FFMA R61, R156, R177, R61","102400"
"0x7fb6d376e060","      LDS.128 R132, [R130]","102400"
"0x7fb6d376e070","      FFMA R59, R158, R176, R59","102400"
"0x7fb6d376e080","      FFMA R60, R159, R176, R60","102400"
"0x7fb6d376e090","      FFMA R58, R159, R177, R58","102400"
"0x7fb6d376e0a0","      FFMA R57, R158, R177, R57","102400"
"0x7fb6d376e0b0","      FFMA R55, R164, R176, R55","102400"
"0x7fb6d376e0c0","      FFMA R56, R165, R176, R56","102400"
"0x7fb6d376e0d0","      FFMA R54, R165, R177, R54","102400"
"0x7fb6d376e0e0","      LDS.128 R140, [R130+0x40]","102400"
"0x7fb6d376e0f0","      FFMA R53, R164, R177, R53","102400"
"0x7fb6d376e100","      FFMA R51, R166, R176, R51","102400"
"0x7fb6d376e110","      FFMA R52, R167, R176, R52","102400"
"0x7fb6d376e120","      FFMA R50, R167, R177, R50","102400"
"0x7fb6d376e130","      FFMA R49, R166, R177, R49","102400"
"0x7fb6d376e140","      FFMA R47, R168, R176, R47","102400"
"0x7fb6d376e150","      FFMA R48, R169, R176, R48","102400"
"0x7fb6d376e160","      LDS.128 R144, [R130+0x80]","102400"
"0x7fb6d376e170","      FFMA R46, R169, R177, R46","102400"
"0x7fb6d376e180","      FFMA R45, R168, R177, R45","102400"
"0x7fb6d376e190","      FFMA R43, R170, R176, R43","102400"
"0x7fb6d376e1a0","      FFMA R44, R171, R176, R44","102400"
"0x7fb6d376e1b0","      FFMA R42, R171, R177, R42","102400"
"0x7fb6d376e1c0","      FFMA R41, R170, R177, R41","102400"
"0x7fb6d376e1d0","      FFMA R39, R172, R176, R39","102400"
"0x7fb6d376e1e0","      LDS.128 R148, [R130+0xc0]","102400"
"0x7fb6d376e1f0","      FFMA R40, R173, R176, R40","102400"
"0x7fb6d376e200","      FFMA R38, R173, R177, R38","102400"
"0x7fb6d376e210","      FFMA R37, R172, R177, R37","102400"
"0x7fb6d376e220","      FFMA R35, R174, R176, R35","102400"
"0x7fb6d376e230","      FFMA R36, R175, R176, R36","102400"
"0x7fb6d376e240","      FFMA R34, R175, R177, R34","102400"
"0x7fb6d376e250","      FFMA R32, R174, R177, R32","102400"
"0x7fb6d376e260","      LDS.128 R136, [R129]","102400"
"0x7fb6d376e270","      FFMA R33, R174, R178, R33","102400"
"0x7fb6d376e280","      FFMA R31, R175, R178, R31","102400"
"0x7fb6d376e290","      FFMA R30, R175, R179, R30","102400"
"0x7fb6d376e2a0","      FFMA R29, R174, R179, R29","102400"
"0x7fb6d376e2b0","      FFMA R27, R172, R178, R27","102400"
"0x7fb6d376e2c0","      FFMA R28, R173, R178, R28","102400"
"0x7fb6d376e2d0","      FFMA R26, R173, R179, R26","102400"
"0x7fb6d376e2e0","      LDS.128 R152, [R129+0x80]","102400"
"0x7fb6d376e2f0","      FFMA R25, R172, R179, R25","102400"
"0x7fb6d376e300","      FFMA R23, R170, R178, R23","102400"
"0x7fb6d376e310","      FFMA R24, R171, R178, R24","102400"
"0x7fb6d376e320","      ISETP.NE.AND P0, PT, R198, RZ, PT","102400"
"0x7fb6d376e330","      FFMA R22, R171, R179, R22","102400"
"0x7fb6d376e340","      FFMA R21, R170, R179, R21","102400"
"0x7fb6d376e350","      FFMA R19, R168, R178, R19","102400"
"0x7fb6d376e360","      FFMA R20, R169, R178, R20","102400"
"0x7fb6d376e370","      FFMA R18, R169, R179, R18","102400"
"0x7fb6d376e380","      SEL R187, R187, RZ, P0","102400"
"0x7fb6d376e390","      SEL R188, R188, RZ, P0","102400"
"0x7fb6d376e3a0","      FFMA R17, R168, R179, R17","102400"
"0x7fb6d376e3b0","      ISETP.GT.AND P0, PT, R189, -0x2, PT","102400"
"0x7fb6d376e3c0","      FFMA R15, R166, R178, R15","102400"
"0x7fb6d376e3d0","      FFMA R16, R167, R178, R16","102400"
"0x7fb6d376e3e0","      FFMA R14, R167, R179, R14","102400"
"0x7fb6d376e3f0","      FFMA R13, R166, R179, R13","102400"
"0x7fb6d376e400","      FFMA R11, R164, R178, R11","102400"
"0x7fb6d376e410","      UIADD3 UR6, UPT, UPT, UR9, -0x3000, URZ","102400"
"0x7fb6d376e420","      UIADD3 UR5, UPT, UPT, UR8, -0x6000, URZ","102400"
"0x7fb6d376e430","      FFMA R12, R165, R178, R12","102400"
"0x7fb6d376e440","@UP0  UIMAD.U32 UR6, UR9, 0x1, UR4","102400"
"0x7fb6d376e450","@UP0  UIADD3 UR5, UPT, UPT, UR8, 0x2000, URZ","102400"
"0x7fb6d376e460","      FFMA R10, R165, R179, R10","102400"
"0x7fb6d376e470","      FFMA R9, R164, R179, R9","102400"
"0x7fb6d376e480","      FFMA R7, R158, R178, R7","102400"
"0x7fb6d376e490","      FFMA R8, R159, R178, R8","102400"
"0x7fb6d376e4a0","      FFMA R6, R159, R179, R6","102400"
"0x7fb6d376e4b0","      FFMA R5, R158, R179, R5","102400"
"0x7fb6d376e4c0","      FFMA R3, R156, R178, R3","102400"
"0x7fb6d376e4d0","      IADD.64 R206, R204, UR12","102400"
"0x7fb6d376e4e0","      USEL UR7, UR7, URZ, UP0","102400"
"0x7fb6d376e4f0","      IADD.64 R202, R202, UR10","102400"
"0x7fb6d376e500","      FFMA R4, R157, R178, R4","102400"
"0x7fb6d376e510","      UMOV UR9, UR6","102400"
"0x7fb6d376e520","      UMOV UR8, UR5","102400"
"0x7fb6d376e530","      FFMA R2, R157, R179, R2","102400"
"0x7fb6d376e540","      MOV R189, R198","102400"
"0x7fb6d376e550","      FFMA R0, R156, R179, R0","102400"
"0x7fb6d376e560","@P0   BRA 0x7fb6d3769e60","102400"
"0x7fb6d376e570","      LDGDEPBAR","4400"
"0x7fb6d376e580","      LDCU.64 UR6, c[0x0][0x488]","4400"
"0x7fb6d376e590","      LDC.64 R140, c[0x0][0x398]","4400"
"0x7fb6d376e5a0","      LDGDEPBAR","4400"
"0x7fb6d376e5b0","      LDCU.64 UR4, c[0x0][0x490]","4400"
"0x7fb6d376e5c0","      S2R R135, SR_CTAID.Y","4400"
"0x7fb6d376e5d0","      S2R R133, SR_CTAID.X","4400"
"0x7fb6d376e5e0","      LDC.64 R144, c[0x0][0x3b0]","4400"
"0x7fb6d376e5f0","      ISETP.NE.S64.AND P1, PT, RZ, UR6, PT","4400"
"0x7fb6d376e600","      ISETP.NE.S64.AND P0, PT, RZ, UR4, PT","4400"
"0x7fb6d376e610","      MOV R137, 0xffffffff","4400"
"0x7fb6d376e620","      LDCU UR4, c[0x0][0x38c]","4400"
"0x7fb6d376e630","      DEPBAR.LE SB0, 0x0","4400"
"0x7fb6d376e640","@P1   LDC.64 R142, c[0x0][0x488]","4400"
"0x7fb6d376e650","      BAR.SYNC.DEFER_BLOCKING 0x0","4400"
"0x7fb6d376e660","@P0   LDC.64 R138, c[0x0][0x490]","4400"
"0x7fb6d376e670","@P1   LDG.E R130, [R142]","4400"
"0x7fb6d376e680","@P0   LDG.E R129, [R138]","4400"
"0x7fb6d376e690","      LDCU UR5, c[0x0][0x480]","4400"
"0x7fb6d376e6a0","      SHF.L.U32 R134, R137, R140, RZ","4400"
"0x7fb6d376e6b0","      LDC.64 R162, c[0x0][0x4b0]","4400"
"0x7fb6d376e6c0","      LDCU.64 UR6, c[0x0][0x4a8]","4400"
"0x7fb6d376e6d0","      SHF.L.U32 R132, R135, R140, RZ","4400"
"0x7fb6d376e6e0","      LOP3.LUT R161, R133, R134, RZ, 0x30, !PT","4400"
"0x7fb6d376e6f0","      SHF.R.U32.HI R140, RZ, R140, R133","4400"
"0x7fb6d376e700","      IADD3 R161, PT, PT, R132, R161, RZ","4400"
"0x7fb6d376e710","      IMAD R133, R161, UR4, R140","4400"
"0x7fb6d376e720","      MOV R143, UR5","4400"
"0x7fb6d376e730","      IMAD.WIDE R144, R133, 0x4, R144","4400"
"0x7fb6d376e740","      MOV.64 R136, UR6","4400"
"0x7fb6d376e750","@!P1  LDC R130, c[0x0][0x478]","4400"
"0x7fb6d376e760","@!P0  LDC R129, c[0x0][0x47c]","4400"
"0x7fb6d376e770","      ISETP.NE.AND P0, PT, R141, RZ, PT","4400"
"0x7fb6d376e780","@P0   BRA 0x7fb6d376e8a0","4400"
"0x7fb6d376e790","      LDC R132, c[0x0][0x394]","4400"
"0x7fb6d376e7a0","      MOV R142, 0xffffffff","4400"
"0x7fb6d376e7b0","      ISETP.GE.AND P0, PT, R132, 0x2, PT","4400"
"0x7fb6d376e7c0","@!P0  BRA 0x7fb6d376eb10","4400"
"0x7fb6d376e7d0","      S2R R131, SR_TID.X","4400"
"0x7fb6d376e7e0","      LDC R143, c[0x0][0x480]","4400"
"0x7fb6d376e7f0","      MOV R142, 0xffffffff","4400"
"0x7fb6d376e800","      IADD3 R132, PT, PT, R132, -0x1, RZ","4400"
"0x7fb6d376e810","      ISETP.NE.AND P0, PT, R131, RZ, PT","4400"
"0x7fb6d376e820","      S2R R131, SR_CTAID.Z","4400"
"0x7fb6d376e830","@!P0  LDG.E.STRONG.GPU R142, [R144]","4400"
"0x7fb6d376e840","@!P0  CCTL.IVALL","4400"
"0x7fb6d376e850","      ISETP.NE.AND P0, PT, R131, R132, PT","4400"
"0x7fb6d376e860","      ISETP.NE.AND P1, PT, R131, RZ, PT","4400"
"0x7fb6d376e870","      FSEL R143, R143, -QNAN , !P0","4400"
"0x7fb6d376e880","      FSEL R129, R129, 1, !P1","4400"
"0x7fb6d376e890","      BRA 0x7fb6d376eb10","4400"
"0x7fb6d376e8a0","      ISETP.NE.AND P0, PT, R141, 0x3, PT","0"
"0x7fb6d376e8b0","      MOV R142, 0xffffffff","0"
"0x7fb6d376e8c0","@!P0  BRA 0x7fb6d376eaa0","0"
"0x7fb6d376e8d0","      ISETP.NE.AND P0, PT, R141, 0x2, PT","0"
"0x7fb6d376e8e0","@!P0  BRA 0x7fb6d376e9a0","0"
"0x7fb6d376e8f0","      ISETP.NE.AND P0, PT, R141, 0x1, PT","0"
"0x7fb6d376e900","@P0   BRA 0x7fb6d376eb10","0"
"0x7fb6d376e910","      S2R R131, SR_CTAID.Z","0"
"0x7fb6d376e920","      LDC.64 R134, c[0x0][0x3a8]","0"
"0x7fb6d376e930","      LDC.64 R132, c[0x0][0x4b0]","0"
"0x7fb6d376e940","      IMAD R135, R131, R135, RZ","0"
"0x7fb6d376e950","      IMAD.WIDE.U32 R138, R131, R134, RZ","0"
"0x7fb6d376e960","      IADD3 R134, PT, PT, R139, R135, RZ","0"
"0x7fb6d376e970","      LEA R162, P0, R138, R132, 0x2","0"
"0x7fb6d376e980","      LEA.HI.X R163, R138, R133, R134, 0x2, P0","0"
"0x7fb6d376e990","      BRA 0x7fb6d376eb10","0"
"0x7fb6d376e9a0","      S2R R131, SR_CTAID.Z","0"
"0x7fb6d376e9b0","      LDC.64 R138, c[0x0][0x4c8]","0"
"0x7fb6d376e9c0","      LDC.64 R134, c[0x0][0x3a8]","0"
"0x7fb6d376e9d0","      LDC.64 R136, c[0x0][0x4a8]","0"
"0x7fb6d376e9e0","      LDC.64 R132, c[0x0][0x4b0]","0"
"0x7fb6d376e9f0","      IMAD R139, R131, R139, RZ","0"
"0x7fb6d376ea00","      IMAD.WIDE.U32 R146, R131, R138, RZ","0"
"0x7fb6d376ea10","      IMAD R135, R131, R135, RZ","0"
"0x7fb6d376ea20","      IMAD.WIDE.U32 R148, R131, R134, RZ","0"
"0x7fb6d376ea30","      IADD3 R134, PT, PT, R147, R139, RZ","0"
"0x7fb6d376ea40","      LEA R136, P1, R146, R136, 0x2","0"
"0x7fb6d376ea50","      IADD3 R138, PT, PT, R149, R135, RZ","0"
"0x7fb6d376ea60","      LEA.HI.X R137, R146, R137, R134, 0x2, P1","0"
"0x7fb6d376ea70","      LEA R162, P0, R148, R132, 0x2","0"
"0x7fb6d376ea80","      LEA.HI.X R163, R148, R133, R138, 0x2, P0","0"
"0x7fb6d376ea90","      BRA 0x7fb6d376eb10","0"
"0x7fb6d376eaa0","      S2R R131, SR_CTAID.Z","0"
"0x7fb6d376eab0","      LDC.64 R136, c[0x0][0x4a8]","0"
"0x7fb6d376eac0","      LDC.64 R162, c[0x0][0x4b0]","0"
"0x7fb6d376ead0","      IMAD.WIDE.U32 R136, R131, 0x8, R136","0"
"0x7fb6d376eae0","      IMAD.WIDE.U32 R162, R131, 0x8, R162","0"
"0x7fb6d376eaf0","      LDG.E.64 R136, [R136]","0"
"0x7fb6d376eb00","      LDG.E.64 R162, [R162]","0"
"0x7fb6d376eb10","      S2R R135, SR_TID.X","4400"
"0x7fb6d376eb20","      LDCU UR4, c[0x0][0x384]","4400"
"0x7fb6d376eb30","      LOP3.LUT R132, R135, 0x1f, RZ, 0xc0, !PT","4400"
"0x7fb6d376eb40","      IMAD R161, R161, 0x100, R132","4400"
"0x7fb6d376eb50","      IADD3 R134, PT, PT, R161, 0x20, RZ","4400"
"0x7fb6d376eb60","      IADD3 R133, PT, PT, R161, 0x40, RZ","4400"
"0x7fb6d376eb70","      IADD3 R132, PT, PT, R161, 0x60, RZ","4400"
"0x7fb6d376eb80","      IADD3 R138, PT, PT, R161, 0xa0, RZ","4400"
"0x7fb6d376eb90","      ISETP.GE.AND P3, PT, R161, UR4, PT","4400"
"0x7fb6d376eba0","      ISETP.GE.AND P0, PT, R134, UR4, PT","4400"
"0x7fb6d376ebb0","      ISETP.GE.AND P2, PT, R133, UR4, PT","4400"
"0x7fb6d376ebc0","      IADD3 R133, PT, PT, R161, 0x80, RZ","4400"
"0x7fb6d376ebd0","      ISETP.GE.AND P1, PT, R132, UR4, PT","4400"
"0x7fb6d376ebe0","      IADD3 R134, PT, PT, R161, 0xc0, RZ","4400"
"0x7fb6d376ebf0","      SEL R151, RZ, 0x1, P0","4400"
"0x7fb6d376ec00","      ISETP.NE.S64.AND P0, PT, R136, RZ, PT","4400"
"0x7fb6d376ec10","      ISETP.GE.AND P6, PT, R133, UR4, PT","4400"
"0x7fb6d376ec20","      P2R R132, PR, RZ, 0x2","4400"
"0x7fb6d376ec30","      IADD3 R133, PT, PT, R161, 0xe0, RZ","4400"
"0x7fb6d376ec40","      SEL R150, RZ, 0x1, P2","4400"
"0x7fb6d376ec50","      ISETP.GE.AND P5, PT, R138, UR4, PT","4400"
"0x7fb6d376ec60","      ISETP.GE.AND P4, PT, R134, UR4, PT","4400"
"0x7fb6d376ec70","      ISETP.NE.AND P2, PT, R132, RZ, PT","4400"
"0x7fb6d376ec80","      ISETP.GE.AND P1, PT, R133, UR4, PT","4400"
"0x7fb6d376ec90","      SEL R147, RZ, 0x1, P6","4400"
"0x7fb6d376eca0","      SEL R149, RZ, 0x1, P5","4400"
"0x7fb6d376ecb0","      SEL R152, RZ, 0x1, P4","4400"
"0x7fb6d376ecc0","      SEL R148, RZ, 0x1, P2","4400"
"0x7fb6d376ecd0","      SEL R146, RZ, 0x1, P1","4400"
"0x7fb6d376ece0","      SEL R160, RZ, 0x1, P3","4400"
"0x7fb6d376ecf0","      PRMT R159, R151, 0x7610, R159","4400"
"0x7fb6d376ed00","      PRMT R158, R150, 0x7610, R158","4400"
"0x7fb6d376ed10","      PRMT R157, R148, 0x7610, R157","4400"
"0x7fb6d376ed20","      PRMT R156, R147, 0x7610, R156","4400"
"0x7fb6d376ed30","      PRMT R155, R149, 0x7610, R155","4400"
"0x7fb6d376ed40","      PRMT R154, R152, 0x7610, R154","4400"
"0x7fb6d376ed50","      PRMT R153, R146, 0x7610, R153","4400"
"0x7fb6d376ed60","@P0   BRA 0x7fb6d376edf0","4400"
"0x7fb6d376ed70","      PRMT R153, RZ, 0x7610, R153","0"
"0x7fb6d376ed80","      PRMT R154, RZ, 0x7610, R154","0"
"0x7fb6d376ed90","      PRMT R155, RZ, 0x7610, R155","0"
"0x7fb6d376eda0","      PRMT R156, RZ, 0x7610, R156","0"
"0x7fb6d376edb0","      PRMT R157, RZ, 0x7610, R157","0"
"0x7fb6d376edc0","      PRMT R158, RZ, 0x7610, R158","0"
"0x7fb6d376edd0","      PRMT R159, RZ, 0x7610, R159","0"
"0x7fb6d376ede0","      PRMT R160, RZ, 0x7610, R160","0"
"0x7fb6d376edf0","      ISETP.NE.S64.AND P0, PT, R162, RZ, PT","4400"
"0x7fb6d376ee00","      SEL R139, RZ, 0x1, P3","4400"
"0x7fb6d376ee10","@P0   BRA 0x7fb6d376eea0","4400"
"0x7fb6d376ee20","      PRMT R146, RZ, 0x7610, R146","0"
"0x7fb6d376ee30","      PRMT R152, RZ, 0x7610, R152","0"
"0x7fb6d376ee40","      PRMT R149, RZ, 0x7610, R149","0"
"0x7fb6d376ee50","      PRMT R147, RZ, 0x7610, R147","0"
"0x7fb6d376ee60","      PRMT R148, RZ, 0x7610, R148","0"
"0x7fb6d376ee70","      PRMT R150, RZ, 0x7610, R150","0"
"0x7fb6d376ee80","      PRMT R151, RZ, 0x7610, R151","0"
"0x7fb6d376ee90","      PRMT R139, RZ, 0x7610, R139","0"
"0x7fb6d376eea0","      LDC R132, c[0x0][0x394]","4400"
"0x7fb6d376eeb0","      LDCU.64 UR6, c[0x0][0x3f8]","4400"
"0x7fb6d376eec0","      SHF.R.U32.HI R134, RZ, 0x3, R135","4400"
"0x7fb6d376eed0","      IMAD.WIDE R164, R161, 0x4, RZ","4400"
"0x7fb6d376eee0","      SHF.R.U32.HI R133, RZ, 0x1, R135","4400"
"0x7fb6d376eef0","      LDCU.64 UR4, c[0x0][0x438]","4400"
"0x7fb6d376ef00","      LOP3.LUT R138, R134, 0xc, RZ, 0xc0, !PT","4400"
"0x7fb6d376ef10","      IMAD R191, R192, 0x2, R191","4400"
"0x7fb6d376ef20","      LOP3.LUT R134, R134, 0x2, RZ, 0xc0, !PT","4400"
"0x7fb6d376ef30","      IMAD.SHL.U32 R190, R190, 0x40, RZ","4400"
"0x7fb6d376ef40","      LOP3.LUT R133, R138, 0x1c0, R133, 0xf8, !PT","4400"
"0x7fb6d376ef50","      IMAD.SHL.U32 R191, R191, 0x4, RZ","4400"
"0x7fb6d376ef60","      LOP3.LUT R134, R134, 0x1, R135, 0xf8, !PT","4400"
"0x7fb6d376ef70","      LDCU.64 UR10, c[0x0][0x418]","4400"
"0x7fb6d376ef80","      IMAD R140, R140, 0x80, R133","4400"
"0x7fb6d376ef90","      IADD3 R133, PT, PT, R135, R135, RZ","4400"
"0x7fb6d376efa0","      LOP3.LUT R134, R191, R134, RZ, 0xfc, !PT","4400"
"0x7fb6d376efb0","      LDCU.64 UR8, c[0x0][0x420]","4400"
"0x7fb6d376efc0","      IMAD.WIDE.U32 R166, R140, UR6, R164","4400"
"0x7fb6d376efd0","      LOP3.LUT R133, R190, 0x1c, R133, 0xf8, !PT","4400"
"0x7fb6d376efe0","      IMAD.WIDE.U32 R168, R140, UR4, R164","4400"
"0x7fb6d376eff0","      ISETP.GE.AND P0, PT, R132, 0x2, PT","4400"
"0x7fb6d376f000","      IMAD R167, R140, UR7, R167","4400"
"0x7fb6d376f010","      ISETP.NE.OR P0, PT, R141, RZ, !P0","4400"
"0x7fb6d376f020","      IMAD R141, R140, UR5, R169","4400"
"0x7fb6d376f030","      MOV R140, R168","4400"
"0x7fb6d376f040","      IADD.64 R164, R136, R166","4400"
"0x7fb6d376f050","      IMAD R133, R134, 0x111, R133","4400"
"0x7fb6d376f060","@P0   BRA 0x7fb6d376f280","4400"
"0x7fb6d376f070","      S2R R131, SR_CTAID.Z","4400"
"0x7fb6d376f080","      ISETP.NE.AND P1, PT, R142, R131, PT","4400"
"0x7fb6d376f090","      R2UR UR4, R131","4400"
"0x7fb6d376f0a0","      BAR.RED.AND.DEFER_BLOCKING 0x0, P1","4400"
"0x7fb6d376f0b0","      B2R.RESULT RZ, P1","4400"
"0x7fb6d376f0c0","      UISETP.NE.AND UP0, UPT, UR4, URZ, UPT","4400"
"0x7fb6d376f0d0","      PLOP3.LUT P0, PT, PT, PT, UP0, 0x80, 0x8","4400"
"0x7fb6d376f0e0","@UP0  LDCU.64 UR8, c[0x0][0x460]","4400"
"0x7fb6d376f0f0","@UP0  LDCU.64 UR10, c[0x0][0x458]","4400"
"0x7fb6d376f100","@P0   IADD.64 R164, R140, R162","4400"
"0x7fb6d376f110","@P0   PRMT R153, R146, 0x7610, R153","4400"
"0x7fb6d376f120","@P0   PRMT R154, R152, 0x7610, R154","4400"
"0x7fb6d376f130","@P0   PRMT R155, R149, 0x7610, R155","4400"
"0x7fb6d376f140","@P0   PRMT R156, R147, 0x7610, R156","4400"
"0x7fb6d376f150","@P0   PRMT R157, R148, 0x7610, R157","4400"
"0x7fb6d376f160","@P0   PRMT R158, R150, 0x7610, R158","4400"
"0x7fb6d376f170","@P0   PRMT R159, R151, 0x7610, R159","4400"
"0x7fb6d376f180","@P0   PRMT R160, R139, 0x7610, R160","4400"
"0x7fb6d376f190","@!P1  BRA 0x7fb6d376f250","4400"
"0x7fb6d376f1a0","      ISETP.NE.AND P1, PT, R135, RZ, PT","2480"
"0x7fb6d376f1b0","      YIELD","13936"
"0x7fb6d376f1c0","@P1   BRA 0x7fb6d376f1f0","13936"
"0x7fb6d376f1d0","      LDG.E.STRONG.GPU R142, [R144]","1742"
"0x7fb6d376f1e0","      CCTL.IVALL","1742"
"0x7fb6d376f1f0","      ISETP.NE.AND P0, PT, R142, R131, PT","15678"
"0x7fb6d376f200","      WARPSYNC.ALL","15678"
"0x7fb6d376f210","      NOP","13936"
"0x7fb6d376f220","      BAR.RED.AND.DEFER_BLOCKING 0x0, P0","13936"
"0x7fb6d376f230","      B2R.RESULT RZ, P0","13936"
"0x7fb6d376f240","@P0   BRA 0x7fb6d376f1b0","13936"
"0x7fb6d376f250","      WARPSYNC.ALL","4400"
"0x7fb6d376f260","      NOP","4400"
"0x7fb6d376f270","      BAR.SYNC.DEFER_BLOCKING 0x0","4400"
"0x7fb6d376f280","      FSETP.NEU.AND P0, PT, R129, RZ, PT","4400"
"0x7fb6d376f290","      BSSY.RECONVERGENT B0, 0x7fb6d3778f30","4400"
"0x7fb6d376f2a0","@!P0  BRA 0x7fb6d3774fc0","4400"
"0x7fb6d376f2b0","      S2R R132, SR_TID.X","4000"
"0x7fb6d376f2c0","      LDC R135, c[0x0][0x398]","4000"
"0x7fb6d376f2d0","      LDCU UR6, c[0x0][0x380]","4000"
"0x7fb6d376f2e0","      PRMT R160, R160, 0x9910, RZ","4000"
"0x7fb6d376f2f0","      S2R R136, SR_CTAID.X","4000"
"0x7fb6d376f300","      PRMT R159, R159, 0x9910, RZ","4000"
"0x7fb6d376f310","      MOV R138, RZ","4000"
"0x7fb6d376f320","      ISETP.NE.AND P3, PT, R160, RZ, PT","4000"
"0x7fb6d376f330","      HFMA2 R142, -RZ, RZ, 0, 0","4000"
"0x7fb6d376f340","      PRMT R155, R155, 0x9910, RZ","4000"
"0x7fb6d376f350","      PRMT R154, R154, 0x9910, RZ","4000"
"0x7fb6d376f360","      PRMT R153, R153, 0x9910, RZ","4000"
"0x7fb6d376f370","      S2UR UR4, SR_CgaCtaId","4000"
"0x7fb6d376f380","      MOV R166, RZ","4000"
"0x7fb6d376f390","      UMOV UR5, 0x400","4000"
"0x7fb6d376f3a0","      LOP3.LUT R139, R139, 0xffff, RZ, 0xc0, !PT","4000"
"0x7fb6d376f3b0","      LDCU.64 UR12, c[0x0][0x458]","4000"
"0x7fb6d376f3c0","      SHF.R.U32.HI R134, RZ, 0x3, R132","4000"
"0x7fb6d376f3d0","      SHF.R.U32.HI R137, RZ, 0x1, R132","4000"
"0x7fb6d376f3e0","      LOP3.LUT R134, R134, 0xc, RZ, 0xc0, !PT","4000"
"0x7fb6d376f3f0","      SHF.R.U32.HI R135, RZ, R135, R136","4000"
"0x7fb6d376f400","      HFMA2 R136, -RZ, RZ, 0, 0","4000"
"0x7fb6d376f410","      LOP3.LUT R134, R134, 0x1c0, R137, 0xf8, !PT","4000"
"0x7fb6d376f420","      IMAD R134, R135, 0x80, R134","4000"
"0x7fb6d376f430","      ISETP.LT.AND P0, PT, R134, UR6, P3","4000"
"0x7fb6d376f440","      ISETP.NE.AND P2, PT, R159, RZ, PT","4000"
"0x7fb6d376f450","      PRMT R135, R158, 0x9910, RZ","4000"
"0x7fb6d376f460","@P0   LDG.E.LTC128B R136, [R164]","4000"
"0x7fb6d376f470","      ISETP.LT.AND P0, PT, R134, UR6, P2","4000"
"0x7fb6d376f480","      ISETP.NE.AND P4, PT, R135, RZ, PT","4000"
"0x7fb6d376f490","@P0   LDG.E.LTC128B R138, [R164+0x80]","4000"
"0x7fb6d376f4a0","      ISETP.LT.AND P0, PT, R134, UR6, P4","4000"
"0x7fb6d376f4b0","      PRMT R137, R157, 0x9910, RZ","4000"
"0x7fb6d376f4c0","      MOV R158, RZ","4000"
"0x7fb6d376f4d0","      PRMT R135, R156, 0x9910, RZ","4000"
"0x7fb6d376f4e0","      ISETP.NE.AND P1, PT, R137, RZ, PT","4000"
"0x7fb6d376f4f0","      ISETP.NE.AND P5, PT, R135, RZ, PT","4000"
"0x7fb6d376f500","      ISETP.LT.AND P1, PT, R134, UR6, P1","4000"
"0x7fb6d376f510","@P0   LDG.E.LTC128B R142, [R164+0x100]","4000"
"0x7fb6d376f520","      ISETP.LT.AND P0, PT, R134, UR6, P5","4000"
"0x7fb6d376f530","      HFMA2 R156, -RZ, RZ, 0, 0","4000"
"0x7fb6d376f540","@P1   LDG.E.LTC128B R158, [R164+0x180]","4000"
"0x7fb6d376f550","      ISETP.NE.AND P5, PT, R155, RZ, PT","4000"
"0x7fb6d376f560","@P0   LDG.E.LTC128B R156, [R164+0x200]","4000"
"0x7fb6d376f570","      MOV R160, RZ","4000"
"0x7fb6d376f580","      ISETP.LT.AND P0, PT, R134, UR6, P5","4000"
"0x7fb6d376f590","@P0   LDG.E.LTC128B R160, [R164+0x280]","4000"
"0x7fb6d376f5a0","      ISETP.NE.AND P6, PT, R154, RZ, PT","4000"
"0x7fb6d376f5b0","      HFMA2 R154, -RZ, RZ, 0, 0","4000"
"0x7fb6d376f5c0","      ISETP.LT.AND P0, PT, R134, UR6, P6","4000"
"0x7fb6d376f5d0","      ISETP.NE.AND P5, PT, R153, RZ, PT","4000"
"0x7fb6d376f5e0","@P0   LDG.E.LTC128B R154, [R164+0x300]","4000"
"0x7fb6d376f5f0","      ISETP.LT.AND P0, PT, R134, UR6, P5","4000"
"0x7fb6d376f600","@P0   LDG.E.LTC128B R166, [R164+0x380]","4000"
"0x7fb6d376f610","      ULEA UR4, UR4, UR5, 0x18","4000"
"0x7fb6d376f620","      IMAD.SHL.U32 R168, R132, 0x4, RZ","4000"
"0x7fb6d376f630","      SHF.R.U32.HI R153, RZ, 0x5, R132","4000"
"0x7fb6d376f640","      ISETP.GE.AND P1, PT, R134, UR6, PT","4000"
"0x7fb6d376f650","      LOP3.LUT R151, R151, 0xffff, RZ, 0xc0, !PT","4000"
"0x7fb6d376f660","      LEA R133, R133, UR4, 0x2","4000"
"0x7fb6d376f670","      BAR.SYNC.DEFER_BLOCKING 0x0","4000"
"0x7fb6d376f680","      LOP3.LUT R168, R168, 0x7c, RZ, 0xc0, !PT","4000"
"0x7fb6d376f690","      LOP3.LUT R150, R150, 0xffff, RZ, 0xc0, !PT","4000"
"0x7fb6d376f6a0","      LOP3.LUT R148, R148, 0xffff, RZ, 0xc0, !PT","4000"
"0x7fb6d376f6b0","      IMAD R153, R153, 0x444, R168","4000"
"0x7fb6d376f6c0","      LOP3.LUT R147, R147, 0xffff, RZ, 0xc0, !PT","4000"
"0x7fb6d376f6d0","      LOP3.LUT R149, R149, 0xffff, RZ, 0xc0, !PT","4000"
"0x7fb6d376f6e0","      LOP3.LUT R152, R152, 0xffff, RZ, 0xc0, !PT","4000"
"0x7fb6d376f6f0","      LOP3.LUT R146, R146, 0xffff, RZ, 0xc0, !PT","4000"
"0x7fb6d376f700","      STS [R133], R127","4000"
"0x7fb6d376f710","      STS [R133+0x4], R125","4000"
"0x7fb6d376f720","      STS [R133+0x8], R67","4000"
"0x7fb6d376f730","      STS [R133+0xc], R64","4000"
"0x7fb6d376f740","      STS [R133+0x80], R65","4000"
"0x7fb6d376f750","      STS [R133+0x84], R61","4000"
"0x7fb6d376f760","      STS [R133+0x88], R3","4000"
"0x7fb6d376f770","      STS [R133+0x8c], R0","4000"
"0x7fb6d376f780","      BAR.SYNC.DEFER_BLOCKING 0x0","4000"
"0x7fb6d376f790","      SEL R67, R139, RZ, !P1","4000"
"0x7fb6d376f7a0","      ISETP.NE.U32.AND P0, PT, R67, RZ, PT","4000"
"0x7fb6d376f7b0","      IADD.64 R64, R140, R162","4000"
"0x7fb6d376f7c0","      SEL R0, R151, RZ, !P1","4000"
"0x7fb6d376f7d0","      LDS R157, [R153+UR4]","4000"
"0x7fb6d376f7e0","      LDS R3, [R153+UR4+0x80]","4000"
"0x7fb6d376f7f0","      LDS R67, [R153+UR4+0x100]","4000"
"0x7fb6d376f800","      FMUL R157, R157, R130","4000"
"0x7fb6d376f810","      FMUL R3, R3, R130","4000"
"0x7fb6d376f820","      FMUL R67, R67, R130","4000"
"0x7fb6d376f830","      FFMA R168, R136, R129, R157","4000"
"0x7fb6d376f840","      FMNMX R61, R168, R143, !PT","4000"
"0x7fb6d376f850","@P0   STG.E [R64], R61","4000"
"0x7fb6d376f860","      ISETP.NE.U32.AND P0, PT, R0, RZ, PT","4000"
"0x7fb6d376f870","      SEL R0, R150, RZ, !P1","4000"
"0x7fb6d376f880","      FFMA R168, R138, R129, R3","4000"
"0x7fb6d376f890","      FMNMX R3, R168, R143, !PT","4000"
"0x7fb6d376f8a0","@P0   STG.E [R64+0x80], R3","4000"
"0x7fb6d376f8b0","      ISETP.NE.U32.AND P0, PT, R0, RZ, PT","4000"
"0x7fb6d376f8c0","      SEL R0, R148, RZ, !P1","4000"
"0x7fb6d376f8d0","      FFMA R168, R142, R129, R67","4000"
"0x7fb6d376f8e0","      LDS R67, [R153+UR4+0x180]","4000"
"0x7fb6d376f8f0","      FMNMX R61, R168, R143, !PT","4000"
"0x7fb6d376f900","@P0   STG.E [R64+0x100], R61","4000"
"0x7fb6d376f910","      ISETP.NE.U32.AND P0, PT, R0, RZ, PT","4000"
"0x7fb6d376f920","      SEL R0, R147, RZ, !P1","4000"
"0x7fb6d376f930","      FMUL R67, R67, R130","4000"
"0x7fb6d376f940","      FFMA R168, R158, R129, R67","4000"
"0x7fb6d376f950","      LDS R67, [R153+UR4+0x200]","4000"
"0x7fb6d376f960","      FMNMX R3, R168, R143, !PT","4000"
"0x7fb6d376f970","@P0   STG.E [R64+0x180], R3","4000"
"0x7fb6d376f980","      ISETP.NE.U32.AND P0, PT, R0, RZ, PT","4000"
"0x7fb6d376f990","      SEL R0, R149, RZ, !P1","4000"
"0x7fb6d376f9a0","      FMUL R67, R67, R130","4000"
"0x7fb6d376f9b0","      FFMA R168, R156, R129, R67","4000"
"0x7fb6d376f9c0","      LDS R67, [R153+UR4+0x280]","4000"
"0x7fb6d376f9d0","      FMNMX R61, R168, R143, !PT","4000"
"0x7fb6d376f9e0","@P0   STG.E [R64+0x200], R61","4000"
"0x7fb6d376f9f0","      ISETP.NE.U32.AND P0, PT, R0, RZ, PT","4000"
"0x7fb6d376fa00","      SEL R0, R152, RZ, !P1","4000"
"0x7fb6d376fa10","      FMUL R67, R67, R130","4000"
"0x7fb6d376fa20","      FFMA R168, R160, R129, R67","4000"
"0x7fb6d376fa30","      LDS R67, [R153+UR4+0x300]","4000"
"0x7fb6d376fa40","      FMNMX R3, R168, R143, !PT","4000"
"0x7fb6d376fa50","@P0   STG.E [R64+0x280], R3","4000"
"0x7fb6d376fa60","      ISETP.NE.U32.AND P0, PT, R0, RZ, PT","4000"
"0x7fb6d376fa70","      SEL R0, R146, RZ, !P1","4000"
"0x7fb6d376fa80","      LDS R3, [R153+UR4+0x380]","4000"
"0x7fb6d376fa90","      FMUL R67, R67, R130","4000"
"0x7fb6d376faa0","      FFMA R168, R154, R129, R67","4000"
"0x7fb6d376fab0","      FMNMX R61, R168, R143, !PT","4000"
"0x7fb6d376fac0","      FMUL R3, R3, R130","4000"
"0x7fb6d376fad0","@P0   STG.E [R64+0x300], R61","4000"
"0x7fb6d376fae0","      ISETP.NE.U32.AND P0, PT, R0, RZ, PT","4000"
"0x7fb6d376faf0","      FFMA R168, R166, R129, R3","4000"
"0x7fb6d376fb00","      IADD3 R0, PT, PT, R134, 0x1, RZ","4000"
"0x7fb6d376fb10","      FMNMX R3, R168, R143, !PT","4000"
"0x7fb6d376fb20","@P0   STG.E [R64+0x380], R3","4000"
"0x7fb6d376fb30","      ISETP.LT.AND P0, PT, R0, UR6, P3","4000"
"0x7fb6d376fb40","@P0   LDG.E.LTC128B R136, [R164.64+UR10]","4000"
"0x7fb6d376fb50","      ISETP.LT.AND P0, PT, R0, UR6, P2","4000"
"0x7fb6d376fb60","      ISETP.NE.AND P1, PT, R137, RZ, PT","4000"
"0x7fb6d376fb70","@P0   LDG.E.LTC128B R138, [R164.64+UR10+0x80]","4000"
"0x7fb6d376fb80","      ISETP.LT.AND P0, PT, R0, UR6, P4","4000"
"0x7fb6d376fb90","@P0   LDG.E.LTC128B R142, [R164.64+UR10+0x100]","4000"
"0x7fb6d376fba0","      ISETP.LT.AND P0, PT, R0, UR6, P1","4000"
"0x7fb6d376fbb0","      ISETP.NE.AND P1, PT, R155, RZ, PT","4000"
"0x7fb6d376fbc0","@P0   LDG.E.LTC128B R158, [R164.64+UR10+0x180]","4000"
"0x7fb6d376fbd0","      ISETP.NE.AND P0, PT, R135, RZ, PT","4000"
"0x7fb6d376fbe0","      ISETP.LT.AND P0, PT, R0, UR6, P0","4000"
"0x7fb6d376fbf0","@P0   LDG.E.LTC128B R156, [R164.64+UR10+0x200]","4000"
"0x7fb6d376fc00","      ISETP.LT.AND P0, PT, R0, UR6, P1","4000"
"0x7fb6d376fc10","@P0   LDG.E.LTC128B R160, [R164.64+UR10+0x280]","4000"
"0x7fb6d376fc20","      ISETP.LT.AND P0, PT, R0, UR6, P6","4000"
"0x7fb6d376fc30","@P0   LDG.E.LTC128B R154, [R164.64+UR10+0x300]","4000"
"0x7fb6d376fc40","      ISETP.LT.AND P0, PT, R0, UR6, P5","4000"
"0x7fb6d376fc50","@P0   LDG.E.LTC128B R166, [R164.64+UR10+0x380]","4000"
"0x7fb6d376fc60","      BAR.SYNC.DEFER_BLOCKING 0x0","4000"
"0x7fb6d376fc70","      ISETP.GE.AND P1, PT, R0, UR6, PT","4000"
"0x7fb6d376fc80","      UIADD3.64 UR14, UPT, UPT, UR10, UR10, URZ","4000"
"0x7fb6d376fc90","      SEL R0, R139, RZ, !P1","4000"
"0x7fb6d376fca0","      ISETP.NE.U32.AND P0, PT, R0, RZ, PT","4000"
"0x7fb6d376fcb0","      SEL R0, R151, RZ, !P1","4000"
"0x7fb6d376fcc0","      STS [R133], R128","4000"
"0x7fb6d376fcd0","      STS [R133+0x4], R126","4000"
"0x7fb6d376fce0","      STS [R133+0x8], R68","4000"
"0x7fb6d376fcf0","      STS [R133+0xc], R66","4000"
"0x7fb6d376fd00","      STS [R133+0x80], R63","4000"
"0x7fb6d376fd10","      STS [R133+0x84], R62","4000"
"0x7fb6d376fd20","      STS [R133+0x88], R4","4000"
"0x7fb6d376fd30","      STS [R133+0x8c], R2","4000"
"0x7fb6d376fd40","      BAR.SYNC.DEFER_BLOCKING 0x0","4000"
"0x7fb6d376fd50","      LDS R3, [R153+UR4]","4000"
"0x7fb6d376fd60","      LDS R61, [R153+UR4+0x80]","4000"
"0x7fb6d376fd70","      FMUL R3, R3, R130","4000"
"0x7fb6d376fd80","      FMUL R61, R61, R130","4000"
"0x7fb6d376fd90","      FFMA R126, R136, R129, R3","4000"
"0x7fb6d376fda0","      FMNMX R3, R126, R143, !PT","4000"
"0x7fb6d376fdb0","@P0   STG.E [R64.64+UR12], R3","4000"
"0x7fb6d376fdc0","      ISETP.NE.U32.AND P0, PT, R0, RZ, PT","4000"
"0x7fb6d376fdd0","      SEL R0, R150, RZ, !P1","4000"
"0x7fb6d376fde0","      FFMA R2, R138, R129, R61","4000"
"0x7fb6d376fdf0","      LDS R3, [R153+UR4+0x180]","4000"
"0x7fb6d376fe00","      LDS R61, [R153+UR4+0x100]","4000"
"0x7fb6d376fe10","      FMNMX R63, R2, R143, !PT","4000"
"0x7fb6d376fe20","@P0   STG.E [R64.64+UR12+0x80], R63","4000"
"0x7fb6d376fe30","      ISETP.NE.U32.AND P0, PT, R0, RZ, PT","4000"
"0x7fb6d376fe40","      SEL R0, R148, RZ, !P1","4000"
"0x7fb6d376fe50","      LDS R63, [R153+UR4+0x200]","4000"
"0x7fb6d376fe60","      FMUL R3, R3, R130","4000"
"0x7fb6d376fe70","      FMUL R61, R61, R130","4000"
"0x7fb6d376fe80","      FFMA R2, R142, R129, R61","4000"
"0x7fb6d376fe90","      FMNMX R61, R2, R143, !PT","4000"
"0x7fb6d376fea0","      FFMA R2, R158, R129, R3","4000"
"0x7fb6d376feb0","      FMUL R63, R63, R130","4000"
"0x7fb6d376fec0","@P0   STG.E [R64.64+UR12+0x100], R61","4000"
"0x7fb6d376fed0","      FMNMX R3, R2, R143, !PT","4000"
"0x7fb6d376fee0","      FFMA R2, R156, R129, R63","4000"
"0x7fb6d376fef0","      ISETP.NE.U32.AND P0, PT, R0, RZ, PT","4000"
"0x7fb6d376ff00","      LDS R63, [R153+UR4+0x280]","4000"
"0x7fb6d376ff10","      SEL R0, R147, RZ, !P1","4000"
"0x7fb6d376ff20","@P0   STG.E [R64.64+UR12+0x180], R3","4000"
"0x7fb6d376ff30","      ISETP.NE.U32.AND P0, PT, R0, RZ, PT","4000"
"0x7fb6d376ff40","      SEL R0, R149, RZ, !P1","4000"
"0x7fb6d376ff50","      FMNMX R61, R2, R143, !PT","4000"
"0x7fb6d376ff60","@P0   STG.E [R64.64+UR12+0x200], R61","4000"
"0x7fb6d376ff70","      ISETP.NE.U32.AND P0, PT, R0, RZ, PT","4000"
"0x7fb6d376ff80","      SEL R0, R152, RZ, !P1","4000"
"0x7fb6d376ff90","      FMUL R63, R63, R130","4000"
"0x7fb6d376ffa0","      FFMA R2, R160, R129, R63","4000"
"0x7fb6d376ffb0","      LDS R63, [R153+UR4+0x300]","4000"
"0x7fb6d376ffc0","      FMNMX R3, R2, R143, !PT","4000"
"0x7fb6d376ffd0","@P0   STG.E [R64.64+UR12+0x280], R3","4000"
"0x7fb6d376ffe0","      ISETP.NE.U32.AND P0, PT, R0, RZ, PT","4000"
"0x7fb6d376fff0","      SEL R0, R146, RZ, !P1","4000"
"0x7fb6d3770000","      FMUL R63, R63, R130","4000"
"0x7fb6d3770010","      FFMA R2, R154, R129, R63","4000"
"0x7fb6d3770020","      LDS R63, [R153+UR4+0x380]","4000"
"0x7fb6d3770030","      FMNMX R61, R2, R143, !PT","4000"
"0x7fb6d3770040","@P0   STG.E [R64.64+UR12+0x300], R61","4000"
"0x7fb6d3770050","      ISETP.NE.U32.AND P0, PT, R0, RZ, PT","4000"
"0x7fb6d3770060","      IADD3 R0, PT, PT, R134, 0x2, RZ","4000"
"0x7fb6d3770070","      FMUL R63, R63, R130","4000"
"0x7fb6d3770080","      FFMA R2, R166, R129, R63","4000"
"0x7fb6d3770090","      FMNMX R3, R2, R143, !PT","4000"
"0x7fb6d37700a0","@P0   STG.E [R64.64+UR12+0x380], R3","4000"
"0x7fb6d37700b0","      ISETP.LT.AND P0, PT, R0, UR6, P3","4000"
"0x7fb6d37700c0","@P0   LDG.E.LTC128B R136, [R164.64+UR14]","4000"
"0x7fb6d37700d0","      ISETP.LT.AND P0, PT, R0, UR6, P2","4000"
"0x7fb6d37700e0","      ISETP.NE.AND P1, PT, R137, RZ, PT","4000"
"0x7fb6d37700f0","@P0   LDG.E.LTC128B R138, [R164.64+UR14+0x80]","4000"
"0x7fb6d3770100","      ISETP.LT.AND P0, PT, R0, UR6, P4","4000"
"0x7fb6d3770110","@P0   LDG.E.LTC128B R142, [R164.64+UR14+0x100]","4000"
"0x7fb6d3770120","      ISETP.LT.AND P0, PT, R0, UR6, P1","4000"
"0x7fb6d3770130","@P0   LDG.E.LTC128B R158, [R164.64+UR14+0x180]","4000"
"0x7fb6d3770140","      ISETP.NE.AND P0, PT, R135, RZ, PT","4000"
"0x7fb6d3770150","      ISETP.NE.AND P1, PT, R155, RZ, PT","4000"
"0x7fb6d3770160","      ISETP.LT.AND P0, PT, R0, UR6, P0","4000"
"0x7fb6d3770170","@P0   LDG.E.LTC128B R156, [R164.64+UR14+0x200]","4000"
"0x7fb6d3770180","      ISETP.LT.AND P0, PT, R0, UR6, P1","4000"
"0x7fb6d3770190","@P0   LDG.E.LTC128B R160, [R164.64+UR14+0x280]","4000"
"0x7fb6d37701a0","      ISETP.LT.AND P0, PT, R0, UR6, P6","4000"
"0x7fb6d37701b0","@P0   LDG.E.LTC128B R154, [R164.64+UR14+0x300]","4000"
"0x7fb6d37701c0","      ISETP.LT.AND P0, PT, R0, UR6, P5","4000"
"0x7fb6d37701d0","@P0   LDG.E.LTC128B R166, [R164.64+UR14+0x380]","4000"
"0x7fb6d37701e0","      BAR.SYNC.DEFER_BLOCKING 0x0","4000"
"0x7fb6d37701f0","      ISETP.GE.AND P1, PT, R0, UR6, PT","4000"
"0x7fb6d3770200","      IADD.64 R64, R64, UR12","4000"
"0x7fb6d3770210","      UIMAD UR5, UR11, 0x3, URZ","4000"
"0x7fb6d3770220","      SEL R0, R139, RZ, !P1","4000"
"0x7fb6d3770230","      ISETP.NE.U32.AND P0, PT, R0, RZ, PT","4000"
"0x7fb6d3770240","      SEL R0, R151, RZ, !P1","4000"
"0x7fb6d3770250","      STS [R133], R123","4000"
"0x7fb6d3770260","      STS [R133+0x4], R121","4000"
"0x7fb6d3770270","      STS [R133+0x8], R71","4000"
"0x7fb6d3770280","      STS [R133+0xc], R69","4000"
"0x7fb6d3770290","      STS [R133+0x80], R59","4000"
"0x7fb6d37702a0","      STS [R133+0x84], R57","4000"
"0x7fb6d37702b0","      STS [R133+0x88], R7","4000"
"0x7fb6d37702c0","      STS [R133+0x8c], R5","4000"
"0x7fb6d37702d0","      BAR.SYNC.DEFER_BLOCKING 0x0","4000"
"0x7fb6d37702e0","      LDS R3, [R153+UR4]","4000"
"0x7fb6d37702f0","      LDS R7, [R153+UR4+0x180]","4000"
"0x7fb6d3770300","      FMUL R3, R3, R130","4000"
"0x7fb6d3770310","      FMUL R7, R7, R130","4000"
"0x7fb6d3770320","      FFMA R2, R136, R129, R3","4000"
"0x7fb6d3770330","      LDS R3, [R153+UR4+0x80]","4000"
"0x7fb6d3770340","      FMNMX R2, R2, R143, !PT","4000"
"0x7fb6d3770350","@P0   STG.E [R64.64+UR12], R2","4000"
"0x7fb6d3770360","      ISETP.NE.U32.AND P0, PT, R0, RZ, PT","4000"
"0x7fb6d3770370","      SEL R0, R150, RZ, !P1","4000"
"0x7fb6d3770380","      FFMA R2, R158, R129, R7","4000"
"0x7fb6d3770390","      FMUL R3, R3, R130","4000"
"0x7fb6d37703a0","      LDS R7, [R153+UR4+0x200]","4000"
"0x7fb6d37703b0","      FFMA R4, R138, R129, R3","4000"
"0x7fb6d37703c0","      LDS R3, [R153+UR4+0x100]","4000"
"0x7fb6d37703d0","      FMNMX R5, R4, R143, !PT","4000"
"0x7fb6d37703e0","@P0   STG.E [R64.64+UR12+0x80], R5","4000"
"0x7fb6d37703f0","      ISETP.NE.U32.AND P0, PT, R0, RZ, PT","4000"
"0x7fb6d3770400","      SEL R0, R148, RZ, !P1","4000"
"0x7fb6d3770410","      FMUL R7, R7, R130","4000"
"0x7fb6d3770420","      FMNMX R5, R2, R143, !PT","4000"
"0x7fb6d3770430","      FFMA R2, R156, R129, R7","4000"
"0x7fb6d3770440","      FMUL R3, R3, R130","4000"
"0x7fb6d3770450","      LDS R7, [R153+UR4+0x280]","4000"
"0x7fb6d3770460","      FFMA R4, R142, R129, R3","4000"
"0x7fb6d3770470","      FMNMX R3, R4, R143, !PT","4000"
"0x7fb6d3770480","@P0   STG.E [R64.64+UR12+0x100], R3","4000"
"0x7fb6d3770490","      ISETP.NE.U32.AND P0, PT, R0, RZ, PT","4000"
"0x7fb6d37704a0","      SEL R0, R147, RZ, !P1","4000"
"0x7fb6d37704b0","@P0   STG.E [R64.64+UR12+0x180], R5","4000"
"0x7fb6d37704c0","      ISETP.NE.U32.AND P0, PT, R0, RZ, PT","4000"
"0x7fb6d37704d0","      SEL R0, R149, RZ, !P1","4000"
"0x7fb6d37704e0","      FMUL R7, R7, R130","4000"
"0x7fb6d37704f0","      FMNMX R3, R2, R143, !PT","4000"
"0x7fb6d3770500","      FFMA R2, R160, R129, R7","4000"
"0x7fb6d3770510","      LDS R7, [R153+UR4+0x300]","4000"
"0x7fb6d3770520","@P0   STG.E [R64.64+UR12+0x200], R3","4000"
"0x7fb6d3770530","      ISETP.NE.U32.AND P0, PT, R0, RZ, PT","4000"
"0x7fb6d3770540","      SEL R0, R152, RZ, !P1","4000"
"0x7fb6d3770550","      FMNMX R5, R2, R143, !PT","4000"
"0x7fb6d3770560","@P0   STG.E [R64.64+UR12+0x280], R5","4000"
"0x7fb6d3770570","      ISETP.NE.U32.AND P0, PT, R0, RZ, PT","4000"
"0x7fb6d3770580","      FMUL R7, R7, R130","4000"
"0x7fb6d3770590","      FFMA R2, R154, R129, R7","4000"
"0x7fb6d37705a0","      MOV.64 R4, UR10","4000"
"0x7fb6d37705b0","      LDS R7, [R153+UR4+0x380]","4000"
"0x7fb6d37705c0","      FMNMX R3, R2, R143, !PT","4000"
"0x7fb6d37705d0","      SEL R2, R146, RZ, !P1","4000"
"0x7fb6d37705e0","      IMAD.WIDE.U32 R4, R4, 0x3, R164","4000"
"0x7fb6d37705f0","@P0   STG.E [R64.64+UR12+0x300], R3","4000"
"0x7fb6d3770600","      ISETP.NE.U32.AND P0, PT, R2, RZ, PT","4000"
"0x7fb6d3770610","      IADD3 R2, PT, PT, R134, 0x3, RZ","4000"
"0x7fb6d3770620","      IADD3 R5, PT, PT, R5, UR5, RZ","4000"
"0x7fb6d3770630","      FMUL R7, R7, R130","4000"
"0x7fb6d3770640","      FFMA R0, R166, R129, R7","4000"
"0x7fb6d3770650","      FMNMX R0, R0, R143, !PT","4000"
"0x7fb6d3770660","@P0   STG.E [R64.64+UR12+0x380], R0","4000"
"0x7fb6d3770670","      ISETP.LT.AND P0, PT, R2, UR6, P3","4000"
"0x7fb6d3770680","@P0   LDG.E.LTC128B R136, [R4]","4000"
"0x7fb6d3770690","      ISETP.LT.AND P0, PT, R2, UR6, P2","4000"
"0x7fb6d37706a0","      ISETP.NE.AND P1, PT, R137, RZ, PT","4000"
"0x7fb6d37706b0","@P0   LDG.E.LTC128B R138, [R4+0x80]","4000"
"0x7fb6d37706c0","      ISETP.LT.AND P0, PT, R2, UR6, P4","4000"
"0x7fb6d37706d0","@P0   LDG.E.LTC128B R142, [R4+0x100]","4000"
"0x7fb6d37706e0","      ISETP.LT.AND P0, PT, R2, UR6, P1","4000"
"0x7fb6d37706f0","      ISETP.NE.AND P1, PT, R155, RZ, PT","4000"
"0x7fb6d3770700","@P0   LDG.E.LTC128B R158, [R4+0x180]","4000"
"0x7fb6d3770710","      ISETP.NE.AND P0, PT, R135, RZ, PT","4000"
"0x7fb6d3770720","      ISETP.LT.AND P0, PT, R2, UR6, P0","4000"
"0x7fb6d3770730","@P0   LDG.E.LTC128B R156, [R4+0x200]","4000"
"0x7fb6d3770740","      ISETP.LT.AND P0, PT, R2, UR6, P1","4000"
"0x7fb6d3770750","@P0   LDG.E.LTC128B R160, [R4+0x280]","4000"
"0x7fb6d3770760","      ISETP.LT.AND P0, PT, R2, UR6, P6","4000"
"0x7fb6d3770770","@P0   LDG.E.LTC128B R154, [R4+0x300]","4000"
"0x7fb6d3770780","      ISETP.LT.AND P0, PT, R2, UR6, P5","4000"
"0x7fb6d3770790","@P0   LDG.E.LTC128B R166, [R4+0x380]","4000"
"0x7fb6d37707a0","      BAR.SYNC.DEFER_BLOCKING 0x0","4000"
"0x7fb6d37707b0","      ISETP.GE.AND P1, PT, R2, UR6, PT","4000"
"0x7fb6d37707c0","      IADD.64 R64, R64, UR12","4000"
"0x7fb6d37707d0","      ULEA UR14, UP0, UR10, UR8, 0x2","4000"
"0x7fb6d37707e0","      SEL R2, R139, RZ, !P1","4000"
"0x7fb6d37707f0","      ULEA.HI.X UR15, UR10, UR9, UR11, 0x2, UP0","4000"
"0x7fb6d3770800","      LDCU.64 UR8, c[0x0][0x460]","4000"
"0x7fb6d3770810","      ISETP.NE.U32.AND P0, PT, R2, RZ, PT","4000"
"0x7fb6d3770820","      SEL R2, R151, RZ, !P1","4000"
"0x7fb6d3770830","      STS [R133], R124","4000"
"0x7fb6d3770840","      STS [R133+0x4], R122","4000"
"0x7fb6d3770850","      STS [R133+0x8], R72","4000"
"0x7fb6d3770860","      STS [R133+0xc], R70","4000"
"0x7fb6d3770870","      STS [R133+0x80], R60","4000"
"0x7fb6d3770880","      STS [R133+0x84], R58","4000"
"0x7fb6d3770890","      STS [R133+0x88], R8","4000"
"0x7fb6d37708a0","      STS [R133+0x8c], R6","4000"
"0x7fb6d37708b0","      BAR.SYNC.DEFER_BLOCKING 0x0","4000"
"0x7fb6d37708c0","      LDS R3, [R153+UR4]","4000"
"0x7fb6d37708d0","      LDS R7, [R153+UR4+0x180]","4000"
"0x7fb6d37708e0","      FMUL R3, R3, R130","4000"
"0x7fb6d37708f0","      FMUL R7, R7, R130","4000"
"0x7fb6d3770900","      FFMA R0, R136, R129, R3","4000"
"0x7fb6d3770910","      LDS R3, [R153+UR4+0x80]","4000"
"0x7fb6d3770920","      FMNMX R0, R0, R143, !PT","4000"
"0x7fb6d3770930","@P0   STG.E [R64.64+UR12], R0","4000"
"0x7fb6d3770940","      ISETP.NE.U32.AND P0, PT, R2, RZ, PT","4000"
"0x7fb6d3770950","      SEL R0, R150, RZ, !P1","4000"
"0x7fb6d3770960","      FMUL R3, R3, R130","4000"
"0x7fb6d3770970","      FFMA R4, R138, R129, R3","4000"
"0x7fb6d3770980","      LDS R3, [R153+UR4+0x100]","4000"
"0x7fb6d3770990","      FMNMX R5, R4, R143, !PT","4000"
"0x7fb6d37709a0","@P0   STG.E [R64.64+UR12+0x80], R5","4000"
"0x7fb6d37709b0","      ISETP.NE.U32.AND P0, PT, R0, RZ, PT","4000"
"0x7fb6d37709c0","      SEL R0, R148, RZ, !P1","4000"
"0x7fb6d37709d0","      FMUL R3, R3, R130","4000"
"0x7fb6d37709e0","      FFMA R2, R142, R129, R3","4000"
"0x7fb6d37709f0","      FMNMX R3, R2, R143, !PT","4000"
"0x7fb6d3770a00","      FFMA R2, R158, R129, R7","4000"
"0x7fb6d3770a10","      LDS R7, [R153+UR4+0x200]","4000"
"0x7fb6d3770a20","      FMNMX R5, R2, R143, !PT","4000"
"0x7fb6d3770a30","@P0   STG.E [R64.64+UR12+0x100], R3","4000"
"0x7fb6d3770a40","      ISETP.NE.U32.AND P0, PT, R0, RZ, PT","4000"
"0x7fb6d3770a50","      SEL R0, R147, RZ, !P1","4000"
"0x7fb6d3770a60","@P0   STG.E [R64.64+UR12+0x180], R5","4000"
"0x7fb6d3770a70","      ISETP.NE.U32.AND P0, PT, R0, RZ, PT","4000"
"0x7fb6d3770a80","      SEL R0, R149, RZ, !P1","4000"
"0x7fb6d3770a90","      FMUL R7, R7, R130","4000"
"0x7fb6d3770aa0","      FFMA R2, R156, R129, R7","4000"
"0x7fb6d3770ab0","      LDS R7, [R153+UR4+0x280]","4000"
"0x7fb6d3770ac0","      FMNMX R3, R2, R143, !PT","4000"
"0x7fb6d3770ad0","@P0   STG.E [R64.64+UR12+0x200], R3","4000"
"0x7fb6d3770ae0","      ISETP.NE.U32.AND P0, PT, R0, RZ, PT","4000"
"0x7fb6d3770af0","      SEL R0, R152, RZ, !P1","4000"
"0x7fb6d3770b00","      FMUL R7, R7, R130","4000"
"0x7fb6d3770b10","      FFMA R2, R160, R129, R7","4000"
"0x7fb6d3770b20","      LDS R7, [R153+UR4+0x300]","4000"
"0x7fb6d3770b30","      FMNMX R5, R2, R143, !PT","4000"
"0x7fb6d3770b40","@P0   STG.E [R64.64+UR12+0x280], R5","4000"
"0x7fb6d3770b50","      ISETP.NE.U32.AND P0, PT, R0, RZ, PT","4000"
"0x7fb6d3770b60","      FMUL R7, R7, R130","4000"
"0x7fb6d3770b70","      FFMA R2, R154, R129, R7","4000"
"0x7fb6d3770b80","      LDS R7, [R153+UR4+0x380]","4000"
"0x7fb6d3770b90","      FMNMX R3, R2, R143, !PT","4000"
"0x7fb6d3770ba0","      SEL R2, R146, RZ, !P1","4000"
"0x7fb6d3770bb0","@P0   STG.E [R64.64+UR12+0x300], R3","4000"
"0x7fb6d3770bc0","      ISETP.NE.U32.AND P0, PT, R2, RZ, PT","4000"
"0x7fb6d3770bd0","      IADD3 R2, PT, PT, R134, 0x10, RZ","4000"
"0x7fb6d3770be0","      FMUL R7, R7, R130","4000"
"0x7fb6d3770bf0","      FFMA R0, R166, R129, R7","4000"
"0x7fb6d3770c00","      FMNMX R0, R0, R143, !PT","4000"
"0x7fb6d3770c10","@P0   STG.E [R64.64+UR12+0x380], R0","4000"
"0x7fb6d3770c20","      ISETP.LT.AND P0, PT, R2, UR6, P3","4000"
"0x7fb6d3770c30","@P0   LDG.E.LTC128B R136, [R164.64+UR14]","4000"
"0x7fb6d3770c40","      ISETP.LT.AND P0, PT, R2, UR6, P2","4000"
"0x7fb6d3770c50","@P0   LDG.E.LTC128B R138, [R164.64+UR14+0x80]","4000"
"0x7fb6d3770c60","      ISETP.LT.AND P0, PT, R2, UR6, P4","4000"
"0x7fb6d3770c70","      ISETP.NE.AND P1, PT, R137, RZ, PT","4000"
"0x7fb6d3770c80","@P0   LDG.E.LTC128B R142, [R164.64+UR14+0x100]","4000"
"0x7fb6d3770c90","      ISETP.LT.AND P0, PT, R2, UR6, P1","4000"
"0x7fb6d3770ca0","@P0   LDG.E.LTC128B R158, [R164.64+UR14+0x180]","4000"
"0x7fb6d3770cb0","      ISETP.NE.AND P0, PT, R135, RZ, PT","4000"
"0x7fb6d3770cc0","      ISETP.NE.AND P1, PT, R155, RZ, PT","4000"
"0x7fb6d3770cd0","      ISETP.LT.AND P0, PT, R2, UR6, P0","4000"
"0x7fb6d3770ce0","@P0   LDG.E.LTC128B R156, [R164.64+UR14+0x200]","4000"
"0x7fb6d3770cf0","      ISETP.LT.AND P0, PT, R2, UR6, P1","4000"
"0x7fb6d3770d00","@P0   LDG.E.LTC128B R160, [R164.64+UR14+0x280]","4000"
"0x7fb6d3770d10","      ISETP.LT.AND P0, PT, R2, UR6, P6","4000"
"0x7fb6d3770d20","@P0   LDG.E.LTC128B R154, [R164.64+UR14+0x300]","4000"
"0x7fb6d3770d30","      ISETP.LT.AND P0, PT, R2, UR6, P5","4000"
"0x7fb6d3770d40","@P0   LDG.E.LTC128B R166, [R164.64+UR14+0x380]","4000"
"0x7fb6d3770d50","      IADD.64 R4, R140, UR12","4000"
"0x7fb6d3770d60","      BAR.SYNC.DEFER_BLOCKING 0x0","4000"
"0x7fb6d3770d70","      ISETP.GE.AND P1, PT, R2, UR6, PT","4000"
"0x7fb6d3770d80","      IADD.64 R4, R4, UR12","4000"
"0x7fb6d3770d90","      IADD.64 R4, R4, UR12","4000"
"0x7fb6d3770da0","      SEL R2, R139, RZ, !P1","4000"
"0x7fb6d3770db0","      IADD.64 R4, R4, UR12","4000"
"0x7fb6d3770dc0","      ISETP.NE.U32.AND P0, PT, R2, RZ, PT","4000"
"0x7fb6d3770dd0","      IADD.64 R4, R4, UR8","4000"
"0x7fb6d3770de0","      SEL R2, R151, RZ, !P1","4000"
"0x7fb6d3770df0","      IADD.64 R6, R4, R162","4000"
"0x7fb6d3770e00","      STS [R133], R119","4000"
"0x7fb6d3770e10","      STS [R133+0x4], R117","4000"
"0x7fb6d3770e20","      STS [R133+0x8], R75","4000"
"0x7fb6d3770e30","      STS [R133+0xc], R73","4000"
"0x7fb6d3770e40","      STS [R133+0x80], R55","4000"
"0x7fb6d3770e50","      STS [R133+0x84], R53","4000"
"0x7fb6d3770e60","      STS [R133+0x88], R11","4000"
"0x7fb6d3770e70","      STS [R133+0x8c], R9","4000"
"0x7fb6d3770e80","      BAR.SYNC.DEFER_BLOCKING 0x0","4000"
"0x7fb6d3770e90","      LDS R3, [R153+UR4]","4000"
"0x7fb6d3770ea0","      LDS R11, [R153+UR4+0x180]","4000"
"0x7fb6d3770eb0","      FMUL R3, R3, R130","4000"
"0x7fb6d3770ec0","      FMUL R11, R11, R130","4000"
"0x7fb6d3770ed0","      FFMA R0, R136, R129, R3","4000"
"0x7fb6d3770ee0","      LDS R3, [R153+UR4+0x80]","4000"
"0x7fb6d3770ef0","      FMNMX R0, R0, R143, !PT","4000"
"0x7fb6d3770f00","@P0   STG.E [R6], R0","4000"
"0x7fb6d3770f10","      ISETP.NE.U32.AND P0, PT, R2, RZ, PT","4000"
"0x7fb6d3770f20","      SEL R0, R150, RZ, !P1","4000"
"0x7fb6d3770f30","      FMUL R3, R3, R130","4000"
"0x7fb6d3770f40","      FFMA R8, R138, R129, R3","4000"
"0x7fb6d3770f50","      LDS R3, [R153+UR4+0x100]","4000"
"0x7fb6d3770f60","      FMNMX R9, R8, R143, !PT","4000"
"0x7fb6d3770f70","@P0   STG.E [R6+0x80], R9","4000"
"0x7fb6d3770f80","      ISETP.NE.U32.AND P0, PT, R0, RZ, PT","4000"
"0x7fb6d3770f90","      SEL R0, R148, RZ, !P1","4000"
"0x7fb6d3770fa0","      FMUL R3, R3, R130","4000"
"0x7fb6d3770fb0","      FFMA R2, R142, R129, R3","4000"
"0x7fb6d3770fc0","      FMNMX R3, R2, R143, !PT","4000"
"0x7fb6d3770fd0","      FFMA R2, R158, R129, R11","4000"
"0x7fb6d3770fe0","      LDS R11, [R153+UR4+0x200]","4000"
"0x7fb6d3770ff0","      FMNMX R9, R2, R143, !PT","4000"
"0x7fb6d3771000","@P0   STG.E [R6+0x100], R3","4000"
"0x7fb6d3771010","      ISETP.NE.U32.AND P0, PT, R0, RZ, PT","4000"
"0x7fb6d3771020","      SEL R0, R147, RZ, !P1","4000"
"0x7fb6d3771030","@P0   STG.E [R6+0x180], R9","4000"
"0x7fb6d3771040","      ISETP.NE.U32.AND P0, PT, R0, RZ, PT","4000"
"0x7fb6d3771050","      SEL R0, R149, RZ, !P1","4000"
"0x7fb6d3771060","      FMUL R11, R11, R130","4000"
"0x7fb6d3771070","      FFMA R2, R156, R129, R11","4000"
"0x7fb6d3771080","      LDS R11, [R153+UR4+0x280]","4000"
"0x7fb6d3771090","      FMNMX R3, R2, R143, !PT","4000"
"0x7fb6d37710a0","@P0   STG.E [R6+0x200], R3","4000"
"0x7fb6d37710b0","      ISETP.NE.U32.AND P0, PT, R0, RZ, PT","4000"
"0x7fb6d37710c0","      SEL R0, R152, RZ, !P1","4000"
"0x7fb6d37710d0","      FMUL R11, R11, R130","4000"
"0x7fb6d37710e0","      FFMA R2, R160, R129, R11","4000"
"0x7fb6d37710f0","      LDS R11, [R153+UR4+0x300]","4000"
"0x7fb6d3771100","      FMNMX R9, R2, R143, !PT","4000"
"0x7fb6d3771110","@P0   STG.E [R6+0x280], R9","4000"
"0x7fb6d3771120","      ISETP.NE.U32.AND P0, PT, R0, RZ, PT","4000"
"0x7fb6d3771130","      IADD.64 R8, R164, UR14","4000"
"0x7fb6d3771140","      FMUL R11, R11, R130","4000"
"0x7fb6d3771150","      FFMA R2, R154, R129, R11","4000"
"0x7fb6d3771160","      LDS R11, [R153+UR4+0x380]","4000"
"0x7fb6d3771170","      FMNMX R3, R2, R143, !PT","4000"
"0x7fb6d3771180","      SEL R2, R146, RZ, !P1","4000"
"0x7fb6d3771190","@P0   STG.E [R6+0x300], R3","4000"
"0x7fb6d37711a0","      ISETP.NE.U32.AND P0, PT, R2, RZ, PT","4000"
"0x7fb6d37711b0","      IADD3 R2, PT, PT, R134, 0x11, RZ","4000"
"0x7fb6d37711c0","      FMUL R11, R11, R130","4000"
"0x7fb6d37711d0","      FFMA R0, R166, R129, R11","4000"
"0x7fb6d37711e0","      FMNMX R0, R0, R143, !PT","4000"
"0x7fb6d37711f0","@P0   STG.E [R6+0x380], R0","4000"
"0x7fb6d3771200","      ISETP.LT.AND P0, PT, R2, UR6, P3","4000"
"0x7fb6d3771210","@P0   LDG.E.LTC128B R136, [R8.64+UR10]","4000"
"0x7fb6d3771220","      ISETP.LT.AND P0, PT, R2, UR6, P2","4000"
"0x7fb6d3771230","      ISETP.NE.AND P1, PT, R137, RZ, PT","4000"
"0x7fb6d3771240","@P0   LDG.E.LTC128B R138, [R8.64+UR10+0x80]","4000"
"0x7fb6d3771250","      ISETP.LT.AND P0, PT, R2, UR6, P4","4000"
"0x7fb6d3771260","@P0   LDG.E.LTC128B R142, [R8.64+UR10+0x100]","4000"
"0x7fb6d3771270","      ISETP.LT.AND P0, PT, R2, UR6, P1","4000"
"0x7fb6d3771280","      ISETP.NE.AND P1, PT, R155, RZ, PT","4000"
"0x7fb6d3771290","@P0   LDG.E.LTC128B R158, [R8.64+UR10+0x180]","4000"
"0x7fb6d37712a0","      ISETP.NE.AND P0, PT, R135, RZ, PT","4000"
"0x7fb6d37712b0","      ISETP.LT.AND P0, PT, R2, UR6, P0","4000"
"0x7fb6d37712c0","@P0   LDG.E.LTC128B R156, [R8.64+UR10+0x200]","4000"
"0x7fb6d37712d0","      ISETP.LT.AND P0, PT, R2, UR6, P1","4000"
"0x7fb6d37712e0","@P0   LDG.E.LTC128B R160, [R8.64+UR10+0x280]","4000"
"0x7fb6d37712f0","      ISETP.LT.AND P0, PT, R2, UR6, P6","4000"
"0x7fb6d3771300","@P0   LDG.E.LTC128B R154, [R8.64+UR10+0x300]","4000"
"0x7fb6d3771310","      ISETP.LT.AND P0, PT, R2, UR6, P5","4000"
"0x7fb6d3771320","@P0   LDG.E.LTC128B R166, [R8.64+UR10+0x380]","4000"
"0x7fb6d3771330","      BAR.SYNC.DEFER_BLOCKING 0x0","4000"
"0x7fb6d3771340","      ISETP.GE.AND P1, PT, R2, UR6, PT","4000"
"0x7fb6d3771350","      SEL R2, R139, RZ, !P1","4000"
"0x7fb6d3771360","      ISETP.NE.U32.AND P0, PT, R2, RZ, PT","4000"
"0x7fb6d3771370","      IADD.64 R8, R8, UR10","4000"
"0x7fb6d3771380","      STS [R133], R120","4000"
"0x7fb6d3771390","      STS [R133+0x4], R118","4000"
"0x7fb6d37713a0","      STS [R133+0x8], R76","4000"
"0x7fb6d37713b0","      STS [R133+0xc], R74","4000"
"0x7fb6d37713c0","      STS [R133+0x80], R56","4000"
"0x7fb6d37713d0","      STS [R133+0x84], R54","4000"
"0x7fb6d37713e0","      STS [R133+0x88], R12","4000"
"0x7fb6d37713f0","      STS [R133+0x8c], R10","4000"
"0x7fb6d3771400","      BAR.SYNC.DEFER_BLOCKING 0x0","4000"
"0x7fb6d3771410","      LDS R3, [R153+UR4]","4000"
"0x7fb6d3771420","      LDS R11, [R153+UR4+0x80]","4000"
"0x7fb6d3771430","      FMUL R3, R3, R130","4000"
"0x7fb6d3771440","      FMUL R11, R11, R130","4000"
"0x7fb6d3771450","      FFMA R0, R136, R129, R3","4000"
"0x7fb6d3771460","      FMNMX R3, R0, R143, !PT","4000"
"0x7fb6d3771470","      SEL R0, R151, RZ, !P1","4000"
"0x7fb6d3771480","@P0   STG.E [R6.64+UR12], R3","4000"
"0x7fb6d3771490","      ISETP.NE.U32.AND P0, PT, R0, RZ, PT","4000"
"0x7fb6d37714a0","      SEL R0, R150, RZ, !P1","4000"
"0x7fb6d37714b0","      FFMA R2, R138, R129, R11","4000"
"0x7fb6d37714c0","      LDS R3, [R153+UR4+0x180]","4000"
"0x7fb6d37714d0","      LDS R11, [R153+UR4+0x100]","4000"
"0x7fb6d37714e0","      FMNMX R53, R2, R143, !PT","4000"
"0x7fb6d37714f0","@P0   STG.E [R6.64+UR12+0x80], R53","4000"
"0x7fb6d3771500","      ISETP.NE.U32.AND P0, PT, R0, RZ, PT","4000"
"0x7fb6d3771510","      SEL R0, R148, RZ, !P1","4000"
"0x7fb6d3771520","      LDS R53, [R153+UR4+0x200]","4000"
"0x7fb6d3771530","      FMUL R3, R3, R130","4000"
"0x7fb6d3771540","      FMUL R11, R11, R130","4000"
"0x7fb6d3771550","      FFMA R2, R142, R129, R11","4000"
"0x7fb6d3771560","      FMNMX R11, R2, R143, !PT","4000"
"0x7fb6d3771570","      FFMA R2, R158, R129, R3","4000"
"0x7fb6d3771580","      FMUL R53, R53, R130","4000"
"0x7fb6d3771590","@P0   STG.E [R6.64+UR12+0x100], R11","4000"
"0x7fb6d37715a0","      FMNMX R3, R2, R143, !PT","4000"
"0x7fb6d37715b0","      FFMA R2, R156, R129, R53","4000"
"0x7fb6d37715c0","      ISETP.NE.U32.AND P0, PT, R0, RZ, PT","4000"
"0x7fb6d37715d0","      LDS R53, [R153+UR4+0x280]","4000"
"0x7fb6d37715e0","      SEL R0, R147, RZ, !P1","4000"
"0x7fb6d37715f0","@P0   STG.E [R6.64+UR12+0x180], R3","4000"
"0x7fb6d3771600","      ISETP.NE.U32.AND P0, PT, R0, RZ, PT","4000"
"0x7fb6d3771610","      SEL R0, R149, RZ, !P1","4000"
"0x7fb6d3771620","      FMNMX R11, R2, R143, !PT","4000"
"0x7fb6d3771630","@P0   STG.E [R6.64+UR12+0x200], R11","4000"
"0x7fb6d3771640","      ISETP.NE.U32.AND P0, PT, R0, RZ, PT","4000"
"0x7fb6d3771650","      SEL R0, R152, RZ, !P1","4000"
"0x7fb6d3771660","      FMUL R53, R53, R130","4000"
"0x7fb6d3771670","      FFMA R2, R160, R129, R53","4000"
"0x7fb6d3771680","      LDS R53, [R153+UR4+0x300]","4000"
"0x7fb6d3771690","      FMNMX R3, R2, R143, !PT","4000"
"0x7fb6d37716a0","@P0   STG.E [R6.64+UR12+0x280], R3","4000"
"0x7fb6d37716b0","      ISETP.NE.U32.AND P0, PT, R0, RZ, PT","4000"
"0x7fb6d37716c0","      SEL R0, R146, RZ, !P1","4000"
"0x7fb6d37716d0","      FMUL R53, R53, R130","4000"
"0x7fb6d37716e0","      FFMA R2, R154, R129, R53","4000"
"0x7fb6d37716f0","      LDS R53, [R153+UR4+0x380]","4000"
"0x7fb6d3771700","      FMNMX R11, R2, R143, !PT","4000"
"0x7fb6d3771710","@P0   STG.E [R6.64+UR12+0x300], R11","4000"
"0x7fb6d3771720","      ISETP.NE.U32.AND P0, PT, R0, RZ, PT","4000"
"0x7fb6d3771730","      IADD3 R0, PT, PT, R134, 0x12, RZ","4000"
"0x7fb6d3771740","      FMUL R53, R53, R130","4000"
"0x7fb6d3771750","      FFMA R2, R166, R129, R53","4000"
"0x7fb6d3771760","      FMNMX R3, R2, R143, !PT","4000"
"0x7fb6d3771770","@P0   STG.E [R6.64+UR12+0x380], R3","4000"
"0x7fb6d3771780","      ISETP.LT.AND P0, PT, R0, UR6, P3","4000"
"0x7fb6d3771790","@P0   LDG.E.LTC128B R136, [R8.64+UR10]","4000"
"0x7fb6d37717a0","      ISETP.LT.AND P0, PT, R0, UR6, P2","4000"
"0x7fb6d37717b0","      ISETP.NE.AND P1, PT, R137, RZ, PT","4000"
"0x7fb6d37717c0","@P0   LDG.E.LTC128B R138, [R8.64+UR10+0x80]","4000"
"0x7fb6d37717d0","      ISETP.LT.AND P0, PT, R0, UR6, P4","4000"
"0x7fb6d37717e0","@P0   LDG.E.LTC128B R142, [R8.64+UR10+0x100]","4000"
"0x7fb6d37717f0","      ISETP.LT.AND P0, PT, R0, UR6, P1","4000"
"0x7fb6d3771800","@P0   LDG.E.LTC128B R158, [R8.64+UR10+0x180]","4000"
"0x7fb6d3771810","      ISETP.NE.AND P0, PT, R135, RZ, PT","4000"
"0x7fb6d3771820","      ISETP.NE.AND P1, PT, R155, RZ, PT","4000"
"0x7fb6d3771830","      ISETP.LT.AND P0, PT, R0, UR6, P0","4000"
"0x7fb6d3771840","@P0   LDG.E.LTC128B R156, [R8.64+UR10+0x200]","4000"
"0x7fb6d3771850","      ISETP.LT.AND P0, PT, R0, UR6, P1","4000"
"0x7fb6d3771860","@P0   LDG.E.LTC128B R160, [R8.64+UR10+0x280]","4000"
"0x7fb6d3771870","      ISETP.LT.AND P0, PT, R0, UR6, P6","4000"
"0x7fb6d3771880","@P0   LDG.E.LTC128B R154, [R8.64+UR10+0x300]","4000"
"0x7fb6d3771890","      ISETP.LT.AND P0, PT, R0, UR6, P5","4000"
"0x7fb6d37718a0","@P0   LDG.E.LTC128B R166, [R8.64+UR10+0x380]","4000"
"0x7fb6d37718b0","      BAR.SYNC.DEFER_BLOCKING 0x0","4000"
"0x7fb6d37718c0","      ISETP.GE.AND P1, PT, R0, UR6, PT","4000"
"0x7fb6d37718d0","      IADD.64 R6, R6, UR12","4000"
"0x7fb6d37718e0","      SEL R0, R139, RZ, !P1","4000"
"0x7fb6d37718f0","      ISETP.NE.U32.AND P0, PT, R0, RZ, PT","4000"
"0x7fb6d3771900","      SEL R0, R151, RZ, !P1","4000"
"0x7fb6d3771910","      IADD.64 R8, R8, UR10","4000"
"0x7fb6d3771920","      STS [R133], R115","4000"
"0x7fb6d3771930","      STS [R133+0x4], R113","4000"
"0x7fb6d3771940","      STS [R133+0x8], R79","4000"
"0x7fb6d3771950","      STS [R133+0xc], R77","4000"
"0x7fb6d3771960","      STS [R133+0x80], R51","4000"
"0x7fb6d3771970","      STS [R133+0x84], R49","4000"
"0x7fb6d3771980","      STS [R133+0x88], R15","4000"
"0x7fb6d3771990","      STS [R133+0x8c], R13","4000"
"0x7fb6d37719a0","      BAR.SYNC.DEFER_BLOCKING 0x0","4000"
"0x7fb6d37719b0","      LDS R3, [R153+UR4]","4000"
"0x7fb6d37719c0","      LDS R13, [R153+UR4+0x180]","4000"
"0x7fb6d37719d0","      FMUL R3, R3, R130","4000"
"0x7fb6d37719e0","      FMUL R13, R13, R130","4000"
"0x7fb6d37719f0","      FFMA R2, R136, R129, R3","4000"
"0x7fb6d3771a00","      LDS R3, [R153+UR4+0x80]","4000"
"0x7fb6d3771a10","      FMNMX R2, R2, R143, !PT","4000"
"0x7fb6d3771a20","@P0   STG.E [R6.64+UR12], R2","4000"
"0x7fb6d3771a30","      ISETP.NE.U32.AND P0, PT, R0, RZ, PT","4000"
"0x7fb6d3771a40","      SEL R0, R150, RZ, !P1","4000"
"0x7fb6d3771a50","      FFMA R2, R158, R129, R13","4000"
"0x7fb6d3771a60","      FMUL R3, R3, R130","4000"
"0x7fb6d3771a70","      LDS R13, [R153+UR4+0x200]","4000"
"0x7fb6d3771a80","      FFMA R10, R138, R129, R3","4000"
"0x7fb6d3771a90","      LDS R3, [R153+UR4+0x100]","4000"
"0x7fb6d3771aa0","      FMNMX R11, R10, R143, !PT","4000"
"0x7fb6d3771ab0","@P0   STG.E [R6.64+UR12+0x80], R11","4000"
"0x7fb6d3771ac0","      ISETP.NE.U32.AND P0, PT, R0, RZ, PT","4000"
"0x7fb6d3771ad0","      SEL R0, R148, RZ, !P1","4000"
"0x7fb6d3771ae0","      FMUL R13, R13, R130","4000"
"0x7fb6d3771af0","      FMNMX R11, R2, R143, !PT","4000"
"0x7fb6d3771b00","      FFMA R2, R156, R129, R13","4000"
"0x7fb6d3771b10","      FMUL R3, R3, R130","4000"
"0x7fb6d3771b20","      LDS R13, [R153+UR4+0x280]","4000"
"0x7fb6d3771b30","      FFMA R10, R142, R129, R3","4000"
"0x7fb6d3771b40","      FMNMX R3, R10, R143, !PT","4000"
"0x7fb6d3771b50","@P0   STG.E [R6.64+UR12+0x100], R3","4000"
"0x7fb6d3771b60","      ISETP.NE.U32.AND P0, PT, R0, RZ, PT","4000"
"0x7fb6d3771b70","      SEL R0, R147, RZ, !P1","4000"
"0x7fb6d3771b80","@P0   STG.E [R6.64+UR12+0x180], R11","4000"
"0x7fb6d3771b90","      ISETP.NE.U32.AND P0, PT, R0, RZ, PT","4000"
"0x7fb6d3771ba0","      SEL R0, R149, RZ, !P1","4000"
"0x7fb6d3771bb0","      FMUL R13, R13, R130","4000"
"0x7fb6d3771bc0","      FMNMX R3, R2, R143, !PT","4000"
"0x7fb6d3771bd0","      FFMA R2, R160, R129, R13","4000"
"0x7fb6d3771be0","      LDS R13, [R153+UR4+0x300]","4000"
"0x7fb6d3771bf0","@P0   STG.E [R6.64+UR12+0x200], R3","4000"
"0x7fb6d3771c00","      ISETP.NE.U32.AND P0, PT, R0, RZ, PT","4000"
"0x7fb6d3771c10","      SEL R0, R152, RZ, !P1","4000"
"0x7fb6d3771c20","      FMNMX R11, R2, R143, !PT","4000"
"0x7fb6d3771c30","@P0   STG.E [R6.64+UR12+0x280], R11","4000"
"0x7fb6d3771c40","      ISETP.NE.U32.AND P0, PT, R0, RZ, PT","4000"
"0x7fb6d3771c50","      FMUL R13, R13, R130","4000"
"0x7fb6d3771c60","      FFMA R2, R154, R129, R13","4000"
"0x7fb6d3771c70","      LDS R13, [R153+UR4+0x380]","4000"
"0x7fb6d3771c80","      FMNMX R3, R2, R143, !PT","4000"
"0x7fb6d3771c90","      SEL R2, R146, RZ, !P1","4000"
"0x7fb6d3771ca0","@P0   STG.E [R6.64+UR12+0x300], R3","4000"
"0x7fb6d3771cb0","      ISETP.NE.U32.AND P0, PT, R2, RZ, PT","4000"
"0x7fb6d3771cc0","      IADD3 R2, PT, PT, R134, 0x13, RZ","4000"
"0x7fb6d3771cd0","      FMUL R13, R13, R130","4000"
"0x7fb6d3771ce0","      FFMA R0, R166, R129, R13","4000"
"0x7fb6d3771cf0","      FMNMX R0, R0, R143, !PT","4000"
"0x7fb6d3771d00","@P0   STG.E [R6.64+UR12+0x380], R0","4000"
"0x7fb6d3771d10","      ISETP.LT.AND P0, PT, R2, UR6, P3","4000"
"0x7fb6d3771d20","@P0   LDG.E.LTC128B R136, [R8.64+UR10]","4000"
"0x7fb6d3771d30","      ISETP.LT.AND P0, PT, R2, UR6, P2","4000"
"0x7fb6d3771d40","      ISETP.NE.AND P1, PT, R137, RZ, PT","4000"
"0x7fb6d3771d50","@P0   LDG.E.LTC128B R138, [R8.64+UR10+0x80]","4000"
"0x7fb6d3771d60","      ISETP.LT.AND P0, PT, R2, UR6, P4","4000"
"0x7fb6d3771d70","@P0   LDG.E.LTC128B R142, [R8.64+UR10+0x100]","4000"
"0x7fb6d3771d80","      ISETP.LT.AND P0, PT, R2, UR6, P1","4000"
"0x7fb6d3771d90","      ISETP.NE.AND P1, PT, R155, RZ, PT","4000"
"0x7fb6d3771da0","@P0   LDG.E.LTC128B R158, [R8.64+UR10+0x180]","4000"
"0x7fb6d3771db0","      ISETP.NE.AND P0, PT, R135, RZ, PT","4000"
"0x7fb6d3771dc0","      ISETP.LT.AND P0, PT, R2, UR6, P0","4000"
"0x7fb6d3771dd0","@P0   LDG.E.LTC128B R156, [R8.64+UR10+0x200]","4000"
"0x7fb6d3771de0","      ISETP.LT.AND P0, PT, R2, UR6, P1","4000"
"0x7fb6d3771df0","@P0   LDG.E.LTC128B R160, [R8.64+UR10+0x280]","4000"
"0x7fb6d3771e00","      ISETP.LT.AND P0, PT, R2, UR6, P6","4000"
"0x7fb6d3771e10","@P0   LDG.E.LTC128B R154, [R8.64+UR10+0x300]","4000"
"0x7fb6d3771e20","      ISETP.LT.AND P0, PT, R2, UR6, P5","4000"
"0x7fb6d3771e30","@P0   LDG.E.LTC128B R166, [R8.64+UR10+0x380]","4000"
"0x7fb6d3771e40","      BAR.SYNC.DEFER_BLOCKING 0x0","4000"
"0x7fb6d3771e50","      ISETP.GE.AND P1, PT, R2, UR6, PT","4000"
"0x7fb6d3771e60","      IADD.64 R6, R6, UR12","4000"
"0x7fb6d3771e70","      UIADD3.64 UR16, UPT, UPT, UR14, UR14, URZ","4000"
"0x7fb6d3771e80","      SEL R2, R139, RZ, !P1","4000"
"0x7fb6d3771e90","      ISETP.NE.U32.AND P0, PT, R2, RZ, PT","4000"
"0x7fb6d3771ea0","      SEL R2, R151, RZ, !P1","4000"
"0x7fb6d3771eb0","      STS [R133], R116","4000"
"0x7fb6d3771ec0","      STS [R133+0x4], R114","4000"
"0x7fb6d3771ed0","      STS [R133+0x8], R80","4000"
"0x7fb6d3771ee0","      STS [R133+0xc], R78","4000"
"0x7fb6d3771ef0","      STS [R133+0x80], R52","4000"
"0x7fb6d3771f00","      STS [R133+0x84], R50","4000"
"0x7fb6d3771f10","      STS [R133+0x88], R16","4000"
"0x7fb6d3771f20","      STS [R133+0x8c], R14","4000"
"0x7fb6d3771f30","      BAR.SYNC.DEFER_BLOCKING 0x0","4000"
"0x7fb6d3771f40","      LDS R3, [R153+UR4]","4000"
"0x7fb6d3771f50","      LDS R11, [R153+UR4+0x180]","4000"
"0x7fb6d3771f60","      FMUL R3, R3, R130","4000"
"0x7fb6d3771f70","      FMUL R11, R11, R130","4000"
"0x7fb6d3771f80","      FFMA R0, R136, R129, R3","4000"
"0x7fb6d3771f90","      LDS R3, [R153+UR4+0x80]","4000"
"0x7fb6d3771fa0","      FMNMX R0, R0, R143, !PT","4000"
"0x7fb6d3771fb0","@P0   STG.E [R6.64+UR12], R0","4000"
"0x7fb6d3771fc0","      ISETP.NE.U32.AND P0, PT, R2, RZ, PT","4000"
"0x7fb6d3771fd0","      SEL R0, R150, RZ, !P1","4000"
"0x7fb6d3771fe0","      FMUL R3, R3, R130","4000"
"0x7fb6d3771ff0","      FFMA R8, R138, R129, R3","4000"
"0x7fb6d3772000","      LDS R3, [R153+UR4+0x100]","4000"
"0x7fb6d3772010","      FMNMX R9, R8, R143, !PT","4000"
"0x7fb6d3772020","@P0   STG.E [R6.64+UR12+0x80], R9","4000"
"0x7fb6d3772030","      ISETP.NE.U32.AND P0, PT, R0, RZ, PT","4000"
"0x7fb6d3772040","      SEL R0, R148, RZ, !P1","4000"
"0x7fb6d3772050","      FMUL R3, R3, R130","4000"
"0x7fb6d3772060","      FFMA R2, R142, R129, R3","4000"
"0x7fb6d3772070","      FMNMX R3, R2, R143, !PT","4000"
"0x7fb6d3772080","      FFMA R2, R158, R129, R11","4000"
"0x7fb6d3772090","      LDS R11, [R153+UR4+0x200]","4000"
"0x7fb6d37720a0","      FMNMX R9, R2, R143, !PT","4000"
"0x7fb6d37720b0","@P0   STG.E [R6.64+UR12+0x100], R3","4000"
"0x7fb6d37720c0","      ISETP.NE.U32.AND P0, PT, R0, RZ, PT","4000"
"0x7fb6d37720d0","      SEL R0, R147, RZ, !P1","4000"
"0x7fb6d37720e0","@P0   STG.E [R6.64+UR12+0x180], R9","4000"
"0x7fb6d37720f0","      ISETP.NE.U32.AND P0, PT, R0, RZ, PT","4000"
"0x7fb6d3772100","      SEL R0, R149, RZ, !P1","4000"
"0x7fb6d3772110","      FMUL R11, R11, R130","4000"
"0x7fb6d3772120","      FFMA R2, R156, R129, R11","4000"
"0x7fb6d3772130","      LDS R11, [R153+UR4+0x280]","4000"
"0x7fb6d3772140","      FMNMX R3, R2, R143, !PT","4000"
"0x7fb6d3772150","@P0   STG.E [R6.64+UR12+0x200], R3","4000"
"0x7fb6d3772160","      ISETP.NE.U32.AND P0, PT, R0, RZ, PT","4000"
"0x7fb6d3772170","      SEL R0, R152, RZ, !P1","4000"
"0x7fb6d3772180","      FMUL R11, R11, R130","4000"
"0x7fb6d3772190","      FFMA R2, R160, R129, R11","4000"
"0x7fb6d37721a0","      LDS R11, [R153+UR4+0x300]","4000"
"0x7fb6d37721b0","      FMNMX R9, R2, R143, !PT","4000"
"0x7fb6d37721c0","@P0   STG.E [R6.64+UR12+0x280], R9","4000"
"0x7fb6d37721d0","      ISETP.NE.U32.AND P0, PT, R0, RZ, PT","4000"
"0x7fb6d37721e0","      FMUL R11, R11, R130","4000"
"0x7fb6d37721f0","      FFMA R2, R154, R129, R11","4000"
"0x7fb6d3772200","      LDS R11, [R153+UR4+0x380]","4000"
"0x7fb6d3772210","      FMNMX R3, R2, R143, !PT","4000"
"0x7fb6d3772220","      SEL R2, R146, RZ, !P1","4000"
"0x7fb6d3772230","@P0   STG.E [R6.64+UR12+0x300], R3","4000"
"0x7fb6d3772240","      ISETP.NE.U32.AND P0, PT, R2, RZ, PT","4000"
"0x7fb6d3772250","      IADD3 R2, PT, PT, R134, 0x20, RZ","4000"
"0x7fb6d3772260","      FMUL R11, R11, R130","4000"
"0x7fb6d3772270","      FFMA R0, R166, R129, R11","4000"
"0x7fb6d3772280","      FMNMX R0, R0, R143, !PT","4000"
"0x7fb6d3772290","@P0   STG.E [R6.64+UR12+0x380], R0","4000"
"0x7fb6d37722a0","      ISETP.LT.AND P0, PT, R2, UR6, P3","4000"
"0x7fb6d37722b0","@P0   LDG.E.LTC128B R136, [R164.64+UR16]","4000"
"0x7fb6d37722c0","      ISETP.LT.AND P0, PT, R2, UR6, P2","4000"
"0x7fb6d37722d0","@P0   LDG.E.LTC128B R138, [R164.64+UR16+0x80]","4000"
"0x7fb6d37722e0","      ISETP.LT.AND P0, PT, R2, UR6, P4","4000"
"0x7fb6d37722f0","      ISETP.NE.AND P1, PT, R137, RZ, PT","4000"
"0x7fb6d3772300","@P0   LDG.E.LTC128B R142, [R164.64+UR16+0x100]","4000"
"0x7fb6d3772310","      ISETP.LT.AND P0, PT, R2, UR6, P1","4000"
"0x7fb6d3772320","@P0   LDG.E.LTC128B R158, [R164.64+UR16+0x180]","4000"
"0x7fb6d3772330","      ISETP.NE.AND P0, PT, R135, RZ, PT","4000"
"0x7fb6d3772340","      ISETP.NE.AND P1, PT, R155, RZ, PT","4000"
"0x7fb6d3772350","      ISETP.LT.AND P0, PT, R2, UR6, P0","4000"
"0x7fb6d3772360","@P0   LDG.E.LTC128B R156, [R164.64+UR16+0x200]","4000"
"0x7fb6d3772370","      ISETP.LT.AND P0, PT, R2, UR6, P1","4000"
"0x7fb6d3772380","@P0   LDG.E.LTC128B R160, [R164.64+UR16+0x280]","4000"
"0x7fb6d3772390","      ISETP.LT.AND P0, PT, R2, UR6, P6","4000"
"0x7fb6d37723a0","@P0   LDG.E.LTC128B R154, [R164.64+UR16+0x300]","4000"
"0x7fb6d37723b0","      ISETP.LT.AND P0, PT, R2, UR6, P5","4000"
"0x7fb6d37723c0","@P0   LDG.E.LTC128B R166, [R164.64+UR16+0x380]","4000"
"0x7fb6d37723d0","      IADD.64 R4, R4, UR12","4000"
"0x7fb6d37723e0","      BAR.SYNC.DEFER_BLOCKING 0x0","4000"
"0x7fb6d37723f0","      ISETP.GE.AND P1, PT, R2, UR6, PT","4000"
"0x7fb6d3772400","      IADD.64 R4, R4, UR12","4000"
"0x7fb6d3772410","      IADD.64 R4, R4, UR12","4000"
"0x7fb6d3772420","      SEL R2, R139, RZ, !P1","4000"
"0x7fb6d3772430","      IADD.64 R4, R4, UR12","4000"
"0x7fb6d3772440","      ISETP.NE.U32.AND P0, PT, R2, RZ, PT","4000"
"0x7fb6d3772450","      IADD.64 R4, R4, UR8","4000"
"0x7fb6d3772460","      SEL R2, R151, RZ, !P1","4000"
"0x7fb6d3772470","      IADD.64 R6, R4, R162","4000"
"0x7fb6d3772480","      STS [R133], R111","4000"
"0x7fb6d3772490","      STS [R133+0x4], R109","4000"
"0x7fb6d37724a0","      STS [R133+0x8], R83","4000"
"0x7fb6d37724b0","      STS [R133+0xc], R81","4000"
"0x7fb6d37724c0","      STS [R133+0x80], R47","4000"
"0x7fb6d37724d0","      STS [R133+0x84], R45","4000"
"0x7fb6d37724e0","      STS [R133+0x88], R19","4000"
"0x7fb6d37724f0","      STS [R133+0x8c], R17","4000"
"0x7fb6d3772500","      BAR.SYNC.DEFER_BLOCKING 0x0","4000"
"0x7fb6d3772510","      LDS R3, [R153+UR4]","4000"
"0x7fb6d3772520","      LDS R11, [R153+UR4+0x180]","4000"
"0x7fb6d3772530","      FMUL R3, R3, R130","4000"
"0x7fb6d3772540","      FMUL R11, R11, R130","4000"
"0x7fb6d3772550","      FFMA R0, R136, R129, R3","4000"
"0x7fb6d3772560","      LDS R3, [R153+UR4+0x80]","4000"
"0x7fb6d3772570","      FMNMX R0, R0, R143, !PT","4000"
"0x7fb6d3772580","@P0   STG.E [R6], R0","4000"
"0x7fb6d3772590","      ISETP.NE.U32.AND P0, PT, R2, RZ, PT","4000"
"0x7fb6d37725a0","      SEL R0, R150, RZ, !P1","4000"
"0x7fb6d37725b0","      FMUL R3, R3, R130","4000"
"0x7fb6d37725c0","      FFMA R8, R138, R129, R3","4000"
"0x7fb6d37725d0","      LDS R3, [R153+UR4+0x100]","4000"
"0x7fb6d37725e0","      FMNMX R9, R8, R143, !PT","4000"
"0x7fb6d37725f0","@P0   STG.E [R6+0x80], R9","4000"
"0x7fb6d3772600","      ISETP.NE.U32.AND P0, PT, R0, RZ, PT","4000"
"0x7fb6d3772610","      SEL R0, R148, RZ, !P1","4000"
"0x7fb6d3772620","      FMUL R3, R3, R130","4000"
"0x7fb6d3772630","      FFMA R2, R142, R129, R3","4000"
"0x7fb6d3772640","      FMNMX R3, R2, R143, !PT","4000"
"0x7fb6d3772650","      FFMA R2, R158, R129, R11","4000"
"0x7fb6d3772660","      LDS R11, [R153+UR4+0x200]","4000"
"0x7fb6d3772670","      FMNMX R9, R2, R143, !PT","4000"
"0x7fb6d3772680","@P0   STG.E [R6+0x100], R3","4000"
"0x7fb6d3772690","      ISETP.NE.U32.AND P0, PT, R0, RZ, PT","4000"
"0x7fb6d37726a0","      SEL R0, R147, RZ, !P1","4000"
"0x7fb6d37726b0","@P0   STG.E [R6+0x180], R9","4000"
"0x7fb6d37726c0","      ISETP.NE.U32.AND P0, PT, R0, RZ, PT","4000"
"0x7fb6d37726d0","      SEL R0, R149, RZ, !P1","4000"
"0x7fb6d37726e0","      FMUL R11, R11, R130","4000"
"0x7fb6d37726f0","      FFMA R2, R156, R129, R11","4000"
"0x7fb6d3772700","      LDS R11, [R153+UR4+0x280]","4000"
"0x7fb6d3772710","      FMNMX R3, R2, R143, !PT","4000"
"0x7fb6d3772720","@P0   STG.E [R6+0x200], R3","4000"
"0x7fb6d3772730","      ISETP.NE.U32.AND P0, PT, R0, RZ, PT","4000"
"0x7fb6d3772740","      SEL R0, R152, RZ, !P1","4000"
"0x7fb6d3772750","      FMUL R11, R11, R130","4000"
"0x7fb6d3772760","      FFMA R2, R160, R129, R11","4000"
"0x7fb6d3772770","      LDS R11, [R153+UR4+0x300]","4000"
"0x7fb6d3772780","      FMNMX R9, R2, R143, !PT","4000"
"0x7fb6d3772790","@P0   STG.E [R6+0x280], R9","4000"
"0x7fb6d37727a0","      ISETP.NE.U32.AND P0, PT, R0, RZ, PT","4000"
"0x7fb6d37727b0","      IADD.64 R8, R164, UR16","4000"
"0x7fb6d37727c0","      FMUL R11, R11, R130","4000"
"0x7fb6d37727d0","      FFMA R2, R154, R129, R11","4000"
"0x7fb6d37727e0","      LDS R11, [R153+UR4+0x380]","4000"
"0x7fb6d37727f0","      FMNMX R3, R2, R143, !PT","4000"
"0x7fb6d3772800","      SEL R2, R146, RZ, !P1","4000"
"0x7fb6d3772810","@P0   STG.E [R6+0x300], R3","4000"
"0x7fb6d3772820","      ISETP.NE.U32.AND P0, PT, R2, RZ, PT","4000"
"0x7fb6d3772830","      IADD3 R2, PT, PT, R134, 0x21, RZ","4000"
"0x7fb6d3772840","      FMUL R11, R11, R130","4000"
"0x7fb6d3772850","      FFMA R0, R166, R129, R11","4000"
"0x7fb6d3772860","      FMNMX R0, R0, R143, !PT","4000"
"0x7fb6d3772870","@P0   STG.E [R6+0x380], R0","4000"
"0x7fb6d3772880","      ISETP.LT.AND P0, PT, R2, UR6, P3","4000"
"0x7fb6d3772890","@P0   LDG.E.LTC128B R136, [R8.64+UR10]","4000"
"0x7fb6d37728a0","      ISETP.LT.AND P0, PT, R2, UR6, P2","4000"
"0x7fb6d37728b0","      ISETP.NE.AND P1, PT, R137, RZ, PT","4000"
"0x7fb6d37728c0","@P0   LDG.E.LTC128B R138, [R8.64+UR10+0x80]","4000"
"0x7fb6d37728d0","      ISETP.LT.AND P0, PT, R2, UR6, P4","4000"
"0x7fb6d37728e0","@P0   LDG.E.LTC128B R142, [R8.64+UR10+0x100]","4000"
"0x7fb6d37728f0","      ISETP.LT.AND P0, PT, R2, UR6, P1","4000"
"0x7fb6d3772900","      ISETP.NE.AND P1, PT, R155, RZ, PT","4000"
"0x7fb6d3772910","@P0   LDG.E.LTC128B R158, [R8.64+UR10+0x180]","4000"
"0x7fb6d3772920","      ISETP.NE.AND P0, PT, R135, RZ, PT","4000"
"0x7fb6d3772930","      ISETP.LT.AND P0, PT, R2, UR6, P0","4000"
"0x7fb6d3772940","@P0   LDG.E.LTC128B R156, [R8.64+UR10+0x200]","4000"
"0x7fb6d3772950","      ISETP.LT.AND P0, PT, R2, UR6, P1","4000"
"0x7fb6d3772960","@P0   LDG.E.LTC128B R160, [R8.64+UR10+0x280]","4000"
"0x7fb6d3772970","      ISETP.LT.AND P0, PT, R2, UR6, P6","4000"
"0x7fb6d3772980","@P0   LDG.E.LTC128B R154, [R8.64+UR10+0x300]","4000"
"0x7fb6d3772990","      ISETP.LT.AND P0, PT, R2, UR6, P5","4000"
"0x7fb6d37729a0","@P0   LDG.E.LTC128B R166, [R8.64+UR10+0x380]","4000"
"0x7fb6d37729b0","      BAR.SYNC.DEFER_BLOCKING 0x0","4000"
"0x7fb6d37729c0","      ISETP.GE.AND P1, PT, R2, UR6, PT","4000"
"0x7fb6d37729d0","      SEL R2, R139, RZ, !P1","4000"
"0x7fb6d37729e0","      ISETP.NE.U32.AND P0, PT, R2, RZ, PT","4000"
"0x7fb6d37729f0","      IADD.64 R8, R8, UR10","4000"
"0x7fb6d3772a00","      STS [R133], R112","4000"
"0x7fb6d3772a10","      STS [R133+0x4], R110","4000"
"0x7fb6d3772a20","      STS [R133+0x8], R84","4000"
"0x7fb6d3772a30","      STS [R133+0xc], R82","4000"
"0x7fb6d3772a40","      STS [R133+0x80], R48","4000"
"0x7fb6d3772a50","      STS [R133+0x84], R46","4000"
"0x7fb6d3772a60","      STS [R133+0x88], R20","4000"
"0x7fb6d3772a70","      STS [R133+0x8c], R18","4000"
"0x7fb6d3772a80","      BAR.SYNC.DEFER_BLOCKING 0x0","4000"
"0x7fb6d3772a90","      LDS R3, [R153+UR4]","4000"
"0x7fb6d3772aa0","      LDS R11, [R153+UR4+0x80]","4000"
"0x7fb6d3772ab0","      FMUL R3, R3, R130","4000"
"0x7fb6d3772ac0","      FMUL R11, R11, R130","4000"
"0x7fb6d3772ad0","      FFMA R0, R136, R129, R3","4000"
"0x7fb6d3772ae0","      FMNMX R3, R0, R143, !PT","4000"
"0x7fb6d3772af0","      SEL R0, R151, RZ, !P1","4000"
"0x7fb6d3772b00","@P0   STG.E [R6.64+UR12], R3","4000"
"0x7fb6d3772b10","      ISETP.NE.U32.AND P0, PT, R0, RZ, PT","4000"
"0x7fb6d3772b20","      SEL R0, R150, RZ, !P1","4000"
"0x7fb6d3772b30","      FFMA R2, R138, R129, R11","4000"
"0x7fb6d3772b40","      LDS R3, [R153+UR4+0x180]","4000"
"0x7fb6d3772b50","      LDS R11, [R153+UR4+0x100]","4000"
"0x7fb6d3772b60","      FMNMX R13, R2, R143, !PT","4000"
"0x7fb6d3772b70","@P0   STG.E [R6.64+UR12+0x80], R13","4000"
"0x7fb6d3772b80","      ISETP.NE.U32.AND P0, PT, R0, RZ, PT","4000"
"0x7fb6d3772b90","      SEL R0, R148, RZ, !P1","4000"
"0x7fb6d3772ba0","      LDS R13, [R153+UR4+0x200]","4000"
"0x7fb6d3772bb0","      FMUL R3, R3, R130","4000"
"0x7fb6d3772bc0","      FMUL R11, R11, R130","4000"
"0x7fb6d3772bd0","      FFMA R2, R142, R129, R11","4000"
"0x7fb6d3772be0","      FMNMX R11, R2, R143, !PT","4000"
"0x7fb6d3772bf0","      FFMA R2, R158, R129, R3","4000"
"0x7fb6d3772c00","      FMUL R13, R13, R130","4000"
"0x7fb6d3772c10","@P0   STG.E [R6.64+UR12+0x100], R11","4000"
"0x7fb6d3772c20","      FMNMX R3, R2, R143, !PT","4000"
"0x7fb6d3772c30","      FFMA R2, R156, R129, R13","4000"
"0x7fb6d3772c40","      ISETP.NE.U32.AND P0, PT, R0, RZ, PT","4000"
"0x7fb6d3772c50","      LDS R13, [R153+UR4+0x280]","4000"
"0x7fb6d3772c60","      SEL R0, R147, RZ, !P1","4000"
"0x7fb6d3772c70","@P0   STG.E [R6.64+UR12+0x180], R3","4000"
"0x7fb6d3772c80","      ISETP.NE.U32.AND P0, PT, R0, RZ, PT","4000"
"0x7fb6d3772c90","      SEL R0, R149, RZ, !P1","4000"
"0x7fb6d3772ca0","      FMNMX R11, R2, R143, !PT","4000"
"0x7fb6d3772cb0","@P0   STG.E [R6.64+UR12+0x200], R11","4000"
"0x7fb6d3772cc0","      ISETP.NE.U32.AND P0, PT, R0, RZ, PT","4000"
"0x7fb6d3772cd0","      SEL R0, R152, RZ, !P1","4000"
"0x7fb6d3772ce0","      FMUL R13, R13, R130","4000"
"0x7fb6d3772cf0","      FFMA R2, R160, R129, R13","4000"
"0x7fb6d3772d00","      LDS R13, [R153+UR4+0x300]","4000"
"0x7fb6d3772d10","      FMNMX R3, R2, R143, !PT","4000"
"0x7fb6d3772d20","@P0   STG.E [R6.64+UR12+0x280], R3","4000"
"0x7fb6d3772d30","      ISETP.NE.U32.AND P0, PT, R0, RZ, PT","4000"
"0x7fb6d3772d40","      SEL R0, R146, RZ, !P1","4000"
"0x7fb6d3772d50","      FMUL R13, R13, R130","4000"
"0x7fb6d3772d60","      FFMA R2, R154, R129, R13","4000"
"0x7fb6d3772d70","      LDS R13, [R153+UR4+0x380]","4000"
"0x7fb6d3772d80","      FMNMX R11, R2, R143, !PT","4000"
"0x7fb6d3772d90","@P0   STG.E [R6.64+UR12+0x300], R11","4000"
"0x7fb6d3772da0","      ISETP.NE.U32.AND P0, PT, R0, RZ, PT","4000"
"0x7fb6d3772db0","      IADD3 R0, PT, PT, R134, 0x22, RZ","4000"
"0x7fb6d3772dc0","      FMUL R13, R13, R130","4000"
"0x7fb6d3772dd0","      FFMA R2, R166, R129, R13","4000"
"0x7fb6d3772de0","      FMNMX R3, R2, R143, !PT","4000"
"0x7fb6d3772df0","@P0   STG.E [R6.64+UR12+0x380], R3","4000"
"0x7fb6d3772e00","      ISETP.LT.AND P0, PT, R0, UR6, P3","4000"
"0x7fb6d3772e10","@P0   LDG.E.LTC128B R136, [R8.64+UR10]","4000"
"0x7fb6d3772e20","      ISETP.LT.AND P0, PT, R0, UR6, P2","4000"
"0x7fb6d3772e30","      ISETP.NE.AND P1, PT, R137, RZ, PT","4000"
"0x7fb6d3772e40","@P0   LDG.E.LTC128B R138, [R8.64+UR10+0x80]","4000"
"0x7fb6d3772e50","      ISETP.LT.AND P0, PT, R0, UR6, P4","4000"
"0x7fb6d3772e60","@P0   LDG.E.LTC128B R142, [R8.64+UR10+0x100]","4000"
"0x7fb6d3772e70","      ISETP.LT.AND P0, PT, R0, UR6, P1","4000"
"0x7fb6d3772e80","@P0   LDG.E.LTC128B R158, [R8.64+UR10+0x180]","4000"
"0x7fb6d3772e90","      ISETP.NE.AND P0, PT, R135, RZ, PT","4000"
"0x7fb6d3772ea0","      ISETP.NE.AND P1, PT, R155, RZ, PT","4000"
"0x7fb6d3772eb0","      ISETP.LT.AND P0, PT, R0, UR6, P0","4000"
"0x7fb6d3772ec0","@P0   LDG.E.LTC128B R156, [R8.64+UR10+0x200]","4000"
"0x7fb6d3772ed0","      ISETP.LT.AND P0, PT, R0, UR6, P1","4000"
"0x7fb6d3772ee0","@P0   LDG.E.LTC128B R160, [R8.64+UR10+0x280]","4000"
"0x7fb6d3772ef0","      ISETP.LT.AND P0, PT, R0, UR6, P6","4000"
"0x7fb6d3772f00","@P0   LDG.E.LTC128B R154, [R8.64+UR10+0x300]","4000"
"0x7fb6d3772f10","      ISETP.LT.AND P0, PT, R0, UR6, P5","4000"
"0x7fb6d3772f20","@P0   LDG.E.LTC128B R166, [R8.64+UR10+0x380]","4000"
"0x7fb6d3772f30","      BAR.SYNC.DEFER_BLOCKING 0x0","4000"
"0x7fb6d3772f40","      ISETP.GE.AND P1, PT, R0, UR6, PT","4000"
"0x7fb6d3772f50","      IADD.64 R6, R6, UR12","4000"
"0x7fb6d3772f60","      SEL R0, R139, RZ, !P1","4000"
"0x7fb6d3772f70","      ISETP.NE.U32.AND P0, PT, R0, RZ, PT","4000"
"0x7fb6d3772f80","      SEL R0, R151, RZ, !P1","4000"
"0x7fb6d3772f90","      IADD.64 R8, R8, UR10","4000"
"0x7fb6d3772fa0","      STS [R133], R107","4000"
"0x7fb6d3772fb0","      STS [R133+0x4], R105","4000"
"0x7fb6d3772fc0","      STS [R133+0x8], R87","4000"
"0x7fb6d3772fd0","      STS [R133+0xc], R85","4000"
"0x7fb6d3772fe0","      STS [R133+0x80], R43","4000"
"0x7fb6d3772ff0","      STS [R133+0x84], R41","4000"
"0x7fb6d3773000","      STS [R133+0x88], R23","4000"
"0x7fb6d3773010","      STS [R133+0x8c], R21","4000"
"0x7fb6d3773020","      BAR.SYNC.DEFER_BLOCKING 0x0","4000"
"0x7fb6d3773030","      LDS R3, [R153+UR4]","4000"
"0x7fb6d3773040","      LDS R13, [R153+UR4+0x180]","4000"
"0x7fb6d3773050","      FMUL R3, R3, R130","4000"
"0x7fb6d3773060","      FMUL R13, R13, R130","4000"
"0x7fb6d3773070","      FFMA R2, R136, R129, R3","4000"
"0x7fb6d3773080","      LDS R3, [R153+UR4+0x80]","4000"
"0x7fb6d3773090","      FMNMX R2, R2, R143, !PT","4000"
"0x7fb6d37730a0","@P0   STG.E [R6.64+UR12], R2","4000"
"0x7fb6d37730b0","      ISETP.NE.U32.AND P0, PT, R0, RZ, PT","4000"
"0x7fb6d37730c0","      SEL R0, R150, RZ, !P1","4000"
"0x7fb6d37730d0","      FFMA R2, R158, R129, R13","4000"
"0x7fb6d37730e0","      FMUL R3, R3, R130","4000"
"0x7fb6d37730f0","      LDS R13, [R153+UR4+0x200]","4000"
"0x7fb6d3773100","      FFMA R10, R138, R129, R3","4000"
"0x7fb6d3773110","      LDS R3, [R153+UR4+0x100]","4000"
"0x7fb6d3773120","      FMNMX R11, R10, R143, !PT","4000"
"0x7fb6d3773130","@P0   STG.E [R6.64+UR12+0x80], R11","4000"
"0x7fb6d3773140","      ISETP.NE.U32.AND P0, PT, R0, RZ, PT","4000"
"0x7fb6d3773150","      SEL R0, R148, RZ, !P1","4000"
"0x7fb6d3773160","      FMUL R13, R13, R130","4000"
"0x7fb6d3773170","      FMNMX R11, R2, R143, !PT","4000"
"0x7fb6d3773180","      FFMA R2, R156, R129, R13","4000"
"0x7fb6d3773190","      FMUL R3, R3, R130","4000"
"0x7fb6d37731a0","      LDS R13, [R153+UR4+0x280]","4000"
"0x7fb6d37731b0","      FFMA R10, R142, R129, R3","4000"
"0x7fb6d37731c0","      FMNMX R3, R10, R143, !PT","4000"
"0x7fb6d37731d0","@P0   STG.E [R6.64+UR12+0x100], R3","4000"
"0x7fb6d37731e0","      ISETP.NE.U32.AND P0, PT, R0, RZ, PT","4000"
"0x7fb6d37731f0","      SEL R0, R147, RZ, !P1","4000"
"0x7fb6d3773200","@P0   STG.E [R6.64+UR12+0x180], R11","4000"
"0x7fb6d3773210","      ISETP.NE.U32.AND P0, PT, R0, RZ, PT","4000"
"0x7fb6d3773220","      SEL R0, R149, RZ, !P1","4000"
"0x7fb6d3773230","      FMUL R13, R13, R130","4000"
"0x7fb6d3773240","      FMNMX R3, R2, R143, !PT","4000"
"0x7fb6d3773250","      FFMA R2, R160, R129, R13","4000"
"0x7fb6d3773260","      LDS R13, [R153+UR4+0x300]","4000"
"0x7fb6d3773270","@P0   STG.E [R6.64+UR12+0x200], R3","4000"
"0x7fb6d3773280","      ISETP.NE.U32.AND P0, PT, R0, RZ, PT","4000"
"0x7fb6d3773290","      SEL R0, R152, RZ, !P1","4000"
"0x7fb6d37732a0","      FMNMX R11, R2, R143, !PT","4000"
"0x7fb6d37732b0","@P0   STG.E [R6.64+UR12+0x280], R11","4000"
"0x7fb6d37732c0","      ISETP.NE.U32.AND P0, PT, R0, RZ, PT","4000"
"0x7fb6d37732d0","      FMUL R13, R13, R130","4000"
"0x7fb6d37732e0","      FFMA R2, R154, R129, R13","4000"
"0x7fb6d37732f0","      LDS R13, [R153+UR4+0x380]","4000"
"0x7fb6d3773300","      FMNMX R3, R2, R143, !PT","4000"
"0x7fb6d3773310","      SEL R2, R146, RZ, !P1","4000"
"0x7fb6d3773320","@P0   STG.E [R6.64+UR12+0x300], R3","4000"
"0x7fb6d3773330","      ISETP.NE.U32.AND P0, PT, R2, RZ, PT","4000"
"0x7fb6d3773340","      IADD3 R2, PT, PT, R134, 0x23, RZ","4000"
"0x7fb6d3773350","      FMUL R13, R13, R130","4000"
"0x7fb6d3773360","      FFMA R0, R166, R129, R13","4000"
"0x7fb6d3773370","      FMNMX R0, R0, R143, !PT","4000"
"0x7fb6d3773380","@P0   STG.E [R6.64+UR12+0x380], R0","4000"
"0x7fb6d3773390","      ISETP.LT.AND P0, PT, R2, UR6, P3","4000"
"0x7fb6d37733a0","@P0   LDG.E.LTC128B R136, [R8.64+UR10]","4000"
"0x7fb6d37733b0","      ISETP.LT.AND P0, PT, R2, UR6, P2","4000"
"0x7fb6d37733c0","      ISETP.NE.AND P1, PT, R137, RZ, PT","4000"
"0x7fb6d37733d0","@P0   LDG.E.LTC128B R138, [R8.64+UR10+0x80]","4000"
"0x7fb6d37733e0","      ISETP.LT.AND P0, PT, R2, UR6, P4","4000"
"0x7fb6d37733f0","@P0   LDG.E.LTC128B R142, [R8.64+UR10+0x100]","4000"
"0x7fb6d3773400","      ISETP.LT.AND P0, PT, R2, UR6, P1","4000"
"0x7fb6d3773410","      ISETP.NE.AND P1, PT, R155, RZ, PT","4000"
"0x7fb6d3773420","@P0   LDG.E.LTC128B R158, [R8.64+UR10+0x180]","4000"
"0x7fb6d3773430","      ISETP.NE.AND P0, PT, R135, RZ, PT","4000"
"0x7fb6d3773440","      ISETP.LT.AND P0, PT, R2, UR6, P0","4000"
"0x7fb6d3773450","@P0   LDG.E.LTC128B R156, [R8.64+UR10+0x200]","4000"
"0x7fb6d3773460","      ISETP.LT.AND P0, PT, R2, UR6, P1","4000"
"0x7fb6d3773470","@P0   LDG.E.LTC128B R160, [R8.64+UR10+0x280]","4000"
"0x7fb6d3773480","      ISETP.LT.AND P0, PT, R2, UR6, P6","4000"
"0x7fb6d3773490","@P0   LDG.E.LTC128B R154, [R8.64+UR10+0x300]","4000"
"0x7fb6d37734a0","      ISETP.LT.AND P0, PT, R2, UR6, P5","4000"
"0x7fb6d37734b0","@P0   LDG.E.LTC128B R166, [R8.64+UR10+0x380]","4000"
"0x7fb6d37734c0","      BAR.SYNC.DEFER_BLOCKING 0x0","4000"
"0x7fb6d37734d0","      ISETP.GE.AND P1, PT, R2, UR6, PT","4000"
"0x7fb6d37734e0","      IADD.64 R6, R6, UR12","4000"
"0x7fb6d37734f0","      UIMAD UR5, UR15, 0x3, URZ","4000"
"0x7fb6d3773500","      SEL R2, R139, RZ, !P1","4000"
"0x7fb6d3773510","      ISETP.NE.U32.AND P0, PT, R2, RZ, PT","4000"
"0x7fb6d3773520","      SEL R2, R151, RZ, !P1","4000"
"0x7fb6d3773530","      STS [R133], R108","4000"
"0x7fb6d3773540","      STS [R133+0x4], R106","4000"
"0x7fb6d3773550","      STS [R133+0x8], R88","4000"
"0x7fb6d3773560","      STS [R133+0xc], R86","4000"
"0x7fb6d3773570","      STS [R133+0x80], R44","4000"
"0x7fb6d3773580","      STS [R133+0x84], R42","4000"
"0x7fb6d3773590","      STS [R133+0x88], R24","4000"
"0x7fb6d37735a0","      STS [R133+0x8c], R22","4000"
"0x7fb6d37735b0","      BAR.SYNC.DEFER_BLOCKING 0x0","4000"
"0x7fb6d37735c0","      LDS R3, [R153+UR4]","4000"
"0x7fb6d37735d0","      LDS R11, [R153+UR4+0x180]","4000"
"0x7fb6d37735e0","      FMUL R3, R3, R130","4000"
"0x7fb6d37735f0","      FMUL R11, R11, R130","4000"
"0x7fb6d3773600","      FFMA R0, R136, R129, R3","4000"
"0x7fb6d3773610","      LDS R3, [R153+UR4+0x80]","4000"
"0x7fb6d3773620","      FMNMX R0, R0, R143, !PT","4000"
"0x7fb6d3773630","@P0   STG.E [R6.64+UR12], R0","4000"
"0x7fb6d3773640","      ISETP.NE.U32.AND P0, PT, R2, RZ, PT","4000"
"0x7fb6d3773650","      SEL R0, R150, RZ, !P1","4000"
"0x7fb6d3773660","      FMUL R3, R3, R130","4000"
"0x7fb6d3773670","      FFMA R8, R138, R129, R3","4000"
"0x7fb6d3773680","      LDS R3, [R153+UR4+0x100]","4000"
"0x7fb6d3773690","      FMNMX R9, R8, R143, !PT","4000"
"0x7fb6d37736a0","@P0   STG.E [R6.64+UR12+0x80], R9","4000"
"0x7fb6d37736b0","      ISETP.NE.U32.AND P0, PT, R0, RZ, PT","4000"
"0x7fb6d37736c0","      SEL R0, R148, RZ, !P1","4000"
"0x7fb6d37736d0","      FMUL R3, R3, R130","4000"
"0x7fb6d37736e0","      FFMA R2, R142, R129, R3","4000"
"0x7fb6d37736f0","      FMNMX R3, R2, R143, !PT","4000"
"0x7fb6d3773700","      FFMA R2, R158, R129, R11","4000"
"0x7fb6d3773710","      LDS R11, [R153+UR4+0x200]","4000"
"0x7fb6d3773720","      FMNMX R9, R2, R143, !PT","4000"
"0x7fb6d3773730","@P0   STG.E [R6.64+UR12+0x100], R3","4000"
"0x7fb6d3773740","      ISETP.NE.U32.AND P0, PT, R0, RZ, PT","4000"
"0x7fb6d3773750","      SEL R0, R147, RZ, !P1","4000"
"0x7fb6d3773760","@P0   STG.E [R6.64+UR12+0x180], R9","4000"
"0x7fb6d3773770","      ISETP.NE.U32.AND P0, PT, R0, RZ, PT","4000"
"0x7fb6d3773780","      SEL R0, R149, RZ, !P1","4000"
"0x7fb6d3773790","      FMUL R11, R11, R130","4000"
"0x7fb6d37737a0","      FFMA R2, R156, R129, R11","4000"
"0x7fb6d37737b0","      LDS R11, [R153+UR4+0x280]","4000"
"0x7fb6d37737c0","      FMNMX R3, R2, R143, !PT","4000"
"0x7fb6d37737d0","@P0   STG.E [R6.64+UR12+0x200], R3","4000"
"0x7fb6d37737e0","      ISETP.NE.U32.AND P0, PT, R0, RZ, PT","4000"
"0x7fb6d37737f0","      SEL R0, R152, RZ, !P1","4000"
"0x7fb6d3773800","      FMUL R11, R11, R130","4000"
"0x7fb6d3773810","      FFMA R2, R160, R129, R11","4000"
"0x7fb6d3773820","      LDS R11, [R153+UR4+0x300]","4000"
"0x7fb6d3773830","      FMNMX R9, R2, R143, !PT","4000"
"0x7fb6d3773840","@P0   STG.E [R6.64+UR12+0x280], R9","4000"
"0x7fb6d3773850","      ISETP.NE.U32.AND P0, PT, R0, RZ, PT","4000"
"0x7fb6d3773860","      MOV R9, UR14","4000"
"0x7fb6d3773870","      FMUL R11, R11, R130","4000"
"0x7fb6d3773880","      IMAD.WIDE.U32 R8, R9, 0x3, R164","4000"
"0x7fb6d3773890","      FFMA R2, R154, R129, R11","4000"
"0x7fb6d37738a0","      LDS R11, [R153+UR4+0x380]","4000"
"0x7fb6d37738b0","      IADD3 R9, PT, PT, R9, UR5, RZ","4000"
"0x7fb6d37738c0","      FMNMX R3, R2, R143, !PT","4000"
"0x7fb6d37738d0","      SEL R2, R146, RZ, !P1","4000"
"0x7fb6d37738e0","@P0   STG.E [R6.64+UR12+0x300], R3","4000"
"0x7fb6d37738f0","      ISETP.NE.U32.AND P0, PT, R2, RZ, PT","4000"
"0x7fb6d3773900","      IADD3 R2, PT, PT, R134, 0x30, RZ","4000"
"0x7fb6d3773910","      FMUL R11, R11, R130","4000"
"0x7fb6d3773920","      FFMA R0, R166, R129, R11","4000"
"0x7fb6d3773930","      FMNMX R0, R0, R143, !PT","4000"
"0x7fb6d3773940","@P0   STG.E [R6.64+UR12+0x380], R0","4000"
"0x7fb6d3773950","      ISETP.LT.AND P0, PT, R2, UR6, P3","4000"
"0x7fb6d3773960","@P0   LDG.E.LTC128B R136, [R8]","4000"
"0x7fb6d3773970","      ISETP.LT.AND P0, PT, R2, UR6, P2","4000"
"0x7fb6d3773980","@P0   LDG.E.LTC128B R138, [R8+0x80]","4000"
"0x7fb6d3773990","      ISETP.LT.AND P0, PT, R2, UR6, P4","4000"
"0x7fb6d37739a0","      ISETP.NE.AND P1, PT, R137, RZ, PT","4000"
"0x7fb6d37739b0","@P0   LDG.E.LTC128B R142, [R8+0x100]","4000"
"0x7fb6d37739c0","      ISETP.LT.AND P0, PT, R2, UR6, P1","4000"
"0x7fb6d37739d0","@P0   LDG.E.LTC128B R158, [R8+0x180]","4000"
"0x7fb6d37739e0","      ISETP.NE.AND P0, PT, R135, RZ, PT","4000"
"0x7fb6d37739f0","      ISETP.NE.AND P1, PT, R155, RZ, PT","4000"
"0x7fb6d3773a00","      ISETP.LT.AND P0, PT, R2, UR6, P0","4000"
"0x7fb6d3773a10","@P0   LDG.E.LTC128B R156, [R8+0x200]","4000"
"0x7fb6d3773a20","      ISETP.LT.AND P0, PT, R2, UR6, P1","4000"
"0x7fb6d3773a30","@P0   LDG.E.LTC128B R160, [R8+0x280]","4000"
"0x7fb6d3773a40","      ISETP.LT.AND P0, PT, R2, UR6, P6","4000"
"0x7fb6d3773a50","@P0   LDG.E.LTC128B R154, [R8+0x300]","4000"
"0x7fb6d3773a60","      ISETP.LT.AND P0, PT, R2, UR6, P5","4000"
"0x7fb6d3773a70","@P0   LDG.E.LTC128B R166, [R8+0x380]","4000"
"0x7fb6d3773a80","      IADD.64 R4, R4, UR12","4000"
"0x7fb6d3773a90","      BAR.SYNC.DEFER_BLOCKING 0x0","4000"
"0x7fb6d3773aa0","      IADD.64 R4, R4, UR12","4000"
"0x7fb6d3773ab0","      ISETP.GE.AND P1, PT, R2, UR6, PT","4000"
"0x7fb6d3773ac0","      IADD.64 R4, R4, UR12","4000"
"0x7fb6d3773ad0","      SEL R2, R139, RZ, !P1","4000"
"0x7fb6d3773ae0","      IADD.64 R4, R4, UR12","4000"
"0x7fb6d3773af0","      IADD.64 R4, R4, UR8","4000"
"0x7fb6d3773b00","      ISETP.NE.U32.AND P0, PT, R2, RZ, PT","4000"
"0x7fb6d3773b10","      SEL R2, R151, RZ, !P1","4000"
"0x7fb6d3773b20","      IADD.64 R162, R4, R162","4000"
"0x7fb6d3773b30","      STS [R133], R103","4000"
"0x7fb6d3773b40","      STS [R133+0x4], R101","4000"
"0x7fb6d3773b50","      STS [R133+0x8], R91","4000"
"0x7fb6d3773b60","      STS [R133+0xc], R89","4000"
"0x7fb6d3773b70","      STS [R133+0x80], R39","4000"
"0x7fb6d3773b80","      STS [R133+0x84], R37","4000"
"0x7fb6d3773b90","      STS [R133+0x88], R27","4000"
"0x7fb6d3773ba0","      STS [R133+0x8c], R25","4000"
"0x7fb6d3773bb0","      BAR.SYNC.DEFER_BLOCKING 0x0","4000"
"0x7fb6d3773bc0","      LDS R3, [R153+UR4]","4000"
"0x7fb6d3773bd0","      LDS R7, [R153+UR4+0x180]","4000"
"0x7fb6d3773be0","      FMUL R3, R3, R130","4000"
"0x7fb6d3773bf0","      FMUL R7, R7, R130","4000"
"0x7fb6d3773c00","      FFMA R0, R136, R129, R3","4000"
"0x7fb6d3773c10","      LDS R3, [R153+UR4+0x80]","4000"
"0x7fb6d3773c20","      FMNMX R0, R0, R143, !PT","4000"
"0x7fb6d3773c30","@P0   STG.E [R162], R0","4000"
"0x7fb6d3773c40","      ISETP.NE.U32.AND P0, PT, R2, RZ, PT","4000"
"0x7fb6d3773c50","      SEL R0, R150, RZ, !P1","4000"
"0x7fb6d3773c60","      FMUL R3, R3, R130","4000"
"0x7fb6d3773c70","      FFMA R4, R138, R129, R3","4000"
"0x7fb6d3773c80","      LDS R3, [R153+UR4+0x100]","4000"
"0x7fb6d3773c90","      FMNMX R5, R4, R143, !PT","4000"
"0x7fb6d3773ca0","@P0   STG.E [R162+0x80], R5","4000"
"0x7fb6d3773cb0","      ISETP.NE.U32.AND P0, PT, R0, RZ, PT","4000"
"0x7fb6d3773cc0","      SEL R0, R148, RZ, !P1","4000"
"0x7fb6d3773cd0","      FMUL R3, R3, R130","4000"
"0x7fb6d3773ce0","      FFMA R2, R142, R129, R3","4000"
"0x7fb6d3773cf0","      FMNMX R3, R2, R143, !PT","4000"
"0x7fb6d3773d00","      FFMA R2, R158, R129, R7","4000"
"0x7fb6d3773d10","      LDS R7, [R153+UR4+0x200]","4000"
"0x7fb6d3773d20","      FMNMX R5, R2, R143, !PT","4000"
"0x7fb6d3773d30","@P0   STG.E [R162+0x100], R3","4000"
"0x7fb6d3773d40","      ISETP.NE.U32.AND P0, PT, R0, RZ, PT","4000"
"0x7fb6d3773d50","      SEL R0, R147, RZ, !P1","4000"
"0x7fb6d3773d60","@P0   STG.E [R162+0x180], R5","4000"
"0x7fb6d3773d70","      ISETP.NE.U32.AND P0, PT, R0, RZ, PT","4000"
"0x7fb6d3773d80","      SEL R0, R149, RZ, !P1","4000"
"0x7fb6d3773d90","      FMUL R7, R7, R130","4000"
"0x7fb6d3773da0","      FFMA R2, R156, R129, R7","4000"
"0x7fb6d3773db0","      LDS R7, [R153+UR4+0x280]","4000"
"0x7fb6d3773dc0","      FMNMX R3, R2, R143, !PT","4000"
"0x7fb6d3773dd0","@P0   STG.E [R162+0x200], R3","4000"
"0x7fb6d3773de0","      ISETP.NE.U32.AND P0, PT, R0, RZ, PT","4000"
"0x7fb6d3773df0","      SEL R0, R152, RZ, !P1","4000"
"0x7fb6d3773e00","      FMUL R7, R7, R130","4000"
"0x7fb6d3773e10","      FFMA R2, R160, R129, R7","4000"
"0x7fb6d3773e20","      LDS R7, [R153+UR4+0x300]","4000"
"0x7fb6d3773e30","      FMNMX R5, R2, R143, !PT","4000"
"0x7fb6d3773e40","@P0   STG.E [R162+0x280], R5","4000"
"0x7fb6d3773e50","      ISETP.NE.U32.AND P0, PT, R0, RZ, PT","4000"
"0x7fb6d3773e60","      FMUL R7, R7, R130","4000"
"0x7fb6d3773e70","      FFMA R2, R154, R129, R7","4000"
"0x7fb6d3773e80","      LDS R7, [R153+UR4+0x380]","4000"
"0x7fb6d3773e90","      FMNMX R3, R2, R143, !PT","4000"
"0x7fb6d3773ea0","      SEL R2, R146, RZ, !P1","4000"
"0x7fb6d3773eb0","@P0   STG.E [R162+0x300], R3","4000"
"0x7fb6d3773ec0","      ISETP.NE.U32.AND P0, PT, R2, RZ, PT","4000"
"0x7fb6d3773ed0","      IADD3 R2, PT, PT, R134, 0x31, RZ","4000"
"0x7fb6d3773ee0","      FMUL R7, R7, R130","4000"
"0x7fb6d3773ef0","      FFMA R0, R166, R129, R7","4000"
"0x7fb6d3773f00","      FMNMX R0, R0, R143, !PT","4000"
"0x7fb6d3773f10","@P0   STG.E [R162+0x380], R0","4000"
"0x7fb6d3773f20","      ISETP.LT.AND P0, PT, R2, UR6, P3","4000"
"0x7fb6d3773f30","@P0   LDG.E.LTC128B R136, [R8.64+UR10]","4000"
"0x7fb6d3773f40","      ISETP.LT.AND P0, PT, R2, UR6, P2","4000"
"0x7fb6d3773f50","      ISETP.NE.AND P1, PT, R137, RZ, PT","4000"
"0x7fb6d3773f60","@P0   LDG.E.LTC128B R138, [R8.64+UR10+0x80]","4000"
"0x7fb6d3773f70","      ISETP.LT.AND P0, PT, R2, UR6, P4","4000"
"0x7fb6d3773f80","@P0   LDG.E.LTC128B R142, [R8.64+UR10+0x100]","4000"
"0x7fb6d3773f90","      ISETP.LT.AND P0, PT, R2, UR6, P1","4000"
"0x7fb6d3773fa0","      ISETP.NE.AND P1, PT, R155, RZ, PT","4000"
"0x7fb6d3773fb0","@P0   LDG.E.LTC128B R158, [R8.64+UR10+0x180]","4000"
"0x7fb6d3773fc0","      ISETP.NE.AND P0, PT, R135, RZ, PT","4000"
"0x7fb6d3773fd0","      ISETP.LT.AND P0, PT, R2, UR6, P0","4000"
"0x7fb6d3773fe0","@P0   LDG.E.LTC128B R156, [R8.64+UR10+0x200]","4000"
"0x7fb6d3773ff0","      ISETP.LT.AND P0, PT, R2, UR6, P1","4000"
"0x7fb6d3774000","@P0   LDG.E.LTC128B R160, [R8.64+UR10+0x280]","4000"
"0x7fb6d3774010","      ISETP.LT.AND P0, PT, R2, UR6, P6","4000"
"0x7fb6d3774020","@P0   LDG.E.LTC128B R154, [R8.64+UR10+0x300]","4000"
"0x7fb6d3774030","      ISETP.LT.AND P0, PT, R2, UR6, P5","4000"
"0x7fb6d3774040","@P0   LDG.E.LTC128B R166, [R8.64+UR10+0x380]","4000"
"0x7fb6d3774050","      BAR.SYNC.DEFER_BLOCKING 0x0","4000"
"0x7fb6d3774060","      ISETP.GE.AND P1, PT, R2, UR6, PT","4000"
"0x7fb6d3774070","      SEL R2, R139, RZ, !P1","4000"
"0x7fb6d3774080","      ISETP.NE.U32.AND P0, PT, R2, RZ, PT","4000"
"0x7fb6d3774090","      IADD.64 R8, R8, UR10","4000"
"0x7fb6d37740a0","      STS [R133], R104","4000"
"0x7fb6d37740b0","      STS [R133+0x4], R102","4000"
"0x7fb6d37740c0","      STS [R133+0x8], R92","4000"
"0x7fb6d37740d0","      STS [R133+0xc], R90","4000"
"0x7fb6d37740e0","      STS [R133+0x80], R40","4000"
"0x7fb6d37740f0","      STS [R133+0x84], R38","4000"
"0x7fb6d3774100","      STS [R133+0x88], R28","4000"
"0x7fb6d3774110","      STS [R133+0x8c], R26","4000"
"0x7fb6d3774120","      BAR.SYNC.DEFER_BLOCKING 0x0","4000"
"0x7fb6d3774130","      LDS R3, [R153+UR4]","4000"
"0x7fb6d3774140","      LDS R5, [R153+UR4+0x80]","4000"
"0x7fb6d3774150","      FMUL R3, R3, R130","4000"
"0x7fb6d3774160","      FMUL R5, R5, R130","4000"
"0x7fb6d3774170","      FFMA R0, R136, R129, R3","4000"
"0x7fb6d3774180","      FMNMX R3, R0, R143, !PT","4000"
"0x7fb6d3774190","      SEL R0, R151, RZ, !P1","4000"
"0x7fb6d37741a0","@P0   STG.E [R162.64+UR12], R3","4000"
"0x7fb6d37741b0","      ISETP.NE.U32.AND P0, PT, R0, RZ, PT","4000"
"0x7fb6d37741c0","      SEL R0, R150, RZ, !P1","4000"
"0x7fb6d37741d0","      FFMA R2, R138, R129, R5","4000"
"0x7fb6d37741e0","      LDS R3, [R153+UR4+0x180]","4000"
"0x7fb6d37741f0","      LDS R5, [R153+UR4+0x100]","4000"
"0x7fb6d3774200","      FMNMX R7, R2, R143, !PT","4000"
"0x7fb6d3774210","@P0   STG.E [R162.64+UR12+0x80], R7","4000"
"0x7fb6d3774220","      ISETP.NE.U32.AND P0, PT, R0, RZ, PT","4000"
"0x7fb6d3774230","      SEL R0, R148, RZ, !P1","4000"
"0x7fb6d3774240","      LDS R7, [R153+UR4+0x200]","4000"
"0x7fb6d3774250","      FMUL R3, R3, R130","4000"
"0x7fb6d3774260","      FMUL R5, R5, R130","4000"
"0x7fb6d3774270","      FFMA R2, R142, R129, R5","4000"
"0x7fb6d3774280","      FMNMX R5, R2, R143, !PT","4000"
"0x7fb6d3774290","      FFMA R2, R158, R129, R3","4000"
"0x7fb6d37742a0","      FMUL R7, R7, R130","4000"
"0x7fb6d37742b0","@P0   STG.E [R162.64+UR12+0x100], R5","4000"
"0x7fb6d37742c0","      FMNMX R3, R2, R143, !PT","4000"
"0x7fb6d37742d0","      FFMA R2, R156, R129, R7","4000"
"0x7fb6d37742e0","      ISETP.NE.U32.AND P0, PT, R0, RZ, PT","4000"
"0x7fb6d37742f0","      LDS R7, [R153+UR4+0x280]","4000"
"0x7fb6d3774300","      SEL R0, R147, RZ, !P1","4000"
"0x7fb6d3774310","@P0   STG.E [R162.64+UR12+0x180], R3","4000"
"0x7fb6d3774320","      ISETP.NE.U32.AND P0, PT, R0, RZ, PT","4000"
"0x7fb6d3774330","      SEL R0, R149, RZ, !P1","4000"
"0x7fb6d3774340","      FMNMX R5, R2, R143, !PT","4000"
"0x7fb6d3774350","@P0   STG.E [R162.64+UR12+0x200], R5","4000"
"0x7fb6d3774360","      ISETP.NE.U32.AND P0, PT, R0, RZ, PT","4000"
"0x7fb6d3774370","      SEL R0, R152, RZ, !P1","4000"
"0x7fb6d3774380","      FMUL R7, R7, R130","4000"
"0x7fb6d3774390","      FFMA R2, R160, R129, R7","4000"
"0x7fb6d37743a0","      LDS R7, [R153+UR4+0x300]","4000"
"0x7fb6d37743b0","      FMNMX R3, R2, R143, !PT","4000"
"0x7fb6d37743c0","@P0   STG.E [R162.64+UR12+0x280], R3","4000"
"0x7fb6d37743d0","      ISETP.NE.U32.AND P0, PT, R0, RZ, PT","4000"
"0x7fb6d37743e0","      SEL R0, R146, RZ, !P1","4000"
"0x7fb6d37743f0","      FMUL R7, R7, R130","4000"
"0x7fb6d3774400","      FFMA R2, R154, R129, R7","4000"
"0x7fb6d3774410","      LDS R7, [R153+UR4+0x380]","4000"
"0x7fb6d3774420","      FMNMX R5, R2, R143, !PT","4000"
"0x7fb6d3774430","@P0   STG.E [R162.64+UR12+0x300], R5","4000"
"0x7fb6d3774440","      ISETP.NE.U32.AND P0, PT, R0, RZ, PT","4000"
"0x7fb6d3774450","      IADD3 R0, PT, PT, R134, 0x32, RZ","4000"
"0x7fb6d3774460","      FMUL R7, R7, R130","4000"
"0x7fb6d3774470","      FFMA R2, R166, R129, R7","4000"
"0x7fb6d3774480","      FMNMX R3, R2, R143, !PT","4000"
"0x7fb6d3774490","@P0   STG.E [R162.64+UR12+0x380], R3","4000"
"0x7fb6d37744a0","      ISETP.LT.AND P0, PT, R0, UR6, P3","4000"
"0x7fb6d37744b0","@P0   LDG.E.LTC128B R136, [R8.64+UR10]","4000"
"0x7fb6d37744c0","      ISETP.LT.AND P0, PT, R0, UR6, P2","4000"
"0x7fb6d37744d0","      ISETP.NE.AND P1, PT, R137, RZ, PT","4000"
"0x7fb6d37744e0","@P0   LDG.E.LTC128B R138, [R8.64+UR10+0x80]","4000"
"0x7fb6d37744f0","      ISETP.LT.AND P0, PT, R0, UR6, P4","4000"
"0x7fb6d3774500","@P0   LDG.E.LTC128B R142, [R8.64+UR10+0x100]","4000"
"0x7fb6d3774510","      ISETP.LT.AND P0, PT, R0, UR6, P1","4000"
"0x7fb6d3774520","@P0   LDG.E.LTC128B R158, [R8.64+UR10+0x180]","4000"
"0x7fb6d3774530","      ISETP.NE.AND P0, PT, R135, RZ, PT","4000"
"0x7fb6d3774540","      ISETP.NE.AND P1, PT, R155, RZ, PT","4000"
"0x7fb6d3774550","      ISETP.LT.AND P0, PT, R0, UR6, P0","4000"
"0x7fb6d3774560","@P0   LDG.E.LTC128B R156, [R8.64+UR10+0x200]","4000"
"0x7fb6d3774570","      ISETP.LT.AND P0, PT, R0, UR6, P1","4000"
"0x7fb6d3774580","@P0   LDG.E.LTC128B R160, [R8.64+UR10+0x280]","4000"
"0x7fb6d3774590","      ISETP.LT.AND P0, PT, R0, UR6, P6","4000"
"0x7fb6d37745a0","@P0   LDG.E.LTC128B R154, [R8.64+UR10+0x300]","4000"
"0x7fb6d37745b0","      ISETP.LT.AND P0, PT, R0, UR6, P5","4000"
"0x7fb6d37745c0","@P0   LDG.E.LTC128B R166, [R8.64+UR10+0x380]","4000"
"0x7fb6d37745d0","      BAR.SYNC.DEFER_BLOCKING 0x0","4000"
"0x7fb6d37745e0","      ISETP.GE.AND P1, PT, R0, UR6, PT","4000"
"0x7fb6d37745f0","      IADD.64 R162, R162, UR12","4000"
"0x7fb6d3774600","      IADD3 R134, PT, PT, R134, 0x33, RZ","4000"
"0x7fb6d3774610","      SEL R0, R139, RZ, !P1","4000"
"0x7fb6d3774620","      ISETP.NE.U32.AND P0, PT, R0, RZ, PT","4000"
"0x7fb6d3774630","      SEL R0, R151, RZ, !P1","4000"
"0x7fb6d3774640","      IADD.64 R8, R8, UR10","4000"
"0x7fb6d3774650","      STS [R133], R99","4000"
"0x7fb6d3774660","      STS [R133+0x4], R96","4000"
"0x7fb6d3774670","      STS [R133+0x8], R97","4000"
"0x7fb6d3774680","      STS [R133+0xc], R93","4000"
"0x7fb6d3774690","      STS [R133+0x80], R35","4000"
"0x7fb6d37746a0","      STS [R133+0x84], R32","4000"
"0x7fb6d37746b0","      STS [R133+0x88], R33","4000"
"0x7fb6d37746c0","      STS [R133+0x8c], R29","4000"
"0x7fb6d37746d0","      BAR.SYNC.DEFER_BLOCKING 0x0","4000"
"0x7fb6d37746e0","      LDS R3, [R153+UR4]","4000"
"0x7fb6d37746f0","      LDS R7, [R153+UR4+0x180]","4000"
"0x7fb6d3774700","      FMUL R3, R3, R130","4000"
"0x7fb6d3774710","      FMUL R7, R7, R130","4000"
"0x7fb6d3774720","      FFMA R2, R136, R129, R3","4000"
"0x7fb6d3774730","      LDS R3, [R153+UR4+0x80]","4000"
"0x7fb6d3774740","      FMNMX R2, R2, R143, !PT","4000"
"0x7fb6d3774750","@P0   STG.E [R162.64+UR12], R2","4000"
"0x7fb6d3774760","      ISETP.NE.U32.AND P0, PT, R0, RZ, PT","4000"
"0x7fb6d3774770","      SEL R0, R150, RZ, !P1","4000"
"0x7fb6d3774780","      FFMA R2, R158, R129, R7","4000"
"0x7fb6d3774790","      FMUL R3, R3, R130","4000"
"0x7fb6d37747a0","      LDS R7, [R153+UR4+0x200]","4000"
"0x7fb6d37747b0","      FFMA R4, R138, R129, R3","4000"
"0x7fb6d37747c0","      LDS R3, [R153+UR4+0x100]","4000"
"0x7fb6d37747d0","      FMNMX R5, R4, R143, !PT","4000"
"0x7fb6d37747e0","@P0   STG.E [R162.64+UR12+0x80], R5","4000"
"0x7fb6d37747f0","      ISETP.NE.U32.AND P0, PT, R0, RZ, PT","4000"
"0x7fb6d3774800","      SEL R0, R148, RZ, !P1","4000"
"0x7fb6d3774810","      FMUL R7, R7, R130","4000"
"0x7fb6d3774820","      FMNMX R5, R2, R143, !PT","4000"
"0x7fb6d3774830","      FFMA R2, R156, R129, R7","4000"
"0x7fb6d3774840","      FMUL R3, R3, R130","4000"
"0x7fb6d3774850","      LDS R7, [R153+UR4+0x280]","4000"
"0x7fb6d3774860","      FFMA R4, R142, R129, R3","4000"
"0x7fb6d3774870","      FMNMX R3, R4, R143, !PT","4000"
"0x7fb6d3774880","@P0   STG.E [R162.64+UR12+0x100], R3","4000"
"0x7fb6d3774890","      ISETP.NE.U32.AND P0, PT, R0, RZ, PT","4000"
"0x7fb6d37748a0","      SEL R0, R147, RZ, !P1","4000"
"0x7fb6d37748b0","@P0   STG.E [R162.64+UR12+0x180], R5","4000"
"0x7fb6d37748c0","      ISETP.NE.U32.AND P0, PT, R0, RZ, PT","4000"
"0x7fb6d37748d0","      SEL R0, R149, RZ, !P1","4000"
"0x7fb6d37748e0","      FMUL R7, R7, R130","4000"
"0x7fb6d37748f0","      FMNMX R3, R2, R143, !PT","4000"
"0x7fb6d3774900","      FFMA R2, R160, R129, R7","4000"
"0x7fb6d3774910","      LDS R7, [R153+UR4+0x300]","4000"
"0x7fb6d3774920","@P0   STG.E [R162.64+UR12+0x200], R3","4000"
"0x7fb6d3774930","      ISETP.NE.U32.AND P0, PT, R0, RZ, PT","4000"
"0x7fb6d3774940","      SEL R0, R152, RZ, !P1","4000"
"0x7fb6d3774950","      FMNMX R5, R2, R143, !PT","4000"
"0x7fb6d3774960","@P0   STG.E [R162.64+UR12+0x280], R5","4000"
"0x7fb6d3774970","      ISETP.NE.U32.AND P0, PT, R0, RZ, PT","4000"
"0x7fb6d3774980","      FMUL R7, R7, R130","4000"
"0x7fb6d3774990","      FFMA R2, R154, R129, R7","4000"
"0x7fb6d37749a0","      LDS R7, [R153+UR4+0x380]","4000"
"0x7fb6d37749b0","      FMNMX R3, R2, R143, !PT","4000"
"0x7fb6d37749c0","      SEL R2, R146, RZ, !P1","4000"
"0x7fb6d37749d0","@P0   STG.E [R162.64+UR12+0x300], R3","4000"
"0x7fb6d37749e0","      ISETP.NE.U32.AND P0, PT, R2, RZ, PT","4000"
"0x7fb6d37749f0","      FMUL R7, R7, R130","4000"
"0x7fb6d3774a00","      FFMA R0, R166, R129, R7","4000"
"0x7fb6d3774a10","      FMNMX R0, R0, R143, !PT","4000"
"0x7fb6d3774a20","@P0   STG.E [R162.64+UR12+0x380], R0","4000"
"0x7fb6d3774a30","      ISETP.LT.AND P0, PT, R134, UR6, P3","4000"
"0x7fb6d3774a40","      ISETP.NE.AND P3, PT, R137, RZ, PT","4000"
"0x7fb6d3774a50","      ISETP.NE.AND P1, PT, R155, RZ, PT","4000"
"0x7fb6d3774a60","@P0   LDG.E.LTC128B R136, [R8.64+UR10]","4000"
"0x7fb6d3774a70","      ISETP.LT.AND P0, PT, R134, UR6, P2","4000"
"0x7fb6d3774a80","      ISETP.NE.AND P2, PT, R135, RZ, PT","4000"
"0x7fb6d3774a90","      ISETP.LT.AND P4, PT, R134, UR6, P4","4000"
"0x7fb6d3774aa0","      ISETP.LT.AND P3, PT, R134, UR6, P3","4000"
"0x7fb6d3774ab0","      ISETP.LT.AND P1, PT, R134, UR6, P1","4000"
"0x7fb6d3774ac0","      ISETP.LT.AND P2, PT, R134, UR6, P2","4000"
"0x7fb6d3774ad0","@P0   LDG.E.LTC128B R138, [R8.64+UR10+0x80]","4000"
"0x7fb6d3774ae0","      ISETP.LT.AND P0, PT, R134, UR6, P6","4000"
"0x7fb6d3774af0","@P4   LDG.E.LTC128B R142, [R8.64+UR10+0x100]","4000"
"0x7fb6d3774b00","@P3   LDG.E.LTC128B R158, [R8.64+UR10+0x180]","4000"
"0x7fb6d3774b10","@P2   LDG.E.LTC128B R156, [R8.64+UR10+0x200]","4000"
"0x7fb6d3774b20","@P1   LDG.E.LTC128B R160, [R8.64+UR10+0x280]","4000"
"0x7fb6d3774b30","@P0   LDG.E.LTC128B R154, [R8.64+UR10+0x300]","4000"
"0x7fb6d3774b40","      ISETP.LT.AND P0, PT, R134, UR6, P5","4000"
"0x7fb6d3774b50","@P0   LDG.E.LTC128B R166, [R8.64+UR10+0x380]","4000"
"0x7fb6d3774b60","      BAR.SYNC.DEFER_BLOCKING 0x0","4000"
"0x7fb6d3774b70","      ISETP.GE.AND P0, PT, R134, UR6, PT","4000"
"0x7fb6d3774b80","      IADD.64 R162, R162, UR12","4000"
"0x7fb6d3774b90","      SEL R139, R139, RZ, !P0","4000"
"0x7fb6d3774ba0","      SEL R151, R151, RZ, !P0","4000"
"0x7fb6d3774bb0","      SEL R150, R150, RZ, !P0","4000"
"0x7fb6d3774bc0","      SEL R148, R148, RZ, !P0","4000"
"0x7fb6d3774bd0","      SEL R147, R147, RZ, !P0","4000"
"0x7fb6d3774be0","      ISETP.NE.U32.AND P1, PT, R139, RZ, PT","4000"
"0x7fb6d3774bf0","      SEL R149, R149, RZ, !P0","4000"
"0x7fb6d3774c00","      SEL R152, R152, RZ, !P0","4000"
"0x7fb6d3774c10","      ISETP.NE.U32.AND P6, PT, R151, RZ, PT","4000"
"0x7fb6d3774c20","      ISETP.NE.U32.AND P5, PT, R150, RZ, PT","4000"
"0x7fb6d3774c30","      ISETP.NE.U32.AND P4, PT, R148, RZ, PT","4000"
"0x7fb6d3774c40","      ISETP.NE.U32.AND P3, PT, R147, RZ, PT","4000"
"0x7fb6d3774c50","      ISETP.NE.U32.AND P2, PT, R149, RZ, PT","4000"
"0x7fb6d3774c60","      SEL R146, R146, RZ, !P0","4000"
"0x7fb6d3774c70","      STS [R133], R100","4000"
"0x7fb6d3774c80","      ISETP.NE.U32.AND P0, PT, R146, RZ, PT","4000"
"0x7fb6d3774c90","      STS [R133+0x4], R98","4000"
"0x7fb6d3774ca0","      STS [R133+0x8], R95","4000"
"0x7fb6d3774cb0","      STS [R133+0xc], R94","4000"
"0x7fb6d3774cc0","      STS [R133+0x80], R36","4000"
"0x7fb6d3774cd0","      STS [R133+0x84], R34","4000"
"0x7fb6d3774ce0","      STS [R133+0x88], R31","4000"
"0x7fb6d3774cf0","      STS [R133+0x8c], R30","4000"
"0x7fb6d3774d00","      BAR.SYNC.DEFER_BLOCKING 0x0","4000"
"0x7fb6d3774d10","      LDS R15, [R153+UR4]","4000"
"0x7fb6d3774d20","      LDS R13, [R153+UR4+0x80]","4000"
"0x7fb6d3774d30","      LDS R11, [R153+UR4+0x100]","4000"
"0x7fb6d3774d40","      LDS R9, [R153+UR4+0x180]","4000"
"0x7fb6d3774d50","      LDS R7, [R153+UR4+0x200]","4000"
"0x7fb6d3774d60","      LDS R5, [R153+UR4+0x280]","4000"
"0x7fb6d3774d70","      LDS R3, [R153+UR4+0x300]","4000"
"0x7fb6d3774d80","      LDS R153, [R153+UR4+0x380]","4000"
"0x7fb6d3774d90","      FMUL R15, R15, R130","4000"
"0x7fb6d3774da0","      FMUL R13, R13, R130","4000"
"0x7fb6d3774db0","      FMUL R11, R11, R130","4000"
"0x7fb6d3774dc0","      FMUL R9, R9, R130","4000"
"0x7fb6d3774dd0","      FMUL R7, R7, R130","4000"
"0x7fb6d3774de0","      FMUL R5, R5, R130","4000"
"0x7fb6d3774df0","      FMUL R3, R3, R130","4000"
"0x7fb6d3774e00","      FMUL R153, R153, R130","4000"
"0x7fb6d3774e10","      FFMA R136, R136, R129, R15","4000"
"0x7fb6d3774e20","      FMNMX R136, R136, R143, !PT","4000"
"0x7fb6d3774e30","@P1   STG.E [R162.64+UR12], R136","4000"
"0x7fb6d3774e40","      ISETP.NE.U32.AND P1, PT, R152, RZ, PT","4000"
"0x7fb6d3774e50","      FFMA R138, R138, R129, R13","4000"
"0x7fb6d3774e60","      FFMA R142, R142, R129, R11","4000"
"0x7fb6d3774e70","      FMNMX R13, R138, R143, !PT","4000"
"0x7fb6d3774e80","      FFMA R158, R158, R129, R9","4000"
"0x7fb6d3774e90","@P6   STG.E [R162.64+UR12+0x80], R13","4000"
"0x7fb6d3774ea0","      FFMA R156, R156, R129, R7","4000"
"0x7fb6d3774eb0","      FFMA R160, R160, R129, R5","4000"
"0x7fb6d3774ec0","      FMNMX R5, R158, R143, !PT","4000"
"0x7fb6d3774ed0","      FMNMX R7, R156, R143, !PT","4000"
"0x7fb6d3774ee0","      FFMA R154, R154, R129, R3","4000"
"0x7fb6d3774ef0","      FMNMX R3, R142, R143, !PT","4000"
"0x7fb6d3774f00","      FMNMX R9, R160, R143, !PT","4000"
"0x7fb6d3774f10","@P4   STG.E [R162.64+UR12+0x180], R5","4000"
"0x7fb6d3774f20","      FMNMX R11, R154, R143, !PT","4000"
"0x7fb6d3774f30","@P5   STG.E [R162.64+UR12+0x100], R3","4000"
"0x7fb6d3774f40","@P3   STG.E [R162.64+UR12+0x200], R7","4000"
"0x7fb6d3774f50","      FFMA R166, R166, R129, R153","4000"
"0x7fb6d3774f60","@P2   STG.E [R162.64+UR12+0x280], R9","4000"
"0x7fb6d3774f70","@P1   STG.E [R162.64+UR12+0x300], R11","4000"
"0x7fb6d3774f80","      FMNMX R143, R166, R143, !PT","4000"
"0x7fb6d3774f90","@!P0  BRA 0x7fb6d3778f20","4000"
"0x7fb6d3774fa0","      STG.E [R162.64+UR12+0x380], R143","4000"
"0x7fb6d3774fb0","      BRA 0x7fb6d3778f20","4000"
"0x7fb6d3774fc0","      S2UR UR5, SR_CgaCtaId","400"
"0x7fb6d3774fd0","      BAR.SYNC.DEFER_BLOCKING 0x0","400"
"0x7fb6d3774fe0","      LOP3.LUT R139, R139, 0xffff, RZ, 0xc0, !PT","400"
"0x7fb6d3774ff0","      IADD.64 R154, R140, R162","400"
"0x7fb6d3775000","      LOP3.LUT R147, R147, 0xffff, RZ, 0xc0, !PT","400"
"0x7fb6d3775010","      UMOV UR4, 0x400","400"
"0x7fb6d3775020","      LDC R129, c[0x0][0x398]","400"
"0x7fb6d3775030","      S2R R132, SR_TID.X","400"
"0x7fb6d3775040","      LOP3.LUT R148, R148, 0xffff, RZ, 0xc0, !PT","400"
"0x7fb6d3775050","      LDCU.64 UR8, c[0x0][0x458]","400"
"0x7fb6d3775060","      LOP3.LUT R149, R149, 0xffff, RZ, 0xc0, !PT","400"
"0x7fb6d3775070","      S2R R134, SR_CTAID.X","400"
"0x7fb6d3775080","      LOP3.LUT R151, R151, 0xffff, RZ, 0xc0, !PT","400"
"0x7fb6d3775090","      LDCU.64 UR6, c[0x0][0x460]","400"
"0x7fb6d37750a0","      LOP3.LUT R150, R150, 0xffff, RZ, 0xc0, !PT","400"
"0x7fb6d37750b0","      LOP3.LUT R152, R152, 0xffff, RZ, 0xc0, !PT","400"
"0x7fb6d37750c0","      LOP3.LUT R146, R146, 0xffff, RZ, 0xc0, !PT","400"
"0x7fb6d37750d0","      ULEA UR5, UR5, UR4, 0x18","400"
"0x7fb6d37750e0","      LDCU UR4, c[0x0][0x380]","400"
"0x7fb6d37750f0","      IADD.64 R140, R140, UR8","400"
"0x7fb6d3775100","      LEA R133, R133, UR5, 0x2","400"
"0x7fb6d3775110","      STS [R133], R127","400"
"0x7fb6d3775120","      STS [R133+0x4], R125","400"
"0x7fb6d3775130","      IMAD.SHL.U32 R135, R132, 0x4, RZ","400"
"0x7fb6d3775140","      SHF.R.U32.HI R136, RZ, 0x5, R132","400"
"0x7fb6d3775150","      STS [R133+0x8], R67","400"
"0x7fb6d3775160","      SHF.R.U32.HI R137, RZ, 0x3, R132","400"
"0x7fb6d3775170","      LOP3.LUT R135, R135, 0x7c, RZ, 0xc0, !PT","400"
"0x7fb6d3775180","      STS [R133+0xc], R64","400"
"0x7fb6d3775190","      SHF.R.U32.HI R129, RZ, R129, R134","400"
"0x7fb6d37751a0","      STS [R133+0x80], R65","400"
"0x7fb6d37751b0","      STS [R133+0x84], R61","400"
"0x7fb6d37751c0","      STS [R133+0x88], R3","400"
"0x7fb6d37751d0","      SHF.R.U32.HI R127, RZ, 0x1, R132","400"
"0x7fb6d37751e0","      STS [R133+0x8c], R0","400"
"0x7fb6d37751f0","      IMAD R125, R136, 0x444, R135","400"
"0x7fb6d3775200","      LOP3.LUT R136, R137, 0xc, RZ, 0xc0, !PT","400"
"0x7fb6d3775210","      BAR.SYNC.DEFER_BLOCKING 0x0","400"
"0x7fb6d3775220","      LOP3.LUT R64, R136, 0x1c0, R127, 0xf8, !PT","400"
"0x7fb6d3775230","      IMAD R3, R129, 0x80, R64","400"
"0x7fb6d3775240","      ISETP.GE.AND P0, PT, R3, UR4, PT","400"
"0x7fb6d3775250","      LDS R67, [R125+UR5]","400"
"0x7fb6d3775260","      SEL R0, R139, RZ, !P0","400"
"0x7fb6d3775270","      LDS R61, [R125+UR5+0x100]","400"
"0x7fb6d3775280","      SEL R64, R147, RZ, !P0","400"
"0x7fb6d3775290","      SEL R134, R148, RZ, !P0","400"
"0x7fb6d37752a0","      SEL R138, R151, RZ, !P0","400"
"0x7fb6d37752b0","      LDS R65, [R125+UR5+0x80]","400"
"0x7fb6d37752c0","      ISETP.NE.U32.AND P1, PT, R0, RZ, PT","400"
"0x7fb6d37752d0","      SEL R0, R149, RZ, !P0","400"
"0x7fb6d37752e0","      ISETP.NE.U32.AND P3, PT, R64, RZ, PT","400"
"0x7fb6d37752f0","      LDS R153, [R125+UR5+0x180]","400"
"0x7fb6d3775300","      ISETP.NE.U32.AND P4, PT, R134, RZ, PT","400"
"0x7fb6d3775310","      SEL R136, R150, RZ, !P0","400"
"0x7fb6d3775320","      ISETP.NE.U32.AND P2, PT, R0, RZ, PT","400"
"0x7fb6d3775330","      LDS R137, [R125+UR5+0x200]","400"
"0x7fb6d3775340","      ISETP.NE.U32.AND P6, PT, R138, RZ, PT","400"
"0x7fb6d3775350","      ISETP.NE.U32.AND P5, PT, R136, RZ, PT","400"
"0x7fb6d3775360","      LDS R135, [R125+UR5+0x280]","400"
"0x7fb6d3775370","      LDS R129, [R125+UR5+0x300]","400"
"0x7fb6d3775380","      LDS R127, [R125+UR5+0x380]","400"
"0x7fb6d3775390","      FMUL R64, R67, R130","400"
"0x7fb6d37753a0","      FMUL R134, R61, R130","400"
"0x7fb6d37753b0","      FMNMX R61, R64, R143, !PT","400"
"0x7fb6d37753c0","      SEL R64, R146, RZ, !P0","400"
"0x7fb6d37753d0","      FMUL R0, R65, R130","400"
"0x7fb6d37753e0","      SEL R65, R152, RZ, !P0","400"
"0x7fb6d37753f0","@P1   STG.E [R154], R61","400"
"0x7fb6d3775400","      ISETP.NE.U32.AND P0, PT, R64, RZ, PT","400"
"0x7fb6d3775410","      FMNMX R67, R134, R143, !PT","400"
"0x7fb6d3775420","      FMUL R64, R153, R130","400"
"0x7fb6d3775430","      ISETP.NE.U32.AND P1, PT, R65, RZ, PT","400"
"0x7fb6d3775440","      FMNMX R0, R0, R143, !PT","400"
"0x7fb6d3775450","      FMUL R134, R137, R130","400"
"0x7fb6d3775460","@P5   STG.E [R154+0x100], R67","400"
"0x7fb6d3775470","      FMNMX R65, R64, R143, !PT","400"
"0x7fb6d3775480","      FMUL R136, R135, R130","400"
"0x7fb6d3775490","@P6   STG.E [R154+0x80], R0","400"
"0x7fb6d37754a0","      FMUL R138, R129, R130","400"
"0x7fb6d37754b0","@P4   STG.E [R154+0x180], R65","400"
"0x7fb6d37754c0","      FMUL R142, R127, R130","400"
"0x7fb6d37754d0","      FMNMX R127, R136, R143, !PT","400"
"0x7fb6d37754e0","      FMNMX R129, R138, R143, !PT","400"
"0x7fb6d37754f0","      FMNMX R135, R142, R143, !PT","400"
"0x7fb6d3775500","@P2   STG.E [R154+0x280], R127","400"
"0x7fb6d3775510","      FMNMX R61, R134, R143, !PT","400"
"0x7fb6d3775520","@P1   STG.E [R154+0x300], R129","400"
"0x7fb6d3775530","@P3   STG.E [R154+0x200], R61","400"
"0x7fb6d3775540","@P0   STG.E [R154+0x380], R135","400"
"0x7fb6d3775550","      IADD3 R0, PT, PT, R3, 0x1, RZ","400"
"0x7fb6d3775560","      BAR.SYNC.DEFER_BLOCKING 0x0","400"
"0x7fb6d3775570","      ISETP.GE.AND P0, PT, R0, UR4, PT","400"
"0x7fb6d3775580","      SEL R0, R151, RZ, !P0","400"
"0x7fb6d3775590","      ISETP.NE.U32.AND P6, PT, R0, RZ, PT","400"
"0x7fb6d37755a0","      SEL R0, R149, RZ, !P0","400"
"0x7fb6d37755b0","      SEL R61, R150, RZ, !P0","400"
"0x7fb6d37755c0","      ISETP.NE.U32.AND P2, PT, R0, RZ, PT","400"
"0x7fb6d37755d0","      STS [R133], R128","400"
"0x7fb6d37755e0","      ISETP.NE.U32.AND P5, PT, R61, RZ, PT","400"
"0x7fb6d37755f0","      STS [R133+0x4], R126","400"
"0x7fb6d3775600","      STS [R133+0x8], R68","400"
"0x7fb6d3775610","      STS [R133+0xc], R66","400"
"0x7fb6d3775620","      STS [R133+0x80], R63","400"
"0x7fb6d3775630","      STS [R133+0x84], R62","400"
"0x7fb6d3775640","      STS [R133+0x88], R4","400"
"0x7fb6d3775650","      STS [R133+0x8c], R2","400"
"0x7fb6d3775660","      BAR.SYNC.DEFER_BLOCKING 0x0","400"
"0x7fb6d3775670","      SEL R62, R152, RZ, !P0","400"
"0x7fb6d3775680","      SEL R4, R148, RZ, !P0","400"
"0x7fb6d3775690","      SEL R2, R139, RZ, !P0","400"
"0x7fb6d37756a0","      ISETP.NE.U32.AND P4, PT, R4, RZ, PT","400"
"0x7fb6d37756b0","      LDS R153, [R125+UR5]","400"
"0x7fb6d37756c0","      ISETP.NE.U32.AND P1, PT, R2, RZ, PT","400"
"0x7fb6d37756d0","      SEL R2, R147, RZ, !P0","400"
"0x7fb6d37756e0","      LDS R137, [R125+UR5+0x80]","400"
"0x7fb6d37756f0","      LDS R135, [R125+UR5+0x100]","400"
"0x7fb6d3775700","      ISETP.NE.U32.AND P3, PT, R2, RZ, PT","400"
"0x7fb6d3775710","      LDS R129, [R125+UR5+0x180]","400"
"0x7fb6d3775720","      LDS R127, [R125+UR5+0x200]","400"
"0x7fb6d3775730","      LDS R67, [R125+UR5+0x280]","400"
"0x7fb6d3775740","      LDS R65, [R125+UR5+0x300]","400"
"0x7fb6d3775750","      LDS R63, [R125+UR5+0x380]","400"
"0x7fb6d3775760","      FMUL R4, R153, R130","400"
"0x7fb6d3775770","      FMUL R0, R137, R130","400"
"0x7fb6d3775780","      FMNMX R61, R4, R143, !PT","400"
"0x7fb6d3775790","      SEL R4, R146, RZ, !P0","400"
"0x7fb6d37757a0","      FMUL R2, R135, R130","400"
"0x7fb6d37757b0","      FMNMX R135, R0, R143, !PT","400"
"0x7fb6d37757c0","@P1   STG.E [R154.64+UR8], R61","400"
"0x7fb6d37757d0","      ISETP.NE.U32.AND P1, PT, R62, RZ, PT","400"
"0x7fb6d37757e0","      ISETP.NE.U32.AND P0, PT, R4, RZ, PT","400"
"0x7fb6d37757f0","      FMNMX R137, R2, R143, !PT","400"
"0x7fb6d3775800","      FMUL R0, R129, R130","400"
"0x7fb6d3775810","@P6   STG.E [R154.64+UR8+0x80], R135","400"
"0x7fb6d3775820","      FMUL R2, R127, R130","400"
"0x7fb6d3775830","@P5   STG.E [R154.64+UR8+0x100], R137","400"
"0x7fb6d3775840","      FMUL R4, R67, R130","400"
"0x7fb6d3775850","      FMUL R62, R65, R130","400"
"0x7fb6d3775860","      FMNMX R65, R4, R143, !PT","400"
"0x7fb6d3775870","      FMUL R64, R63, R130","400"
"0x7fb6d3775880","      FMNMX R63, R0, R143, !PT","400"
"0x7fb6d3775890","      FMNMX R67, R62, R143, !PT","400"
"0x7fb6d37758a0","@P2   STG.E [R154.64+UR8+0x280], R65","400"
"0x7fb6d37758b0","      IADD3 R0, PT, PT, R3, 0x2, RZ","400"
"0x7fb6d37758c0","      FMNMX R127, R64, R143, !PT","400"
"0x7fb6d37758d0","@P4   STG.E [R154.64+UR8+0x180], R63","400"
"0x7fb6d37758e0","      FMNMX R61, R2, R143, !PT","400"
"0x7fb6d37758f0","@P1   STG.E [R154.64+UR8+0x300], R67","400"
"0x7fb6d3775900","@P3   STG.E [R154.64+UR8+0x200], R61","400"
"0x7fb6d3775910","@P0   STG.E [R154.64+UR8+0x380], R127","400"
"0x7fb6d3775920","      BAR.SYNC.DEFER_BLOCKING 0x0","400"
"0x7fb6d3775930","      ISETP.GE.AND P0, PT, R0, UR4, PT","400"
"0x7fb6d3775940","      SEL R0, R139, RZ, !P0","400"
"0x7fb6d3775950","      SEL R4, R148, RZ, !P0","400"
"0x7fb6d3775960","      SEL R2, R147, RZ, !P0","400"
"0x7fb6d3775970","      ISETP.NE.U32.AND P1, PT, R0, RZ, PT","400"
"0x7fb6d3775980","      SEL R0, R149, RZ, !P0","400"
"0x7fb6d3775990","      ISETP.NE.U32.AND P4, PT, R4, RZ, PT","400"
"0x7fb6d37759a0","      ISETP.NE.U32.AND P3, PT, R2, RZ, PT","400"
"0x7fb6d37759b0","      ISETP.NE.U32.AND P2, PT, R0, RZ, PT","400"
"0x7fb6d37759c0","      IADD.64 R154, R154, UR8","400"
"0x7fb6d37759d0","      STS [R133], R123","400"
"0x7fb6d37759e0","      STS [R133+0x4], R121","400"
"0x7fb6d37759f0","      STS [R133+0x8], R71","400"
"0x7fb6d3775a00","      STS [R133+0xc], R69","400"
"0x7fb6d3775a10","      STS [R133+0x80], R59","400"
"0x7fb6d3775a20","      STS [R133+0x84], R57","400"
"0x7fb6d3775a30","      STS [R133+0x88], R7","400"
"0x7fb6d3775a40","      STS [R133+0x8c], R5","400"
"0x7fb6d3775a50","      BAR.SYNC.DEFER_BLOCKING 0x0","400"
"0x7fb6d3775a60","      SEL R7, R151, RZ, !P0","400"
"0x7fb6d3775a70","      SEL R5, R150, RZ, !P0","400"
"0x7fb6d3775a80","      ISETP.NE.U32.AND P6, PT, R7, RZ, PT","400"
"0x7fb6d3775a90","      SEL R7, R152, RZ, !P0","400"
"0x7fb6d3775aa0","      LDS R129, [R125+UR5]","400"
"0x7fb6d3775ab0","      ISETP.NE.U32.AND P5, PT, R5, RZ, PT","400"
"0x7fb6d3775ac0","      SEL R5, R146, RZ, !P0","400"
"0x7fb6d3775ad0","      LDS R67, [R125+UR5+0x100]","400"
"0x7fb6d3775ae0","      LDS R127, [R125+UR5+0x80]","400"
"0x7fb6d3775af0","      ISETP.NE.U32.AND P0, PT, R5, RZ, PT","400"
"0x7fb6d3775b00","      LDS R65, [R125+UR5+0x180]","400"
"0x7fb6d3775b10","      LDS R63, [R125+UR5+0x200]","400"
"0x7fb6d3775b20","      LDS R61, [R125+UR5+0x280]","400"
"0x7fb6d3775b30","      LDS R59, [R125+UR5+0x300]","400"
"0x7fb6d3775b40","      LDS R57, [R125+UR5+0x380]","400"
"0x7fb6d3775b50","      FMUL R0, R129, R130","400"
"0x7fb6d3775b60","      FMUL R4, R67, R130","400"
"0x7fb6d3775b70","      FMNMX R0, R0, R143, !PT","400"
"0x7fb6d3775b80","      FMUL R2, R127, R130","400"
"0x7fb6d3775b90","      FMNMX R67, R4, R143, !PT","400"
"0x7fb6d3775ba0","@P1   STG.E [R154.64+UR8], R0","400"
"0x7fb6d3775bb0","      ISETP.NE.U32.AND P1, PT, R7, RZ, PT","400"
"0x7fb6d3775bc0","      FMUL R4, R65, R130","400"
"0x7fb6d3775bd0","      FMNMX R2, R2, R143, !PT","400"
"0x7fb6d3775be0","@P5   STG.E [R154.64+UR8+0x100], R67","400"
"0x7fb6d3775bf0","      FMUL R62, R63, R130","400"
"0x7fb6d3775c00","      FMNMX R5, R4, R143, !PT","400"
"0x7fb6d3775c10","@P6   STG.E [R154.64+UR8+0x80], R2","400"
"0x7fb6d3775c20","      FMUL R64, R61, R130","400"
"0x7fb6d3775c30","      FMNMX R7, R62, R143, !PT","400"
"0x7fb6d3775c40","@P4   STG.E [R154.64+UR8+0x180], R5","400"
"0x7fb6d3775c50","      FMUL R66, R59, R130","400"
"0x7fb6d3775c60","@P3   STG.E [R154.64+UR8+0x200], R7","400"
"0x7fb6d3775c70","      FMUL R68, R57, R130","400"
"0x7fb6d3775c80","      FMNMX R57, R64, R143, !PT","400"
"0x7fb6d3775c90","      FMNMX R59, R66, R143, !PT","400"
"0x7fb6d3775ca0","      FMNMX R61, R68, R143, !PT","400"
"0x7fb6d3775cb0","@P2   STG.E [R154.64+UR8+0x280], R57","400"
"0x7fb6d3775cc0","      IADD3 R0, PT, PT, R3, 0x3, RZ","400"
"0x7fb6d3775cd0","@P1   STG.E [R154.64+UR8+0x300], R59","400"
"0x7fb6d3775ce0","@P0   STG.E [R154.64+UR8+0x380], R61","400"
"0x7fb6d3775cf0","      BAR.SYNC.DEFER_BLOCKING 0x0","400"
"0x7fb6d3775d00","      ISETP.GE.AND P0, PT, R0, UR4, PT","400"
"0x7fb6d3775d10","      SEL R0, R139, RZ, !P0","400"
"0x7fb6d3775d20","      SEL R5, R150, RZ, !P0","400"
"0x7fb6d3775d30","      SEL R4, R148, RZ, !P0","400"
"0x7fb6d3775d40","      SEL R2, R147, RZ, !P0","400"
"0x7fb6d3775d50","      ISETP.NE.U32.AND P1, PT, R0, RZ, PT","400"
"0x7fb6d3775d60","      SEL R0, R149, RZ, !P0","400"
"0x7fb6d3775d70","      ISETP.NE.U32.AND P5, PT, R5, RZ, PT","400"
"0x7fb6d3775d80","      SEL R5, R146, RZ, !P0","400"
"0x7fb6d3775d90","      ISETP.NE.U32.AND P4, PT, R4, RZ, PT","400"
"0x7fb6d3775da0","      ISETP.NE.U32.AND P3, PT, R2, RZ, PT","400"
"0x7fb6d3775db0","      ISETP.NE.U32.AND P2, PT, R0, RZ, PT","400"
"0x7fb6d3775dc0","      IADD.64 R154, R154, UR8","400"
"0x7fb6d3775dd0","      STS [R133], R124","400"
"0x7fb6d3775de0","      STS [R133+0x4], R122","400"
"0x7fb6d3775df0","      STS [R133+0x8], R72","400"
"0x7fb6d3775e00","      STS [R133+0xc], R70","400"
"0x7fb6d3775e10","      STS [R133+0x80], R60","400"
"0x7fb6d3775e20","      STS [R133+0x84], R58","400"
"0x7fb6d3775e30","      STS [R133+0x88], R8","400"
"0x7fb6d3775e40","      STS [R133+0x8c], R6","400"
"0x7fb6d3775e50","      BAR.SYNC.DEFER_BLOCKING 0x0","400"
"0x7fb6d3775e60","      SEL R6, R151, RZ, !P0","400"
"0x7fb6d3775e70","      LDS R69, [R125+UR5]","400"
"0x7fb6d3775e80","      ISETP.NE.U32.AND P6, PT, R6, RZ, PT","400"
"0x7fb6d3775e90","      SEL R6, R152, RZ, !P0","400"
"0x7fb6d3775ea0","      LDS R65, [R125+UR5+0x100]","400"
"0x7fb6d3775eb0","      ISETP.NE.U32.AND P0, PT, R5, RZ, PT","400"
"0x7fb6d3775ec0","      LDS R67, [R125+UR5+0x80]","400"
"0x7fb6d3775ed0","      LDS R63, [R125+UR5+0x180]","400"
"0x7fb6d3775ee0","      LDS R61, [R125+UR5+0x200]","400"
"0x7fb6d3775ef0","      LDS R59, [R125+UR5+0x280]","400"
"0x7fb6d3775f00","      LDS R57, [R125+UR5+0x300]","400"
"0x7fb6d3775f10","      LDS R7, [R125+UR5+0x380]","400"
"0x7fb6d3775f20","      FMUL R0, R69, R130","400"
"0x7fb6d3775f30","      FMUL R4, R65, R130","400"
"0x7fb6d3775f40","      FMNMX R0, R0, R143, !PT","400"
"0x7fb6d3775f50","      FMUL R2, R67, R130","400"
"0x7fb6d3775f60","      FMNMX R65, R4, R143, !PT","400"
"0x7fb6d3775f70","@P1   STG.E [R154.64+UR8], R0","400"
"0x7fb6d3775f80","      ISETP.NE.U32.AND P1, PT, R6, RZ, PT","400"
"0x7fb6d3775f90","      FMUL R4, R63, R130","400"
"0x7fb6d3775fa0","      FMNMX R2, R2, R143, !PT","400"
"0x7fb6d3775fb0","@P5   STG.E [R154.64+UR8+0x100], R65","400"
"0x7fb6d3775fc0","      FMUL R6, R61, R130","400"
"0x7fb6d3775fd0","      FMNMX R5, R4, R143, !PT","400"
"0x7fb6d3775fe0","@P6   STG.E [R154.64+UR8+0x80], R2","400"
"0x7fb6d3775ff0","      FMUL R8, R59, R130","400"
"0x7fb6d3776000","@P4   STG.E [R154.64+UR8+0x180], R5","400"
"0x7fb6d3776010","      FMUL R58, R57, R130","400"
"0x7fb6d3776020","      FMNMX R57, R8, R143, !PT","400"
"0x7fb6d3776030","      FMUL R60, R7, R130","400"
"0x7fb6d3776040","      FMNMX R7, R6, R143, !PT","400"
"0x7fb6d3776050","      FMNMX R59, R58, R143, !PT","400"
"0x7fb6d3776060","@P2   STG.E [R154.64+UR8+0x280], R57","400"
"0x7fb6d3776070","      FMNMX R61, R60, R143, !PT","400"
"0x7fb6d3776080","@P3   STG.E [R154.64+UR8+0x200], R7","400"
"0x7fb6d3776090","      IADD3 R0, PT, PT, R3, 0x10, RZ","400"
"0x7fb6d37760a0","@P1   STG.E [R154.64+UR8+0x300], R59","400"
"0x7fb6d37760b0","@P0   STG.E [R154.64+UR8+0x380], R61","400"
"0x7fb6d37760c0","      BAR.SYNC.DEFER_BLOCKING 0x0","400"
"0x7fb6d37760d0","      ISETP.GE.AND P0, PT, R0, UR4, PT","400"
"0x7fb6d37760e0","      SEL R4, R151, RZ, !P0","400"
"0x7fb6d37760f0","      SEL R0, R139, RZ, !P0","400"
"0x7fb6d3776100","      SEL R2, R150, RZ, !P0","400"
"0x7fb6d3776110","      SEL R8, R152, RZ, !P0","400"
"0x7fb6d3776120","      SEL R6, R146, RZ, !P0","400"
"0x7fb6d3776130","      ISETP.NE.U32.AND P6, PT, R4, RZ, PT","400"
"0x7fb6d3776140","      SEL R4, R148, RZ, !P0","400"
"0x7fb6d3776150","      ISETP.NE.U32.AND P1, PT, R0, RZ, PT","400"
"0x7fb6d3776160","      ISETP.NE.U32.AND P5, PT, R2, RZ, PT","400"
"0x7fb6d3776170","      SEL R2, R147, RZ, !P0","400"
"0x7fb6d3776180","      SEL R0, R149, RZ, !P0","400"
"0x7fb6d3776190","      ISETP.NE.U32.AND P4, PT, R4, RZ, PT","400"
"0x7fb6d37761a0","      ISETP.NE.U32.AND P0, PT, R6, RZ, PT","400"
"0x7fb6d37761b0","      ISETP.NE.U32.AND P3, PT, R2, RZ, PT","400"
"0x7fb6d37761c0","      ISETP.NE.U32.AND P2, PT, R0, RZ, PT","400"
"0x7fb6d37761d0","      IADD.64 R60, R140, UR8","400"
"0x7fb6d37761e0","      STS [R133], R119","400"
"0x7fb6d37761f0","      IADD.64 R60, R60, UR8","400"
"0x7fb6d3776200","      STS [R133+0x4], R117","400"
"0x7fb6d3776210","      IADD.64 R60, R60, UR8","400"
"0x7fb6d3776220","      STS [R133+0x8], R75","400"
"0x7fb6d3776230","      IADD.64 R60, R60, UR6","400"
"0x7fb6d3776240","      STS [R133+0xc], R73","400"
"0x7fb6d3776250","      STS [R133+0x80], R55","400"
"0x7fb6d3776260","      STS [R133+0x84], R53","400"
"0x7fb6d3776270","      STS [R133+0x88], R11","400"
"0x7fb6d3776280","      STS [R133+0x8c], R9","400"
"0x7fb6d3776290","      BAR.SYNC.DEFER_BLOCKING 0x0","400"
"0x7fb6d37762a0","      LDS R59, [R125+UR5]","400"
"0x7fb6d37762b0","      LDS R63, [R125+UR5+0x80]","400"
"0x7fb6d37762c0","      LDS R57, [R125+UR5+0x100]","400"
"0x7fb6d37762d0","      LDS R53, [R125+UR5+0x180]","400"
"0x7fb6d37762e0","      LDS R11, [R125+UR5+0x200]","400"
"0x7fb6d37762f0","      LDS R9, [R125+UR5+0x280]","400"
"0x7fb6d3776300","      LDS R7, [R125+UR5+0x300]","400"
"0x7fb6d3776310","      LDS R5, [R125+UR5+0x380]","400"
"0x7fb6d3776320","      FMUL R4, R59, R130","400"
"0x7fb6d3776330","      IADD.64 R58, R60, R162","400"
"0x7fb6d3776340","      IADD.64 R60, R60, UR8","400"
"0x7fb6d3776350","      FMNMX R4, R4, R143, !PT","400"
"0x7fb6d3776360","      FMUL R2, R63, R130","400"
"0x7fb6d3776370","      FMUL R0, R57, R130","400"
"0x7fb6d3776380","@P1   STG.E [R58], R4","400"
"0x7fb6d3776390","      ISETP.NE.U32.AND P1, PT, R8, RZ, PT","400"
"0x7fb6d37763a0","      FMUL R6, R53, R130","400"
"0x7fb6d37763b0","      FMNMX R2, R2, R143, !PT","400"
"0x7fb6d37763c0","      FMNMX R0, R0, R143, !PT","400"
"0x7fb6d37763d0","      FMUL R8, R11, R130","400"
"0x7fb6d37763e0","@P6   STG.E [R58+0x80], R2","400"
"0x7fb6d37763f0","      FMUL R62, R9, R130","400"
"0x7fb6d3776400","@P5   STG.E [R58+0x100], R0","400"
"0x7fb6d3776410","      FMUL R64, R7, R130","400"
"0x7fb6d3776420","      FMNMX R7, R8, R143, !PT","400"
"0x7fb6d3776430","      FMNMX R9, R62, R143, !PT","400"
"0x7fb6d3776440","      FMUL R66, R5, R130","400"
"0x7fb6d3776450","      FMNMX R5, R6, R143, !PT","400"
"0x7fb6d3776460","      FMNMX R11, R64, R143, !PT","400"
"0x7fb6d3776470","@P3   STG.E [R58+0x200], R7","400"
"0x7fb6d3776480","      FMNMX R53, R66, R143, !PT","400"
"0x7fb6d3776490","@P4   STG.E [R58+0x180], R5","400"
"0x7fb6d37764a0","@P2   STG.E [R58+0x280], R9","400"
"0x7fb6d37764b0","@P1   STG.E [R58+0x300], R11","400"
"0x7fb6d37764c0","@P0   STG.E [R58+0x380], R53","400"
"0x7fb6d37764d0","      IADD3 R0, PT, PT, R3, 0x11, RZ","400"
"0x7fb6d37764e0","      BAR.SYNC.DEFER_BLOCKING 0x0","400"
"0x7fb6d37764f0","      ISETP.GE.AND P0, PT, R0, UR4, PT","400"
"0x7fb6d3776500","      SEL R2, R139, RZ, !P0","400"
"0x7fb6d3776510","      SEL R4, R148, RZ, !P0","400"
"0x7fb6d3776520","      SEL R0, R151, RZ, !P0","400"
"0x7fb6d3776530","      SEL R5, R150, RZ, !P0","400"
"0x7fb6d3776540","      SEL R6, R152, RZ, !P0","400"
"0x7fb6d3776550","      ISETP.NE.U32.AND P1, PT, R2, RZ, PT","400"
"0x7fb6d3776560","      ISETP.NE.U32.AND P4, PT, R4, RZ, PT","400"
"0x7fb6d3776570","      ISETP.NE.U32.AND P6, PT, R0, RZ, PT","400"
"0x7fb6d3776580","      SEL R2, R147, RZ, !P0","400"
"0x7fb6d3776590","      SEL R0, R149, RZ, !P0","400"
"0x7fb6d37765a0","      ISETP.NE.U32.AND P5, PT, R5, RZ, PT","400"
"0x7fb6d37765b0","      ISETP.NE.U32.AND P3, PT, R2, RZ, PT","400"
"0x7fb6d37765c0","      ISETP.NE.U32.AND P2, PT, R0, RZ, PT","400"
"0x7fb6d37765d0","      STS [R133], R120","400"
"0x7fb6d37765e0","      STS [R133+0x4], R118","400"
"0x7fb6d37765f0","      STS [R133+0x8], R76","400"
"0x7fb6d3776600","      STS [R133+0xc], R74","400"
"0x7fb6d3776610","      STS [R133+0x80], R56","400"
"0x7fb6d3776620","      STS [R133+0x84], R54","400"
"0x7fb6d3776630","      STS [R133+0x88], R12","400"
"0x7fb6d3776640","      STS [R133+0x8c], R10","400"
"0x7fb6d3776650","      BAR.SYNC.DEFER_BLOCKING 0x0","400"
"0x7fb6d3776660","      LDS R65, [R125+UR5]","400"
"0x7fb6d3776670","      LDS R63, [R125+UR5+0x80]","400"
"0x7fb6d3776680","      LDS R57, [R125+UR5+0x100]","400"
"0x7fb6d3776690","      LDS R55, [R125+UR5+0x180]","400"
"0x7fb6d37766a0","      LDS R53, [R125+UR5+0x200]","400"
"0x7fb6d37766b0","      LDS R11, [R125+UR5+0x280]","400"
"0x7fb6d37766c0","      LDS R9, [R125+UR5+0x300]","400"
"0x7fb6d37766d0","      LDS R7, [R125+UR5+0x380]","400"
"0x7fb6d37766e0","      FMUL R4, R65, R130","400"
"0x7fb6d37766f0","      FMUL R0, R63, R130","400"
"0x7fb6d3776700","      FMNMX R5, R4, R143, !PT","400"
"0x7fb6d3776710","      SEL R4, R146, RZ, !P0","400"
"0x7fb6d3776720","      FMUL R2, R57, R130","400"
"0x7fb6d3776730","      FMNMX R57, R0, R143, !PT","400"
"0x7fb6d3776740","@P1   STG.E [R58.64+UR8], R5","400"
"0x7fb6d3776750","      ISETP.NE.U32.AND P1, PT, R6, RZ, PT","400"
"0x7fb6d3776760","      ISETP.NE.U32.AND P0, PT, R4, RZ, PT","400"
"0x7fb6d3776770","      FMNMX R63, R2, R143, !PT","400"
"0x7fb6d3776780","      FMUL R0, R55, R130","400"
"0x7fb6d3776790","@P6   STG.E [R58.64+UR8+0x80], R57","400"
"0x7fb6d37767a0","      FMUL R2, R53, R130","400"
"0x7fb6d37767b0","@P5   STG.E [R58.64+UR8+0x100], R63","400"
"0x7fb6d37767c0","      FMUL R4, R11, R130","400"
"0x7fb6d37767d0","      FMUL R6, R9, R130","400"
"0x7fb6d37767e0","      FMNMX R9, R4, R143, !PT","400"
"0x7fb6d37767f0","      FMUL R8, R7, R130","400"
"0x7fb6d3776800","      FMNMX R7, R0, R143, !PT","400"
"0x7fb6d3776810","      FMNMX R11, R6, R143, !PT","400"
"0x7fb6d3776820","@P2   STG.E [R58.64+UR8+0x280], R9","400"
"0x7fb6d3776830","      IADD3 R0, PT, PT, R3, 0x12, RZ","400"
"0x7fb6d3776840","      FMNMX R53, R8, R143, !PT","400"
"0x7fb6d3776850","@P4   STG.E [R58.64+UR8+0x180], R7","400"
"0x7fb6d3776860","      FMNMX R5, R2, R143, !PT","400"
"0x7fb6d3776870","@P1   STG.E [R58.64+UR8+0x300], R11","400"
"0x7fb6d3776880","@P3   STG.E [R58.64+UR8+0x200], R5","400"
"0x7fb6d3776890","@P0   STG.E [R58.64+UR8+0x380], R53","400"
"0x7fb6d37768a0","      BAR.SYNC.DEFER_BLOCKING 0x0","400"
"0x7fb6d37768b0","      ISETP.GE.AND P0, PT, R0, UR4, PT","400"
"0x7fb6d37768c0","      SEL R0, R139, RZ, !P0","400"
"0x7fb6d37768d0","      SEL R6, R151, RZ, !P0","400"
"0x7fb6d37768e0","      SEL R4, R148, RZ, !P0","400"
"0x7fb6d37768f0","      SEL R2, R147, RZ, !P0","400"
"0x7fb6d3776900","      ISETP.NE.U32.AND P1, PT, R0, RZ, PT","400"
"0x7fb6d3776910","      SEL R0, R149, RZ, !P0","400"
"0x7fb6d3776920","      ISETP.NE.U32.AND P6, PT, R6, RZ, PT","400"
"0x7fb6d3776930","      SEL R6, R152, RZ, !P0","400"
"0x7fb6d3776940","      ISETP.NE.U32.AND P4, PT, R4, RZ, PT","400"
"0x7fb6d3776950","      ISETP.NE.U32.AND P3, PT, R2, RZ, PT","400"
"0x7fb6d3776960","      ISETP.NE.U32.AND P2, PT, R0, RZ, PT","400"
"0x7fb6d3776970","      SEL R5, R150, RZ, !P0","400"
"0x7fb6d3776980","      IADD.64 R58, R58, UR8","400"
"0x7fb6d3776990","      STS [R133], R115","400"
"0x7fb6d37769a0","      ISETP.NE.U32.AND P5, PT, R5, RZ, PT","400"
"0x7fb6d37769b0","      SEL R5, R146, RZ, !P0","400"
"0x7fb6d37769c0","      STS [R133+0x4], R113","400"
"0x7fb6d37769d0","      ISETP.NE.U32.AND P0, PT, R5, RZ, PT","400"
"0x7fb6d37769e0","      STS [R133+0x8], R79","400"
"0x7fb6d37769f0","      STS [R133+0xc], R77","400"
"0x7fb6d3776a00","      STS [R133+0x80], R51","400"
"0x7fb6d3776a10","      STS [R133+0x84], R49","400"
"0x7fb6d3776a20","      STS [R133+0x88], R15","400"
"0x7fb6d3776a30","      STS [R133+0x8c], R13","400"
"0x7fb6d3776a40","      BAR.SYNC.DEFER_BLOCKING 0x0","400"
"0x7fb6d3776a50","      LDS R63, [R125+UR5]","400"
"0x7fb6d3776a60","      LDS R55, [R125+UR5+0x100]","400"
"0x7fb6d3776a70","      LDS R57, [R125+UR5+0x80]","400"
"0x7fb6d3776a80","      LDS R53, [R125+UR5+0x180]","400"
"0x7fb6d3776a90","      LDS R51, [R125+UR5+0x200]","400"
"0x7fb6d3776aa0","      LDS R11, [R125+UR5+0x280]","400"
"0x7fb6d3776ab0","      LDS R9, [R125+UR5+0x300]","400"
"0x7fb6d3776ac0","      LDS R7, [R125+UR5+0x380]","400"
"0x7fb6d3776ad0","      FMUL R0, R63, R130","400"
"0x7fb6d3776ae0","      FMUL R4, R55, R130","400"
"0x7fb6d3776af0","      FMNMX R0, R0, R143, !PT","400"
"0x7fb6d3776b00","      FMUL R2, R57, R130","400"
"0x7fb6d3776b10","      FMNMX R13, R4, R143, !PT","400"
"0x7fb6d3776b20","@P1   STG.E [R58.64+UR8], R0","400"
"0x7fb6d3776b30","      ISETP.NE.U32.AND P1, PT, R6, RZ, PT","400"
"0x7fb6d3776b40","      FMUL R4, R53, R130","400"
"0x7fb6d3776b50","      FMNMX R2, R2, R143, !PT","400"
"0x7fb6d3776b60","@P5   STG.E [R58.64+UR8+0x100], R13","400"
"0x7fb6d3776b70","      FMUL R6, R51, R130","400"
"0x7fb6d3776b80","      FMNMX R5, R4, R143, !PT","400"
"0x7fb6d3776b90","@P6   STG.E [R58.64+UR8+0x80], R2","400"
"0x7fb6d3776ba0","      FMUL R8, R11, R130","400"
"0x7fb6d3776bb0","@P4   STG.E [R58.64+UR8+0x180], R5","400"
"0x7fb6d3776bc0","      FMUL R10, R9, R130","400"
"0x7fb6d3776bd0","      FMNMX R9, R8, R143, !PT","400"
"0x7fb6d3776be0","      FMUL R12, R7, R130","400"
"0x7fb6d3776bf0","      FMNMX R7, R6, R143, !PT","400"
"0x7fb6d3776c00","      FMNMX R11, R10, R143, !PT","400"
"0x7fb6d3776c10","@P2   STG.E [R58.64+UR8+0x280], R9","400"
"0x7fb6d3776c20","      FMNMX R15, R12, R143, !PT","400"
"0x7fb6d3776c30","@P3   STG.E [R58.64+UR8+0x200], R7","400"
"0x7fb6d3776c40","      IADD3 R0, PT, PT, R3, 0x13, RZ","400"
"0x7fb6d3776c50","@P1   STG.E [R58.64+UR8+0x300], R11","400"
"0x7fb6d3776c60","@P0   STG.E [R58.64+UR8+0x380], R15","400"
"0x7fb6d3776c70","      BAR.SYNC.DEFER_BLOCKING 0x0","400"
"0x7fb6d3776c80","      ISETP.GE.AND P0, PT, R0, UR4, PT","400"
"0x7fb6d3776c90","      SEL R0, R139, RZ, !P0","400"
"0x7fb6d3776ca0","      SEL R6, R151, RZ, !P0","400"
"0x7fb6d3776cb0","      SEL R5, R150, RZ, !P0","400"
"0x7fb6d3776cc0","      SEL R4, R148, RZ, !P0","400"
"0x7fb6d3776cd0","      SEL R2, R147, RZ, !P0","400"
"0x7fb6d3776ce0","      ISETP.NE.U32.AND P1, PT, R0, RZ, PT","400"
"0x7fb6d3776cf0","      SEL R0, R149, RZ, !P0","400"
"0x7fb6d3776d00","      ISETP.NE.U32.AND P6, PT, R6, RZ, PT","400"
"0x7fb6d3776d10","      ISETP.NE.U32.AND P5, PT, R5, RZ, PT","400"
"0x7fb6d3776d20","      SEL R6, R152, RZ, !P0","400"
"0x7fb6d3776d30","      SEL R5, R146, RZ, !P0","400"
"0x7fb6d3776d40","      ISETP.NE.U32.AND P2, PT, R0, RZ, PT","400"
"0x7fb6d3776d50","      ISETP.NE.U32.AND P4, PT, R4, RZ, PT","400"
"0x7fb6d3776d60","      ISETP.NE.U32.AND P3, PT, R2, RZ, PT","400"
"0x7fb6d3776d70","      ISETP.NE.U32.AND P0, PT, R5, RZ, PT","400"
"0x7fb6d3776d80","      IADD.64 R58, R58, UR8","400"
"0x7fb6d3776d90","      STS [R133], R116","400"
"0x7fb6d3776da0","      STS [R133+0x4], R114","400"
"0x7fb6d3776db0","      STS [R133+0x8], R80","400"
"0x7fb6d3776dc0","      STS [R133+0xc], R78","400"
"0x7fb6d3776dd0","      STS [R133+0x80], R52","400"
"0x7fb6d3776de0","      STS [R133+0x84], R50","400"
"0x7fb6d3776df0","      STS [R133+0x88], R16","400"
"0x7fb6d3776e00","      STS [R133+0x8c], R14","400"
"0x7fb6d3776e10","      BAR.SYNC.DEFER_BLOCKING 0x0","400"
"0x7fb6d3776e20","      LDS R53, [R125+UR5]","400"
"0x7fb6d3776e30","      LDS R49, [R125+UR5+0x100]","400"
"0x7fb6d3776e40","      LDS R51, [R125+UR5+0x80]","400"
"0x7fb6d3776e50","      LDS R15, [R125+UR5+0x180]","400"
"0x7fb6d3776e60","      LDS R13, [R125+UR5+0x200]","400"
"0x7fb6d3776e70","      LDS R11, [R125+UR5+0x280]","400"
"0x7fb6d3776e80","      LDS R9, [R125+UR5+0x300]","400"
"0x7fb6d3776e90","      LDS R7, [R125+UR5+0x380]","400"
"0x7fb6d3776ea0","      FMUL R0, R53, R130","400"
"0x7fb6d3776eb0","      FMUL R4, R49, R130","400"
"0x7fb6d3776ec0","      FMNMX R0, R0, R143, !PT","400"
"0x7fb6d3776ed0","      FMUL R2, R51, R130","400"
"0x7fb6d3776ee0","      FMNMX R49, R4, R143, !PT","400"
"0x7fb6d3776ef0","@P1   STG.E [R58.64+UR8], R0","400"
"0x7fb6d3776f00","      ISETP.NE.U32.AND P1, PT, R6, RZ, PT","400"
"0x7fb6d3776f10","      FMUL R4, R15, R130","400"
"0x7fb6d3776f20","      FMNMX R2, R2, R143, !PT","400"
"0x7fb6d3776f30","@P5   STG.E [R58.64+UR8+0x100], R49","400"
"0x7fb6d3776f40","      FMUL R6, R13, R130","400"
"0x7fb6d3776f50","      FMNMX R5, R4, R143, !PT","400"
"0x7fb6d3776f60","@P6   STG.E [R58.64+UR8+0x80], R2","400"
"0x7fb6d3776f70","      FMUL R8, R11, R130","400"
"0x7fb6d3776f80","@P4   STG.E [R58.64+UR8+0x180], R5","400"
"0x7fb6d3776f90","      FMUL R10, R9, R130","400"
"0x7fb6d3776fa0","      FMNMX R9, R8, R143, !PT","400"
"0x7fb6d3776fb0","      FMUL R12, R7, R130","400"
"0x7fb6d3776fc0","      FMNMX R7, R6, R143, !PT","400"
"0x7fb6d3776fd0","      FMNMX R11, R10, R143, !PT","400"
"0x7fb6d3776fe0","@P2   STG.E [R58.64+UR8+0x280], R9","400"
"0x7fb6d3776ff0","      FMNMX R13, R12, R143, !PT","400"
"0x7fb6d3777000","@P3   STG.E [R58.64+UR8+0x200], R7","400"
"0x7fb6d3777010","      IADD3 R0, PT, PT, R3, 0x20, RZ","400"
"0x7fb6d3777020","@P1   STG.E [R58.64+UR8+0x300], R11","400"
"0x7fb6d3777030","@P0   STG.E [R58.64+UR8+0x380], R13","400"
"0x7fb6d3777040","      BAR.SYNC.DEFER_BLOCKING 0x0","400"
"0x7fb6d3777050","      ISETP.GE.AND P0, PT, R0, UR4, PT","400"
"0x7fb6d3777060","      SEL R4, R150, RZ, !P0","400"
"0x7fb6d3777070","      SEL R2, R139, RZ, !P0","400"
"0x7fb6d3777080","      SEL R0, R151, RZ, !P0","400"
"0x7fb6d3777090","      SEL R8, R152, RZ, !P0","400"
"0x7fb6d37770a0","      SEL R6, R146, RZ, !P0","400"
"0x7fb6d37770b0","      ISETP.NE.U32.AND P5, PT, R4, RZ, PT","400"
"0x7fb6d37770c0","      SEL R4, R148, RZ, !P0","400"
"0x7fb6d37770d0","      ISETP.NE.U32.AND P1, PT, R2, RZ, PT","400"
"0x7fb6d37770e0","      ISETP.NE.U32.AND P6, PT, R0, RZ, PT","400"
"0x7fb6d37770f0","      SEL R2, R147, RZ, !P0","400"
"0x7fb6d3777100","      SEL R0, R149, RZ, !P0","400"
"0x7fb6d3777110","      ISETP.NE.U32.AND P4, PT, R4, RZ, PT","400"
"0x7fb6d3777120","      ISETP.NE.U32.AND P0, PT, R6, RZ, PT","400"
"0x7fb6d3777130","      ISETP.NE.U32.AND P3, PT, R2, RZ, PT","400"
"0x7fb6d3777140","      ISETP.NE.U32.AND P2, PT, R0, RZ, PT","400"
"0x7fb6d3777150","      STS [R133], R111","400"
"0x7fb6d3777160","      STS [R133+0x4], R109","400"
"0x7fb6d3777170","      STS [R133+0x8], R83","400"
"0x7fb6d3777180","      STS [R133+0xc], R81","400"
"0x7fb6d3777190","      STS [R133+0x80], R47","400"
"0x7fb6d37771a0","      STS [R133+0x84], R45","400"
"0x7fb6d37771b0","      STS [R133+0x88], R19","400"
"0x7fb6d37771c0","      STS [R133+0x8c], R17","400"
"0x7fb6d37771d0","      BAR.SYNC.DEFER_BLOCKING 0x0","400"
"0x7fb6d37771e0","      IADD.64 R16, R60, UR8","400"
"0x7fb6d37771f0","      LDS R15, [R125+UR5]","400"
"0x7fb6d3777200","      IADD.64 R16, R16, UR8","400"
"0x7fb6d3777210","      LDS R51, [R125+UR5+0x80]","400"
"0x7fb6d3777220","      IADD.64 R16, R16, UR8","400"
"0x7fb6d3777230","      LDS R49, [R125+UR5+0x100]","400"
"0x7fb6d3777240","      IADD.64 R16, R16, UR6","400"
"0x7fb6d3777250","      LDS R13, [R125+UR5+0x180]","400"
"0x7fb6d3777260","      LDS R11, [R125+UR5+0x200]","400"
"0x7fb6d3777270","      LDS R9, [R125+UR5+0x280]","400"
"0x7fb6d3777280","      LDS R7, [R125+UR5+0x300]","400"
"0x7fb6d3777290","      LDS R5, [R125+UR5+0x380]","400"
"0x7fb6d37772a0","      FMUL R4, R15, R130","400"
"0x7fb6d37772b0","      IADD.64 R14, R16, R162","400"
"0x7fb6d37772c0","      FMUL R2, R51, R130","400"
"0x7fb6d37772d0","      FMNMX R4, R4, R143, !PT","400"
"0x7fb6d37772e0","      FMUL R0, R49, R130","400"
"0x7fb6d37772f0","      FMNMX R2, R2, R143, !PT","400"
"0x7fb6d3777300","@P1   STG.E [R14], R4","400"
"0x7fb6d3777310","      ISETP.NE.U32.AND P1, PT, R8, RZ, PT","400"
"0x7fb6d3777320","      FMUL R6, R13, R130","400"
"0x7fb6d3777330","      FMNMX R0, R0, R143, !PT","400"
"0x7fb6d3777340","@P6   STG.E [R14+0x80], R2","400"
"0x7fb6d3777350","      FMUL R8, R11, R130","400"
"0x7fb6d3777360","@P5   STG.E [R14+0x100], R0","400"
"0x7fb6d3777370","      FMUL R10, R9, R130","400"
"0x7fb6d3777380","      FMUL R12, R7, R130","400"
"0x7fb6d3777390","      FMNMX R7, R8, R143, !PT","400"
"0x7fb6d37773a0","      FMNMX R9, R10, R143, !PT","400"
"0x7fb6d37773b0","      FMUL R50, R5, R130","400"
"0x7fb6d37773c0","      FMNMX R5, R6, R143, !PT","400"
"0x7fb6d37773d0","      FMNMX R11, R12, R143, !PT","400"
"0x7fb6d37773e0","@P3   STG.E [R14+0x200], R7","400"
"0x7fb6d37773f0","      FMNMX R13, R50, R143, !PT","400"
"0x7fb6d3777400","@P4   STG.E [R14+0x180], R5","400"
"0x7fb6d3777410","@P2   STG.E [R14+0x280], R9","400"
"0x7fb6d3777420","@P1   STG.E [R14+0x300], R11","400"
"0x7fb6d3777430","      IADD3 R0, PT, PT, R3, 0x21, RZ","400"
"0x7fb6d3777440","@P0   STG.E [R14+0x380], R13","400"
"0x7fb6d3777450","      BAR.SYNC.DEFER_BLOCKING 0x0","400"
"0x7fb6d3777460","      ISETP.GE.AND P0, PT, R0, UR4, PT","400"
"0x7fb6d3777470","      SEL R2, R139, RZ, !P0","400"
"0x7fb6d3777480","      SEL R4, R148, RZ, !P0","400"
"0x7fb6d3777490","      SEL R0, R151, RZ, !P0","400"
"0x7fb6d37774a0","      SEL R6, R152, RZ, !P0","400"
"0x7fb6d37774b0","      ISETP.NE.U32.AND P1, PT, R2, RZ, PT","400"
"0x7fb6d37774c0","      SEL R5, R150, RZ, !P0","400"
"0x7fb6d37774d0","      ISETP.NE.U32.AND P4, PT, R4, RZ, PT","400"
"0x7fb6d37774e0","      ISETP.NE.U32.AND P6, PT, R0, RZ, PT","400"
"0x7fb6d37774f0","      SEL R2, R147, RZ, !P0","400"
"0x7fb6d3777500","      SEL R0, R149, RZ, !P0","400"
"0x7fb6d3777510","      ISETP.NE.U32.AND P5, PT, R5, RZ, PT","400"
"0x7fb6d3777520","      ISETP.NE.U32.AND P3, PT, R2, RZ, PT","400"
"0x7fb6d3777530","      ISETP.NE.U32.AND P2, PT, R0, RZ, PT","400"
"0x7fb6d3777540","      STS [R133], R112","400"
"0x7fb6d3777550","      STS [R133+0x4], R110","400"
"0x7fb6d3777560","      STS [R133+0x8], R84","400"
"0x7fb6d3777570","      STS [R133+0xc], R82","400"
"0x7fb6d3777580","      STS [R133+0x80], R48","400"
"0x7fb6d3777590","      STS [R133+0x84], R46","400"
"0x7fb6d37775a0","      STS [R133+0x88], R20","400"
"0x7fb6d37775b0","      STS [R133+0x8c], R18","400"
"0x7fb6d37775c0","      BAR.SYNC.DEFER_BLOCKING 0x0","400"
"0x7fb6d37775d0","      LDS R49, [R125+UR5]","400"
"0x7fb6d37775e0","      LDS R47, [R125+UR5+0x80]","400"
"0x7fb6d37775f0","      LDS R45, [R125+UR5+0x100]","400"
"0x7fb6d3777600","      LDS R19, [R125+UR5+0x180]","400"
"0x7fb6d3777610","      LDS R13, [R125+UR5+0x200]","400"
"0x7fb6d3777620","      LDS R11, [R125+UR5+0x280]","400"
"0x7fb6d3777630","      LDS R9, [R125+UR5+0x300]","400"
"0x7fb6d3777640","      LDS R7, [R125+UR5+0x380]","400"
"0x7fb6d3777650","      FMUL R4, R49, R130","400"
"0x7fb6d3777660","      FMUL R0, R47, R130","400"
"0x7fb6d3777670","      FMNMX R5, R4, R143, !PT","400"
"0x7fb6d3777680","      SEL R4, R146, RZ, !P0","400"
"0x7fb6d3777690","      FMUL R2, R45, R130","400"
"0x7fb6d37776a0","      FMNMX R45, R0, R143, !PT","400"
"0x7fb6d37776b0","@P1   STG.E [R14.64+UR8], R5","400"
"0x7fb6d37776c0","      ISETP.NE.U32.AND P1, PT, R6, RZ, PT","400"
"0x7fb6d37776d0","      ISETP.NE.U32.AND P0, PT, R4, RZ, PT","400"
"0x7fb6d37776e0","      FMNMX R47, R2, R143, !PT","400"
"0x7fb6d37776f0","      FMUL R0, R19, R130","400"
"0x7fb6d3777700","@P6   STG.E [R14.64+UR8+0x80], R45","400"
"0x7fb6d3777710","      FMUL R2, R13, R130","400"
"0x7fb6d3777720","@P5   STG.E [R14.64+UR8+0x100], R47","400"
"0x7fb6d3777730","      FMUL R4, R11, R130","400"
"0x7fb6d3777740","      FMUL R6, R9, R130","400"
"0x7fb6d3777750","      FMNMX R9, R4, R143, !PT","400"
"0x7fb6d3777760","      FMUL R8, R7, R130","400"
"0x7fb6d3777770","      FMNMX R7, R0, R143, !PT","400"
"0x7fb6d3777780","      FMNMX R11, R6, R143, !PT","400"
"0x7fb6d3777790","@P2   STG.E [R14.64+UR8+0x280], R9","400"
"0x7fb6d37777a0","      IADD3 R0, PT, PT, R3, 0x22, RZ","400"
"0x7fb6d37777b0","      FMNMX R13, R8, R143, !PT","400"
"0x7fb6d37777c0","@P4   STG.E [R14.64+UR8+0x180], R7","400"
"0x7fb6d37777d0","      FMNMX R5, R2, R143, !PT","400"
"0x7fb6d37777e0","@P1   STG.E [R14.64+UR8+0x300], R11","400"
"0x7fb6d37777f0","@P3   STG.E [R14.64+UR8+0x200], R5","400"
"0x7fb6d3777800","@P0   STG.E [R14.64+UR8+0x380], R13","400"
"0x7fb6d3777810","      BAR.SYNC.DEFER_BLOCKING 0x0","400"
"0x7fb6d3777820","      ISETP.GE.AND P0, PT, R0, UR4, PT","400"
"0x7fb6d3777830","      SEL R0, R139, RZ, !P0","400"
"0x7fb6d3777840","      SEL R6, R151, RZ, !P0","400"
"0x7fb6d3777850","      SEL R4, R148, RZ, !P0","400"
"0x7fb6d3777860","      SEL R2, R147, RZ, !P0","400"
"0x7fb6d3777870","      ISETP.NE.U32.AND P1, PT, R0, RZ, PT","400"
"0x7fb6d3777880","      SEL R0, R149, RZ, !P0","400"
"0x7fb6d3777890","      ISETP.NE.U32.AND P6, PT, R6, RZ, PT","400"
"0x7fb6d37778a0","      SEL R6, R152, RZ, !P0","400"
"0x7fb6d37778b0","      ISETP.NE.U32.AND P4, PT, R4, RZ, PT","400"
"0x7fb6d37778c0","      ISETP.NE.U32.AND P3, PT, R2, RZ, PT","400"
"0x7fb6d37778d0","      ISETP.NE.U32.AND P2, PT, R0, RZ, PT","400"
"0x7fb6d37778e0","      SEL R5, R150, RZ, !P0","400"
"0x7fb6d37778f0","      IADD.64 R14, R14, UR8","400"
"0x7fb6d3777900","      STS [R133], R107","400"
"0x7fb6d3777910","      ISETP.NE.U32.AND P5, PT, R5, RZ, PT","400"
"0x7fb6d3777920","      SEL R5, R146, RZ, !P0","400"
"0x7fb6d3777930","      STS [R133+0x4], R105","400"
"0x7fb6d3777940","      ISETP.NE.U32.AND P0, PT, R5, RZ, PT","400"
"0x7fb6d3777950","      STS [R133+0x8], R87","400"
"0x7fb6d3777960","      STS [R133+0xc], R85","400"
"0x7fb6d3777970","      STS [R133+0x80], R43","400"
"0x7fb6d3777980","      STS [R133+0x84], R41","400"
"0x7fb6d3777990","      STS [R133+0x88], R23","400"
"0x7fb6d37779a0","      STS [R133+0x8c], R21","400"
"0x7fb6d37779b0","      BAR.SYNC.DEFER_BLOCKING 0x0","400"
"0x7fb6d37779c0","      LDS R49, [R125+UR5]","400"
"0x7fb6d37779d0","      LDS R45, [R125+UR5+0x100]","400"
"0x7fb6d37779e0","      LDS R47, [R125+UR5+0x80]","400"
"0x7fb6d37779f0","      LDS R19, [R125+UR5+0x180]","400"
"0x7fb6d3777a00","      LDS R13, [R125+UR5+0x200]","400"
"0x7fb6d3777a10","      LDS R11, [R125+UR5+0x280]","400"
"0x7fb6d3777a20","      LDS R9, [R125+UR5+0x300]","400"
"0x7fb6d3777a30","      LDS R7, [R125+UR5+0x380]","400"
"0x7fb6d3777a40","      FMUL R0, R49, R130","400"
"0x7fb6d3777a50","      FMUL R4, R45, R130","400"
"0x7fb6d3777a60","      FMNMX R0, R0, R143, !PT","400"
"0x7fb6d3777a70","      FMUL R2, R47, R130","400"
"0x7fb6d3777a80","      FMNMX R21, R4, R143, !PT","400"
"0x7fb6d3777a90","@P1   STG.E [R14.64+UR8], R0","400"
"0x7fb6d3777aa0","      ISETP.NE.U32.AND P1, PT, R6, RZ, PT","400"
"0x7fb6d3777ab0","      FMUL R4, R19, R130","400"
"0x7fb6d3777ac0","      FMNMX R2, R2, R143, !PT","400"
"0x7fb6d3777ad0","@P5   STG.E [R14.64+UR8+0x100], R21","400"
"0x7fb6d3777ae0","      FMUL R6, R13, R130","400"
"0x7fb6d3777af0","      FMNMX R5, R4, R143, !PT","400"
"0x7fb6d3777b00","@P6   STG.E [R14.64+UR8+0x80], R2","400"
"0x7fb6d3777b10","      FMUL R8, R11, R130","400"
"0x7fb6d3777b20","@P4   STG.E [R14.64+UR8+0x180], R5","400"
"0x7fb6d3777b30","      FMUL R10, R9, R130","400"
"0x7fb6d3777b40","      FMNMX R9, R8, R143, !PT","400"
"0x7fb6d3777b50","      FMUL R12, R7, R130","400"
"0x7fb6d3777b60","      FMNMX R7, R6, R143, !PT","400"
"0x7fb6d3777b70","      FMNMX R11, R10, R143, !PT","400"
"0x7fb6d3777b80","@P2   STG.E [R14.64+UR8+0x280], R9","400"
"0x7fb6d3777b90","      FMNMX R13, R12, R143, !PT","400"
"0x7fb6d3777ba0","@P3   STG.E [R14.64+UR8+0x200], R7","400"
"0x7fb6d3777bb0","      IADD3 R0, PT, PT, R3, 0x23, RZ","400"
"0x7fb6d3777bc0","@P1   STG.E [R14.64+UR8+0x300], R11","400"
"0x7fb6d3777bd0","@P0   STG.E [R14.64+UR8+0x380], R13","400"
"0x7fb6d3777be0","      BAR.SYNC.DEFER_BLOCKING 0x0","400"
"0x7fb6d3777bf0","      ISETP.GE.AND P0, PT, R0, UR4, PT","400"
"0x7fb6d3777c00","      SEL R0, R139, RZ, !P0","400"
"0x7fb6d3777c10","      SEL R6, R151, RZ, !P0","400"
"0x7fb6d3777c20","      SEL R5, R150, RZ, !P0","400"
"0x7fb6d3777c30","      SEL R4, R148, RZ, !P0","400"
"0x7fb6d3777c40","      SEL R2, R147, RZ, !P0","400"
"0x7fb6d3777c50","      ISETP.NE.U32.AND P1, PT, R0, RZ, PT","400"
"0x7fb6d3777c60","      SEL R0, R149, RZ, !P0","400"
"0x7fb6d3777c70","      ISETP.NE.U32.AND P6, PT, R6, RZ, PT","400"
"0x7fb6d3777c80","      ISETP.NE.U32.AND P5, PT, R5, RZ, PT","400"
"0x7fb6d3777c90","      SEL R6, R152, RZ, !P0","400"
"0x7fb6d3777ca0","      SEL R5, R146, RZ, !P0","400"
"0x7fb6d3777cb0","      ISETP.NE.U32.AND P2, PT, R0, RZ, PT","400"
"0x7fb6d3777cc0","      ISETP.NE.U32.AND P4, PT, R4, RZ, PT","400"
"0x7fb6d3777cd0","      ISETP.NE.U32.AND P3, PT, R2, RZ, PT","400"
"0x7fb6d3777ce0","      ISETP.NE.U32.AND P0, PT, R5, RZ, PT","400"
"0x7fb6d3777cf0","      IADD.64 R14, R14, UR8","400"
"0x7fb6d3777d00","      STS [R133], R108","400"
"0x7fb6d3777d10","      STS [R133+0x4], R106","400"
"0x7fb6d3777d20","      STS [R133+0x8], R88","400"
"0x7fb6d3777d30","      STS [R133+0xc], R86","400"
"0x7fb6d3777d40","      STS [R133+0x80], R44","400"
"0x7fb6d3777d50","      STS [R133+0x84], R42","400"
"0x7fb6d3777d60","      STS [R133+0x88], R24","400"
"0x7fb6d3777d70","      STS [R133+0x8c], R22","400"
"0x7fb6d3777d80","      BAR.SYNC.DEFER_BLOCKING 0x0","400"
"0x7fb6d3777d90","      LDS R41, [R125+UR5]","400"
"0x7fb6d3777da0","      LDS R21, [R125+UR5+0x100]","400"
"0x7fb6d3777db0","      LDS R23, [R125+UR5+0x80]","400"
"0x7fb6d3777dc0","      LDS R19, [R125+UR5+0x180]","400"
"0x7fb6d3777dd0","      LDS R13, [R125+UR5+0x200]","400"
"0x7fb6d3777de0","      LDS R11, [R125+UR5+0x280]","400"
"0x7fb6d3777df0","      LDS R9, [R125+UR5+0x300]","400"
"0x7fb6d3777e00","      LDS R7, [R125+UR5+0x380]","400"
"0x7fb6d3777e10","      FMUL R0, R41, R130","400"
"0x7fb6d3777e20","      FMUL R4, R21, R130","400"
"0x7fb6d3777e30","      FMNMX R0, R0, R143, !PT","400"
"0x7fb6d3777e40","      FMUL R2, R23, R130","400"
"0x7fb6d3777e50","      FMNMX R21, R4, R143, !PT","400"
"0x7fb6d3777e60","@P1   STG.E [R14.64+UR8], R0","400"
"0x7fb6d3777e70","      ISETP.NE.U32.AND P1, PT, R6, RZ, PT","400"
"0x7fb6d3777e80","      FMUL R4, R19, R130","400"
"0x7fb6d3777e90","      FMNMX R2, R2, R143, !PT","400"
"0x7fb6d3777ea0","@P5   STG.E [R14.64+UR8+0x100], R21","400"
"0x7fb6d3777eb0","      FMUL R6, R13, R130","400"
"0x7fb6d3777ec0","      FMNMX R5, R4, R143, !PT","400"
"0x7fb6d3777ed0","@P6   STG.E [R14.64+UR8+0x80], R2","400"
"0x7fb6d3777ee0","      FMUL R8, R11, R130","400"
"0x7fb6d3777ef0","@P4   STG.E [R14.64+UR8+0x180], R5","400"
"0x7fb6d3777f00","      FMUL R10, R9, R130","400"
"0x7fb6d3777f10","      FMNMX R9, R8, R143, !PT","400"
"0x7fb6d3777f20","      FMUL R12, R7, R130","400"
"0x7fb6d3777f30","      FMNMX R7, R6, R143, !PT","400"
"0x7fb6d3777f40","      FMNMX R11, R10, R143, !PT","400"
"0x7fb6d3777f50","@P2   STG.E [R14.64+UR8+0x280], R9","400"
"0x7fb6d3777f60","      FMNMX R13, R12, R143, !PT","400"
"0x7fb6d3777f70","@P3   STG.E [R14.64+UR8+0x200], R7","400"
"0x7fb6d3777f80","      IADD3 R0, PT, PT, R3, 0x30, RZ","400"
"0x7fb6d3777f90","@P1   STG.E [R14.64+UR8+0x300], R11","400"
"0x7fb6d3777fa0","      IADD.64 R20, R16, UR8","400"
"0x7fb6d3777fb0","@P0   STG.E [R14.64+UR8+0x380], R13","400"
"0x7fb6d3777fc0","      BAR.SYNC.DEFER_BLOCKING 0x0","400"
"0x7fb6d3777fd0","      ISETP.GE.AND P0, PT, R0, UR4, PT","400"
"0x7fb6d3777fe0","      IADD.64 R20, R20, UR8","400"
"0x7fb6d3777ff0","      SEL R2, R139, RZ, !P0","400"
"0x7fb6d3778000","      IADD.64 R20, R20, UR8","400"
"0x7fb6d3778010","      SEL R0, R151, RZ, !P0","400"
"0x7fb6d3778020","      SEL R4, R150, RZ, !P0","400"
"0x7fb6d3778030","      ISETP.NE.U32.AND P1, PT, R2, RZ, PT","400"
"0x7fb6d3778040","      SEL R2, R148, RZ, !P0","400"
"0x7fb6d3778050","      IADD.64 R20, R20, UR8","400"
"0x7fb6d3778060","      SEL R6, R147, RZ, !P0","400"
"0x7fb6d3778070","      ISETP.NE.U32.AND P6, PT, R0, RZ, PT","400"
"0x7fb6d3778080","      ISETP.NE.U32.AND P4, PT, R2, RZ, PT","400"
"0x7fb6d3778090","      IADD.64 R20, R20, UR6","400"
"0x7fb6d37780a0","      SEL R0, R149, RZ, !P0","400"
"0x7fb6d37780b0","      ISETP.NE.U32.AND P5, PT, R4, RZ, PT","400"
"0x7fb6d37780c0","      IADD.64 R162, R20, R162","400"
"0x7fb6d37780d0","      STS [R133], R103","400"
"0x7fb6d37780e0","      ISETP.NE.U32.AND P3, PT, R6, RZ, PT","400"
"0x7fb6d37780f0","      SEL R6, R152, RZ, !P0","400"
"0x7fb6d3778100","      ISETP.NE.U32.AND P2, PT, R0, RZ, PT","400"
"0x7fb6d3778110","      STS [R133+0x4], R101","400"
"0x7fb6d3778120","      STS [R133+0x8], R91","400"
"0x7fb6d3778130","      STS [R133+0xc], R89","400"
"0x7fb6d3778140","      STS [R133+0x80], R39","400"
"0x7fb6d3778150","      STS [R133+0x84], R37","400"
"0x7fb6d3778160","      STS [R133+0x88], R27","400"
"0x7fb6d3778170","      STS [R133+0x8c], R25","400"
"0x7fb6d3778180","      BAR.SYNC.DEFER_BLOCKING 0x0","400"
"0x7fb6d3778190","      LDS R9, [R125+UR5]","400"
"0x7fb6d37781a0","      LDS R5, [R125+UR5+0x100]","400"
"0x7fb6d37781b0","      LDS R7, [R125+UR5+0x80]","400"
"0x7fb6d37781c0","      LDS R19, [R125+UR5+0x180]","400"
"0x7fb6d37781d0","      LDS R17, [R125+UR5+0x200]","400"
"0x7fb6d37781e0","      LDS R15, [R125+UR5+0x280]","400"
"0x7fb6d37781f0","      LDS R13, [R125+UR5+0x300]","400"
"0x7fb6d3778200","      LDS R11, [R125+UR5+0x380]","400"
"0x7fb6d3778210","      FMUL R2, R9, R130","400"
"0x7fb6d3778220","      FMUL R4, R5, R130","400"
"0x7fb6d3778230","      FMNMX R5, R2, R143, !PT","400"
"0x7fb6d3778240","      SEL R2, R146, RZ, !P0","400"
"0x7fb6d3778250","      FMUL R0, R7, R130","400"
"0x7fb6d3778260","      FMNMX R9, R4, R143, !PT","400"
"0x7fb6d3778270","@P1   STG.E [R162], R5","400"
"0x7fb6d3778280","      ISETP.NE.U32.AND P1, PT, R6, RZ, PT","400"
"0x7fb6d3778290","      ISETP.NE.U32.AND P0, PT, R2, RZ, PT","400"
"0x7fb6d37782a0","      FMNMX R7, R0, R143, !PT","400"
"0x7fb6d37782b0","      FMUL R0, R19, R130","400"
"0x7fb6d37782c0","@P5   STG.E [R162+0x100], R9","400"
"0x7fb6d37782d0","      FMUL R2, R17, R130","400"
"0x7fb6d37782e0","@P6   STG.E [R162+0x80], R7","400"
"0x7fb6d37782f0","      FMUL R4, R15, R130","400"
"0x7fb6d3778300","      FMUL R6, R13, R130","400"
"0x7fb6d3778310","      FMNMX R13, R4, R143, !PT","400"
"0x7fb6d3778320","      FMUL R8, R11, R130","400"
"0x7fb6d3778330","      FMNMX R11, R0, R143, !PT","400"
"0x7fb6d3778340","      FMNMX R15, R6, R143, !PT","400"
"0x7fb6d3778350","@P2   STG.E [R162+0x280], R13","400"
"0x7fb6d3778360","      IADD3 R0, PT, PT, R3, 0x31, RZ","400"
"0x7fb6d3778370","@P4   STG.E [R162+0x180], R11","400"
"0x7fb6d3778380","      FMNMX R5, R2, R143, !PT","400"
"0x7fb6d3778390","@P1   STG.E [R162+0x300], R15","400"
"0x7fb6d37783a0","@P3   STG.E [R162+0x200], R5","400"
"0x7fb6d37783b0","      FMNMX R7, R8, R143, !PT","400"
"0x7fb6d37783c0","@P0   STG.E [R162+0x380], R7","400"
"0x7fb6d37783d0","      BAR.SYNC.DEFER_BLOCKING 0x0","400"
"0x7fb6d37783e0","      ISETP.GE.AND P0, PT, R0, UR4, PT","400"
"0x7fb6d37783f0","      SEL R2, R139, RZ, !P0","400"
"0x7fb6d3778400","      SEL R4, R148, RZ, !P0","400"
"0x7fb6d3778410","      SEL R0, R151, RZ, !P0","400"
"0x7fb6d3778420","      SEL R6, R152, RZ, !P0","400"
"0x7fb6d3778430","      ISETP.NE.U32.AND P1, PT, R2, RZ, PT","400"
"0x7fb6d3778440","      ISETP.NE.U32.AND P4, PT, R4, RZ, PT","400"
"0x7fb6d3778450","      ISETP.NE.U32.AND P6, PT, R0, RZ, PT","400"
"0x7fb6d3778460","      SEL R2, R147, RZ, !P0","400"
"0x7fb6d3778470","      SEL R5, R150, RZ, !P0","400"
"0x7fb6d3778480","      SEL R0, R149, RZ, !P0","400"
"0x7fb6d3778490","      ISETP.NE.U32.AND P3, PT, R2, RZ, PT","400"
"0x7fb6d37784a0","      ISETP.NE.U32.AND P5, PT, R5, RZ, PT","400"
"0x7fb6d37784b0","      ISETP.NE.U32.AND P2, PT, R0, RZ, PT","400"
"0x7fb6d37784c0","      STS [R133], R104","400"
"0x7fb6d37784d0","      STS [R133+0x4], R102","400"
"0x7fb6d37784e0","      STS [R133+0x8], R92","400"
"0x7fb6d37784f0","      STS [R133+0xc], R90","400"
"0x7fb6d3778500","      STS [R133+0x80], R40","400"
"0x7fb6d3778510","      STS [R133+0x84], R38","400"
"0x7fb6d3778520","      STS [R133+0x88], R28","400"
"0x7fb6d3778530","      STS [R133+0x8c], R26","400"
"0x7fb6d3778540","      BAR.SYNC.DEFER_BLOCKING 0x0","400"
"0x7fb6d3778550","      LDS R21, [R125+UR5]","400"
"0x7fb6d3778560","      LDS R19, [R125+UR5+0x80]","400"
"0x7fb6d3778570","      LDS R17, [R125+UR5+0x100]","400"
"0x7fb6d3778580","      LDS R15, [R125+UR5+0x180]","400"
"0x7fb6d3778590","      LDS R13, [R125+UR5+0x200]","400"
"0x7fb6d37785a0","      LDS R11, [R125+UR5+0x280]","400"
"0x7fb6d37785b0","      LDS R9, [R125+UR5+0x300]","400"
"0x7fb6d37785c0","      LDS R7, [R125+UR5+0x380]","400"
"0x7fb6d37785d0","      FMUL R4, R21, R130","400"
"0x7fb6d37785e0","      FMUL R0, R19, R130","400"
"0x7fb6d37785f0","      FMNMX R5, R4, R143, !PT","400"
"0x7fb6d3778600","      SEL R4, R146, RZ, !P0","400"
"0x7fb6d3778610","      FMUL R2, R17, R130","400"
"0x7fb6d3778620","      FMNMX R17, R0, R143, !PT","400"
"0x7fb6d3778630","@P1   STG.E [R162.64+UR8], R5","400"
"0x7fb6d3778640","      ISETP.NE.U32.AND P1, PT, R6, RZ, PT","400"
"0x7fb6d3778650","      ISETP.NE.U32.AND P0, PT, R4, RZ, PT","400"
"0x7fb6d3778660","      FMNMX R19, R2, R143, !PT","400"
"0x7fb6d3778670","      FMUL R0, R15, R130","400"
"0x7fb6d3778680","@P6   STG.E [R162.64+UR8+0x80], R17","400"
"0x7fb6d3778690","      FMUL R2, R13, R130","400"
"0x7fb6d37786a0","@P5   STG.E [R162.64+UR8+0x100], R19","400"
"0x7fb6d37786b0","      FMUL R4, R11, R130","400"
"0x7fb6d37786c0","      FMUL R6, R9, R130","400"
"0x7fb6d37786d0","      FMNMX R9, R4, R143, !PT","400"
"0x7fb6d37786e0","      FMUL R8, R7, R130","400"
"0x7fb6d37786f0","      FMNMX R7, R0, R143, !PT","400"
"0x7fb6d3778700","      FMNMX R11, R6, R143, !PT","400"
"0x7fb6d3778710","@P2   STG.E [R162.64+UR8+0x280], R9","400"
"0x7fb6d3778720","      IADD3 R0, PT, PT, R3, 0x32, RZ","400"
"0x7fb6d3778730","      FMNMX R13, R8, R143, !PT","400"
"0x7fb6d3778740","      IADD3 R3, PT, PT, R3, 0x33, RZ","400"
"0x7fb6d3778750","@P4   STG.E [R162.64+UR8+0x180], R7","400"
"0x7fb6d3778760","      FMNMX R5, R2, R143, !PT","400"
"0x7fb6d3778770","@P1   STG.E [R162.64+UR8+0x300], R11","400"
"0x7fb6d3778780","@P3   STG.E [R162.64+UR8+0x200], R5","400"
"0x7fb6d3778790","@P0   STG.E [R162.64+UR8+0x380], R13","400"
"0x7fb6d37787a0","      BAR.SYNC.DEFER_BLOCKING 0x0","400"
"0x7fb6d37787b0","      ISETP.GE.AND P0, PT, R0, UR4, PT","400"
"0x7fb6d37787c0","      SEL R0, R139, RZ, !P0","400"
"0x7fb6d37787d0","      SEL R6, R151, RZ, !P0","400"
"0x7fb6d37787e0","      SEL R4, R148, RZ, !P0","400"
"0x7fb6d37787f0","      SEL R2, R147, RZ, !P0","400"
"0x7fb6d3778800","      ISETP.NE.U32.AND P1, PT, R0, RZ, PT","400"
"0x7fb6d3778810","      SEL R0, R149, RZ, !P0","400"
"0x7fb6d3778820","      ISETP.NE.U32.AND P6, PT, R6, RZ, PT","400"
"0x7fb6d3778830","      SEL R6, R152, RZ, !P0","400"
"0x7fb6d3778840","      ISETP.NE.U32.AND P4, PT, R4, RZ, PT","400"
"0x7fb6d3778850","      ISETP.NE.U32.AND P3, PT, R2, RZ, PT","400"
"0x7fb6d3778860","      ISETP.NE.U32.AND P2, PT, R0, RZ, PT","400"
"0x7fb6d3778870","      SEL R5, R150, RZ, !P0","400"
"0x7fb6d3778880","      IADD.64 R162, R162, UR8","400"
"0x7fb6d3778890","      STS [R133], R99","400"
"0x7fb6d37788a0","      ISETP.NE.U32.AND P5, PT, R5, RZ, PT","400"
"0x7fb6d37788b0","      STS [R133+0x4], R96","400"
"0x7fb6d37788c0","      STS [R133+0x8], R97","400"
"0x7fb6d37788d0","      STS [R133+0xc], R93","400"
"0x7fb6d37788e0","      STS [R133+0x80], R35","400"
"0x7fb6d37788f0","      STS [R133+0x84], R32","400"
"0x7fb6d3778900","      STS [R133+0x88], R33","400"
"0x7fb6d3778910","      STS [R133+0x8c], R29","400"
"0x7fb6d3778920","      BAR.SYNC.DEFER_BLOCKING 0x0","400"
"0x7fb6d3778930","      LDS R21, [R125+UR5]","400"
"0x7fb6d3778940","      LDS R19, [R125+UR5+0x80]","400"
"0x7fb6d3778950","      LDS R17, [R125+UR5+0x100]","400"
"0x7fb6d3778960","      LDS R15, [R125+UR5+0x180]","400"
"0x7fb6d3778970","      LDS R13, [R125+UR5+0x200]","400"
"0x7fb6d3778980","      LDS R11, [R125+UR5+0x280]","400"
"0x7fb6d3778990","      LDS R9, [R125+UR5+0x300]","400"
"0x7fb6d37789a0","      LDS R7, [R125+UR5+0x380]","400"
"0x7fb6d37789b0","      FMUL R0, R21, R130","400"
"0x7fb6d37789c0","      FMUL R2, R19, R130","400"
"0x7fb6d37789d0","      FMNMX R5, R0, R143, !PT","400"
"0x7fb6d37789e0","      SEL R0, R146, RZ, !P0","400"
"0x7fb6d37789f0","      FMUL R4, R17, R130","400"
"0x7fb6d3778a00","      FMNMX R17, R2, R143, !PT","400"
"0x7fb6d3778a10","@P1   STG.E [R162.64+UR8], R5","400"
"0x7fb6d3778a20","      ISETP.NE.U32.AND P1, PT, R6, RZ, PT","400"
"0x7fb6d3778a30","      ISETP.NE.U32.AND P0, PT, R0, RZ, PT","400"
"0x7fb6d3778a40","      FMNMX R19, R4, R143, !PT","400"
"0x7fb6d3778a50","      FMUL R0, R15, R130","400"
"0x7fb6d3778a60","@P6   STG.E [R162.64+UR8+0x80], R17","400"
"0x7fb6d3778a70","      FMUL R2, R13, R130","400"
"0x7fb6d3778a80","@P5   STG.E [R162.64+UR8+0x100], R19","400"
"0x7fb6d3778a90","      FMUL R4, R11, R130","400"
"0x7fb6d3778aa0","      FMUL R6, R9, R130","400"
"0x7fb6d3778ab0","      FMNMX R9, R4, R143, !PT","400"
"0x7fb6d3778ac0","      FMUL R8, R7, R130","400"
"0x7fb6d3778ad0","      FMNMX R7, R0, R143, !PT","400"
"0x7fb6d3778ae0","      FMNMX R11, R6, R143, !PT","400"
"0x7fb6d3778af0","@P2   STG.E [R162.64+UR8+0x280], R9","400"
"0x7fb6d3778b00","      FMNMX R13, R8, R143, !PT","400"
"0x7fb6d3778b10","@P4   STG.E [R162.64+UR8+0x180], R7","400"
"0x7fb6d3778b20","      FMNMX R5, R2, R143, !PT","400"
"0x7fb6d3778b30","@P1   STG.E [R162.64+UR8+0x300], R11","400"
"0x7fb6d3778b40","@P3   STG.E [R162.64+UR8+0x200], R5","400"
"0x7fb6d3778b50","@P0   STG.E [R162.64+UR8+0x380], R13","400"
"0x7fb6d3778b60","      BAR.SYNC.DEFER_BLOCKING 0x0","400"
"0x7fb6d3778b70","      ISETP.GE.AND P0, PT, R3, UR4, PT","400"
"0x7fb6d3778b80","      SEL R139, R139, RZ, !P0","400"
"0x7fb6d3778b90","      SEL R151, R151, RZ, !P0","400"
"0x7fb6d3778ba0","      SEL R150, R150, RZ, !P0","400"
"0x7fb6d3778bb0","      SEL R148, R148, RZ, !P0","400"
"0x7fb6d3778bc0","      SEL R147, R147, RZ, !P0","400"
"0x7fb6d3778bd0","      ISETP.NE.U32.AND P1, PT, R139, RZ, PT","400"
"0x7fb6d3778be0","      SEL R146, R146, RZ, !P0","400"
"0x7fb6d3778bf0","      SEL R149, R149, RZ, !P0","400"
"0x7fb6d3778c00","      SEL R152, R152, RZ, !P0","400"
"0x7fb6d3778c10","      ISETP.NE.U32.AND P6, PT, R151, RZ, PT","400"
"0x7fb6d3778c20","      ISETP.NE.U32.AND P5, PT, R150, RZ, PT","400"
"0x7fb6d3778c30","      ISETP.NE.U32.AND P4, PT, R148, RZ, PT","400"
"0x7fb6d3778c40","      ISETP.NE.U32.AND P3, PT, R147, RZ, PT","400"
"0x7fb6d3778c50","      ISETP.NE.U32.AND P2, PT, R146, RZ, PT","400"
"0x7fb6d3778c60","      ISETP.NE.U32.AND P0, PT, R152, RZ, PT","400"
"0x7fb6d3778c70","      IADD.64 R162, R162, UR8","400"
"0x7fb6d3778c80","      STS [R133], R100","400"
"0x7fb6d3778c90","      STS [R133+0x4], R98","400"
"0x7fb6d3778ca0","      STS [R133+0x8], R95","400"
"0x7fb6d3778cb0","      STS [R133+0xc], R94","400"
"0x7fb6d3778cc0","      STS [R133+0x80], R36","400"
"0x7fb6d3778cd0","      STS [R133+0x84], R34","400"
"0x7fb6d3778ce0","      STS [R133+0x88], R31","400"
"0x7fb6d3778cf0","      STS [R133+0x8c], R30","400"
"0x7fb6d3778d00","      BAR.SYNC.DEFER_BLOCKING 0x0","400"
"0x7fb6d3778d10","      LDS R9, [R125+UR5]","400"
"0x7fb6d3778d20","      LDS R5, [R125+UR5+0x380]","400"
"0x7fb6d3778d30","      LDS R7, [R125+UR5+0x80]","400"
"0x7fb6d3778d40","      LDS R15, [R125+UR5+0x100]","400"
"0x7fb6d3778d50","      LDS R13, [R125+UR5+0x180]","400"
"0x7fb6d3778d60","      LDS R11, [R125+UR5+0x200]","400"
"0x7fb6d3778d70","      LDS R3, [R125+UR5+0x280]","400"
"0x7fb6d3778d80","      LDS R17, [R125+UR5+0x300]","400"
"0x7fb6d3778d90","      FMUL R0, R9, R130","400"
"0x7fb6d3778da0","      FMUL R2, R5, R130","400"
"0x7fb6d3778db0","      FMNMX R5, R0, R143, !PT","400"
"0x7fb6d3778dc0","      FMUL R4, R7, R130","400"
"0x7fb6d3778dd0","      FMNMX R7, R2, R143, !PT","400"
"0x7fb6d3778de0","@P1   STG.E [R162.64+UR8], R5","400"
"0x7fb6d3778df0","      ISETP.NE.U32.AND P1, PT, R149, RZ, PT","400"
"0x7fb6d3778e00","      FMUL R0, R15, R130","400"
"0x7fb6d3778e10","      FMNMX R9, R4, R143, !PT","400"
"0x7fb6d3778e20","@P2   STG.E [R162.64+UR8+0x380], R7","400"
"0x7fb6d3778e30","      FMUL R2, R13, R130","400"
"0x7fb6d3778e40","@P6   STG.E [R162.64+UR8+0x80], R9","400"
"0x7fb6d3778e50","      FMUL R4, R11, R130","400"
"0x7fb6d3778e60","      FMUL R6, R3, R130","400"
"0x7fb6d3778e70","      FMNMX R3, R0, R143, !PT","400"
"0x7fb6d3778e80","      FMNMX R11, R4, R143, !PT","400"
"0x7fb6d3778e90","      FMUL R130, R17, R130","400"
"0x7fb6d3778ea0","      FMNMX R13, R6, R143, !PT","400"
"0x7fb6d3778eb0","@P5   STG.E [R162.64+UR8+0x100], R3","400"
"0x7fb6d3778ec0","@P3   STG.E [R162.64+UR8+0x200], R11","400"
"0x7fb6d3778ed0","      FMNMX R5, R2, R143, !PT","400"
"0x7fb6d3778ee0","      FMNMX R143, R130, R143, !PT","400"
"0x7fb6d3778ef0","@P1   STG.E [R162.64+UR8+0x280], R13","400"
"0x7fb6d3778f00","@P4   STG.E [R162.64+UR8+0x180], R5","400"
"0x7fb6d3778f10","@P0   STG.E [R162.64+UR8+0x300], R143","400"
"0x7fb6d3778f20","      BSYNC.RECONVERGENT B0","4400"
"0x7fb6d3778f30","      LDC R2, c[0x0][0x394]","4400"
"0x7fb6d3778f40","      LDC R0, c[0x0][0x39c]","4400"
"0x7fb6d3778f50","      ISETP.GE.AND P0, PT, R2, 0x2, PT","4400"
"0x7fb6d3778f60","      ISETP.NE.OR P0, PT, R0, RZ, !P0","4400"
"0x7fb6d3778f70","@P0   EXIT","4400"
"0x7fb6d3778f80","      BAR.SYNC.DEFER_BLOCKING 0x0","4400"
"0x7fb6d3778f90","      ISETP.NE.AND P1, PT, R132, RZ, PT","4400"
"0x7fb6d3778fa0","      IADD3 R131, PT, PT, R131, 0x1, RZ","4400"
"0x7fb6d3778fb0","      ISETP.NE.AND P0, PT, R131, R2, PT","4400"
"0x7fb6d3778fc0","      SEL R131, R131, RZ, P0","4400"
"0x7fb6d3778fd0","@P1   EXIT","4400"
"0x7fb6d3778fe0","@!PT  LDS RZ, [RZ]","550"
"0x7fb6d3778ff0","@!PT  LDS RZ, [RZ]","550"
"0x7fb6d3779000","@!PT  LDS RZ, [RZ]","550"
"0x7fb6d3779010","@!PT  LDS RZ, [RZ]","550"
"0x7fb6d3779020","      MEMBAR.ALL.GPU","550"
"0x7fb6d3779030","      ERRBAR","550"
"0x7fb6d3779040","      CGAERRBAR","550"
"0x7fb6d3779050","      STG.E.STRONG.GPU [R144], R131","550"
"0x7fb6d3779060","      EXIT","550"
"0x7fb6d3779070","      BRA `(.L_x_0) 0x7fb6d3779070","0"
"0x7fb6d3779080","      NOP","0"
"0x7fb6d3779090","      NOP","0"
"0x7fb6d37790a0","      NOP","0"
"0x7fb6d37790b0","      NOP","0"
"0x7fb6d37790c0","      NOP","0"
"0x7fb6d37790d0","      NOP","0"
"0x7fb6d37790e0","      NOP","0"
"0x7fb6d37790f0","      NOP","0"
