seed,initial_pruning,proposal,sweep,target_std,coordinate,coefficient_step,reward,mean_pair_pruning,output_weight_squared_norm,accepted,incumbent_reward_after
2026090821,0.1297315833770822,1,1,0.03,10,0.2756655216217041,524451840,0.10925806854828629,0.07599148154258728,False,622727168
2026090821,0.1297315833770822,2,1,0.03,10,-0.2756655216217041,543408128,0.1132071964867545,0.07599148154258728,False,622727168
2026090821,0.1297315833770822,3,1,0.03,42,0.39099663496017456,514732032,0.10723315917102072,0.15287837386131287,False,622727168
2026090821,0.1297315833770822,4,1,0.03,42,-0.39099663496017456,524435456,0.10925465530028416,0.15287837386131287,False,622727168
2026090821,0.1297315833770822,5,1,0.03,32,0.1819750964641571,539062272,0.11230183245418866,0.03311493620276451,False,622727168
2026090821,0.1297315833770822,6,1,0.03,32,-0.1819750964641571,537690112,0.11201597293400999,0.03311493620276451,False,622727168
2026090821,0.1297315833770822,7,1,0.03,7,0.6507492065429688,503230464,0.10483705907352316,0.42347452044487,False,622727168
2026090821,0.1297315833770822,8,1,0.03,7,-0.6507492065429688,507580416,0.10574327641808955,0.42347452044487,False,622727168
2026090821,0.1297315833770822,9,1,0.03,12,0.1621313989162445,535494656,0.11155859770172412,0.026286590844392776,False,622727168
2026090821,0.1297315833770822,10,1,0.03,12,-0.1621313989162445,531210240,0.11066603334916629,0.026286590844392776,False,622727168
2026090821,0.1297315833770822,11,1,0.03,18,0.4204690456390381,505196544,0.10524664883377916,0.17679421603679657,False,622727168
2026090821,0.1297315833770822,12,1,0.03,18,-0.4204690456390381,529121280,0.11023084422889427,0.17679421603679657,False,622727168
2026090821,0.1297315833770822,13,1,0.03,1,1.332490086555481,475553792,0.09907122988591953,1.7755298614501953,False,622727168
2026090821,0.1297315833770822,14,1,0.03,1,-1.332490086555481,558534656,0.11635847770472403,1.7755298614501953,False,622727168
2026090821,0.1297315833770822,15,1,0.03,15,0.5616452097892761,508420096,0.10591820537819889,0.31544533371925354,False,622727168
2026090821,0.1297315833770822,16,1,0.03,15,-0.5616452097892761,506433536,0.10550434905794022,0.31544533371925354,False,622727168
2026090821,0.1297315833770822,17,1,0.03,46,0.36384323239326477,525737984,0.10952600851645374,0.13238190114498138,False,622727168
2026090821,0.1297315833770822,18,1,0.03,46,-0.36384323239326477,529309696,0.11027009658091881,0.13238190114498138,False,622727168
2026090821,0.1297315833770822,19,1,0.03,62,0.38218817114830017,517419008,0.10779293184337056,0.1460677981376648,False,622727168
2026090821,0.1297315833770822,20,1,0.03,62,-0.38218817114830017,525115392,0.10939630509237269,0.1460677981376648,False,622727168
2026090821,0.1297315833770822,21,1,0.03,35,0.1777394413948059,533311488,0.11110378240543987,0.03159130737185478,False,622727168
2026090821,0.1297315833770822,22,1,0.03,35,-0.1777394413948059,535412736,0.11154153146171346,0.03159130737185478,False,622727168
2026090821,0.1297315833770822,23,1,0.03,63,0.16687314212322235,532656128,0.11096725248535455,0.027846645563840866,False,622727168
2026090821,0.1297315833770822,24,1,0.03,63,-0.16687314212322235,535543808,0.11156883744573054,0.027846645563840866,False,622727168
2026090821,0.1297315833770822,25,1,0.03,61,0.1879764050245285,523796480,0.10912153862820095,0.035335127264261246,False,622727168
2026090821,0.1297315833770822,26,1,0.03,61,-0.1879764050245285,534003712,0.11124799213353,0.035335127264261246,False,622727168
2026090821,0.1297315833770822,27,1,0.03,29,0.2635672986507416,524394496,0.10924612218027883,0.06946772336959839,False,622727168
2026090821,0.1297315833770822,28,1,0.03,29,-0.2635672986507416,541523968,0.11281467296650917,0.06946772336959839,False,622727168
2026090821,0.1297315833770822,29,1,0.03,36,0.31373098492622375,521379840,0.10861808454788628,0.09842713177204132,False,622727168
2026090821,0.1297315833770822,30,1,0.03,36,-0.31373098492622375,531865600,0.1108025632692516,0.09842713177204132,False,622727168
2026090821,0.1297315833770822,31,1,0.03,38,0.7957561016082764,486367232,0.10132397356732747,0.6332277655601501,False,622727168
2026090821,0.1297315833770822,32,1,0.03,38,-0.7957561016082764,525758464,0.10953027507645642,0.6332277655601501,False,622727168
2026090821,0.1297315833770822,33,1,0.03,48,0.19762679934501648,536629248,0.11179496512587185,0.03905635327100754,False,622727168
2026090821,0.1297315833770822,34,1,0.03,48,-0.19762679934501648,533712896,0.11118740698149214,0.03905635327100754,False,622727168
2026090821,0.1297315833770822,35,1,0.03,0,0.1539989709854126,529321984,0.11027265651692042,0.023715682327747345,False,622727168
2026090821,0.1297315833770822,36,1,0.03,0,-0.1539989709854126,528424960,0.11008578118880359,0.023715682327747345,False,622727168
2026090821,0.1297315833770822,37,1,0.03,47,0.152454674243927,527077376,0.10980504154062815,0.02324242703616619,False,622727168
2026090821,0.1297315833770822,38,1,0.03,47,-0.152454674243927,531816448,0.11079232352524519,0.02324242703616619,False,622727168
2026090821,0.1297315833770822,39,1,0.03,17,0.2844127416610718,518250496,0.10796615417947884,0.08089061081409454,False,622727168
2026090821,0.1297315833770822,40,1,0.03,17,-0.2844127416610718,537776128,0.11203389248602118,0.08089061081409454,False,622727168
2026090821,0.1297315833770822,41,1,0.03,45,0.15229849517345428,523886592,0.10914031149221266,0.023194830864667892,False,622727168
2026090821,0.1297315833770822,42,1,0.03,45,-0.15229849517345428,532774912,0.11099199853337,0.023194830864667892,False,622727168
2026090821,0.1297315833770822,43,1,0.03,37,0.38694003224372864,514887680,0.10726558502704099,0.14972259104251862,False,622727168
2026090821,0.1297315833770822,44,1,0.03,37,-0.38694003224372864,516919296,0.10768882777930551,0.14972259104251862,False,622727168
2026090821,0.1297315833770822,45,1,0.03,31,0.47661420702934265,505839616,0.10538061881786288,0.22716110944747925,False,622727168
2026090821,0.1297315833770822,46,1,0.03,31,-0.47661420702934265,524554240,0.10927940134829962,0.22716110944747925,False,622727168
2026090821,0.1297315833770822,47,1,0.03,8,0.20907706022262573,534667264,0.11138622867761638,0.04371321573853493,False,622727168
2026090821,0.1297315833770822,48,1,0.03,8,-0.20907706022262573,536555520,0.11177960550986227,0.04371321573853493,False,622727168
2026090821,0.1297315833770822,49,1,0.03,43,0.6713249683380127,496087040,0.10334888294459305,0.45067721605300903,False,622727168
2026090821,0.1297315833770822,50,1,0.03,43,-0.6713249683380127,529285120,0.11026497670891561,0.45067721605300903,False,622727168
2026090821,0.1297315833770822,51,1,0.03,25,0.287471204996109,524206080,0.1092068698282543,0.08263969421386719,False,622727168
2026090821,0.1297315833770822,52,1,0.03,25,-0.287471204996109,525393920,0.10945433030840894,0.08263969421386719,False,622727168
2026090821,0.1297315833770822,53,1,0.03,14,0.17262567579746246,524546048,0.10927769472429856,0.029799623414874077,False,622727168
2026090821,0.1297315833770822,54,1,0.03,14,-0.17262567579746246,535461888,0.11155177120571985,0.029799623414874077,False,622727168
2026090821,0.1297315833770822,55,1,0.03,57,0.2072400152683258,525996032,0.10957976717248737,0.04294842481613159,False,622727168
2026090821,0.1297315833770822,56,1,0.03,57,-0.2072400152683258,541593600,0.11282917927051823,0.04294842481613159,False,622727168
2026090821,0.1297315833770822,57,1,0.03,5,0.23769207298755646,529571840,0.11032470854895293,0.056497521698474884,False,622727168
2026090821,0.1297315833770822,58,1,0.03,5,-0.23769207298755646,537849856,0.11204925210203077,0.056497521698474884,False,622727168
2026090821,0.1297315833770822,59,1,0.03,13,0.31596246361732483,520282112,0.10838939693174338,0.09983228147029877,False,622727168
2026090821,0.1297315833770822,60,1,0.03,13,-0.31596246361732483,535285760,0.11151507878969692,0.09983228147029877,False,622727168
2026090821,0.1297315833770822,61,1,0.03,21,0.21792641282081604,529981440,0.1104100397490063,0.04749192297458649,False,622727168
2026090821,0.1297315833770822,62,1,0.03,21,-0.21792641282081604,536489984,0.1117659525178537,0.04749192297458649,False,622727168
2026090821,0.1297315833770822,63,1,0.03,30,0.7582098841667175,492257280,0.1025510362240944,0.5748822093009949,False,622727168
2026090821,0.1297315833770822,64,1,0.03,30,-0.7582098841667175,533041152,0.11104746381340463,0.5748822093009949,False,622727168
2026090821,0.1297315833770822,65,1,0.03,53,0.2268894761800766,530735104,0.11056704915710441,0.051478832960128784,False,622727168
2026090821,0.1297315833770822,66,1,0.03,53,-0.2268894761800766,535371776,0.11153299834170814,0.051478832960128784,False,622727168
2026090821,0.1297315833770822,67,1,0.03,22,0.1911364048719406,531005440,0.1106233677491396,0.03653312474489212,False,622727168
2026090821,0.1297315833770822,68,1,0.03,22,-0.1911364048719406,538959872,0.1122804996541753,0.03653312474489212,False,622727168
2026090821,0.1297315833770822,69,1,0.03,26,0.31352245807647705,515321856,0.10735603609909754,0.09829632937908173,False,622727168
2026090821,0.1297315833770822,70,1,0.03,26,-0.31352245807647705,509923328,0.10623137088239461,0.09829632937908173,False,622727168
2026090821,0.1297315833770822,71,1,0.03,49,0.3525323271751404,512409600,0.10674933126671833,0.12427904456853867,False,622727168
2026090821,0.1297315833770822,72,1,0.03,49,-0.3525323271751404,532893696,0.11101674458138545,0.12427904456853867,False,622727168
2026090821,0.1297315833770822,73,1,0.03,59,0.2092447429895401,522625024,0.10887749139604842,0.043783362954854965,False,622727168
2026090821,0.1297315833770822,74,1,0.03,59,-0.2092447429895401,541310976,0.11277030074248144,0.043783362954854965,False,622727168
2026090821,0.1297315833770822,75,1,0.03,19,0.1275467872619629,535334912,0.11152531853370333,0.016268182545900345,False,622727168
2026090821,0.1297315833770822,76,1,0.03,19,-0.1275467872619629,529518592,0.110313615492946,0.016268182545900345,False,622727168
2026090821,0.1297315833770822,77,1,0.03,44,0.34274017810821533,519061504,0.10813510995558445,0.11747083067893982,False,622727168
2026090821,0.1297315833770822,78,1,0.03,44,-0.34274017810821533,533295104,0.11110036915743775,0.11747083067893982,False,622727168
2026090821,0.1297315833770822,79,1,0.03,52,0.17903156578540802,535330816,0.11152446522170278,0.03205230087041855,False,622727168
2026090821,0.1297315833770822,80,1,0.03,52,-0.17903156578540802,534233088,0.11129577760555985,0.03205230087041855,False,622727168
2026090821,0.1297315833770822,81,1,0.03,23,0.18389268219470978,525717504,0.10952174195645109,0.03381652012467384,False,622727168
2026090821,0.1297315833770822,82,1,0.03,23,-0.18389268219470978,542699520,0.11305957351066225,0.03381652012467384,False,622727168
2026090821,0.1297315833770822,83,1,0.03,2,0.40497323870658875,517140480,0.10773490662733433,0.16400332748889923,False,622727168
2026090821,0.1297315833770822,84,1,0.03,2,-0.40497323870658875,518950912,0.10811207053157006,0.16400332748889923,False,622727168
2026090821,0.1297315833770822,85,1,0.03,16,0.1880902796983719,528396288,0.1100798080047999,0.035377953201532364,False,622727168
2026090821,0.1297315833770822,86,1,0.03,16,-0.1880902796983719,534077440,0.1112633517495396,0.035377953201532364,False,622727168
2026090821,0.1297315833770822,87,1,0.03,50,0.5478565096855164,509861888,0.10621857120238663,0.30014675855636597,False,622727168
2026090821,0.1297315833770822,88,1,0.03,50,-0.5478565096855164,517070848,0.10772040032332525,0.30014675855636597,False,622727168
2026090821,0.1297315833770822,89,1,0.03,40,0.18674321472644806,522395648,0.10882970592401854,0.034873027354478836,False,622727168
2026090821,0.1297315833770822,90,1,0.03,40,-0.18674321472644806,536276992,0.111721580293826,0.034873027354478836,False,622727168
2026090821,0.1297315833770822,91,1,0.03,39,0.3918192982673645,513675264,0.10701300467488313,0.15352235734462738,False,622727168
2026090821,0.1297315833770822,92,1,0.03,39,-0.3918192982673645,520880128,0.10851398048382122,0.15352235734462738,False,622727168
2026090821,0.1297315833770822,93,1,0.03,56,0.23150356113910675,520871936,0.10851227385982017,0.05359390005469322,False,622727168
2026090821,0.1297315833770822,94,1,0.03,56,-0.23150356113910675,534745088,0.11140244160562653,0.05359390005469322,False,622727168
2026090821,0.1297315833770822,95,1,0.03,34,0.40943074226379395,509378560,0.10611788038632365,0.1676335334777832,False,622727168
2026090821,0.1297315833770822,96,1,0.03,34,-0.40943074226379395,522911744,0.10893722323608575,0.1676335334777832,False,622727168
2026090821,0.1297315833770822,97,1,0.03,33,0.5167502760887146,498864128,0.10392742848095465,0.26703083515167236,False,622727168
2026090821,0.1297315833770822,98,1,0.03,33,-0.5167502760887146,524414976,0.10925038874028148,0.26703083515167236,False,622727168
2026090821,0.1297315833770822,99,1,0.03,51,0.1802522838115692,532631552,0.11096213261335132,0.03249088674783707,False,622727168
2026090821,0.1297315833770822,100,1,0.03,51,-0.1802522838115692,531132416,0.11064982042115616,0.03249088674783707,False,622727168
2026090821,0.1297315833770822,101,1,0.03,27,0.3087518811225891,521383936,0.10861893785988685,0.09532772749662399,False,622727168
2026090821,0.1297315833770822,102,1,0.03,27,-0.3087518811225891,536662016,0.11180179162187613,0.09532772749662399,False,622727168
2026090821,0.1297315833770822,103,1,0.03,28,0.3549251854419708,526069760,0.10959512678849696,0.12597188353538513,False,622727168
2026090821,0.1297315833770822,104,1,0.03,28,-0.3549251854419708,532873216,0.1110124780213828,0.12597188353538513,False,622727168
2026090821,0.1297315833770822,105,1,0.03,24,0.45380228757858276,511852544,0.1066332808346458,0.2059365212917328,False,622727168
2026090821,0.1297315833770822,106,1,0.03,24,-0.45380228757858276,516796416,0.1076632284192895,0.2059365212917328,False,622727168
2026090821,0.1297315833770822,107,1,0.03,41,0.2779421806335449,527003648,0.10978968192461856,0.0772518590092659,False,622727168
2026090821,0.1297315833770822,108,1,0.03,41,-0.2779421806335449,530878464,0.11059691507712309,0.0772518590092659,False,622727168
2026090821,0.1297315833770822,109,1,0.03,6,0.14244027435779572,525344768,0.10944409056440256,0.020289231091737747,False,622727168
2026090821,0.1297315833770822,110,1,0.03,6,-0.14244027435779572,532414464,0.11091690707732306,0.020289231091737747,False,622727168
2026090821,0.1297315833770822,111,1,0.03,4,0.870839536190033,512999424,0.10687220819479513,0.7583615183830261,False,622727168
2026090821,0.1297315833770822,112,1,0.03,4,-0.870839536190033,471404544,0.09820682482937926,0.7583615183830261,False,622727168
2026090821,0.1297315833770822,113,1,0.03,11,0.24763204157352448,524414976,0.10925038874028148,0.06132162734866142,False,622727168
2026090821,0.1297315833770822,114,1,0.03,11,-0.24763204157352448,535273472,0.11151251885369533,0.06132162734866142,False,622727168
2026090821,0.1297315833770822,115,1,0.03,55,0.39116865396499634,510902272,0.10643531245052207,0.15301291644573212,False,622727168
2026090821,0.1297315833770822,116,1,0.03,55,-0.39116865396499634,510730240,0.10639947334649968,0.15301291644573212,False,622727168
2026090821,0.1297315833770822,117,1,0.03,20,0.26328498125076294,528785408,0.11016087264485054,0.0693189799785614,False,622727168
2026090821,0.1297315833770822,118,1,0.03,20,-0.26328498125076294,537300992,0.1119349082939593,0.0693189799785614,False,622727168
2026090821,0.1297315833770822,119,1,0.03,60,0.35295841097831726,519462912,0.10821873453163672,0.12457963824272156,False,622727168
2026090821,0.1297315833770822,120,1,0.03,60,-0.35295841097831726,533897216,0.11122580602151612,0.12457963824272156,False,622727168
2026090821,0.1297315833770822,121,1,0.03,54,0.9459153413772583,495882240,0.1033062173445664,0.8947558403015137,False,622727168
2026090821,0.1297315833770822,122,1,0.03,54,-0.9459153413772583,478990336,0.09978715865436698,0.8947558403015137,False,622727168
2026090821,0.1297315833770822,123,1,0.03,3,0.4104788303375244,514842624,0.10725619859503514,0.1684928685426712,False,622727168
2026090821,0.1297315833770822,124,1,0.03,3,-0.4104788303375244,512323584,0.10673141171470714,0.1684928685426712,False,622727168
2026090821,0.1297315833770822,125,1,0.03,58,0.17469196021556854,532447232,0.11092373357332734,0.030517280101776123,False,622727168
2026090821,0.1297315833770822,126,1,0.03,58,-0.17469196021556854,541409280,0.11279078023049423,0.030517280101776123,False,622727168
2026090821,0.1297315833770822,127,1,0.03,9,0.15308994054794312,530014208,0.11041686624501056,0.02343652956187725,False,622727168
2026090821,0.1297315833770822,128,1,0.03,9,-0.15308994054794312,530771968,0.11057472896510921,0.02343652956187725,False,622727168
2026090821,0.1297315833770822,129,2,0.01,20,0.08776166290044785,592330752,0.12339915502112449,0.007702109403908253,False,622727168
2026090821,0.1297315833770822,130,2,0.01,20,-0.08776166290044785,595845120,0.12413129671758205,0.007702109403908253,False,622727168
2026090821,0.1297315833770822,131,2,0.01,27,0.10291729122400284,589901824,0.12289314100480819,0.010591968894004822,False,622727168
2026090821,0.1297315833770822,132,2,0.01,27,-0.10291729122400284,595697664,0.12410057748556286,0.010591968894004822,False,622727168
2026090821,0.1297315833770822,133,2,0.01,50,0.18261882662773132,585826304,0.12204409556427755,0.03334963694214821,False,622727168
2026090821,0.1297315833770822,134,2,0.01,50,-0.18261882662773132,590225408,0.12296055265285034,0.03334963694214821,False,622727168
2026090821,0.1297315833770822,135,2,0.01,6,0.04748009145259857,591093760,0.12314145479696341,0.0022543591912835836,False,622727168
2026090821,0.1297315833770822,136,2,0.01,6,-0.04748009145259857,594681856,0.12388895610943058,0.0022543591912835836,False,622727168
2026090821,0.1297315833770822,137,2,0.01,59,0.06974824517965317,590340096,0.12298444538886527,0.00486481748521328,False,622727168
2026090821,0.1297315833770822,138,2,0.01,59,-0.06974824517965317,596754432,0.12432073198170045,0.00486481748521328,False,622727168
2026090821,0.1297315833770822,139,2,0.01,58,0.05823065713047981,593461248,0.12363466913327166,0.0033908095210790634,False,622727168
2026090821,0.1297315833770822,140,2,0.01,58,-0.05823065713047981,596963328,0.12436425089372766,0.0033908095210790634,False,622727168
2026090821,0.1297315833770822,141,2,0.01,21,0.07264214009046555,592478208,0.12342987425314367,0.005276880692690611,False,622727168
2026090821,0.1297315833770822,142,2,0.01,21,-0.07264214009046555,595509248,0.12406132513353833,0.005276880692690611,False,622727168
2026090821,0.1297315833770822,143,2,0.01,11,0.08254401385784149,590565376,0.12303137754889461,0.006813514046370983,False,622727168
2026090821,0.1297315833770822,144,2,0.01,11,-0.08254401385784149,595529728,0.12406559169354099,0.006813514046370983,False,622727168
2026090821,0.1297315833770822,145,2,0.01,0,0.051332987844944,592453632,0.12342475438114048,0.0026350757107138634,False,622727168
2026090821,0.1297315833770822,146,2,0.01,0,-0.051332987844944,592793600,0.12349557927718473,0.0026350757107138634,False,622727168
2026090821,0.1297315833770822,147,2,0.01,10,0.09188850224018097,591200256,0.12316364090897729,0.008443497121334076,False,622727168
2026090821,0.1297315833770822,148,2,0.01,10,-0.09188850224018097,597749760,0.12452808679783005,0.008443497121334076,False,622727168
2026090821,0.1297315833770822,149,2,0.01,29,0.08785577118396759,590852096,0.12309110938893196,0.007718636654317379,False,622727168
2026090821,0.1297315833770822,150,2,0.01,29,-0.08785577118396759,597053440,0.1243830237577394,0.007718636654317379,False,622727168
2026090821,0.1297315833770822,151,2,0.01,53,0.075629822909832,592543744,0.12344352724515222,0.005719870328903198,False,622727168
2026090821,0.1297315833770822,152,2,0.01,53,-0.075629822909832,595673088,0.12409545761355967,0.005719870328903198,False,622727168
2026090821,0.1297315833770822,153,2,0.01,60,0.11765279620885849,588210176,0.12254072314858795,0.013842180371284485,False,622727168
2026090821,0.1297315833770822,154,2,0.01,60,-0.11765279620885849,594948096,0.12394442138946526,0.013842180371284485,False,622727168
2026090821,0.1297315833770822,155,2,0.01,16,0.06269676238298416,591724544,0.12327286484504553,0.003930883947759867,False,622727168
2026090821,0.1297315833770822,156,2,0.01,16,-0.06269676238298416,594718720,0.12389663591743538,0.003930883947759867,False,622727168
2026090821,0.1297315833770822,157,2,0.01,3,0.1368262767791748,587661312,0.12242637934051648,0.018721429631114006,False,622727168
2026090821,0.1297315833770822,158,2,0.01,3,-0.1368262767791748,587059200,0.12230094247643808,0.018721429631114006,False,622727168
2026090821,0.1297315833770822,159,2,0.01,4,0.2902798652648926,588926976,0.12269005274868128,0.08426240086555481,False,622727168
2026090821,0.1297315833770822,160,2,0.01,4,-0.2902798652648926,572534784,0.11927509812254693,0.08426240086555481,False,622727168
2026090821,0.1297315833770822,161,2,0.01,32,0.06065836548805237,595419136,0.1240425522695266,0.003679437329992652,False,622727168
2026090821,0.1297315833770822,162,2,0.01,32,-0.06065836548805237,595968000,0.12415689607759806,0.003679437329992652,False,622727168
2026090821,0.1297315833770822,163,2,0.01,39,0.13060642778873444,587788288,0.12245283201253303,0.01705803908407688,False,622727168
2026090821,0.1297315833770822,164,2,0.01,39,-0.13060642778873444,590573568,0.12303308417289567,0.01705803908407688,False,622727168
2026090821,0.1297315833770822,165,2,0.01,38,0.265252023935318,577019904,0.12020947476313093,0.07035863399505615,False,622727168
2026090821,0.1297315833770822,166,2,0.01,38,-0.265252023935318,592826368,0.12350240577318901,0.07035863399505615,False,622727168
2026090821,0.1297315833770822,167,2,0.01,62,0.12739606201648712,588288000,0.12255693607659811,0.01622975617647171,False,622727168
2026090821,0.1297315833770822,168,2,0.01,62,-0.12739606201648712,592048128,0.1233402764930877,0.01622975617647171,False,622727168
2026090821,0.1297315833770822,169,2,0.01,9,0.051029980182647705,592506880,0.1234358474371474,0.0026040589436888695,False,622727168
2026090821,0.1297315833770822,170,2,0.01,9,-0.051029980182647705,593833984,0.1237123205253202,0.0026040589436888695,False,622727168
2026090821,0.1297315833770822,171,2,0.01,18,0.1401563435792923,584126464,0.12168997108405621,0.01964380033314228,False,622727168
2026090821,0.1297315833770822,172,2,0.01,18,-0.1401563435792923,593833984,0.1237123205253202,0.01964380033314228,False,622727168
2026090821,0.1297315833770822,173,2,0.01,48,0.0658755972981453,594161664,0.12378058548536286,0.004339594393968582,False,622727168
2026090821,0.1297315833770822,174,2,0.01,48,-0.0658755972981453,594944000,0.12394356807746472,0.004339594393968582,False,622727168
2026090821,0.1297315833770822,175,2,0.01,22,0.06371213495731354,592986112,0.12353568494120981,0.004059236031025648,False,622727168
2026090821,0.1297315833770822,176,2,0.01,22,-0.06371213495731354,596819968,0.12433438497370898,0.004059236031025648,False,622727168
2026090821,0.1297315833770822,177,2,0.01,56,0.07716785371303558,589504512,0.12281036974075649,0.005954877473413944,False,622727168
2026090821,0.1297315833770822,178,2,0.01,56,-0.07716785371303558,594862080,0.12392650183745406,0.005954877473413944,False,622727168
2026090821,0.1297315833770822,179,2,0.01,43,0.2237749993801117,579338240,0.12069244935543277,0.05007525160908699,False,622727168
2026090821,0.1297315833770822,180,2,0.01,43,-0.2237749993801117,594657280,0.12388383623742738,0.05007525160908699,False,622727168
2026090821,0.1297315833770822,181,2,0.01,49,0.11751077324151993,585523200,0.1219809504762381,0.0138087822124362,False,622727168
2026090821,0.1297315833770822,182,2,0.01,49,-0.11751077324151993,594309120,0.12381130471738207,0.0138087822124362,False,622727168
2026090821,0.1297315833770822,183,2,0.01,1,0.44416335225105286,571437056,0.11904641050640402,0.19728107750415802,False,622727168
2026090821,0.1297315833770822,184,2,0.01,1,-0.44416335225105286,603848704,0.12579866836662415,0.19728107750415802,False,622727168
2026090821,0.1297315833770822,185,2,0.01,24,0.1512674242258072,587038720,0.12229667591643541,0.02288183383643627,False,622727168
2026090821,0.1297315833770822,186,2,0.01,24,-0.1512674242258072,589496320,0.12280866311675541,0.02288183383643627,False,622727168
2026090821,0.1297315833770822,187,2,0.01,45,0.05076616629958153,590929920,0.12310732231694206,0.002577203558757901,False,622727168
2026090821,0.1297315833770822,188,2,0.01,45,-0.05076616629958153,594173952,0.12378314542136447,0.002577203558757901,False,622727168
2026090821,0.1297315833770822,189,2,0.01,26,0.10450748354196548,587534336,0.12239992666849996,0.010921814478933811,False,622727168
2026090821,0.1297315833770822,190,2,0.01,26,-0.10450748354196548,587182080,0.12232654183645408,0.010921814478933811,False,622727168
2026090821,0.1297315833770822,191,2,0.01,47,0.050818223506212234,592269312,0.12338635534111647,0.0025824918411672115,False,622727168
2026090821,0.1297315833770822,192,2,0.01,47,-0.050818223506212234,594857984,0.12392564852545356,0.0025824918411672115,False,622727168
2026090821,0.1297315833770822,193,2,0.01,5,0.07923068851232529,592105472,0.12335222286109514,0.0062775020487606525,False,622727168
2026090821,0.1297315833770822,194,2,0.01,5,-0.07923068851232529,596234240,0.12421236135763274,0.0062775020487606525,False,622727168
2026090821,0.1297315833770822,195,2,0.01,19,0.042515598237514496,594378752,0.12382581102139113,0.0018075760453939438,False,622727168
2026090821,0.1297315833770822,196,2,0.01,19,-0.042515598237514496,593473536,0.12363722906927327,0.0018075760453939438,False,622727168
2026090821,0.1297315833770822,197,2,0.01,42,0.13033220171928406,586616832,0.12220878478038048,0.016986483708024025,False,622727168
2026090821,0.1297315833770822,198,2,0.01,42,-0.13033220171928406,591265792,0.12317729390098581,0.016986483708024025,False,622727168
2026090821,0.1297315833770822,199,2,0.01,61,0.06265880167484283,590467072,0.1230108980608818,0.003926125355064869,False,622727168
2026090821,0.1297315833770822,200,2,0.01,61,-0.06265880167484283,595070976,0.12397002074948126,0.003926125355064869,False,622727168
2026090821,0.1297315833770822,201,2,0.01,41,0.09264739602804184,591532032,0.12323275918102046,0.008583540096879005,False,622727168
2026090821,0.1297315833770822,202,2,0.01,41,-0.09264739602804184,594014208,0.12374986625334365,0.008583540096879005,False,622727168
2026090821,0.1297315833770822,203,2,0.01,57,0.06908000260591507,591646720,0.12325665191703539,0.004772046580910683,False,622727168
2026090821,0.1297315833770822,204,2,0.01,57,-0.06908000260591507,597053440,0.1243830237577394,0.004772046580910683,False,622727168
2026090821,0.1297315833770822,205,2,0.01,12,0.05404379963874817,594935808,0.12394186145346366,0.002920732367783785,False,622727168
2026090821,0.1297315833770822,206,2,0.01,12,-0.05404379963874817,594477056,0.12384629050940393,0.002920732367783785,False,622727168
2026090821,0.1297315833770822,207,2,0.01,15,0.18721505999565125,586043392,0.12208932110030583,0.03504947945475578,False,622727168
2026090821,0.1297315833770822,208,2,0.01,15,-0.18721505999565125,585715712,0.12202105614026316,0.03504947945475578,False,622727168
2026090821,0.1297315833770822,209,2,0.01,8,0.06969235092401505,594067456,0.1237609593093506,0.00485702371224761,False,622727168
2026090821,0.1297315833770822,210,2,0.01,8,-0.06969235092401505,595492864,0.12405791188553618,0.00485702371224761,False,622727168
2026090821,0.1297315833770822,211,2,0.01,33,0.17225009202957153,581709824,0.1211865170037416,0.029670095071196556,False,622727168
2026090821,0.1297315833770822,212,2,0.01,33,-0.17225009202957153,591802368,0.12328907777305569,0.029670095071196556,False,622727168
2026090821,0.1297315833770822,213,2,0.01,44,0.11424672603607178,589668352,0.12284450222077781,0.013052314519882202,False,622727168
2026090821,0.1297315833770822,214,2,0.01,44,-0.11424672603607178,594448384,0.1238403173254002,0.013052314519882202,False,622727168
2026090821,0.1297315833770822,215,2,0.01,34,0.13647690415382385,585428992,0.12196132430022583,0.01862594485282898,False,622727168
2026090821,0.1297315833770822,216,2,0.01,34,-0.13647690415382385,590340096,0.12298444538886528,0.01862594485282898,False,622727168
2026090821,0.1297315833770822,217,2,0.01,25,0.095823734998703,590159872,0.12294689966084181,0.009182187728583813,False,622727168
2026090821,0.1297315833770822,218,2,0.01,25,-0.095823734998703,591941632,0.12331809038107379,0.009182187728583813,False,622727168
2026090821,0.1297315833770822,219,2,0.01,37,0.12898001074790955,587264000,0.12234360807646476,0.016635842621326447,False,622727168
2026090821,0.1297315833770822,220,2,0.01,37,-0.12898001074790955,589361152,0.12278050382073781,0.016635842621326447,False,622727168
2026090821,0.1297315833770822,221,2,0.01,55,0.13038955628871918,586539008,0.12219257185237035,0.01700143702328205,False,622727168
2026090821,0.1297315833770822,222,2,0.01,55,-0.13038955628871918,586952704,0.12227875636442424,0.01700143702328205,False,622727168
2026090821,0.1297315833770822,223,2,0.01,14,0.05754189193248749,591450112,0.12321569294100981,0.003311069216579199,False,622727168
2026090821,0.1297315833770822,224,2,0.01,14,-0.05754189193248749,595193856,0.12399562010949726,0.003311069216579199,False,622727168
2026090821,0.1297315833770822,225,2,0.01,31,0.15887141227722168,583528448,0.12156538753197836,0.025240125134587288,False,622727168
2026090821,0.1297315833770822,226,2,0.01,31,-0.15887141227722168,592121856,0.12335563610909726,0.025240125134587288,False,622727168
2026090821,0.1297315833770822,227,2,0.01,46,0.12128107249736786,591122432,0.12314742798096716,0.014709098264575005,False,622727168
2026090821,0.1297315833770822,228,2,0.01,46,-0.12128107249736786,593547264,0.12365258868528285,0.014709098264575005,False,622727168
2026090821,0.1297315833770822,229,2,0.01,28,0.11830839514732361,590979072,0.12311756206094848,0.013996876776218414,False,622727168
2026090821,0.1297315833770822,230,2,0.01,28,-0.11830839514732361,594337792,0.1238172779013858,0.013996876776218414,False,622727168
2026090821,0.1297315833770822,231,2,0.01,63,0.055624380707740784,593412096,0.12362442938926527,0.0030940717551857233,False,622727168
2026090821,0.1297315833770822,232,2,0.01,63,-0.055624380707740784,594980864,0.12395124788546953,0.0030940717551857233,False,622727168
2026090821,0.1297315833770822,233,2,0.01,54,0.31530511379241943,581767168,0.12119846337174901,0.0994173139333725,False,622727168
2026090821,0.1297315833770822,234,2,0.01,54,-0.31530511379241943,577556480,0.12032125863520078,0.0994173139333725,False,622727168
2026090821,0.1297315833770822,235,2,0.01,51,0.06008409336209297,593354752,0.12361248302125782,0.0036100982688367367,False,622727168
2026090821,0.1297315833770822,236,2,0.01,51,-0.06008409336209297,593940480,0.12373450663733408,0.0036100982688367367,False,622727168
2026090821,0.1297315833770822,237,2,0.01,30,0.2527366280555725,578514944,0.1205209336433256,0.06387580186128616,False,622727168
2026090821,0.1297315833770822,238,2,0.01,30,-0.2527366280555725,596058112,0.12417566894160977,0.06387580186128616,False,622727168
2026090821,0.1297315833770822,239,2,0.01,17,0.09480424970388412,588431360,0.12258680199661677,0.008987845852971077,False,622727168
2026090821,0.1297315833770822,240,2,0.01,17,-0.09480424970388412,596062208,0.12417652225361032,0.008987845852971077,False,622727168
2026090821,0.1297315833770822,241,2,0.01,40,0.06224773824214935,590761984,0.12307233652492021,0.0038747808430343866,False,622727168
2026090821,0.1297315833770822,242,2,0.01,40,-0.06224773824214935,595636224,0.12408777780555487,0.0038747808430343866,False,622727168
2026090821,0.1297315833770822,243,2,0.01,23,0.06129755824804306,591327232,0.1231900935809938,0.003757390659302473,False,622727168
2026090821,0.1297315833770822,244,2,0.01,23,-0.06129755824804306,597213184,0.12441630292576018,0.003757390659302473,False,622727168
2026090821,0.1297315833770822,245,2,0.01,2,0.13499107956886292,588652544,0.12263288084464558,0.018222590908408165,False,622727168
2026090821,0.1297315833770822,246,2,0.01,2,-0.13499107956886292,589713408,0.12285388865278368,0.018222590908408165,False,622727168
2026090821,0.1297315833770822,247,2,0.01,13,0.10532081872224808,588824576,0.12266871994866796,0.011092474684119225,False,622727168
2026090821,0.1297315833770822,248,2,0.01,13,-0.10532081872224808,595410944,0.12404084564552555,0.011092474684119225,False,622727168
2026090821,0.1297315833770822,249,2,0.01,36,0.10457699745893478,590942208,0.12310988225294368,0.01093634869903326,False,622727168
2026090821,0.1297315833770822,250,2,0.01,36,-0.10457699745893478,593612800,0.12366624167729139,0.01093634869903326,False,622727168
2026090821,0.1297315833770822,251,2,0.01,7,0.21691639721393585,583790592,0.1216199995000125,0.04705272242426872,False,622727168
2026090821,0.1297315833770822,252,2,0.01,7,-0.21691639721393585,585748480,0.12202788263626742,0.04705272242426872,False,622727168
2026090821,0.1297315833770822,253,2,0.01,35,0.0592464804649353,593993728,0.123745599693341,0.0035101454704999924,False,622727168
2026090821,0.1297315833770822,254,2,0.01,35,-0.0592464804649353,595132416,0.12398282042948927,0.0035101454704999924,False,622727168
2026090821,0.1297315833770822,255,2,0.01,52,0.05967719107866287,594530304,0.12385738356541087,0.0035613670479506254,False,622727168
2026090821,0.1297315833770822,256,2,0.01,52,-0.05967719107866287,595197952,0.12399647342149778,0.0035613670479506254,False,622727168
2026090821,0.1297315833770822,257,3,0.003,7,0.06507492065429688,612696064,0.12764182228777612,0.004234745167195797,False,622727168
2026090821,0.1297315833770822,258,3,0.003,7,-0.06507492065429688,613715968,0.12785429697590892,0.004234745167195797,False,622727168
2026090821,0.1297315833770822,259,3,0.003,57,0.02072400227189064,614899712,0.12810090414406308,0.0004294842656236142,False,622727168
2026090821,0.1297315833770822,260,3,0.003,57,-0.02072400227189064,616157184,0.12836287092822682,0.0004294842656236142,False,622727168
2026090821,0.1297315833770822,261,3,0.003,26,0.031352244317531586,613711872,0.1278534436639084,0.0009829632472246885,False,622727168
2026090821,0.1297315833770822,262,3,0.003,26,-0.031352244317531586,613847040,0.12788160295992598,0.0009829632472246885,False,622727168
2026090821,0.1297315833770822,263,3,0.003,17,0.028441276401281357,613666816,0.12784405723190254,0.000808906217571348,False,622727168
2026090821,0.1297315833770822,264,3,0.003,17,-0.028441276401281357,616345600,0.12840212328025133,0.000808906217571348,False,622727168
2026090821,0.1297315833770822,265,3,0.003,31,0.047661423683166504,612417536,0.12758379707173986,0.0022716112434864044,False,622727168
2026090821,0.1297315833770822,266,3,0.003,31,-0.047661423683166504,615387136,0.12820244827212654,0.0022716112434864044,False,622727168
2026090821,0.1297315833770822,267,3,0.003,38,0.07957561314105988,610910208,0.12726977825554361,0.006332278251647949,False,622727168
2026090821,0.1297315833770822,268,3,0.003,38,-0.07957561314105988,616144896,0.1283603109922252,0.006332278251647949,False,622727168
2026090821,0.1297315833770822,269,3,0.003,24,0.04538022726774216,612974592,0.1276998475038124,0.0020593649242073298,False,622727168
2026090821,0.1297315833770822,270,3,0.003,24,-0.04538022726774216,614592512,0.12803690574402307,0.0020593649242073298,False,622727168
2026090821,0.1297315833770822,271,3,0.003,23,0.018389267846941948,614809600,0.12808213128005133,0.00033816517679952085,False,622727168
2026090821,0.1297315833770822,272,3,0.003,23,-0.018389267846941948,616644608,0.12846441505629028,0.00033816517679952085,False,622727168
2026090821,0.1297315833770822,273,3,0.003,16,0.01880902796983719,614641664,0.12804714548802948,0.00035377952735871077,False,622727168
2026090821,0.1297315833770822,274,3,0.003,16,-0.01880902796983719,615858176,0.12830057915218787,0.00035377952735871077,False,622727168
2026090821,0.1297315833770822,275,3,0.003,32,0.01819751039147377,615751680,0.128278393040174,0.00033114937832579017,False,622727168
2026090821,0.1297315833770822,276,3,0.003,32,-0.01819751039147377,616034304,0.1283372715682108,0.00033114937832579017,False,622727168
2026090821,0.1297315833770822,277,3,0.003,55,0.03911686688661575,613249024,0.12775701940784814,0.0015301292296499014,False,622727168
2026090821,0.1297315833770822,278,3,0.003,55,-0.03911686688661575,614055936,0.1279251218719532,0.0015301292296499014,False,622727168
2026090821,0.1297315833770822,279,3,0.003,0,0.015399896539747715,614952960,0.12811199720007,0.00023715681163594127,False,622727168
2026090821,0.1297315833770822,280,3,0.003,0,-0.015399896539747715,615333888,0.12819135521611957,0.00023715681163594127,False,622727168
2026090821,0.1297315833770822,281,3,0.003,61,0.01879764162003994,614412288,0.1279993600159996,0.00035335132270120084,False,622727168
2026090821,0.1297315833770822,282,3,0.003,61,-0.01879764162003994,615964672,0.12832276526420175,0.00035335132270120084,False,622727168
2026090821,0.1297315833770822,283,3,0.003,15,0.05616452172398567,613412864,0.12779115188786946,0.0031544535886496305,False,622727168
2026090821,0.1297315833770822,284,3,0.003,15,-0.05616452172398567,613847040,0.127881602959926,0.0031544535886496305,False,622727168
2026090821,0.1297315833770822,285,3,0.003,8,0.020907705649733543,615403520,0.12820586152012867,0.0004371321410872042,False,622727168
2026090821,0.1297315833770822,286,3,0.003,8,-0.020907705649733543,616124416,0.1283560444322225,0.0004371321410872042,False,622727168
2026090821,0.1297315833770822,287,3,0.003,63,0.016687314957380295,615157760,0.12815466280009666,0.00027846646844409406,False,622727168
2026090821,0.1297315833770822,288,3,0.003,63,-0.016687314957380295,615866368,0.12830228577618893,0.00027846646844409406,False,622727168
2026090821,0.1297315833770822,289,3,0.003,58,0.017469197511672974,615116800,0.12814612968009131,0.0003051728708669543,False,622727168
2026090821,0.1297315833770822,290,3,0.003,58,-0.017469197511672974,616202240,0.1283722573602327,0.0003051728708669543,False,622727168
2026090821,0.1297315833770822,291,3,0.003,25,0.02874712087213993,614420480,0.1280010666400007,0.0008263969793915749,False,622727168
2026090821,0.1297315833770822,292,3,0.003,25,-0.02874712087213993,615284736,0.12818111547211322,0.0008263969793915749,False,622727168
2026090821,0.1297315833770822,293,3,0.003,37,0.03869400545954704,613388288,0.12778603201586627,0.0014972260687500238,False,622727168
2026090821,0.1297315833770822,294,3,0.003,37,-0.03869400545954704,614768640,0.12807359816004601,0.0014972260687500238,False,622727168
2026090821,0.1297315833770822,295,3,0.003,28,0.03549252077937126,614621184,0.1280428789280268,0.0012597190216183662,False,622727168
2026090821,0.1297315833770822,296,3,0.003,28,-0.03549252077937126,615837696,0.12829631259218519,0.0012597190216183662,False,622727168
2026090821,0.1297315833770822,297,3,0.003,40,0.018674321472644806,614645760,0.12804799880003,0.0003487302747089416,False,622727168
2026090821,0.1297315833770822,298,3,0.003,40,-0.018674321472644806,616194048,0.12837055073623158,0.0003487302747089416,False,622727168
2026090821,0.1297315833770822,299,3,0.003,13,0.03159624710679054,613912576,0.12789525595193452,0.0009983228519558907,False,622727168
2026090821,0.1297315833770822,300,3,0.003,13,-0.03159624710679054,616378368,0.12840894977625558,0.0009983228519558907,False,622727168
2026090821,0.1297315833770822,301,3,0.003,27,0.030875189229846,614281216,0.12797205403198253,0.0009532772819511592,False,622727168
2026090821,0.1297315833770822,302,3,0.003,27,-0.030875189229846,615899136,0.1283091122721932,0.0009532772819511592,False,622727168
2026090821,0.1297315833770822,303,3,0.003,60,0.035295840352773666,613617664,0.12783381748789613,0.001245796331204474,False,622727168
2026090821,0.1297315833770822,304,3,0.003,60,-0.035295840352773666,616005632,0.12833129838420707,0.001245796331204474,False,622727168
2026090821,0.1297315833770822,305,3,0.003,30,0.07582099735736847,611381248,0.12736790913560495,0.0057488237507641315,False,622727168
2026090821,0.1297315833770822,306,3,0.003,30,-0.07582099735736847,616439808,0.12842174945626358,0.0057488237507641315,False,622727168
2026090821,0.1297315833770822,307,3,0.003,20,0.026328498497605324,614830080,0.128086397840054,0.000693189853336662,False,622727168
2026090821,0.1297315833770822,308,3,0.003,20,-0.026328498497605324,616185856,0.1283688441122305,0.000693189853336662,False,622727168
2026090821,0.1297315833770822,309,3,0.003,48,0.019762679934501648,615337984,0.12819220852812013,0.000390563509427011,False,622727168
2026090821,0.1297315833770822,310,3,0.003,48,-0.019762679934501648,615735296,0.12827497979217187,0.000390563509427011,False,622727168
2026090821,0.1297315833770822,311,3,0.003,50,0.054785650223493576,613072896,0.1277203269918252,0.0030014675576239824,False,622727168
2026090821,0.1297315833770822,312,3,0.003,50,-0.054785650223493576,614703104,0.12805994516803745,0.0030014675576239824,False,622727168
2026090821,0.1297315833770822,313,3,0.003,54,0.09459153562784195,612454400,0.12759147687974468,0.00894755870103836,False,622727168
2026090821,0.1297315833770822,314,3,0.003,54,-0.09459153562784195,611737600,0.12744214727965134,0.00894755870103836,False,622727168
2026090821,0.1297315833770822,315,3,0.003,51,0.01802522875368595,615206912,0.12816490254410304,0.0003249088767915964,False,622727168
2026090821,0.1297315833770822,316,3,0.003,51,-0.01802522875368595,615723008,0.12827241985617024,0.0003249088767915964,False,622727168
2026090821,0.1297315833770822,317,3,0.003,34,0.040943074971437454,613113856,0.12772886011183052,0.0016763353487476707,False,622727168
2026090821,0.1297315833770822,318,3,0.003,34,-0.040943074971437454,614932480,0.12810773064006734,0.0016763353487476707,False,622727168
2026090821,0.1297315833770822,319,3,0.003,45,0.015229851007461548,614719488,0.12806335841603958,0.00023194836103357375,False,622727168
2026090821,0.1297315833770822,320,3,0.003,45,-0.015229851007461548,615858176,0.12830057915218787,0.00023194836103357375,False,622727168
2026090821,0.1297315833770822,321,3,0.003,3,0.04104788601398468,613613568,0.1278329641758956,0.0016849288949742913,False,622727168
2026090821,0.1297315833770822,322,3,0.003,3,-0.04104788601398468,613965824,0.12790634900794148,0.0016849288949742913,False,622727168
2026090821,0.1297315833770822,323,3,0.003,12,0.01621314138174057,615784448,0.12828521953617825,0.0002628659422043711,False,622727168
2026090821,0.1297315833770822,324,3,0.003,12,-0.01621314138174057,615989248,0.12832788513620494,0.0002628659422043711,False,622727168
2026090821,0.1297315833770822,325,3,0.003,14,0.017262566834688187,614760448,0.12807189153604495,0.0002979962155222893,False,622727168
2026090821,0.1297315833770822,326,3,0.003,14,-0.017262566834688187,616120320,0.12835519112022198,0.0002979962155222893,False,622727168
2026090821,0.1297315833770822,327,3,0.003,42,0.039099663496017456,613027840,0.12771094055981932,0.0015287837013602257,False,622727168
2026090821,0.1297315833770822,328,3,0.003,42,-0.039099663496017456,615415808,0.1282084214561303,0.0015287837013602257,False,622727168
2026090821,0.1297315833770822,329,3,0.003,9,0.015308993868529797,614957056,0.12811285051207053,0.0002343652886338532,False,622727168
2026090821,0.1297315833770822,330,3,0.003,9,-0.015308993868529797,615514112,0.12822890094414305,0.0002343652886338532,False,622727168
2026090821,0.1297315833770822,331,3,0.003,53,0.02268894761800766,614883328,0.12809749089606093,0.0005147883202880621,False,622727168
2026090821,0.1297315833770822,332,3,0.003,53,-0.02268894761800766,616181760,0.12836799080023,0.0005147883202880621,False,622727168
2026090821,0.1297315833770822,333,3,0.003,10,0.02756655216217041,614379520,0.12799253351999532,0.0007599148084409535,False,622727168
2026090821,0.1297315833770822,334,3,0.003,10,-0.02756655216217041,616595456,0.12845417531228387,0.0007599148084409535,False,622727168
2026090821,0.1297315833770822,335,3,0.003,2,0.040497325360774994,613888000,0.12789013607993133,0.001640033326111734,False,622727168
2026090821,0.1297315833770822,336,3,0.003,2,-0.040497325360774994,614330368,0.12798229377598894,0.001640033326111734,False,622727168
2026090821,0.1297315833770822,337,3,0.003,62,0.038218818604946136,613662720,0.127843203919902,0.0014606780605390668,False,622727168
2026090821,0.1297315833770822,338,3,0.003,62,-0.038218818604946136,615518208,0.1282297542561436,0.0014606780605390668,False,622727168
2026090821,0.1297315833770822,339,3,0.003,19,0.012754679657518864,615436288,0.12821268801613292,0.00016268185572698712,False,622727168
2026090821,0.1297315833770822,340,3,0.003,19,-0.012754679657518864,615432192,0.12821183470413242,0.00016268185572698712,False,622727168
2026090821,0.1297315833770822,341,3,0.003,47,0.0152454674243927,614785024,0.12807701140804814,0.00023242428142111748,False,622727168
2026090821,0.1297315833770822,342,3,0.003,47,-0.0152454674243927,615735296,0.12827497979217187,0.00023242428142111748,False,622727168
2026090821,0.1297315833770822,343,3,0.003,5,0.023769207298755646,614961152,0.12811370382407106,0.0005649751983582973,False,622727168
2026090821,0.1297315833770822,344,3,0.003,5,-0.023769207298755646,616296448,0.12839188353624495,0.0005649751983582973,False,622727168
2026090821,0.1297315833770822,345,3,0.003,56,0.023150356486439705,614264832,0.1279686407839804,0.0005359390052035451,False,622727168
2026090821,0.1297315833770822,346,3,0.003,56,-0.023150356486439705,615993344,0.12832873844820544,0.0005359390052035451,False,622727168
2026090821,0.1297315833770822,347,3,0.003,59,0.02092447504401207,614338560,0.12798400039999,0.0004378336598165333,False,622727168
2026090821,0.1297315833770822,348,3,0.003,59,-0.02092447504401207,616132608,0.12835775105622357,0.0004378336598165333,False,622727168
2026090821,0.1297315833770822,349,3,0.003,49,0.03525323420763016,613199872,0.12774677966384174,0.0012427904875949025,False,622727168
2026090821,0.1297315833770822,350,3,0.003,49,-0.03525323420763016,615960576,0.1283219119522012,0.0012427904875949025,False,622727168
2026090821,0.1297315833770822,351,3,0.003,18,0.04204690456390381,612560896,0.12761366299175855,0.0017679422162473202,False,622727168
2026090821,0.1297315833770822,352,3,0.003,18,-0.04204690456390381,615751680,0.128278393040174,0.0017679422162473202,False,622727168
2026090821,0.1297315833770822,353,3,0.003,43,0.06713250279426575,611397632,0.12737132238360707,0.0045067728497087955,False,622727168
2026090821,0.1297315833770822,354,3,0.003,43,-0.06713250279426575,615981056,0.12832617851220385,0.0045067728497087955,False,622727168
2026090821,0.1297315833770822,355,3,0.003,1,0.13324901461601257,609144832,0.12690200078331373,0.01775529980659485,False,622727168
2026090821,0.1297315833770822,356,3,0.003,1,-0.13324901461601257,618483712,0.1288475521445297,0.01775529980659485,False,622727168
2026090821,0.1297315833770822,357,3,0.003,52,0.01790315844118595,615391232,0.12820330158412707,0.00032052307506091893,False,622727168
2026090821,0.1297315833770822,358,3,0.003,52,-0.01790315844118595,615997440,0.128329591760206,0.00032052307506091893,False,622727168
2026090821,0.1297315833770822,359,3,0.003,22,0.01911364123225212,615129088,0.1281486896160929,0.0003653312742244452,False,622727168
2026090821,0.1297315833770822,360,3,0.003,22,-0.01911364123225212,616136704,0.12835860436822413,0.0003653312742244452,False,622727168
2026090821,0.1297315833770822,361,3,0.003,46,0.03638432174921036,614633472,0.1280454388640284,0.0013238188112154603,False,622727168
2026090821,0.1297315833770822,362,3,0.003,46,-0.03638432174921036,615694336,0.12826644667216655,0.0013238188112154603,False,622727168
2026090821,0.1297315833770822,363,3,0.003,44,0.03427401930093765,614092800,0.127932801679958,0.0011747083626687527,False,622727168
2026090821,0.1297315833770822,364,3,0.003,44,-0.03427401930093765,616009728,0.1283321516962076,0.0011747083626687527,False,622727168
2026090821,0.1297315833770822,365,3,0.003,29,0.026356732472777367,614563840,0.12803093256001932,0.0006946773501113057,False,622727168
2026090821,0.1297315833770822,366,3,0.003,29,-0.026356732472777367,616550400,0.128444788880278,0.0006946773501113057,False,622727168
2026090821,0.1297315833770822,367,3,0.003,41,0.02779421955347061,614440960,0.12800533320000332,0.0007725186296738684,False,622727168
2026090821,0.1297315833770822,368,3,0.003,41,-0.02779421955347061,615780352,0.12828436622417774,0.0007725186296738684,False,622727168
2026090821,0.1297315833770822,369,3,0.003,6,0.014244027435779572,614735872,0.12806677166404173,0.00020289231906645,False,622727168
2026090821,0.1297315833770822,370,3,0.003,6,-0.014244027435779572,615866368,0.12830228577618893,0.00020289231906645,False,622727168
2026090821,0.1297315833770822,371,3,0.003,4,0.08708395808935165,613957632,0.1279046423839404,0.0075836158357560635,False,622727168
2026090821,0.1297315833770822,372,3,0.003,4,-0.08708395808935165,610488320,0.1271818871194887,0.0075836158357560635,False,622727168
2026090821,0.1297315833770822,373,3,0.003,21,0.021792642772197723,614735872,0.1280667716640417,0.00047491927398368716,False,622727168
2026090821,0.1297315833770822,374,3,0.003,21,-0.021792642772197723,616075264,0.12834580468821613,0.00047491927398368716,False,622727168
2026090821,0.1297315833770822,375,3,0.003,39,0.03918192908167839,613617664,0.12783381748789613,0.001535223564133048,False,622727168
2026090821,0.1297315833770822,376,3,0.003,39,-0.03918192908167839,614989824,0.1281196770080748,0.001535223564133048,False,622727168
2026090821,0.1297315833770822,377,3,0.003,36,0.031373098492622375,614555648,0.12802922593601826,0.000984271289780736,False,622727168
2026090821,0.1297315833770822,378,3,0.003,36,-0.031373098492622375,615411712,0.1282075681441297,0.000984271289780736,False,622727168
2026090821,0.1297315833770822,379,3,0.003,11,0.024763206019997597,614322176,0.12798058715198787,0.0006132163689471781,False,622727168
2026090821,0.1297315833770822,380,3,0.003,11,-0.024763206019997597,616034304,0.12833727156821081,0.0006132163689471781,False,622727168
2026090821,0.1297315833770822,381,3,0.003,35,0.01777394488453865,615129088,0.12814868961609294,0.0003159131156280637,False,622727168
2026090821,0.1297315833770822,382,3,0.003,35,-0.01777394488453865,615960576,0.1283219119522012,0.0003159131156280637,False,622727168
2026090821,0.1297315833770822,383,3,0.003,33,0.05167503282427788,611864576,0.12746859995166787,0.002670309040695429,False,622727168
2026090821,0.1297315833770822,384,3,0.003,33,-0.05167503282427788,615809024,0.12829033940818144,0.002670309040695429,False,622727168
2026090821,0.1297315833770822,385,4,0.001,47,0.005081822630017996,620797952,0.12932967342483104,2.5824921976891346e-05,False,622727168
2026090821,0.1297315833770822,386,4,0.001,47,-0.005081822630017996,621035520,0.12937916552086198,2.5824921976891346e-05,False,622727168
2026090821,0.1297315833770822,387,4,0.001,13,0.010532082989811897,620654592,0.12929980750481238,0.00011092477507190779,False,622727168
2026090821,0.1297315833770822,388,4,0.001,13,-0.010532082989811897,621182976,0.1294098847528812,0.00011092477507190779,False,622727168
2026090821,0.1297315833770822,389,4,0.001,19,0.004251559730619192,620998656,0.1293714857128572,1.8075759726343676e-05,False,622727168
2026090821,0.1297315833770822,390,4,0.001,19,-0.004251559730619192,621133824,0.12939964500887477,1.8075759726343676e-05,False,622727168
2026090821,0.1297315833770822,391,4,0.001,12,0.005404380615800619,621187072,0.1294107380648817,2.920732913480606e-05,False,622727168
2026090821,0.1297315833770822,392,4,0.001,12,-0.005404380615800619,621187072,0.1294107380648817,2.920732913480606e-05,False,622727168
2026090821,0.1297315833770822,393,4,0.001,8,0.006969235371798277,620924928,0.12935612609684757,4.857024032389745e-05,False,622727168
2026090821,0.1297315833770822,394,4,0.001,8,-0.006969235371798277,621158400,0.129404764880878,4.857024032389745e-05,False,622727168
2026090821,0.1297315833770822,395,4,0.001,22,0.006371213588863611,620892160,0.12934929960084332,4.0592363802716136e-05,False,622727168
2026090821,0.1297315833770822,396,4,0.001,22,-0.006371213588863611,621248512,0.1294235377448897,4.0592363802716136e-05,False,622727168
2026090821,0.1297315833770822,397,4,0.001,57,0.006908000912517309,620933120,0.1293578327208486,4.772047759615816e-05,False,622727168
2026090821,0.1297315833770822,398,4,0.001,57,-0.006908000912517309,621125632,0.1293979383848737,4.772047759615816e-05,False,622727168
2026090821,0.1297315833770822,399,4,0.001,38,0.026525205001235008,619872256,0.12913682491271053,0.0007035864982753992,False,622727168
2026090821,0.1297315833770822,400,4,0.001,38,-0.026525205001235008,621420544,0.1294593768489121,0.0007035864982753992,False,622727168
2026090821,0.1297315833770822,401,4,0.001,25,0.00958237424492836,620756992,0.1293211403048257,9.182189387502149e-05,False,622727168
2026090821,0.1297315833770822,402,4,0.001,25,-0.00958237424492836,620847104,0.12933991316883744,9.182189387502149e-05,False,622727168
2026090821,0.1297315833770822,403,4,0.001,27,0.010291730053722858,620621824,0.1292929810088081,0.00010591970931272954,False,622727168
2026090821,0.1297315833770822,404,4,0.001,27,-0.010291730053722858,621068288,0.12938599201686626,0.00010591970931272954,False,622727168
2026090821,0.1297315833770822,405,4,0.001,24,0.015126743353903294,620486656,0.1292648217127905,0.00022881836048327386,False,622727168
2026090821,0.1297315833770822,406,4,0.001,24,-0.015126743353903294,620969984,0.12936551252885345,0.00022881836048327386,False,622727168
2026090821,0.1297315833770822,407,4,0.001,23,0.006129756569862366,620867584,0.12934417972884013,3.7573914596578106e-05,False,622727168
2026090821,0.1297315833770822,408,4,0.001,23,-0.006129756569862366,621232128,0.12942012449688758,3.7573914596578106e-05,False,622727168
2026090821,0.1297315833770822,409,4,0.001,51,0.006008409895002842,620924928,0.12935612609684757,3.610098792705685e-05,False,622727168
2026090821,0.1297315833770822,410,4,0.001,51,-0.006008409895002842,621027328,0.1293774588968609,3.610098792705685e-05,False,622727168
2026090821,0.1297315833770822,411,4,0.001,2,0.013499108143150806,620584960,0.1292853012008033,0.00018222592188976705,False,622727168
2026090821,0.1297315833770822,412,4,0.001,2,-0.013499108143150806,620810240,0.12933223336083263,0.00018222592188976705,False,622727168
2026090821,0.1297315833770822,413,4,0.001,15,0.018721507862210274,620347392,0.1292358091047724,0.0003504948690533638,False,622727168
2026090821,0.1297315833770822,414,4,0.001,15,-0.018721507862210274,620777472,0.12932540686482838,0.0003504948690533638,False,622727168
2026090821,0.1297315833770822,415,4,0.001,46,0.01212810818105936,620601344,0.12928871444880544,0.00014709100651089102,False,622727168
2026090821,0.1297315833770822,416,4,0.001,46,-0.01212810818105936,621064192,0.1293851387048657,0.00014709100651089102,False,622727168
2026090821,0.1297315833770822,417,4,0.001,48,0.006587560288608074,620941312,0.12935953934484973,4.339595034252852e-05,False,622727168
2026090821,0.1297315833770822,418,4,0.001,48,-0.006587560288608074,621072384,0.12938684532886677,4.339595034252852e-05,False,622727168
2026090821,0.1297315833770822,419,4,0.001,61,0.006265880540013313,620711936,0.12931175387281985,3.926126009901054e-05,False,622727168
2026090821,0.1297315833770822,420,4,0.001,61,-0.006265880540013313,621142016,0.12940135163287583,3.926126009901054e-05,False,622727168
2026090821,0.1297315833770822,421,4,0.001,55,0.013038956560194492,620511232,0.12926994158479374,0.00017001439118757844,False,622727168
2026090821,0.1297315833770822,422,4,0.001,55,-0.013038956560194492,620613632,0.12929127438480703,0.00017001439118757844,False,622727168
2026090821,0.1297315833770822,423,4,0.001,33,0.017225010320544243,620019712,0.12916754414472972,0.0002967009786516428,False,622727168
2026090821,0.1297315833770822,424,4,0.001,33,-0.017225010320544243,621195264,0.12941244468888277,0.0002967009786516428,False,622727168
2026090821,0.1297315833770822,425,4,0.001,21,0.007264214102178812,620826624,0.12933564660883476,5.276880619931035e-05,False,622727168
2026090821,0.1297315833770822,426,4,0.001,21,-0.007264214102178812,621084672,0.1293894052648684,5.276880619931035e-05,False,622727168
2026090821,0.1297315833770822,427,4,0.001,49,0.011751078069210052,620425216,0.1292520220327825,0.00013808783842250705,False,622727168
2026090821,0.1297315833770822,428,4,0.001,49,-0.011751078069210052,621137920,0.1294004983208753,0.00013808783842250705,False,622727168
2026090821,0.1297315833770822,429,4,0.001,1,0.044416338205337524,619208704,0.12899858836862413,0.0019728110637515783,False,622727168
2026090821,0.1297315833770822,430,4,0.001,1,-0.044416338205337524,621850624,0.1295489746089681,0.0019728110637515783,False,622727168
2026090821,0.1297315833770822,431,4,0.001,26,0.010450748726725578,620597248,0.12928786113680493,0.00010921814828179777,False,622727168
2026090821,0.1297315833770822,432,4,0.001,26,-0.010450748726725578,620724224,0.12931431380882144,0.00010921814828179777,False,622727168
2026090821,0.1297315833770822,433,4,0.001,41,0.009264740161597729,620752896,0.1293202869928252,8.58354105730541e-05,False,622727168
2026090821,0.1297315833770822,434,4,0.001,41,-0.009264740161597729,621207552,0.12941500462488437,8.58354105730541e-05,False,622727168
2026090821,0.1297315833770822,435,4,0.001,37,0.012898002751171589,620433408,0.12925372865678356,0.00016635846986901015,False,622727168
2026090821,0.1297315833770822,436,4,0.001,37,-0.012898002751171589,621035520,0.12937916552086198,0.00016635846986901015,False,622727168
2026090821,0.1297315833770822,437,4,0.001,42,0.01303322147578001,620404736,0.12924775547277984,0.00016986485570669174,False,622727168
2026090821,0.1297315833770822,438,4,0.001,42,-0.01303322147578001,621092864,0.12939111188886945,0.00016986485570669174,False,622727168
2026090821,0.1297315833770822,439,4,0.001,58,0.005823065992444754,620953600,0.12936209928085132,3.390809797565453e-05,False,622727168
2026090821,0.1297315833770822,440,4,0.001,58,-0.005823065992444754,621314048,0.12943719073689824,3.390809797565453e-05,False,622727168
2026090821,0.1297315833770822,441,4,0.001,14,0.005754189565777779,620687360,0.12930663400081663,3.311069667688571e-05,False,622727168
2026090821,0.1297315833770822,442,4,0.001,14,-0.005754189565777779,621199360,0.12941329800088333,3.311069667688571e-05,False,622727168
2026090821,0.1297315833770822,443,4,0.001,50,0.018261883407831192,620404736,0.12924775547277986,0.00033349639852531254,False,622727168
2026090821,0.1297315833770822,444,4,0.001,50,-0.018261883407831192,620843008,0.12933905985683689,0.00033349639852531254,False,622727168
2026090821,0.1297315833770822,445,4,0.001,31,0.015887141227722168,620220416,0.12920935643275586,0.0002524012525100261,False,622727168
2026090821,0.1297315833770822,446,4,0.001,31,-0.015887141227722168,621211648,0.1294158579368849,0.0002524012525100261,False,622727168
2026090821,0.1297315833770822,447,4,0.001,29,0.008785577490925789,620769280,0.12932370024082732,7.718637061771005e-05,False,622727168
2026090821,0.1297315833770822,448,4,0.001,29,-0.008785577490925789,621244416,0.12942268443288918,7.718637061771005e-05,False,622727168
2026090821,0.1297315833770822,449,4,0.001,0,0.00513329915702343,620752896,0.1293202869928252,2.6350760890636593e-05,False,622727168
2026090821,0.1297315833770822,450,4,0.001,0,-0.00513329915702343,620990464,0.1293697790888561,2.6350760890636593e-05,False,622727168
2026090821,0.1297315833770822,451,4,0.001,59,0.006974825169891119,620630016,0.12929468763280919,4.86481876578182e-05,False,622727168
2026090821,0.1297315833770822,452,4,0.001,59,-0.006974825169891119,621244416,0.12942268443288918,4.86481876578182e-05,False,622727168
2026090821,0.1297315833770822,453,4,0.001,5,0.007923069410026073,620883968,0.12934759297684226,6.277502689044923e-05,False,622727168
2026090821,0.1297315833770822,454,4,0.001,5,-0.007923069410026073,621293568,0.1294329241768956,6.277502689044923e-05,False,622727168
2026090821,0.1297315833770822,455,4,0.001,62,0.012739607132971287,620601344,0.12928871444880546,0.00016229758330155164,False,622727168
2026090821,0.1297315833770822,456,4,0.001,62,-0.012739607132971287,621236224,0.12942097780888812,0.00016229758330155164,False,622727168
2026090821,0.1297315833770822,457,4,0.001,36,0.010457700118422508,620822528,0.12933479329683426,0.0001093634928110987,False,622727168
2026090821,0.1297315833770822,458,4,0.001,36,-0.010457700118422508,621027328,0.12937745889686092,0.0001093634928110987,False,622727168
2026090821,0.1297315833770822,459,4,0.001,56,0.007716786116361618,620695552,0.12930834062481775,5.954878724878654e-05,False,622727168
2026090821,0.1297315833770822,460,4,0.001,56,-0.007716786116361618,621117440,0.12939623176087262,5.954878724878654e-05,False,622727168
2026090821,0.1297315833770822,461,4,0.001,53,0.007562982849776745,620822528,0.12933479329683426,5.7198711147066206e-05,False,622727168
2026090821,0.1297315833770822,462,4,0.001,53,-0.007562982849776745,621039616,0.12938001883286251,5.7198711147066206e-05,False,622727168
2026090821,0.1297315833770822,463,4,0.001,6,0.004748009145259857,620863488,0.12934332641683957,2.2543590603163466e-05,False,622727168
2026090821,0.1297315833770822,464,4,0.001,6,-0.004748009145259857,621043712,0.12938087214486305,2.2543590603163466e-05,False,622727168
2026090821,0.1297315833770822,465,4,0.001,45,0.005076617002487183,620875776,0.12934588635284117,2.577204031695146e-05,False,622727168
2026090821,0.1297315833770822,466,4,0.001,45,-0.005076617002487183,621027328,0.1293774588968609,2.577204031695146e-05,False,622727168
2026090821,0.1297315833770822,467,4,0.001,17,0.009480426087975502,620490752,0.12926567502479103,8.987847832031548e-05,False,622727168
2026090821,0.1297315833770822,468,4,0.001,17,-0.009480426087975502,621289472,0.12943207086489503,8.987847832031548e-05,False,622727168
2026090821,0.1297315833770822,469,4,0.001,40,0.006224774289876223,620769280,0.12932370024082732,3.874781396007165e-05,False,622727168
2026090821,0.1297315833770822,470,4,0.001,40,-0.006224774289876223,621211648,0.1294158579368849,3.874781396007165e-05,False,622727168
2026090821,0.1297315833770822,471,4,0.001,39,0.013060644268989563,620453888,0.12925799521678624,0.00017058043158613145,False,622727168
2026090821,0.1297315833770822,472,4,0.001,39,-0.013060644268989563,621137920,0.1294004983208753,0.00017058043158613145,False,622727168
2026090821,0.1297315833770822,473,4,0.001,3,0.013682628981769085,620433408,0.12925372865678356,0.00018721433298196644,False,622727168
2026090821,0.1297315833770822,474,4,0.001,3,-0.013682628981769085,620810240,0.12933223336083266,0.00018721433298196644,False,622727168
2026090821,0.1297315833770822,475,4,0.001,44,0.011424672789871693,620597248,0.1292878611368049,0.00013052314170636237,False,622727168
2026090821,0.1297315833770822,476,4,0.001,44,-0.011424672789871693,621125632,0.1293979383848737,0.00013052314170636237,False,622727168
2026090821,0.1297315833770822,477,4,0.001,60,0.011765280738472939,620531712,0.12927420814479637,0.00013842183398082852,False,622727168
2026090821,0.1297315833770822,478,4,0.001,60,-0.011765280738472939,621277184,0.12942951092889346,0.00013842183398082852,False,622727168
2026090821,0.1297315833770822,479,4,0.001,7,0.021691640838980675,620371968,0.12924092897677558,0.0004705272731371224,False,622727168
2026090821,0.1297315833770822,480,4,0.001,7,-0.021691640838980675,620879872,0.12934673966484173,0.0004705272731371224,False,622727168
2026090821,0.1297315833770822,481,4,0.001,30,0.02527366578578949,619831296,0.12912829179270516,0.0006387581815943122,False,622727168
2026090821,0.1297315833770822,482,4,0.001,30,-0.02527366578578949,621465600,0.12946876328091797,0.0006387581815943122,False,622727168
2026090821,0.1297315833770822,483,4,0.001,10,0.009188851341605186,620720128,0.12931346049682094,8.443499245913699e-05,False,622727168
2026090821,0.1297315833770822,484,4,0.001,10,-0.009188851341605186,621203456,0.12941415131288383,8.443499245913699e-05,False,622727168
2026090821,0.1297315833770822,485,4,0.001,63,0.005562438629567623,620965888,0.1293646592168529,3.094072235398926e-05,False,622727168
2026090821,0.1297315833770822,486,4,0.001,63,-0.005562438629567623,621125632,0.1293979383848737,3.094072235398926e-05,False,622727168
2026090821,0.1297315833770822,487,4,0.001,35,0.005924648605287075,620806144,0.12933138004883213,3.5101460525766015e-05,False,622727168
2026090821,0.1297315833770822,488,4,0.001,35,-0.005924648605287075,621150208,0.1294030582568769,3.5101460525766015e-05,False,622727168
2026090821,0.1297315833770822,489,4,0.001,11,0.008254402317106724,620625920,0.12929383432080865,6.813515938119963e-05,False,622727168
2026090821,0.1297315833770822,490,4,0.001,11,-0.008254402317106724,621142016,0.12940135163287586,6.813515938119963e-05,False,622727168
2026090821,0.1297315833770822,491,4,0.001,54,0.03153051435947418,620130304,0.1291905835687441,0.0009941733442246914,False,622727168
2026090821,0.1297315833770822,492,4,0.001,54,-0.03153051435947418,620371968,0.12924092897677558,0.0009941733442246914,False,622727168
2026090821,0.1297315833770822,493,4,0.001,18,0.01401563547551632,620081152,0.1291803438247377,0.0001964380353456363,False,622727168
2026090821,0.1297315833770822,494,4,0.001,18,-0.01401563547551632,621281280,0.12943036424089396,0.0001964380353456363,False,622727168
2026090821,0.1297315833770822,495,4,0.001,52,0.005967719480395317,620888064,0.1293484462888428,3.561367702786811e-05,False,622727168
2026090821,0.1297315833770822,496,4,0.001,52,-0.005967719480395317,621142016,0.12940135163287583,3.561367702786811e-05,False,622727168
2026090821,0.1297315833770822,497,4,0.001,4,0.029027987271547318,620732416,0.1293160204328225,0.0008426240528933704,False,622727168
2026090821,0.1297315833770822,498,4,0.001,4,-0.029027987271547318,620204032,0.12920594318475373,0.0008426240528933704,False,622727168
2026090821,0.1297315833770822,499,4,0.001,34,0.013647692278027534,620404736,0.12924775547277986,0.00018625950906425714,False,622727168
2026090821,0.1297315833770822,500,4,0.001,34,-0.013647692278027534,621092864,0.12939111188886945,0.00018625950906425714,False,622727168
2026090821,0.1297315833770822,501,4,0.001,20,0.0087761664763093,620699648,0.12930919393681825,7.702109724050388e-05,False,622727168
2026090821,0.1297315833770822,502,4,0.001,20,-0.0087761664763093,621346816,0.1294440172329025,7.702109724050388e-05,False,622727168
2026090821,0.1297315833770822,503,4,0.001,16,0.006269676610827446,620781568,0.1293262601768289,3.93088448618073e-05,False,622727168
2026090821,0.1297315833770822,504,4,0.001,16,-0.006269676610827446,621174784,0.12940817812888009,3.93088448618073e-05,False,622727168
2026090821,0.1297315833770822,505,4,0.001,9,0.005102998111397028,620793856,0.1293288201128305,2.604059045552276e-05,False,622727168
2026090821,0.1297315833770822,506,4,0.001,9,-0.005102998111397028,620965888,0.12936465921685292,2.604059045552276e-05,False,622727168
2026090821,0.1297315833770822,507,4,0.001,32,0.006065837107598782,621064192,0.1293851387048657,3.6794379411730915e-05,False,622727168
2026090821,0.1297315833770822,508,4,0.001,32,-0.006065837107598782,621084672,0.1293894052648684,3.6794379411730915e-05,False,622727168
2026090821,0.1297315833770822,509,4,0.001,43,0.0223775003105402,620040192,0.12917181070473238,0.000500752532389015,False,622727168
2026090821,0.1297315833770822,510,4,0.001,43,-0.0223775003105402,621428736,0.12946108347291316,0.000500752532389015,False,622727168
2026090821,0.1297315833770822,511,4,0.001,28,0.01183084025979042,620736512,0.12931687374482306,0.00013996877532918006,False,622727168
2026090821,0.1297315833770822,512,4,0.001,28,-0.01183084025979042,621105152,0.12939367182487105,0.00013996877532918006,False,622727168
2026090821,0.1297315833770822,513,5,0.0003,19,0.0012754680356010795,622399488,0.12966331841703957,1.626818743716285e-06,False,622727168
2026090821,0.1297315833770822,514,5,0.0003,19,-0.0012754680356010795,622444544,0.12967270484904544,1.626818743716285e-06,False,622727168
2026090821,0.1297315833770822,515,5,0.0003,27,0.003087518969550729,622379008,0.1296590518570369,9.532773219689261e-06,False,622727168
2026090821,0.1297315833770822,516,5,0.0003,27,-0.003087518969550729,622469120,0.12967782472104863,9.532773219689261e-06,False,622727168
2026090821,0.1297315833770822,517,5,0.0003,7,0.006507492158561945,622309376,0.12964454555302782,4.2347455746494234e-05,False,622727168
2026090821,0.1297315833770822,518,5,0.0003,7,-0.006507492158561945,622395392,0.12966246510503907,4.2347455746494234e-05,False,622727168
2026090821,0.1297315833770822,519,5,0.0003,0,0.0015399897238239646,622370816,0.12965734523303582,2.371568371017929e-06,False,622727168
2026090821,0.1297315833770822,520,5,0.0003,0,-0.0015399897238239646,622456832,0.12967526478504707,2.371568371017929e-06,False,622727168
2026090821,0.1297315833770822,521,5,0.0003,57,0.002072400413453579,622358528,0.12965478529703425,4.294843620300526e-06,False,622727168
2026090821,0.1297315833770822,522,5,0.0003,57,-0.002072400413453579,622485504,0.1296812379690508,4.294843620300526e-06,False,622727168
2026090821,0.1297315833770822,523,5,0.0003,20,0.002632850082591176,622342144,0.12965137204903213,6.931899406481534e-06,False,622727168
2026090821,0.1297315833770822,524,5,0.0003,20,-0.002632850082591176,622493696,0.12968294459305185,6.931899406481534e-06,False,622727168
2026090821,0.1297315833770822,525,5,0.0003,2,0.0040497323498129845,622317568,0.1296462521770289,1.6400332242483273e-05,False,622727168
2026090821,0.1297315833770822,526,5,0.0003,2,-0.0040497323498129845,622432256,0.12967014491304382,1.6400332242483273e-05,False,622727168
2026090821,0.1297315833770822,527,5,0.0003,46,0.0036384323611855507,622374912,0.12965819854503635,1.3238190149422735e-05,False,622727168
2026090821,0.1297315833770822,528,5,0.0003,46,-0.0036384323611855507,622481408,0.12968038465705023,1.3238190149422735e-05,False,622727168
2026090821,0.1297315833770822,529,5,0.0003,29,0.002635673386976123,622346240,0.12965222536103263,6.9467741923290305e-06,False,622727168
2026090821,0.1297315833770822,530,5,0.0003,29,-0.002635673386976123,622489600,0.12968209128105132,6.9467741923290305e-06,False,622727168
2026090821,0.1297315833770822,531,5,0.0003,8,0.0020907707512378693,622436352,0.12967099822504438,4.3713221202779096e-06,False,622727168
2026090821,0.1297315833770822,532,5,0.0003,8,-0.0020907707512378693,622432256,0.12967014491304382,4.3713221202779096e-06,False,622727168
2026090821,0.1297315833770822,533,5,0.0003,15,0.00561645207926631,622354432,0.1296539319850337,3.15445322485175e-05,False,622727168
2026090821,0.1297315833770822,534,5,0.0003,15,-0.00561645207926631,622452736,0.1296744114730465,3.15445322485175e-05,False,622727168
2026090821,0.1297315833770822,535,5,0.0003,48,0.001976268133148551,622366720,0.12965649192103532,3.9056358218658715e-06,False,622727168
2026090821,0.1297315833770822,536,5,0.0003,48,-0.001976268133148551,622440448,0.12967185153704489,3.9056358218658715e-06,False,622727168
2026090821,0.1297315833770822,537,5,0.0003,62,0.0038218821864575148,622342144,0.12965137204903213,1.4606783224735409e-05,False,622727168
2026090821,0.1297315833770822,538,5,0.0003,62,-0.0038218821864575148,622481408,0.12968038465705026,1.4606783224735409e-05,False,622727168
2026090821,0.1297315833770822,539,5,0.0003,59,0.0020924475975334644,622354432,0.12965393198503375,4.378337052912684e-06,False,622727168
2026090821,0.1297315833770822,540,5,0.0003,59,-0.0020924475975334644,622469120,0.12967782472104863,4.378337052912684e-06,False,622727168
2026090821,0.1297315833770822,541,5,0.0003,34,0.004094307776540518,622268416,0.1296360124330225,1.6763357052695937e-05,False,622727168
2026090821,0.1297315833770822,542,5,0.0003,34,-0.004094307776540518,622485504,0.1296812379690508,1.6763357052695937e-05,False,622727168
2026090821,0.1297315833770822,543,5,0.0003,49,0.0035253234673291445,622313472,0.12964539886502838,1.2427905858203303e-05,False,622727168
2026090821,0.1297315833770822,544,5,0.0003,49,-0.0035253234673291445,622497792,0.12968379790505238,1.2427905858203303e-05,False,622727168
2026090821,0.1297315833770822,545,5,0.0003,17,0.0028441278263926506,622354432,0.1296539319850337,8.089063157967757e-06,False,622727168
2026090821,0.1297315833770822,546,5,0.0003,17,-0.0028441278263926506,622518272,0.12968806446505507,8.089063157967757e-06,False,622727168
2026090821,0.1297315833770822,547,5,0.0003,12,0.0016213140916079283,622440448,0.1296718515370449,2.6286593310942408e-06,False,622727168
2026090821,0.1297315833770822,548,5,0.0003,12,-0.0016213140916079283,622465024,0.12967697140904813,2.6286593310942408e-06,False,622727168
2026090821,0.1297315833770822,549,5,0.0003,61,0.0018797642551362514,622338048,0.12965051873703157,3.533513563525048e-06,False,622727168
2026090821,0.1297315833770822,550,5,0.0003,61,-0.0018797642551362514,622501888,0.1296846512170529,3.533513563525048e-06,False,622727168
2026090821,0.1297315833770822,551,5,0.0003,41,0.0027794220950454473,622370816,0.12965734523303585,7.725187060714234e-06,False,622727168
2026090821,0.1297315833770822,552,5,0.0003,41,-0.0027794220950454473,622473216,0.12967867803304917,7.725187060714234e-06,False,622727168
2026090821,0.1297315833770822,553,5,0.0003,56,0.0023150357883423567,622305280,0.12964369224102731,5.359390797821106e-06,False,622727168
2026090821,0.1297315833770822,554,5,0.0003,56,-0.0023150357883423567,622497792,0.12968379790505238,5.359390797821106e-06,False,622727168
2026090821,0.1297315833770822,555,5,0.0003,44,0.0034274018835276365,622407680,0.12966502504104063,1.1747083590307739e-05,False,622727168
2026090821,0.1297315833770822,556,5,0.0003,44,-0.0034274018835276365,622473216,0.1296786780330492,1.1747083590307739e-05,False,622727168
2026090821,0.1297315833770822,557,5,0.0003,36,0.0031373100355267525,622391296,0.1296616117930385,9.842714462138247e-06,False,622727168
2026090821,0.1297315833770822,558,5,0.0003,36,-0.0031373100355267525,622473216,0.12967867803304917,9.842714462138247e-06,False,622727168
2026090821,0.1297315833770822,559,5,0.0003,21,0.002179264323785901,622411776,0.12966587835304116,4.749193067254964e-06,False,622727168
2026090821,0.1297315833770822,560,5,0.0003,21,-0.002179264323785901,622411776,0.12966587835304116,4.749193067254964e-06,False,622727168
2026090821,0.1297315833770822,561,5,0.0003,4,0.00870839599519968,622465024,0.12967697140904813,7.583616388728842e-05,False,622727168
2026090821,0.1297315833770822,562,5,0.0003,4,-0.00870839599519968,622407680,0.12966502504104063,7.583616388728842e-05,False,622727168
2026090821,0.1297315833770822,563,5,0.0003,14,0.0017262567998841405,622379008,0.12965905185703688,2.9799625735904556e-06,False,622727168
2026090821,0.1297315833770822,564,5,0.0003,14,-0.0017262567998841405,622456832,0.12967526478504704,2.9799625735904556e-06,False,622727168
2026090821,0.1297315833770822,565,5,0.0003,51,0.0018025229219347239,622415872,0.1296667316650417,3.2490888770553283e-06,False,622727168
2026090821,0.1297315833770822,566,5,0.0003,51,-0.0018025229219347239,622428160,0.12966929160104332,3.2490888770553283e-06,False,622727168
2026090821,0.1297315833770822,567,5,0.0003,26,0.0031352245714515448,622370816,0.12965734523303585,9.829633199842647e-06,False,622727168
2026090821,0.1297315833770822,568,5,0.0003,26,-0.0031352245714515448,622465024,0.1296769714090481,9.829633199842647e-06,False,622727168
2026090821,0.1297315833770822,569,5,0.0003,60,0.0035295842681080103,622321664,0.12964710548902944,1.2457964658096898e-05,False,622727168
2026090821,0.1297315833770822,570,5,0.0003,60,-0.0035295842681080103,622501888,0.1296846512170529,1.2457964658096898e-05,False,622727168
2026090821,0.1297315833770822,571,5,0.0003,43,0.006713250186294317,622247936,0.12963174587301984,4.506772893364541e-05,False,622727168
2026090821,0.1297315833770822,572,5,0.0003,43,-0.006713250186294317,622555136,0.12969574427305985,4.506772893364541e-05,False,622727168
2026090821,0.1297315833770822,573,5,0.0003,42,0.003909966442734003,622321664,0.12964710548902944,1.5287838323274627e-05,False,622727168
2026090821,0.1297315833770822,574,5,0.0003,42,-0.003909966442734003,622489600,0.12968209128105132,1.5287838323274627e-05,False,622727168
2026090821,0.1297315833770822,575,5,0.0003,23,0.001838926924392581,622370816,0.12965734523303585,3.3816522773122415e-06,False,622727168
2026090821,0.1297315833770822,576,5,0.0003,23,-0.001838926924392581,622456832,0.129675264785047,3.3816522773122415e-06,False,622727168
2026090821,0.1297315833770822,577,5,0.0003,37,0.003869400592520833,622366720,0.12965649192103532,1.4972260942158755e-05,False,622727168
2026090821,0.1297315833770822,578,5,0.0003,37,-0.003869400592520833,622469120,0.12967782472104866,1.4972260942158755e-05,False,622727168
2026090821,0.1297315833770822,579,5,0.0003,63,0.0016687315655872226,622387200,0.129660758481038,2.784664957289351e-06,False,622727168
2026090821,0.1297315833770822,580,5,0.0003,63,-0.0016687315655872226,622456832,0.129675264785047,2.784664957289351e-06,False,622727168
2026090821,0.1297315833770822,581,5,0.0003,50,0.005478565115481615,622387200,0.12966075848103797,3.0014674848644063e-05,False,622727168
2026090821,0.1297315833770822,582,5,0.0003,50,-0.005478565115481615,622501888,0.1296846512170529,3.0014674848644063e-05,False,622727168
2026090821,0.1297315833770822,583,5,0.0003,53,0.0022688948083668947,622317568,0.12964625217702888,5.147883712197654e-06,False,622727168
2026090821,0.1297315833770822,584,5,0.0003,53,-0.0022688948083668947,622424064,0.12966843828904276,5.147883712197654e-06,False,622727168
2026090821,0.1297315833770822,585,5,0.0003,33,0.005167503375560045,622292992,0.12964113230502572,2.670309186214581e-05,False,622727168
2026090821,0.1297315833770822,586,5,0.0003,33,-0.005167503375560045,622514176,0.1296872111530545,2.670309186214581e-05,False,622727168
2026090821,0.1297315833770822,587,5,0.0003,38,0.007957560941576958,622354432,0.1296539319850337,6.332277553156018e-05,False,622727168
2026090821,0.1297315833770822,588,5,0.0003,38,-0.007957560941576958,622530560,0.12969062440105664,6.332277553156018e-05,False,622727168
2026090821,0.1297315833770822,589,5,0.0003,16,0.0018809029133990407,622358528,0.12965478529703425,3.5377956919546705e-06,False,622727168
2026090821,0.1297315833770822,590,5,0.0003,16,-0.0018809029133990407,622456832,0.12967526478504704,3.5377956919546705e-06,False,622727168
2026090821,0.1297315833770822,591,5,0.0003,10,0.002756655216217041,622342144,0.1296513720490321,7.599147920700489e-06,False,622727168
2026090821,0.1297315833770822,592,5,0.0003,10,-0.002756655216217041,622489600,0.12968209128105132,7.599147920700489e-06,False,622727168
2026090821,0.1297315833770822,593,5,0.0003,32,0.0018197511089965701,622444544,0.12967270484904544,3.3114940833911533e-06,False,622727168
2026090821,0.1297315833770822,594,5,0.0003,32,-0.0018197511089965701,622403584,0.1296641717290401,3.3114940833911533e-06,False,622727168
2026090821,0.1297315833770822,595,5,0.0003,58,0.0017469198210164905,622415872,0.1296667316650417,3.0517287541442784e-06,False,622727168
2026090821,0.1297315833770822,596,5,0.0003,58,-0.0017469198210164905,622489600,0.1296820912810513,3.0517287541442784e-06,False,622727168
2026090821,0.1297315833770822,597,5,0.0003,47,0.0015245467657223344,622370816,0.12965734523303585,2.324242814211175e-06,False,622727168
2026090821,0.1297315833770822,598,5,0.0003,47,-0.0015245467657223344,622452736,0.1296744114730465,2.324242814211175e-06,False,622727168
2026090821,0.1297315833770822,599,5,0.0003,18,0.004204690456390381,622264320,0.12963515912102197,1.7679421944194473e-05,False,622727168
2026090821,0.1297315833770822,600,5,0.0003,18,-0.004204690456390381,622538752,0.1296923310250577,1.7679421944194473e-05,False,622727168
2026090821,0.1297315833770822,601,5,0.0003,45,0.0015229851705953479,622395392,0.12966246510503904,2.319483883184148e-06,False,622727168
2026090821,0.1297315833770822,602,5,0.0003,45,-0.0015229851705953479,622444544,0.12967270484904544,2.319483883184148e-06,False,622727168
2026090821,0.1297315833770822,603,5,0.0003,13,0.003159624757245183,622321664,0.12964710548902944,9.983228665078059e-06,False,622727168
2026090821,0.1297315833770822,604,5,0.0003,13,-0.003159624757245183,622469120,0.12967782472104863,9.983228665078059e-06,False,622727168
2026090821,0.1297315833770822,605,5,0.0003,25,0.0028747122269123793,622338048,0.12965051873703157,8.263970812549815e-06,False,622727168
2026090821,0.1297315833770822,606,5,0.0003,25,-0.0028747122269123793,622456832,0.129675264785047,8.263970812549815e-06,False,622727168
2026090821,0.1297315833770822,607,5,0.0003,35,0.0017773945583030581,622387200,0.12966075848103797,3.1591314382239943e-06,False,622727168
2026090821,0.1297315833770822,608,5,0.0003,35,-0.0017773945583030581,622510080,0.12968635784105395,3.1591314382239943e-06,False,622727168
2026090821,0.1297315833770822,609,5,0.0003,24,0.004538022913038731,622362624,0.12965563860903476,2.0593652152456343e-05,False,622727168
2026090821,0.1297315833770822,610,5,0.0003,24,-0.004538022913038731,622448640,0.12967355816104598,2.0593652152456343e-05,False,622727168
2026090821,0.1297315833770822,611,5,0.0003,39,0.003918193280696869,622325760,0.12964795880103,1.5352237824117765e-05,False,622727168
2026090821,0.1297315833770822,612,5,0.0003,39,-0.003918193280696869,622505984,0.12968550452905345,1.5352237824117765e-05,False,622727168
2026090821,0.1297315833770822,613,5,0.0003,52,0.0017903158441185951,622383104,0.12965990516903744,3.2052307687990833e-06,False,622727168
2026090821,0.1297315833770822,614,5,0.0003,52,-0.0017903158441185951,622448640,0.12967355816104595,3.2052307687990833e-06,False,622727168
2026090821,0.1297315833770822,615,5,0.0003,6,0.0014244028134271502,622383104,0.12965990516903744,2.028923290708917e-06,False,622727168
2026090821,0.1297315833770822,616,5,0.0003,6,-0.0014244028134271502,622452736,0.1296744114730465,2.028923290708917e-06,False,622727168
2026090821,0.1297315833770822,617,5,0.0003,1,0.013324901461601257,622276608,0.1296377190570236,0.00017755299631971866,False,622727168
2026090821,0.1297315833770822,618,5,0.0003,1,-0.013324901461601257,622616576,0.12970854395306786,0.00017755299631971866,False,622727168
2026090821,0.1297315833770822,619,5,0.0003,30,0.0075820996426045895,622313472,0.12964539886502835,5.748823605244979e-05,False,622727168
2026090821,0.1297315833770822,620,5,0.0003,30,-0.0075820996426045895,622555136,0.12969574427305985,5.748823605244979e-05,False,622727168
2026090821,0.1297315833770822,621,5,0.0003,9,0.0015308994334191084,622395392,0.12966246510503904,2.3436530227627372e-06,False,622727168
2026090821,0.1297315833770822,622,5,0.0003,9,-0.0015308994334191084,622432256,0.12967014491304385,2.3436530227627372e-06,False,622727168
2026090821,0.1297315833770822,623,5,0.0003,28,0.00354925193823874,622432256,0.12967014491304382,1.2597189197549596e-05,False,622727168
2026090821,0.1297315833770822,624,5,0.0003,28,-0.00354925193823874,622432256,0.12967014491304382,1.2597189197549596e-05,False,622727168
2026090821,0.1297315833770822,625,5,0.0003,5,0.0023769207764416933,622387200,0.12966075848103797,5.649752438330324e-06,False,622727168
2026090821,0.1297315833770822,626,5,0.0003,5,-0.0023769207764416933,622473216,0.1296786780330492,5.649752438330324e-06,False,622727168
2026090821,0.1297315833770822,627,5,0.0003,55,0.003911687061190605,622399488,0.12966331841703957,1.530129520688206e-05,False,622727168
2026090821,0.1297315833770822,628,5,0.0003,55,-0.003911687061190605,622493696,0.12968294459305182,1.530129520688206e-05,False,622727168
2026090821,0.1297315833770822,629,5,0.0003,11,0.0024763206019997597,622399488,0.12966331841703957,6.132163889560616e-06,False,622727168
2026090821,0.1297315833770822,630,5,0.0003,11,-0.0024763206019997597,622448640,0.12967355816104598,6.132163889560616e-06,False,622727168
2026090821,0.1297315833770822,631,5,0.0003,3,0.004104788415133953,622387200,0.12966075848103797,1.6849287931108847e-05,False,622727168
2026090821,0.1297315833770822,632,5,0.0003,3,-0.004104788415133953,622448640,0.12967355816104595,1.6849287931108847e-05,False,622727168
2026090821,0.1297315833770822,633,5,0.0003,31,0.004766142461448908,622325760,0.12964795880102997,2.2716114472132176e-05,False,622727168
2026090821,0.1297315833770822,634,5,0.0003,31,-0.004766142461448908,622534656,0.12969147771305717,2.2716114472132176e-05,False,622727168
2026090821,0.1297315833770822,635,5,0.0003,40,0.0018674322636798024,622383104,0.12965990516903744,3.487303274596343e-06,False,622727168
2026090821,0.1297315833770822,636,5,0.0003,40,-0.0018674322636798024,622419968,0.12966758497704223,3.487303274596343e-06,False,622727168
2026090821,0.1297315833770822,637,5,0.0003,54,0.00945915374904871,622325760,0.12964795880102997,8.94755867193453e-05,False,622727168
2026090821,0.1297315833770822,638,5,0.0003,54,-0.00945915374904871,622436352,0.12967099822504438,8.94755867193453e-05,False,622727168
2026090821,0.1297315833770822,639,5,0.0003,22,0.0019113641465082765,622346240,0.12965222536103263,3.6533128877636045e-06,False,622727168
2026090821,0.1297315833770822,640,5,0.0003,22,-0.0019113641465082765,622465024,0.1296769714090481,3.6533128877636045e-06,False,622727168
2026090822,0.1297315833770822,1,1,0.03,15,0.15190862119197845,530137088,0.11044246560502653,0.02307622879743576,False,622727168
2026090822,0.1297315833770822,2,1,0.03,15,-0.15190862119197845,526827520,0.10975298950859562,0.02307622879743576,False,622727168
2026090822,0.1297315833770822,3,1,0.03,28,0.3255472779273987,521924608,0.10873157504395724,0.10598102957010269,False,622727168
2026090822,0.1297315833770822,4,1,0.03,28,-0.3255472779273987,523739136,0.1091095922601935,0.10598102957010269,False,622727168
2026090822,0.1297315833770822,5,1,0.03,51,0.16893424093723297,527863808,0.10996887744473054,0.028538778424263,False,622727168
2026090822,0.1297315833770822,6,1,0.03,51,-0.16893424093723297,545370112,0.11361593293500995,0.028538778424263,False,622727168
2026090822,0.1297315833770822,7,1,0.03,20,0.23384931683540344,529166336,0.11024023066090012,0.054685503244400024,False,622727168
2026090822,0.1297315833770822,8,1,0.03,20,-0.23384931683540344,541102080,0.11272678183045422,0.054685503244400024,False,622727168
2026090822,0.1297315833770822,9,1,0.03,39,0.18980655074119568,527245312,0.10984002733265003,0.03602652624249458,False,622727168
2026090822,0.1297315833770822,10,1,0.03,39,-0.18980655074119568,536686592,0.11180691149387932,0.03602652624249458,False,622727168
2026090822,0.1297315833770822,11,1,0.03,9,0.4601554274559021,514449408,0.1071742806429839,0.21174301207065582,False,622727168
2026090822,0.1297315833770822,12,1,0.03,9,-0.4601554274559021,524804096,0.10933145338033214,0.21174301207065582,False,622727168
2026090822,0.1297315833770822,13,1,0.03,18,0.2550838589668274,538091520,0.11209959751006222,0.06506777554750443,False,622727168
2026090822,0.1297315833770822,14,1,0.03,18,-0.2550838589668274,533037056,0.11104661050140413,0.06506777554750443,False,622727168
2026090822,0.1297315833770822,15,1,0.03,41,0.23186255991458893,526893056,0.10976664250060414,0.05376024544239044,False,622727168
2026090822,0.1297315833770822,16,1,0.03,41,-0.23186255991458893,536088576,0.11168232794180145,0.05376024544239044,False,622727168
2026090822,0.1297315833770822,17,1,0.03,4,0.14358365535736084,528138240,0.1100260493487663,0.02061626687645912,False,622727168
2026090822,0.1297315833770822,18,1,0.03,4,-0.14358365535736084,532672512,0.11097066573335666,0.02061626687645912,False,622727168
2026090822,0.1297315833770822,19,1,0.03,5,0.40149226784706116,526458880,0.1096761914285476,0.1611960381269455,False,622727168
2026090822,0.1297315833770822,20,1,0.03,5,-0.40149226784706116,528384000,0.11007724806879828,0.1611960381269455,False,622727168
2026090822,0.1297315833770822,21,1,0.03,33,0.18665404617786407,524087296,0.10918212378023884,0.03483973443508148,False,622727168
2026090822,0.1297315833770822,22,1,0.03,33,-0.18665404617786407,522223616,0.10879386681999616,0.03483973443508148,False,622727168
2026090822,0.1297315833770822,23,1,0.03,45,0.43878382444381714,506048512,0.10542413772989008,0.19253124296665192,False,622727168
2026090822,0.1297315833770822,24,1,0.03,45,-0.43878382444381714,519995392,0.10832966509170605,0.19253124296665192,False,622727168
2026090822,0.1297315833770822,25,1,0.03,30,0.2923782169818878,532520960,0.11093909318933692,0.08548501878976822,False,622727168
2026090822,0.1297315833770822,26,1,0.03,30,-0.2923782169818878,541810688,0.1128744048065465,0.08548501878976822,False,622727168
2026090822,0.1297315833770822,27,1,0.03,3,0.8107251524925232,491143168,0.10231893535994933,0.6572752594947815,False,622727168
2026090822,0.1297315833770822,28,1,0.03,3,-0.8107251524925232,506613760,0.1055418947859637,0.6572752594947815,False,622727168
2026090822,0.1297315833770822,29,1,0.03,17,0.318988174200058,524500992,0.10926830829229268,0.10175345838069916,False,622727168
2026090822,0.1297315833770822,30,1,0.03,17,-0.318988174200058,527511552,0.10989549261268468,0.10175345838069916,False,622727168
2026090822,0.1297315833770822,31,1,0.03,22,0.18001380562782288,524238848,0.10921369632425854,0.03240497037768364,False,622727168
2026090822,0.1297315833770822,32,1,0.03,22,-0.18001380562782288,526872576,0.1097623759406015,0.03240497037768364,False,622727168
2026090822,0.1297315833770822,33,1,0.03,60,0.6122090816497803,509128704,0.10606582835429113,0.3747999668121338,False,622727168
2026090822,0.1297315833770822,34,1,0.03,60,-0.6122090816497803,519028736,0.10812828345958019,0.3747999668121338,False,622727168
2026090822,0.1297315833770822,35,1,0.03,48,0.4334608316421509,520839168,0.1085054473638159,0.18788829445838928,False,622727168
2026090822,0.1297315833770822,36,1,0.03,48,-0.4334608316421509,533368832,0.11111572877344733,0.18788829445838928,False,622727168
2026090822,0.1297315833770822,37,1,0.03,0,0.18757610023021698,529924096,0.11039809338099882,0.035184793174266815,False,622727168
2026090822,0.1297315833770822,38,1,0.03,0,-0.18757610023021698,541077504,0.11272166195845103,0.035184793174266815,False,622727168
2026090822,0.1297315833770822,39,1,0.03,34,0.19320328533649445,537366528,0.11194856128596786,0.03732750937342644,False,622727168
2026090822,0.1297315833770822,40,1,0.03,34,-0.19320328533649445,538710016,0.11222844762214278,0.03732750937342644,False,622727168
2026090822,0.1297315833770822,41,1,0.03,16,0.2403564751148224,521347072,0.10861125805188204,0.057771235704422,False,622727168
2026090822,0.1297315833770822,42,1,0.03,16,-0.2403564751148224,528900096,0.11018476538086547,0.057771235704422,False,622727168
2026090822,0.1297315833770822,43,1,0.03,55,0.1805911809206009,530083840,0.11043137254901962,0.03261317312717438,False,622727168
2026090822,0.1297315833770822,44,1,0.03,55,-0.1805911809206009,536031232,0.111670381573794,0.03261317312717438,False,622727168
2026090822,0.1297315833770822,45,1,0.03,26,0.9425699710845947,497664000,0.1036774080647984,0.8884381651878357,False,622727168
2026090822,0.1297315833770822,46,1,0.03,26,-0.9425699710845947,481472512,0.10030426572669016,0.8884381651878357,False,622727168
2026090822,0.1297315833770822,47,1,0.03,29,0.19795455038547516,532901888,0.11101845120538655,0.03918600454926491,False,622727168
2026090822,0.1297315833770822,48,1,0.03,29,-0.19795455038547516,541622272,0.11283515245452197,0.03918600454926491,False,622727168
2026090822,0.1297315833770822,49,1,0.03,10,0.3924347162246704,520675328,0.10847131488379459,0.1540050059556961,False,622727168
2026090822,0.1297315833770822,50,1,0.03,10,-0.3924347162246704,522096640,0.10876741414797962,0.1540050059556961,False,622727168
2026090822,0.1297315833770822,51,1,0.03,2,0.18669328093528748,533413888,0.1111251152054532,0.034854382276535034,False,622727168
2026090822,0.1297315833770822,52,1,0.03,2,-0.18669328093528748,538128384,0.11210727731806704,0.034854382276535034,False,622727168
2026090822,0.1297315833770822,53,1,0.03,14,0.29709604382514954,522473472,0.1088459188520287,0.08826605975627899,False,622727168
2026090822,0.1297315833770822,54,1,0.03,14,-0.29709604382514954,535019520,0.11145961350966227,0.08826605975627899,False,622727168
2026090822,0.1297315833770822,55,1,0.03,27,0.45522943139076233,506093568,0.10543352416189596,0.20723383128643036,False,622727168
2026090822,0.1297315833770822,56,1,0.03,27,-0.45522943139076233,518348800,0.10798663366749166,0.20723383128643036,False,622727168
2026090822,0.1297315833770822,57,1,0.03,40,0.4777504801750183,496148480,0.10336168262460105,0.22824552655220032,False,622727168
2026090822,0.1297315833770822,58,1,0.03,40,-0.4777504801750183,521351168,0.10861211136388256,0.22824552655220032,False,622727168
2026090822,0.1297315833770822,59,1,0.03,59,0.32056769728660583,517824512,0.10787740973142339,0.10276364535093307,False,622727168
2026090822,0.1297315833770822,60,1,0.03,59,-0.32056769728660583,524156928,0.10919663008424789,0.10276364535093307,False,622727168
2026090822,0.1297315833770822,61,1,0.03,21,1.2068102359771729,483606528,0.10074884127896803,1.4563909769058228,False,622727168
2026090822,0.1297315833770822,62,1,0.03,21,-1.2068102359771729,510447616,0.10634059481846288,1.4563909769058228,False,622727168
2026090822,0.1297315833770822,63,1,0.03,31,0.5341979265213013,501940224,0.10456826579335517,0.2853674292564392,False,622727168
2026090822,0.1297315833770822,64,1,0.03,31,-0.5341979265213013,498372608,0.10382503104089064,0.2853674292564392,False,622727168
2026090822,0.1297315833770822,65,1,0.03,57,0.6321971416473389,495484928,0.10322344608051466,0.3996732234954834,False,622727168
2026090822,0.1297315833770822,66,1,0.03,57,-0.6321971416473389,499335168,0.10402555936101597,0.3996732234954834,False,622727168
2026090822,0.1297315833770822,67,1,0.03,12,0.7743002772331238,497496064,0.10364242227277652,0.5995409488677979,False,622727168
2026090822,0.1297315833770822,68,1,0.03,12,-0.7743002772331238,511315968,0.10652149696257594,0.5995409488677979,False,622727168
2026090822,0.1297315833770822,69,1,0.03,35,0.4769010841846466,512053248,0.10667509312267193,0.2274346500635147,False,622727168
2026090822,0.1297315833770822,70,1,0.03,35,-0.4769010841846466,514695168,0.10722547936301592,0.2274346500635147,False,622727168
2026090822,0.1297315833770822,71,1,0.03,52,0.13243798911571503,532074496,0.11084608218127882,0.017539821565151215,False,622727168
2026090822,0.1297315833770822,72,1,0.03,52,-0.13243798911571503,530264064,0.11046891827704308,0.017539821565151215,False,622727168
2026090822,0.1297315833770822,73,1,0.03,49,0.24274331331253052,530120704,0.1104390523570244,0.058924317359924316,False,622727168
2026090822,0.1297315833770822,74,1,0.03,49,-0.24274331331253052,533655552,0.11117546061348467,0.058924317359924316,False,622727168
2026090822,0.1297315833770822,75,1,0.03,63,0.18678537011146545,531615744,0.11075051123721907,0.034888774156570435,False,622727168
2026090822,0.1297315833770822,76,1,0.03,63,-0.18678537011146545,536145920,0.11169427430980894,0.034888774156570435,False,622727168
2026090822,0.1297315833770822,77,1,0.03,38,0.40339621901512146,514203648,0.10712308192295193,0.16272850334644318,False,622727168
2026090822,0.1297315833770822,78,1,0.03,38,-0.40339621901512146,527560704,0.1099057323566911,0.16272850334644318,False,622727168
2026090822,0.1297315833770822,79,1,0.03,44,0.14641447365283966,531202048,0.1106643267251652,0.02143719792366028,False,622727168
2026090822,0.1297315833770822,80,1,0.03,44,-0.14641447365283966,539611136,0.11241617626226012,0.02143719792366028,False,622727168
2026090822,0.1297315833770822,81,1,0.03,13,0.314453661441803,522317824,0.10881349299600845,0.09888110309839249,False,622727168
2026090822,0.1297315833770822,82,1,0.03,13,-0.314453661441803,522625024,0.10887749139604842,0.09888110309839249,False,622727168
2026090822,0.1297315833770822,83,1,0.03,7,0.2857482135295868,536907776,0.1118529903419081,0.08165204524993896,False,622727168
2026090822,0.1297315833770822,84,1,0.03,7,-0.2857482135295868,540717056,0.1126465705024041,0.08165204524993896,False,622727168
2026090822,0.1297315833770822,85,1,0.03,54,0.16064417362213135,527343616,0.1098605068206628,0.025806549936532974,False,622727168
2026090822,0.1297315833770822,86,1,0.03,54,-0.16064417362213135,526299136,0.10964291226052682,0.025806549936532974,False,622727168
2026090822,0.1297315833770822,87,1,0.03,46,0.21871314942836761,527261696,0.10984344058065215,0.047835443168878555,False,622727168
2026090822,0.1297315833770822,88,1,0.03,46,-0.21871314942836761,534425600,0.11133588326958493,0.047835443168878555,False,622727168
2026090822,0.1297315833770822,89,1,0.03,58,0.2127734124660492,536788992,0.11182824429389264,0.045272525399923325,False,622727168
2026090822,0.1297315833770822,90,1,0.03,58,-0.2127734124660492,536412160,0.11174973958984358,0.045272525399923325,False,622727168
2026090822,0.1297315833770822,91,1,0.03,24,0.44600552320480347,512729088,0.10681588960275994,0.19892092049121857,False,622727168
2026090822,0.1297315833770822,92,1,0.03,24,-0.44600552320480347,512839680,0.10683892902677433,0.19892092049121857,False,622727168
2026090822,0.1297315833770822,93,1,0.03,19,0.19366784393787384,526475264,0.10967960467654976,0.037507232278585434,False,622727168
2026090822,0.1297315833770822,94,1,0.03,19,-0.19366784393787384,535252992,0.11150825229369266,0.037507232278585434,False,622727168
2026090822,0.1297315833770822,95,1,0.03,53,0.34156081080436707,532119552,0.11085546861328466,0.11666378378868103,False,622727168
2026090822,0.1297315833770822,96,1,0.03,53,-0.34156081080436707,534077440,0.11126335174953961,0.11666378378868103,False,622727168
2026090822,0.1297315833770822,97,1,0.03,50,0.21883569657802582,523431936,0.10904559386015349,0.04788906127214432,False,622727168
2026090822,0.1297315833770822,98,1,0.03,50,-0.21883569657802582,539426816,0.11237777722223612,0.04788906127214432,False,622727168
2026090822,0.1297315833770822,99,1,0.03,25,0.2228454053401947,528019456,0.11000130330075081,0.04966007545590401,False,622727168
2026090822,0.1297315833770822,100,1,0.03,25,-0.2228454053401947,539938816,0.11248444122230278,0.04966007545590401,False,622727168
2026090822,0.1297315833770822,101,1,0.03,43,0.41076090931892395,511123456,0.10648139129855087,0.16872452199459076,False,622727168
2026090822,0.1297315833770822,102,1,0.03,43,-0.41076090931892395,523124736,0.10898159546011348,0.16872452199459076,False,622727168
2026090822,0.1297315833770822,103,1,0.03,42,1.2187308073043823,478208000,0.0996241760622651,1.485304832458496,False,622727168
2026090822,0.1297315833770822,104,1,0.03,42,-1.2187308073043823,516943872,0.1076939476513087,1.485304832458496,False,622727168
2026090822,0.1297315833770822,105,1,0.03,61,0.23685742914676666,528171008,0.11003287584477055,0.056101441383361816,False,622727168
2026090822,0.1297315833770822,106,1,0.03,61,-0.23685742914676666,535461888,0.11155177120571985,0.056101441383361816,False,622727168
2026090822,0.1297315833770822,107,1,0.03,47,0.1819234937429428,537247744,0.11192381523795238,0.033096157014369965,False,622727168
2026090822,0.1297315833770822,108,1,0.03,47,-0.1819234937429428,530653184,0.11054998291709374,0.033096157014369965,False,622727168
2026090822,0.1297315833770822,109,1,0.03,37,0.15919262170791626,527126528,0.10981528128463454,0.025342291221022606,False,622727168
2026090822,0.1297315833770822,110,1,0.03,37,-0.15919262170791626,541548544,0.11281979283851236,0.025342291221022606,False,622727168
2026090822,0.1297315833770822,111,1,0.03,11,0.8583446741104126,489435136,0.10196310425572695,0.7367555499076843,False,622727168
2026090822,0.1297315833770822,112,1,0.03,11,-0.8583446741104126,486174720,0.10128386790330242,0.7367555499076843,False,622727168
2026090822,0.1297315833770822,113,1,0.03,36,0.19290626049041748,525623296,0.10950211578043882,0.03721282631158829,False,622727168
2026090822,0.1297315833770822,114,1,0.03,36,-0.19290626049041748,534536192,0.11135892269359932,0.03721282631158829,False,622727168
2026090822,0.1297315833770822,115,1,0.03,8,0.2052958607673645,526901248,0.10976834912460522,0.04214639216661453,False,622727168
2026090822,0.1297315833770822,116,1,0.03,8,-0.2052958607673645,536522752,0.111772779013858,0.04214639216661453,False,622727168
2026090822,0.1297315833770822,117,1,0.03,23,0.22937774658203125,526340096,0.10965144538053216,0.05261415243148804,False,622727168
2026090822,0.1297315833770822,118,1,0.03,23,-0.22937774658203125,536707072,0.11181117805388201,0.05261415243148804,False,622727168
2026090822,0.1297315833770822,119,1,0.03,62,0.2580046057701111,530690048,0.11055766272509854,0.06656637787818909,False,622727168
2026090822,0.1297315833770822,120,1,0.03,62,-0.2580046057701111,530169856,0.11044929210103081,0.06656637787818909,False,622727168
2026090822,0.1297315833770822,121,1,0.03,56,0.1847739815711975,532533248,0.11094165312533853,0.0341414250433445,False,622727168
2026090822,0.1297315833770822,122,1,0.03,56,-0.1847739815711975,547123200,0.11398115047123823,0.0341414250433445,False,622727168
2026090822,0.1297315833770822,123,1,0.03,32,0.1575036197900772,522571776,0.10886639834004151,0.024807389825582504,False,622727168
2026090822,0.1297315833770822,124,1,0.03,32,-0.1575036197900772,532496384,0.11093397331733373,0.024807389825582504,False,622727168
2026090822,0.1297315833770822,125,1,0.03,1,0.2210099846124649,533024768,0.11104405056540252,0.04884541407227516,False,622727168
2026090822,0.1297315833770822,126,1,0.03,1,-0.2210099846124649,540524544,0.11260646483837904,0.04884541407227516,False,622727168
2026090822,0.1297315833770822,127,1,0.03,6,0.18911245465278625,531410944,0.11070784563719242,0.03576352074742317,False,622727168
2026090822,0.1297315833770822,128,1,0.03,6,-0.18911245465278625,537595904,0.11199634675799773,0.03576352074742317,False,622727168
2026090822,0.1297315833770822,129,2,0.01,0,0.06252536922693253,592683008,0.12347253985317035,0.003909421619027853,False,622727168
2026090822,0.1297315833770822,130,2,0.01,0,-0.06252536922693253,596987904,0.12436937076573086,0.003909421619027853,False,622727168
2026090822,0.1297315833770822,131,2,0.01,11,0.286114901304245,578433024,0.12050386740331492,0.08186173439025879,False,622727168
2026090822,0.1297315833770822,132,2,0.01,11,-0.286114901304245,579235840,0.12067111655541944,0.08186173439025879,False,622727168
2026090822,0.1297315833770822,133,2,0.01,57,0.2107323706150055,582168576,0.1212820879478013,0.04440813139081001,False,622727168
2026090822,0.1297315833770822,134,2,0.01,57,-0.2107323706150055,583307264,0.12151930868394956,0.04440813139081001,False,622727168
2026090822,0.1297315833770822,135,2,0.01,50,0.07294522970914841,590495744,0.12301687124488553,0.005321006756275892,False,622727168
2026090822,0.1297315833770822,136,2,0.01,50,-0.07294522970914841,596316160,0.12422942759764338,0.005321006756275892,False,622727168
2026090822,0.1297315833770822,137,2,0.01,2,0.062231097370386124,593256448,0.12359200353324501,0.003872709581628442,False,622727168
2026090822,0.1297315833770822,138,2,0.01,2,-0.062231097370386124,595865600,0.1241355632775847,0.003872709581628442,False,622727168
2026090822,0.1297315833770822,139,2,0.01,48,0.1444869488477707,589668352,0.12284450222077781,0.020876478403806686,False,622727168
2026090822,0.1297315833770822,140,2,0.01,48,-0.1444869488477707,594137088,0.12377546561335968,0.020876478403806686,False,622727168
2026090822,0.1297315833770822,141,2,0.01,34,0.06440109014511108,594124800,0.12377290567735806,0.004147500265389681,False,622727168
2026090822,0.1297315833770822,142,2,0.01,34,-0.06440109014511108,596545536,0.12427721306967326,0.004147500265389681,False,622727168
2026090822,0.1297315833770822,143,2,0.01,1,0.07366999238729477,593608704,0.12366538836529085,0.0054272678680717945,False,622727168
2026090822,0.1297315833770822,144,2,0.01,1,-0.07366999238729477,597024768,0.12437705057373565,0.0054272678680717945,False,622727168
2026090822,0.1297315833770822,145,2,0.01,14,0.09903201460838318,590053376,0.12292471354882795,0.009807339869439602,False,622727168
2026090822,0.1297315833770822,146,2,0.01,14,-0.09903201460838318,594763776,0.12390602234944127,0.009807339869439602,False,622727168
2026090822,0.1297315833770822,147,2,0.01,43,0.13692030310630798,585449472,0.12196559086022851,0.01874716952443123,False,622727168
2026090822,0.1297315833770822,148,2,0.01,43,-0.13692030310630798,591937536,0.12331723706907328,0.01874716952443123,False,622727168
2026090822,0.1297315833770822,149,2,0.01,44,0.04880482703447342,592584704,0.12345206036515753,0.0023819110356271267,False,622727168
2026090822,0.1297315833770822,150,2,0.01,44,-0.04880482703447342,596828160,0.12433609159771004,0.0023819110356271267,False,622727168
2026090822,0.1297315833770822,151,2,0.01,9,0.15338514745235443,587870208,0.12246989825254369,0.023527003824710846,False,622727168
2026090822,0.1297315833770822,152,2,0.01,9,-0.15338514745235443,592130048,0.12335734273309833,0.023527003824710846,False,622727168
2026090822,0.1297315833770822,153,2,0.01,35,0.1589670330286026,586203136,0.12212260026832662,0.02527051791548729,False,622727168
2026090822,0.1297315833770822,154,2,0.01,35,-0.1589670330286026,587395072,0.12237091406048183,0.02527051791548729,False,622727168
2026090822,0.1297315833770822,155,2,0.01,31,0.1780659705400467,583086080,0.12147322983592079,0.03170749172568321,False,622727168
2026090822,0.1297315833770822,156,2,0.01,31,-0.1780659705400467,584753152,0.12182052782013784,0.03170749172568321,False,622727168
2026090822,0.1297315833770822,157,2,0.01,32,0.05250120535492897,590872576,0.1230953759489346,0.0027563765179365873,False,622727168
2026090822,0.1297315833770822,158,2,0.01,32,-0.05250120535492897,593604608,0.12366453505329035,0.0027563765179365873,False,622727168
2026090822,0.1297315833770822,159,2,0.01,30,0.09745940566062927,592867328,0.12351093889319432,0.009498335421085358,False,622727168
2026090822,0.1297315833770822,160,2,0.01,30,-0.09745940566062927,597180416,0.12440947642975593,0.009498335421085358,False,622727168
2026090822,0.1297315833770822,161,2,0.01,41,0.07728751748800278,591572992,0.12324129230102582,0.005973360501229763,False,622727168
2026090822,0.1297315833770822,162,2,0.01,41,-0.07728751748800278,595664896,0.12409375098955859,0.005973360501229763,False,622727168
2026090822,0.1297315833770822,163,2,0.01,6,0.06303748488426208,592912384,0.1235203253252002,0.003973724320530891,False,622727168
2026090822,0.1297315833770822,164,2,0.01,6,-0.06303748488426208,596066304,0.12417737556561087,0.003973724320530891,False,622727168
2026090822,0.1297315833770822,165,2,0.01,37,0.05306420847773552,592011264,0.1233325966850829,0.002815810265019536,False,622727168
2026090822,0.1297315833770822,166,2,0.01,37,-0.05306420847773552,596869120,0.1243446247177154,0.002815810265019536,False,622727168
2026090822,0.1297315833770822,167,2,0.01,18,0.08502794802188873,595054592,0.12396660750147914,0.007229751907289028,False,622727168
2026090822,0.1297315833770822,168,2,0.01,18,-0.08502794802188873,594817024,0.1239171154054482,0.007229751907289028,False,622727168
2026090822,0.1297315833770822,169,2,0.01,55,0.06019705906510353,592850944,0.12350752564519223,0.003623686032369733,False,622727168
2026090822,0.1297315833770822,170,2,0.01,55,-0.06019705906510353,595365888,0.12403145921351967,0.003623686032369733,False,622727168
2026090822,0.1297315833770822,171,2,0.01,23,0.07645924389362335,591155200,0.12315425447697143,0.005846016108989716,False,622727168
2026090822,0.1297315833770822,172,2,0.01,23,-0.07645924389362335,595546112,0.12406900494154315,0.005846016108989716,False,622727168
2026090822,0.1297315833770822,173,2,0.01,33,0.062218017876148224,591495168,0.12322507937301568,0.0038710818625986576,False,622727168
2026090822,0.1297315833770822,174,2,0.01,33,-0.062218017876148224,590946304,0.12311073556494422,0.0038710818625986576,False,622727168
2026090822,0.1297315833770822,175,2,0.01,45,0.1462612748146057,584806400,0.12183162087614478,0.02139236032962799,False,622727168
2026090822,0.1297315833770822,176,2,0.01,45,-0.1462612748146057,591474688,0.123220812813013,0.02139236032962799,False,622727168
2026090822,0.1297315833770822,177,2,0.01,5,0.13383075594902039,591245312,0.12317302734098313,0.0179106704890728,False,622727168
2026090822,0.1297315833770822,178,2,0.01,5,-0.13383075594902039,593600512,0.12366368174128982,0.0179106704890728,False,622727168
2026090822,0.1297315833770822,179,2,0.01,58,0.07092446833848953,594255872,0.12380021166137513,0.005030279979109764,False,622727168
2026090822,0.1297315833770822,180,2,0.01,58,-0.07092446833848953,596078592,0.12417993550161248,0.005030279979109764,False,622727168
2026090822,0.1297315833770822,181,2,0.01,62,0.08600153028964996,592564224,0.12344779380515486,0.00739626307040453,False,622727168
2026090822,0.1297315833770822,182,2,0.01,62,-0.08600153028964996,594190336,0.1237865586693666,0.00739626307040453,False,622727168
2026090822,0.1297315833770822,183,2,0.01,29,0.06598485261201859,593268736,0.12359456346924659,0.004354000557214022,False,622727168
2026090822,0.1297315833770822,184,2,0.01,29,-0.06598485261201859,597221376,0.12441800954976123,0.004354000557214022,False,622727168
2026090822,0.1297315833770822,185,2,0.01,15,0.050636205822229385,592740352,0.1234844862211778,0.002564025344327092,False,622727168
2026090822,0.1297315833770822,186,2,0.01,15,-0.050636205822229385,592609280,0.12345718023716072,0.002564025344327092,False,622727168
2026090822,0.1297315833770822,187,2,0.01,27,0.15174314379692078,585469952,0.12196985742023116,0.023025982081890106,False,622727168
2026090822,0.1297315833770822,188,2,0.01,27,-0.15174314379692078,589783040,0.12286839495679275,0.023025982081890106,False,622727168
2026090822,0.1297315833770822,189,2,0.01,54,0.05354805663228035,591921152,0.12331382382107114,0.002867394359782338,False,622727168
2026090822,0.1297315833770822,190,2,0.01,54,-0.05354805663228035,592998400,0.12353824487721139,0.002867394359782338,False,622727168
2026090822,0.1297315833770822,191,2,0.01,36,0.06430208683013916,591192064,0.12316193428497622,0.004134758375585079,False,622727168
2026090822,0.1297315833770822,192,2,0.01,36,-0.06430208683013916,594702336,0.12389322266943326,0.004134758375585079,False,622727168
2026090822,0.1297315833770822,193,2,0.01,28,0.10851575434207916,589922304,0.12289740756481088,0.0117756687104702,False,622727168
2026090822,0.1297315833770822,194,2,0.01,28,-0.10851575434207916,591282176,0.12318070714898795,0.0117756687104702,False,622727168
2026090822,0.1297315833770822,195,2,0.01,25,0.07428180426359177,591765504,0.12328139796505087,0.005517786368727684,False,622727168
2026090822,0.1297315833770822,196,2,0.01,25,-0.07428180426359177,597221376,0.12441800954976125,0.005517786368727684,False,622727168
2026090822,0.1297315833770822,197,2,0.01,61,0.07895247638225555,591630336,0.12325323866903327,0.006233493331819773,False,622727168
2026090822,0.1297315833770822,198,2,0.01,61,-0.07895247638225555,595435520,0.12404596551752872,0.006233493331819773,False,622727168
2026090822,0.1297315833770822,199,2,0.01,53,0.11385360360145569,592871424,0.12351179220519486,0.012962643057107925,False,622727168
2026090822,0.1297315833770822,200,2,0.01,53,-0.11385360360145569,594710528,0.12389492929343433,0.012962643057107925,False,622727168
2026090822,0.1297315833770822,201,2,0.01,4,0.047861214727163315,591986688,0.12332747681307966,0.002290695905685425,False,622727168
2026090822,0.1297315833770822,202,2,0.01,4,-0.047861214727163315,594137088,0.12377546561335967,0.002290695905685425,False,622727168
2026090822,0.1297315833770822,203,2,0.01,10,0.13081157207489014,589221888,0.12275149121271968,0.01711166650056839,False,622727168
2026090822,0.1297315833770822,204,2,0.01,10,-0.13081157207489014,590475264,0.12301260468488286,0.01711166650056839,False,622727168
2026090822,0.1297315833770822,205,2,0.01,17,0.10632938891649246,590729216,0.12306551002891593,0.01130593940615654,False,622727168
2026090822,0.1297315833770822,206,2,0.01,17,-0.10632938891649246,592154624,0.12336246260510154,0.01130593940615654,False,622727168
2026090822,0.1297315833770822,207,2,0.01,21,0.4022700786590576,577171456,0.12024104730715067,0.16182121634483337,False,622727168
2026090822,0.1297315833770822,208,2,0.01,21,-0.4022700786590576,586932224,0.12227448980442156,0.16182121634483337,False,622727168
2026090822,0.1297315833770822,209,2,0.01,8,0.06843195110559464,591392768,0.12320374657300236,0.004682932049036026,False,622727168
2026090822,0.1297315833770822,210,2,0.01,8,-0.06843195110559464,595828736,0.12412788346957992,0.004682932049036026,False,622727168
2026090822,0.1297315833770822,211,2,0.01,42,0.40624359250068665,575115264,0.11981268468288292,0.16503386199474335,False,622727168
2026090822,0.1297315833770822,212,2,0.01,42,-0.40624359250068665,592105472,0.12335222286109515,0.16503386199474335,False,622727168
2026090822,0.1297315833770822,213,2,0.01,38,0.13446541130542755,587247616,0.12234019482846263,0.018080946058034897,False,622727168
2026090822,0.1297315833770822,214,2,0.01,38,-0.13446541130542755,592252928,0.12338294209311435,0.018080946058034897,False,622727168
2026090822,0.1297315833770822,215,2,0.01,49,0.0809144377708435,592166912,0.12336502254110314,0.006547146011143923,False,622727168
2026090822,0.1297315833770822,216,2,0.01,49,-0.0809144377708435,594485248,0.123847997133405,0.006547146011143923,False,622727168
2026090822,0.1297315833770822,217,2,0.01,13,0.10481788963079453,590340096,0.12298444538886528,0.01098679006099701,False,622727168
2026090822,0.1297315833770822,218,2,0.01,13,-0.10481788963079453,590610432,0.12304076398090047,0.01098679006099701,False,622727168
2026090822,0.1297315833770822,219,2,0.01,20,0.07794977724552155,592224256,0.12337696890911061,0.006076167803257704,False,622727168
2026090822,0.1297315833770822,220,2,0.01,20,-0.07794977724552155,597237760,0.1244214227977634,0.006076167803257704,False,622727168
2026090822,0.1297315833770822,221,2,0.01,39,0.06326884776353836,591552512,0.12323702574102315,0.004002946894615889,False,622727168
2026090822,0.1297315833770822,222,2,0.01,39,-0.06326884776353836,595308544,0.1240195128455122,0.004002946894615889,False,622727168
2026090822,0.1297315833770822,223,2,0.01,60,0.20406968891620636,585334784,0.12194169812421357,0.04164443910121918,False,622727168
2026090822,0.1297315833770822,224,2,0.01,60,-0.20406968891620636,590475264,0.12301260468488288,0.04164443910121918,False,622727168
2026090822,0.1297315833770822,225,2,0.01,56,0.06159132719039917,593285120,0.12359797671724874,0.003793491516262293,False,622727168
2026090822,0.1297315833770822,226,2,0.01,56,-0.06159132719039917,599654400,0.12492487687807803,0.003793491516262293,False,622727168
2026090822,0.1297315833770822,227,2,0.01,59,0.10685590654611588,588767232,0.12265677358066047,0.011418185196816921,False,622727168
2026090822,0.1297315833770822,228,2,0.01,59,-0.10685590654611588,592011264,0.1233325966850829,0.011418185196816921,False,622727168
2026090822,0.1297315833770822,229,2,0.01,22,0.06000459939241409,591171584,0.12315766772497354,0.0036005519796162844,False,622727168
2026090822,0.1297315833770822,230,2,0.01,22,-0.06000459939241409,592474112,0.12342902094114315,0.0036005519796162844,False,622727168
2026090822,0.1297315833770822,231,2,0.01,52,0.04414599761366844,593780736,0.12370122746931327,0.001948869088664651,False,622727168
2026090822,0.1297315833770822,232,2,0.01,52,-0.04414599761366844,593264640,0.12359371015724607,0.001948869088664651,False,622727168
2026090822,0.1297315833770822,233,2,0.01,47,0.06064116582274437,594685952,0.12388980942143113,0.0036773509345948696,False,622727168
2026090822,0.1297315833770822,234,2,0.01,47,-0.06064116582274437,594366464,0.12382325108538954,0.0036773509345948696,False,622727168
2026090822,0.1297315833770822,235,2,0.01,63,0.06226179003715515,593014784,0.12354165812521352,0.0038765305653214455,False,622727168
2026090822,0.1297315833770822,236,2,0.01,63,-0.06226179003715515,595668992,0.12409460430155912,0.0038765305653214455,False,622727168
2026090822,0.1297315833770822,237,2,0.01,26,0.31419000029563904,582430720,0.12133669991583544,0.09871535748243332,False,622727168
2026090822,0.1297315833770822,238,2,0.01,26,-0.31419000029563904,577871872,0.12038696365924186,0.09871535748243332,False,622727168
2026090822,0.1297315833770822,239,2,0.01,16,0.080118827521801,589918208,0.12289655425281036,0.006419026292860508,False,622727168
2026090822,0.1297315833770822,240,2,0.01,16,-0.080118827521801,593473536,0.12363722906927328,0.006419026292860508,False,622727168
2026090822,0.1297315833770822,241,2,0.01,40,0.1592501550912857,580780032,0.1209928151796205,0.02536061219871044,False,622727168
2026090822,0.1297315833770822,242,2,0.01,40,-0.1592501550912857,591474688,0.123220812813013,0.02536061219871044,False,622727168
2026090822,0.1297315833770822,243,2,0.01,19,0.06455594301223755,592179200,0.12336758247710473,0.004167469684034586,False,622727168
2026090822,0.1297315833770822,244,2,0.01,19,-0.06455594301223755,594989056,0.1239529545094706,0.004167469684034586,False,622727168
2026090822,0.1297315833770822,245,2,0.01,24,0.14866851270198822,587046912,0.12229838254043647,0.022102326154708862,False,622727168
2026090822,0.1297315833770822,246,2,0.01,24,-0.14866851270198822,587550720,0.12240333991650205,0.022102326154708862,False,622727168
2026090822,0.1297315833770822,247,2,0.01,46,0.07290437817573547,591872000,0.12330358407706472,0.005315048154443502,False,622727168
2026090822,0.1297315833770822,248,2,0.01,46,-0.07290437817573547,595103744,0.12397684724548552,0.005315048154443502,False,622727168
2026090822,0.1297315833770822,249,2,0.01,51,0.056311413645744324,591773696,0.12328310458905194,0.003170975251123309,False,622727168
2026090822,0.1297315833770822,250,2,0.01,51,-0.056311413645744324,598441984,0.12467229652592017,0.003170975251123309,False,622727168
2026090822,0.1297315833770822,251,2,0.01,7,0.09524940699338913,594550784,0.12386165012541352,0.009072449989616871,False,622727168
2026090822,0.1297315833770822,252,2,0.01,7,-0.09524940699338913,596787200,0.12432755847770471,0.009072449989616871,False,622727168
2026090822,0.1297315833770822,253,2,0.01,12,0.25810009241104126,581120000,0.12106364007566478,0.06661565601825714,False,622727168
2026090822,0.1297315833770822,254,2,0.01,12,-0.25810009241104126,587173888,0.12232483521245302,0.06661565601825714,False,622727168
2026090822,0.1297315833770822,255,2,0.01,3,0.27024170756340027,580718592,0.12098001549961251,0.07303058356046677,False,622727168
2026090822,0.1297315833770822,256,2,0.01,3,-0.27024170756340027,586919936,0.12227192986841995,0.07303058356046677,False,622727168
2026090822,0.1297315833770822,257,3,0.003,3,0.08107251673936844,611463168,0.12738497537561563,0.006572753190994263,False,622727168
2026090822,0.1297315833770822,258,3,0.003,3,-0.08107251673936844,614359040,0.12798826695999269,0.006572753190994263,False,622727168
2026090822,0.1297315833770822,259,3,0.003,21,0.1206810250878334,610312192,0.12714519470346575,0.014563909731805325,False,622727168
2026090822,0.1297315833770822,260,3,0.003,21,-0.1206810250878334,614088704,0.1279319483679575,0.014563909731805325,False,622727168
2026090822,0.1297315833770822,261,3,0.003,51,0.016893424093723297,614752256,0.1280701849120439,0.00028538776678033173,False,622727168
2026090822,0.1297315833770822,262,3,0.003,51,-0.016893424093723297,616710144,0.12847806804829878,0.00028538776678033173,False,622727168
2026090822,0.1297315833770822,263,3,0.003,26,0.09425700455904007,612114432,0.1275206519837004,0.008884383365511894,False,622727168
2026090822,0.1297315833770822,264,3,0.003,26,-0.09425700455904007,612139008,0.1275257718557036,0.008884383365511894,False,622727168
2026090822,0.1297315833770822,265,3,0.003,11,0.08583446592092514,611127296,0.12731500379157187,0.007367555517703295,False,622727168
2026090822,0.1297315833770822,266,3,0.003,11,-0.08583446592092514,612122624,0.12752235860770147,0.007367555517703295,False,622727168
2026090822,0.1297315833770822,267,3,0.003,13,0.03144536912441254,614477824,0.12801301300800813,0.0009888112545013428,False,622727168
2026090822,0.1297315833770822,268,3,0.003,13,-0.03144536912441254,615051264,0.12813247668808278,0.0009888112545013428,False,622727168
2026090822,0.1297315833770822,269,3,0.003,54,0.016064418479800224,615165952,0.12815636942409772,0.000258065527305007,False,622727168
2026090822,0.1297315833770822,270,3,0.003,54,-0.016064418479800224,615694336,0.12826644667216655,0.000258065527305007,False,622727168
2026090822,0.1297315833770822,271,3,0.003,36,0.019290627911686897,614531072,0.12802410606401507,0.0003721283283084631,False,622727168
2026090822,0.1297315833770822,272,3,0.003,36,-0.019290627911686897,615870464,0.12830313908818944,0.0003721283283084631,False,622727168
2026090822,0.1297315833770822,273,3,0.003,37,0.015919262543320656,614694912,0.1280582385440364,0.0002534229133743793,False,622727168
2026090822,0.1297315833770822,274,3,0.003,37,-0.015919262543320656,616292352,0.1283910302242444,0.0002534229133743793,False,622727168
2026090822,0.1297315833770822,275,3,0.003,4,0.01435836497694254,615002112,0.1281222369440764,0.00020616264373529702,False,622727168
2026090822,0.1297315833770822,276,3,0.003,4,-0.01435836497694254,615608320,0.12824852712015533,0.00020616264373529702,False,622727168
2026090822,0.1297315833770822,277,3,0.003,56,0.01847739890217781,615010304,0.12812394356807746,0.0003414142702240497,False,622727168
2026090822,0.1297315833770822,278,3,0.003,56,-0.01847739890217781,616923136,0.12852244027232654,0.0003414142702240497,False,622727168
2026090822,0.1297315833770822,279,3,0.003,47,0.0181923508644104,615337984,0.12819220852812013,0.0003309616295155138,False,622727168
2026090822,0.1297315833770822,280,3,0.003,47,-0.0181923508644104,615936000,0.128316792080198,0.0003309616295155138,False,622727168
2026090822,0.1297315833770822,281,3,0.003,12,0.07743003219366074,611844096,0.1274643333916652,0.005995410028845072,False,622727168
2026090822,0.1297315833770822,282,3,0.003,12,-0.07743003219366074,614547456,0.1280275193120172,0.005995410028845072,False,622727168
2026090822,0.1297315833770822,283,3,0.003,40,0.04777504876255989,611438592,0.12737985550361242,0.0022824553307145834,False,622727168
2026090822,0.1297315833770822,284,3,0.003,40,-0.04777504876255989,615436288,0.12821268801613292,0.0022824553307145834,False,622727168
2026090822,0.1297315833770822,285,3,0.003,38,0.040339622646570206,613785600,0.127868803279918,0.0016272851498797536,False,622727168
2026090822,0.1297315833770822,286,3,0.003,38,-0.040339622646570206,615198720,0.12816319592010197,0.0016272851498797536,False,622727168
2026090822,0.1297315833770822,287,3,0.003,16,0.024035649374127388,613924864,0.1278978158879361,0.0005777124315500259,False,622727168
2026090822,0.1297315833770822,288,3,0.003,16,-0.024035649374127388,615710720,0.12826985992016868,0.0005777124315500259,False,622727168
2026090822,0.1297315833770822,289,3,0.003,63,0.018678536638617516,615112704,0.12814527636809078,0.0003488877264317125,False,622727168
2026090822,0.1297315833770822,290,3,0.003,63,-0.018678536638617516,616005632,0.12833129838420707,0.0003488877264317125,False,622727168
2026090822,0.1297315833770822,291,3,0.003,55,0.01805911771953106,615084032,0.12813930318408706,0.000326131732435897,False,622727168
2026090822,0.1297315833770822,292,3,0.003,55,-0.01805911771953106,616026112,0.12833556494420975,0.000326131732435897,False,622727168
2026090822,0.1297315833770822,293,3,0.003,15,0.015190862119197845,615223296,0.1281683157921052,0.00023076229263097048,False,622727168
2026090822,0.1297315833770822,294,3,0.003,15,-0.015190862119197845,615174144,0.1281580760480988,0.00023076229263097048,False,622727168
2026090822,0.1297315833770822,295,3,0.003,30,0.02923782356083393,615006208,0.12812309025607693,0.0008548503392376006,False,622727168
2026090822,0.1297315833770822,296,3,0.003,30,-0.02923782356083393,616464384,0.12842686932826677,0.0008548503392376006,False,622727168
2026090822,0.1297315833770822,297,3,0.003,39,0.018980655819177628,614744064,0.1280684782880428,0.0003602652868721634,False,622727168
2026090822,0.1297315833770822,298,3,0.003,39,-0.018980655819177628,615956480,0.12832105864020066,0.0003602652868721634,False,622727168
2026090822,0.1297315833770822,299,3,0.003,23,0.022937774658203125,614703104,0.12805994516803745,0.0005261414917185903,False,622727168
2026090822,0.1297315833770822,300,3,0.003,23,-0.022937774658203125,615944192,0.12831849870419906,0.0005261414917185903,False,622727168
2026090822,0.1297315833770822,301,3,0.003,48,0.04334608465433121,614080512,0.12793024174395642,0.0018788831075653434,False,622727168
2026090822,0.1297315833770822,302,3,0.003,48,-0.04334608465433121,616054784,0.12834153812821344,0.0018788831075653434,False,622727168
2026090822,0.1297315833770822,303,3,0.003,41,0.023186257109045982,614486016,0.1280147196320092,0.0005376025219447911,False,622727168
2026090822,0.1297315833770822,304,3,0.003,41,-0.023186257109045982,616206336,0.12837311067223317,0.0005376025219447911,False,622727168
2026090822,0.1297315833770822,305,3,0.003,61,0.023685744032263756,614711296,0.12806165179203854,0.0005610144580714405,False,622727168
2026090822,0.1297315833770822,306,3,0.003,61,-0.023685744032263756,616095744,0.1283500712482188,0.0005610144580714405,False,622727168
2026090822,0.1297315833770822,307,3,0.003,7,0.02857482247054577,615460864,0.12821780788813616,0.0008165204781107605,False,622727168
2026090822,0.1297315833770822,308,3,0.003,7,-0.02857482247054577,616685568,0.1284729481762956,0.0008165204781107605,False,622727168
2026090822,0.1297315833770822,309,3,0.003,14,0.029709605500102043,614301696,0.12797632059198522,0.0008826606790535152,False,622727168
2026090822,0.1297315833770822,310,3,0.003,14,-0.029709605500102043,615927808,0.12831508545619694,0.0008826606790535152,False,622727168
2026090822,0.1297315833770822,311,3,0.003,9,0.04601554572582245,613470208,0.12780309825587693,0.0021174305584281683,False,622727168
2026090822,0.1297315833770822,312,3,0.003,9,-0.04601554572582245,615165952,0.12815636942409772,0.0021174305584281683,False,622727168
2026090822,0.1297315833770822,313,3,0.003,1,0.02210099808871746,615292928,0.12818282209611429,0.000488454126752913,False,622727168
2026090822,0.1297315833770822,314,3,0.003,1,-0.02210099808871746,616525824,0.1284396690082748,0.000488454126752913,False,622727168
2026090822,0.1297315833770822,315,3,0.003,57,0.06321971118450165,611758080,0.12744641383965402,0.003996731713414192,False,622727168
2026090822,0.1297315833770822,316,3,0.003,57,-0.06321971118450165,613171200,0.12774080647983801,0.003996731713414192,False,622727168
2026090822,0.1297315833770822,317,3,0.003,52,0.013243799097836018,615309312,0.1281862353441164,0.00017539822147227824,False,622727168
2026090822,0.1297315833770822,318,3,0.003,52,-0.013243799097836018,615493632,0.1282246343841404,0.00017539822147227824,False,622727168
2026090822,0.1297315833770822,319,3,0.003,19,0.019366784021258354,614912000,0.12810346408006465,0.000375072326278314,False,622727168
2026090822,0.1297315833770822,320,3,0.003,19,-0.019366784021258354,615788544,0.1282860728481788,0.000375072326278314,False,622727168
2026090822,0.1297315833770822,321,3,0.003,45,0.04387838393449783,612634624,0.12762902260776812,0.0019253125647082925,False,622727168
2026090822,0.1297315833770822,322,3,0.003,45,-0.04387838393449783,614993920,0.12812053032007534,0.0019253125647082925,False,622727168
2026090822,0.1297315833770822,323,3,0.003,53,0.034156084060668945,614834176,0.12808725115205452,0.001166638103313744,False,622727168
2026090822,0.1297315833770822,324,3,0.003,53,-0.034156084060668945,616402944,0.1284140696482588,0.001166638103313744,False,622727168
2026090822,0.1297315833770822,325,3,0.003,24,0.044600553810596466,613621760,0.12783467079989666,0.0019892093259841204,False,622727168
2026090822,0.1297315833770822,326,3,0.003,24,-0.044600553810596466,614047744,0.12792341524795214,0.0019892093259841204,False,622727168
2026090822,0.1297315833770822,327,3,0.003,34,0.019320327788591385,615366656,0.12819818171212388,0.0003732750774361193,False,622727168
2026090822,0.1297315833770822,328,3,0.003,34,-0.019320327788591385,616333312,0.1283995633442497,0.0003732750774361193,False,622727168
2026090822,0.1297315833770822,329,3,0.003,49,0.02427433244884014,614858752,0.12809237102405774,0.0005892431945540011,False,622727168
2026090822,0.1297315833770822,330,3,0.003,49,-0.02427433244884014,615985152,0.12832703182420438,0.0005892431945540011,False,622727168
2026090822,0.1297315833770822,331,3,0.003,46,0.02187131531536579,614518784,0.12802154612801345,0.0004783544281963259,False,622727168
2026090822,0.1297315833770822,332,3,0.003,46,-0.02187131531536579,616050688,0.1283406848162129,0.0004783544281963259,False,622727168
2026090822,0.1297315833770822,333,3,0.003,35,0.04769011214375496,613343232,0.1277766455838604,0.0022743467707186937,False,622727168
2026090822,0.1297315833770822,334,3,0.003,35,-0.04769011214375496,614514688,0.12802069281601294,0.0022743467707186937,False,622727168
2026090822,0.1297315833770822,335,3,0.003,20,0.023384932428598404,614756352,0.1280710382240444,0.0005468550371006131,False,622727168
2026090822,0.1297315833770822,336,3,0.003,20,-0.023384932428598404,616321024,0.12839700340824814,0.0005468550371006131,False,622727168
2026090822,0.1297315833770822,337,3,0.003,5,0.040149226784706116,614469632,0.12801130638400707,0.0016119603533297777,False,622727168
2026090822,0.1297315833770822,338,3,0.003,5,-0.040149226784706116,615751680,0.128278393040174,0.0016119603533297777,False,622727168
2026090822,0.1297315833770822,339,3,0.003,6,0.018911246210336685,614940672,0.1281094372640684,0.0003576352319214493,False,622727168
2026090822,0.1297315833770822,340,3,0.003,6,-0.018911246210336685,616046592,0.12833983150421238,0.0003576352319214493,False,622727168
2026090822,0.1297315833770822,341,3,0.003,50,0.021883569657802582,614555648,0.1280292259360183,0.0004788906080648303,False,622727168
2026090822,0.1297315833770822,342,3,0.003,50,-0.021883569657802582,616247296,0.12838164379223851,0.0004788906080648303,False,622727168
2026090822,0.1297315833770822,343,3,0.003,25,0.02228454127907753,614641664,0.12804714548802945,0.0004966007545590401,False,622727168
2026090822,0.1297315833770822,344,3,0.003,25,-0.02228454127907753,616652800,0.1284661216802913,0.0004966007545590401,False,622727168
2026090822,0.1297315833770822,345,3,0.003,44,0.014641448855400085,615002112,0.1281222369440764,0.0002143720193998888,False,622727168
2026090822,0.1297315833770822,346,3,0.003,44,-0.014641448855400085,616394752,0.12841236302425774,0.0002143720193998888,False,622727168
2026090822,0.1297315833770822,347,3,0.003,62,0.025800460949540138,614850560,0.12809066440005665,0.0006656637997366488,False,622727168
2026090822,0.1297315833770822,348,3,0.003,62,-0.025800460949540138,615845888,0.12829801921618625,0.0006656637997366488,False,622727168
2026090822,0.1297315833770822,349,3,0.003,32,0.01575036160647869,614711296,0.12806165179203852,0.00024807389127090573,False,622727168
2026090822,0.1297315833770822,350,3,0.003,32,-0.01575036160647869,615546880,0.12823572744014733,0.00024807389127090573,False,622727168
2026090822,0.1297315833770822,351,3,0.003,43,0.041076090186834335,612724736,0.12764779547177987,0.0016872452106326818,False,622727168
2026090822,0.1297315833770822,352,3,0.003,43,-0.041076090186834335,615587840,0.12824426056015267,0.0016872452106326818,False,622727168
2026090822,0.1297315833770822,353,3,0.003,8,0.02052958682179451,614551552,0.12802837262401776,0.00042146394844166934,False,622727168
2026090822,0.1297315833770822,354,3,0.003,8,-0.02052958682179451,616280064,0.1283884702882428,0.00042146394844166934,False,622727168
2026090822,0.1297315833770822,355,3,0.003,29,0.019795455038547516,615186432,0.12816063598410038,0.0003918600268661976,False,622727168
2026090822,0.1297315833770822,356,3,0.003,29,-0.019795455038547516,616595456,0.12845417531228387,0.0003918600268661976,False,622727168
2026090822,0.1297315833770822,357,3,0.003,60,0.06122090667486191,612966400,0.12769814087981132,0.0037479994352906942,False,622727168
2026090822,0.1297315833770822,358,3,0.003,60,-0.06122090667486191,614871040,0.12809493096005933,0.0037479994352906942,False,622727168
2026090822,0.1297315833770822,359,3,0.003,33,0.018665404990315437,615088128,0.1281401564960876,0.000348397355992347,False,622727168
2026090822,0.1297315833770822,360,3,0.003,33,-0.018665404990315437,615030784,0.12812821012808012,0.000348397355992347,False,622727168
2026090822,0.1297315833770822,361,3,0.003,31,0.053419794887304306,612282368,0.12755563777572226,0.0028536745812743902,False,622727168
2026090822,0.1297315833770822,362,3,0.003,31,-0.053419794887304306,613552128,0.12782016449588762,0.0028536745812743902,False,622727168
2026090822,0.1297315833770822,363,3,0.003,27,0.04552294686436653,612696064,0.12764182228777612,0.0020723387133330107,False,622727168
2026090822,0.1297315833770822,364,3,0.003,27,-0.04552294686436653,614686720,0.12805653192003533,0.0020723387133330107,False,622727168
2026090822,0.1297315833770822,365,3,0.003,22,0.018001381307840347,614891520,0.128099197520062,0.00032404973171651363,False,622727168
2026090822,0.1297315833770822,366,3,0.003,22,-0.018001381307840347,615096320,0.12814186312008866,0.00032404973171651363,False,622727168
2026090822,0.1297315833770822,367,3,0.003,10,0.03924347460269928,614068224,0.1279276818079548,0.0015400502597913146,False,622727168
2026090822,0.1297315833770822,368,3,0.003,10,-0.03924347460269928,614662144,0.1280514120480321,0.0015400502597913146,False,622727168
2026090822,0.1297315833770822,369,3,0.003,42,0.12187308073043823,610017280,0.12708375623942733,0.014853048138320446,False,622727168
2026090822,0.1297315833770822,370,3,0.003,42,-0.12187308073043823,615141376,0.12815124955209453,0.014853048138320446,False,622727168
2026090822,0.1297315833770822,371,3,0.003,18,0.02550838515162468,615542784,0.1282348741281468,0.0006506777135655284,False,622727168
2026090822,0.1297315833770822,372,3,0.003,18,-0.02550838515162468,615870464,0.12830313908818947,0.0006506777135655284,False,622727168
2026090822,0.1297315833770822,373,3,0.003,2,0.018669329583644867,615026688,0.1281273568160796,0.0003485438646748662,False,622727168
2026090822,0.1297315833770822,374,3,0.003,2,-0.018669329583644867,616271872,0.12838676366424173,0.0003485438646748662,False,622727168
2026090822,0.1297315833770822,375,3,0.003,0,0.018757609650492668,614760448,0.12807189153604495,0.00035184790613129735,False,622727168
2026090822,0.1297315833770822,376,3,0.003,0,-0.018757609650492668,616247296,0.12838164379223854,0.00035184790613129735,False,622727168
2026090822,0.1297315833770822,377,3,0.003,28,0.03255472704768181,614182912,0.12795157454396974,0.0010598102817311883,False,622727168
2026090822,0.1297315833770822,378,3,0.003,28,-0.03255472704768181,615108608,0.12814442305609028,0.0010598102817311883,False,622727168
2026090822,0.1297315833770822,379,3,0.003,58,0.02127734199166298,615477248,0.12822122113613826,0.0004527252749539912,False,622727168
2026090822,0.1297315833770822,380,3,0.003,58,-0.02127734199166298,616185856,0.1283688441122305,0.0004527252749539912,False,622727168
2026090822,0.1297315833770822,381,3,0.003,59,0.0320567712187767,613830656,0.12787818971192386,0.0010276365792378783,False,622727168
2026090822,0.1297315833770822,382,3,0.003,59,-0.0320567712187767,615313408,0.12818708865611692,0.0010276365792378783,False,622727168
2026090822,0.1297315833770822,383,3,0.003,17,0.03189881891012192,614420480,0.1280010666400007,0.001017534639686346,False,622727168
2026090822,0.1297315833770822,384,3,0.003,17,-0.03189881891012192,615084032,0.12813930318408706,0.001017534639686346,False,622727168
2026090822,0.1297315833770822,385,4,0.001,51,0.00563114183023572,620756992,0.12932114030482572,3.170975833199918e-05,False,622727168
2026090822,0.1297315833770822,386,4,0.001,51,-0.00563114183023572,621289472,0.12943207086489503,3.170975833199918e-05,False,622727168
2026090822,0.1297315833770822,387,4,0.001,30,0.009745941497385502,620716032,0.12931260718482038,9.498337749391794e-05,False,622727168
2026090822,0.1297315833770822,388,4,0.001,30,-0.009745941497385502,621326336,0.12943975067289984,9.498337749391794e-05,False,622727168
2026090822,0.1297315833770822,389,4,0.001,10,0.013081158511340618,620605440,0.129289567760806,0.00017111671331804246,False,622727168
2026090822,0.1297315833770822,390,4,0.001,10,-0.013081158511340618,621117440,0.12939623176087264,0.00017111671331804246,False,622727168
2026090822,0.1297315833770822,391,4,0.001,9,0.015338515862822533,620601344,0.12928871444880544,0.00023527006851509213,False,622727168
2026090822,0.1297315833770822,392,4,0.001,9,-0.015338515862822533,621002752,0.1293723390248577,0.00023527006851509213,False,622727168
2026090822,0.1297315833770822,393,4,0.001,49,0.00809144414961338,620834816,0.12933735323283585,6.547146767843515e-05,False,622727168
2026090822,0.1297315833770822,394,4,0.001,49,-0.00809144414961338,621162496,0.12940561819287852,6.547146767843515e-05,False,622727168
2026090822,0.1297315833770822,395,4,0.001,40,0.01592501811683178,619941888,0.12915133121671957,0.0002536062092985958,False,622727168
2026090822,0.1297315833770822,396,4,0.001,40,-0.01592501811683178,621211648,0.1294158579368849,0.0002536062092985958,False,622727168
2026090822,0.1297315833770822,397,4,0.001,14,0.009903202764689922,620781568,0.12932626017682894,9.807342576095834e-05,False,622727168
2026090822,0.1297315833770822,398,4,0.001,14,-0.009903202764689922,621121536,0.12939708507287315,9.807342576095834e-05,False,622727168
2026090822,0.1297315833770822,399,4,0.001,63,0.00622617918998003,620863488,0.12934332641683957,3.876530900015496e-05,False,622727168
2026090822,0.1297315833770822,400,4,0.001,63,-0.00622617918998003,621019136,0.12937575227285986,3.876530900015496e-05,False,622727168
2026090822,0.1297315833770822,401,4,0.001,15,0.005063620861619711,620871680,0.12934503304084063,2.5640256353653967e-05,False,622727168
2026090822,0.1297315833770822,402,4,0.001,15,-0.005063620861619711,621019136,0.12937575227285983,2.5640256353653967e-05,False,622727168
2026090822,0.1297315833770822,403,4,0.001,25,0.007428180892020464,620822528,0.12933479329683426,5.517787212738767e-05,False,622727168
2026090822,0.1297315833770822,404,4,0.001,25,-0.007428180892020464,621309952,0.1294363374248977,5.517787212738767e-05,False,622727168
2026090822,0.1297315833770822,405,4,0.001,13,0.010481789708137512,620711936,0.12931175387281982,0.00010986791312461719,False,622727168
2026090822,0.1297315833770822,406,4,0.001,13,-0.010481789708137512,620969984,0.12936551252885345,0.00010986791312461719,False,622727168
2026090822,0.1297315833770822,407,4,0.001,28,0.010851576924324036,620625920,0.12929383432080863,0.00011775672464864329,False,622727168
2026090822,0.1297315833770822,408,4,0.001,28,-0.010851576924324036,620965888,0.12936465921685292,0.00011775672464864329,False,622727168
2026090822,0.1297315833770822,409,4,0.001,61,0.007895248010754585,620752896,0.1293202869928252,6.233494059415534e-05,False,622727168
2026090822,0.1297315833770822,410,4,0.001,61,-0.007895248010754585,621248512,0.12942353774488968,6.233494059415534e-05,False,622727168
2026090822,0.1297315833770822,411,4,0.001,38,0.013446541503071785,620605440,0.129289567760806,0.0001808094821171835,False,622727168
2026090822,0.1297315833770822,412,4,0.001,38,-0.013446541503071785,621232128,0.12942012449688758,0.0001808094821171835,False,622727168
2026090822,0.1297315833770822,413,4,0.001,54,0.005354806315153837,620998656,0.1293714857128572,2.8673950509983115e-05,False,622727168
2026090822,0.1297315833770822,414,4,0.001,54,-0.005354806315153837,621219840,0.129417564560886,2.8673950509983115e-05,False,622727168
2026090822,0.1297315833770822,415,4,0.001,60,0.020406970754265785,620290048,0.12922386273676492,0.0004164444690104574,False,622727168
2026090822,0.1297315833770822,416,4,0.001,60,-0.020406970754265785,621051904,0.12938257876886408,0.0004164444690104574,False,622727168
2026090822,0.1297315833770822,417,4,0.001,57,0.0210732389241457,620113920,0.12918717032074198,0.0004440814082045108,False,622727168
2026090822,0.1297315833770822,418,4,0.001,57,-0.0210732389241457,620867584,0.1293441797288401,0.0004440814082045108,False,622727168
2026090822,0.1297315833770822,419,4,0.001,34,0.006440109573304653,620969984,0.12936551252885345,4.147501022089273e-05,False,622727168
2026090822,0.1297315833770822,420,4,0.001,34,-0.006440109573304653,621236224,0.12942097780888812,4.147501022089273e-05,False,622727168
2026090822,0.1297315833770822,421,4,0.001,18,0.008502795360982418,621072384,0.1293868453288668,7.229753100546077e-05,False,622727168
2026090822,0.1297315833770822,422,4,0.001,18,-0.008502795360982418,621039616,0.12938001883286251,7.229753100546077e-05,False,622727168
2026090822,0.1297315833770822,423,4,0.001,56,0.006159133277833462,620908544,0.12935271284884545,3.793492214754224e-05,False,622727168
2026090822,0.1297315833770822,424,4,0.001,56,-0.006159133277833462,621445120,0.12946449672091528,3.793492214754224e-05,False,622727168
2026090822,0.1297315833770822,425,4,0.001,59,0.010685591027140617,620642304,0.12929724756881078,0.000114181857497897,False,622727168
2026090822,0.1297315833770822,426,4,0.001,59,-0.010685591027140617,621035520,0.12937916552086198,0.000114181857497897,False,622727168
2026090822,0.1297315833770822,427,4,0.001,8,0.006843195762485266,620797952,0.12932967342483104,4.68293292215094e-05,False,622727168
2026090822,0.1297315833770822,428,4,0.001,8,-0.006843195762485266,621207552,0.12941500462488437,4.68293292215094e-05,False,622727168
2026090822,0.1297315833770822,429,4,0.001,45,0.01462612859904766,620359680,0.129238369040774,0.00021392363123595715,False,622727168
2026090822,0.1297315833770822,430,4,0.001,45,-0.01462612859904766,621043712,0.12938087214486305,0.00021392363123595715,False,622727168
2026090822,0.1297315833770822,431,4,0.001,58,0.0070924474857747555,620875776,0.12934588635284117,5.0302809540880844e-05,False,622727168
2026090822,0.1297315833770822,432,4,0.001,58,-0.0070924474857747555,621146112,0.12940220494487636,5.0302809540880844e-05,False,622727168
2026090822,0.1297315833770822,433,4,0.001,32,0.005250121001154184,620859392,0.12934247310483904,2.756377034529578e-05,False,622727168
2026090822,0.1297315833770822,434,4,0.001,32,-0.005250121001154184,620920832,0.12935527278484704,2.756377034529578e-05,False,622727168
2026090822,0.1297315833770822,435,4,0.001,11,0.02861149050295353,619995136,0.12916242427272653,0.0008186174090951681,False,622727168
2026090822,0.1297315833770822,436,4,0.001,11,-0.02861149050295353,620527616,0.12927335483279584,0.0008186174090951681,False,622727168
2026090822,0.1297315833770822,437,4,0.001,41,0.007728752680122852,620687360,0.12930663400081666,5.973361840005964e-05,False,622727168
2026090822,0.1297315833770822,438,4,0.001,41,-0.007728752680122852,621346816,0.12944401723290253,5.973361840005964e-05,False,622727168
2026090822,0.1297315833770822,439,4,0.001,24,0.014866852201521397,620425216,0.12925202203278252,0.0002210232923971489,False,622727168
2026090822,0.1297315833770822,440,4,0.001,24,-0.014866852201521397,620920832,0.12935527278484701,0.0002210232923971489,False,622727168
2026090822,0.1297315833770822,441,4,0.001,20,0.007794978097081184,620695552,0.1293083406248177,6.07616821071133e-05,False,622727168
2026090822,0.1297315833770822,442,4,0.001,20,-0.007794978097081184,621322240,0.12943889736089934,6.07616821071133e-05,False,622727168
2026090822,0.1297315833770822,443,4,0.001,27,0.015174316242337227,620179456,0.1292008233127505,0.00023025987320579588,False,622727168
2026090822,0.1297315833770822,444,4,0.001,27,-0.015174316242337227,621109248,0.12939452513687158,0.00023025987320579588,False,622727168
2026090822,0.1297315833770822,445,4,0.001,62,0.008600153960287571,620818432,0.1293339399848337,7.396264845738187e-05,False,622727168
2026090822,0.1297315833770822,446,4,0.001,62,-0.008600153960287571,621109248,0.12939452513687158,7.396264845738187e-05,False,622727168
2026090822,0.1297315833770822,447,4,0.001,44,0.004880483262240887,620937216,0.12935868603284917,2.381911690463312e-05,False,622727168
2026090822,0.1297315833770822,448,4,0.001,44,-0.004880483262240887,621092864,0.12939111188886945,2.381911690463312e-05,False,622727168
2026090822,0.1297315833770822,449,4,0.001,31,0.01780659891664982,620236800,0.12921276968075798,0.00031707496964372694,False,622727168
2026090822,0.1297315833770822,450,4,0.001,31,-0.01780659891664982,620736512,0.12931687374482306,0.00031707496964372694,False,622727168
2026090822,0.1297315833770822,451,4,0.001,12,0.025810010731220245,620003328,0.1291641308967276,0.0006661566440016031,False,622727168
2026090822,0.1297315833770822,452,4,0.001,12,-0.025810010731220245,620998656,0.1293714857128572,0.0006661566440016031,False,622727168
2026090822,0.1297315833770822,453,4,0.001,50,0.0072945235297083855,620806144,0.12933138004883213,5.321007483871654e-05,False,622727168
2026090822,0.1297315833770822,454,4,0.001,50,-0.0072945235297083855,621142016,0.12940135163287583,5.321007483871654e-05,False,622727168
2026090822,0.1297315833770822,455,4,0.001,7,0.009524941444396973,620916736,0.1293544194728465,9.07245121197775e-05,False,622727168
2026090822,0.1297315833770822,456,4,0.001,7,-0.009524941444396973,621363200,0.12944743048090465,9.07245121197775e-05,False,622727168
2026090822,0.1297315833770822,457,4,0.001,4,0.004786122124642134,620773376,0.12932455355282785,2.290696465934161e-05,False,622727168
2026090822,0.1297315833770822,458,4,0.001,4,-0.004786122124642134,620961792,0.12936380590485239,2.290696465934161e-05,False,622727168
2026090822,0.1297315833770822,459,4,0.001,36,0.006430209148675203,620789760,0.12932796680082997,4.134759001317434e-05,False,622727168
2026090822,0.1297315833770822,460,4,0.001,36,-0.006430209148675203,621109248,0.12939452513687158,4.134759001317434e-05,False,622727168
2026090822,0.1297315833770822,461,4,0.001,16,0.00801188312470913,620613632,0.12929127438480706,6.419027340598404e-05,False,622727168
2026090822,0.1297315833770822,462,4,0.001,16,-0.00801188312470913,621015040,0.1293748989608593,6.419027340598404e-05,False,622727168
2026090822,0.1297315833770822,463,4,0.001,52,0.004414599854499102,620978176,0.1293672191528545,1.9488692487357184e-05,False,622727168
2026090822,0.1297315833770822,464,4,0.001,52,-0.004414599854499102,621150208,0.1294030582568769,1.9488692487357184e-05,False,622727168
2026090822,0.1297315833770822,465,4,0.001,47,0.006064116954803467,620896256,0.12935015291284385,3.6773515603272244e-05,False,622727168
2026090822,0.1297315833770822,466,4,0.001,47,-0.006064116954803467,621137920,0.12940049832087533,3.6773515603272244e-05,False,622727168
2026090822,0.1297315833770822,467,4,0.001,48,0.014448695816099644,620613632,0.12929127438480703,0.00020876481721643358,False,622727168
2026090822,0.1297315833770822,468,4,0.001,48,-0.014448695816099644,621178880,0.12940903144088065,0.00020876481721643358,False,622727168
2026090822,0.1297315833770822,469,4,0.001,53,0.011385361663997173,620748800,0.12931943368082463,0.00012962646724190563,False,622727168
2026090822,0.1297315833770822,470,4,0.001,53,-0.011385361663997173,621191168,0.12941159137688224,0.00012962646724190563,False,622727168
2026090822,0.1297315833770822,471,4,0.001,22,0.0060004605911672115,620871680,0.12934503304084063,3.600552736315876e-05,False,622727168
2026090822,0.1297315833770822,472,4,0.001,22,-0.0060004605911672115,621002752,0.12937233902485773,3.600552736315876e-05,False,622727168
2026090822,0.1297315833770822,473,4,0.001,55,0.00601970637217164,620904448,0.12935185953684492,3.6236866435501724e-05,False,622727168
2026090822,0.1297315833770822,474,4,0.001,55,-0.00601970637217164,621084672,0.12938940526486836,3.6236866435501724e-05,False,622727168
2026090822,0.1297315833770822,475,4,0.001,43,0.013692030683159828,620351488,0.12923666241677292,0.00018747169815469533,False,622727168
2026090822,0.1297315833770822,476,4,0.001,43,-0.013692030683159828,621203456,0.12941415131288386,0.00018747169815469533,False,622727168
2026090822,0.1297315833770822,477,4,0.001,17,0.010632939636707306,620613632,0.12929127438480706,0.00011305940279271454,False,622727168
2026090822,0.1297315833770822,478,4,0.001,17,-0.010632939636707306,620949504,0.12936124596885076,0.00011305940279271454,False,622727168
2026090822,0.1297315833770822,479,4,0.001,21,0.040227010846138,619806720,0.129123171920702,0.0016182124381884933,False,622727168
2026090822,0.1297315833770822,480,4,0.001,21,-0.040227010846138,621068288,0.12938599201686624,0.0016182124381884933,False,622727168
2026090822,0.1297315833770822,481,4,0.001,46,0.007290438748896122,620773376,0.12932455355282785,5.3150495659792796e-05,False,622727168
2026090822,0.1297315833770822,482,4,0.001,46,-0.007290438748896122,621215744,0.12941671124888546,5.3150495659792796e-05,False,622727168
2026090822,0.1297315833770822,483,4,0.001,42,0.040624361485242844,619565056,0.12907282651267052,0.0016503387596458197,False,622727168
2026090822,0.1297315833770822,484,4,0.001,42,-0.040624361485242844,621314048,0.12943719073689822,0.0016503387596458197,False,622727168
2026090822,0.1297315833770822,485,4,0.001,1,0.007366999983787537,621002752,0.12937233902485773,5.427268843050115e-05,False,622727168
2026090822,0.1297315833770822,486,4,0.001,1,-0.007366999983787537,621199360,0.12941329800088333,5.427268843050115e-05,False,622727168
2026090822,0.1297315833770822,487,4,0.001,35,0.01589670404791832,620486656,0.1292648217127905,0.0002527052129153162,False,622727168
2026090822,0.1297315833770822,488,4,0.001,35,-0.01589670404791832,620875776,0.1293458863528412,0.0002527052129153162,False,622727168
2026090822,0.1297315833770822,489,4,0.001,29,0.006598485633730888,620871680,0.12934503304084063,4.3540014303289354e-05,False,622727168
2026090822,0.1297315833770822,490,4,0.001,29,-0.006598485633730888,621215744,0.12941671124888546,4.3540014303289354e-05,False,622727168
2026090822,0.1297315833770822,491,4,0.001,0,0.00625253701582551,620736512,0.12931687374482306,3.909421866410412e-05,False,622727168
2026090822,0.1297315833770822,492,4,0.001,0,-0.00625253701582551,621207552,0.12941500462488437,3.909421866410412e-05,False,622727168
2026090822,0.1297315833770822,493,4,0.001,33,0.006221801973879337,620855296,0.1293416197928385,3.871081935358234e-05,False,622727168
2026090822,0.1297315833770822,494,4,0.001,33,-0.006221801973879337,620904448,0.12935185953684492,3.871081935358234e-05,False,622727168
2026090822,0.1297315833770822,495,4,0.001,19,0.006455595139414072,620929024,0.1293569794088481,4.167470979155041e-05,False,622727168
2026090822,0.1297315833770822,496,4,0.001,19,-0.006455595139414072,621039616,0.12938001883286251,4.167470979155041e-05,False,622727168
2026090822,0.1297315833770822,497,4,0.001,5,0.013383076526224613,620724224,0.12931431380882144,0.00017910673341248184,False,622727168
2026090822,0.1297315833770822,498,4,0.001,5,-0.013383076526224613,621129728,0.12939879169687424,0.00017910673341248184,False,622727168
2026090822,0.1297315833770822,499,4,0.001,2,0.006223110016435385,620863488,0.12934332641683957,3.872709930874407e-05,False,622727168
2026090822,0.1297315833770822,500,4,0.001,2,-0.006223110016435385,621264896,0.12942695099289186,3.872709930874407e-05,False,622727168
2026090822,0.1297315833770822,501,4,0.001,26,0.03141900151968002,620077056,0.12917949051273717,0.000987153616733849,False,622727168
2026090822,0.1297315833770822,502,4,0.001,26,-0.03141900151968002,620363776,0.12923922235277452,0.000987153616733849,False,622727168
2026090822,0.1297315833770822,503,4,0.001,37,0.005306421313434839,620838912,0.12933820654483638,2.8158106943010353e-05,False,622727168
2026090822,0.1297315833770822,504,4,0.001,37,-0.005306421313434839,621158400,0.12940476488087796,2.8158106943010353e-05,False,622727168
2026090822,0.1297315833770822,505,4,0.001,6,0.006303749047219753,620867584,0.1293441797288401,3.973725324613042e-05,False,622727168
2026090822,0.1297315833770822,506,4,0.001,6,-0.006303749047219753,621223936,0.12941841787288652,3.973725324613042e-05,False,622727168
2026090822,0.1297315833770822,507,4,0.001,3,0.027024174109101295,619950080,0.12915303784072066,0.0007303059683181345,False,622727168
2026090822,0.1297315833770822,508,4,0.001,3,-0.027024174109101295,620998656,0.1293714857128572,0.0007303059683181345,False,622727168
2026090822,0.1297315833770822,509,4,0.001,39,0.006326885428279638,620802048,0.12933052673683157,4.002947753178887e-05,False,622727168
2026090822,0.1297315833770822,510,4,0.001,39,-0.006326885428279638,621133824,0.12939964500887477,4.002947753178887e-05,False,622727168
2026090822,0.1297315833770822,511,4,0.001,23,0.0076459250412881374,620781568,0.1293262601768289,5.8460169384488836e-05,False,622727168
2026090822,0.1297315833770822,512,4,0.001,23,-0.0076459250412881374,621182976,0.12940988475288118,5.8460169384488836e-05,False,622727168
2026090822,0.1297315833770822,513,5,0.0003,24,0.004460055846720934,622358528,0.12965478529703423,1.9892098862328567e-05,False,622727168
2026090822,0.1297315833770822,514,5,0.0003,24,-0.004460055846720934,622460928,0.12967611809704757,1.9892098862328567e-05,False,622727168
2026090822,0.1297315833770822,515,5,0.0003,14,0.0029709606897085905,622362624,0.12965563860903476,8.826606972434092e-06,False,622727168
2026090822,0.1297315833770822,516,5,0.0003,14,-0.0029709606897085905,622493696,0.12968294459305182,8.826606972434092e-06,False,622727168
2026090822,0.1297315833770822,517,5,0.0003,13,0.003144536865875125,622379008,0.12965905185703688,9.888111890177242e-06,False,622727168
2026090822,0.1297315833770822,518,5,0.0003,13,-0.003144536865875125,622473216,0.1296786780330492,9.888111890177242e-06,False,622727168
2026090822,0.1297315833770822,519,5,0.0003,11,0.008583446964621544,622342144,0.12965137204903213,7.367556099779904e-05,False,622727168
2026090822,0.1297315833770822,520,5,0.0003,11,-0.008583446964621544,622465024,0.12967697140904813,7.367556099779904e-05,False,622727168
2026090822,0.1297315833770822,521,5,0.0003,30,0.0029237824492156506,622395392,0.12966246510503907,8.54850350151537e-06,False,622727168
2026090822,0.1297315833770822,522,5,0.0003,30,-0.0029237824492156506,622485504,0.12968123796905076,8.54850350151537e-06,False,622727168
2026090822,0.1297315833770822,523,5,0.0003,54,0.0016064418014138937,622415872,0.1296667316650417,2.580655291239964e-06,False,622727168
2026090822,0.1297315833770822,524,5,0.0003,54,-0.0016064418014138937,622444544,0.12967270484904544,2.580655291239964e-06,False,622727168
2026090822,0.1297315833770822,525,5,0.0003,33,0.00186654063872993,622399488,0.12966331841703957,3.483974069240503e-06,False,622727168
2026090822,0.1297315833770822,526,5,0.0003,33,-0.00186654063872993,622424064,0.12966843828904276,3.483974069240503e-06,False,622727168
2026090822,0.1297315833770822,527,5,0.0003,21,0.012068103067576885,622313472,0.12964539886502838,0.00014563911827281117,False,622727168
2026090822,0.1297315833770822,528,5,0.0003,21,-0.012068103067576885,622542848,0.12969318433705826,0.00014563911827281117,False,622727168
2026090822,0.1297315833770822,529,5,0.0003,20,0.002338493475690484,622379008,0.1296590518570369,5.4685515351593494e-06,False,622727168
2026090822,0.1297315833770822,530,5,0.0003,20,-0.002338493475690484,622465024,0.12967697140904813,5.4685515351593494e-06,False,622727168
2026090822,0.1297315833770822,531,5,0.0003,38,0.004033962730318308,622333952,0.12964966542503106,1.6272855646093376e-05,False,622727168
2026090822,0.1297315833770822,532,5,0.0003,38,-0.004033962730318308,622489600,0.12968209128105132,1.6272855646093376e-05,False,622727168
2026090822,0.1297315833770822,533,5,0.0003,61,0.002368574496358633,622383104,0.12965990516903744,5.610145308310166e-06,False,622727168
2026090822,0.1297315833770822,534,5,0.0003,61,-0.002368574496358633,622518272,0.12968806446505507,5.610145308310166e-06,False,622727168
2026090822,0.1297315833770822,535,5,0.0003,49,0.0024274333845824003,622342144,0.12965137204903213,5.892432909604395e-06,False,622727168
2026090822,0.1297315833770822,536,5,0.0003,49,-0.0024274333845824003,622460928,0.12967611809704757,5.892432909604395e-06,False,622727168
2026090822,0.1297315833770822,537,5,0.0003,17,0.0031898817978799343,622317568,0.1296462521770289,1.0175345778407063e-05,False,622727168
2026090822,0.1297315833770822,538,5,0.0003,17,-0.0031898817978799343,622465024,0.12967697140904813,1.0175345778407063e-05,False,622727168
2026090822,0.1297315833770822,539,5,0.0003,55,0.0018059118883684278,622366720,0.12965649192103532,3.2613177154416917e-06,False,622727168
2026090822,0.1297315833770822,540,5,0.0003,55,-0.0018059118883684278,622419968,0.12966758497704226,3.2613177154416917e-06,False,622727168
2026090822,0.1297315833770822,541,5,0.0003,42,0.012187308631837368,622272512,0.12963686574502306,0.0001485304965171963,False,622727168
2026090822,0.1297315833770822,542,5,0.0003,42,-0.012187308631837368,622563328,0.12969745089706092,0.0001485304965171963,False,622727168
2026090822,0.1297315833770822,543,5,0.0003,56,0.0018477399135008454,622374912,0.12965819854503638,3.414142838664702e-06,False,622727168
2026090822,0.1297315833770822,544,5,0.0003,56,-0.0018477399135008454,622481408,0.12968038465705026,3.414142838664702e-06,False,622727168
2026090822,0.1297315833770822,545,5,0.0003,34,0.001932032871991396,622379008,0.12965905185703688,3.732751110874233e-06,False,622727168
2026090822,0.1297315833770822,546,5,0.0003,34,-0.001932032871991396,622477312,0.1296795313450497,3.732751110874233e-06,False,622727168
2026090822,0.1297315833770822,547,5,0.0003,44,0.001464144908823073,622366720,0.12965649192103532,2.1437203940877225e-06,False,622727168
2026090822,0.1297315833770822,548,5,0.0003,44,-0.001464144908823073,622424064,0.12966843828904276,2.1437203940877225e-06,False,622727168
2026090822,0.1297315833770822,549,5,0.0003,39,0.0018980655586346984,622403584,0.12966417172904013,3.602652896006475e-06,False,622727168
2026090822,0.1297315833770822,550,5,0.0003,39,-0.0018980655586346984,622452736,0.1296744114730465,3.602652896006475e-06,False,622727168
2026090822,0.1297315833770822,551,5,0.0003,12,0.007743003312498331,622321664,0.12964710548902944,5.995410174364224e-05,False,622727168
2026090822,0.1297315833770822,552,5,0.0003,12,-0.007743003312498331,622419968,0.12966758497704226,5.995410174364224e-05,False,622727168
2026090822,0.1297315833770822,553,5,0.0003,35,0.004769011400640011,622321664,0.12964710548902944,2.2743470253772102e-05,False,622727168
2026090822,0.1297315833770822,554,5,0.0003,35,-0.004769011400640011,622473216,0.12967867803304917,2.2743470253772102e-05,False,622727168
2026090822,0.1297315833770822,555,5,0.0003,59,0.0032056772615760565,622346240,0.12965222536103263,1.027636699291179e-05,False,622727168
2026090822,0.1297315833770822,556,5,0.0003,59,-0.0032056772615760565,622452736,0.1296744114730465,1.027636699291179e-05,False,622727168
2026090822,0.1297315833770822,557,5,0.0003,62,0.0025800461880862713,622411776,0.12966587835304116,6.656638106505852e-06,False,622727168
2026090822,0.1297315833770822,558,5,0.0003,62,-0.0025800461880862713,622481408,0.12968038465705026,6.656638106505852e-06,False,622727168
2026090822,0.1297315833770822,559,5,0.0003,10,0.003924347460269928,622391296,0.1296616117930385,1.540050288895145e-05,False,622727168
2026090822,0.1297315833770822,560,5,0.0003,10,-0.003924347460269928,622444544,0.12967270484904544,1.540050288895145e-05,False,622727168
2026090822,0.1297315833770822,561,5,0.0003,28,0.0032554729841649532,622321664,0.12964710548902944,1.059810438164277e-05,False,622727168
2026090822,0.1297315833770822,562,5,0.0003,28,-0.0032554729841649532,622456832,0.12967526478504707,1.059810438164277e-05,False,622727168
2026090822,0.1297315833770822,563,5,0.0003,2,0.0018669329583644867,622383104,0.12965990516903744,3.485438583084033e-06,False,622727168
2026090822,0.1297315833770822,564,5,0.0003,2,-0.0018669329583644867,622481408,0.12968038465705026,3.485438583084033e-06,False,622727168
2026090822,0.1297315833770822,565,5,0.0003,58,0.0021277342457324266,622407680,0.12966502504104063,4.5272531679074746e-06,False,622727168
2026090822,0.1297315833770822,566,5,0.0003,58,-0.0021277342457324266,622465024,0.12967697140904813,4.5272531679074746e-06,False,622727168
2026090822,0.1297315833770822,567,5,0.0003,15,0.001519086305052042,622440448,0.1296718515370449,2.3076231627783272e-06,False,622727168
2026090822,0.1297315833770822,568,5,0.0003,15,-0.001519086305052042,622407680,0.12966502504104063,2.3076231627783272e-06,False,622727168
2026090822,0.1297315833770822,569,5,0.0003,43,0.004107609391212463,622370816,0.12965734523303585,1.6872454580152407e-05,False,622727168
2026090822,0.1297315833770822,570,5,0.0003,43,-0.004107609391212463,622530560,0.1296906244010566,1.6872454580152407e-05,False,622727168
2026090822,0.1297315833770822,571,5,0.0003,46,0.0021871316712349653,622387200,0.12966075848103797,4.783545136888279e-06,False,622727168
2026090822,0.1297315833770822,572,5,0.0003,46,-0.0021871316712349653,622419968,0.12966758497704226,4.783545136888279e-06,False,622727168
2026090822,0.1297315833770822,573,5,0.0003,23,0.0022937776520848274,622346240,0.12965222536103263,5.261415935819969e-06,False,622727168
2026090822,0.1297315833770822,574,5,0.0003,23,-0.0022937776520848274,622485504,0.12968123796905076,5.261415935819969e-06,False,622727168
2026090822,0.1297315833770822,575,5,0.0003,4,0.0014358365442603827,622379008,0.1296590518570369,2.0616266738215927e-06,False,622727168
2026090822,0.1297315833770822,576,5,0.0003,4,-0.0014358365442603827,622432256,0.12967014491304385,2.0616266738215927e-06,False,622727168
2026090822,0.1297315833770822,577,5,0.0003,0,0.0018757610814645886,622407680,0.12966502504104063,3.5184796161047416e-06,False,622727168
2026090822,0.1297315833770822,578,5,0.0003,0,-0.0018757610814645886,622436352,0.12967099822504438,3.5184796161047416e-06,False,622727168
2026090822,0.1297315833770822,579,5,0.0003,31,0.0053419796749949455,622301184,0.12964283892902678,2.8536745958263054e-05,False,622727168
2026090822,0.1297315833770822,580,5,0.0003,31,-0.0053419796749949455,622489600,0.12968209128105132,2.8536745958263054e-05,False,622727168
2026090822,0.1297315833770822,581,5,0.0003,22,0.001800138154067099,622415872,0.1296667316650417,3.2404973353550304e-06,False,622727168
2026090822,0.1297315833770822,582,5,0.0003,22,-0.001800138154067099,622448640,0.129673558161046,3.2404973353550304e-06,False,622727168
2026090822,0.1297315833770822,583,5,0.0003,47,0.0018192351562902331,622358528,0.12965478529703423,3.3096166589530185e-06,False,622727168
2026090822,0.1297315833770822,584,5,0.0003,47,-0.0018192351562902331,622485504,0.12968123796905076,3.3096166589530185e-06,False,622727168
2026090822,0.1297315833770822,585,5,0.0003,36,0.0019290627678856254,622399488,0.12966331841703957,3.7212830648059025e-06,False,622727168
2026090822,0.1297315833770822,586,5,0.0003,36,-0.0019290627678856254,622452736,0.1296744114730465,3.7212830648059025e-06,False,622727168
2026090822,0.1297315833770822,587,5,0.0003,60,0.006122090853750706,622338048,0.12965051873703157,3.747999653569423e-05,False,622727168
2026090822,0.1297315833770822,588,5,0.0003,60,-0.006122090853750706,622485504,0.12968123796905076,3.747999653569423e-05,False,622727168
2026090822,0.1297315833770822,589,5,0.0003,18,0.0025508387479931116,622415872,0.1296667316650417,6.506778390757972e-06,False,622727168
2026090822,0.1297315833770822,590,5,0.0003,18,-0.0025508387479931116,622448640,0.12967355816104598,6.506778390757972e-06,False,622727168
2026090822,0.1297315833770822,591,5,0.0003,9,0.004601554945111275,622342144,0.12965137204903213,2.1174308130866848e-05,False,622727168
2026090822,0.1297315833770822,592,5,0.0003,9,-0.004601554945111275,622428160,0.12966929160104332,2.1174308130866848e-05,False,622727168
2026090822,0.1297315833770822,593,5,0.0003,5,0.004014922771602869,622338048,0.12965051873703157,1.6119603969855234e-05,False,622727168
2026090822,0.1297315833770822,594,5,0.0003,5,-0.004014922771602869,622530560,0.12969062440105664,1.6119603969855234e-05,False,622727168
2026090822,0.1297315833770822,595,5,0.0003,6,0.0018911246443167329,622419968,0.12966758497704226,3.576352355594281e-06,False,622727168
2026090822,0.1297315833770822,596,5,0.0003,6,-0.0018911246443167329,622469120,0.12967782472104863,3.576352355594281e-06,False,622727168
2026090822,0.1297315833770822,597,5,0.0003,63,0.0018678538035601377,622358528,0.12965478529703425,3.488877837298787e-06,False,622727168
2026090822,0.1297315833770822,598,5,0.0003,63,-0.0018678538035601377,622419968,0.12966758497704223,3.488877837298787e-06,False,622727168
2026090822,0.1297315833770822,599,5,0.0003,26,0.009425700642168522,622379008,0.1296590518570369,8.884382987162098e-05,False,622727168
2026090822,0.1297315833770822,600,5,0.0003,26,-0.009425700642168522,622510080,0.12968635784105395,8.884382987162098e-05,False,622727168
2026090822,0.1297315833770822,601,5,0.0003,25,0.0022284542210400105,622432256,0.12967014491304382,4.966008418705314e-06,False,622727168
2026090822,0.1297315833770822,602,5,0.0003,25,-0.0022284542210400105,622489600,0.12968209128105132,4.966008418705314e-06,False,622727168
2026090822,0.1297315833770822,603,5,0.0003,16,0.0024035649839788675,622383104,0.12965990516903744,5.777124442829518e-06,False,622727168
2026090822,0.1297315833770822,604,5,0.0003,16,-0.0024035649839788675,622497792,0.12968379790505238,5.777124442829518e-06,False,622727168
2026090822,0.1297315833770822,605,5,0.0003,27,0.0045522949658334255,622333952,0.12964966542503106,2.0723389752674848e-05,False,622727168
2026090822,0.1297315833770822,606,5,0.0003,27,-0.0045522949658334255,622493696,0.12968294459305182,2.0723389752674848e-05,False,622727168
2026090822,0.1297315833770822,607,5,0.0003,8,0.002052958821877837,622362624,0.12965563860903476,4.21463983002468e-06,False,622727168
2026090822,0.1297315833770822,608,5,0.0003,8,-0.002052958821877837,622485504,0.12968123796905076,4.21463983002468e-06,False,622727168
2026090822,0.1297315833770822,609,5,0.0003,32,0.0015750363236293197,622399488,0.12966331841703957,2.480739340171567e-06,False,622727168
2026090822,0.1297315833770822,610,5,0.0003,32,-0.0015750363236293197,622448640,0.12967355816104598,2.480739340171567e-06,False,622727168
2026090822,0.1297315833770822,611,5,0.0003,3,0.008107252418994904,622354432,0.12965393198503372,6.572754500666633e-05,False,622727168
2026090822,0.1297315833770822,612,5,0.0003,3,-0.008107252418994904,622518272,0.12968806446505504,6.572754500666633e-05,False,622727168
2026090822,0.1297315833770822,613,5,0.0003,50,0.0021883570589125156,622370816,0.12965734523303585,4.78890660815523e-06,False,622727168
2026090822,0.1297315833770822,614,5,0.0003,50,-0.0021883570589125156,622460928,0.12967611809704757,4.78890660815523e-06,False,622727168
2026090822,0.1297315833770822,615,5,0.0003,51,0.001689342549070716,622358528,0.12965478529703425,2.8538781862152973e-06,False,622727168
2026090822,0.1297315833770822,616,5,0.0003,51,-0.001689342549070716,622473216,0.12967867803304914,2.8538781862152973e-06,False,622727168
2026090822,0.1297315833770822,617,5,0.0003,7,0.0028574822936207056,622370816,0.12965734523303585,8.165205144905485e-06,False,622727168
2026090822,0.1297315833770822,618,5,0.0003,7,-0.0028574822936207056,622489600,0.12968209128105132,8.165205144905485e-06,False,622727168
2026090822,0.1297315833770822,619,5,0.0003,48,0.004334608558565378,622383104,0.12965990516903744,1.8788830857374705e-05,False,622727168
2026090822,0.1297315833770822,620,5,0.0003,48,-0.004334608558565378,622448640,0.12967355816104598,1.8788830857374705e-05,False,622727168
2026090822,0.1297315833770822,621,5,0.0003,41,0.0023186258040368557,622379008,0.12965905185703688,5.376025455916533e-06,False,622727168
2026090822,0.1297315833770822,622,5,0.0003,41,-0.0023186258040368557,622481408,0.12968038465705023,5.376025455916533e-06,False,622727168
2026090822,0.1297315833770822,623,5,0.0003,37,0.0015919264405965805,622379008,0.12965905185703694,2.534229679440614e-06,False,622727168
2026090822,0.1297315833770822,624,5,0.0003,37,-0.0015919264405965805,622501888,0.1296846512170529,2.534229679440614e-06,False,622727168
2026090822,0.1297315833770822,625,5,0.0003,19,0.0019366785418242216,622358528,0.12965478529703425,3.750723863049643e-06,False,622727168
2026090822,0.1297315833770822,626,5,0.0003,19,-0.0019366785418242216,622428160,0.1296692916010433,3.750723863049643e-06,False,622727168
2026090822,0.1297315833770822,627,5,0.0003,53,0.0034156085457652807,622358528,0.12965478529703425,1.1666381396935321e-05,False,622727168
2026090822,0.1297315833770822,628,5,0.0003,53,-0.0034156085457652807,622489600,0.12968209128105132,1.1666381396935321e-05,False,622727168
2026090822,0.1297315833770822,629,5,0.0003,52,0.0013243799330666661,622440448,0.1296718515370449,1.753982246555097e-06,False,622727168
2026090822,0.1297315833770822,630,5,0.0003,52,-0.0013243799330666661,622477312,0.1296795313450497,1.753982246555097e-06,False,622727168
2026090822,0.1297315833770822,631,5,0.0003,29,0.0019795456901192665,622379008,0.1296590518570369,3.9186011235869955e-06,False,622727168
2026090822,0.1297315833770822,632,5,0.0003,29,-0.0019795456901192665,622440448,0.1296718515370449,3.9186011235869955e-06,False,622727168
2026090822,0.1297315833770822,633,5,0.0003,40,0.004777505062520504,622309376,0.12964454555302785,2.2824555344413966e-05,False,622727168
2026090822,0.1297315833770822,634,5,0.0003,40,-0.004777505062520504,622563328,0.12969745089706092,2.2824555344413966e-05,False,622727168
2026090822,0.1297315833770822,635,5,0.0003,45,0.004387838300317526,622350336,0.12965307867303316,1.9253124264650978e-05,False,622727168
2026090822,0.1297315833770822,636,5,0.0003,45,-0.004387838300317526,622510080,0.12968635784105398,1.9253124264650978e-05,False,622727168
2026090822,0.1297315833770822,637,5,0.0003,1,0.0022100999485701323,622415872,0.1296667316650417,4.884541795036057e-06,False,622727168
2026090822,0.1297315833770822,638,5,0.0003,1,-0.0022100999485701323,622460928,0.12967611809704757,4.884541795036057e-06,False,622727168
2026090822,0.1297315833770822,639,5,0.0003,57,0.006321971770375967,622313472,0.12964539886502838,3.9967326301848516e-05,False,622727168
2026090822,0.1297315833770822,640,5,0.0003,57,-0.006321971770375967,622452736,0.1296744114730465,3.9967326301848516e-05,False,622727168
2026090823,0.1297315833770822,1,1,0.03,10,0.28017064929008484,528838656,0.11017196570085747,0.07849559187889099,False,622727168
2026090823,0.1297315833770822,2,1,0.03,10,-0.28017064929008484,539926528,0.11248188128630117,0.07849559187889099,False,622727168
2026090823,0.1297315833770822,3,1,0.03,56,0.32368868589401245,532377600,0.11090922726931825,0.1047743633389473,False,622727168
2026090823,0.1297315833770822,4,1,0.03,56,-0.32368868589401245,529494016,0.11030849562094279,0.1047743633389473,False,622727168
2026090823,0.1297315833770822,5,1,0.03,41,0.1806669533252716,532213760,0.11087509478929693,0.032640546560287476,False,622727168
2026090823,0.1297315833770822,6,1,0.03,41,-0.1806669533252716,530739200,0.11056790246910492,0.032640546560287476,False,622727168
2026090823,0.1297315833770822,7,1,0.03,29,0.28129100799560547,530141184,0.11044331891702708,0.07912462949752808,False,622727168
2026090823,0.1297315833770822,8,1,0.03,29,-0.28129100799560547,543158272,0.11315514445472195,0.07912462949752808,False,622727168
2026090823,0.1297315833770822,9,1,0.03,6,0.1894751787185669,522911744,0.10893722323608578,0.035900842398405075,False,622727168
2026090823,0.1297315833770822,10,1,0.03,6,-0.1894751787185669,545292288,0.11359972000699985,0.035900842398405075,False,622727168
2026090823,0.1297315833770822,11,1,0.03,0,0.2161279320716858,532537344,0.11094250643733909,0.046711284667253494,False,622727168
2026090823,0.1297315833770822,12,1,0.03,0,-0.2161279320716858,532967424,0.11103210419739507,0.046711284667253494,False,622727168
2026090823,0.1297315833770822,13,1,0.03,43,0.2621380090713501,525778944,0.10953454163645909,0.06871633231639862,False,622727168
2026090823,0.1297315833770822,14,1,0.03,43,-0.2621380090713501,541216768,0.11275067456646916,0.06871633231639862,False,622727168
2026090823,0.1297315833770822,15,1,0.03,3,0.534224808216095,504754176,0.10515449113772156,0.28539615869522095,False,622727168
2026090823,0.1297315833770822,16,1,0.03,3,-0.534224808216095,500527104,0.10427387315317117,0.28539615869522095,False,622727168
2026090823,0.1297315833770822,17,1,0.03,23,0.21528586745262146,528093184,0.11001666291676042,0.046348005533218384,False,622727168
2026090823,0.1297315833770822,18,1,0.03,23,-0.21528586745262146,530092032,0.11043307917302068,0.046348005533218384,False,622727168
2026090823,0.1297315833770822,19,1,0.03,14,0.4029010832309723,515096576,0.10730910393906817,0.1623292863368988,False,622727168
2026090823,0.1297315833770822,20,1,0.03,14,-0.4029010832309723,533757952,0.11119679341349799,0.1623292863368988,False,622727168
2026090823,0.1297315833770822,21,1,0.03,35,0.3207591772079468,521498624,0.10864283059590175,0.10288645327091217,False,622727168
2026090823,0.1297315833770822,22,1,0.03,35,-0.3207591772079468,530292736,0.11047489146104682,0.10288645327091217,False,622727168
2026090823,0.1297315833770822,23,1,0.03,7,0.5943636894226074,510291968,0.10630816896244262,0.35326820611953735,False,622727168
2026090823,0.1297315833770822,24,1,0.03,7,-0.5943636894226074,486109184,0.10127021491129388,0.35326820611953735,False,622727168
2026090823,0.1297315833770822,25,1,0.03,42,0.21045774221420288,521367552,0.10861552461188471,0.04429246112704277,False,622727168
2026090823,0.1297315833770822,26,1,0.03,42,-0.21045774221420288,538615808,0.11220882144613052,0.04429246112704277,False,622727168
2026090823,0.1297315833770822,27,1,0.03,21,0.30445241928100586,528994304,0.11020439155687774,0.09269127249717712,False,622727168
2026090823,0.1297315833770822,28,1,0.03,21,-0.30445241928100586,523403264,0.10903962067614976,0.09269127249717712,False,622727168
2026090823,0.1297315833770822,29,1,0.03,17,0.36352887749671936,513073152,0.10688756781080473,0.1321532428264618,False,622727168
2026090823,0.1297315833770822,30,1,0.03,17,-0.36352887749671936,532230144,0.11087850803729905,0.1321532428264618,False,622727168
2026090823,0.1297315833770822,31,1,0.03,30,0.4190746247768402,512200704,0.10670581235469113,0.17562353610992432,False,622727168
2026090823,0.1297315833770822,32,1,0.03,30,-0.4190746247768402,519696384,0.1082673733156671,0.17562353610992432,False,622727168
2026090823,0.1297315833770822,33,1,0.03,39,0.28756842017173767,524783616,0.10932718682032949,0.08269559592008591,False,622727168
2026090823,0.1297315833770822,34,1,0.03,39,-0.28756842017173767,524840960,0.10933913318833698,0.08269559592008591,False,622727168
2026090823,0.1297315833770822,35,1,0.03,8,0.38232988119125366,513445888,0.10696521920285328,0.14617614448070526,False,622727168
2026090823,0.1297315833770822,36,1,0.03,8,-0.38232988119125366,516882432,0.10768114797130073,0.14617614448070526,False,622727168
2026090823,0.1297315833770822,37,1,0.03,5,0.15607544779777527,533143552,0.111068796613418,0.02435954473912716,False,622727168
2026090823,0.1297315833770822,38,1,0.03,5,-0.15607544779777527,528027648,0.11000300992475188,0.02435954473912716,False,622727168
2026090823,0.1297315833770822,39,1,0.03,26,0.15230856835842133,520527872,0.10844059565177538,0.023197900503873825,False,622727168
2026090823,0.1297315833770822,40,1,0.03,26,-0.15230856835842133,518393856,0.10799602009949753,0.023197900503873825,False,622727168
2026090823,0.1297315833770822,41,1,0.03,20,0.21484802663326263,522502144,0.10885189203603245,0.04615967348217964,False,622727168
2026090823,0.1297315833770822,42,1,0.03,20,-0.21484802663326263,525082624,0.10938947859636844,0.04615967348217964,False,622727168
2026090823,0.1297315833770822,43,1,0.03,48,0.3536524474620819,516452352,0.10759155021124471,0.12507005035877228,False,622727168
2026090823,0.1297315833770822,44,1,0.03,48,-0.3536524474620819,514347008,0.1071529478429706,0.12507005035877228,False,622727168
2026090823,0.1297315833770822,45,1,0.03,47,0.39084920287132263,509755392,0.10619638509037273,0.15276309847831726,False,622727168
2026090823,0.1297315833770822,46,1,0.03,47,-0.39084920287132263,500875264,0.1043464046732165,0.15276309847831726,False,622727168
2026090823,0.1297315833770822,47,1,0.03,36,0.16920532286167145,522055680,0.10875888102797432,0.028630441054701805,False,622727168
2026090823,0.1297315833770822,48,1,0.03,36,-0.16920532286167145,528130048,0.1100243427247652,0.028630441054701805,False,622727168
2026090823,0.1297315833770822,49,1,0.03,16,0.2423231154680252,530206720,0.1104569719090356,0.05872049182653427,False,622727168
2026090823,0.1297315833770822,50,1,0.03,16,-0.2423231154680252,538353664,0.11215420947809639,0.05872049182653427,False,622727168
2026090823,0.1297315833770822,51,1,0.03,25,0.3168048560619354,518041600,0.10792263526745165,0.10036531835794449,False,622727168
2026090823,0.1297315833770822,52,1,0.03,25,-0.3168048560619354,517873664,0.10788764947542978,0.10036531835794449,False,622727168
2026090823,0.1297315833770822,53,1,0.03,12,0.16962482035160065,526098432,0.10960109997250068,0.02877257950603962,False,622727168
2026090823,0.1297315833770822,54,1,0.03,12,-0.16962482035160065,538447872,0.11217383565410866,0.02877257950603962,False,622727168
2026090823,0.1297315833770822,55,1,0.03,28,1.0038976669311523,532115456,0.11085461530128414,1.0078104734420776,False,622727168
2026090823,0.1297315833770822,56,1,0.03,28,-1.0038976669311523,458526720,0.0955240118997025,1.0078104734420776,False,622727168
2026090823,0.1297315833770822,57,1,0.03,58,0.25568366050720215,526995456,0.10978797530061746,0.06537413597106934,False,622727168
2026090823,0.1297315833770822,58,1,0.03,58,-0.25568366050720215,530464768,0.11051073056506922,0.06537413597106934,False,622727168
2026090823,0.1297315833770822,59,1,0.03,60,0.41300955414772034,517771264,0.10786631667541645,0.17057688534259796,False,622727168
2026090823,0.1297315833770822,60,1,0.03,60,-0.41300955414772034,510394368,0.10632950176245592,0.17057688534259796,False,622727168
2026090823,0.1297315833770822,61,1,0.03,33,0.2617412805557251,520695808,0.10847558144379725,0.06850849837064743,False,622727168
2026090823,0.1297315833770822,62,1,0.03,33,-0.2617412805557251,519364608,0.1081982550436239,0.06850849837064743,False,622727168
2026090823,0.1297315833770822,63,1,0.03,63,0.282787561416626,524959744,0.10936387923635243,0.07996880263090134,False,622727168
2026090823,0.1297315833770822,64,1,0.03,63,-0.282787561416626,530817024,0.11058411539711506,0.07996880263090134,False,622727168
2026090823,0.1297315833770822,65,1,0.03,46,0.392995148897171,516542464,0.10761032307525643,0.15444518625736237,False,622727168
2026090823,0.1297315833770822,66,1,0.03,46,-0.392995148897171,532951040,0.11102869094939292,0.15444518625736237,False,622727168
2026090823,0.1297315833770822,67,1,0.03,44,0.27030596137046814,524374016,0.10924185562027616,0.07306531071662903,False,622727168
2026090823,0.1297315833770822,68,1,0.03,44,-0.27030596137046814,525963264,0.1095729406764831,0.07306531071662903,False,622727168
2026090823,0.1297315833770822,69,1,0.03,4,0.39535561203956604,527958016,0.10998850362074282,0.15630605816841125,False,622727168
2026090823,0.1297315833770822,70,1,0.03,4,-0.39535561203956604,538316800,0.11214652967009159,0.15630605816841125,False,622727168
2026090823,0.1297315833770822,71,1,0.03,45,1.2814093828201294,471891968,0.09830836895744272,1.642009973526001,False,622727168
2026090823,0.1297315833770822,72,1,0.03,45,-1.2814093828201294,547004416,0.11395640442322275,1.642009973526001,False,622727168
2026090823,0.1297315833770822,73,1,0.03,54,0.294332891702652,520601600,0.10845595526778495,0.08663184940814972,False,622727168
2026090823,0.1297315833770822,74,1,0.03,54,-0.294332891702652,530255872,0.110467211653042,0.08663184940814972,False,622727168
2026090823,0.1297315833770822,75,1,0.03,53,0.2401418685913086,532127744,0.11085717523728573,0.05766811594367027,False,622727168
2026090823,0.1297315833770822,76,1,0.03,53,-0.2401418685913086,535846912,0.11163198253376999,0.05766811594367027,False,622727168
2026090823,0.1297315833770822,77,1,0.03,9,0.26190105080604553,531017728,0.11062592768514119,0.06859216094017029,False,622727168
2026090823,0.1297315833770822,78,1,0.03,9,-0.26190105080604553,532840448,0.11100565152537854,0.06859216094017029,False,622727168
2026090823,0.1297315833770822,79,1,0.03,37,0.3070521652698517,518885376,0.10809841753956151,0.09428103268146515,False,622727168
2026090823,0.1297315833770822,80,1,0.03,37,-0.3070521652698517,531353600,0.11069589926918494,0.09428103268146515,False,622727168
2026090823,0.1297315833770822,81,1,0.03,19,0.38620904088020325,515215360,0.10733384998708367,0.14915741980075836,False,622727168
2026090823,0.1297315833770822,82,1,0.03,19,-0.38620904088020325,525733888,0.10952515520445322,0.14915741980075836,False,622727168
2026090823,0.1297315833770822,83,1,0.03,13,0.9352850914001465,497852416,0.10371666041682293,0.8747581839561462,False,622727168
2026090823,0.1297315833770822,84,1,0.03,13,-0.9352850914001465,492175360,0.10253396998408372,0.8747581839561462,False,622727168
2026090823,0.1297315833770822,85,1,0.03,22,0.16954904794692993,526061568,0.1095934201644959,0.02874688059091568,False,622727168
2026090823,0.1297315833770822,86,1,0.03,22,-0.16954904794692993,529047552,0.11021548461288468,0.02874688059091568,False,622727168
2026090823,0.1297315833770822,87,1,0.03,62,0.15462438762187958,529825792,0.110377613892986,0.023908700793981552,False,622727168
2026090823,0.1297315833770822,88,1,0.03,62,-0.15462438762187958,532512768,0.11093738656533586,0.023908700793981552,False,622727168
2026090823,0.1297315833770822,89,1,0.03,38,0.21252694725990295,526802944,0.1097478696365924,0.0451677031815052,False,622727168
2026090823,0.1297315833770822,90,1,0.03,38,-0.21252694725990295,541052928,0.11271654208644782,0.0451677031815052,False,622727168
2026090823,0.1297315833770822,91,1,0.03,51,0.3484240770339966,516476928,0.10759667008324793,0.12139933556318283,False,622727168
2026090823,0.1297315833770822,92,1,0.03,51,-0.3484240770339966,531795968,0.11078805696524252,0.12139933556318283,False,622727168
2026090823,0.1297315833770822,93,1,0.03,55,0.2917354106903076,516694016,0.10764189561927619,0.08510954678058624,False,622727168
2026090823,0.1297315833770822,94,1,0.03,55,-0.2917354106903076,530247680,0.11046550502904094,0.08510954678058624,False,622727168
2026090823,0.1297315833770822,95,1,0.03,11,0.28502580523490906,532828160,0.11100309158937693,0.08123970776796341,False,622727168
2026090823,0.1297315833770822,96,1,0.03,11,-0.28502580523490906,543473664,0.11322084947876304,0.08123970776796341,False,622727168
2026090823,0.1297315833770822,97,1,0.03,52,1.066820740699768,494698496,0.10305961017641224,1.1381064653396606,False,622727168
2026090823,0.1297315833770822,98,1,0.03,52,-1.066820740699768,479940608,0.0999851270384907,1.1381064653396606,False,622727168
2026090823,0.1297315833770822,99,1,0.03,15,0.20461083948612213,542085120,0.11293157671058225,0.04186559468507767,False,622727168
2026090823,0.1297315833770822,100,1,0.03,15,-0.20461083948612213,538324992,0.11214823629409267,0.04186559468507767,False,622727168
2026090823,0.1297315833770822,101,1,0.03,49,0.3494594097137451,513822720,0.10704372390690232,0.12212187796831131,False,622727168
2026090823,0.1297315833770822,102,1,0.03,49,-0.3494594097137451,515444736,0.10738163545911351,0.12212187796831131,False,622727168
2026090823,0.1297315833770822,103,1,0.03,61,0.28692978620529175,513843200,0.107047990466905,0.08232869952917099,False,622727168
2026090823,0.1297315833770822,104,1,0.03,61,-0.28692978620529175,531628032,0.11075307117322065,0.08232869952917099,False,622727168
2026090823,0.1297315833770822,105,1,0.03,2,1.3858360052108765,480956416,0.10019674841462296,1.9205414056777954,False,622727168
2026090823,0.1297315833770822,106,1,0.03,2,-1.3858360052108765,496484352,0.10343165420864477,1.9205414056777954,False,622727168
2026090823,0.1297315833770822,107,1,0.03,27,0.5058193206787109,506589184,0.10553677491396048,0.25585317611694336,False,622727168
2026090823,0.1297315833770822,108,1,0.03,27,-0.5058193206787109,530583552,0.11053547661308465,0.25585317611694336,False,622727168
2026090823,0.1297315833770822,109,1,0.03,34,0.2395562082529068,527589376,0.1099117055406948,0.057387176901102066,False,622727168
2026090823,0.1297315833770822,110,1,0.03,34,-0.2395562082529068,530694144,0.11055851603709906,0.057387176901102066,False,622727168
2026090823,0.1297315833770822,111,1,0.03,31,0.1587866246700287,534036480,0.11125481862953425,0.025213191285729408,False,622727168
2026090823,0.1297315833770822,112,1,0.03,31,-0.1587866246700287,532443136,0.1109228802613268,0.025213191285729408,False,622727168
2026090823,0.1297315833770822,113,1,0.03,59,0.2747997045516968,527441920,0.10988098630867561,0.07551487535238266,False,622727168
2026090823,0.1297315833770822,114,1,0.03,59,-0.2747997045516968,528519168,0.11010540736481587,0.07551487535238266,False,622727168
2026090823,0.1297315833770822,115,1,0.03,50,0.15921397507190704,523550720,0.10907033990816896,0.0253490898758173,False,622727168
2026090823,0.1297315833770822,116,1,0.03,50,-0.15921397507190704,519659520,0.10825969350766229,0.0253490898758173,False,622727168
2026090823,0.1297315833770822,117,1,0.03,40,0.32101285457611084,521232384,0.10858736531586712,0.10304925590753555,False,622727168
2026090823,0.1297315833770822,118,1,0.03,40,-0.32101285457611084,523284480,0.1090148746281343,0.10304925590753555,False,622727168
2026090823,0.1297315833770822,119,1,0.03,1,0.49897822737693787,515055616,0.10730057081906286,0.24897927045822144,False,622727168
2026090823,0.1297315833770822,120,1,0.03,1,-0.49897822737693787,518393856,0.1079960200994975,0.24897927045822144,False,622727168
2026090823,0.1297315833770822,121,1,0.03,57,0.17084933817386627,521756672,0.10869658925193537,0.029189497232437134,False,622727168
2026090823,0.1297315833770822,122,1,0.03,57,-0.17084933817386627,526569472,0.10969923085256202,0.029189497232437134,False,622727168
2026090823,0.1297315833770822,123,1,0.03,32,0.24828822910785675,523616256,0.10908399290017749,0.061647046357393265,False,622727168
2026090823,0.1297315833770822,124,1,0.03,32,-0.24828822910785675,530546688,0.11052779680507986,0.061647046357393265,False,622727168
2026090823,0.1297315833770822,125,1,0.03,24,0.4715571999549866,512536576,0.10677578393873488,0.22236619889736176,False,622727168
2026090823,0.1297315833770822,126,1,0.03,24,-0.4715571999549866,536858624,0.11184275059790173,0.22236619889736176,False,622727168
2026090823,0.1297315833770822,127,1,0.03,18,0.482928603887558,507768832,0.10578252877011408,0.23322004079818726,False,622727168
2026090823,0.1297315833770822,128,1,0.03,18,-0.482928603887558,560893952,0.11684998541703125,0.23322004079818726,False,622727168
2026090823,0.1297315833770822,129,2,0.01,20,0.07161600887775421,590073856,0.12292898010883063,0.005128852557390928,False,622727168
2026090823,0.1297315833770822,130,2,0.01,20,-0.07161600887775421,592908288,0.12351947201319968,0.005128852557390928,False,622727168
2026090823,0.1297315833770822,131,2,0.01,46,0.1309983879327774,587870208,0.12246989825254367,0.017160577699542046,False,622727168
2026090823,0.1297315833770822,132,2,0.01,46,-0.1309983879327774,594595840,0.12387103655741939,0.017160577699542046,False,622727168
2026090823,0.1297315833770822,133,2,0.01,17,0.12117629498243332,586092544,0.12209956084431223,0.014683694578707218,False,622727168
2026090823,0.1297315833770822,134,2,0.01,17,-0.12117629498243332,594653184,0.12388298292542686,0.014683694578707218,False,622727168
2026090823,0.1297315833770822,135,2,0.01,18,0.16097620129585266,584585216,0.12178554202811596,0.025913337245583534,False,622727168
2026090823,0.1297315833770822,136,2,0.01,18,-0.16097620129585266,603447296,0.12571504379057188,0.025913337245583534,False,622727168
2026090823,0.1297315833770822,137,2,0.01,8,0.12744329869747162,586375168,0.12215843937234903,0.01624179445207119,False,622727168
2026090823,0.1297315833770822,138,2,0.01,8,-0.12744329869747162,588582912,0.1226183745406365,0.01624179445207119,False,622727168
2026090823,0.1297315833770822,139,2,0.01,15,0.06820361316204071,596426752,0.12425246702165778,0.0046517327427864075,False,622727168
2026090823,0.1297315833770822,140,2,0.01,15,-0.06820361316204071,596561920,0.12428062631767539,0.0046517327427864075,False,622727168
2026090823,0.1297315833770822,141,2,0.01,42,0.07015258073806763,589918208,0.12289655425281033,0.004921384621411562,False,622727168
2026090823,0.1297315833770822,142,2,0.01,42,-0.07015258073806763,595509248,0.12406132513353833,0.004921384621411562,False,622727168
2026090823,0.1297315833770822,143,2,0.01,21,0.10148413479328156,592936960,0.12352544519720339,0.010299029760062695,False,622727168
2026090823,0.1297315833770822,144,2,0.01,21,-0.10148413479328156,591052800,0.12313292167695807,0.010299029760062695,False,622727168
2026090823,0.1297315833770822,145,2,0.01,49,0.11648646742105484,587001856,0.12228899610843062,0.01356909703463316,False,622727168
2026090823,0.1297315833770822,146,2,0.01,49,-0.11648646742105484,588333056,0.12256632250860396,0.01356909703463316,False,622727168
2026090823,0.1297315833770822,147,2,0.01,16,0.08077437430620193,592142336,0.12335990266909992,0.0065244995057582855,False,622727168
2026090823,0.1297315833770822,148,2,0.01,16,-0.08077437430620193,596234240,0.12421236135763271,0.0065244995057582855,False,622727168
2026090823,0.1297315833770822,149,2,0.01,32,0.08276274800300598,591003648,0.12312268193295167,0.006849672645330429,False,622727168
2026090823,0.1297315833770822,150,2,0.01,32,-0.08276274800300598,593797120,0.12370464071731539,0.006849672645330429,False,622727168
2026090823,0.1297315833770822,151,2,0.01,55,0.09724513441324234,588279808,0.122555229452597,0.009456615895032883,False,622727168
2026090823,0.1297315833770822,152,2,0.01,55,-0.09724513441324234,593453056,0.1236329625092706,0.009456615895032883,False,622727168
2026090823,0.1297315833770822,153,2,0.01,58,0.08522788435220718,592293888,0.12339147521311966,0.007263792213052511,False,622727168
2026090823,0.1297315833770822,154,2,0.01,58,-0.08522788435220718,593055744,0.12355019124521886,0.007263792213052511,False,622727168
2026090823,0.1297315833770822,155,2,0.01,38,0.07084231823682785,591380480,0.12320118663700075,0.005018634255975485,False,622727168
2026090823,0.1297315833770822,156,2,0.01,38,-0.07084231823682785,596717568,0.12431305217369566,0.005018634255975485,False,622727168
2026090823,0.1297315833770822,157,2,0.01,45,0.42713648080825806,572964864,0.11936469588260294,0.18244557082653046,False,622727168
2026090823,0.1297315833770822,158,2,0.01,45,-0.42713648080825806,600543232,0.12511004558219377,0.18244557082653046,False,622727168
2026090823,0.1297315833770822,159,2,0.01,1,0.16632607579231262,587460608,0.12238456705249035,0.027664363384246826,False,622727168
2026090823,0.1297315833770822,160,2,0.01,1,-0.16632607579231262,588849152,0.12267383982067115,0.027664363384246826,False,622727168
2026090823,0.1297315833770822,161,2,0.01,54,0.09811095893383026,589733888,0.12285815521278635,0.009625759907066822,False,622727168
2026090823,0.1297315833770822,162,2,0.01,54,-0.09811095893383026,593715200,0.12368757447730473,0.009625759907066822,False,622727168
2026090823,0.1297315833770822,163,2,0.01,25,0.10560161620378494,588558336,0.1226132546686333,0.011151701211929321,False,622727168
2026090823,0.1297315833770822,164,2,0.01,25,-0.10560161620378494,590565376,0.12303137754889461,0.011151701211929321,False,622727168
2026090823,0.1297315833770822,165,2,0.01,40,0.10700428485870361,589377536,0.12278391706873994,0.01144991721957922,False,622727168
2026090823,0.1297315833770822,166,2,0.01,40,-0.10700428485870361,591732736,0.12327457146904662,0.01144991721957922,False,622727168
2026090823,0.1297315833770822,167,2,0.01,33,0.0872470960021019,589570048,0.122824022732765,0.007612055633217096,False,622727168
2026090823,0.1297315833770822,168,2,0.01,33,-0.0872470960021019,589807616,0.12287351482879594,0.007612055633217096,False,622727168
2026090823,0.1297315833770822,169,2,0.01,29,0.09376367181539536,592457728,0.123425607693141,0.008791626431047916,False,622727168
2026090823,0.1297315833770822,170,2,0.01,29,-0.09376367181539536,598614016,0.12470813562994258,0.008791626431047916,False,622727168
2026090823,0.1297315833770822,171,2,0.01,19,0.12873634696006775,586919936,0.12227192986841995,0.016573047265410423,False,622727168
2026090823,0.1297315833770822,172,2,0.01,19,-0.12873634696006775,592404480,0.12341451463713408,0.016573047265410423,False,622727168
2026090823,0.1297315833770822,173,2,0.01,0,0.07204264402389526,593428480,0.1236278426372674,0.005190142430365086,False,622727168
2026090823,0.1297315833770822,174,2,0.01,0,-0.07204264402389526,594259968,0.12380106497337566,0.005190142430365086,False,622727168
2026090823,0.1297315833770822,175,2,0.01,11,0.09500860422849655,593043456,0.12354763130921727,0.009026634506881237,False,622727168
2026090823,0.1297315833770822,176,2,0.01,11,-0.09500860422849655,597741568,0.124526380173829,0.009026634506881237,False,622727168
2026090823,0.1297315833770822,177,2,0.01,26,0.05076952278614044,590348288,0.12298615201286633,0.0025775444228202105,False,622727168
2026090823,0.1297315833770822,178,2,0.01,26,-0.05076952278614044,590942208,0.12310988225294368,0.0025775444228202105,False,622727168
2026090823,0.1297315833770822,179,2,0.01,56,0.10789622366428375,592744448,0.12348533953317836,0.011641595512628555,False,622727168
2026090823,0.1297315833770822,180,2,0.01,56,-0.10789622366428375,593743872,0.12369354766130845,0.011641595512628555,False,622727168
2026090823,0.1297315833770822,181,2,0.01,7,0.19812123477458954,586240000,0.12213028007633144,0.03925202414393425,False,622727168
2026090823,0.1297315833770822,182,2,0.01,7,-0.19812123477458954,578580480,0.1205345866353341,0.03925202414393425,False,622727168
2026090823,0.1297315833770822,183,2,0.01,53,0.08004728704690933,592908288,0.12351947201319967,0.006407568231225014,False,622727168
2026090823,0.1297315833770822,184,2,0.01,53,-0.08004728704690933,595935232,0.1241500695815938,0.006407568231225014,False,622727168
2026090823,0.1297315833770822,185,2,0.01,63,0.0942625179886818,591048704,0.12313206836495755,0.008885422721505165,False,622727168
2026090823,0.1297315833770822,186,2,0.01,63,-0.0942625179886818,593965056,0.12373962650933727,0.008885422721505165,False,622727168
2026090823,0.1297315833770822,187,2,0.01,43,0.0873793438076973,591511552,0.12322849262101782,0.007635149639099836,False,622727168
2026090823,0.1297315833770822,188,2,0.01,43,-0.0873793438076973,597331968,0.12444104897377566,0.007635149639099836,False,622727168
2026090823,0.1297315833770822,189,2,0.01,22,0.05651634931564331,591593472,0.12324555886102849,0.003194097662344575,False,622727168
2026090823,0.1297315833770822,190,2,0.01,22,-0.05651634931564331,592707584,0.12347765972517354,0.003194097662344575,False,622727168
2026090823,0.1297315833770822,191,2,0.01,23,0.07176195830106735,592375808,0.12340854145313034,0.0051497784443199635,False,622727168
2026090823,0.1297315833770822,192,2,0.01,23,-0.07176195830106735,593608704,0.12366538836529088,0.0051497784443199635,False,622727168
2026090823,0.1297315833770822,193,2,0.01,2,0.4619453549385071,576868352,0.12017790221911118,0.21339350938796997,False,622727168
2026090823,0.1297315833770822,194,2,0.01,2,-0.4619453549385071,585949184,0.12206969492429355,0.21339350938796997,False,622727168
2026090823,0.1297315833770822,195,2,0.01,57,0.05694977939128876,590336000,0.12298359207686475,0.0032432773150503635,False,622727168
2026090823,0.1297315833770822,196,2,0.01,57,-0.05694977939128876,592211968,0.12337440897310903,0.0032432773150503635,False,622727168
2026090823,0.1297315833770822,197,2,0.01,62,0.05154145881533623,592637952,0.1234631534211645,0.002656521974131465,False,622727168
2026090823,0.1297315833770822,198,2,0.01,62,-0.05154145881533623,594329600,0.12381557127738475,0.002656521974131465,False,622727168
2026090823,0.1297315833770822,199,2,0.01,48,0.11788414418697357,587698176,0.12243405914852128,0.013896671123802662,False,622727168
2026090823,0.1297315833770822,200,2,0.01,48,-0.11788414418697357,589049856,0.12271565210869727,0.013896671123802662,False,622727168
2026090823,0.1297315833770822,201,2,0.01,5,0.05202515050768852,593342464,0.1236099230852562,0.002706616185605526,False,622727168
2026090823,0.1297315833770822,202,2,0.01,5,-0.05202515050768852,592769024,0.12349045940518151,0.002706616185605526,False,622727168
2026090823,0.1297315833770822,203,2,0.01,47,0.13028307259082794,585961472,0.12207225486029515,0.01697367988526821,False,622727168
2026090823,0.1297315833770822,204,2,0.01,47,-0.13028307259082794,583716864,0.1216046398840029,0.01697367988526821,False,622727168
2026090823,0.1297315833770822,205,2,0.01,30,0.1396915316581726,587272192,0.12234531470046583,0.019513724371790886,False,622727168
2026090823,0.1297315833770822,206,2,0.01,30,-0.1396915316581726,589471744,0.12280354324475222,0.019513724371790886,False,622727168
2026090823,0.1297315833770822,207,2,0.01,60,0.13766984641551971,589131776,0.12273271834870796,0.0189529862254858,False,622727168
2026090823,0.1297315833770822,208,2,0.01,60,-0.13766984641551971,586321920,0.1221473463163421,0.0189529862254858,False,622727168
2026090823,0.1297315833770822,209,2,0.01,6,0.06315839290618896,590503936,0.12301857786888663,0.003988982643932104,False,622727168
2026090823,0.1297315833770822,210,2,0.01,6,-0.06315839290618896,598716416,0.12472946842995596,0.003988982643932104,False,622727168
2026090823,0.1297315833770822,211,2,0.01,10,0.09339021146297455,591605760,0.12324811879703007,0.0087217316031456,False,622727168
2026090823,0.1297315833770822,212,2,0.01,10,-0.09339021146297455,597266432,0.12442739598176712,0.0087217316031456,False,622727168
2026090823,0.1297315833770822,213,2,0.01,28,0.33463254570961,595566592,0.12407327150154579,0.1119789406657219,False,622727168
2026090823,0.1297315833770822,214,2,0.01,28,-0.33463254570961,567664640,0.11826051015391281,0.1119789406657219,False,622727168
2026090823,0.1297315833770822,215,2,0.01,52,0.35560688376426697,581459968,0.12113446497170904,0.12645626068115234,False,622727168
2026090823,0.1297315833770822,216,2,0.01,52,-0.35560688376426697,577990656,0.12041170970725733,0.12645626068115234,False,622727168
2026090823,0.1297315833770822,217,2,0.01,61,0.09564325958490372,586756096,0.12223779738839863,0.009147632867097855,False,622727168
2026090823,0.1297315833770822,218,2,0.01,61,-0.09564325958490372,593989632,0.12374474638134046,0.009147632867097855,False,622727168
2026090823,0.1297315833770822,219,2,0.01,50,0.05307132378220558,591142912,0.12315169454096982,0.0028165653347969055,False,622727168
2026090823,0.1297315833770822,220,2,0.01,50,-0.05307132378220558,590479360,0.12301345799688342,0.0028165653347969055,False,622727168
2026090823,0.1297315833770822,221,2,0.01,59,0.09159990400075912,592154624,0.12336246260510157,0.00839054211974144,False,622727168
2026090823,0.1297315833770822,222,2,0.01,59,-0.09159990400075912,592252928,0.12338294209311435,0.00839054211974144,False,622727168
2026090823,0.1297315833770822,223,2,0.01,44,0.09010198712348938,590835712,0.1230876961409298,0.00811836775392294,False,622727168
2026090823,0.1297315833770822,224,2,0.01,44,-0.09010198712348938,592441344,0.12342219444513887,0.00811836775392294,False,622727168
2026090823,0.1297315833770822,225,2,0.01,35,0.10691972821950912,589672448,0.12284535553277837,0.011431828141212463,False,622727168
2026090823,0.1297315833770822,226,2,0.01,35,-0.10691972821950912,593760256,0.1236969609093106,0.011431828141212463,False,622727168
2026090823,0.1297315833770822,227,2,0.01,12,0.05654161050915718,591839232,0.12329675758106047,0.003196953795850277,False,622727168
2026090823,0.1297315833770822,228,2,0.01,12,-0.05654161050915718,596123648,0.12418932193361831,0.003196953795850277,False,622727168
2026090823,0.1297315833770822,229,2,0.01,37,0.10235072672367096,588992512,0.12270370574068983,0.010475670918822289,False,622727168
2026090823,0.1297315833770822,230,2,0.01,37,-0.10235072672367096,593973248,0.12374133313333834,0.010475670918822289,False,622727168
2026090823,0.1297315833770822,231,2,0.01,24,0.15718573331832886,585170944,0.12190756564419224,0.024707354605197906,False,622727168
2026090823,0.1297315833770822,232,2,0.01,24,-0.15718573331832886,596164608,0.12419785505362364,0.024707354605197906,False,622727168
2026090823,0.1297315833770822,233,2,0.01,14,0.1343003660440445,587243520,0.1223393415164621,0.01803658902645111,False,622727168
2026090823,0.1297315833770822,234,2,0.01,14,-0.1343003660440445,595582976,0.12407668474954793,0.01803658902645111,False,622727168
2026090823,0.1297315833770822,235,2,0.01,31,0.0529288724064827,593825792,0.12371061390131911,0.002801465569064021,False,622727168
2026090823,0.1297315833770822,236,2,0.01,31,-0.0529288724064827,594337792,0.1238172779013858,0.002801465569064021,False,622727168
2026090823,0.1297315833770822,237,2,0.01,9,0.08730034530162811,592494592,0.1234332875011458,0.007621350232511759,False,622727168
2026090823,0.1297315833770822,238,2,0.01,9,-0.08730034530162811,594190336,0.12378655866936661,0.007621350232511759,False,622727168
2026090823,0.1297315833770822,239,2,0.01,27,0.1686064451932907,584560640,0.12178042215611277,0.028428133577108383,False,622727168
2026090823,0.1297315833770822,240,2,0.01,27,-0.1686064451932907,594382848,0.12382666433339166,0.028428133577108383,False,622727168
2026090823,0.1297315833770822,241,2,0.01,39,0.09585614502429962,590893056,0.12309964250893728,0.009188400581479073,False,622727168
2026090823,0.1297315833770822,242,2,0.01,39,-0.09585614502429962,591794176,0.1232873711490546,0.009188400581479073,False,622727168
2026090823,0.1297315833770822,243,2,0.01,13,0.31176167726516724,581857280,0.12121723623576076,0.0971953421831131,False,622727168
2026090823,0.1297315833770822,244,2,0.01,13,-0.31176167726516724,581455872,0.12113361165970853,0.0971953421831131,False,622727168
2026090823,0.1297315833770822,245,2,0.01,41,0.0602223202586174,593362944,0.12361418964525887,0.0036267279647290707,False,622727168
2026090823,0.1297315833770822,246,2,0.01,41,-0.0602223202586174,594083840,0.12376437255735273,0.0036267279647290707,False,622727168
2026090823,0.1297315833770822,247,2,0.01,36,0.056401774287223816,590688256,0.12305697690891061,0.003181160194799304,False,622727168
2026090823,0.1297315833770822,248,2,0.01,36,-0.056401774287223816,592834560,0.12350411239719007,0.003181160194799304,False,622727168
2026090823,0.1297315833770822,249,2,0.01,3,0.1780749410390854,584081408,0.12168058465205038,0.031710684299468994,False,622727168
2026090823,0.1297315833770822,250,2,0.01,3,-0.1780749410390854,584470528,0.12176164929210102,0.031710684299468994,False,622727168
2026090823,0.1297315833770822,251,2,0.01,51,0.11614135652780533,588251136,0.1225492562685933,0.013488814234733582,False,622727168
2026090823,0.1297315833770822,252,2,0.01,51,-0.11614135652780533,594374656,0.12382495770939062,0.013488814234733582,False,622727168
2026090823,0.1297315833770822,253,2,0.01,34,0.07985207438468933,591560704,0.12323873236502421,0.006376353558152914,False,622727168
2026090823,0.1297315833770822,254,2,0.01,34,-0.07985207438468933,593653760,0.12367477479729673,0.006376353558152914,False,622727168
2026090823,0.1297315833770822,255,2,0.01,4,0.13178521394729614,591159296,0.12315510778897193,0.017367342486977577,False,622727168
2026090823,0.1297315833770822,256,2,0.01,4,-0.13178521394729614,596983808,0.12436851745373033,0.017367342486977577,False,622727168
2026090823,0.1297315833770822,257,3,0.003,54,0.029433289542794228,614068224,0.1279276818079548,0.0008663185290060937,False,622727168
2026090823,0.1297315833770822,258,3,0.003,54,-0.029433289542794228,616030208,0.12833641825621026,0.0008663185290060937,False,622727168
2026090823,0.1297315833770822,259,3,0.003,46,0.03929951786994934,613400576,0.12778859195186787,0.0015444521559402347,False,622727168
2026090823,0.1297315833770822,260,3,0.003,46,-0.03929951786994934,616312832,0.12839529678424705,0.0015444521559402347,False,622727168
2026090823,0.1297315833770822,261,3,0.003,59,0.027479970827698708,614723584,0.12806421172804014,0.0007551488233730197,False,622727168
2026090823,0.1297315833770822,262,3,0.003,59,-0.027479970827698708,615149568,0.1281529561760956,0.0007551488233730197,False,622727168
2026090823,0.1297315833770822,263,3,0.003,48,0.03536524623632431,613752832,0.12786197678391373,0.001250700675882399,False,622727168
2026090823,0.1297315833770822,264,3,0.003,48,-0.03536524623632431,614621184,0.1280428789280268,0.001250700675882399,False,622727168
2026090823,0.1297315833770822,265,3,0.003,62,0.015462438575923443,615030784,0.12812821012808015,0.0002390870067756623,False,622727168
2026090823,0.1297315833770822,266,3,0.003,62,-0.015462438575923443,615669760,0.12826132680016333,0.0002390870067756623,False,622727168
2026090823,0.1297315833770822,267,3,0.003,26,0.015230857767164707,614928384,0.1281068773280668,0.00023197902191895992,False,622727168
2026090823,0.1297315833770822,268,3,0.003,26,-0.015230857767164707,614961152,0.12811370382407108,0.00023197902191895992,False,622727168
2026090823,0.1297315833770822,269,3,0.003,29,0.028129102662205696,614948864,0.12811114388806946,0.0007912464207038283,False,622727168
2026090823,0.1297315833770822,270,3,0.003,29,-0.028129102662205696,617115648,0.1285625459363516,0.0007912464207038283,False,622727168
2026090823,0.1297315833770822,271,3,0.003,49,0.03494594246149063,613310464,0.12776981908785612,0.0012212188448756933,False,622727168
2026090823,0.1297315833770822,272,3,0.003,49,-0.03494594246149063,614236160,0.12796266759997668,0.0012212188448756933,False,622727168
2026090823,0.1297315833770822,273,3,0.003,21,0.030445242300629616,614932480,0.12810773064006734,0.0009269127622246742,False,622727168
2026090823,0.1297315833770822,274,3,0.003,21,-0.030445242300629616,614739968,0.12806762497604227,0.0009269127622246742,False,622727168
2026090823,0.1297315833770822,275,3,0.003,16,0.02423231303691864,614723584,0.12806421172804014,0.0005872049950994551,False,622727168
2026090823,0.1297315833770822,276,3,0.003,16,-0.02423231303691864,616378368,0.12840894977625558,0.0005872049950994551,False,622727168
2026090823,0.1297315833770822,277,3,0.003,52,0.10668206959962845,611966976,0.12748993275168122,0.011381063610315323,False,622727168
2026090823,0.1297315833770822,278,3,0.003,52,-0.10668206959962845,611893248,0.1274745731356716,0.011381063610315323,False,622727168
2026090823,0.1297315833770822,279,3,0.003,41,0.01806669682264328,615264256,0.12817684891211054,0.00032640554127283394,False,622727168
2026090823,0.1297315833770822,280,3,0.003,41,-0.01806669682264328,615591936,0.1282451138721532,0.00032640554127283394,False,622727168
2026090823,0.1297315833770822,281,3,0.003,0,0.02161279506981373,615112704,0.12814527636809078,0.00046711289905942976,False,622727168
2026090823,0.1297315833770822,282,3,0.003,0,-0.02161279506981373,615833600,0.12829545928018465,0.00046711289905942976,False,622727168
2026090823,0.1297315833770822,283,3,0.003,55,0.02917354181408882,613679104,0.12784661716790413,0.0008510955376550555,False,622727168
2026090823,0.1297315833770822,284,3,0.003,55,-0.02917354181408882,615645184,0.12825620692816012,0.0008510955376550555,False,622727168
2026090823,0.1297315833770822,285,3,0.003,39,0.028756843879818916,613937152,0.12790037582393773,0.0008269560639746487,False,622727168
2026090823,0.1297315833770822,286,3,0.003,39,-0.028756843879818916,615342080,0.12819306184012066,0.0008269560639746487,False,622727168
2026090823,0.1297315833770822,287,3,0.003,17,0.036352891474962234,613072896,0.1277203269918252,0.0013215327635407448,False,622727168
2026090823,0.1297315833770822,288,3,0.003,17,-0.036352891474962234,615952384,0.12832020532820013,0.0013215327635407448,False,622727168
2026090823,0.1297315833770822,289,3,0.003,12,0.016962483525276184,614670336,0.1280531186720332,0.0002877258521039039,False,622727168
2026090823,0.1297315833770822,290,3,0.003,12,-0.016962483525276184,616161280,0.12836372424022732,0.0002877258521039039,False,622727168
2026090823,0.1297315833770822,291,3,0.003,61,0.028692979365587234,613236736,0.12775445947184652,0.0008232870604842901,False,622727168
2026090823,0.1297315833770822,292,3,0.003,61,-0.028692979365587234,615751680,0.128278393040174,0.0008232870604842901,False,622727168
2026090823,0.1297315833770822,293,3,0.003,60,0.04130095615983009,613908480,0.12789440263993399,0.00170576898381114,False,622727168
2026090823,0.1297315833770822,294,3,0.003,60,-0.04130095615983009,614256640,0.12796693415997934,0.00170576898381114,False,622727168
2026090823,0.1297315833770822,295,3,0.003,7,0.0594363734126091,613134336,0.1277331266718332,0.0035326825454831123,False,622727168
2026090823,0.1297315833770822,296,3,0.003,7,-0.0594363734126091,612237312,0.1275462513437164,0.0035326825454831123,False,622727168
2026090823,0.1297315833770822,297,3,0.003,58,0.025568366050720215,614993920,0.12812053032007534,0.0006537413573823869,False,622727168
2026090823,0.1297315833770822,298,3,0.003,58,-0.025568366050720215,615559168,0.12823828737614892,0.0006537413573823869,False,622727168
2026090823,0.1297315833770822,299,3,0.003,47,0.03908492252230644,613236736,0.12775445947184652,0.001527631189674139,False,622727168
2026090823,0.1297315833770822,300,3,0.003,47,-0.03908492252230644,613613568,0.1278329641758956,0.001527631189674139,False,622727168
2026090823,0.1297315833770822,301,3,0.003,4,0.03953556343913078,614453248,0.12800789313600494,0.0015630607958883047,False,622727168
2026090823,0.1297315833770822,302,3,0.003,4,-0.03953556343913078,616755200,0.12848745448030466,0.0015630607958883047,False,622727168
2026090823,0.1297315833770822,303,3,0.003,30,0.04190746322274208,613330944,0.1277740856478588,0.0017562354914844036,False,622727168
2026090823,0.1297315833770822,304,3,0.003,30,-0.04190746322274208,614703104,0.12805994516803745,0.0017562354914844036,False,622727168
2026090823,0.1297315833770822,305,3,0.003,8,0.038232989609241486,613281792,0.1277638459038524,0.00146176153793931,False,622727168
2026090823,0.1297315833770822,306,3,0.003,8,-0.038232989609241486,614653952,0.12804970542403107,0.00146176153793931,False,622727168
2026090823,0.1297315833770822,307,3,0.003,28,0.100389763712883,615505920,0.12822719432014199,0.010078104212880135,False,622727168
2026090823,0.1297315833770822,308,3,0.003,28,-0.100389763712883,608923648,0.12685592193528494,0.010078104212880135,False,622727168
2026090823,0.1297315833770822,309,3,0.003,36,0.016920533031225204,614744064,0.1280684782880428,0.00028630445012822747,False,622727168
2026090823,0.1297315833770822,310,3,0.003,36,-0.016920533031225204,615481344,0.1282220744481388,0.00028630445012822747,False,622727168
2026090823,0.1297315833770822,311,3,0.003,15,0.020461084321141243,615911424,0.1283116722081948,0.0004186559817753732,False,622727168
2026090823,0.1297315833770822,312,3,0.003,15,-0.020461084321141243,616153088,0.12836201761622626,0.0004186559817753732,False,622727168
2026090823,0.1297315833770822,313,3,0.003,56,0.032368868589401245,614977536,0.1281171170720732,0.0010477436007931828,False,622727168
2026090823,0.1297315833770822,314,3,0.003,56,-0.032368868589401245,615505920,0.12822719432014199,0.0010477436007931828,False,622727168
2026090823,0.1297315833770822,315,3,0.003,19,0.03862090781331062,613310464,0.12776981908785615,0.0014915745705366135,False,622727168
2026090823,0.1297315833770822,316,3,0.003,19,-0.03862090781331062,615608320,0.12824852712015533,0.0014915745705366135,False,622727168
2026090823,0.1297315833770822,317,3,0.003,45,0.12814094126224518,608567296,0.12678168379123855,0.01642010174691677,False,622727168
2026090823,0.1297315833770822,318,3,0.003,45,-0.12814094126224518,617914368,0.12872894177645558,0.01642010174691677,False,622727168
2026090823,0.1297315833770822,319,3,0.003,42,0.021045774221420288,614641664,0.12804714548802945,0.000442924618255347,False,622727168
2026090823,0.1297315833770822,320,3,0.003,42,-0.021045774221420288,616210432,0.1283739639842337,0.000442924618255347,False,622727168
2026090823,0.1297315833770822,321,3,0.003,1,0.049897823482751846,613400576,0.12778859195186787,0.0024897928815335035,False,622727168
2026090823,0.1297315833770822,322,3,0.003,1,-0.049897823482751846,614404096,0.12799765339199853,0.0024897928815335035,False,622727168
2026090823,0.1297315833770822,323,3,0.003,51,0.03484240919351578,613683200,0.12784747047990466,0.0012139935279265046,False,622727168
2026090823,0.1297315833770822,324,3,0.003,51,-0.03484240919351578,615792640,0.1282869261601793,0.0012139935279265046,False,622727168
2026090823,0.1297315833770822,325,3,0.003,24,0.047155722975730896,612847616,0.12767339483179588,0.0022236621007323265,False,622727168
2026090823,0.1297315833770822,326,3,0.003,24,-0.047155722975730896,616574976,0.12844990875228118,0.0022236621007323265,False,622727168
2026090823,0.1297315833770822,327,3,0.003,10,0.028017064556479454,614670336,0.1280531186720332,0.0007849559187889099,False,622727168
2026090823,0.1297315833770822,328,3,0.003,10,-0.028017064556479454,616529920,0.12844052232027534,0.0007849559187889099,False,622727168
2026090823,0.1297315833770822,329,3,0.003,32,0.024828823283314705,614694912,0.1280582385440364,0.0006164704682305455,False,622727168
2026090823,0.1297315833770822,330,3,0.003,32,-0.024828823283314705,615657472,0.12825876686416174,0.0006164704682305455,False,622727168
2026090823,0.1297315833770822,331,3,0.003,37,0.030705219134688377,614088704,0.12793194836795746,0.0009428104967810214,False,622727168
2026090823,0.1297315833770822,332,3,0.003,37,-0.030705219134688377,615567360,0.12823999400015001,0.0009428104967810214,False,622727168
2026090823,0.1297315833770822,333,3,0.003,5,0.015607545152306557,615141376,0.12815124955209453,0.0002435954665997997,False,622727168
2026090823,0.1297315833770822,334,3,0.003,5,-0.015607545152306557,615161856,0.1281555161120972,0.0002435954665997997,False,622727168
2026090823,0.1297315833770822,335,3,0.003,6,0.01894751936197281,614281216,0.12797205403198253,0.0003590084961615503,False,622727168
2026090823,0.1297315833770822,336,3,0.003,6,-0.01894751936197281,616726528,0.1284814812963009,0.0003590084961615503,False,622727168
2026090823,0.1297315833770822,337,3,0.003,25,0.03168048709630966,613781504,0.12786794996791748,0.0010036532767117023,False,622727168
2026090823,0.1297315833770822,338,3,0.003,25,-0.03168048709630966,614920192,0.12810517070406574,0.0010036532767117023,False,622727168
2026090823,0.1297315833770822,339,3,0.003,13,0.09352850914001465,611860480,0.12746774663966734,0.008747582323849201,False,622727168
2026090823,0.1297315833770822,340,3,0.003,13,-0.09352850914001465,612749312,0.12765291534378306,0.008747582323849201,False,622727168
2026090823,0.1297315833770822,341,3,0.003,23,0.021528588607907295,614846464,0.12808981108805614,0.0004634801298379898,False,622727168
2026090823,0.1297315833770822,342,3,0.003,23,-0.021528588607907295,615591936,0.12824511387215318,0.0004634801298379898,False,622727168
2026090823,0.1297315833770822,343,3,0.003,35,0.0320759192109108,614031360,0.12792000199995002,0.0010288646444678307,False,622727168
2026090823,0.1297315833770822,344,3,0.003,35,-0.0320759192109108,615858176,0.12830057915218784,0.0010288646444678307,False,622727168
2026090823,0.1297315833770822,345,3,0.003,22,0.016954904422163963,614682624,0.12805567860803482,0.00028746877796947956,False,622727168
2026090823,0.1297315833770822,346,3,0.003,22,-0.016954904422163963,615464960,0.12821866120013667,0.00028746877796947956,False,622727168
2026090823,0.1297315833770822,347,3,0.003,33,0.02617412805557251,614125568,0.12793962817596224,0.0006850849604234099,False,622727168
2026090823,0.1297315833770822,348,3,0.003,33,-0.02617412805557251,614608896,0.1280403189920252,0.0006850849604234099,False,622727168
2026090823,0.1297315833770822,349,3,0.003,20,0.021484803408384323,614141952,0.1279430414239644,0.0004615967918653041,False,622727168
2026090823,0.1297315833770822,350,3,0.003,20,-0.021484803408384323,615448576,0.12821524795213454,0.0004615967918653041,False,622727168
2026090823,0.1297315833770822,351,3,0.003,43,0.02621380239725113,614797312,0.1280795713440497,0.000687163439579308,False,622727168
2026090823,0.1297315833770822,352,3,0.003,43,-0.02621380239725113,616239104,0.12837993716823745,0.000687163439579308,False,622727168
2026090823,0.1297315833770822,353,3,0.003,40,0.03210128843784332,614080512,0.12793024174395642,0.0010304927127435803,False,622727168
2026090823,0.1297315833770822,354,3,0.003,40,-0.03210128843784332,615469056,0.1282195145121372,0.0010304927127435803,False,622727168
2026090823,0.1297315833770822,355,3,0.003,63,0.028278756886720657,614330368,0.12798229377598894,0.0007996881031431258,False,622727168
2026090823,0.1297315833770822,356,3,0.003,63,-0.028278756886720657,615727104,0.1282732731681708,0.0007996881031431258,False,622727168
2026090823,0.1297315833770822,357,3,0.003,18,0.0482928641140461,612409344,0.1275820904477388,0.002332200761884451,False,622727168
2026090823,0.1297315833770822,358,3,0.003,18,-0.0482928641140461,618172416,0.1287827004324892,0.002332200761884451,False,622727168
2026090823,0.1297315833770822,359,3,0.003,2,0.13858361542224884,610893824,0.1272663650075415,0.019205419346690178,False,622727168
2026090823,0.1297315833770822,360,3,0.003,2,-0.13858361542224884,614141952,0.12794304142396437,0.019205419346690178,False,622727168
2026090823,0.1297315833770822,361,3,0.003,31,0.01587866246700287,615186432,0.1281606359841004,0.0002521319256629795,False,622727168
2026090823,0.1297315833770822,362,3,0.003,31,-0.01587866246700287,615804928,0.12828948609618093,0.0002521319256629795,False,622727168
2026090823,0.1297315833770822,363,3,0.003,57,0.017084933817386627,614612992,0.12804117230402576,0.000291894975816831,False,622727168
2026090823,0.1297315833770822,364,3,0.003,57,-0.017084933817386627,615378944,0.12820074164812548,0.000291894975816831,False,622727168
2026090823,0.1297315833770822,365,3,0.003,53,0.02401418797671795,615038976,0.1281299167520812,0.000576681224629283,False,622727168
2026090823,0.1297315833770822,366,3,0.003,53,-0.02401418797671795,615968768,0.12832361857620225,0.000576681224629283,False,622727168
2026090823,0.1297315833770822,367,3,0.003,27,0.05058193579316139,612638720,0.12762987591976865,0.0025585321709513664,False,622727168
2026090823,0.1297315833770822,368,3,0.003,27,-0.05058193579316139,616062976,0.1283432447522145,0.0025585321709513664,False,622727168
2026090823,0.1297315833770822,369,3,0.003,9,0.026190103963017464,614813696,0.12808298459205186,0.0006859215209260583,False,622727168
2026090823,0.1297315833770822,370,3,0.003,9,-0.026190103963017464,615895040,0.12830825896019266,0.0006859215209260583,False,622727168
2026090823,0.1297315833770822,371,3,0.003,34,0.02395562268793583,614748160,0.12806933160004333,0.0005738718318752944,False,622727168
2026090823,0.1297315833770822,372,3,0.003,34,-0.02395562268793583,615497728,0.12822548769614095,0.0005738718318752944,False,622727168
2026090823,0.1297315833770822,373,3,0.003,11,0.028502581641077995,615096320,0.12814186312008866,0.0008123971638269722,False,622727168
2026090823,0.1297315833770822,374,3,0.003,11,-0.028502581641077995,616394752,0.1284123630242577,0.0008123971638269722,False,622727168
2026090823,0.1297315833770822,375,3,0.003,38,0.021252695471048355,614649856,0.12804885211203054,0.00045167707139626145,False,622727168
2026090823,0.1297315833770822,376,3,0.003,38,-0.021252695471048355,616484864,0.12843113588826946,0.00045167707139626145,False,622727168
2026090823,0.1297315833770822,377,3,0.003,50,0.015921397134661674,614944768,0.1281102905760689,0.0002534908999223262,False,622727168
2026090823,0.1297315833770822,378,3,0.003,50,-0.015921397134661674,614985728,0.12811882369607427,0.0002534908999223262,False,622727168
2026090823,0.1297315833770822,379,3,0.003,3,0.053422484546899796,612827136,0.1276691282717932,0.002853961894288659,False,622727168
2026090823,0.1297315833770822,380,3,0.003,3,-0.053422484546899796,613101568,0.12772630017582895,0.002853961894288659,False,622727168
2026090823,0.1297315833770822,381,3,0.003,44,0.027030598372220993,614375424,0.1279916802079948,0.0007306532352231443,False,622727168
2026090823,0.1297315833770822,382,3,0.003,44,-0.027030598372220993,615460864,0.1282178078881361,0.0007306532352231443,False,622727168
2026090823,0.1297315833770822,383,3,0.003,14,0.04029010981321335,613416960,0.12779200519987,0.0016232929192483425,False,622727168
2026090823,0.1297315833770822,384,3,0.003,14,-0.04029010981321335,616394752,0.1284123630242577,0.0016232929192483425,False,622727168
2026090823,0.1297315833770822,385,4,0.001,51,0.011614136397838593,620552192,0.12927847470479906,0.00013488816330209374,False,622727168
2026090823,0.1297315833770822,386,4,0.001,51,-0.011614136397838593,621170688,0.12940732481687958,0.00013488816330209374,False,622727168
2026090823,0.1297315833770822,387,4,0.001,35,0.010691973380744457,620556288,0.12927932801679956,0.00011431829625507817,False,622727168
2026090823,0.1297315833770822,388,4,0.001,35,-0.010691973380744457,620990464,0.12936977908885613,0.00011431829625507817,False,622727168
2026090823,0.1297315833770822,389,4,0.001,52,0.035560693591833115,620105728,0.12918546369674092,0.0012645629467442632,False,622727168
2026090823,0.1297315833770822,390,4,0.001,52,-0.035560693591833115,620548096,0.1292776213927985,0.0012645629467442632,False,622727168
2026090823,0.1297315833770822,391,4,0.001,20,0.007161601446568966,620625920,0.12929383432080865,5.128853445057757e-05,False,622727168
2026090823,0.1297315833770822,392,4,0.001,20,-0.007161601446568966,620969984,0.12936551252885345,5.128853445057757e-05,False,622727168
2026090823,0.1297315833770822,393,4,0.001,9,0.008730035275220871,620875776,0.1293458863528412,7.621351687703282e-05,False,622727168
2026090823,0.1297315833770822,394,4,0.001,9,-0.008730035275220871,621113344,0.1293953784488721,7.621351687703282e-05,False,622727168
2026090823,0.1297315833770822,395,4,0.001,7,0.019812123849987984,620535808,0.12927506145679693,0.0003925202472601086,False,622727168
2026090823,0.1297315833770822,396,4,0.001,7,-0.019812123849987984,620519424,0.12927164820879478,0.0003925202472601086,False,622727168
2026090823,0.1297315833770822,397,4,0.001,53,0.008004729636013508,620879872,0.1293467396648417,6.40756989014335e-05,False,622727168
2026090823,0.1297315833770822,398,4,0.001,53,-0.008004729636013508,621158400,0.129404764880878,6.40756989014335e-05,False,622727168
2026090823,0.1297315833770822,399,4,0.001,63,0.009426252916455269,620703744,0.12931004724881878,8.885424176696688e-05,False,622727168
2026090823,0.1297315833770822,400,4,0.001,63,-0.009426252916455269,621232128,0.12942012449688758,8.885424176696688e-05,False,622727168
2026090823,0.1297315833770822,401,4,0.001,22,0.005651635117828846,620834816,0.12933735323283585,3.194098098902032e-05,False,622727168
2026090823,0.1297315833770822,402,4,0.001,22,-0.005651635117828846,621019136,0.12937575227285983,3.194098098902032e-05,False,622727168
2026090823,0.1297315833770822,403,4,0.001,39,0.009585615247488022,620695552,0.1293083406248177,9.1884023277089e-05,False,622727168
2026090823,0.1297315833770822,404,4,0.001,39,-0.009585615247488022,621019136,0.12937575227285986,9.1884023277089e-05,False,622727168
2026090823,0.1297315833770822,405,4,0.001,12,0.0056541613303124905,620961792,0.12936380590485239,3.196953912265599e-05,False,622727168
2026090823,0.1297315833770822,406,4,0.001,12,-0.0056541613303124905,621060096,0.12938428539286517,3.196953912265599e-05,False,622727168
2026090823,0.1297315833770822,407,4,0.001,1,0.01663260906934738,620482560,0.12926396840078996,0.00027664369554258883,False,622727168
2026090823,0.1297315833770822,408,4,0.001,1,-0.01663260906934738,621015040,0.1293748989608593,0.00027664369554258883,False,622727168
2026090823,0.1297315833770822,409,4,0.001,42,0.00701525853946805,620830720,0.12933649992083532,4.921385334455408e-05,False,622727168
2026090823,0.1297315833770822,410,4,0.001,42,-0.00701525853946805,621080576,0.12938855195286783,4.921385334455408e-05,False,622727168
2026090823,0.1297315833770822,411,4,0.001,56,0.010789623484015465,620826624,0.1293356466088348,0.00011641597666312009,False,622727168
2026090823,0.1297315833770822,412,4,0.001,56,-0.010789623484015465,621195264,0.12941244468888277,0.00011641597666312009,False,622727168
2026090823,0.1297315833770822,413,4,0.001,50,0.0053071328438818455,620896256,0.12935015291284385,2.8165659387013875e-05,False,622727168
2026090823,0.1297315833770822,414,4,0.001,50,-0.0053071328438818455,620969984,0.12936551252885345,2.8165659387013875e-05,False,622727168
2026090823,0.1297315833770822,415,4,0.001,43,0.00873793475329876,620875776,0.1293458863528412,7.63515054131858e-05,False,622727168
2026090823,0.1297315833770822,416,4,0.001,43,-0.00873793475329876,621404160,0.12945596360090997,7.63515054131858e-05,False,622727168
2026090823,0.1297315833770822,417,4,0.001,57,0.005694978404790163,620863488,0.12934332641683957,3.2432777516078204e-05,False,622727168
2026090823,0.1297315833770822,418,4,0.001,57,-0.005694978404790163,621035520,0.12937916552086196,3.2432777516078204e-05,False,622727168
2026090823,0.1297315833770822,419,4,0.001,59,0.009159990586340427,620728320,0.12931516712082197,8.390542643610388e-05,False,622727168
2026090823,0.1297315833770822,420,4,0.001,59,-0.009159990586340427,621035520,0.12937916552086198,8.390542643610388e-05,False,622727168
2026090823,0.1297315833770822,421,4,0.001,29,0.009376367554068565,620748800,0.12931943368082463,8.791626896709204e-05,False,622727168
2026090823,0.1297315833770822,422,4,0.001,29,-0.009376367554068565,621363200,0.12944743048090465,8.791626896709204e-05,False,622727168
2026090823,0.1297315833770822,423,4,0.001,10,0.00933902245014906,620851200,0.12934076648083798,8.721734047867358e-05,False,622727168
2026090823,0.1297315833770822,424,4,0.001,10,-0.00933902245014906,621305856,0.1294354841128972,8.721734047867358e-05,False,622727168
2026090823,0.1297315833770822,425,4,0.001,40,0.010700429789721966,620662784,0.12930151412881344,0.00011449919838923961,False,622727168
2026090823,0.1297315833770822,426,4,0.001,40,-0.010700429789721966,621031424,0.12937831220886145,0.00011449919838923961,False,622727168
2026090823,0.1297315833770822,427,4,0.001,3,0.0178074948489666,620392448,0.12924519553677827,0.0003171068674419075,False,622727168
2026090823,0.1297315833770822,428,4,0.001,3,-0.0178074948489666,620843008,0.1293390598568369,0.0003171068674419075,False,622727168
2026090823,0.1297315833770822,429,4,0.001,41,0.006022232584655285,620982272,0.12936807246485504,3.626728357630782e-05,False,622727168
2026090823,0.1297315833770822,430,4,0.001,41,-0.006022232584655285,621080576,0.12938855195286783,3.626728357630782e-05,False,622727168
2026090823,0.1297315833770822,431,4,0.001,36,0.005640177987515926,620851200,0.129340766480838,3.181160718668252e-05,False,622727168
2026090823,0.1297315833770822,432,4,0.001,36,-0.005640177987515926,621158400,0.12940476488087796,3.181160718668252e-05,False,622727168
2026090823,0.1297315833770822,433,4,0.001,62,0.00515414634719491,620859392,0.12934247310483904,2.656522519828286e-05,False,622727168
2026090823,0.1297315833770822,434,4,0.001,62,-0.00515414634719491,621166592,0.12940647150487905,2.656522519828286e-05,False,622727168
2026090823,0.1297315833770822,435,4,0.001,31,0.005292887799441814,620982272,0.12936807246485504,2.8014661438646726e-05,False,622727168
2026090823,0.1297315833770822,436,4,0.001,31,-0.005292887799441814,621117440,0.12939623176087264,2.8014661438646726e-05,False,622727168
2026090823,0.1297315833770822,437,4,0.001,58,0.008522788994014263,620847104,0.12933991316883744,7.263792940648273e-05,False,622727168
2026090823,0.1297315833770822,438,4,0.001,58,-0.008522788994014263,621084672,0.12938940526486836,7.263792940648273e-05,False,622727168
2026090823,0.1297315833770822,439,4,0.001,8,0.012744330801069736,620388352,0.1292443422247777,0.00016241797129623592,False,622727168
2026090823,0.1297315833770822,440,4,0.001,8,-0.012744330801069736,621060096,0.1293842853928652,0.00016241797129623592,False,622727168
2026090823,0.1297315833770822,441,4,0.001,13,0.031176170334219933,620150784,0.1291948501287468,0.0009719536174088717,False,622727168
2026090823,0.1297315833770822,442,4,0.001,13,-0.031176170334219933,620912640,0.12935356616084598,0.0009719536174088717,False,622727168
2026090823,0.1297315833770822,443,4,0.001,44,0.009010199457406998,620720128,0.1293134604968209,8.118369441945106e-05,False,622727168
2026090823,0.1297315833770822,444,4,0.001,44,-0.009010199457406998,620969984,0.12936551252885345,8.118369441945106e-05,False,622727168
2026090823,0.1297315833770822,445,4,0.001,46,0.01309983991086483,620584960,0.1292853012008033,0.00017160580318886787,False,622727168
2026090823,0.1297315833770822,446,4,0.001,46,-0.01309983991086483,621457408,0.1294670566569169,0.00017160580318886787,False,622727168
2026090823,0.1297315833770822,447,4,0.001,34,0.007985207252204418,620777472,0.12932540686482835,6.376353849191219e-05,False,622727168
2026090823,0.1297315833770822,448,4,0.001,34,-0.007985207252204418,621121536,0.12939708507287317,6.376353849191219e-05,False,622727168
2026090823,0.1297315833770822,449,4,0.001,37,0.010235073044896126,620630016,0.12929468763280919,0.00010475672024767846,False,622727168
2026090823,0.1297315833770822,450,4,0.001,37,-0.010235073044896126,621092864,0.12939111188886945,0.00010475672024767846,False,622727168
2026090823,0.1297315833770822,451,4,0.001,38,0.007084232289344072,620724224,0.12931431380882144,5.018634692532942e-05,False,622727168
2026090823,0.1297315833770822,452,4,0.001,38,-0.007084232289344072,621297664,0.12943377748889612,5.018634692532942e-05,False,622727168
2026090823,0.1297315833770822,453,4,0.001,16,0.008077437989413738,620830720,0.12933649992083532,6.524500349769369e-05,False,622727168
2026090823,0.1297315833770822,454,4,0.001,16,-0.008077437989413738,621260800,0.1294260976808913,6.524500349769369e-05,False,622727168
2026090823,0.1297315833770822,455,4,0.001,4,0.013178521767258644,620777472,0.12932540686482838,0.00017367344116792083,False,622727168
2026090823,0.1297315833770822,456,4,0.001,4,-0.013178521767258644,621486080,0.12947302984092066,0.00017367344116792083,False,622727168
2026090823,0.1297315833770822,457,4,0.001,32,0.008276275359094143,620830720,0.12933649992083532,6.849673081887886e-05,False,622727168
2026090823,0.1297315833770822,458,4,0.001,32,-0.008276275359094143,621113344,0.1293953784488721,6.849673081887886e-05,False,622727168
2026090823,0.1297315833770822,459,4,0.001,19,0.01287363562732935,620466176,0.12926055515278784,0.0001657304965192452,False,622727168
2026090823,0.1297315833770822,460,4,0.001,19,-0.01287363562732935,621240320,0.12942183112088865,0.0001657304965192452,False,622727168
2026090823,0.1297315833770822,461,4,0.001,15,0.006820361595600843,620986368,0.12936892577685558,4.6517332521034405e-05,False,622727168
2026090823,0.1297315833770822,462,4,0.001,15,-0.006820361595600843,621154304,0.12940391156887746,4.6517332521034405e-05,False,622727168
2026090823,0.1297315833770822,463,4,0.001,17,0.012117630802094936,620306432,0.12922727598476705,0.00014683697372674942,False,622727168
2026090823,0.1297315833770822,464,4,0.001,17,-0.012117630802094936,621342720,0.129443163920902,0.00014683697372674942,False,622727168
2026090823,0.1297315833770822,465,4,0.001,5,0.005202515050768852,620920832,0.12935527278484707,2.7066162147093564e-05,False,622727168
2026090823,0.1297315833770822,466,4,0.001,5,-0.005202515050768852,621015040,0.12937489896085932,2.7066162147093564e-05,False,622727168
2026090823,0.1297315833770822,467,4,0.001,30,0.01396915502846241,620429312,0.12925287534478305,0.0001951372978510335,False,622727168
2026090823,0.1297315833770822,468,4,0.001,30,-0.01396915502846241,620769280,0.12932370024082732,0.0001951372978510335,False,622727168
2026090823,0.1297315833770822,469,4,0.001,28,0.0334632582962513,620896256,0.12935015291284382,0.0011197896674275398,False,622727168
2026090823,0.1297315833770822,470,4,0.001,28,-0.0334632582962513,619868160,0.12913597160070997,0.0011197896674275398,False,622727168
2026090823,0.1297315833770822,471,4,0.001,48,0.011788415722548962,620478464,0.12926311508878943,0.00013896674499846995,False,622727168
2026090823,0.1297315833770822,472,4,0.001,48,-0.011788415722548962,620785664,0.12932711348882944,0.00013896674499846995,False,622727168
2026090823,0.1297315833770822,473,4,0.001,14,0.01343003660440445,620601344,0.12928871444880544,0.00018036588153336197,False,622727168
2026090823,0.1297315833770822,474,4,0.001,14,-0.01343003660440445,621350912,0.12944487054490303,0.00018036588153336197,False,622727168
2026090823,0.1297315833770822,475,4,0.001,11,0.009500861167907715,620871680,0.12934503304084063,9.02663596207276e-05,False,622727168
2026090823,0.1297315833770822,476,4,0.001,11,-0.009500861167907715,621330432,0.12944060398490037,9.02663596207276e-05,False,622727168
2026090823,0.1297315833770822,477,4,0.001,18,0.016097621992230415,620212224,0.12920764980875477,0.0002591334341559559,False,622727168
2026090823,0.1297315833770822,478,4,0.001,18,-0.016097621992230415,621645824,0.12950630900894144,0.0002591334341559559,False,622727168
2026090823,0.1297315833770822,479,4,0.001,21,0.01014841441065073,620879872,0.12934673966484173,0.0001029903141898103,False,622727168
2026090823,0.1297315833770822,480,4,0.001,21,-0.01014841441065073,620933120,0.12935783272084864,0.0001029903141898103,False,622727168
2026090823,0.1297315833770822,481,4,0.001,27,0.01686064526438713,620298240,0.12922556936076598,0.00028428135556168854,False,622727168
2026090823,0.1297315833770822,482,4,0.001,27,-0.01686064526438713,621445120,0.1294644967209153,0.00028428135556168854,False,622727168
2026090823,0.1297315833770822,483,4,0.001,33,0.00872470997273922,620675072,0.12930407406481506,7.612056651851162e-05,False,622727168
2026090823,0.1297315833770822,484,4,0.001,33,-0.00872470997273922,620969984,0.12936551252885345,7.612056651851162e-05,False,622727168
2026090823,0.1297315833770822,485,4,0.001,0,0.007204264868050814,620883968,0.12934759297684226,5.190143201616593e-05,False,622727168
2026090823,0.1297315833770822,486,4,0.001,0,-0.007204264868050814,621105152,0.12939367182487105,5.190143201616593e-05,False,622727168
2026090823,0.1297315833770822,487,4,0.001,49,0.011648647487163544,620453888,0.12925799521678624,0.00013569099246524274,False,622727168
2026090823,0.1297315833770822,488,4,0.001,49,-0.011648647487163544,620888064,0.12934844628884276,0.00013569099246524274,False,622727168
2026090823,0.1297315833770822,489,4,0.001,24,0.015718575567007065,620216320,0.1292085031207553,0.00024707362172193825,False,622727168
2026090823,0.1297315833770822,490,4,0.001,24,-0.015718575567007065,621539328,0.12948412289692757,0.00024707362172193825,False,622727168
2026090823,0.1297315833770822,491,4,0.001,55,0.009724514558911324,620531712,0.12927420814479637,9.456618136027828e-05,False,622727168
2026090823,0.1297315833770822,492,4,0.001,55,-0.009724514558911324,621084672,0.12938940526486836,9.456618136027828e-05,False,622727168
2026090823,0.1297315833770822,493,4,0.001,23,0.007176196202635765,620797952,0.12932967342483107,5.149779099156149e-05,False,622727168
2026090823,0.1297315833770822,494,4,0.001,23,-0.007176196202635765,621039616,0.12938001883286251,5.149779099156149e-05,False,622727168
2026090823,0.1297315833770822,495,4,0.001,54,0.0098110968247056,620711936,0.12931175387281982,9.62576232268475e-05,False,622727168
2026090823,0.1297315833770822,496,4,0.001,54,-0.0098110968247056,621244416,0.12942268443288918,9.62576232268475e-05,False,622727168
2026090823,0.1297315833770822,497,4,0.001,26,0.0050769527442753315,620879872,0.1293467396648417,2.5775449103093706e-05,False,622727168
2026090823,0.1297315833770822,498,4,0.001,26,-0.0050769527442753315,620978176,0.1293672191528545,2.5775449103093706e-05,False,622727168
2026090823,0.1297315833770822,499,4,0.001,61,0.009564326144754887,620355584,0.12923751572877343,9.147633682005107e-05,False,622727168
2026090823,0.1297315833770822,500,4,0.001,61,-0.009564326144754887,621232128,0.12942012449688756,9.147633682005107e-05,False,622727168
2026090823,0.1297315833770822,501,4,0.001,47,0.013028307817876339,620519424,0.12927164820879478,0.00016973679885268211,False,622727168
2026090823,0.1297315833770822,502,4,0.001,47,-0.013028307817876339,620650496,0.12929895419281187,0.00016973679885268211,False,622727168
2026090823,0.1297315833770822,503,4,0.001,25,0.010560162365436554,620576768,0.12928359457680227,0.0001115170307457447,False,622727168
2026090823,0.1297315833770822,504,4,0.001,25,-0.010560162365436554,621076480,0.12938769864086733,0.0001115170307457447,False,622727168
2026090823,0.1297315833770822,505,4,0.001,45,0.042713649570941925,619429888,0.12904466721665292,0.0018244559178128839,False,622727168
2026090823,0.1297315833770822,506,4,0.001,45,-0.042713649570941925,621678592,0.1295131355049457,0.0018244559178128839,False,622727168
2026090823,0.1297315833770822,507,4,0.001,60,0.013766986317932606,620556288,0.12927932801679956,0.0001895299064926803,False,622727168
2026090823,0.1297315833770822,508,4,0.001,60,-0.013766986317932606,620892160,0.1293492996008433,0.0001895299064926803,False,622727168
2026090823,0.1297315833770822,509,4,0.001,6,0.006315839942544699,620568576,0.12928188795280118,3.9889833715278655e-05,False,622727168
2026090823,0.1297315833770822,510,4,0.001,6,-0.006315839942544699,621342720,0.12944316392090197,3.9889833715278655e-05,False,622727168
2026090823,0.1297315833770822,511,4,0.001,2,0.04619453847408295,619773952,0.12911634542469771,0.002133935457095504,False,622727168
2026090823,0.1297315833770822,512,4,0.001,2,-0.04619453847408295,621060096,0.12938428539286517,0.002133935457095504,False,622727168
2026090823,0.1297315833770822,513,5,0.0003,59,0.0027479971759021282,622419968,0.12966758497704226,7.551488579338184e-06,False,622727168
2026090823,0.1297315833770822,514,5,0.0003,59,-0.0027479971759021282,622424064,0.12966843828904276,7.551488579338184e-06,False,622727168
2026090823,0.1297315833770822,515,5,0.0003,52,0.01066820789128542,622329856,0.1296488121130305,0.0001138106599682942,False,622727168
2026090823,0.1297315833770822,516,5,0.0003,52,-0.01066820789128542,622395392,0.12966246510503904,0.0001138106599682942,False,622727168
2026090823,0.1297315833770822,517,5,0.0003,5,0.0015607546083629131,622374912,0.12965819854503638,2.4359549115615664e-06,False,622727168
2026090823,0.1297315833770822,518,5,0.0003,5,-0.0015607546083629131,622469120,0.12967782472104863,2.4359549115615664e-06,False,622727168
2026090823,0.1297315833770822,519,5,0.0003,46,0.003929951693862677,622362624,0.12965563860903478,1.5444520613527857e-05,False,622727168
2026090823,0.1297315833770822,520,5,0.0003,46,-0.003929951693862677,622534656,0.12969147771305717,1.5444520613527857e-05,False,622727168
2026090823,0.1297315833770822,521,5,0.0003,4,0.003953556530177593,622374912,0.12965819854503638,1.563060868647881e-05,False,622727168
2026090823,0.1297315833770822,522,5,0.0003,4,-0.003953556530177593,622473216,0.12967867803304917,1.563060868647881e-05,False,622727168
2026090823,0.1297315833770822,523,5,0.0003,18,0.004829286597669125,622317568,0.12964625217702894,2.332200892851688e-05,False,622727168
2026090823,0.1297315833770822,524,5,0.0003,18,-0.004829286597669125,622563328,0.12969745089706092,2.332200892851688e-05,False,622727168
2026090823,0.1297315833770822,525,5,0.0003,45,0.012814095243811607,622215168,0.12962491937701556,0.00016420103202108294,False,622727168
2026090823,0.1297315833770822,526,5,0.0003,45,-0.012814095243811607,622608384,0.1297068373290668,0.00016420103202108294,False,622727168
2026090823,0.1297315833770822,527,5,0.0003,35,0.003207592060789466,622358528,0.12965478529703425,1.0288646990375128e-05,False,622727168
2026090823,0.1297315833770822,528,5,0.0003,35,-0.003207592060789466,622444544,0.12967270484904544,1.0288646990375128e-05,False,622727168
2026090823,0.1297315833770822,529,5,0.0003,25,0.0031680488027632236,622354432,0.1296539319850337,1.0036533240054268e-05,False,622727168
2026090823,0.1297315833770822,530,5,0.0003,25,-0.0031680488027632236,622432256,0.12967014491304388,1.0036533240054268e-05,False,622727168
2026090823,0.1297315833770822,531,5,0.0003,30,0.004190746229141951,622338048,0.12965051873703157,1.7562353605171666e-05,False,622727168
2026090823,0.1297315833770822,532,5,0.0003,30,-0.004190746229141951,622522368,0.12968891777705557,1.7562353605171666e-05,False,622727168
2026090823,0.1297315833770822,533,5,0.0003,26,0.0015230858698487282,622383104,0.12965990516903744,2.319790610272321e-06,False,622727168
2026090823,0.1297315833770822,534,5,0.0003,26,-0.0015230858698487282,622411776,0.12966587835304116,2.319790610272321e-06,False,622727168
2026090823,0.1297315833770822,535,5,0.0003,29,0.002812910359352827,622399488,0.12966331841703957,7.912464752735104e-06,False,622727168
2026090823,0.1297315833770822,536,5,0.0003,29,-0.002812910359352827,622485504,0.12968123796905076,7.912464752735104e-06,False,622727168
2026090823,0.1297315833770822,537,5,0.0003,47,0.003908492624759674,622379008,0.12965905185703694,1.5276315025403164e-05,False,622727168
2026090823,0.1297315833770822,538,5,0.0003,47,-0.003908492624759674,622387200,0.129660758481038,1.5276315025403164e-05,False,622727168
2026090823,0.1297315833770822,539,5,0.0003,1,0.004989782813936472,622395392,0.12966246510503904,2.4897932235035114e-05,False,622727168
2026090823,0.1297315833770822,540,5,0.0003,1,-0.004989782813936472,622518272,0.12968806446505507,2.4897932235035114e-05,False,622727168
2026090823,0.1297315833770822,541,5,0.0003,55,0.002917354227975011,622370816,0.12965734523303582,8.510955922247376e-06,False,622727168
2026090823,0.1297315833770822,542,5,0.0003,55,-0.002917354227975011,622440448,0.1296718515370449,8.510955922247376e-06,False,622727168
2026090823,0.1297315833770822,543,5,0.0003,42,0.0021045776084065437,622424064,0.12966843828904276,4.429246928339126e-06,False,622727168
2026090823,0.1297315833770822,544,5,0.0003,42,-0.0021045776084065437,622489600,0.12968209128105132,4.429246928339126e-06,False,622727168
2026090823,0.1297315833770822,545,5,0.0003,15,0.002046108478680253,622415872,0.1296667316650417,4.186560090602143e-06,False,622727168
2026090823,0.1297315833770822,546,5,0.0003,15,-0.002046108478680253,622510080,0.12968635784105398,4.186560090602143e-06,False,622727168
2026090823,0.1297315833770822,547,5,0.0003,14,0.004029010888189077,622346240,0.12965222536103266,1.6232928828685544e-05,False,622727168
2026090823,0.1297315833770822,548,5,0.0003,14,-0.004029010888189077,622493696,0.12968294459305185,1.6232928828685544e-05,False,622727168
2026090823,0.1297315833770822,549,5,0.0003,11,0.002850258257240057,622358528,0.12965478529703423,8.123972293105908e-06,False,622727168
2026090823,0.1297315833770822,550,5,0.0003,11,-0.002850258257240057,622469120,0.12967782472104863,8.123972293105908e-06,False,622727168
2026090823,0.1297315833770822,551,5,0.0003,19,0.0038620908744633198,622325760,0.12964795880103,1.4915745850885287e-05,False,622727168
2026090823,0.1297315833770822,552,5,0.0003,19,-0.0038620908744633198,622473216,0.1296786780330492,1.4915745850885287e-05,False,622727168
2026090823,0.1297315833770822,553,5,0.0003,34,0.0023955623619258404,622358528,0.12965478529703423,5.738719210057752e-06,False,622727168
2026090823,0.1297315833770822,554,5,0.0003,34,-0.0023955623619258404,622452736,0.12967441147304648,5.738719210057752e-06,False,622727168
2026090823,0.1297315833770822,555,5,0.0003,48,0.0035365247167646885,622354432,0.12965393198503372,1.25070073409006e-05,False,622727168
2026090823,0.1297315833770822,556,5,0.0003,48,-0.0035365247167646885,622465024,0.12967697140904808,1.25070073409006e-05,False,622727168
2026090823,0.1297315833770822,557,5,0.0003,62,0.001546243904158473,622415872,0.1296667316650417,2.390870122326305e-06,False,622727168
2026090823,0.1297315833770822,558,5,0.0003,62,-0.001546243904158473,622489600,0.12968209128105132,2.390870122326305e-06,False,622727168
2026090823,0.1297315833770822,559,5,0.0003,51,0.0034842409659177065,622329856,0.1296488121130305,1.2139935279265046e-05,False,622727168
2026090823,0.1297315833770822,560,5,0.0003,51,-0.0034842409659177065,622465024,0.1296769714090481,1.2139935279265046e-05,False,622727168
2026090823,0.1297315833770822,561,5,0.0003,50,0.0015921398298814893,622399488,0.12966331841703957,2.5349092993565137e-06,False,622727168
2026090823,0.1297315833770822,562,5,0.0003,50,-0.0015921398298814893,622432256,0.12967014491304385,2.5349092993565137e-06,False,622727168
2026090823,0.1297315833770822,563,5,0.0003,61,0.002869297983124852,622313472,0.12964539886502838,8.23287064122269e-06,False,622727168
2026090823,0.1297315833770822,564,5,0.0003,61,-0.002869297983124852,622473216,0.12967867803304914,8.23287064122269e-06,False,622727168
2026090823,0.1297315833770822,565,5,0.0003,10,0.002801706548780203,622329856,0.1296488121130305,7.84955955168698e-06,False,622727168
2026090823,0.1297315833770822,566,5,0.0003,10,-0.002801706548780203,622473216,0.12967867803304914,7.84955955168698e-06,False,622727168
2026090823,0.1297315833770822,567,5,0.0003,32,0.0024828824680298567,622407680,0.12966502504104063,6.1647051552427e-06,False,622727168
2026090823,0.1297315833770822,568,5,0.0003,32,-0.0024828824680298567,622460928,0.12967611809704757,6.1647051552427e-06,False,622727168
2026090823,0.1297315833770822,569,5,0.0003,3,0.005342248361557722,622444544,0.12967270484904542,2.8539618142531253e-05,False,622727168
2026090823,0.1297315833770822,570,5,0.0003,3,-0.005342248361557722,622440448,0.12967185153704494,2.8539618142531253e-05,False,622727168
2026090823,0.1297315833770822,571,5,0.0003,0,0.0021612795535475016,622387200,0.12966075848103795,4.67112931801239e-06,False,622727168
2026090823,0.1297315833770822,572,5,0.0003,0,-0.0021612795535475016,622444544,0.12967270484904542,4.67112931801239e-06,False,622727168
2026090823,0.1297315833770822,573,5,0.0003,7,0.00594363734126091,622329856,0.1296488121130305,3.532682603690773e-05,False,622727168
2026090823,0.1297315833770822,574,5,0.0003,7,-0.00594363734126091,622374912,0.12965819854503638,3.532682603690773e-05,False,622727168
2026090823,0.1297315833770822,575,5,0.0003,24,0.004715572576969862,622379008,0.1296590518570369,2.223662522737868e-05,False,622727168
2026090823,0.1297315833770822,576,5,0.0003,24,-0.004715572576969862,622514176,0.1296872111530545,2.223662522737868e-05,False,622727168
2026090823,0.1297315833770822,577,5,0.0003,9,0.00261901062913239,622350336,0.1296530786730332,6.859216682642e-06,False,622727168
2026090823,0.1297315833770822,578,5,0.0003,9,-0.00261901062913239,622485504,0.1296812379690508,6.859216682642e-06,False,622727168
2026090823,0.1297315833770822,579,5,0.0003,57,0.0017084934515878558,622407680,0.12966502504104063,2.918949803643045e-06,False,622727168
2026090823,0.1297315833770822,580,5,0.0003,57,-0.0017084934515878558,622415872,0.1296667316650417,2.918949803643045e-06,False,622727168
2026090823,0.1297315833770822,581,5,0.0003,49,0.003494594246149063,622329856,0.1296488121130305,1.2212189176352695e-05,False,622727168
2026090823,0.1297315833770822,582,5,0.0003,49,-0.003494594246149063,622452736,0.1296744114730465,1.2212189176352695e-05,False,622727168
2026090823,0.1297315833770822,583,5,0.0003,38,0.0021252697333693504,622379008,0.12965905185703688,4.5167712414695416e-06,False,622727168
2026090823,0.1297315833770822,584,5,0.0003,38,-0.0021252697333693504,622526464,0.1296897710890561,4.5167712414695416e-06,False,622727168
2026090823,0.1297315833770822,585,5,0.0003,2,0.013858361169695854,622321664,0.12964710548902944,0.0001920541690196842,False,622727168
2026090823,0.1297315833770822,586,5,0.0003,2,-0.013858361169695854,622518272,0.12968806446505501,0.0001920541690196842,False,622727168
2026090823,0.1297315833770822,587,5,0.0003,41,0.001806669752113521,622358528,0.12965478529703425,3.2640555218677036e-06,False,622727168
2026090823,0.1297315833770822,588,5,0.0003,41,-0.001806669752113521,622424064,0.12966843828904276,3.2640555218677036e-06,False,622727168
2026090823,0.1297315833770822,589,5,0.0003,58,0.002556836698204279,622403584,0.1296641717290401,6.537413810292492e-06,False,622727168
2026090823,0.1297315833770822,590,5,0.0003,58,-0.002556836698204279,622477312,0.1296795313450497,6.537413810292492e-06,False,622727168
2026090823,0.1297315833770822,591,5,0.0003,44,0.0027030599303543568,622354432,0.1296539319850337,7.306533007067628e-06,False,622727168
2026090823,0.1297315833770822,592,5,0.0003,44,-0.0027030599303543568,622481408,0.12968038465705026,7.306533007067628e-06,False,622727168
2026090823,0.1297315833770822,593,5,0.0003,37,0.003070521866902709,622366720,0.1296564919210353,9.428104931430425e-06,False,622727168
2026090823,0.1297315833770822,594,5,0.0003,37,-0.003070521866902709,622452736,0.1296744114730465,9.428104931430425e-06,False,622727168
2026090823,0.1297315833770822,595,5,0.0003,53,0.00240141898393631,622428160,0.1296692916010433,5.766813046648167e-06,False,622727168
2026090823,0.1297315833770822,596,5,0.0003,53,-0.00240141898393631,622407680,0.12966502504104063,5.766813046648167e-06,False,622727168
2026090823,0.1297315833770822,597,5,0.0003,12,0.0016962484223768115,622338048,0.12965051873703157,2.8772587938874494e-06,False,622727168
2026090823,0.1297315833770822,598,5,0.0003,12,-0.0016962484223768115,622452736,0.1296744114730465,2.8772587938874494e-06,False,622727168
2026090823,0.1297315833770822,599,5,0.0003,27,0.005058193579316139,622370816,0.12965734523303582,2.5585322873666883e-05,False,622727168
2026090823,0.1297315833770822,600,5,0.0003,27,-0.005058193579316139,622530560,0.12969062440105664,2.5585322873666883e-05,False,622727168
2026090823,0.1297315833770822,601,5,0.0003,16,0.0024232312571257353,622395392,0.12966246510503904,5.872049769095611e-06,False,622727168
2026090823,0.1297315833770822,602,5,0.0003,16,-0.0024232312571257353,622424064,0.12966843828904276,5.872049769095611e-06,False,622727168
2026090823,0.1297315833770822,603,5,0.0003,56,0.0032368870452046394,622305280,0.1296436922410273,1.0477438081579749e-05,False,622727168
2026090823,0.1297315833770822,604,5,0.0003,56,-0.0032368870452046394,622432256,0.12967014491304385,1.0477438081579749e-05,False,622727168
2026090823,0.1297315833770822,605,5,0.0003,6,0.0018947519129142165,622379008,0.12965905185703688,3.5900848160963506e-06,False,622727168
2026090823,0.1297315833770822,606,5,0.0003,6,-0.0018947519129142165,622465024,0.12967697140904813,3.5900848160963506e-06,False,622727168
2026090823,0.1297315833770822,607,5,0.0003,63,0.002827875781804323,622370816,0.12965734523303585,7.996881322469562e-06,False,622727168
2026090823,0.1297315833770822,608,5,0.0003,63,-0.002827875781804323,622460928,0.12967611809704757,7.996881322469562e-06,False,622727168
2026090823,0.1297315833770822,609,5,0.0003,22,0.0016954905586317182,622444544,0.12967270484904544,2.8746883344865637e-06,False,622727168
2026090823,0.1297315833770822,610,5,0.0003,22,-0.0016954905586317182,622399488,0.12966331841703957,2.8746883344865637e-06,False,622727168
2026090823,0.1297315833770822,611,5,0.0003,21,0.0030445244628936052,622452736,0.12967441147304648,9.269128895539325e-06,False,622727168
2026090823,0.1297315833770822,612,5,0.0003,21,-0.0030445244628936052,622489600,0.12968209128105132,9.269128895539325e-06,False,622727168
2026090823,0.1297315833770822,613,5,0.0003,39,0.002875684527680278,622329856,0.1296488121130305,8.269561476481613e-06,False,622727168
2026090823,0.1297315833770822,614,5,0.0003,39,-0.002875684527680278,622469120,0.12967782472104863,8.269561476481613e-06,False,622727168
2026090823,0.1297315833770822,615,5,0.0003,43,0.002621380379423499,622374912,0.12965819854503638,6.871634923300007e-06,False,622727168
2026090823,0.1297315833770822,616,5,0.0003,43,-0.002621380379423499,622473216,0.12967867803304917,6.871634923300007e-06,False,622727168
2026090823,0.1297315833770822,617,5,0.0003,60,0.004130095709115267,622338048,0.12965051873703157,1.70576913660625e-05,False,622727168
2026090823,0.1297315833770822,618,5,0.0003,60,-0.004130095709115267,622469120,0.12967782472104863,1.70576913660625e-05,False,622727168
2026090823,0.1297315833770822,619,5,0.0003,31,0.0015878663398325443,622358528,0.12965478529703425,2.521319402148947e-06,False,622727168
2026090823,0.1297315833770822,620,5,0.0003,31,-0.0015878663398325443,622456832,0.129675264785047,2.521319402148947e-06,False,622727168
2026090823,0.1297315833770822,621,5,0.0003,54,0.0029433290474116802,622362624,0.12965563860903476,8.663186235935427e-06,False,622727168
2026090823,0.1297315833770822,622,5,0.0003,54,-0.0029433290474116802,622460928,0.12967611809704757,8.663186235935427e-06,False,622727168
2026090823,0.1297315833770822,623,5,0.0003,20,0.002148480387404561,622325760,0.12964795880103,4.615968009602511e-06,False,622727168
2026090823,0.1297315833770822,624,5,0.0003,20,-0.002148480387404561,622477312,0.1296795313450497,4.615968009602511e-06,False,622727168
2026090823,0.1297315833770822,625,5,0.0003,17,0.0036352891474962234,622338048,0.1296505187370316,1.3215327271609567e-05,False,622727168
2026090823,0.1297315833770822,626,5,0.0003,17,-0.0036352891474962234,622538752,0.1296923310250577,1.3215327271609567e-05,False,622727168
2026090823,0.1297315833770822,627,5,0.0003,8,0.003823299193754792,622383104,0.12965990516903744,1.4617617125622928e-05,False,622727168
2026090823,0.1297315833770822,628,5,0.0003,8,-0.003823299193754792,622489600,0.1296820912810513,1.4617617125622928e-05,False,622727168
2026090823,0.1297315833770822,629,5,0.0003,33,0.002617412945255637,622383104,0.12965990516903744,6.8508506956277415e-06,False,622727168
2026090823,0.1297315833770822,630,5,0.0003,33,-0.002617412945255637,622456832,0.129675264785047,6.8508506956277415e-06,False,622727168
2026090823,0.1297315833770822,631,5,0.0003,28,0.010038976557552814,622444544,0.12967270484904544,0.00010078104969579726,False,622727168
2026090823,0.1297315833770822,632,5,0.0003,28,-0.010038976557552814,622415872,0.12966673166504172,0.00010078104969579726,False,622727168
2026090823,0.1297315833770822,633,5,0.0003,36,0.001692053396254778,622370816,0.12965734523303582,2.8630447559407912e-06,False,622727168
2026090823,0.1297315833770822,634,5,0.0003,36,-0.001692053396254778,622424064,0.12966843828904276,2.8630447559407912e-06,False,622727168
2026090823,0.1297315833770822,635,5,0.0003,23,0.0021528590004891157,622391296,0.1296616117930385,4.634801825886825e-06,False,622727168
2026090823,0.1297315833770822,636,5,0.0003,23,-0.0021528590004891157,622419968,0.12966758497704226,4.634801825886825e-06,False,622727168
2026090823,0.1297315833770822,637,5,0.0003,13,0.009352851659059525,622280704,0.1296385723690241,8.747583342483267e-05,False,622727168
2026090823,0.1297315833770822,638,5,0.0003,13,-0.009352851659059525,622505984,0.12968550452905345,8.747583342483267e-05,False,622727168
2026090823,0.1297315833770822,639,5,0.0003,40,0.003210128750652075,622387200,0.12966075848103797,1.0304926945536863e-05,False,622727168
2026090823,0.1297315833770822,640,5,0.0003,40,-0.003210128750652075,622493696,0.12968294459305182,1.0304926945536863e-05,False,622727168
