"Kernel Name","void magma_sgemmEx_kernel<float, float, float, (bool)1, (bool)0, (int)6, (int)4, (int)6, (int)3, (int)4>(int, int, int, BatchedTensor, int, BatchedTensor, int, BatchedTensor, int, BatchedTensor, int, int, int, const T1 *, const T1 *, T1, T1, int, cublasLtEpilogue_t, int, const void *, long)",
"Address","Source","Warp Stall Sampling (All Samples)","Warp Stall Sampling (Not-issued Samples)","# Samples","Instructions Executed","Thread Instructions Executed","Predicated-On Thread Instructions Executed","Avg. Threads Executed","Avg. Predicated-On Threads Executed","Avg. Predicated-On Threads Unexecuted","Divergent Branches","Address Space","Access Operation","Access Size","L1 Tag Requests Global","L1 Conflicts Shared N-Way","L1 Wavefronts Shared Excessive","L1 Wavefronts Shared","L1 Wavefronts Shared Ideal","L2 Theoretical Sectors Global Excessive","L2 Theoretical Sectors Global","L2 Theoretical Sectors Global Ideal","L2 Theoretical Sectors Local","L2 Explicit Evict Policies","L2 Explicit Hit Policy Evict First","L2 Explicit Hit Policy Evict Last","L2 Explicit Hit Policy Evict Normal","L2 Explicit Hit Policy Evict Normal Demote","L2 Explicit Miss Policy Evict First","L2 Explicit Miss Policy Evict Normal","stall_barrier","stall_branch_resolving","stall_dispatch","stall_drain","stall_lg","stall_long_sb","stall_math","stall_membar","stall_mio","stall_misc","stall_no_inst","stall_not_selected","stall_selected","stall_short_sb","stall_sleep","stall_tex","stall_wait","stall_barrier (Not Issued)","stall_branch_resolving (Not Issued)","stall_dispatch (Not Issued)","stall_drain (Not Issued)","stall_lg (Not Issued)","stall_long_sb (Not Issued)","stall_math (Not Issued)","stall_membar (Not Issued)","stall_mio (Not Issued)","stall_misc (Not Issued)","stall_no_inst (Not Issued)","stall_not_selected (Not Issued)","stall_selected (Not Issued)","stall_short_sb (Not Issued)","stall_sleeping (Not Issued)","stall_tex (Not Issued)","stall_wait (Not Issued)"
"0x7b3fff768500","      LDC R1, c[0x0][0x37c]","17","1","17","10752","344064","344064","32","32","0","0","-","-","-","0","0","0","0","0","0","0","0","0","-","0","0","0","0","0","0","0","0","2","0","0","0","0","0","0","0","7","8","0","0","0","0","0","0","0","0","0","0","0","0","0","0","0","1","0","0","0","0","0","0"
"0x7b3fff768510","      LDCU.U8 UR10, c[0x0][0x390]","0","0","0","10752","344064","344064","32","32","0","0","-","-","-","0","0","0","0","0","0","0","0","0","-","0","0","0","0","0","0","0","0","0","0","0","0","0","0","0","0","0","0","0","0","0","0","0","0","0","0","0","0","0","0","0","0","0","0","0","0","0","0","0","0"
"0x7b3fff768520","      S2UR UR13, SR_CTAID.Z","4","1","4","10752","344064","344064","32","32","0","0","-","-","-","0","0","0","0","0","0","0","0","0","-","0","0","0","0","0","0","0","0","0","0","0","0","0","0","0","0","0","3","0","0","0","0","1","0","0","0","0","0","0","0","0","0","0","0","0","0","0","0","0","1"
"0x7b3fff768530","      LDCU.U8 UR15, c[0x0][0x3f0]","1","0","1","10752","344064","344064","32","32","0","0","-","-","-","0","0","0","0","0","0","0","0","0","-","0","0","0","0","0","0","0","0","1","0","0","0","0","0","0","0","0","0","0","0","0","0","0","0","0","0","0","0","0","0","0","0","0","0","0","0","0","0","0","0"
"0x7b3fff768540","      LDCU.U8 UR12, c[0x0][0x3b0]","0","0","0","10752","344064","344064","32","32","0","0","-","-","-","0","0","0","0","0","0","0","0","0","-","0","0","0","0","0","0","0","0","0","0","0","0","0","0","0","0","0","0","0","0","0","0","0","0","0","0","0","0","0","0","0","0","0","0","0","0","0","0","0","0"
"0x7b3fff768550","      LDCU.U8 UR14, c[0x0][0x3d0]","0","0","0","10752","344064","344064","32","32","0","0","-","-","-","0","0","0","0","0","0","0","0","0","-","0","0","0","0","0","0","0","0","0","0","0","0","0","0","0","0","0","0","0","0","0","0","0","0","0","0","0","0","0","0","0","0","0","0","0","0","0","0","0","0"
"0x7b3fff768560","      LDCU.64 UR4, c[0x0][0x3a0]","0","0","0","10752","344064","344064","32","32","0","0","-","-","-","0","0","0","0","0","0","0","0","0","-","0","0","0","0","0","0","0","0","0","0","0","0","0","0","0","0","0","0","0","0","0","0","0","0","0","0","0","0","0","0","0","0","0","0","0","0","0","0","0","0"
"0x7b3fff768570","      LDCU.64 UR8, c[0x0][0x3e0]","20","0","20","10752","344064","344064","32","32","0","0","-","-","-","0","0","0","0","0","0","0","0","0","-","0","0","0","0","0","0","0","0","4","0","0","0","0","0","0","0","0","16","0","0","0","0","0","0","0","0","0","0","0","0","0","0","0","0","0","0","0","0","0","0"
"0x7b3fff768580","      LDCU.64 UR24, c[0x0][0x358]","0","0","0","10752","344064","344064","32","32","0","0","-","-","-","0","0","0","0","0","0","0","0","0","-","0","0","0","0","0","0","0","0","0","0","0","0","0","0","0","0","0","0","0","0","0","0","0","0","0","0","0","0","0","0","0","0","0","0","0","0","0","0","0","0"
"0x7b3fff768590","      LDCU.64 UR6, c[0x0][0x3c0]","0","0","0","10752","344064","344064","32","32","0","0","-","-","-","0","0","0","0","0","0","0","0","0","-","0","0","0","0","0","0","0","0","0","0","0","0","0","0","0","0","0","0","0","0","0","0","0","0","0","0","0","0","0","0","0","0","0","0","0","0","0","0","0","0"
"0x7b3fff7685a0","      S2R R0, SR_TID.X","78","23","78","10752","344064","344064","32","32","0","0","-","-","-","0","0","0","0","0","0","0","0","0","-","0","0","0","0","0","0","0","0","13","0","0","0","0","0","27","0","0","38","0","0","0","0","0","0","0","0","0","0","0","0","0","23","0","0","0","0","0","0","0","0"
"0x7b3fff7685b0","      LDC R31, c[0x0][0x3c8]","0","0","0","10752","344064","344064","32","32","0","0","-","-","-","0","0","0","0","0","0","0","0","0","-","0","0","0","0","0","0","0","0","0","0","0","0","0","0","0","0","0","0","0","0","0","0","0","0","0","0","0","0","0","0","0","0","0","0","0","0","0","0","0","0"
"0x7b3fff7685c0","      UISETP.NE.AND UP1, UPT, UR10, URZ, UPT","0","0","0","10752","344064","344064","32","32","0","0","-","-","-","0","0","0","0","0","0","0","0","0","-","0","0","0","0","0","0","0","0","0","0","0","0","0","0","0","0","0","0","0","0","0","0","0","0","0","0","0","0","0","0","0","0","0","0","0","0","0","0","0","0"
"0x7b3fff7685d0","      LDCU.64 UR10, c[0x0][0x400]","0","0","0","10752","344064","344064","32","32","0","0","-","-","-","0","0","0","0","0","0","0","0","0","-","0","0","0","0","0","0","0","0","0","0","0","0","0","0","0","0","0","0","0","0","0","0","0","0","0","0","0","0","0","0","0","0","0","0","0","0","0","0","0","0"
"0x7b3fff7685e0","      UISETP.NE.AND UP4, UPT, UR15, URZ, UPT","1","0","1","10752","344064","344064","32","32","0","0","-","-","-","0","0","0","0","0","0","0","0","0","-","0","0","0","0","0","0","0","0","0","0","0","0","0","0","0","0","0","1","0","0","0","0","0","0","0","0","0","0","0","0","0","0","0","0","0","0","0","0","0","0"
"0x7b3fff7685f0","      UISETP.NE.AND UP2, UPT, UR12, URZ, UPT","0","0","0","10752","344064","344064","32","32","0","0","-","-","-","0","0","0","0","0","0","0","0","0","-","0","0","0","0","0","0","0","0","0","0","0","0","0","0","0","0","0","0","0","0","0","0","0","0","0","0","0","0","0","0","0","0","0","0","0","0","0","0","0","0"
"0x7b3fff768600","      UISETP.NE.AND UP3, UPT, UR14, URZ, UPT","0","0","0","10752","344064","344064","32","32","0","0","-","-","-","0","0","0","0","0","0","0","0","0","-","0","0","0","0","0","0","0","0","0","0","0","0","0","0","0","0","0","0","0","0","0","0","0","0","0","0","0","0","0","0","0","0","0","0","0","0","0","0","0","0"
"0x7b3fff768610","      PLOP3.LUT P0, PT, PT, PT, UP1, 0x80, 0x8","15","1","15","10752","344064","344064","32","32","0","0","-","-","-","0","0","0","0","0","0","0","0","0","-","0","0","0","0","0","0","0","0","3","0","0","0","2","0","0","0","0","10","0","0","0","0","0","0","0","0","0","0","0","0","0","0","0","0","1","0","0","0","0","0"
"0x7b3fff768620","      S2R R2, SR_TID.Y","74","17","74","10752","344064","344064","32","32","0","0","-","-","-","0","0","0","0","0","0","0","0","0","-","0","0","0","0","0","0","0","0","13","0","0","0","0","0","25","0","0","36","0","0","0","0","0","0","0","0","0","0","0","0","0","17","0","0","0","0","0","0","0","0"
"0x7b3fff768630","      LDCU UR22, c[0x0][0x388]","0","0","0","10752","344064","344064","32","32","0","0","-","-","-","0","0","0","0","0","0","0","0","0","-","0","0","0","0","0","0","0","0","0","0","0","0","0","0","0","0","0","0","0","0","0","0","0","0","0","0","0","0","0","0","0","0","0","0","0","0","0","0","0","0"
"0x7b3fff768640","      PLOP3.LUT P3, PT, PT, PT, UP4, 0x80, 0x8","0","0","0","10752","344064","344064","32","32","0","0","-","-","-","0","0","0","0","0","0","0","0","0","-","0","0","0","0","0","0","0","0","0","0","0","0","0","0","0","0","0","0","0","0","0","0","0","0","0","0","0","0","0","0","0","0","0","0","0","0","0","0","0","0"
"0x7b3fff768650","      LDC R27, c[0x0][0x3a8]","1","0","1","10752","344064","344064","32","32","0","0","-","-","-","0","0","0","0","0","0","0","0","0","-","0","0","0","0","0","0","0","0","0","0","0","0","0","0","0","0","0","0","1","0","0","0","0","0","0","0","0","0","0","0","0","0","0","0","0","0","0","0","0","0"
"0x7b3fff768660","      PLOP3.LUT P2, PT, PT, PT, UP3, 0x80, 0x8","1","0","1","10752","344064","344064","32","32","0","0","-","-","-","0","0","0","0","0","0","0","0","0","-","0","0","0","0","0","0","0","0","0","0","0","0","0","0","0","0","0","0","1","0","0","0","0","0","0","0","0","0","0","0","0","0","0","0","0","0","0","0","0","0"
"0x7b3fff768670","@UP1  UMOV UR12, UR13","0","0","0","10752","344064","0","32","0","32","0","-","-","-","0","0","0","0","0","0","0","0","0","-","0","0","0","0","0","0","0","0","0","0","0","0","0","0","0","0","0","0","0","0","0","0","0","0","0","0","0","0","0","0","0","0","0","0","0","0","0","0","0","0"
"0x7b3fff768680","      PLOP3.LUT P1, PT, PT, PT, UP2, 0x80, 0x8","0","0","0","10752","344064","344064","32","32","0","0","-","-","-","0","0","0","0","0","0","0","0","0","-","0","0","0","0","0","0","0","0","0","0","0","0","0","0","0","0","0","0","0","0","0","0","0","0","0","0","0","0","0","0","0","0","0","0","0","0","0","0","0","0"
"0x7b3fff768690","@UP1  UIMAD.WIDE.U32 UR14, UR12, 0x8, UR4","4","3","4","10752","344064","0","32","0","32","0","-","-","-","0","0","0","0","0","0","0","0","0","-","0","0","0","0","0","0","0","0","0","0","0","0","0","0","0","0","0","0","0","4","0","0","0","0","0","0","0","0","0","0","0","0","0","0","0","0","3","0","0","0"
"0x7b3fff7686a0","@!UP1 UMOV UR12, UR13","14","0","14","10752","344064","344064","32","32","0","0","-","-","-","0","0","0","0","0","0","0","0","0","-","0","0","0","0","0","0","0","0","3","0","0","0","0","0","0","0","0","11","0","0","0","0","0","0","0","0","0","0","0","0","0","0","0","0","0","0","0","0","0","0"
"0x7b3fff7686b0","@UP4  UIMAD.WIDE.U32 UR20, UR12, 0x8, UR10","1","0","1","10752","344064","0","32","0","32","0","-","-","-","0","0","0","0","0","0","0","0","0","-","0","0","0","0","0","0","0","0","0","0","0","0","0","0","0","0","0","1","0","0","0","0","0","0","0","0","0","0","0","0","0","0","0","0","0","0","0","0","0","0"
"0x7b3fff7686c0","@UP3  UIMAD.WIDE.U32 UR18, UR12, 0x8, UR8","0","0","0","10752","344064","0","32","0","32","0","-","-","-","0","0","0","0","0","0","0","0","0","-","0","0","0","0","0","0","0","0","0","0","0","0","0","0","0","0","0","0","0","0","0","0","0","0","0","0","0","0","0","0","0","0","0","0","0","0","0","0","0","0"
"0x7b3fff7686d0","@UP2  UIMAD.WIDE.U32 UR16, UR12, 0x8, UR6","0","0","0","10752","344064","0","32","0","32","0","-","-","-","0","0","0","0","0","0","0","0","0","-","0","0","0","0","0","0","0","0","0","0","0","0","0","0","0","0","0","0","0","0","0","0","0","0","0","0","0","0","0","0","0","0","0","0","0","0","0","0","0","0"
"0x7b3fff7686e0","      MOV.64 R4, UR14","0","0","0","10752","344064","344064","32","32","0","0","-","-","-","0","0","0","0","0","0","0","0","0","-","0","0","0","0","0","0","0","0","0","0","0","0","0","0","0","0","0","0","0","0","0","0","0","0","0","0","0","0","0","0","0","0","0","0","0","0","0","0","0","0"
"0x7b3fff7686f0","      MOV.64 R10, UR20","15","0","15","10752","344064","344064","32","32","0","0","-","-","-","0","0","0","0","0","0","0","0","0","-","0","0","0","0","0","0","0","0","4","0","0","0","5","0","0","0","0","6","0","0","0","0","0","0","0","0","0","0","0","0","0","0","0","0","0","0","0","0","0","0"
"0x7b3fff768700","      MOV.64 R8, UR18","1","0","1","10752","344064","344064","32","32","0","0","-","-","-","0","0","0","0","0","0","0","0","0","-","0","0","0","0","0","0","0","0","0","0","0","0","0","0","0","0","1","0","0","0","0","0","0","0","0","0","0","0","0","0","0","0","0","0","0","0","0","0","0","0"
"0x7b3fff768710","      MOV.64 R6, UR16","0","0","0","10752","344064","344064","32","32","0","0","-","-","-","0","0","0","0","0","0","0","0","0","-","0","0","0","0","0","0","0","0","0","0","0","0","0","0","0","0","0","0","0","0","0","0","0","0","0","0","0","0","0","0","0","0","0","0","0","0","0","0","0","0"
"0x7b3fff768720","@P0   LDG.E.64 R4, desc[UR24][R4.64]","35","7","35","10752","344064","0","32","0","32","0","","Load","64","0","0","0","0","0","0","0","0","0","","0","0","0","0","0","0","0","0","6","0","0","0","0","0","13","0","0","16","0","0","0","0","0","0","0","0","0","0","0","0","0","7","0","0","0","0","0","0","0","0"
"0x7b3fff768730","@!UP1 LDCU.64 UR14, c[0x0][0x398]","0","0","0","10752","344064","344064","32","32","0","0","-","-","-","0","0","0","0","0","0","0","0","0","-","0","0","0","0","0","0","0","0","0","0","0","0","0","0","0","0","0","0","0","0","0","0","0","0","0","0","0","0","0","0","0","0","0","0","0","0","0","0","0","0"
"0x7b3fff768740","@P3   LDG.E.64 R10, desc[UR24][R10.64]","30","3","30","10752","344064","0","32","0","32","0","","Load","64","0","0","0","0","0","0","0","0","0","","0","0","0","0","0","0","0","0","5","0","0","0","0","0","9","0","0","16","0","0","0","0","0","0","0","0","0","0","0","0","0","3","0","0","0","0","0","0","0","0"
"0x7b3fff768750","@!UP4 LDCU.64 UR20, c[0x0][0x3f8]","1","0","1","10752","344064","344064","32","32","0","0","-","-","-","0","0","0","0","0","0","0","0","0","-","0","0","0","0","0","0","0","0","0","0","0","0","0","0","0","0","0","0","1","0","0","0","0","0","0","0","0","0","0","0","0","0","0","0","0","0","0","0","0","0"
"0x7b3fff768760","@P2   LDG.E.64 R8, desc[UR24][R8.64]","23","2","23","10752","344064","0","32","0","32","0","","Load","64","0","0","0","0","0","0","0","0","0","","0","0","0","0","0","0","0","0","3","0","0","0","0","0","3","0","0","16","0","0","0","0","1","0","0","0","0","0","0","0","0","2","0","0","0","0","0","0","0","0"
"0x7b3fff768770","      LDCU UR23, c[0x0][0x360]","0","0","0","10752","344064","344064","32","32","0","0","-","-","-","0","0","0","0","0","0","0","0","0","-","0","0","0","0","0","0","0","0","0","0","0","0","0","0","0","0","0","0","0","0","0","0","0","0","0","0","0","0","0","0","0","0","0","0","0","0","0","0","0","0"
"0x7b3fff768780","@P1   LDG.E.64 R6, desc[UR24][R6.64]","10","1","10","10752","344064","0","32","0","32","0","","Load","64","0","0","0","0","0","0","0","0","0","","0","0","0","0","0","0","0","0","2","0","0","0","0","0","1","0","0","7","0","0","0","0","0","0","0","0","0","0","0","0","0","1","0","0","0","0","0","0","0","0"
"0x7b3fff768790","@!UP3 LDCU.64 UR18, c[0x0][0x3d8]","0","0","0","10752","344064","344064","32","32","0","0","-","-","-","0","0","0","0","0","0","0","0","0","-","0","0","0","0","0","0","0","0","0","0","0","0","0","0","0","0","0","0","0","0","0","0","0","0","0","0","0","0","0","0","0","0","0","0","0","0","0","0","0","0"
"0x7b3fff7687a0","      S2UR UR13, SR_CTAID.X","0","0","0","10752","344064","344064","32","32","0","0","-","-","-","0","0","0","0","0","0","0","0","0","-","0","0","0","0","0","0","0","0","0","0","0","0","0","0","0","0","0","0","0","0","0","0","0","0","0","0","0","0","0","0","0","0","0","0","0","0","0","0","0","0"
"0x7b3fff7687b0","@!UP2 LDCU.64 UR16, c[0x0][0x3b8]","0","0","0","10752","344064","344064","32","32","0","0","-","-","-","0","0","0","0","0","0","0","0","0","-","0","0","0","0","0","0","0","0","0","0","0","0","0","0","0","0","0","0","0","0","0","0","0","0","0","0","0","0","0","0","0","0","0","0","0","0","0","0","0","0"
"0x7b3fff7687c0","@!UP1 UIMAD.WIDE.U32 UR4, UR12, UR14, UR4","0","0","0","10752","344064","344064","32","32","0","0","-","-","-","0","0","0","0","0","0","0","0","0","-","0","0","0","0","0","0","0","0","0","0","0","0","0","0","0","0","0","0","0","0","0","0","0","0","0","0","0","0","0","0","0","0","0","0","0","0","0","0","0","0"
"0x7b3fff7687d0","      S2UR UR14, SR_CTAID.Y","8","0","8","10752","344064","344064","32","32","0","0","-","-","-","0","0","0","0","0","0","0","0","0","-","0","0","0","0","0","0","0","0","0","0","0","0","0","0","0","0","0","7","1","0","0","0","0","0","0","0","0","0","0","0","0","0","0","0","0","0","0","0","0","0"
"0x7b3fff7687e0","      UISETP.NE.AND UP0, UPT, UR22, URZ, UPT","0","0","0","10752","344064","344064","32","32","0","0","-","-","-","0","0","0","0","0","0","0","0","0","-","0","0","0","0","0","0","0","0","0","0","0","0","0","0","0","0","0","0","0","0","0","0","0","0","0","0","0","0","0","0","0","0","0","0","0","0","0","0","0","0"
"0x7b3fff7687f0","@!UP4 UIMAD.WIDE.U32 UR10, UR12, UR20, UR10","1","0","1","10752","344064","344064","32","32","0","0","-","-","-","0","0","0","0","0","0","0","0","0","-","0","0","0","0","0","0","0","0","0","0","0","0","0","0","0","0","0","0","1","0","0","0","0","0","0","0","0","0","0","0","0","0","0","0","0","0","0","0","0","0"
"0x7b3fff768800","      IMAD R18, R2, UR23, R0","3","0","3","10752","344064","344064","32","32","0","0","-","-","-","0","0","0","0","0","0","0","0","0","-","0","0","0","0","0","0","0","0","0","0","0","0","0","0","0","0","1","1","1","0","0","0","0","0","0","0","0","0","0","0","0","0","0","0","0","0","0","0","0","0"
"0x7b3fff768810","@!UP3 UIMAD.WIDE.U32 UR8, UR12, UR18, UR8","0","0","0","10752","344064","344064","32","32","0","0","-","-","-","0","0","0","0","0","0","0","0","0","-","0","0","0","0","0","0","0","0","0","0","0","0","0","0","0","0","0","0","0","0","0","0","0","0","0","0","0","0","0","0","0","0","0","0","0","0","0","0","0","0"
"0x7b3fff768820","      SHF.R.U32.HI R23, RZ, 0x4, R18","14","0","14","10752","344064","344064","32","32","0","0","-","-","-","0","0","0","0","0","0","0","0","0","-","0","0","0","0","0","0","0","0","2","0","0","0","1","0","0","0","0","9","0","0","0","0","2","0","0","0","0","0","0","0","0","0","0","0","0","0","0","0","0","0"
"0x7b3fff768830","      LOP3.LUT R18, R18, 0xf, RZ, 0xc0, !PT","1","0","1","10752","344064","344064","32","32","0","0","-","-","-","0","0","0","0","0","0","0","0","0","-","0","0","0","0","0","0","0","0","0","0","0","0","0","0","0","0","0","0","1","0","0","0","0","0","0","0","0","0","0","0","0","0","0","0","0","0","0","0","0","0"
"0x7b3fff768840","@!UP2 UIMAD.WIDE.U32 UR6, UR12, UR16, UR6","0","0","0","10752","344064","344064","32","32","0","0","-","-","-","0","0","0","0","0","0","0","0","0","-","0","0","0","0","0","0","0","0","0","0","0","0","0","0","0","0","0","0","0","0","0","0","0","0","0","0","0","0","0","0","0","0","0","0","0","0","0","0","0","0"
"0x7b3fff768850","      SHF.R.S32.HI R25, RZ, 0x1f, R31","0","0","0","10752","344064","344064","32","32","0","0","-","-","-","0","0","0","0","0","0","0","0","0","-","0","0","0","0","0","0","0","0","0","0","0","0","0","0","0","0","0","0","0","0","0","0","0","0","0","0","0","0","0","0","0","0","0","0","0","0","0","0","0","0"
"0x7b3fff768860","      HFMA2 R19, -RZ, RZ, 0, 0","0","0","0","10752","344064","344064","32","32","0","0","-","-","-","0","0","0","0","0","0","0","0","0","-","0","0","0","0","0","0","0","0","0","0","0","0","0","0","0","0","0","0","0","0","0","0","0","0","0","0","0","0","0","0","0","0","0","0","0","0","0","0","0","0"
"0x7b3fff768870","@!UP1 UIMAD UR15, UR12, UR15, URZ","0","0","0","10752","344064","344064","32","32","0","0","-","-","-","0","0","0","0","0","0","0","0","0","-","0","0","0","0","0","0","0","0","0","0","0","0","0","0","0","0","0","0","0","0","0","0","0","0","0","0","0","0","0","0","0","0","0","0","0","0","0","0","0","0"
"0x7b3fff768880","      BSSY.RECONVERGENT B0, 0x7b3fff769300","0","0","0","10752","344064","344064","32","32","0","0","-","-","-","0","0","0","0","0","0","0","0","0","-","0","0","0","0","0","0","0","0","0","0","0","0","0","0","0","0","0","0","0","0","0","0","0","0","0","0","0","0","0","0","0","0","0","0","0","0","0","0","0","0"
"0x7b3fff768890","      HFMA2 R35, -RZ, RZ, 0, 0","1","0","1","10752","344064","344064","32","32","0","0","-","-","-","0","0","0","0","0","0","0","0","0","-","0","0","0","0","0","0","0","0","0","0","0","0","0","0","0","0","0","0","1","0","0","0","0","0","0","0","0","0","0","0","0","0","0","0","0","0","0","0","0","0"
"0x7b3fff7688a0","      HFMA2 R45, -RZ, RZ, 0, 0","0","0","0","10752","344064","344064","32","32","0","0","-","-","-","0","0","0","0","0","0","0","0","0","-","0","0","0","0","0","0","0","0","0","0","0","0","0","0","0","0","0","0","0","0","0","0","0","0","0","0","0","0","0","0","0","0","0","0","0","0","0","0","0","0"
"0x7b3fff7688b0","      HFMA2 R43, -RZ, RZ, 0, 0","8","0","8","10752","344064","344064","32","32","0","0","-","-","-","0","0","0","0","0","0","0","0","0","-","0","0","0","0","0","0","0","0","0","0","0","0","6","0","0","0","0","2","0","0","0","0","0","0","0","0","0","0","0","0","0","0","0","0","0","0","0","0","0","0"
"0x7b3fff7688c0","      HFMA2 R29, -RZ, RZ, 0, 0","2","0","2","10752","344064","344064","32","32","0","0","-","-","-","0","0","0","0","0","0","0","0","0","-","0","0","0","0","0","0","0","0","0","0","0","0","1","0","0","0","0","0","1","0","0","0","0","0","0","0","0","0","0","0","0","0","0","0","0","0","0","0","0","0"
"0x7b3fff7688d0","      HFMA2 R14, -RZ, RZ, 0, 0","0","0","0","10752","344064","344064","32","32","0","0","-","-","-","0","0","0","0","0","0","0","0","0","-","0","0","0","0","0","0","0","0","0","0","0","0","0","0","0","0","0","0","0","0","0","0","0","0","0","0","0","0","0","0","0","0","0","0","0","0","0","0","0","0"
"0x7b3fff7688e0","      MOV R37, RZ","0","0","0","10752","344064","344064","32","32","0","0","-","-","-","0","0","0","0","0","0","0","0","0","-","0","0","0","0","0","0","0","0","0","0","0","0","0","0","0","0","0","0","0","0","0","0","0","0","0","0","0","0","0","0","0","0","0","0","0","0","0","0","0","0"
"0x7b3fff7688f0","      MOV R41, RZ","0","0","0","10752","344064","344064","32","32","0","0","-","-","-","0","0","0","0","0","0","0","0","0","-","0","0","0","0","0","0","0","0","0","0","0","0","0","0","0","0","0","0","0","0","0","0","0","0","0","0","0","0","0","0","0","0","0","0","0","0","0","0","0","0"
"0x7b3fff768900","      MOV R47, RZ","1","0","1","10752","344064","344064","32","32","0","0","-","-","-","0","0","0","0","0","0","0","0","0","-","0","0","0","0","0","0","0","0","0","0","0","0","0","0","0","0","0","0","1","0","0","0","0","0","0","0","0","0","0","0","0","0","0","0","0","0","0","0","0","0"
"0x7b3fff768910","      MOV R49, RZ","0","0","0","10752","344064","344064","32","32","0","0","-","-","-","0","0","0","0","0","0","0","0","0","-","0","0","0","0","0","0","0","0","0","0","0","0","0","0","0","0","0","0","0","0","0","0","0","0","0","0","0","0","0","0","0","0","0","0","0","0","0","0","0","0"
"0x7b3fff768920","      MOV R3, RZ","1","0","1","10752","344064","344064","32","32","0","0","-","-","-","0","0","0","0","0","0","0","0","0","-","0","0","0","0","0","0","0","0","0","0","0","0","0","0","0","0","0","0","1","0","0","0","0","0","0","0","0","0","0","0","0","0","0","0","0","0","0","0","0","0"
"0x7b3fff768930","@P3   R2UR UR29, R11","6","1","6","10752","344064","0","32","0","32","0","-","-","-","0","0","0","0","0","0","0","0","0","-","0","0","0","0","0","0","0","0","0","0","0","1","0","0","0","0","0","4","1","0","0","0","0","0","0","0","0","0","1","0","0","0","0","0","0","0","0","0","0","0"
"0x7b3fff768940","@P2   R2UR UR27, R9","7","0","7","10752","344064","0","32","0","32","0","-","-","-","0","0","0","0","0","0","0","0","0","-","0","0","0","0","0","0","0","0","2","0","0","1","0","0","0","0","0","3","1","0","0","0","0","0","0","0","0","0","0","0","0","0","0","0","0","0","0","0","0","0"
"0x7b3fff768950","@!UP4 UIMAD UR29, UR12, UR21, UR11","3","0","3","10752","344064","344064","32","32","0","0","-","-","-","0","0","0","0","0","0","0","0","0","-","0","0","0","0","0","0","0","0","1","0","0","0","0","0","0","0","0","2","0","0","0","0","0","0","0","0","0","0","0","0","0","0","0","0","0","0","0","0","0","0"
"0x7b3fff768960","      ULOP3.LUT UP5, UR11, UR22, 0xf, URZ, 0xc0, !UPT","0","0","0","10752","344064","344064","32","32","0","0","-","-","-","0","0","0","0","0","0","0","0","0","-","0","0","0","0","0","0","0","0","0","0","0","0","0","0","0","0","0","0","0","0","0","0","0","0","0","0","0","0","0","0","0","0","0","0","0","0","0","0","0","0"
"0x7b3fff768970","@P1   R2UR UR31, R7","0","0","0","10752","344064","0","32","0","32","0","-","-","-","0","0","0","0","0","0","0","0","0","-","0","0","0","0","0","0","0","0","0","0","0","0","0","0","0","0","0","0","0","0","0","0","0","0","0","0","0","0","0","0","0","0","0","0","0","0","0","0","0","0"
"0x7b3fff768980","@UP0  USEL UR11, UR11, 0x10, UP5","2","0","2","10752","344064","344064","32","32","0","0","-","-","-","0","0","0","0","0","0","0","0","0","-","0","0","0","0","0","0","0","0","0","0","0","0","0","0","0","0","0","2","0","0","0","0","0","0","0","0","0","0","0","0","0","0","0","0","0","0","0","0","0","0"
"0x7b3fff768990","@!UP3 UIMAD UR27, UR12, UR19, UR9","1","0","1","10752","344064","344064","32","32","0","0","-","-","-","0","0","0","0","0","0","0","0","0","-","0","0","0","0","0","0","0","0","0","0","0","0","0","0","0","0","0","0","1","0","0","0","0","0","0","0","0","0","0","0","0","0","0","0","0","0","0","0","0","0"
"0x7b3fff7689a0","@P0   R2UR UR32, R4","0","0","0","10752","344064","0","32","0","32","0","-","-","-","0","0","0","0","0","0","0","0","0","-","0","0","0","0","0","0","0","0","0","0","0","0","0","0","0","0","0","0","0","0","0","0","0","0","0","0","0","0","0","0","0","0","0","0","0","0","0","0","0","0"
"0x7b3fff7689b0","      USHF.L.U32 UR9, UR14, 0x6, URZ","0","0","0","10752","344064","344064","32","32","0","0","-","-","-","0","0","0","0","0","0","0","0","0","-","0","0","0","0","0","0","0","0","0","0","0","0","0","0","0","0","0","0","0","0","0","0","0","0","0","0","0","0","0","0","0","0","0","0","0","0","0","0","0","0"
"0x7b3fff7689c0","@P0   R2UR UR33, R5","0","0","0","10752","344064","0","32","0","32","0","-","-","-","0","0","0","0","0","0","0","0","0","-","0","0","0","0","0","0","0","0","0","0","0","0","0","0","0","0","0","0","0","0","0","0","0","0","0","0","0","0","0","0","0","0","0","0","0","0","0","0","0","0"
"0x7b3fff7689d0","      ISETP.GE.U32.AND P0, PT, R18, UR11, PT","2","0","2","10752","344064","344064","32","32","0","0","-","-","-","0","0","0","0","0","0","0","0","0","-","0","0","0","0","0","0","0","0","0","0","0","0","0","0","0","0","0","1","1","0","0","0","0","0","0","0","0","0","0","0","0","0","0","0","0","0","0","0","0","0"
"0x7b3fff7689e0","@P1   R2UR UR30, R6","1","0","1","10752","344064","0","32","0","32","0","-","-","-","0","0","0","0","0","0","0","0","0","-","0","0","0","0","0","0","0","0","0","0","0","0","0","0","0","0","0","0","1","0","0","0","0","0","0","0","0","0","0","0","0","0","0","0","0","0","0","0","0","0"
"0x7b3fff7689f0","@P2   R2UR UR26, R8","0","0","0","10752","344064","0","32","0","32","0","-","-","-","0","0","0","0","0","0","0","0","0","-","0","0","0","0","0","0","0","0","0","0","0","0","0","0","0","0","0","0","0","0","0","0","0","0","0","0","0","0","0","0","0","0","0","0","0","0","0","0","0","0"
"0x7b3fff768a00","@P3   R2UR UR28, R10","1","0","1","10752","344064","0","32","0","32","0","-","-","-","0","0","0","0","0","0","0","0","0","-","0","0","0","0","0","0","0","0","0","0","0","0","0","0","0","0","0","1","0","0","0","0","0","0","0","0","0","0","0","0","0","0","0","0","0","0","0","0","0","0"
"0x7b3fff768a10","@!UP2 UIMAD UR31, UR12, UR17, UR7","0","0","0","10752","344064","344064","32","32","0","0","-","-","-","0","0","0","0","0","0","0","0","0","-","0","0","0","0","0","0","0","0","0","0","0","0","0","0","0","0","0","0","0","0","0","0","0","0","0","0","0","0","0","0","0","0","0","0","0","0","0","0","0","0"
"0x7b3fff768a20","      USHF.L.U32 UR7, UR13, 0x6, URZ","1","0","1","10752","344064","344064","32","32","0","0","-","-","-","0","0","0","0","0","0","0","0","0","-","0","0","0","0","0","0","0","0","0","0","0","0","0","0","0","0","0","0","1","0","0","0","0","0","0","0","0","0","0","0","0","0","0","0","0","0","0","0","0","0"
"0x7b3fff768a30","      IADD3 R15, PT, PT, R23, UR9, RZ","0","0","0","10752","344064","344064","32","32","0","0","-","-","-","0","0","0","0","0","0","0","0","0","-","0","0","0","0","0","0","0","0","0","0","0","0","0","0","0","0","0","0","0","0","0","0","0","0","0","0","0","0","0","0","0","0","0","0","0","0","0","0","0","0"
"0x7b3fff768a40","@!UP1 UIADD3 UR33, UPT, UPT, UR5, UR15, URZ","1","0","1","10752","344064","344064","32","32","0","0","-","-","-","0","0","0","0","0","0","0","0","0","-","0","0","0","0","0","0","0","0","1","0","0","0","0","0","0","0","0","0","0","0","0","0","0","0","0","0","0","0","0","0","0","0","0","0","0","0","0","0","0","0"
"0x7b3fff768a50","@!UP1 UMOV UR32, UR4","1","0","1","10752","344064","344064","32","32","0","0","-","-","-","0","0","0","0","0","0","0","0","0","-","0","0","0","0","0","0","0","0","0","0","0","0","0","0","0","0","0","0","1","0","0","0","0","0","0","0","0","0","0","0","0","0","0","0","0","0","0","0","0","0"
"0x7b3fff768a60","      IADD3 R36, PT, PT, R23, UR7, RZ","8","0","8","10752","344064","344064","32","32","0","0","-","-","-","0","0","0","0","0","0","0","0","0","-","0","0","0","0","0","0","0","0","0","0","0","0","2","0","0","0","0","5","0","0","0","0","1","0","0","0","0","0","0","0","0","0","0","0","0","0","0","0","0","0"
"0x7b3fff768a70","      IMAD R55, R25, R15, RZ","0","0","0","10752","344064","344064","32","32","0","0","-","-","-","0","0","0","0","0","0","0","0","0","-","0","0","0","0","0","0","0","0","0","0","0","0","0","0","0","0","0","0","0","0","0","0","0","0","0","0","0","0","0","0","0","0","0","0","0","0","0","0","0","0"
"0x7b3fff768a80","      IMAD.WIDE.U32 R12, R15, R31, R18","1","0","1","10752","344064","344064","32","32","0","0","-","-","-","0","0","0","0","0","0","0","0","0","-","0","0","0","0","0","0","0","0","0","0","0","0","1","0","0","0","0","0","0","0","0","0","0","0","0","0","0","0","0","0","0","0","0","0","0","0","0","0","0","0"
"0x7b3fff768a90","@!UP2 UMOV UR30, UR6","1","0","1","10752","344064","344064","32","32","0","0","-","-","-","0","0","0","0","0","0","0","0","0","-","0","0","0","0","0","0","0","0","0","0","0","0","0","0","0","0","0","0","1","0","0","0","0","0","0","0","0","0","0","0","0","0","0","0","0","0","0","0","0","0"
"0x7b3fff768aa0","@!UP3 UMOV UR26, UR8","0","0","0","10752","344064","344064","32","32","0","0","-","-","-","0","0","0","0","0","0","0","0","0","-","0","0","0","0","0","0","0","0","0","0","0","0","0","0","0","0","0","0","0","0","0","0","0","0","0","0","0","0","0","0","0","0","0","0","0","0","0","0","0","0"
"0x7b3fff768ab0","@!UP4 UMOV UR28, UR10","1","0","1","10752","344064","344064","32","32","0","0","-","-","-","0","0","0","0","0","0","0","0","0","-","0","0","0","0","0","0","0","0","0","0","0","0","0","0","0","0","0","0","1","0","0","0","0","0","0","0","0","0","0","0","0","0","0","0","0","0","0","0","0","0"
"0x7b3fff768ac0","      CS2R R4, SRZ","0","0","0","10752","344064","344064","32","32","0","0","-","-","-","0","0","0","0","0","0","0","0","0","-","0","0","0","0","0","0","0","0","0","0","0","0","0","0","0","0","0","0","0","0","0","0","0","0","0","0","0","0","0","0","0","0","0","0","0","0","0","0","0","0"
"0x7b3fff768ad0","      CS2R R6, SRZ","2","0","2","10752","344064","344064","32","32","0","0","-","-","-","0","0","0","0","0","0","0","0","0","-","0","0","0","0","0","0","0","0","2","0","0","0","0","0","0","0","0","0","0","0","0","0","0","0","0","0","0","0","0","0","0","0","0","0","0","0","0","0","0","0"
"0x7b3fff768ae0","      CS2R R8, SRZ","0","0","0","10752","344064","344064","32","32","0","0","-","-","-","0","0","0","0","0","0","0","0","0","-","0","0","0","0","0","0","0","0","0","0","0","0","0","0","0","0","0","0","0","0","0","0","0","0","0","0","0","0","0","0","0","0","0","0","0","0","0","0","0","0"
"0x7b3fff768af0","      IMAD.WIDE R64, R36, R27, R18","2","0","2","10752","344064","344064","32","32","0","0","-","-","-","0","0","0","0","0","0","0","0","0","-","0","0","0","0","0","0","0","0","0","0","0","0","0","0","0","0","0","2","0","0","0","0","0","0","0","0","0","0","0","0","0","0","0","0","0","0","0","0","0","0"
"0x7b3fff768b00","      IADD3 R55, PT, PT, R13, R55, RZ","0","0","0","10752","344064","344064","32","32","0","0","-","-","-","0","0","0","0","0","0","0","0","0","-","0","0","0","0","0","0","0","0","0","0","0","0","0","0","0","0","0","0","0","0","0","0","0","0","0","0","0","0","0","0","0","0","0","0","0","0","0","0","0","0"
"0x7b3fff768b10","@P0   BRA 0x7b3fff7692f0","0","0","0","10752","344064","0","32","0","32","0","-","-","-","0","0","0","0","0","0","0","0","0","-","0","0","0","0","0","0","0","0","0","0","0","0","0","0","0","0","0","0","0","0","0","0","0","0","0","0","0","0","0","0","0","0","0","0","0","0","0","0","0","0"
"0x7b3fff768b20","      LDCU UR5, c[0x0][0x384]","6","2","6","10752","344064","344064","32","32","0","0","-","-","-","0","0","0","0","0","0","0","0","0","-","0","0","0","0","0","0","0","0","2","0","0","0","0","0","0","0","0","1","0","0","0","0","3","0","0","0","0","0","0","0","0","0","0","0","0","0","0","0","0","2"
"0x7b3fff768b30","      IADD3 R3, PT, PT, R15, 0x18, RZ","0","0","0","10752","344064","344064","32","32","0","0","-","-","-","0","0","0","0","0","0","0","0","0","-","0","0","0","0","0","0","0","0","0","0","0","0","0","0","0","0","0","0","0","0","0","0","0","0","0","0","0","0","0","0","0","0","0","0","0","0","0","0","0","0"
"0x7b3fff768b40","      IADD3 R4, PT, PT, R15, 0x30, RZ","0","0","0","10752","344064","344064","32","32","0","0","-","-","-","0","0","0","0","0","0","0","0","0","-","0","0","0","0","0","0","0","0","0","0","0","0","0","0","0","0","0","0","0","0","0","0","0","0","0","0","0","0","0","0","0","0","0","0","0","0","0","0","0","0"
"0x7b3fff768b50","      IADD3 R8, PT, PT, R15, 0x10, RZ","0","0","0","10752","344064","344064","32","32","0","0","-","-","-","0","0","0","0","0","0","0","0","0","-","0","0","0","0","0","0","0","0","0","0","0","0","0","0","0","0","0","0","0","0","0","0","0","0","0","0","0","0","0","0","0","0","0","0","0","0","0","0","0","0"
"0x7b3fff768b60","      LDCU UR4, c[0x0][0x380]","0","0","0","10752","344064","344064","32","32","0","0","-","-","-","0","0","0","0","0","0","0","0","0","-","0","0","0","0","0","0","0","0","0","0","0","0","0","0","0","0","0","0","0","0","0","0","0","0","0","0","0","0","0","0","0","0","0","0","0","0","0","0","0","0"
"0x7b3fff768b70","      ISETP.GE.AND P3, PT, R3, UR5, PT","0","0","0","10752","344064","344064","32","32","0","0","-","-","-","0","0","0","0","0","0","0","0","0","-","0","0","0","0","0","0","0","0","0","0","0","0","0","0","0","0","0","0","0","0","0","0","0","0","0","0","0","0","0","0","0","0","0","0","0","0","0","0","0","0"
"0x7b3fff768b80","      IADD3 R3, PT, PT, R15, 0x28, RZ","1","0","1","10752","344064","344064","32","32","0","0","-","-","-","0","0","0","0","0","0","0","0","0","-","0","0","0","0","0","0","0","0","0","0","0","0","0","0","0","0","0","0","1","0","0","0","0","0","0","0","0","0","0","0","0","0","0","0","0","0","0","0","0","0"
"0x7b3fff768b90","      ISETP.GE.AND P1, PT, R4, UR5, PT","1","0","1","10752","344064","344064","32","32","0","0","-","-","-","0","0","0","0","0","0","0","0","0","-","0","0","0","0","0","0","0","0","0","0","0","0","0","0","0","0","0","0","1","0","0","0","0","0","0","0","0","0","0","0","0","0","0","0","0","0","0","0","0","0"
"0x7b3fff768ba0","      ISETP.GE.AND P0, PT, R8, UR5, PT","2","0","2","10752","344064","344064","32","32","0","0","-","-","-","0","0","0","0","0","0","0","0","0","-","0","0","0","0","0","0","0","0","0","0","0","0","0","0","0","0","0","0","2","0","0","0","0","0","0","0","0","0","0","0","0","0","0","0","0","0","0","0","0","0"
"0x7b3fff768bb0","      ISETP.GE.AND P2, PT, R3, UR5, PT","7","1","7","10752","344064","344064","32","32","0","0","-","-","-","0","0","0","0","0","0","0","0","0","-","0","0","0","0","0","0","0","0","0","0","0","0","0","0","0","0","0","6","0","0","0","0","1","0","0","0","0","0","0","0","0","0","0","0","0","0","0","0","0","1"
"0x7b3fff768bc0","      IADD3 R3, PT, PT, R15, 0x8, RZ","1","0","1","10752","344064","344064","32","32","0","0","-","-","-","0","0","0","0","0","0","0","0","0","-","0","0","0","0","0","0","0","0","0","0","0","0","0","0","0","0","0","0","1","0","0","0","0","0","0","0","0","0","0","0","0","0","0","0","0","0","0","0","0","0"
"0x7b3fff768bd0","      ISETP.GE.AND P4, PT, R3, UR5, PT","6","0","6","10752","344064","344064","32","32","0","0","-","-","-","0","0","0","0","0","0","0","0","0","-","0","0","0","0","0","0","0","0","1","0","0","0","0","0","0","0","0","4","0","0","0","0","1","0","0","0","0","0","0","0","0","0","0","0","0","0","0","0","0","0"
"0x7b3fff768be0","@!P3  MOV R54, R12","0","0","0","10752","344064","344064","32","32","0","0","-","-","-","0","0","0","0","0","0","0","0","0","-","0","0","0","0","0","0","0","0","0","0","0","0","0","0","0","0","0","0","0","0","0","0","0","0","0","0","0","0","0","0","0","0","0","0","0","0","0","0","0","0"
"0x7b3fff768bf0","@!P3  IMAD R3, R25, 0x18, RZ","0","0","0","10752","344064","344064","32","32","0","0","-","-","-","0","0","0","0","0","0","0","0","0","-","0","0","0","0","0","0","0","0","0","0","0","0","0","0","0","0","0","0","0","0","0","0","0","0","0","0","0","0","0","0","0","0","0","0","0","0","0","0","0","0"
"0x7b3fff768c00","@!P1  IMAD R17, R25, 0x30, RZ","3","0","3","10752","344064","344064","32","32","0","0","-","-","-","0","0","0","0","0","0","0","0","0","-","0","0","0","0","0","0","0","0","0","0","0","0","0","0","0","0","0","2","1","0","0","0","0","0","0","0","0","0","0","0","0","0","0","0","0","0","0","0","0","0"
"0x7b3fff768c10","@!P3  IMAD.WIDE.U32 R4, R31, 0x18, R54","0","0","0","10752","344064","344064","32","32","0","0","-","-","-","0","0","0","0","0","0","0","0","0","-","0","0","0","0","0","0","0","0","0","0","0","0","0","0","0","0","0","0","0","0","0","0","0","0","0","0","0","0","0","0","0","0","0","0","0","0","0","0","0","0"
"0x7b3fff768c20","@!P2  MOV R6, R12","0","0","0","10752","344064","344064","32","32","0","0","-","-","-","0","0","0","0","0","0","0","0","0","-","0","0","0","0","0","0","0","0","0","0","0","0","0","0","0","0","0","0","0","0","0","0","0","0","0","0","0","0","0","0","0","0","0","0","0","0","0","0","0","0"
"0x7b3fff768c30","@!P2  MOV R7, R55","0","0","0","10752","344064","344064","32","32","0","0","-","-","-","0","0","0","0","0","0","0","0","0","-","0","0","0","0","0","0","0","0","0","0","0","0","0","0","0","0","0","0","0","0","0","0","0","0","0","0","0","0","0","0","0","0","0","0","0","0","0","0","0","0"
"0x7b3fff768c40","@!P2  IMAD R9, R25, 0x28, RZ","3","0","3","10752","344064","344064","32","32","0","0","-","-","-","0","0","0","0","0","0","0","0","0","-","0","0","0","0","0","0","0","0","0","0","0","0","0","0","0","0","0","2","1","0","0","0","0","0","0","0","0","0","0","0","0","0","0","0","0","0","0","0","0","0"
"0x7b3fff768c50","@!P3  IADD3 R3, PT, PT, R5, R3, RZ","0","0","0","10752","344064","344064","32","32","0","0","-","-","-","0","0","0","0","0","0","0","0","0","-","0","0","0","0","0","0","0","0","0","0","0","0","0","0","0","0","0","0","0","0","0","0","0","0","0","0","0","0","0","0","0","0","0","0","0","0","0","0","0","0"
"0x7b3fff768c60","@!P3  LEA R20, P5, R4, UR30, 0x2","17","0","17","10752","344064","344064","32","32","0","0","-","-","-","0","0","0","0","0","0","0","0","0","-","0","0","0","0","0","0","0","0","1","0","0","0","2","0","0","0","0","14","0","0","0","0","0","0","0","0","0","0","0","0","0","0","0","0","0","0","0","0","0","0"
"0x7b3fff768c70","@!P2  IMAD.WIDE.U32 R6, R31, 0x28, R6","0","0","0","10752","344064","344064","32","32","0","0","-","-","-","0","0","0","0","0","0","0","0","0","-","0","0","0","0","0","0","0","0","0","0","0","0","0","0","0","0","0","0","0","0","0","0","0","0","0","0","0","0","0","0","0","0","0","0","0","0","0","0","0","0"
"0x7b3fff768c80","@!P1  MOV R5, R55","0","0","0","10752","344064","344064","32","32","0","0","-","-","-","0","0","0","0","0","0","0","0","0","-","0","0","0","0","0","0","0","0","0","0","0","0","0","0","0","0","0","0","0","0","0","0","0","0","0","0","0","0","0","0","0","0","0","0","0","0","0","0","0","0"
"0x7b3fff768c90","@!P3  LEA.HI.X R21, R4, UR31, R3, 0x2, P5","2","0","2","10752","344064","344064","32","32","0","0","-","-","-","0","0","0","0","0","0","0","0","0","-","0","0","0","0","0","0","0","0","1","0","0","0","0","0","0","0","0","1","0","0","0","0","0","0","0","0","0","0","0","0","0","0","0","0","0","0","0","0","0","0"
"0x7b3fff768ca0","@!P1  MOV R4, R12","1","0","1","10752","344064","344064","32","32","0","0","-","-","-","0","0","0","0","0","0","0","0","0","-","0","0","0","0","0","0","0","0","0","0","0","0","0","0","0","0","0","0","1","0","0","0","0","0","0","0","0","0","0","0","0","0","0","0","0","0","0","0","0","0"
"0x7b3fff768cb0","@!P2  IADD3 R3, PT, PT, R7, R9, RZ","1","0","1","10752","344064","344064","32","32","0","0","-","-","-","0","0","0","0","0","0","0","0","0","-","0","0","0","0","0","0","0","0","1","0","0","0","0","0","0","0","0","0","0","0","0","0","0","0","0","0","0","0","0","0","0","0","0","0","0","0","0","0","0","0"
"0x7b3fff768cc0","@!P2  LEA R10, P6, R6, UR30, 0x2","1","0","1","10752","344064","344064","32","32","0","0","-","-","-","0","0","0","0","0","0","0","0","0","-","0","0","0","0","0","0","0","0","0","0","0","0","0","0","0","0","0","1","0","0","0","0","0","0","0","0","0","0","0","0","0","0","0","0","0","0","0","0","0","0"
"0x7b3fff768cd0","@!P4  LEA R8, P5, R31, R12, 0x3","0","0","0","10752","344064","344064","32","32","0","0","-","-","-","0","0","0","0","0","0","0","0","0","-","0","0","0","0","0","0","0","0","0","0","0","0","0","0","0","0","0","0","0","0","0","0","0","0","0","0","0","0","0","0","0","0","0","0","0","0","0","0","0","0"
"0x7b3fff768ce0","@!P1  IMAD.WIDE.U32 R4, R31, 0x30, R4","0","0","0","10752","344064","344064","32","32","0","0","-","-","-","0","0","0","0","0","0","0","0","0","-","0","0","0","0","0","0","0","0","0","0","0","0","0","0","0","0","0","0","0","0","0","0","0","0","0","0","0","0","0","0","0","0","0","0","0","0","0","0","0","0"
"0x7b3fff768cf0","@!P2  LEA.HI.X R11, R6, UR31, R3, 0x2, P6","1","0","1","10752","344064","344064","32","32","0","0","-","-","-","0","0","0","0","0","0","0","0","0","-","0","0","0","0","0","0","0","0","0","0","0","0","0","0","0","0","0","0","1","0","0","0","0","0","0","0","0","0","0","0","0","0","0","0","0","0","0","0","0","0"
"0x7b3fff768d00","@!P4  LEA.HI.X R7, R31, R55, R25, 0x3, P5","7","0","7","10752","344064","344064","32","32","0","0","-","-","-","0","0","0","0","0","0","0","0","0","-","0","0","0","0","0","0","0","0","2","0","0","0","1","0","0","0","0","4","0","0","0","0","0","0","0","0","0","0","0","0","0","0","0","0","0","0","0","0","0","0"
"0x7b3fff768d10","@!P1  IADD3 R3, PT, PT, R5, R17, RZ","1","0","1","10752","344064","344064","32","32","0","0","-","-","-","0","0","0","0","0","0","0","0","0","-","0","0","0","0","0","0","0","0","0","0","0","0","0","0","0","0","0","1","0","0","0","0","0","0","0","0","0","0","0","0","0","0","0","0","0","0","0","0","0","0"
"0x7b3fff768d20","@!P1  LEA R16, P6, R4, UR30, 0x2","1","0","1","10752","344064","344064","32","32","0","0","-","-","-","0","0","0","0","0","0","0","0","0","-","0","0","0","0","0","0","0","0","0","0","0","0","1","0","0","0","0","0","0","0","0","0","0","0","0","0","0","0","0","0","0","0","0","0","0","0","0","0","0","0"
"0x7b3fff768d30","      IADD3 R5, PT, PT, R15, 0x20, RZ","0","0","0","10752","344064","344064","32","32","0","0","-","-","-","0","0","0","0","0","0","0","0","0","-","0","0","0","0","0","0","0","0","0","0","0","0","0","0","0","0","0","0","0","0","0","0","0","0","0","0","0","0","0","0","0","0","0","0","0","0","0","0","0","0"
"0x7b3fff768d40","@!P4  LEA R28, P5, R8, UR30, 0x2","3","0","3","10752","344064","344064","32","32","0","0","-","-","-","0","0","0","0","0","0","0","0","0","-","0","0","0","0","0","0","0","0","0","0","0","0","1","0","0","0","0","2","0","0","0","0","0","0","0","0","0","0","0","0","0","0","0","0","0","0","0","0","0","0"
"0x7b3fff768d50","@!P1  LEA.HI.X R17, R4, UR31, R3, 0x2, P6","1","0","1","10752","344064","344064","32","32","0","0","-","-","-","0","0","0","0","0","0","0","0","0","-","0","0","0","0","0","0","0","0","1","0","0","0","0","0","0","0","0","0","0","0","0","0","0","0","0","0","0","0","0","0","0","0","0","0","0","0","0","0","0","0"
"0x7b3fff768d60","@!P4  LEA.HI.X R29, R8, UR31, R7, 0x2, P5","4","1","4","10752","344064","344064","32","32","0","0","-","-","-","0","0","0","0","0","0","0","0","0","-","0","0","0","0","0","0","0","0","2","0","0","0","0","0","0","0","0","0","1","0","0","0","1","0","0","0","0","0","0","0","0","0","0","0","0","0","0","0","0","1"
"0x7b3fff768d70","      CS2R R8, SRZ","0","0","0","10752","344064","344064","32","32","0","0","-","-","-","0","0","0","0","0","0","0","0","0","-","0","0","0","0","0","0","0","0","0","0","0","0","0","0","0","0","0","0","0","0","0","0","0","0","0","0","0","0","0","0","0","0","0","0","0","0","0","0","0","0"
"0x7b3fff768d80","      ISETP.GE.AND P6, PT, R5, UR5, PT","0","0","0","10752","344064","344064","32","32","0","0","-","-","-","0","0","0","0","0","0","0","0","0","-","0","0","0","0","0","0","0","0","0","0","0","0","0","0","0","0","0","0","0","0","0","0","0","0","0","0","0","0","0","0","0","0","0","0","0","0","0","0","0","0"
"0x7b3fff768d90","@!P0  LEA R3, P5, R31, R12, 0x4","1","0","1","10752","344064","344064","32","32","0","0","-","-","-","0","0","0","0","0","0","0","0","0","-","0","0","0","0","0","0","0","0","0","0","0","0","0","0","0","0","0","1","0","0","0","0","0","0","0","0","0","0","0","0","0","0","0","0","0","0","0","0","0","0"
"0x7b3fff768da0","      CS2R R6, SRZ","0","0","0","10752","344064","344064","32","32","0","0","-","-","-","0","0","0","0","0","0","0","0","0","-","0","0","0","0","0","0","0","0","0","0","0","0","0","0","0","0","0","0","0","0","0","0","0","0","0","0","0","0","0","0","0","0","0","0","0","0","0","0","0","0"
"0x7b3fff768db0","@!P0  LEA.HI.X R4, R31, R55, R25, 0x4, P5","2","0","2","10752","344064","344064","32","32","0","0","-","-","-","0","0","0","0","0","0","0","0","0","-","0","0","0","0","0","0","0","0","1","0","0","0","0","0","0","0","0","1","0","0","0","0","0","0","0","0","0","0","0","0","0","0","0","0","0","0","0","0","0","0"
"0x7b3fff768dc0","@!P4  LDG.E.CONSTANT R8, desc[UR24][R28.64]","104","24","104","10752","344064","344064","32","32","0","0","Global","Load","32","21504","0","0","0","0","0","43008","43008","0","","0","0","0","0","0","0","0","0","17","0","0","0","0","0","34","0","0","53","0","0","0","0","0","0","0","0","0","0","0","0","0","24","0","0","0","0","0","0","0","0"
"0x7b3fff768dd0","@!P0  LEA R32, P5, R3, UR30, 0x2","0","0","0","10752","344064","344064","32","32","0","0","-","-","-","0","0","0","0","0","0","0","0","0","-","0","0","0","0","0","0","0","0","0","0","0","0","0","0","0","0","0","0","0","0","0","0","0","0","0","0","0","0","0","0","0","0","0","0","0","0","0","0","0","0"
"0x7b3fff768de0","      MOV R47, RZ","0","0","0","10752","344064","344064","32","32","0","0","-","-","-","0","0","0","0","0","0","0","0","0","-","0","0","0","0","0","0","0","0","0","0","0","0","0","0","0","0","0","0","0","0","0","0","0","0","0","0","0","0","0","0","0","0","0","0","0","0","0","0","0","0"
"0x7b3fff768df0","      MOV R43, RZ","2","0","2","10752","344064","344064","32","32","0","0","-","-","-","0","0","0","0","0","0","0","0","0","-","0","0","0","0","0","0","0","0","0","0","0","0","0","0","0","0","0","0","2","0","0","0","0","0","0","0","0","0","0","0","0","0","0","0","0","0","0","0","0","0"
"0x7b3fff768e00","@!P0  LEA.HI.X R33, R3, UR31, R4, 0x2, P5","2","0","2","10752","344064","344064","32","32","0","0","-","-","-","0","0","0","0","0","0","0","0","0","-","0","0","0","0","0","0","0","0","0","0","0","0","0","0","0","0","0","2","0","0","0","0","0","0","0","0","0","0","0","0","0","0","0","0","0","0","0","0","0","0"
"0x7b3fff768e10","@!P3  LDG.E.CONSTANT R6, desc[UR24][R20.64]","27","4","27","10752","344064","344064","32","32","0","0","Global","Load","32","21504","0","0","0","0","0","43008","43008","0","","0","0","0","0","0","0","0","0","0","0","0","0","0","0","9","0","0","18","0","0","0","0","0","0","0","0","0","0","0","0","0","4","0","0","0","0","0","0","0","0"
"0x7b3fff768e20","      IADD3 R3, PT, PT, R15, 0x38, RZ","1","0","1","10752","344064","344064","32","32","0","0","-","-","-","0","0","0","0","0","0","0","0","0","-","0","0","0","0","0","0","0","0","0","0","0","0","0","0","0","0","0","0","1","0","0","0","0","0","0","0","0","0","0","0","0","0","0","0","0","0","0","0","0","0"
"0x7b3fff768e30","@!P6  LEA R4, P4, R31, R12, 0x5","1","0","1","10752","344064","344064","32","32","0","0","-","-","-","0","0","0","0","0","0","0","0","0","-","0","0","0","0","0","0","0","0","0","0","0","0","0","0","0","0","0","0","1","0","0","0","0","0","0","0","0","0","0","0","0","0","0","0","0","0","0","0","0","0"
"0x7b3fff768e40","@!P0  LDG.E.CONSTANT R7, desc[UR24][R32.64]","16","2","16","10752","344064","344064","32","32","0","0","Global","Load","32","21504","0","0","0","0","0","43008","43008","0","","0","0","0","0","0","0","0","0","1","0","0","0","0","0","3","0","0","12","0","0","0","0","0","0","0","0","0","0","0","0","0","2","0","0","0","0","0","0","0","0"
"0x7b3fff768e50","      ISETP.GE.AND P5, PT, R15, UR5, PT","0","0","0","10752","344064","344064","32","32","0","0","-","-","-","0","0","0","0","0","0","0","0","0","-","0","0","0","0","0","0","0","0","0","0","0","0","0","0","0","0","0","0","0","0","0","0","0","0","0","0","0","0","0","0","0","0","0","0","0","0","0","0","0","0"
"0x7b3fff768e60","      ISETP.GE.AND P0, PT, R3, UR5, PT","0","0","0","10752","344064","344064","32","32","0","0","-","-","-","0","0","0","0","0","0","0","0","0","-","0","0","0","0","0","0","0","0","0","0","0","0","0","0","0","0","0","0","0","0","0","0","0","0","0","0","0","0","0","0","0","0","0","0","0","0","0","0","0","0"
"0x7b3fff768e70","@!P6  LEA.HI.X R5, R31, R55, R25, 0x5, P4","3","0","3","10752","344064","344064","32","32","0","0","-","-","-","0","0","0","0","0","0","0","0","0","-","0","0","0","0","0","0","0","0","0","0","0","0","1","0","0","0","0","1","1","0","0","0","0","0","0","0","0","0","0","0","0","0","0","0","0","0","0","0","0","0"
"0x7b3fff768e80","@!P6  LEA R38, P4, R4, UR30, 0x2","15","0","15","10752","344064","344064","32","32","0","0","-","-","-","0","0","0","0","0","0","0","0","0","-","0","0","0","0","0","0","0","0","0","0","0","0","3","0","0","0","0","12","0","0","0","0","0","0","0","0","0","0","0","0","0","0","0","0","0","0","0","0","0","0"
"0x7b3fff768e90","      IADD3 R3, PT, PT, R36, 0x8, RZ","0","0","0","10752","344064","344064","32","32","0","0","-","-","-","0","0","0","0","0","0","0","0","0","-","0","0","0","0","0","0","0","0","0","0","0","0","0","0","0","0","0","0","0","0","0","0","0","0","0","0","0","0","0","0","0","0","0","0","0","0","0","0","0","0"
"0x7b3fff768ea0","@!P6  LEA.HI.X R39, R4, UR31, R5, 0x2, P4","1","0","1","10752","344064","344064","32","32","0","0","-","-","-","0","0","0","0","0","0","0","0","0","-","0","0","0","0","0","0","0","0","1","0","0","0","0","0","0","0","0","0","0","0","0","0","0","0","0","0","0","0","0","0","0","0","0","0","0","0","0","0","0","0"
"0x7b3fff768eb0","      CS2R R4, SRZ","0","0","0","10752","344064","344064","32","32","0","0","-","-","-","0","0","0","0","0","0","0","0","0","-","0","0","0","0","0","0","0","0","0","0","0","0","0","0","0","0","0","0","0","0","0","0","0","0","0","0","0","0","0","0","0","0","0","0","0","0","0","0","0","0"
"0x7b3fff768ec0","      ISETP.GE.AND P4, PT, R3, UR4, PT","2","0","2","10752","344064","344064","32","32","0","0","-","-","-","0","0","0","0","0","0","0","0","0","-","0","0","0","0","0","0","0","0","2","0","0","0","0","0","0","0","0","0","0","0","0","0","0","0","0","0","0","0","0","0","0","0","0","0","0","0","0","0","0","0"
"0x7b3fff768ed0","@!P0  MOV R28, R12","10","1","10","10752","344064","344064","32","32","0","0","-","-","-","0","0","0","0","0","0","0","0","0","-","0","0","0","0","0","0","0","0","5","0","0","0","0","0","0","0","0","4","0","0","0","0","1","0","0","0","0","0","0","0","0","0","0","0","0","0","0","0","0","1"
"0x7b3fff768ee0","@!P6  LDG.E.CONSTANT R5, desc[UR24][R38.64]","86","11","86","10752","344064","344064","32","32","0","0","Global","Load","32","21504","0","0","0","0","0","43008","43008","0","","0","0","0","0","0","0","0","0","12","0","0","0","0","0","18","0","0","56","0","0","0","0","0","0","0","0","0","0","0","0","0","11","0","0","0","0","0","0","0","0"
"0x7b3fff768ef0","@!P0  MOV R29, R55","0","0","0","10752","344064","344064","32","32","0","0","-","-","-","0","0","0","0","0","0","0","0","0","-","0","0","0","0","0","0","0","0","0","0","0","0","0","0","0","0","0","0","0","0","0","0","0","0","0","0","0","0","0","0","0","0","0","0","0","0","0","0","0","0"
"0x7b3fff768f00","@!P5  LEA R34, P6, R12, UR30, 0x2","0","0","0","10752","344064","344064","32","32","0","0","-","-","-","0","0","0","0","0","0","0","0","0","-","0","0","0","0","0","0","0","0","0","0","0","0","0","0","0","0","0","0","0","0","0","0","0","0","0","0","0","0","0","0","0","0","0","0","0","0","0","0","0","0"
"0x7b3fff768f10","@!P0  IMAD R25, R25, 0x38, RZ","0","0","0","10752","344064","344064","32","32","0","0","-","-","-","0","0","0","0","0","0","0","0","0","-","0","0","0","0","0","0","0","0","0","0","0","0","0","0","0","0","0","0","0","0","0","0","0","0","0","0","0","0","0","0","0","0","0","0","0","0","0","0","0","0"
"0x7b3fff768f20","      IADD3 R3, PT, PT, R36, 0x10, RZ","0","0","0","10752","344064","344064","32","32","0","0","-","-","-","0","0","0","0","0","0","0","0","0","-","0","0","0","0","0","0","0","0","0","0","0","0","0","0","0","0","0","0","0","0","0","0","0","0","0","0","0","0","0","0","0","0","0","0","0","0","0","0","0","0"
"0x7b3fff768f30","      MOV R41, RZ","0","0","0","10752","344064","344064","32","32","0","0","-","-","-","0","0","0","0","0","0","0","0","0","-","0","0","0","0","0","0","0","0","0","0","0","0","0","0","0","0","0","0","0","0","0","0","0","0","0","0","0","0","0","0","0","0","0","0","0","0","0","0","0","0"
"0x7b3fff768f40","@!P5  LEA.HI.X R35, R12, UR31, R55, 0x2, P6","0","0","0","10752","344064","344064","32","32","0","0","-","-","-","0","0","0","0","0","0","0","0","0","-","0","0","0","0","0","0","0","0","0","0","0","0","0","0","0","0","0","0","0","0","0","0","0","0","0","0","0","0","0","0","0","0","0","0","0","0","0","0","0","0"
"0x7b3fff768f50","@!P0  IMAD.WIDE.U32 R30, R31, 0x38, R28","0","0","0","10752","344064","344064","32","32","0","0","-","-","-","0","0","0","0","0","0","0","0","0","-","0","0","0","0","0","0","0","0","0","0","0","0","0","0","0","0","0","0","0","0","0","0","0","0","0","0","0","0","0","0","0","0","0","0","0","0","0","0","0","0"
"0x7b3fff768f60","      MOV R45, RZ","0","0","0","10752","344064","344064","32","32","0","0","-","-","-","0","0","0","0","0","0","0","0","0","-","0","0","0","0","0","0","0","0","0","0","0","0","0","0","0","0","0","0","0","0","0","0","0","0","0","0","0","0","0","0","0","0","0","0","0","0","0","0","0","0"
"0x7b3fff768f70","      ISETP.GE.AND P6, PT, R3, UR4, PT","0","0","0","10752","344064","344064","32","32","0","0","-","-","-","0","0","0","0","0","0","0","0","0","-","0","0","0","0","0","0","0","0","0","0","0","0","0","0","0","0","0","0","0","0","0","0","0","0","0","0","0","0","0","0","0","0","0","0","0","0","0","0","0","0"
"0x7b3fff768f80","      MOV R49, RZ","0","0","0","10752","344064","344064","32","32","0","0","-","-","-","0","0","0","0","0","0","0","0","0","-","0","0","0","0","0","0","0","0","0","0","0","0","0","0","0","0","0","0","0","0","0","0","0","0","0","0","0","0","0","0","0","0","0","0","0","0","0","0","0","0"
"0x7b3fff768f90","@!P5  LDG.E.CONSTANT R9, desc[UR24][R34.64]","10","2","10","10752","344064","344064","32","32","0","0","Global","Load","32","21504","0","0","0","0","0","43008","43008","0","","0","0","0","0","0","0","0","0","1","0","0","0","0","0","3","0","0","5","1","0","0","0","0","0","0","0","0","0","0","0","0","2","0","0","0","0","0","0","0","0"
"0x7b3fff768fa0","@!P0  IADD3 R3, PT, PT, R31, R25, RZ","1","0","1","10752","344064","344064","32","32","0","0","-","-","-","0","0","0","0","0","0","0","0","0","-","0","0","0","0","0","0","0","0","0","0","0","0","0","0","0","0","0","0","1","0","0","0","0","0","0","0","0","0","0","0","0","0","0","0","0","0","0","0","0","0"
"0x7b3fff768fb0","@!P4  IMAD.WIDE R28, R27, 0x8, R64","0","0","0","10752","344064","344064","32","32","0","0","-","-","-","0","0","0","0","0","0","0","0","0","-","0","0","0","0","0","0","0","0","0","0","0","0","0","0","0","0","0","0","0","0","0","0","0","0","0","0","0","0","0","0","0","0","0","0","0","0","0","0","0","0"
"0x7b3fff768fc0","@!P0  LEA R24, P5, R30, UR30, 0x2","0","0","0","10752","344064","344064","32","32","0","0","-","-","-","0","0","0","0","0","0","0","0","0","-","0","0","0","0","0","0","0","0","0","0","0","0","0","0","0","0","0","0","0","0","0","0","0","0","0","0","0","0","0","0","0","0","0","0","0","0","0","0","0","0"
"0x7b3fff768fd0","@!P2  LDG.E.CONSTANT R4, desc[UR24][R10.64]","8","1","8","10752","344064","344064","32","32","0","0","Global","Load","32","21504","0","0","0","0","0","43008","43008","0","","0","0","0","0","0","0","0","0","1","0","0","0","0","0","2","0","0","5","0","0","0","0","0","0","0","0","0","0","0","0","0","1","0","0","0","0","0","0","0","0"
"0x7b3fff768fe0","@!P0  LEA.HI.X R25, R30, UR31, R3, 0x2, P5","3","0","3","10752","344064","344064","32","32","0","0","-","-","-","0","0","0","0","0","0","0","0","0","-","0","0","0","0","0","0","0","0","1","0","0","0","0","0","0","0","0","1","0","0","0","0","1","0","0","0","0","0","0","0","0","0","0","0","0","0","0","0","0","0"
"0x7b3fff768ff0","@!P4  LEA R32, P5, R28, UR32, 0x2","27","1","27","10752","344064","344064","32","32","0","0","-","-","-","0","0","0","0","0","0","0","0","0","-","0","0","0","0","0","0","0","0","3","0","0","0","7","0","0","0","0","16","0","0","0","0","1","0","0","0","0","0","0","1","0","0","0","0","0","0","0","0","0","0"
"0x7b3fff769000","      IADD3 R3, PT, PT, R36, 0x18, RZ","1","0","1","10752","344064","344064","32","32","0","0","-","-","-","0","0","0","0","0","0","0","0","0","-","0","0","0","0","0","0","0","0","0","0","0","0","0","0","0","0","0","0","0","0","0","0","1","0","0","0","0","0","0","0","0","0","0","0","0","0","0","0","0","0"
"0x7b3fff769010","@!P4  LEA.HI.X R33, R28, UR33, R29, 0x2, P5","0","0","0","10752","344064","344064","32","32","0","0","-","-","-","0","0","0","0","0","0","0","0","0","-","0","0","0","0","0","0","0","0","0","0","0","0","0","0","0","0","0","0","0","0","0","0","0","0","0","0","0","0","0","0","0","0","0","0","0","0","0","0","0","0"
"0x7b3fff769020","      MOV R29, RZ","0","0","0","10752","344064","344064","32","32","0","0","-","-","-","0","0","0","0","0","0","0","0","0","-","0","0","0","0","0","0","0","0","0","0","0","0","0","0","0","0","0","0","0","0","0","0","0","0","0","0","0","0","0","0","0","0","0","0","0","0","0","0","0","0"
"0x7b3fff769030","      ISETP.GE.AND P5, PT, R3, UR4, PT","1","0","1","10752","344064","344064","32","32","0","0","-","-","-","0","0","0","0","0","0","0","0","0","-","0","0","0","0","0","0","0","0","0","0","0","0","0","0","0","0","0","1","0","0","0","0","0","0","0","0","0","0","0","0","0","0","0","0","0","0","0","0","0","0"
"0x7b3fff769040","@!P6  IMAD.WIDE R30, R27, 0x10, R64","4","1","4","10752","344064","344064","32","32","0","0","-","-","-","0","0","0","0","0","0","0","0","0","-","0","0","0","0","0","0","0","0","0","0","0","0","2","0","0","0","0","1","1","0","0","0","0","0","0","0","0","0","0","1","0","0","0","0","0","0","0","0","0","0"
"0x7b3fff769050","      IADD3 R3, PT, PT, R36, 0x20, RZ","0","0","0","10752","344064","344064","32","32","0","0","-","-","-","0","0","0","0","0","0","0","0","0","-","0","0","0","0","0","0","0","0","0","0","0","0","0","0","0","0","0","0","0","0","0","0","0","0","0","0","0","0","0","0","0","0","0","0","0","0","0","0","0","0"
"0x7b3fff769060","@!P4  LDG.E.CONSTANT R29, desc[UR24][R32.64]","44","5","44","10752","344064","344064","32","32","0","0","Global","Load","32","21504","0","0","0","0","0","43008","43008","0","","0","0","0","0","0","0","0","0","6","0","0","0","0","0","8","0","0","30","0","0","0","0","0","0","0","0","0","0","0","0","0","5","0","0","0","0","0","0","0","0"
"0x7b3fff769070","@!P6  LEA R34, P4, R30, UR32, 0x2","0","0","0","10752","344064","344064","32","32","0","0","-","-","-","0","0","0","0","0","0","0","0","0","-","0","0","0","0","0","0","0","0","0","0","0","0","0","0","0","0","0","0","0","0","0","0","0","0","0","0","0","0","0","0","0","0","0","0","0","0","0","0","0","0"
"0x7b3fff769080","@!P6  LEA.HI.X R35, R30, UR33, R31, 0x2, P4","17","0","17","10752","344064","344064","32","32","0","0","-","-","-","0","0","0","0","0","0","0","0","0","-","0","0","0","0","0","0","0","0","6","0","0","0","4","0","0","0","0","7","0","0","0","0","0","0","0","0","0","0","0","0","0","0","0","0","0","0","0","0","0","0"
"0x7b3fff769090","      ISETP.GE.AND P4, PT, R3, UR4, PT","0","0","0","10752","344064","344064","32","32","0","0","-","-","-","0","0","0","0","0","0","0","0","0","-","0","0","0","0","0","0","0","0","0","0","0","0","0","0","0","0","0","0","0","0","0","0","0","0","0","0","0","0","0","0","0","0","0","0","0","0","0","0","0","0"
"0x7b3fff7690a0","@!P5  IMAD.WIDE R30, R27, 0x18, R64","8","0","8","10752","344064","344064","32","32","0","0","-","-","-","0","0","0","0","0","0","0","0","0","-","0","0","0","0","0","0","0","0","1","0","0","0","4","0","0","0","0","2","0","0","0","0","1","0","0","0","0","0","0","0","0","0","0","0","0","0","0","0","0","0"
"0x7b3fff7690b0","      IADD3 R3, PT, PT, R36, 0x28, RZ","0","0","0","10752","344064","344064","32","32","0","0","-","-","-","0","0","0","0","0","0","0","0","0","-","0","0","0","0","0","0","0","0","0","0","0","0","0","0","0","0","0","0","0","0","0","0","0","0","0","0","0","0","0","0","0","0","0","0","0","0","0","0","0","0"
"0x7b3fff7690c0","@!P6  LDG.E.CONSTANT R47, desc[UR24][R34.64]","63","14","63","10752","344064","344064","32","32","0","0","Global","Load","32","21504","0","0","0","0","0","43008","43008","0","","0","0","0","0","0","0","0","0","10","0","0","0","0","0","23","0","0","30","0","0","0","0","0","0","0","0","0","0","0","0","0","14","0","0","0","0","0","0","0","0"
"0x7b3fff7690d0","@!P5  LEA R38, P6, R30, UR32, 0x2","0","0","0","10752","344064","344064","32","32","0","0","-","-","-","0","0","0","0","0","0","0","0","0","-","0","0","0","0","0","0","0","0","0","0","0","0","0","0","0","0","0","0","0","0","0","0","0","0","0","0","0","0","0","0","0","0","0","0","0","0","0","0","0","0"
"0x7b3fff7690e0","@!P5  LEA.HI.X R39, R30, UR33, R31, 0x2, P6","14","0","14","10752","344064","344064","32","32","0","0","-","-","-","0","0","0","0","0","0","0","0","0","-","0","0","0","0","0","0","0","0","5","0","0","0","2","0","0","0","0","5","0","0","0","0","2","0","0","0","0","0","0","0","0","0","0","0","0","0","0","0","0","0"
"0x7b3fff7690f0","      ISETP.GE.AND P6, PT, R3, UR4, PT","0","0","0","10752","344064","344064","32","32","0","0","-","-","-","0","0","0","0","0","0","0","0","0","-","0","0","0","0","0","0","0","0","0","0","0","0","0","0","0","0","0","0","0","0","0","0","0","0","0","0","0","0","0","0","0","0","0","0","0","0","0","0","0","0"
"0x7b3fff769100","@!P4  IMAD.WIDE R30, R27, 0x20, R64","2","0","2","10752","344064","335872","32","31","1","0","-","-","-","0","0","0","0","0","0","0","0","0","-","0","0","0","0","0","0","0","0","0","0","0","0","0","0","0","0","0","0","2","0","0","0","0","0","0","0","0","0","0","0","0","0","0","0","0","0","0","0","0","0"
"0x7b3fff769110","      IADD3 R3, PT, PT, R36, 0x30, RZ","0","0","0","10752","344064","344064","32","32","0","0","-","-","-","0","0","0","0","0","0","0","0","0","-","0","0","0","0","0","0","0","0","0","0","0","0","0","0","0","0","0","0","0","0","0","0","0","0","0","0","0","0","0","0","0","0","0","0","0","0","0","0","0","0"
"0x7b3fff769120","@!P5  LDG.E.CONSTANT R43, desc[UR24][R38.64]","39","4","39","10752","344064","344064","32","32","0","0","Global","Load","32","21504","0","0","0","0","0","43008","43008","0","","0","0","0","0","0","0","0","0","5","0","0","0","0","0","7","0","0","27","0","0","0","0","0","0","0","0","0","0","0","0","0","4","0","0","0","0","0","0","0","0"
"0x7b3fff769130","@!P4  LEA R32, P5, R30, UR32, 0x2","0","0","0","10752","344064","335872","32","31","1","0","-","-","-","0","0","0","0","0","0","0","0","0","-","0","0","0","0","0","0","0","0","0","0","0","0","0","0","0","0","0","0","0","0","0","0","0","0","0","0","0","0","0","0","0","0","0","0","0","0","0","0","0","0"
"0x7b3fff769140","@!P4  LEA.HI.X R33, R30, UR33, R31, 0x2, P5","9","0","9","10752","344064","335872","32","31","1","0","-","-","-","0","0","0","0","0","0","0","0","0","-","0","0","0","0","0","0","0","0","2","0","0","0","0","0","0","0","0","5","0","0","0","0","2","0","0","0","0","0","0","0","0","0","0","0","0","0","0","0","0","0"
"0x7b3fff769150","      ISETP.GE.AND P5, PT, R3, UR4, PT","0","0","0","10752","344064","344064","32","32","0","0","-","-","-","0","0","0","0","0","0","0","0","0","-","0","0","0","0","0","0","0","0","0","0","0","0","0","0","0","0","0","0","0","0","0","0","0","0","0","0","0","0","0","0","0","0","0","0","0","0","0","0","0","0"
"0x7b3fff769160","@!P6  IMAD.WIDE R30, R27, 0x28, R64","6","1","6","10752","344064","335872","32","31","1","0","-","-","-","0","0","0","0","0","0","0","0","0","-","0","0","0","0","0","0","0","0","0","0","0","0","0","0","0","0","0","3","0","0","0","0","3","0","0","0","0","0","0","0","0","0","0","0","0","0","0","0","0","1"
"0x7b3fff769170","@!P4  LDG.E.CONSTANT R41, desc[UR24][R32.64]","63","7","63","10752","344064","335872","32","31","1","0","Global","Load","32","20992","0","0","0","0","0","41984","41984","0","","0","0","0","0","0","0","0","0","9","0","0","0","0","0","18","0","0","35","1","0","0","0","0","0","0","0","0","0","0","0","0","7","0","0","0","0","0","0","0","0"
"0x7b3fff769180","@!P6  LEA R34, P4, R30, UR32, 0x2","3","0","3","10752","344064","335872","32","31","1","0","-","-","-","0","0","0","0","0","0","0","0","0","-","0","0","0","0","0","0","0","0","1","0","0","0","1","0","0","0","0","0","1","0","0","0","0","0","0","0","0","0","0","0","0","0","0","0","0","0","0","0","0","0"
"0x7b3fff769190","@!P6  LEA.HI.X R35, R30, UR33, R31, 0x2, P4","14","0","14","10752","344064","335872","32","31","1","0","-","-","-","0","0","0","0","0","0","0","0","0","-","0","0","0","0","0","0","0","0","3","0","0","0","2","0","0","0","0","7","0","0","0","0","2","0","0","0","0","0","0","0","0","0","0","0","0","0","0","0","0","0"
"0x7b3fff7691a0","      ISETP.GE.AND P4, PT, R36, UR4, PT","1","0","1","10752","344064","344064","32","32","0","0","-","-","-","0","0","0","0","0","0","0","0","0","-","0","0","0","0","0","0","0","0","0","0","0","0","0","0","0","0","0","0","1","0","0","0","0","0","0","0","0","0","0","0","0","0","0","0","0","0","0","0","0","0"
"0x7b3fff7691b0","@!P5  IMAD.WIDE R30, R27, 0x30, R64","1","0","1","10752","344064","335872","32","31","1","0","-","-","-","0","0","0","0","0","0","0","0","0","-","0","0","0","0","0","0","0","0","0","0","0","0","0","0","0","0","0","0","1","0","0","0","0","0","0","0","0","0","0","0","0","0","0","0","0","0","0","0","0","0"
"0x7b3fff7691c0","@!P6  LDG.E.CONSTANT R45, desc[UR24][R34.64]","33","5","33","10752","344064","335872","32","31","1","0","Global","Load","32","20992","0","0","0","0","0","41984","41984","0","","0","0","0","0","0","0","0","0","3","0","0","0","0","0","9","0","0","21","0","0","0","0","0","0","0","0","0","0","0","0","0","5","0","0","0","0","0","0","0","0"
"0x7b3fff7691d0","@!P5  LEA R38, P6, R30, UR32, 0x2","0","0","0","10752","344064","335872","32","31","1","0","-","-","-","0","0","0","0","0","0","0","0","0","-","0","0","0","0","0","0","0","0","0","0","0","0","0","0","0","0","0","0","0","0","0","0","0","0","0","0","0","0","0","0","0","0","0","0","0","0","0","0","0","0"
"0x7b3fff7691e0","      IADD3 R3, PT, PT, R36, 0x38, RZ","0","0","0","10752","344064","344064","32","32","0","0","-","-","-","0","0","0","0","0","0","0","0","0","-","0","0","0","0","0","0","0","0","0","0","0","0","0","0","0","0","0","0","0","0","0","0","0","0","0","0","0","0","0","0","0","0","0","0","0","0","0","0","0","0"
"0x7b3fff7691f0","@!P5  LEA.HI.X R39, R30, UR33, R31, 0x2, P6","1","0","1","10752","344064","335872","32","31","1","0","-","-","-","0","0","0","0","0","0","0","0","0","-","0","0","0","0","0","0","0","0","0","0","0","0","0","0","0","0","0","0","1","0","0","0","0","0","0","0","0","0","0","0","0","0","0","0","0","0","0","0","0","0"
"0x7b3fff769200","@!P4  LEA R30, P6, R64, UR32, 0x2","9","0","9","10752","344064","344064","32","32","0","0","-","-","-","0","0","0","0","0","0","0","0","0","-","0","0","0","0","0","0","0","0","3","0","0","0","0","0","0","0","0","4","1","0","0","0","1","0","0","0","0","0","0","0","0","0","0","0","0","0","0","0","0","0"
"0x7b3fff769210","@!P4  LEA.HI.X R31, R64, UR33, R65, 0x2, P6","2","1","2","10752","344064","344064","32","32","0","0","-","-","-","0","0","0","0","0","0","0","0","0","-","0","0","0","0","0","0","0","0","0","0","0","0","1","0","0","0","0","1","0","0","0","0","0","0","0","0","0","0","0","1","0","0","0","0","0","0","0","0","0","0"
"0x7b3fff769220","      ISETP.GE.AND P6, PT, R3, UR4, PT","0","0","0","10752","344064","344064","32","32","0","0","-","-","-","0","0","0","0","0","0","0","0","0","-","0","0","0","0","0","0","0","0","0","0","0","0","0","0","0","0","0","0","0","0","0","0","0","0","0","0","0","0","0","0","0","0","0","0","0","0","0","0","0","0"
"0x7b3fff769230","@!P4  LDG.E.CONSTANT R49, desc[UR24][R30.64]","65","4","65","10752","344064","344064","32","32","0","0","Global","Load","32","21504","0","0","0","0","0","43008","43008","0","","0","0","0","0","0","0","0","0","9","0","0","0","0","0","13","0","0","43","0","0","0","0","0","0","0","0","0","0","0","0","0","4","0","0","0","0","0","0","0","0"
"0x7b3fff769240","      MOV R37, RZ","0","0","0","10752","344064","344064","32","32","0","0","-","-","-","0","0","0","0","0","0","0","0","0","-","0","0","0","0","0","0","0","0","0","0","0","0","0","0","0","0","0","0","0","0","0","0","0","0","0","0","0","0","0","0","0","0","0","0","0","0","0","0","0","0"
"0x7b3fff769250","      MOV R35, RZ","1","0","1","10752","344064","344064","32","32","0","0","-","-","-","0","0","0","0","0","0","0","0","0","-","0","0","0","0","0","0","0","0","0","0","0","0","0","0","0","0","0","0","1","0","0","0","0","0","0","0","0","0","0","0","0","0","0","0","0","0","0","0","0","0"
"0x7b3fff769260","      MOV R3, RZ","1","0","1","10752","344064","344064","32","32","0","0","-","-","-","0","0","0","0","0","0","0","0","0","-","0","0","0","0","0","0","0","0","0","0","0","0","0","0","0","0","0","0","1","0","0","0","0","0","0","0","0","0","0","0","0","0","0","0","0","0","0","0","0","0"
"0x7b3fff769270","      MOV R14, RZ","1","0","1","10752","344064","344064","32","32","0","0","-","-","-","0","0","0","0","0","0","0","0","0","-","0","0","0","0","0","0","0","0","0","0","0","0","0","0","0","0","0","0","1","0","0","0","0","0","0","0","0","0","0","0","0","0","0","0","0","0","0","0","0","0"
"0x7b3fff769280","@!P5  LDG.E.CONSTANT R37, desc[UR24][R38.64]","47","6","47","10752","344064","335872","32","31","1","0","Global","Load","32","20992","0","0","0","0","0","41984","41984","0","","0","0","0","0","0","0","0","0","6","0","0","0","0","0","12","0","0","29","0","0","0","0","0","0","0","0","0","0","0","0","0","6","0","0","0","0","0","0","0","0"
"0x7b3fff769290","@!P6  IMAD.WIDE R26, R27, 0x38, R64","0","0","0","10752","344064","335872","32","31","1","0","-","-","-","0","0","0","0","0","0","0","0","0","-","0","0","0","0","0","0","0","0","0","0","0","0","0","0","0","0","0","0","0","0","0","0","0","0","0","0","0","0","0","0","0","0","0","0","0","0","0","0","0","0"
"0x7b3fff7692a0","@!P1  LDG.E.CONSTANT R3, desc[UR24][R16.64]","22","4","22","10752","344064","344064","32","32","0","0","Global","Load","32","21504","0","0","0","0","0","43008","43008","0","","0","0","0","0","0","0","0","0","1","0","0","0","0","0","4","0","0","17","0","0","0","0","0","0","0","0","0","0","0","0","0","4","0","0","0","0","0","0","0","0"
"0x7b3fff7692b0","@!P6  LEA R32, P4, R26, UR32, 0x2","0","0","0","10752","344064","335872","32","31","1","0","-","-","-","0","0","0","0","0","0","0","0","0","-","0","0","0","0","0","0","0","0","0","0","0","0","0","0","0","0","0","0","0","0","0","0","0","0","0","0","0","0","0","0","0","0","0","0","0","0","0","0","0","0"
"0x7b3fff7692c0","@!P0  LDG.E.CONSTANT R14, desc[UR24][R24.64]","30","5","30","10752","344064","344064","32","32","0","0","Global","Load","32","21504","0","0","0","0","0","43008","43008","0","","0","0","0","0","0","0","0","0","6","0","0","0","0","0","8","0","0","16","0","0","0","0","0","0","0","0","0","0","0","0","0","5","0","0","0","0","0","0","0","0"
"0x7b3fff7692d0","@!P6  LEA.HI.X R33, R26, UR33, R27, 0x2, P4","0","0","0","10752","344064","335872","32","31","1","0","-","-","-","0","0","0","0","0","0","0","0","0","-","0","0","0","0","0","0","0","0","0","0","0","0","0","0","0","0","0","0","0","0","0","0","0","0","0","0","0","0","0","0","0","0","0","0","0","0","0","0","0","0"
"0x7b3fff7692e0","@!P6  LDG.E.CONSTANT R35, desc[UR24][R32.64]","26","6","26","10752","344064","335872","32","31","1","0","Global","Load","32","20992","0","0","0","0","0","41984","41984","0","","0","0","0","0","0","0","0","0","5","0","0","0","0","0","7","0","0","14","0","0","0","0","0","0","0","0","0","0","0","0","0","6","0","0","0","0","0","0","0","0"
"0x7b3fff7692f0","      BSYNC.RECONVERGENT B0","1","0","1","10752","344064","344064","32","32","0","0","-","-","-","0","0","0","0","0","0","0","0","0","-","0","0","0","0","0","0","0","0","0","0","0","0","0","0","0","0","0","0","0","0","0","0","1","0","0","0","0","0","0","0","0","0","0","0","0","0","0","0","0","0"
"0x7b3fff769300","      S2UR UR8, SR_CgaCtaId","5","0","5","10752","344064","344064","32","32","0","0","-","-","-","0","0","0","0","0","0","0","0","0","-","0","0","0","0","0","0","0","3","0","0","0","0","0","0","0","0","0","2","0","0","0","0","0","0","0","0","0","0","0","0","0","0","0","0","0","0","0","0","0","0"
"0x7b3fff769310","      UMOV UR4, 0x400","0","0","0","10752","344064","344064","32","32","0","0","-","-","-","0","0","0","0","0","0","0","0","0","-","0","0","0","0","0","0","0","0","0","0","0","0","0","0","0","0","0","0","0","0","0","0","0","0","0","0","0","0","0","0","0","0","0","0","0","0","0","0","0","0"
"0x7b3fff769320","      IMAD R13, R18, 0x44, R23","0","0","0","10752","344064","344064","32","32","0","0","-","-","-","0","0","0","0","0","0","0","0","0","-","0","0","0","0","0","0","0","0","0","0","0","0","0","0","0","0","0","0","0","0","0","0","0","0","0","0","0","0","0","0","0","0","0","0","0","0","0","0","0","0"
"0x7b3fff769330","      UISETP.GE.AND UP0, UPT, UR22, 0x11, UPT","0","0","0","10752","344064","344064","32","32","0","0","-","-","-","0","0","0","0","0","0","0","0","0","-","0","0","0","0","0","0","0","0","0","0","0","0","0","0","0","0","0","0","0","0","0","0","0","0","0","0","0","0","0","0","0","0","0","0","0","0","0","0","0","0"
"0x7b3fff769340","      MOV R54, R12","0","0","0","10752","344064","344064","32","32","0","0","-","-","-","0","0","0","0","0","0","0","0","0","-","0","0","0","0","0","0","0","0","0","0","0","0","0","0","0","0","0","0","0","0","0","0","0","0","0","0","0","0","0","0","0","0","0","0","0","0","0","0","0","0"
"0x7b3fff769350","      UMOV UR5, URZ","1","0","1","10752","344064","344064","32","32","0","0","-","-","-","0","0","0","0","0","0","0","0","0","-","0","0","0","0","0","0","0","0","0","0","0","0","0","0","0","0","0","0","1","0","0","0","0","0","0","0","0","0","0","0","0","0","0","0","0","0","0","0","0","0"
"0x7b3fff769360","      CS2R R68, SRZ","0","0","0","10752","344064","344064","32","32","0","0","-","-","-","0","0","0","0","0","0","0","0","0","-","0","0","0","0","0","0","0","0","0","0","0","0","0","0","0","0","0","0","0","0","0","0","0","0","0","0","0","0","0","0","0","0","0","0","0","0","0","0","0","0"
"0x7b3fff769370","      CS2R R66, SRZ","0","0","0","10752","344064","344064","32","32","0","0","-","-","-","0","0","0","0","0","0","0","0","0","-","0","0","0","0","0","0","0","0","0","0","0","0","0","0","0","0","0","0","0","0","0","0","0","0","0","0","0","0","0","0","0","0","0","0","0","0","0","0","0","0"
"0x7b3fff769380","      CS2R R62, SRZ","1","0","1","10752","344064","344064","32","32","0","0","-","-","-","0","0","0","0","0","0","0","0","0","-","0","0","0","0","0","0","0","0","0","0","0","0","0","0","0","0","0","0","1","0","0","0","0","0","0","0","0","0","0","0","0","0","0","0","0","0","0","0","0","0"
"0x7b3fff769390","      CS2R R38, SRZ","5","3","5","10752","344064","344064","32","32","0","0","-","-","-","0","0","0","0","0","0","0","0","0","-","0","0","0","0","0","0","0","0","0","0","0","4","0","0","0","0","0","1","0","0","0","0","0","0","0","0","0","0","3","0","0","0","0","0","0","0","0","0","0","0"
"0x7b3fff7693a0","      CS2R R60, SRZ","0","0","0","10752","344064","344064","32","32","0","0","-","-","-","0","0","0","0","0","0","0","0","0","-","0","0","0","0","0","0","0","0","0","0","0","0","0","0","0","0","0","0","0","0","0","0","0","0","0","0","0","0","0","0","0","0","0","0","0","0","0","0","0","0"
"0x7b3fff7693b0","      CS2R R50, SRZ","1","0","1","10752","344064","344064","32","32","0","0","-","-","-","0","0","0","0","0","0","0","0","0","-","0","0","0","0","0","0","0","0","0","0","0","0","0","0","0","0","0","0","1","0","0","0","0","0","0","0","0","0","0","0","0","0","0","0","0","0","0","0","0","0"
"0x7b3fff7693c0","      CS2R R58, SRZ","0","0","0","10752","344064","344064","32","32","0","0","-","-","-","0","0","0","0","0","0","0","0","0","-","0","0","0","0","0","0","0","0","0","0","0","0","0","0","0","0","0","0","0","0","0","0","0","0","0","0","0","0","0","0","0","0","0","0","0","0","0","0","0","0"
"0x7b3fff7693d0","      CS2R R56, SRZ","0","0","0","10752","344064","344064","32","32","0","0","-","-","-","0","0","0","0","0","0","0","0","0","-","0","0","0","0","0","0","0","0","0","0","0","0","0","0","0","0","0","0","0","0","0","0","0","0","0","0","0","0","0","0","0","0","0","0","0","0","0","0","0","0"
"0x7b3fff7693e0","      CS2R R52, SRZ","0","0","0","10752","344064","344064","32","32","0","0","-","-","-","0","0","0","0","0","0","0","0","0","-","0","0","0","0","0","0","0","0","0","0","0","0","0","0","0","0","0","0","0","0","0","0","0","0","0","0","0","0","0","0","0","0","0","0","0","0","0","0","0","0"
"0x7b3fff7693f0","      CS2R R30, SRZ","1","0","1","10752","344064","344064","32","32","0","0","-","-","-","0","0","0","0","0","0","0","0","0","-","0","0","0","0","0","0","0","0","0","0","0","0","0","0","0","0","0","0","1","0","0","0","0","0","0","0","0","0","0","0","0","0","0","0","0","0","0","0","0","0"
"0x7b3fff769400","      ULEA UR6, UR8, UR4, 0x18","6","0","6","10752","344064","344064","32","32","0","0","-","-","-","0","0","0","0","0","0","0","0","0","-","0","0","0","0","0","0","0","0","2","0","0","0","0","0","0","0","0","4","0","0","0","0","0","0","0","0","0","0","0","0","0","0","0","0","0","0","0","0","0","0"
"0x7b3fff769410","      UIADD3 UR4, UPT, UPT, UR4, 0x1100, URZ","0","0","0","10752","344064","344064","32","32","0","0","-","-","-","0","0","0","0","0","0","0","0","0","-","0","0","0","0","0","0","0","0","0","0","0","0","0","0","0","0","0","0","0","0","0","0","0","0","0","0","0","0","0","0","0","0","0","0","0","0","0","0","0","0"
"0x7b3fff769420","      ULEA UR8, UR8, UR4, 0x18","3","0","3","10752","344064","344064","32","32","0","0","-","-","-","0","0","0","0","0","0","0","0","0","-","0","0","0","0","0","0","0","0","0","0","0","0","0","0","0","0","0","3","0","0","0","0","0","0","0","0","0","0","0","0","0","0","0","0","0","0","0","0","0","0"
"0x7b3fff769430","      LEA R10, R13, UR6, 0x2","1","0","1","10752","344064","344064","32","32","0","0","-","-","-","0","0","0","0","0","0","0","0","0","-","0","0","0","0","0","0","0","0","1","0","0","0","0","0","0","0","0","0","0","0","0","0","0","0","0","0","0","0","0","0","0","0","0","0","0","0","0","0","0","0"
"0x7b3fff769440","      UIADD3 UR4, UPT, UPT, -UR11, URZ, URZ","0","0","0","10752","344064","344064","32","32","0","0","-","-","-","0","0","0","0","0","0","0","0","0","-","0","0","0","0","0","0","0","0","0","0","0","0","0","0","0","0","0","0","0","0","0","0","0","0","0","0","0","0","0","0","0","0","0","0","0","0","0","0","0","0"
"0x7b3fff769450","      LEA R13, R13, UR8, 0x2","7","2","7","10752","344064","344064","32","32","0","0","-","-","-","0","0","0","0","0","0","0","0","0","-","0","0","0","0","0","0","0","0","1","0","0","0","1","0","0","0","0","1","1","0","0","0","3","0","0","0","0","0","0","1","0","0","0","0","0","0","0","0","0","1"
"0x7b3fff769460","      STS [R10], R49","145","64","145","10752","344064","344064","32","32","0","0","Shared","Store","32","0","2","10752","21504","10752","0","0","0","0","-","0","0","0","0","0","0","0","0","4","0","0","94","0","0","14","0","0","33","0","0","0","0","0","0","0","0","0","0","53","0","0","10","0","0","1","0","0","0","0","0"
"0x7b3fff769470","      USEL UR4, UR4, 0xfffffff0, UP0","0","0","0","10752","344064","344064","32","32","0","0","-","-","-","0","0","0","0","0","0","0","0","0","-","0","0","0","0","0","0","0","0","0","0","0","0","0","0","0","0","0","0","0","0","0","0","0","0","0","0","0","0","0","0","0","0","0","0","0","0","0","0","0","0"
"0x7b3fff769480","      STS [R10+0x20], R29","44","7","44","10752","344064","344064","32","32","0","0","Shared","Store","32","0","2","10752","21504","10752","0","0","0","0","-","0","0","0","0","0","0","0","0","8","0","0","0","0","0","10","0","0","26","0","0","0","0","0","0","0","0","0","0","0","0","0","7","0","0","0","0","0","0","0","0"
"0x7b3fff769490","      UIADD3 UR10, UPT, UPT, UR4, UR22, URZ","0","0","0","10752","344064","344064","32","32","0","0","-","-","-","0","0","0","0","0","0","0","0","0","-","0","0","0","0","0","0","0","0","0","0","0","0","0","0","0","0","0","0","0","0","0","0","0","0","0","0","0","0","0","0","0","0","0","0","0","0","0","0","0","0"
"0x7b3fff7694a0","      STS [R10+0x40], R47","30","4","30","10752","344064","344064","32","32","0","0","Shared","Store","32","0","2","10752","21504","10752","0","0","0","0","-","0","0","0","0","0","0","0","0","1","0","0","0","0","0","8","0","0","20","1","0","0","0","0","0","0","0","0","0","0","0","0","4","0","0","0","0","0","0","0","0"
"0x7b3fff7694b0","      UISETP.GE.AND UP0, UPT, UR10, 0x1, UPT","1","0","1","10752","344064","344064","32","32","0","0","-","-","-","0","0","0","0","0","0","0","0","0","-","0","0","0","0","0","0","0","0","0","0","0","0","0","0","0","0","0","0","1","0","0","0","0","0","0","0","0","0","0","0","0","0","0","0","0","0","0","0","0","0"
"0x7b3fff7694c0","      UMOV UR4, UR11","0","0","0","10752","344064","344064","32","32","0","0","-","-","-","0","0","0","0","0","0","0","0","0","-","0","0","0","0","0","0","0","0","0","0","0","0","0","0","0","0","0","0","0","0","0","0","0","0","0","0","0","0","0","0","0","0","0","0","0","0","0","0","0","0"
"0x7b3fff7694d0","      CS2R R48, SRZ","5","4","5","10752","344064","344064","32","32","0","0","-","-","-","0","0","0","0","0","0","0","0","0","-","0","0","0","0","0","0","0","0","0","0","0","0","0","0","0","0","0","0","0","5","0","0","0","0","0","0","0","0","0","0","0","0","0","0","0","0","4","0","0","0"
"0x7b3fff7694e0","      STS [R10+0x60], R43","10","2","10","10752","344064","344064","32","32","0","0","Shared","Store","32","0","2","10752","21504","10752","0","0","0","0","-","0","0","0","0","0","0","0","0","2","0","0","0","0","0","3","0","0","5","0","0","0","0","0","0","0","0","0","0","0","0","0","2","0","0","0","0","0","0","0","0"
"0x7b3fff7694f0","      IADD.64 R64, R64, UR4","0","0","0","10752","344064","344064","32","32","0","0","-","-","-","0","0","0","0","0","0","0","0","0","-","0","0","0","0","0","0","0","0","0","0","0","0","0","0","0","0","0","0","0","0","0","0","0","0","0","0","0","0","0","0","0","0","0","0","0","0","0","0","0","0"
"0x7b3fff769500","      IADD.64 R54, R54, UR4","0","0","0","10752","344064","344064","32","32","0","0","-","-","-","0","0","0","0","0","0","0","0","0","-","0","0","0","0","0","0","0","0","0","0","0","0","0","0","0","0","0","0","0","0","0","0","0","0","0","0","0","0","0","0","0","0","0","0","0","0","0","0","0","0"
"0x7b3fff769510","      STS [R10+0x80], R41","5","1","5","10752","344064","344064","32","32","0","0","Shared","Store","32","0","2","10752","21504","10752","0","0","0","0","-","0","0","0","0","0","0","0","0","0","0","0","0","0","0","1","0","0","4","0","0","0","0","0","0","0","0","0","0","0","0","0","1","0","0","0","0","0","0","0","0"
"0x7b3fff769520","      CS2R R46, SRZ","7","3","7","10752","344064","344064","32","32","0","0","-","-","-","0","0","0","0","0","0","0","0","0","-","0","0","0","0","0","0","0","0","2","0","0","0","0","0","0","0","0","2","0","3","0","0","0","0","0","0","0","0","0","0","0","0","0","0","0","0","3","0","0","0"
"0x7b3fff769530","      CS2R R28, SRZ","0","0","0","10752","344064","344064","32","32","0","0","-","-","-","0","0","0","0","0","0","0","0","0","-","0","0","0","0","0","0","0","0","0","0","0","0","0","0","0","0","0","0","0","0","0","0","0","0","0","0","0","0","0","0","0","0","0","0","0","0","0","0","0","0"
"0x7b3fff769540","      STS [R10+0xa0], R45","43","7","43","10752","344064","344064","32","32","0","0","Shared","Store","32","0","2","10752","21504","10752","0","0","0","0","-","0","0","0","0","0","0","0","0","5","0","0","0","0","0","11","0","0","27","0","0","0","0","0","0","0","0","0","0","0","0","0","7","0","0","0","0","0","0","0","0"
"0x7b3fff769550","      CS2R R42, SRZ","4","3","4","10752","344064","344064","32","32","0","0","-","-","-","0","0","0","0","0","0","0","0","0","-","0","0","0","0","0","0","0","0","0","0","0","0","0","0","0","0","0","0","1","3","0","0","0","0","0","0","0","0","0","0","0","0","0","0","0","0","3","0","0","0"
"0x7b3fff769560","      STS [R10+0xc0], R37","31","5","31","10752","344064","344064","32","32","0","0","Shared","Store","32","0","2","10752","21504","10752","0","0","0","0","-","0","0","0","0","0","0","0","0","7","0","0","0","0","0","6","0","0","18","0","0","0","0","0","0","0","1","0","0","0","0","0","4","0","0","0","0","0","0","0","0"
"0x7b3fff769570","      CS2R R40, SRZ","1","1","1","10752","344064","344064","32","32","0","0","-","-","-","0","0","0","0","0","0","0","0","0","-","0","0","0","0","0","0","0","0","0","0","0","0","0","0","0","0","0","0","0","1","0","0","0","0","0","0","0","0","0","0","0","0","0","0","0","0","1","0","0","0"
"0x7b3fff769580","      STS [R10+0xe0], R35","37","7","37","10752","344064","344064","32","32","0","0","Shared","Store","32","0","2","10752","21504","10752","0","0","0","0","-","0","0","0","0","0","0","0","0","5","0","0","0","0","0","13","0","0","18","0","0","0","0","1","0","0","0","0","0","0","0","0","7","0","0","0","0","0","0","0","0"
"0x7b3fff769590","      CS2R R44, SRZ","0","0","0","10752","344064","344064","32","32","0","0","-","-","-","0","0","0","0","0","0","0","0","0","-","0","0","0","0","0","0","0","0","0","0","0","0","0","0","0","0","0","0","0","0","0","0","0","0","0","0","0","0","0","0","0","0","0","0","0","0","0","0","0","0"
"0x7b3fff7695a0","      STS [R13], R9","28","1","28","10752","344064","344064","32","32","0","0","Shared","Store","32","0","2","10752","21504","10752","0","0","0","0","-","0","0","0","0","0","0","0","0","3","0","0","0","0","0","4","0","0","21","0","0","0","0","0","0","0","0","0","0","0","0","0","1","0","0","0","0","0","0","0","0"
"0x7b3fff7695b0","      STS [R13+0x20], R8","6","3","6","10752","344064","344064","32","32","0","0","Shared","Store","32","0","2","10752","21504","10752","0","0","0","0","-","0","0","0","0","0","0","0","0","0","0","0","0","0","0","3","0","0","3","0","0","0","0","0","0","0","0","0","0","0","0","0","3","0","0","0","0","0","0","0","0"
"0x7b3fff7695c0","      STS [R13+0x40], R7","11","2","11","10752","344064","344064","32","32","0","0","Shared","Store","32","0","2","10752","21504","10752","0","0","0","0","-","0","0","0","0","0","0","0","0","0","0","0","0","0","0","5","0","0","5","0","0","0","0","1","0","0","0","0","0","0","0","0","2","0","0","0","0","0","0","0","0"
"0x7b3fff7695d0","      STS [R13+0x60], R6","14","4","14","10752","344064","344064","32","32","0","0","Shared","Store","32","0","2","10752","21504","10752","0","0","0","0","-","0","0","0","0","0","0","0","0","0","0","0","0","0","0","6","0","0","8","0","0","0","0","0","0","0","0","0","0","0","0","0","4","0","0","0","0","0","0","0","0"
"0x7b3fff7695e0","      STS [R13+0x80], R5","9","1","9","10752","344064","344064","32","32","0","0","Shared","Store","32","0","2","10752","21504","10752","0","0","0","0","-","0","0","0","0","0","0","0","0","2","0","0","0","0","0","3","0","0","3","1","0","0","0","0","0","0","0","0","0","0","0","0","1","0","0","0","0","0","0","0","0"
"0x7b3fff7695f0","      STS [R13+0xa0], R4","13","3","13","10752","344064","344064","32","32","0","0","Shared","Store","32","0","2","10752","21504","10752","0","0","0","0","-","0","0","0","0","0","0","0","0","2","0","0","0","0","0","4","0","0","7","0","0","0","0","0","0","0","0","0","0","0","0","0","3","0","0","0","0","0","0","0","0"
"0x7b3fff769600","      STS [R13+0xc0], R3","9","1","9","10752","344064","344064","32","32","0","0","Shared","Store","32","0","2","10752","21504","10752","0","0","0","0","-","0","0","0","0","0","0","0","0","1","0","0","0","0","0","3","0","0","5","0","0","0","0","0","0","0","0","0","0","0","0","0","1","0","0","0","0","0","0","0","0"
"0x7b3fff769610","      STS [R13+0xe0], R14","14","2","14","10752","344064","344064","32","32","0","0","Shared","Store","32","0","2","10752","21504","10752","0","0","0","0","-","0","0","0","0","0","0","0","0","3","0","0","0","0","0","5","0","0","6","0","0","0","0","0","0","0","0","0","0","0","0","0","2","0","0","0","0","0","0","0","0"
"0x7b3fff769620","      BAR.SYNC.DEFER_BLOCKING 0x0","0","0","0","10752","344064","344064","32","32","0","0","-","-","-","0","0","0","0","0","0","0","0","0","-","0","0","0","0","0","0","0","0","0","0","0","0","0","0","0","0","0","0","0","0","0","0","0","0","0","0","0","0","0","0","0","0","0","0","0","0","0","0","0","0"
"0x7b3fff769630","      BRA.U !UP0, 0x7b3fff76c270","383","64","383","10752","344064","344064","32","32","0","0","-","-","-","0","0","0","0","0","0","0","0","0","-","0","0","0","0","0","0","383","0","0","0","0","0","0","0","0","0","0","0","0","0","0","0","0","64","0","0","0","0","0","0","0","0","0","0","0","0","0","0","0","0"
"0x7b3fff769640","      HFMA2 R69, -RZ, RZ, 0, 0","0","0","0","10752","344064","344064","32","32","0","0","-","-","-","0","0","0","0","0","0","0","0","0","-","0","0","0","0","0","0","0","0","0","0","0","0","0","0","0","0","0","0","0","0","0","0","0","0","0","0","0","0","0","0","0","0","0","0","0","0","0","0","0","0"
"0x7b3fff769650","      LDCU UR5, c[0x0][0x380]","0","0","0","10752","344064","344064","32","32","0","0","-","-","-","0","0","0","0","0","0","0","0","0","-","0","0","0","0","0","0","0","0","0","0","0","0","0","0","0","0","0","0","0","0","0","0","0","0","0","0","0","0","0","0","0","0","0","0","0","0","0","0","0","0"
"0x7b3fff769660","      LDCU UR11, c[0x0][0x384]","0","0","0","10752","344064","344064","32","32","0","0","-","-","-","0","0","0","0","0","0","0","0","0","-","0","0","0","0","0","0","0","0","0","0","0","0","0","0","0","0","0","0","0","0","0","0","0","0","0","0","0","0","0","0","0","0","0","0","0","0","0","0","0","0"
"0x7b3fff769670","      S2UR UR8, SR_CgaCtaId","94","24","94","333312","10665984","10665984","32","32","0","0","-","-","-","0","0","0","0","0","0","0","0","0","-","0","0","0","0","0","0","0","4","6","0","0","0","0","0","0","0","61","22","0","0","0","0","1","0","1","0","0","0","0","0","0","0","0","23","0","0","0","0","0","0"
"0x7b3fff769680","      UMOV UR6, 0x400","23","5","23","333312","10665984","10665984","32","32","0","0","-","-","-","0","0","0","0","0","0","0","0","0","-","0","0","0","0","0","0","0","0","3","0","0","0","0","0","0","0","11","6","3","0","0","0","0","0","0","0","0","0","0","0","0","0","0","5","0","0","0","0","0","0"
"0x7b3fff769690","      ISETP.GE.AND P1, PT, R36, UR5, PT","8","0","8","333312","10665984","10665984","32","32","0","0","-","-","-","0","0","0","0","0","0","0","0","0","-","0","0","0","0","0","0","0","0","1","0","0","0","0","0","0","0","0","1","6","0","0","0","0","0","0","0","0","0","0","0","0","0","0","0","0","0","0","0","0","0"
"0x7b3fff7696a0","      UIADD3 UR4, UPT, UPT, UR6, 0x1100, URZ","6","0","6","333312","10665984","10665984","32","32","0","0","-","-","-","0","0","0","0","0","0","0","0","0","-","0","0","0","0","0","0","0","0","2","0","0","0","0","0","0","0","1","0","3","0","0","0","0","0","0","0","0","0","0","0","0","0","0","0","0","0","0","0","0","0"
"0x7b3fff7696b0","      MOV R12, RZ","3","0","3","333312","10665984","10665984","32","32","0","0","-","-","-","0","0","0","0","0","0","0","0","0","-","0","0","0","0","0","0","0","0","0","0","0","0","0","0","0","0","0","0","3","0","0","0","0","0","0","0","0","0","0","0","0","0","0","0","0","0","0","0","0","0"
"0x7b3fff7696c0","@!P1  LEA R16, P0, R64, UR32, 0x2","130","8","130","333312","10665984","10665984","32","32","0","0","-","-","-","0","0","0","0","0","0","0","0","0","-","0","0","0","0","0","0","0","0","17","0","0","0","7","0","0","0","0","61","3","0","0","0","42","0","0","0","0","0","0","0","0","0","0","0","0","0","0","0","0","8"
"0x7b3fff7696d0","@!P1  LEA.HI.X R17, R64, UR33, R65, 0x2, P0","87","8","87","333312","10665984","10665984","32","32","0","0","-","-","-","0","0","0","0","0","0","0","0","0","-","0","0","0","0","0","0","0","0","11","0","0","0","6","0","0","0","0","54","2","0","0","0","14","0","0","1","0","0","0","0","0","0","0","0","1","0","0","0","0","6"
"0x7b3fff7696e0","      ULEA UR6, UR8, UR6, 0x18","27","10","27","333312","10665984","10665984","32","32","0","0","-","-","-","0","0","0","0","0","0","0","0","0","-","0","0","0","0","0","0","0","0","1","0","0","0","0","0","0","0","0","8","4","14","0","0","0","0","0","0","0","0","0","0","0","0","0","0","0","0","10","0","0","0"
"0x7b3fff7696f0","      ULEA UR8, UR8, UR4, 0x18","7","0","7","333312","10665984","10665984","32","32","0","0","-","-","-","0","0","0","0","0","0","0","0","0","-","0","0","0","0","0","0","0","0","1","0","0","0","0","0","0","0","0","0","6","0","0","0","0","0","0","0","0","0","0","0","0","0","0","0","0","0","0","0","0","0"
"0x7b3fff769700","@!P1  LDG.E.CONSTANT R12, desc[UR24][R16.64]","169","41","169","333312","10665984","10665984","32","32","0","0","Global","Load","32","666624","0","0","0","0","0","1333248","1333248","0","","0","0","0","0","0","0","0","0","19","0","3","0","0","0","52","0","0","81","6","0","0","0","8","0","0","1","0","3","0","0","0","35","0","0","0","0","0","0","0","2"
"0x7b3fff769710","      LEA R11, R0, UR6, 0x4","43","1","43","333312","10665984","10665984","32","32","0","0","-","-","-","0","0","0","0","0","0","0","0","0","-","0","0","0","0","0","0","0","0","8","0","0","0","2","0","0","0","0","26","6","0","0","0","1","0","0","0","0","0","0","0","0","0","0","0","0","0","0","0","0","1"
"0x7b3fff769720","      LEA R37, R2, UR8, 0x4","30","2","30","333312","10665984","10665984","32","32","0","0","-","-","-","0","0","0","0","0","0","0","0","0","-","0","0","0","0","0","0","0","0","3","0","0","0","2","0","0","0","0","18","2","0","0","0","5","0","0","0","0","0","0","1","0","0","0","0","0","0","0","0","0","1"
"0x7b3fff769730","      LDS.128 R32, [R11]","136","20","136","333312","10665984","10665984","32","32","0","0","Shared","Load","128","0","4","0","1333248","1333248","0","0","0","0","-","0","0","0","0","0","0","0","0","14","0","0","0","0","0","32","0","0","76","5","0","0","0","9","0","0","0","0","0","0","0","0","16","0","0","1","0","0","0","0","3"
"0x7b3fff769740","      LDS.128 R20, [R37]","84","23","84","333312","10665984","10665984","32","32","0","0","Shared","Load","128","0","2","0","666624","666624","0","0","0","0","-","0","0","0","0","0","0","0","0","6","0","0","0","0","0","26","0","0","37","3","0","0","0","12","0","0","1","0","0","0","0","0","19","0","0","0","0","0","0","0","3"
"0x7b3fff769750","      LDS.128 R24, [R11+0x80]","91","28","91","333312","10665984","10665984","32","32","0","0","Shared","Load","128","0","4","0","1333248","1333248","0","0","0","0","-","0","0","0","0","0","0","0","0","3","0","0","0","0","0","29","0","0","39","4","0","0","0","16","0","0","0","0","0","0","0","0","18","0","0","1","0","0","0","0","9"
"0x7b3fff769760","      LDS.128 R16, [R37+0x110]","97","23","97","333312","10665984","10665984","32","32","0","0","Shared","Load","128","0","2","0","666624","666624","0","0","0","0","-","0","0","0","0","0","0","0","0","5","0","0","2","0","0","32","0","0","31","3","0","0","0","24","0","0","0","0","0","2","0","0","17","0","0","0","0","0","0","0","4"
"0x7b3fff769770","      FFMA R70, R32, R20, R28","227","70","227","333312","10665984","10665984","32","32","0","0","-","-","-","0","0","0","0","0","0","0","0","0","-","0","0","0","0","0","0","0","0","5","0","0","0","0","0","0","0","0","24","8","190","0","0","0","0","0","0","0","0","0","0","0","0","0","0","0","0","70","0","0","0"
"0x7b3fff769780","      FFMA R71, R32, R21, R29","4","0","4","333312","10665984","10665984","32","32","0","0","-","-","-","0","0","0","0","0","0","0","0","0","-","0","0","0","0","0","0","0","0","2","0","0","0","0","0","0","0","0","0","2","0","0","0","0","0","0","0","0","0","0","0","0","0","0","0","0","0","0","0","0","0"
"0x7b3fff769790","      FFMA R72, R32, R22, R30","6","0","6","333312","10665984","10665984","32","32","0","0","-","-","-","0","0","0","0","0","0","0","0","0","-","0","0","0","0","0","0","0","0","1","0","0","0","0","0","0","0","0","0","5","0","0","0","0","0","0","0","0","0","0","0","0","0","0","0","0","0","0","0","0","0"
"0x7b3fff7697a0","      FFMA R73, R32, R23, R31","6","0","6","333312","10665984","10665984","32","32","0","0","-","-","-","0","0","0","0","0","0","0","0","0","-","0","0","0","0","0","0","0","0","0","0","0","0","0","0","0","0","0","0","6","0","0","0","0","0","0","0","0","0","0","0","0","0","0","0","0","0","0","0","0","0"
"0x7b3fff7697b0","      LDS.128 R28, [R11+0x110]","118","25","118","333312","10665984","10665984","32","32","0","0","Shared","Load","128","0","4","0","1333248","1333248","0","0","0","0","-","0","0","0","0","0","0","0","0","15","0","0","0","0","0","40","0","0","50","5","0","0","0","8","0","0","0","0","0","0","0","0","24","0","0","1","0","0","0","0","0"
"0x7b3fff7697c0","      FFMA R51, R33, R20, R51","2","0","2","333312","10665984","10665984","32","32","0","0","-","-","-","0","0","0","0","0","0","0","0","0","-","0","0","0","0","0","0","0","0","2","0","0","0","0","0","0","0","0","0","0","0","0","0","0","0","0","0","0","0","0","0","0","0","0","0","0","0","0","0","0","0"
"0x7b3fff7697d0","      FFMA R52, R33, R21, R52","3","0","3","333312","10665984","10665984","32","32","0","0","-","-","-","0","0","0","0","0","0","0","0","0","-","0","0","0","0","0","0","0","0","0","0","0","0","0","0","0","0","0","0","3","0","0","0","0","0","0","0","0","0","0","0","0","0","0","0","0","0","0","0","0","0"
"0x7b3fff7697e0","      FFMA R53, R33, R22, R53","5","0","5","333312","10665984","10665984","32","32","0","0","-","-","-","0","0","0","0","0","0","0","0","0","-","0","0","0","0","0","0","0","0","2","0","0","0","0","0","0","0","0","0","3","0","0","0","0","0","0","0","0","0","0","0","0","0","0","0","0","0","0","0","0","0"
"0x7b3fff7697f0","      FFMA R56, R33, R23, R56","5","0","5","333312","10665984","10665984","32","32","0","0","-","-","-","0","0","0","0","0","0","0","0","0","-","0","0","0","0","0","0","0","0","0","0","0","0","0","0","0","0","0","0","5","0","0","0","0","0","0","0","0","0","0","0","0","0","0","0","0","0","0","0","0","0"
"0x7b3fff769800","      FFMA R57, R34, R20, R57","3","0","3","333312","10665984","10665984","32","32","0","0","-","-","-","0","0","0","0","0","0","0","0","0","-","0","0","0","0","0","0","0","0","0","0","0","0","0","0","0","0","0","0","3","0","0","0","0","0","0","0","0","0","0","0","0","0","0","0","0","0","0","0","0","0"
"0x7b3fff769810","      FFMA R58, R34, R21, R58","5","0","5","333312","10665984","10665984","32","32","0","0","-","-","-","0","0","0","0","0","0","0","0","0","-","0","0","0","0","0","0","0","0","0","0","0","0","0","0","0","0","0","0","5","0","0","0","0","0","0","0","0","0","0","0","0","0","0","0","0","0","0","0","0","0"
"0x7b3fff769820","      FFMA R59, R34, R22, R59","8","0","8","333312","10665984","10665984","32","32","0","0","-","-","-","0","0","0","0","0","0","0","0","0","-","0","0","0","0","0","0","0","0","0","0","0","0","0","0","0","0","0","0","8","0","0","0","0","0","0","0","0","0","0","0","0","0","0","0","0","0","0","0","0","0"
"0x7b3fff769830","      FFMA R63, R34, R23, R63","2","0","2","333312","10665984","10665984","32","32","0","0","-","-","-","0","0","0","0","0","0","0","0","0","-","0","0","0","0","0","0","0","0","0","0","0","0","0","0","0","0","0","0","2","0","0","0","0","0","0","0","0","0","0","0","0","0","0","0","0","0","0","0","0","0"
"0x7b3fff769840","      FFMA R45, R35, R20, R45","4","0","4","333312","10665984","10665984","32","32","0","0","-","-","-","0","0","0","0","0","0","0","0","0","-","0","0","0","0","0","0","0","0","0","0","0","0","0","0","0","0","0","0","4","0","0","0","0","0","0","0","0","0","0","0","0","0","0","0","0","0","0","0","0","0"
"0x7b3fff769850","      FFMA R46, R35, R21, R46","5","0","5","333312","10665984","10665984","32","32","0","0","-","-","-","0","0","0","0","0","0","0","0","0","-","0","0","0","0","0","0","0","0","0","0","0","0","0","0","0","0","0","0","5","0","0","0","0","0","0","0","0","0","0","0","0","0","0","0","0","0","0","0","0","0"
"0x7b3fff769860","      FFMA R44, R35, R22, R44","5","0","5","333312","10665984","10665984","32","32","0","0","-","-","-","0","0","0","0","0","0","0","0","0","-","0","0","0","0","0","0","0","0","0","0","0","0","0","0","0","0","0","0","5","0","0","0","0","0","0","0","0","0","0","0","0","0","0","0","0","0","0","0","0","0"
"0x7b3fff769870","      FFMA R47, R35, R23, R47","8","0","8","333312","10665984","10665984","32","32","0","0","-","-","-","0","0","0","0","0","0","0","0","0","-","0","0","0","0","0","0","0","0","0","0","0","0","0","0","0","0","0","0","8","0","0","0","0","0","0","0","0","0","0","0","0","0","0","0","0","0","0","0","0","0"
"0x7b3fff769880","      LDS.128 R32, [R11+0x190]","107","17","107","333312","10665984","10665984","32","32","0","0","Shared","Load","128","0","4","0","1333248","1333248","0","0","0","0","-","0","0","0","0","0","0","0","0","17","0","0","0","0","0","26","0","2","52","5","0","0","0","5","0","0","1","0","0","0","0","0","16","0","0","0","0","0","0","0","0"
"0x7b3fff769890","      FFMA R48, R24, R20, R48","16","3","16","333312","10665984","10665984","32","32","0","0","-","-","-","0","0","0","0","0","0","0","0","0","-","0","0","0","0","0","0","0","0","1","0","0","0","0","0","0","0","0","0","8","7","0","0","0","0","0","0","0","0","0","0","0","0","0","0","0","0","3","0","0","0"
"0x7b3fff7698a0","      FFMA R49, R24, R21, R49","4","0","4","333312","10665984","10665984","32","32","0","0","-","-","-","0","0","0","0","0","0","0","0","0","-","0","0","0","0","0","0","0","0","0","0","0","0","0","0","0","0","0","0","4","0","0","0","0","0","0","0","0","0","0","0","0","0","0","0","0","0","0","0","0","0"
"0x7b3fff7698b0","      FFMA R50, R24, R22, R50","2","0","2","333312","10665984","10665984","32","32","0","0","-","-","-","0","0","0","0","0","0","0","0","0","-","0","0","0","0","0","0","0","0","0","0","0","0","0","0","0","0","0","0","2","0","0","0","0","0","0","0","0","0","0","0","0","0","0","0","0","0","0","0","0","0"
"0x7b3fff7698c0","      FFMA R60, R24, R23, R60","4","0","4","333312","10665984","10665984","32","32","0","0","-","-","-","0","0","0","0","0","0","0","0","0","-","0","0","0","0","0","0","0","0","1","0","0","0","0","0","0","0","0","0","3","0","0","0","0","0","0","0","0","0","0","0","0","0","0","0","0","0","0","0","0","0"
"0x7b3fff7698d0","      FFMA R61, R25, R20, R61","8","0","8","333312","10665984","10665984","32","32","0","0","-","-","-","0","0","0","0","0","0","0","0","0","-","0","0","0","0","0","0","0","0","0","0","0","0","0","0","0","0","0","0","8","0","0","0","0","0","0","0","0","0","0","0","0","0","0","0","0","0","0","0","0","0"
"0x7b3fff7698e0","      FFMA R39, R25, R21, R39","4","0","4","333312","10665984","10665984","32","32","0","0","-","-","-","0","0","0","0","0","0","0","0","0","-","0","0","0","0","0","0","0","0","1","0","0","0","0","0","0","0","0","0","3","0","0","0","0","0","0","0","0","0","0","0","0","0","0","0","0","0","0","0","0","0"
"0x7b3fff7698f0","      FFMA R38, R25, R22, R38","5","0","5","333312","10665984","10665984","32","32","0","0","-","-","-","0","0","0","0","0","0","0","0","0","-","0","0","0","0","0","0","0","0","1","0","0","0","0","0","0","0","0","0","4","0","0","0","0","0","0","0","0","0","0","0","0","0","0","0","0","0","0","0","0","0"
"0x7b3fff769900","      FFMA R42, R25, R23, R42","10","0","10","333312","10665984","10665984","32","32","0","0","-","-","-","0","0","0","0","0","0","0","0","0","-","0","0","0","0","0","0","0","0","1","0","0","0","0","0","0","0","0","2","7","0","0","0","0","0","0","0","0","0","0","0","0","0","0","0","0","0","0","0","0","0"
"0x7b3fff769910","      FFMA R41, R26, R20, R41","6","0","6","333312","10665984","10665984","32","32","0","0","-","-","-","0","0","0","0","0","0","0","0","0","-","0","0","0","0","0","0","0","0","0","0","0","0","0","0","0","0","0","0","6","0","0","0","0","0","0","0","0","0","0","0","0","0","0","0","0","0","0","0","0","0"
"0x7b3fff769920","      FFMA R43, R26, R21, R43","3","0","3","333312","10665984","10665984","32","32","0","0","-","-","-","0","0","0","0","0","0","0","0","0","-","0","0","0","0","0","0","0","0","1","0","0","0","0","0","0","0","0","0","2","0","0","0","0","0","0","0","0","0","0","0","0","0","0","0","0","0","0","0","0","0"
"0x7b3fff769930","      FFMA R40, R26, R22, R40","14","0","14","333312","10665984","10665984","32","32","0","0","-","-","-","0","0","0","0","0","0","0","0","0","-","0","0","0","0","0","0","0","0","6","0","0","0","0","0","0","0","0","0","8","0","0","0","0","0","0","0","0","0","0","0","0","0","0","0","0","0","0","0","0","0"
"0x7b3fff769940","      FFMA R62, R26, R23, R62","4","0","4","333312","10665984","10665984","32","32","0","0","-","-","-","0","0","0","0","0","0","0","0","0","-","0","0","0","0","0","0","0","0","0","0","0","0","0","0","0","0","0","0","4","0","0","0","0","0","0","0","0","0","0","0","0","0","0","0","0","0","0","0","0","0"
"0x7b3fff769950","      FFMA R66, R27, R20, R66","9","0","9","333312","10665984","10665984","32","32","0","0","-","-","-","0","0","0","0","0","0","0","0","0","-","0","0","0","0","0","0","0","0","0","0","0","0","0","0","0","0","0","0","9","0","0","0","0","0","0","0","0","0","0","0","0","0","0","0","0","0","0","0","0","0"
"0x7b3fff769960","      FFMA R67, R27, R21, R67","8","0","8","333312","10665984","10665984","32","32","0","0","-","-","-","0","0","0","0","0","0","0","0","0","-","0","0","0","0","0","0","0","0","3","0","0","0","0","0","0","0","0","0","5","0","0","0","0","0","0","0","0","0","0","0","0","0","0","0","0","0","0","0","0","0"
"0x7b3fff769970","      FFMA R68, R27, R22, R68","8","0","8","333312","10665984","10665984","32","32","0","0","-","-","-","0","0","0","0","0","0","0","0","0","-","0","0","0","0","0","0","0","0","0","0","0","0","0","0","0","0","0","0","8","0","0","0","0","0","0","0","0","0","0","0","0","0","0","0","0","0","0","0","0","0"
"0x7b3fff769980","      FFMA R69, R27, R23, R69","7","0","7","333312","10665984","10665984","32","32","0","0","-","-","-","0","0","0","0","0","0","0","0","0","-","0","0","0","0","0","0","0","0","1","0","0","0","0","0","0","0","2","0","4","0","0","0","0","0","0","0","0","0","0","0","0","0","0","0","0","0","0","0","0","0"
"0x7b3fff769990","      LDS.128 R20, [R11+0x220]","104","11","104","333312","10665984","10665984","32","32","0","0","Shared","Load","128","0","4","0","1333248","1333248","0","0","0","0","-","0","0","0","0","0","0","0","0","24","0","0","0","0","0","16","0","0","57","4","0","0","0","3","0","0","1","0","0","0","0","0","8","0","0","1","0","0","0","0","1"
"0x7b3fff7699a0","      LDS.128 R24, [R37+0x220]","99","26","99","333312","10665984","10665984","32","32","0","0","Shared","Load","128","0","2","0","666624","666624","0","0","0","0","-","0","0","0","0","0","0","0","0","6","0","0","0","0","0","38","0","0","39","5","0","0","0","11","0","0","0","0","0","0","0","0","20","0","0","0","0","0","0","0","6"
"0x7b3fff7699b0","      FFMA R70, R28, R16, R70","110","26","110","333312","10665984","10665984","32","32","0","0","-","-","-","0","0","0","0","0","0","0","0","0","-","0","0","0","0","0","0","0","0","4","0","0","0","0","0","0","0","0","12","5","89","0","0","0","0","0","0","0","0","0","0","0","0","0","0","0","0","26","0","0","0"
"0x7b3fff7699c0","      FFMA R71, R28, R17, R71","7","0","7","333312","10665984","10665984","32","32","0","0","-","-","-","0","0","0","0","0","0","0","0","0","-","0","0","0","0","0","0","0","0","1","0","0","0","0","0","0","0","0","0","6","0","0","0","0","0","0","0","0","0","0","0","0","0","0","0","0","0","0","0","0","0"
"0x7b3fff7699d0","      FFMA R72, R28, R18, R72","7","0","7","333312","10665984","10665984","32","32","0","0","-","-","-","0","0","0","0","0","0","0","0","0","-","0","0","0","0","0","0","0","0","2","0","0","0","0","0","0","0","0","0","5","0","0","0","0","0","0","0","0","0","0","0","0","0","0","0","0","0","0","0","0","0"
"0x7b3fff7699e0","      FFMA R73, R28, R19, R73","3","0","3","333312","10665984","10665984","32","32","0","0","-","-","-","0","0","0","0","0","0","0","0","0","-","0","0","0","0","0","0","0","0","0","0","0","0","0","0","0","0","0","0","3","0","0","0","0","0","0","0","0","0","0","0","0","0","0","0","0","0","0","0","0","0"
"0x7b3fff7699f0","      FFMA R51, R29, R16, R51","11","0","11","333312","10665984","10665984","32","32","0","0","-","-","-","0","0","0","0","0","0","0","0","0","-","0","0","0","0","0","0","0","0","1","0","0","0","0","0","0","0","0","0","10","0","0","0","0","0","0","0","0","0","0","0","0","0","0","0","0","0","0","0","0","0"
"0x7b3fff769a00","      FFMA R52, R29, R17, R52","4","0","4","333312","10665984","10665984","32","32","0","0","-","-","-","0","0","0","0","0","0","0","0","0","-","0","0","0","0","0","0","0","0","1","0","0","0","0","0","0","0","0","0","3","0","0","0","0","0","0","0","0","0","0","0","0","0","0","0","0","0","0","0","0","0"
"0x7b3fff769a10","      FFMA R53, R29, R18, R53","7","0","7","333312","10665984","10665984","32","32","0","0","-","-","-","0","0","0","0","0","0","0","0","0","-","0","0","0","0","0","0","0","0","0","0","0","0","0","0","0","0","0","0","7","0","0","0","0","0","0","0","0","0","0","0","0","0","0","0","0","0","0","0","0","0"
"0x7b3fff769a20","      FFMA R56, R29, R19, R56","0","0","0","333312","10665984","10665984","32","32","0","0","-","-","-","0","0","0","0","0","0","0","0","0","-","0","0","0","0","0","0","0","0","0","0","0","0","0","0","0","0","0","0","0","0","0","0","0","0","0","0","0","0","0","0","0","0","0","0","0","0","0","0","0","0"
"0x7b3fff769a30","      FFMA R57, R30, R16, R57","5","0","5","333312","10665984","10665984","32","32","0","0","-","-","-","0","0","0","0","0","0","0","0","0","-","0","0","0","0","0","0","0","0","1","0","0","0","0","0","0","0","0","0","4","0","0","0","0","0","0","0","0","0","0","0","0","0","0","0","0","0","0","0","0","0"
"0x7b3fff769a40","      FFMA R58, R30, R17, R58","12","0","12","333312","10665984","10665984","32","32","0","0","-","-","-","0","0","0","0","0","0","0","0","0","-","0","0","0","0","0","0","0","0","8","0","0","0","0","0","0","0","0","0","4","0","0","0","0","0","0","0","0","0","0","0","0","0","0","0","0","0","0","0","0","0"
"0x7b3fff769a50","      FFMA R59, R30, R18, R59","4","0","4","333312","10665984","10665984","32","32","0","0","-","-","-","0","0","0","0","0","0","0","0","0","-","0","0","0","0","0","0","0","0","0","0","0","0","0","0","0","0","0","0","4","0","0","0","0","0","0","0","0","0","0","0","0","0","0","0","0","0","0","0","0","0"
"0x7b3fff769a60","      FFMA R63, R30, R19, R63","6","0","6","333312","10665984","10665984","32","32","0","0","-","-","-","0","0","0","0","0","0","0","0","0","-","0","0","0","0","0","0","0","0","1","0","0","0","0","0","0","0","0","0","5","0","0","0","0","0","0","0","0","0","0","0","0","0","0","0","0","0","0","0","0","0"
"0x7b3fff769a70","      FFMA R45, R31, R16, R45","10","0","10","333312","10665984","10665984","32","32","0","0","-","-","-","0","0","0","0","0","0","0","0","0","-","0","0","0","0","0","0","0","0","2","0","0","0","0","0","0","0","0","0","8","0","0","0","0","0","0","0","0","0","0","0","0","0","0","0","0","0","0","0","0","0"
"0x7b3fff769a80","      FFMA R46, R31, R17, R46","5","0","5","333312","10665984","10665984","32","32","0","0","-","-","-","0","0","0","0","0","0","0","0","0","-","0","0","0","0","0","0","0","0","0","0","0","0","0","0","0","0","0","0","5","0","0","0","0","0","0","0","0","0","0","0","0","0","0","0","0","0","0","0","0","0"
"0x7b3fff769a90","      FFMA R44, R31, R18, R44","0","0","0","333312","10665984","10665984","32","32","0","0","-","-","-","0","0","0","0","0","0","0","0","0","-","0","0","0","0","0","0","0","0","0","0","0","0","0","0","0","0","0","0","0","0","0","0","0","0","0","0","0","0","0","0","0","0","0","0","0","0","0","0","0","0"
"0x7b3fff769aa0","      FFMA R47, R31, R19, R47","5","0","5","333312","10665984","10665984","32","32","0","0","-","-","-","0","0","0","0","0","0","0","0","0","-","0","0","0","0","0","0","0","0","0","0","0","0","0","0","0","0","0","0","5","0","0","0","0","0","0","0","0","0","0","0","0","0","0","0","0","0","0","0","0","0"
"0x7b3fff769ab0","      LDS.128 R28, [R11+0x2a0]","108","16","108","333312","10665984","10665984","32","32","0","0","Shared","Load","128","0","4","0","1333248","1333248","0","0","0","0","-","0","0","0","0","0","0","0","0","14","0","0","0","0","0","27","0","0","51","4","0","0","0","12","0","0","0","0","0","0","0","0","15","0","0","0","0","0","0","0","1"
"0x7b3fff769ac0","      FFMA R48, R32, R16, R48","18","5","18","333312","10665984","10665984","32","32","0","0","-","-","-","0","0","0","0","0","0","0","0","0","-","0","0","0","0","0","0","0","0","1","0","0","0","0","0","0","0","0","6","6","5","0","0","0","0","0","0","0","0","0","0","0","0","0","0","1","0","4","0","0","0"
"0x7b3fff769ad0","      FFMA R49, R32, R17, R49","4","0","4","333312","10665984","10665984","32","32","0","0","-","-","-","0","0","0","0","0","0","0","0","0","-","0","0","0","0","0","0","0","0","0","0","0","0","0","0","0","0","0","0","4","0","0","0","0","0","0","0","0","0","0","0","0","0","0","0","0","0","0","0","0","0"
"0x7b3fff769ae0","      FFMA R50, R32, R18, R50","5","0","5","333312","10665984","10665984","32","32","0","0","-","-","-","0","0","0","0","0","0","0","0","0","-","0","0","0","0","0","0","0","0","0","0","0","0","0","0","0","0","0","0","5","0","0","0","0","0","0","0","0","0","0","0","0","0","0","0","0","0","0","0","0","0"
"0x7b3fff769af0","      FFMA R60, R32, R19, R60","2","0","2","333312","10665984","10665984","32","32","0","0","-","-","-","0","0","0","0","0","0","0","0","0","-","0","0","0","0","0","0","0","0","0","0","0","0","0","0","0","0","0","0","2","0","0","0","0","0","0","0","0","0","0","0","0","0","0","0","0","0","0","0","0","0"
"0x7b3fff769b00","      FFMA R61, R33, R16, R61","6","0","6","333312","10665984","10665984","32","32","0","0","-","-","-","0","0","0","0","0","0","0","0","0","-","0","0","0","0","0","0","0","0","0","0","0","0","0","0","0","0","0","1","5","0","0","0","0","0","0","0","0","0","0","0","0","0","0","0","0","0","0","0","0","0"
"0x7b3fff769b10","      FFMA R39, R33, R17, R39","8","0","8","333312","10665984","10665984","32","32","0","0","-","-","-","0","0","0","0","0","0","0","0","0","-","0","0","0","0","0","0","0","0","2","0","0","0","0","0","0","0","0","0","6","0","0","0","0","0","0","0","0","0","0","0","0","0","0","0","0","0","0","0","0","0"
"0x7b3fff769b20","      FFMA R38, R33, R18, R38","3","0","3","333312","10665984","10665984","32","32","0","0","-","-","-","0","0","0","0","0","0","0","0","0","-","0","0","0","0","0","0","0","0","0","0","0","0","0","0","0","0","0","0","3","0","0","0","0","0","0","0","0","0","0","0","0","0","0","0","0","0","0","0","0","0"
"0x7b3fff769b30","      FFMA R42, R33, R19, R42","3","0","3","333312","10665984","10665984","32","32","0","0","-","-","-","0","0","0","0","0","0","0","0","0","-","0","0","0","0","0","0","0","0","0","0","0","0","0","0","0","0","0","0","3","0","0","0","0","0","0","0","0","0","0","0","0","0","0","0","0","0","0","0","0","0"
"0x7b3fff769b40","      FFMA R41, R34, R16, R41","7","0","7","333312","10665984","10665984","32","32","0","0","-","-","-","0","0","0","0","0","0","0","0","0","-","0","0","0","0","0","0","0","0","0","0","0","0","0","0","0","0","0","0","7","0","0","0","0","0","0","0","0","0","0","0","0","0","0","0","0","0","0","0","0","0"
"0x7b3fff769b50","      FFMA R43, R34, R17, R43","4","0","4","333312","10665984","10665984","32","32","0","0","-","-","-","0","0","0","0","0","0","0","0","0","-","0","0","0","0","0","0","0","0","2","0","0","0","0","0","0","0","0","0","2","0","0","0","0","0","0","0","0","0","0","0","0","0","0","0","0","0","0","0","0","0"
"0x7b3fff769b60","      FFMA R40, R34, R18, R40","10","0","10","333312","10665984","10665984","32","32","0","0","-","-","-","0","0","0","0","0","0","0","0","0","-","0","0","0","0","0","0","0","0","5","0","0","0","0","0","0","0","0","0","5","0","0","0","0","0","0","0","0","0","0","0","0","0","0","0","0","0","0","0","0","0"
"0x7b3fff769b70","      FFMA R62, R34, R19, R62","6","0","6","333312","10665984","10665984","32","32","0","0","-","-","-","0","0","0","0","0","0","0","0","0","-","0","0","0","0","0","0","0","0","0","0","0","0","0","0","0","0","0","0","6","0","0","0","0","0","0","0","0","0","0","0","0","0","0","0","0","0","0","0","0","0"
"0x7b3fff769b80","      FFMA R66, R35, R16, R66","5","0","5","333312","10665984","10665984","32","32","0","0","-","-","-","0","0","0","0","0","0","0","0","0","-","0","0","0","0","0","0","0","0","0","0","0","0","0","0","0","0","0","0","5","0","0","0","0","0","0","0","0","0","0","0","0","0","0","0","0","0","0","0","0","0"
"0x7b3fff769b90","      FFMA R67, R35, R17, R67","3","0","3","333312","10665984","10665984","32","32","0","0","-","-","-","0","0","0","0","0","0","0","0","0","-","0","0","0","0","0","0","0","0","0","0","0","0","0","0","0","0","0","0","3","0","0","0","0","0","0","0","0","0","0","0","0","0","0","0","0","0","0","0","0","0"
"0x7b3fff769ba0","      FFMA R68, R35, R18, R68","5","0","5","333312","10665984","10665984","32","32","0","0","-","-","-","0","0","0","0","0","0","0","0","0","-","0","0","0","0","0","0","0","0","0","0","0","0","0","0","0","0","0","0","5","0","0","0","0","0","0","0","0","0","0","0","0","0","0","0","0","0","0","0","0","0"
"0x7b3fff769bb0","      FFMA R69, R35, R19, R69","2","0","2","333312","10665984","10665984","32","32","0","0","-","-","-","0","0","0","0","0","0","0","0","0","-","0","0","0","0","0","0","0","0","0","0","0","0","0","0","0","0","0","0","2","0","0","0","0","0","0","0","0","0","0","0","0","0","0","0","0","0","0","0","0","0"
"0x7b3fff769bc0","      LDS.128 R32, [R11+0x330]","123","15","123","333312","10665984","10665984","32","32","0","0","Shared","Load","128","0","4","0","1333248","1333248","0","0","0","0","-","0","0","0","0","0","0","0","0","19","0","0","0","0","0","17","0","0","80","3","0","0","0","4","0","0","2","0","0","0","0","0","12","0","0","0","0","0","0","0","1"
"0x7b3fff769bd0","      LDS.128 R16, [R37+0x330]","91","15","91","333312","10665984","10665984","32","32","0","0","Shared","Load","128","0","2","0","666624","666624","0","0","0","0","-","0","0","0","0","0","0","0","0","10","0","0","0","0","0","23","0","0","38","6","0","0","0","14","0","0","0","0","0","0","0","0","11","0","0","0","0","0","0","0","4"
"0x7b3fff769be0","      FFMA R70, R20, R24, R70","27","10","27","333312","10665984","10665984","32","32","0","0","-","-","-","0","0","0","0","0","0","0","0","0","-","0","0","0","0","0","0","0","0","1","0","0","0","0","0","0","0","0","8","2","16","0","0","0","0","0","0","0","0","0","0","0","0","0","0","0","0","10","0","0","0"
"0x7b3fff769bf0","      FFMA R71, R20, R25, R71","4","0","4","333312","10665984","10665984","32","32","0","0","-","-","-","0","0","0","0","0","0","0","0","0","-","0","0","0","0","0","0","0","0","1","0","0","0","0","0","0","0","0","0","3","0","0","0","0","0","0","0","0","0","0","0","0","0","0","0","0","0","0","0","0","0"
"0x7b3fff769c00","      FFMA R72, R20, R26, R72","4","0","4","333312","10665984","10665984","32","32","0","0","-","-","-","0","0","0","0","0","0","0","0","0","-","0","0","0","0","0","0","0","0","0","0","0","0","0","0","0","0","0","0","4","0","0","0","0","0","0","0","0","0","0","0","0","0","0","0","0","0","0","0","0","0"
"0x7b3fff769c10","      FFMA R73, R20, R27, R73","3","0","3","333312","10665984","10665984","32","32","0","0","-","-","-","0","0","0","0","0","0","0","0","0","-","0","0","0","0","0","0","0","0","0","0","0","0","0","0","0","0","0","0","3","0","0","0","0","0","0","0","0","0","0","0","0","0","0","0","0","0","0","0","0","0"
"0x7b3fff769c20","      FFMA R51, R21, R24, R51","6","0","6","333312","10665984","10665984","32","32","0","0","-","-","-","0","0","0","0","0","0","0","0","0","-","0","0","0","0","0","0","0","0","1","0","0","0","0","0","0","0","0","0","5","0","0","0","0","0","0","0","0","0","0","0","0","0","0","0","0","0","0","0","0","0"
"0x7b3fff769c30","      FFMA R52, R21, R25, R52","3","0","3","333312","10665984","10665984","32","32","0","0","-","-","-","0","0","0","0","0","0","0","0","0","-","0","0","0","0","0","0","0","0","0","0","0","0","0","0","0","0","0","0","3","0","0","0","0","0","0","0","0","0","0","0","0","0","0","0","0","0","0","0","0","0"
"0x7b3fff769c40","      FFMA R53, R21, R26, R53","4","0","4","333312","10665984","10665984","32","32","0","0","-","-","-","0","0","0","0","0","0","0","0","0","-","0","0","0","0","0","0","0","0","1","0","0","0","0","0","0","0","0","0","3","0","0","0","0","0","0","0","0","0","0","0","0","0","0","0","0","0","0","0","0","0"
"0x7b3fff769c50","      FFMA R56, R21, R27, R56","5","0","5","333312","10665984","10665984","32","32","0","0","-","-","-","0","0","0","0","0","0","0","0","0","-","0","0","0","0","0","0","0","0","0","0","0","0","0","0","0","0","0","0","5","0","0","0","0","0","0","0","0","0","0","0","0","0","0","0","0","0","0","0","0","0"
"0x7b3fff769c60","      FFMA R57, R22, R24, R57","7","0","7","333312","10665984","10665984","32","32","0","0","-","-","-","0","0","0","0","0","0","0","0","0","-","0","0","0","0","0","0","0","0","2","0","0","0","0","0","0","0","0","0","5","0","0","0","0","0","0","0","0","0","0","0","0","0","0","0","0","0","0","0","0","0"
"0x7b3fff769c70","      FFMA R58, R22, R25, R58","10","0","10","333312","10665984","10665984","32","32","0","0","-","-","-","0","0","0","0","0","0","0","0","0","-","0","0","0","0","0","0","0","0","2","0","0","0","0","0","0","0","0","0","8","0","0","0","0","0","0","0","0","0","0","0","0","0","0","0","0","0","0","0","0","0"
"0x7b3fff769c80","      FFMA R59, R22, R26, R59","3","0","3","333312","10665984","10665984","32","32","0","0","-","-","-","0","0","0","0","0","0","0","0","0","-","0","0","0","0","0","0","0","0","0","0","0","0","0","0","0","0","1","0","2","0","0","0","0","0","0","0","0","0","0","0","0","0","0","0","0","0","0","0","0","0"
"0x7b3fff769c90","      FFMA R63, R22, R27, R63","4","0","4","333312","10665984","10665984","32","32","0","0","-","-","-","0","0","0","0","0","0","0","0","0","-","0","0","0","0","0","0","0","0","0","0","0","0","0","0","0","0","0","0","4","0","0","0","0","0","0","0","0","0","0","0","0","0","0","0","0","0","0","0","0","0"
"0x7b3fff769ca0","      FFMA R45, R23, R24, R45","7","0","7","333312","10665984","10665984","32","32","0","0","-","-","-","0","0","0","0","0","0","0","0","0","-","0","0","0","0","0","0","0","0","0","0","0","0","0","0","0","0","0","0","7","0","0","0","0","0","0","0","0","0","0","0","0","0","0","0","0","0","0","0","0","0"
"0x7b3fff769cb0","      FFMA R46, R23, R25, R46","5","0","5","333312","10665984","10665984","32","32","0","0","-","-","-","0","0","0","0","0","0","0","0","0","-","0","0","0","0","0","0","0","0","1","0","0","0","0","0","0","0","0","0","4","0","0","0","0","0","0","0","0","0","0","0","0","0","0","0","0","0","0","0","0","0"
"0x7b3fff769cc0","      FFMA R44, R23, R26, R44","7","0","7","333312","10665984","10665984","32","32","0","0","-","-","-","0","0","0","0","0","0","0","0","0","-","0","0","0","0","0","0","0","0","0","0","0","0","0","0","0","0","0","0","7","0","0","0","0","0","0","0","0","0","0","0","0","0","0","0","0","0","0","0","0","0"
"0x7b3fff769cd0","      FFMA R47, R23, R27, R47","5","0","5","333312","10665984","10665984","32","32","0","0","-","-","-","0","0","0","0","0","0","0","0","0","-","0","0","0","0","0","0","0","0","0","0","0","0","0","0","0","0","0","0","5","0","0","0","0","0","0","0","0","0","0","0","0","0","0","0","0","0","0","0","0","0"
"0x7b3fff769ce0","      LDS.128 R20, [R11+0x3b0]","121","14","121","333312","10665984","10665984","32","32","0","0","Shared","Load","128","0","4","0","1333248","1333248","0","0","0","0","-","0","0","0","0","0","0","0","0","13","0","0","0","0","0","20","0","0","79","3","0","0","0","6","0","0","1","0","0","0","0","0","13","0","0","0","0","0","0","0","0"
"0x7b3fff769cf0","      FFMA R48, R28, R24, R48","63","16","63","333312","10665984","10665984","32","32","0","0","-","-","-","0","0","0","0","0","0","0","0","0","-","0","0","0","0","0","0","0","0","2","0","0","0","0","0","0","0","0","9","2","50","0","0","0","0","0","0","0","0","0","0","0","0","0","0","0","0","16","0","0","0"
"0x7b3fff769d00","      FFMA R49, R28, R25, R49","2","0","2","333312","10665984","10665984","32","32","0","0","-","-","-","0","0","0","0","0","0","0","0","0","-","0","0","0","0","0","0","0","0","1","0","0","0","0","0","0","0","0","0","1","0","0","0","0","0","0","0","0","0","0","0","0","0","0","0","0","0","0","0","0","0"
"0x7b3fff769d10","      FFMA R50, R28, R26, R50","4","0","4","333312","10665984","10665984","32","32","0","0","-","-","-","0","0","0","0","0","0","0","0","0","-","0","0","0","0","0","0","0","0","1","0","0","0","0","0","0","0","0","0","3","0","0","0","0","0","0","0","0","0","0","0","0","0","0","0","0","0","0","0","0","0"
"0x7b3fff769d20","      FFMA R60, R28, R27, R60","3","0","3","333312","10665984","10665984","32","32","0","0","-","-","-","0","0","0","0","0","0","0","0","0","-","0","0","0","0","0","0","0","0","0","0","0","0","0","0","0","0","0","0","3","0","0","0","0","0","0","0","0","0","0","0","0","0","0","0","0","0","0","0","0","0"
"0x7b3fff769d30","      FFMA R61, R29, R24, R61","2","0","2","333312","10665984","10665984","32","32","0","0","-","-","-","0","0","0","0","0","0","0","0","0","-","0","0","0","0","0","0","0","0","0","0","0","0","0","0","0","0","0","0","2","0","0","0","0","0","0","0","0","0","0","0","0","0","0","0","0","0","0","0","0","0"
"0x7b3fff769d40","      FFMA R39, R29, R25, R39","7","0","7","333312","10665984","10665984","32","32","0","0","-","-","-","0","0","0","0","0","0","0","0","0","-","0","0","0","0","0","0","0","0","0","0","0","0","0","0","0","0","0","0","7","0","0","0","0","0","0","0","0","0","0","0","0","0","0","0","0","0","0","0","0","0"
"0x7b3fff769d50","      FFMA R38, R29, R26, R38","8","0","8","333312","10665984","10665984","32","32","0","0","-","-","-","0","0","0","0","0","0","0","0","0","-","0","0","0","0","0","0","0","0","0","0","0","0","0","0","0","0","0","0","8","0","0","0","0","0","0","0","0","0","0","0","0","0","0","0","0","0","0","0","0","0"
"0x7b3fff769d60","      FFMA R42, R29, R27, R42","2","0","2","333312","10665984","10665984","32","32","0","0","-","-","-","0","0","0","0","0","0","0","0","0","-","0","0","0","0","0","0","0","0","0","0","0","0","0","0","0","0","0","0","2","0","0","0","0","0","0","0","0","0","0","0","0","0","0","0","0","0","0","0","0","0"
"0x7b3fff769d70","      FFMA R41, R30, R24, R41","3","0","3","333312","10665984","10665984","32","32","0","0","-","-","-","0","0","0","0","0","0","0","0","0","-","0","0","0","0","0","0","0","0","1","0","0","0","0","0","0","0","0","0","2","0","0","0","0","0","0","0","0","0","0","0","0","0","0","0","0","0","0","0","0","0"
"0x7b3fff769d80","      FFMA R43, R30, R25, R43","12","0","12","333312","10665984","10665984","32","32","0","0","-","-","-","0","0","0","0","0","0","0","0","0","-","0","0","0","0","0","0","0","0","3","0","0","0","0","0","0","0","0","0","9","0","0","0","0","0","0","0","0","0","0","0","0","0","0","0","0","0","0","0","0","0"
"0x7b3fff769d90","      FFMA R40, R30, R26, R40","8","0","8","333312","10665984","10665984","32","32","0","0","-","-","-","0","0","0","0","0","0","0","0","0","-","0","0","0","0","0","0","0","0","5","0","0","0","0","0","0","0","0","0","3","0","0","0","0","0","0","0","0","0","0","0","0","0","0","0","0","0","0","0","0","0"
"0x7b3fff769da0","      FFMA R62, R30, R27, R62","6","0","6","333312","10665984","10665984","32","32","0","0","-","-","-","0","0","0","0","0","0","0","0","0","-","0","0","0","0","0","0","0","0","0","0","0","0","0","0","0","0","0","0","6","0","0","0","0","0","0","0","0","0","0","0","0","0","0","0","0","0","0","0","0","0"
"0x7b3fff769db0","      FFMA R66, R31, R24, R66","5","0","5","333312","10665984","10665984","32","32","0","0","-","-","-","0","0","0","0","0","0","0","0","0","-","0","0","0","0","0","0","0","0","0","0","0","0","0","0","0","0","0","0","5","0","0","0","0","0","0","0","0","0","0","0","0","0","0","0","0","0","0","0","0","0"
"0x7b3fff769dc0","      FFMA R67, R31, R25, R67","8","0","8","333312","10665984","10665984","32","32","0","0","-","-","-","0","0","0","0","0","0","0","0","0","-","0","0","0","0","0","0","0","0","0","0","0","0","0","0","0","0","0","0","8","0","0","0","0","0","0","0","0","0","0","0","0","0","0","0","0","0","0","0","0","0"
"0x7b3fff769dd0","      FFMA R68, R31, R26, R68","5","0","5","333312","10665984","10665984","32","32","0","0","-","-","-","0","0","0","0","0","0","0","0","0","-","0","0","0","0","0","0","0","0","0","0","0","0","0","0","0","0","0","0","5","0","0","0","0","0","0","0","0","0","0","0","0","0","0","0","0","0","0","0","0","0"
"0x7b3fff769de0","      FFMA R69, R31, R27, R69","4","0","4","333312","10665984","10665984","32","32","0","0","-","-","-","0","0","0","0","0","0","0","0","0","-","0","0","0","0","0","0","0","0","0","0","0","0","0","0","0","0","0","0","4","0","0","0","0","0","0","0","0","0","0","0","0","0","0","0","0","0","0","0","0","0"
"0x7b3fff769df0","      LDS.128 R24, [R11+0x440]","119","22","119","333312","10665984","10665984","32","32","0","0","Shared","Load","128","0","4","0","1333248","1333248","0","0","0","0","-","0","0","0","0","0","0","0","0","20","0","0","0","0","0","31","0","0","58","4","0","0","0","6","0","0","0","0","0","0","0","0","22","0","0","0","0","0","0","0","0"
"0x7b3fff769e00","      LDS.128 R28, [R37+0x440]","87","26","87","333312","10665984","10665984","32","32","0","0","Shared","Load","128","0","2","0","666624","666624","0","0","0","0","-","0","0","0","0","0","0","0","0","8","0","0","0","0","0","22","0","1","30","5","0","0","0","21","0","0","0","0","0","0","0","0","17","0","1","0","0","0","0","0","8"
"0x7b3fff769e10","      FFMA R70, R32, R16, R70","34","11","34","333312","10665984","10665984","32","32","0","0","-","-","-","0","0","0","0","0","0","0","0","0","-","0","0","0","0","0","0","0","0","1","0","0","0","0","0","0","0","0","9","4","20","0","0","0","0","0","0","0","0","0","0","0","0","0","0","0","0","11","0","0","0"
"0x7b3fff769e20","      FFMA R71, R32, R17, R71","6","0","6","333312","10665984","10665984","32","32","0","0","-","-","-","0","0","0","0","0","0","0","0","0","-","0","0","0","0","0","0","0","0","0","0","0","0","0","0","0","0","0","0","6","0","0","0","0","0","0","0","0","0","0","0","0","0","0","0","0","0","0","0","0","0"
"0x7b3fff769e30","      FFMA R72, R32, R18, R72","7","0","7","333312","10665984","10665984","32","32","0","0","-","-","-","0","0","0","0","0","0","0","0","0","-","0","0","0","0","0","0","0","0","1","0","0","0","0","0","0","0","0","0","6","0","0","0","0","0","0","0","0","0","0","0","0","0","0","0","0","0","0","0","0","0"
"0x7b3fff769e40","      FFMA R73, R32, R19, R73","3","0","3","333312","10665984","10665984","32","32","0","0","-","-","-","0","0","0","0","0","0","0","0","0","-","0","0","0","0","0","0","0","0","0","0","0","0","0","0","0","0","0","0","3","0","0","0","0","0","0","0","0","0","0","0","0","0","0","0","0","0","0","0","0","0"
"0x7b3fff769e50","      FFMA R51, R33, R16, R51","4","0","4","333312","10665984","10665984","32","32","0","0","-","-","-","0","0","0","0","0","0","0","0","0","-","0","0","0","0","0","0","0","0","0","0","0","0","0","0","0","0","0","0","4","0","0","0","0","0","0","0","0","0","0","0","0","0","0","0","0","0","0","0","0","0"
"0x7b3fff769e60","      FFMA R52, R33, R17, R52","12","0","12","333312","10665984","10665984","32","32","0","0","-","-","-","0","0","0","0","0","0","0","0","0","-","0","0","0","0","0","0","0","0","3","0","0","0","0","0","0","0","0","0","9","0","0","0","0","0","0","0","0","0","0","0","0","0","0","0","0","0","0","0","0","0"
"0x7b3fff769e70","      FFMA R53, R33, R18, R53","5","0","5","333312","10665984","10665984","32","32","0","0","-","-","-","0","0","0","0","0","0","0","0","0","-","0","0","0","0","0","0","0","0","0","0","0","0","0","0","0","0","0","0","5","0","0","0","0","0","0","0","0","0","0","0","0","0","0","0","0","0","0","0","0","0"
"0x7b3fff769e80","      FFMA R56, R33, R19, R56","4","1","4","333312","10665984","10665984","32","32","0","0","-","-","-","0","0","0","0","0","0","0","0","0","-","0","0","0","0","0","0","0","0","0","0","0","0","0","0","0","0","1","0","3","0","0","0","0","0","0","0","0","0","0","0","0","0","0","1","0","0","0","0","0","0"
"0x7b3fff769e90","      FFMA R57, R34, R16, R57","4","0","4","333312","10665984","10665984","32","32","0","0","-","-","-","0","0","0","0","0","0","0","0","0","-","0","0","0","0","0","0","0","0","0","0","0","0","0","0","0","0","0","0","4","0","0","0","0","0","0","0","0","0","0","0","0","0","0","0","0","0","0","0","0","0"
"0x7b3fff769ea0","      FFMA R58, R34, R17, R58","12","0","12","333312","10665984","10665984","32","32","0","0","-","-","-","0","0","0","0","0","0","0","0","0","-","0","0","0","0","0","0","0","0","8","0","0","0","0","0","0","0","0","0","4","0","0","0","0","0","0","0","0","0","0","0","0","0","0","0","0","0","0","0","0","0"
"0x7b3fff769eb0","      FFMA R59, R34, R18, R59","6","0","6","333312","10665984","10665984","32","32","0","0","-","-","-","0","0","0","0","0","0","0","0","0","-","0","0","0","0","0","0","0","0","0","0","0","0","0","0","0","0","0","0","6","0","0","0","0","0","0","0","0","0","0","0","0","0","0","0","0","0","0","0","0","0"
"0x7b3fff769ec0","      FFMA R63, R34, R19, R63","6","0","6","333312","10665984","10665984","32","32","0","0","-","-","-","0","0","0","0","0","0","0","0","0","-","0","0","0","0","0","0","0","0","0","0","0","0","0","0","0","0","0","0","6","0","0","0","0","0","0","0","0","0","0","0","0","0","0","0","0","0","0","0","0","0"
"0x7b3fff769ed0","      FFMA R45, R35, R16, R45","5","0","5","333312","10665984","10665984","32","32","0","0","-","-","-","0","0","0","0","0","0","0","0","0","-","0","0","0","0","0","0","0","0","1","0","0","0","0","0","0","0","0","0","4","0","0","0","0","0","0","0","0","0","0","0","0","0","0","0","0","0","0","0","0","0"
"0x7b3fff769ee0","      FFMA R46, R35, R17, R46","6","0","6","333312","10665984","10665984","32","32","0","0","-","-","-","0","0","0","0","0","0","0","0","0","-","0","0","0","0","0","0","0","0","0","0","0","0","0","0","0","0","0","0","6","0","0","0","0","0","0","0","0","0","0","0","0","0","0","0","0","0","0","0","0","0"
"0x7b3fff769ef0","      FFMA R44, R35, R18, R44","5","0","5","333312","10665984","10665984","32","32","0","0","-","-","-","0","0","0","0","0","0","0","0","0","-","0","0","0","0","0","0","0","0","0","0","0","0","0","0","0","0","0","0","5","0","0","0","0","0","0","0","0","0","0","0","0","0","0","0","0","0","0","0","0","0"
"0x7b3fff769f00","      FFMA R47, R35, R19, R47","9","0","9","333312","10665984","10665984","32","32","0","0","-","-","-","0","0","0","0","0","0","0","0","0","-","0","0","0","0","0","0","0","0","1","0","0","0","0","0","0","0","1","1","6","0","0","0","0","0","0","0","0","0","0","0","0","0","0","0","0","0","0","0","0","0"
"0x7b3fff769f10","      LDS.128 R32, [R11+0x4c0]","134","22","134","333312","10665984","10665984","32","32","0","0","Shared","Load","128","0","4","0","1333248","1333248","0","0","0","0","-","0","0","0","0","0","0","0","0","21","0","0","0","0","0","29","0","0","67","8","0","0","0","9","0","0","0","0","0","0","0","0","21","0","0","0","0","0","0","0","1"
"0x7b3fff769f20","      FFMA R48, R20, R16, R48","26","3","26","333312","10665984","10665984","32","32","0","0","-","-","-","0","0","0","0","0","0","0","0","0","-","0","0","0","0","0","0","0","0","2","0","0","0","0","0","0","0","0","6","4","14","0","0","0","0","0","0","0","0","0","0","0","0","0","0","0","0","3","0","0","0"
"0x7b3fff769f30","      FFMA R49, R20, R17, R49","3","0","3","333312","10665984","10665984","32","32","0","0","-","-","-","0","0","0","0","0","0","0","0","0","-","0","0","0","0","0","0","0","0","0","0","0","0","0","0","0","0","0","0","3","0","0","0","0","0","0","0","0","0","0","0","0","0","0","0","0","0","0","0","0","0"
"0x7b3fff769f40","      FFMA R50, R20, R18, R50","1","0","1","333312","10665984","10665984","32","32","0","0","-","-","-","0","0","0","0","0","0","0","0","0","-","0","0","0","0","0","0","0","0","0","0","0","0","0","0","0","0","0","0","1","0","0","0","0","0","0","0","0","0","0","0","0","0","0","0","0","0","0","0","0","0"
"0x7b3fff769f50","      FFMA R60, R20, R19, R60","5","0","5","333312","10665984","10665984","32","32","0","0","-","-","-","0","0","0","0","0","0","0","0","0","-","0","0","0","0","0","0","0","0","2","0","0","0","0","0","0","0","0","0","3","0","0","0","0","0","0","0","0","0","0","0","0","0","0","0","0","0","0","0","0","0"
"0x7b3fff769f60","      FFMA R61, R21, R16, R61","4","0","4","333312","10665984","10665984","32","32","0","0","-","-","-","0","0","0","0","0","0","0","0","0","-","0","0","0","0","0","0","0","0","0","0","0","0","0","0","0","0","0","0","4","0","0","0","0","0","0","0","0","0","0","0","0","0","0","0","0","0","0","0","0","0"
"0x7b3fff769f70","      FFMA R39, R21, R17, R39","5","0","5","333312","10665984","10665984","32","32","0","0","-","-","-","0","0","0","0","0","0","0","0","0","-","0","0","0","0","0","0","0","0","2","0","0","0","0","0","0","0","0","0","3","0","0","0","0","0","0","0","0","0","0","0","0","0","0","0","0","0","0","0","0","0"
"0x7b3fff769f80","      FFMA R38, R21, R18, R38","5","0","5","333312","10665984","10665984","32","32","0","0","-","-","-","0","0","0","0","0","0","0","0","0","-","0","0","0","0","0","0","0","0","0","0","0","0","0","0","0","0","0","0","5","0","0","0","0","0","0","0","0","0","0","0","0","0","0","0","0","0","0","0","0","0"
"0x7b3fff769f90","      FFMA R42, R21, R19, R42","5","0","5","333312","10665984","10665984","32","32","0","0","-","-","-","0","0","0","0","0","0","0","0","0","-","0","0","0","0","0","0","0","0","2","0","0","0","0","0","0","0","0","0","3","0","0","0","0","0","0","0","0","0","0","0","0","0","0","0","0","0","0","0","0","0"
"0x7b3fff769fa0","      FFMA R41, R22, R16, R41","8","0","8","333312","10665984","10665984","32","32","0","0","-","-","-","0","0","0","0","0","0","0","0","0","-","0","0","0","0","0","0","0","0","1","0","0","0","0","0","0","0","0","0","7","0","0","0","0","0","0","0","0","0","0","0","0","0","0","0","0","0","0","0","0","0"
"0x7b3fff769fb0","      FFMA R43, R22, R17, R43","8","0","8","333312","10665984","10665984","32","32","0","0","-","-","-","0","0","0","0","0","0","0","0","0","-","0","0","0","0","0","0","0","0","0","0","0","0","0","0","0","0","0","0","8","0","0","0","0","0","0","0","0","0","0","0","0","0","0","0","0","0","0","0","0","0"
"0x7b3fff769fc0","      FFMA R40, R22, R18, R40","8","0","8","333312","10665984","10665984","32","32","0","0","-","-","-","0","0","0","0","0","0","0","0","0","-","0","0","0","0","0","0","0","0","6","0","0","0","0","0","0","0","0","0","2","0","0","0","0","0","0","0","0","0","0","0","0","0","0","0","0","0","0","0","0","0"
"0x7b3fff769fd0","      FFMA R62, R22, R19, R62","9","0","9","333312","10665984","10665984","32","32","0","0","-","-","-","0","0","0","0","0","0","0","0","0","-","0","0","0","0","0","0","0","0","1","0","0","0","0","0","0","0","0","0","8","0","0","0","0","0","0","0","0","0","0","0","0","0","0","0","0","0","0","0","0","0"
"0x7b3fff769fe0","      FFMA R66, R23, R16, R66","1","0","1","333312","10665984","10665984","32","32","0","0","-","-","-","0","0","0","0","0","0","0","0","0","-","0","0","0","0","0","0","0","0","0","0","0","0","0","0","0","0","0","0","1","0","0","0","0","0","0","0","0","0","0","0","0","0","0","0","0","0","0","0","0","0"
"0x7b3fff769ff0","      FFMA R67, R23, R17, R67","6","0","6","333312","10665984","10665984","32","32","0","0","-","-","-","0","0","0","0","0","0","0","0","0","-","0","0","0","0","0","0","0","0","0","0","0","0","0","0","0","0","0","0","6","0","0","0","0","0","0","0","0","0","0","0","0","0","0","0","0","0","0","0","0","0"
"0x7b3fff76a000","      FFMA R68, R23, R18, R68","7","0","7","333312","10665984","10665984","32","32","0","0","-","-","-","0","0","0","0","0","0","0","0","0","-","0","0","0","0","0","0","0","0","0","0","0","0","0","0","0","0","0","1","6","0","0","0","0","0","0","0","0","0","0","0","0","0","0","0","0","0","0","0","0","0"
"0x7b3fff76a010","      FFMA R69, R23, R19, R69","6","0","6","333312","10665984","10665984","32","32","0","0","-","-","-","0","0","0","0","0","0","0","0","0","-","0","0","0","0","0","0","0","0","0","0","0","0","0","0","0","0","0","0","6","0","0","0","0","0","0","0","0","0","0","0","0","0","0","0","0","0","0","0","0","0"
"0x7b3fff76a020","      LDS.128 R16, [R11+0x550]","110","21","110","333312","10665984","10665984","32","32","0","0","Shared","Load","128","0","4","0","1333248","1333248","0","0","0","0","-","0","0","0","0","0","0","0","0","17","0","0","0","0","0","25","0","0","58","7","0","0","0","3","0","0","0","0","0","0","0","0","20","0","0","0","0","0","0","0","1"
"0x7b3fff76a030","      LDS.128 R20, [R37+0x550]","92","28","92","333312","10665984","10665984","32","32","0","0","Shared","Load","128","0","2","0","666624","666624","0","0","0","0","-","0","0","0","0","0","0","0","0","12","0","0","0","0","0","34","0","0","25","4","0","0","0","17","0","0","0","0","0","0","0","0","24","0","0","0","0","0","0","0","4"
"0x7b3fff76a040","      FFMA R70, R24, R28, R70","79","20","79","333312","10665984","10665984","32","32","0","0","-","-","-","0","0","0","0","0","0","0","0","0","-","0","0","0","0","0","0","0","0","3","0","0","0","0","0","0","0","0","22","7","47","0","0","0","0","0","0","0","0","0","0","0","0","0","0","0","0","20","0","0","0"
"0x7b3fff76a050","      FFMA R71, R24, R29, R71","4","0","4","333312","10665984","10665984","32","32","0","0","-","-","-","0","0","0","0","0","0","0","0","0","-","0","0","0","0","0","0","0","0","2","0","0","0","0","0","0","0","0","0","2","0","0","0","0","0","0","0","0","0","0","0","0","0","0","0","0","0","0","0","0","0"
"0x7b3fff76a060","      FFMA R72, R24, R30, R72","6","0","6","333312","10665984","10665984","32","32","0","0","-","-","-","0","0","0","0","0","0","0","0","0","-","0","0","0","0","0","0","0","0","2","0","0","0","0","0","0","0","0","0","4","0","0","0","0","0","0","0","0","0","0","0","0","0","0","0","0","0","0","0","0","0"
"0x7b3fff76a070","      FFMA R73, R24, R31, R73","4","0","4","333312","10665984","10665984","32","32","0","0","-","-","-","0","0","0","0","0","0","0","0","0","-","0","0","0","0","0","0","0","0","0","0","0","0","0","0","0","0","0","0","4","0","0","0","0","0","0","0","0","0","0","0","0","0","0","0","0","0","0","0","0","0"
"0x7b3fff76a080","      FFMA R51, R25, R28, R51","6","0","6","333312","10665984","10665984","32","32","0","0","-","-","-","0","0","0","0","0","0","0","0","0","-","0","0","0","0","0","0","0","0","1","0","0","0","0","0","0","0","0","0","5","0","0","0","0","0","0","0","0","0","0","0","0","0","0","0","0","0","0","0","0","0"
"0x7b3fff76a090","      FFMA R52, R25, R29, R52","2","0","2","333312","10665984","10665984","32","32","0","0","-","-","-","0","0","0","0","0","0","0","0","0","-","0","0","0","0","0","0","0","0","1","0","0","0","0","0","0","0","0","0","1","0","0","0","0","0","0","0","0","0","0","0","0","0","0","0","0","0","0","0","0","0"
"0x7b3fff76a0a0","      FFMA R53, R25, R30, R53","1","0","1","333312","10665984","10665984","32","32","0","0","-","-","-","0","0","0","0","0","0","0","0","0","-","0","0","0","0","0","0","0","0","0","0","0","0","0","0","0","0","0","0","1","0","0","0","0","0","0","0","0","0","0","0","0","0","0","0","0","0","0","0","0","0"
"0x7b3fff76a0b0","      FFMA R56, R25, R31, R56","7","0","7","333312","10665984","10665984","32","32","0","0","-","-","-","0","0","0","0","0","0","0","0","0","-","0","0","0","0","0","0","0","0","0","0","0","0","0","0","0","0","0","0","7","0","0","0","0","0","0","0","0","0","0","0","0","0","0","0","0","0","0","0","0","0"
"0x7b3fff76a0c0","      FFMA R57, R26, R28, R57","5","0","5","333312","10665984","10665984","32","32","0","0","-","-","-","0","0","0","0","0","0","0","0","0","-","0","0","0","0","0","0","0","0","0","0","0","0","0","0","0","0","0","0","5","0","0","0","0","0","0","0","0","0","0","0","0","0","0","0","0","0","0","0","0","0"
"0x7b3fff76a0d0","      FFMA R58, R26, R29, R58","12","0","12","333312","10665984","10665984","32","32","0","0","-","-","-","0","0","0","0","0","0","0","0","0","-","0","0","0","0","0","0","0","0","8","0","0","0","0","0","0","0","0","0","4","0","0","0","0","0","0","0","0","0","0","0","0","0","0","0","0","0","0","0","0","0"
"0x7b3fff76a0e0","      FFMA R59, R26, R30, R59","3","0","3","333312","10665984","10665984","32","32","0","0","-","-","-","0","0","0","0","0","0","0","0","0","-","0","0","0","0","0","0","0","0","0","0","0","0","0","0","0","0","0","0","3","0","0","0","0","0","0","0","0","0","0","0","0","0","0","0","0","0","0","0","0","0"
"0x7b3fff76a0f0","      FFMA R63, R26, R31, R63","7","0","7","333312","10665984","10665984","32","32","0","0","-","-","-","0","0","0","0","0","0","0","0","0","-","0","0","0","0","0","0","0","0","0","0","0","0","0","0","0","0","0","0","7","0","0","0","0","0","0","0","0","0","0","0","0","0","0","0","0","0","0","0","0","0"
"0x7b3fff76a100","      FFMA R45, R27, R28, R45","6","0","6","333312","10665984","10665984","32","32","0","0","-","-","-","0","0","0","0","0","0","0","0","0","-","0","0","0","0","0","0","0","0","0","0","0","0","0","0","0","0","0","0","6","0","0","0","0","0","0","0","0","0","0","0","0","0","0","0","0","0","0","0","0","0"
"0x7b3fff76a110","      FFMA R46, R27, R29, R46","8","0","8","333312","10665984","10665984","32","32","0","0","-","-","-","0","0","0","0","0","0","0","0","0","-","0","0","0","0","0","0","0","0","1","0","0","0","0","0","0","0","0","0","7","0","0","0","0","0","0","0","0","0","0","0","0","0","0","0","0","0","0","0","0","0"
"0x7b3fff76a120","      FFMA R44, R27, R30, R44","2","0","2","333312","10665984","10665984","32","32","0","0","-","-","-","0","0","0","0","0","0","0","0","0","-","0","0","0","0","0","0","0","0","0","0","0","0","0","0","0","0","0","0","2","0","0","0","0","0","0","0","0","0","0","0","0","0","0","0","0","0","0","0","0","0"
"0x7b3fff76a130","      FFMA R47, R27, R31, R47","7","0","7","333312","10665984","10665984","32","32","0","0","-","-","-","0","0","0","0","0","0","0","0","0","-","0","0","0","0","0","0","0","0","1","0","0","0","0","0","0","0","0","0","6","0","0","0","0","0","0","0","0","0","0","0","0","0","0","0","0","0","0","0","0","0"
"0x7b3fff76a140","      LDS.128 R24, [R11+0x5d0]","115","7","115","333312","10665984","10665984","32","32","0","0","Shared","Load","128","0","4","0","1333248","1333248","0","0","0","0","-","0","0","0","0","0","0","0","0","17","0","0","0","0","0","14","0","0","67","6","0","0","0","11","0","0","0","0","0","0","0","0","6","0","0","0","0","0","0","0","1"
"0x7b3fff76a150","      FFMA R48, R32, R28, R48","30","6","30","333312","10665984","10665984","32","32","0","0","-","-","-","0","0","0","0","0","0","0","0","0","-","0","0","0","0","0","0","0","0","2","0","0","0","0","0","0","0","0","6","3","19","0","0","0","0","0","0","0","0","0","0","0","0","0","0","0","0","6","0","0","0"
"0x7b3fff76a160","      FFMA R49, R32, R29, R49","6","0","6","333312","10665984","10665984","32","32","0","0","-","-","-","0","0","0","0","0","0","0","0","0","-","0","0","0","0","0","0","0","0","0","0","0","0","0","0","0","0","0","0","6","0","0","0","0","0","0","0","0","0","0","0","0","0","0","0","0","0","0","0","0","0"
"0x7b3fff76a170","      FFMA R50, R32, R30, R50","3","0","3","333312","10665984","10665984","32","32","0","0","-","-","-","0","0","0","0","0","0","0","0","0","-","0","0","0","0","0","0","0","0","0","0","0","0","0","0","0","0","0","0","3","0","0","0","0","0","0","0","0","0","0","0","0","0","0","0","0","0","0","0","0","0"
"0x7b3fff76a180","      FFMA R60, R32, R31, R60","8","0","8","333312","10665984","10665984","32","32","0","0","-","-","-","0","0","0","0","0","0","0","0","0","-","0","0","0","0","0","0","0","0","0","0","0","0","0","0","0","0","1","2","5","0","0","0","0","0","0","0","0","0","0","0","0","0","0","0","0","0","0","0","0","0"
"0x7b3fff76a190","      FFMA R61, R33, R28, R61","7","0","7","333312","10665984","10665984","32","32","0","0","-","-","-","0","0","0","0","0","0","0","0","0","-","0","0","0","0","0","0","0","0","1","0","0","0","0","0","0","0","0","0","6","0","0","0","0","0","0","0","0","0","0","0","0","0","0","0","0","0","0","0","0","0"
"0x7b3fff76a1a0","      FFMA R39, R33, R29, R39","4","0","4","333312","10665984","10665984","32","32","0","0","-","-","-","0","0","0","0","0","0","0","0","0","-","0","0","0","0","0","0","0","0","1","0","0","0","0","0","0","0","0","0","3","0","0","0","0","0","0","0","0","0","0","0","0","0","0","0","0","0","0","0","0","0"
"0x7b3fff76a1b0","      FFMA R38, R33, R30, R38","10","0","10","333312","10665984","10665984","32","32","0","0","-","-","-","0","0","0","0","0","0","0","0","0","-","0","0","0","0","0","0","0","0","0","0","0","0","0","0","0","0","0","0","10","0","0","0","0","0","0","0","0","0","0","0","0","0","0","0","0","0","0","0","0","0"
"0x7b3fff76a1c0","      FFMA R42, R33, R31, R42","6","0","6","333312","10665984","10665984","32","32","0","0","-","-","-","0","0","0","0","0","0","0","0","0","-","0","0","0","0","0","0","0","0","1","0","0","0","0","0","0","0","0","0","5","0","0","0","0","0","0","0","0","0","0","0","0","0","0","0","0","0","0","0","0","0"
"0x7b3fff76a1d0","      FFMA R41, R34, R28, R41","4","0","4","333312","10665984","10665984","32","32","0","0","-","-","-","0","0","0","0","0","0","0","0","0","-","0","0","0","0","0","0","0","0","0","0","0","0","0","0","0","0","0","0","4","0","0","0","0","0","0","0","0","0","0","0","0","0","0","0","0","0","0","0","0","0"
"0x7b3fff76a1e0","      FFMA R43, R34, R29, R43","7","0","7","333312","10665984","10665984","32","32","0","0","-","-","-","0","0","0","0","0","0","0","0","0","-","0","0","0","0","0","0","0","0","1","0","0","0","0","0","0","0","0","0","6","0","0","0","0","0","0","0","0","0","0","0","0","0","0","0","0","0","0","0","0","0"
"0x7b3fff76a1f0","      FFMA R40, R34, R30, R40","11","0","11","333312","10665984","10665984","32","32","0","0","-","-","-","0","0","0","0","0","0","0","0","0","-","0","0","0","0","0","0","0","0","7","0","0","0","0","0","0","0","0","0","4","0","0","0","0","0","0","0","0","0","0","0","0","0","0","0","0","0","0","0","0","0"
"0x7b3fff76a200","      FFMA R62, R34, R31, R62","6","0","6","333312","10665984","10665984","32","32","0","0","-","-","-","0","0","0","0","0","0","0","0","0","-","0","0","0","0","0","0","0","0","0","0","0","0","0","0","0","0","0","0","6","0","0","0","0","0","0","0","0","0","0","0","0","0","0","0","0","0","0","0","0","0"
"0x7b3fff76a210","      FFMA R66, R35, R28, R66","4","0","4","333312","10665984","10665984","32","32","0","0","-","-","-","0","0","0","0","0","0","0","0","0","-","0","0","0","0","0","0","0","0","0","0","0","0","0","0","0","0","0","0","4","0","0","0","0","0","0","0","0","0","0","0","0","0","0","0","0","0","0","0","0","0"
"0x7b3fff76a220","      FFMA R67, R35, R29, R67","5","0","5","333312","10665984","10665984","32","32","0","0","-","-","-","0","0","0","0","0","0","0","0","0","-","0","0","0","0","0","0","0","0","0","0","0","0","0","0","0","0","0","0","5","0","0","0","0","0","0","0","0","0","0","0","0","0","0","0","0","0","0","0","0","0"
"0x7b3fff76a230","      FFMA R68, R35, R30, R68","2","0","2","333312","10665984","10665984","32","32","0","0","-","-","-","0","0","0","0","0","0","0","0","0","-","0","0","0","0","0","0","0","0","0","0","0","0","0","0","0","0","0","0","2","0","0","0","0","0","0","0","0","0","0","0","0","0","0","0","0","0","0","0","0","0"
"0x7b3fff76a240","      FFMA R69, R35, R31, R69","4","0","4","333312","10665984","10665984","32","32","0","0","-","-","-","0","0","0","0","0","0","0","0","0","-","0","0","0","0","0","0","0","0","0","0","0","0","0","0","0","0","0","0","4","0","0","0","0","0","0","0","0","0","0","0","0","0","0","0","0","0","0","0","0","0"
"0x7b3fff76a250","      LDS.128 R32, [R11+0x660]","90","12","90","333312","10665984","10665984","32","32","0","0","Shared","Load","128","0","4","0","1333248","1333248","0","0","0","0","-","0","0","0","0","0","0","0","0","16","0","0","0","0","0","20","0","0","47","5","0","0","0","2","0","0","0","0","0","0","0","0","11","0","0","0","0","0","0","0","1"
"0x7b3fff76a260","      LDS.128 R28, [R37+0x660]","78","18","78","333312","10665984","10665984","32","32","0","0","Shared","Load","128","0","2","0","666624","666624","0","0","0","0","-","0","0","0","0","0","0","0","0","3","0","0","0","0","0","22","0","0","31","5","0","0","0","17","0","0","0","0","0","0","0","0","13","0","0","0","0","0","0","0","5"
"0x7b3fff76a270","      FFMA R70, R16, R20, R70","49","12","49","333312","10665984","10665984","32","32","0","0","-","-","-","0","0","0","0","0","0","0","0","0","-","0","0","0","0","0","0","0","0","4","0","0","0","0","0","0","0","0","5","4","36","0","0","0","0","0","0","0","0","0","0","0","0","0","0","0","0","12","0","0","0"
"0x7b3fff76a280","      FFMA R71, R16, R21, R71","5","0","5","333312","10665984","10665984","32","32","0","0","-","-","-","0","0","0","0","0","0","0","0","0","-","0","0","0","0","0","0","0","0","0","0","0","0","0","0","0","0","0","1","4","0","0","0","0","0","0","0","0","0","0","0","0","0","0","0","0","0","0","0","0","0"
"0x7b3fff76a290","      FFMA R72, R16, R22, R72","4","0","4","333312","10665984","10665984","32","32","0","0","-","-","-","0","0","0","0","0","0","0","0","0","-","0","0","0","0","0","0","0","0","0","0","0","0","0","0","0","0","0","0","4","0","0","0","0","0","0","0","0","0","0","0","0","0","0","0","0","0","0","0","0","0"
"0x7b3fff76a2a0","      FFMA R73, R16, R23, R73","4","0","4","333312","10665984","10665984","32","32","0","0","-","-","-","0","0","0","0","0","0","0","0","0","-","0","0","0","0","0","0","0","0","0","0","0","0","0","0","0","0","0","0","4","0","0","0","0","0","0","0","0","0","0","0","0","0","0","0","0","0","0","0","0","0"
"0x7b3fff76a2b0","      FFMA R51, R17, R20, R51","5","0","5","333312","10665984","10665984","32","32","0","0","-","-","-","0","0","0","0","0","0","0","0","0","-","0","0","0","0","0","0","0","0","0","0","0","0","0","0","0","0","0","0","5","0","0","0","0","0","0","0","0","0","0","0","0","0","0","0","0","0","0","0","0","0"
"0x7b3fff76a2c0","      FFMA R52, R17, R21, R52","9","0","9","333312","10665984","10665984","32","32","0","0","-","-","-","0","0","0","0","0","0","0","0","0","-","0","0","0","0","0","0","0","0","1","0","0","0","0","0","0","0","0","0","8","0","0","0","0","0","0","0","0","0","0","0","0","0","0","0","0","0","0","0","0","0"
"0x7b3fff76a2d0","      FFMA R53, R17, R22, R53","7","0","7","333312","10665984","10665984","32","32","0","0","-","-","-","0","0","0","0","0","0","0","0","0","-","0","0","0","0","0","0","0","0","0","0","0","0","0","0","0","0","0","0","7","0","0","0","0","0","0","0","0","0","0","0","0","0","0","0","0","0","0","0","0","0"
"0x7b3fff76a2e0","      FFMA R56, R17, R23, R56","4","0","4","333312","10665984","10665984","32","32","0","0","-","-","-","0","0","0","0","0","0","0","0","0","-","0","0","0","0","0","0","0","0","0","0","0","0","0","0","0","0","0","0","4","0","0","0","0","0","0","0","0","0","0","0","0","0","0","0","0","0","0","0","0","0"
"0x7b3fff76a2f0","      FFMA R57, R18, R20, R57","7","0","7","333312","10665984","10665984","32","32","0","0","-","-","-","0","0","0","0","0","0","0","0","0","-","0","0","0","0","0","0","0","0","1","0","0","0","0","0","0","0","0","0","6","0","0","0","0","0","0","0","0","0","0","0","0","0","0","0","0","0","0","0","0","0"
"0x7b3fff76a300","      FFMA R58, R18, R21, R58","4","0","4","333312","10665984","10665984","32","32","0","0","-","-","-","0","0","0","0","0","0","0","0","0","-","0","0","0","0","0","0","0","0","1","0","0","0","0","0","0","0","1","0","2","0","0","0","0","0","0","0","0","0","0","0","0","0","0","0","0","0","0","0","0","0"
"0x7b3fff76a310","      FFMA R59, R18, R22, R59","2","0","2","333312","10665984","10665984","32","32","0","0","-","-","-","0","0","0","0","0","0","0","0","0","-","0","0","0","0","0","0","0","0","0","0","0","0","0","0","0","0","0","0","2","0","0","0","0","0","0","0","0","0","0","0","0","0","0","0","0","0","0","0","0","0"
"0x7b3fff76a320","      FFMA R63, R18, R23, R63","6","0","6","333312","10665984","10665984","32","32","0","0","-","-","-","0","0","0","0","0","0","0","0","0","-","0","0","0","0","0","0","0","0","0","0","0","0","0","0","0","0","0","0","6","0","0","0","0","0","0","0","0","0","0","0","0","0","0","0","0","0","0","0","0","0"
"0x7b3fff76a330","      FFMA R45, R19, R20, R45","6","0","6","333312","10665984","10665984","32","32","0","0","-","-","-","0","0","0","0","0","0","0","0","0","-","0","0","0","0","0","0","0","0","0","0","0","0","0","0","0","0","0","0","6","0","0","0","0","0","0","0","0","0","0","0","0","0","0","0","0","0","0","0","0","0"
"0x7b3fff76a340","      FFMA R46, R19, R21, R46","3","0","3","333312","10665984","10665984","32","32","0","0","-","-","-","0","0","0","0","0","0","0","0","0","-","0","0","0","0","0","0","0","0","0","0","0","0","0","0","0","0","0","0","3","0","0","0","0","0","0","0","0","0","0","0","0","0","0","0","0","0","0","0","0","0"
"0x7b3fff76a350","      FFMA R44, R19, R22, R44","4","0","4","333312","10665984","10665984","32","32","0","0","-","-","-","0","0","0","0","0","0","0","0","0","-","0","0","0","0","0","0","0","0","0","0","0","0","0","0","0","0","0","0","4","0","0","0","0","0","0","0","0","0","0","0","0","0","0","0","0","0","0","0","0","0"
"0x7b3fff76a360","      FFMA R47, R19, R23, R47","3","0","3","333312","10665984","10665984","32","32","0","0","-","-","-","0","0","0","0","0","0","0","0","0","-","0","0","0","0","0","0","0","0","0","0","0","0","0","0","0","0","0","0","3","0","0","0","0","0","0","0","0","0","0","0","0","0","0","0","0","0","0","0","0","0"
"0x7b3fff76a370","      LDS.128 R16, [R11+0x6e0]","132","16","132","333312","10665984","10665984","32","32","0","0","Shared","Load","128","0","4","0","1333248","1333248","0","0","0","0","-","0","0","0","0","0","0","0","0","14","0","0","0","0","0","21","0","0","86","5","0","0","0","6","0","0","0","0","0","0","0","0","16","0","0","0","0","0","0","0","0"
"0x7b3fff76a380","      FFMA R48, R24, R20, R48","43","5","43","333312","10665984","10665984","32","32","0","0","-","-","-","0","0","0","0","0","0","0","0","0","-","0","0","0","0","0","0","0","0","2","0","0","0","0","0","0","0","2","10","8","21","0","0","0","0","0","0","0","0","0","0","0","0","0","0","0","0","5","0","0","0"
"0x7b3fff76a390","      FFMA R49, R24, R21, R49","8","0","8","333312","10665984","10665984","32","32","0","0","-","-","-","0","0","0","0","0","0","0","0","0","-","0","0","0","0","0","0","0","0","1","0","0","0","0","0","0","0","0","0","7","0","0","0","0","0","0","0","0","0","0","0","0","0","0","0","0","0","0","0","0","0"
"0x7b3fff76a3a0","      FFMA R50, R24, R22, R50","3","0","3","333312","10665984","10665984","32","32","0","0","-","-","-","0","0","0","0","0","0","0","0","0","-","0","0","0","0","0","0","0","0","0","0","0","0","0","0","0","0","0","0","3","0","0","0","0","0","0","0","0","0","0","0","0","0","0","0","0","0","0","0","0","0"
"0x7b3fff76a3b0","      FFMA R60, R24, R23, R60","7","0","7","333312","10665984","10665984","32","32","0","0","-","-","-","0","0","0","0","0","0","0","0","0","-","0","0","0","0","0","0","0","0","1","0","0","0","0","0","0","0","0","0","6","0","0","0","0","0","0","0","0","0","0","0","0","0","0","0","0","0","0","0","0","0"
"0x7b3fff76a3c0","      FFMA R61, R25, R20, R61","4","0","4","333312","10665984","10665984","32","32","0","0","-","-","-","0","0","0","0","0","0","0","0","0","-","0","0","0","0","0","0","0","0","0","0","0","0","0","0","0","0","0","0","4","0","0","0","0","0","0","0","0","0","0","0","0","0","0","0","0","0","0","0","0","0"
"0x7b3fff76a3d0","      FFMA R39, R25, R21, R39","5","0","5","333312","10665984","10665984","32","32","0","0","-","-","-","0","0","0","0","0","0","0","0","0","-","0","0","0","0","0","0","0","0","1","0","0","0","0","0","0","0","0","0","4","0","0","0","0","0","0","0","0","0","0","0","0","0","0","0","0","0","0","0","0","0"
"0x7b3fff76a3e0","      FFMA R38, R25, R22, R38","9","0","9","333312","10665984","10665984","32","32","0","0","-","-","-","0","0","0","0","0","0","0","0","0","-","0","0","0","0","0","0","0","0","0","0","0","0","0","0","0","0","0","0","9","0","0","0","0","0","0","0","0","0","0","0","0","0","0","0","0","0","0","0","0","0"
"0x7b3fff76a3f0","      FFMA R42, R25, R23, R42","2","0","2","333312","10665984","10665984","32","32","0","0","-","-","-","0","0","0","0","0","0","0","0","0","-","0","0","0","0","0","0","0","0","0","0","0","0","0","0","0","0","0","0","2","0","0","0","0","0","0","0","0","0","0","0","0","0","0","0","0","0","0","0","0","0"
"0x7b3fff76a400","      FFMA R41, R26, R20, R41","4","0","4","333312","10665984","10665984","32","32","0","0","-","-","-","0","0","0","0","0","0","0","0","0","-","0","0","0","0","0","0","0","0","1","0","0","0","0","0","0","0","0","1","2","0","0","0","0","0","0","0","0","0","0","0","0","0","0","0","0","0","0","0","0","0"
"0x7b3fff76a410","      FFMA R43, R26, R21, R43","2","0","2","333312","10665984","10665984","32","32","0","0","-","-","-","0","0","0","0","0","0","0","0","0","-","0","0","0","0","0","0","0","0","1","0","0","0","0","0","0","0","0","0","1","0","0","0","0","0","0","0","0","0","0","0","0","0","0","0","0","0","0","0","0","0"
"0x7b3fff76a420","      FFMA R40, R26, R22, R40","4","0","4","333312","10665984","10665984","32","32","0","0","-","-","-","0","0","0","0","0","0","0","0","0","-","0","0","0","0","0","0","0","0","0","0","0","0","0","0","0","0","0","0","4","0","0","0","0","0","0","0","0","0","0","0","0","0","0","0","0","0","0","0","0","0"
"0x7b3fff76a430","      FFMA R62, R26, R23, R62","6","0","6","333312","10665984","10665984","32","32","0","0","-","-","-","0","0","0","0","0","0","0","0","0","-","0","0","0","0","0","0","0","0","0","0","0","0","0","0","0","0","0","0","6","0","0","0","0","0","0","0","0","0","0","0","0","0","0","0","0","0","0","0","0","0"
"0x7b3fff76a440","      FFMA R66, R27, R20, R66","6","0","6","333312","10665984","10665984","32","32","0","0","-","-","-","0","0","0","0","0","0","0","0","0","-","0","0","0","0","0","0","0","0","0","0","0","0","0","0","0","0","0","0","6","0","0","0","0","0","0","0","0","0","0","0","0","0","0","0","0","0","0","0","0","0"
"0x7b3fff76a450","      FFMA R67, R27, R21, R67","6","0","6","333312","10665984","10665984","32","32","0","0","-","-","-","0","0","0","0","0","0","0","0","0","-","0","0","0","0","0","0","0","0","0","0","0","0","0","0","0","0","0","0","6","0","0","0","0","0","0","0","0","0","0","0","0","0","0","0","0","0","0","0","0","0"
"0x7b3fff76a460","      FFMA R68, R27, R22, R68","4","0","4","333312","10665984","10665984","32","32","0","0","-","-","-","0","0","0","0","0","0","0","0","0","-","0","0","0","0","0","0","0","0","0","0","0","0","0","0","0","0","0","0","4","0","0","0","0","0","0","0","0","0","0","0","0","0","0","0","0","0","0","0","0","0"
"0x7b3fff76a470","      FFMA R69, R27, R23, R69","4","0","4","333312","10665984","10665984","32","32","0","0","-","-","-","0","0","0","0","0","0","0","0","0","-","0","0","0","0","0","0","0","0","0","0","0","0","0","0","0","0","0","0","4","0","0","0","0","0","0","0","0","0","0","0","0","0","0","0","0","0","0","0","0","0"
"0x7b3fff76a480","      LDS.128 R24, [R11+0x770]","109","10","109","333312","10665984","10665984","32","32","0","0","Shared","Load","128","0","4","0","1333248","1333248","0","0","0","0","-","0","0","0","0","0","0","0","0","21","0","0","0","0","0","11","0","8","57","6","0","0","0","6","0","0","0","0","0","0","0","0","7","0","0","0","0","0","0","0","3"
"0x7b3fff76a490","      LDS.128 R20, [R37+0x770]","93","25","93","333312","10665984","10665984","32","32","0","0","Shared","Load","128","0","2","0","666624","666624","0","0","0","0","-","0","0","0","0","0","0","0","0","10","0","0","0","0","0","23","0","0","34","10","0","0","0","16","0","0","0","0","0","0","0","0","18","0","0","0","0","0","0","0","7"
"0x7b3fff76a4a0","      FFMA R70, R32, R28, R70","40","13","40","333312","10665984","10665984","32","32","0","0","-","-","-","0","0","0","0","0","0","0","0","0","-","0","0","0","0","0","0","0","0","1","0","0","0","0","0","0","0","0","7","2","30","0","0","0","0","0","0","0","0","0","0","0","0","0","0","0","0","13","0","0","0"
"0x7b3fff76a4b0","      FFMA R71, R32, R29, R71","4","0","4","333312","10665984","10665984","32","32","0","0","-","-","-","0","0","0","0","0","0","0","0","0","-","0","0","0","0","0","0","0","0","0","0","0","0","0","0","0","0","0","0","4","0","0","0","0","0","0","0","0","0","0","0","0","0","0","0","0","0","0","0","0","0"
"0x7b3fff76a4c0","      FFMA R72, R32, R30, R72","7","0","7","333312","10665984","10665984","32","32","0","0","-","-","-","0","0","0","0","0","0","0","0","0","-","0","0","0","0","0","0","0","0","0","0","0","0","0","0","0","0","0","0","7","0","0","0","0","0","0","0","0","0","0","0","0","0","0","0","0","0","0","0","0","0"
"0x7b3fff76a4d0","      FFMA R73, R32, R31, R73","3","0","3","333312","10665984","10665984","32","32","0","0","-","-","-","0","0","0","0","0","0","0","0","0","-","0","0","0","0","0","0","0","0","1","0","0","0","0","0","0","0","0","0","2","0","0","0","0","0","0","0","0","0","0","0","0","0","0","0","0","0","0","0","0","0"
"0x7b3fff76a4e0","      FFMA R51, R33, R28, R51","2","0","2","333312","10665984","10665984","32","32","0","0","-","-","-","0","0","0","0","0","0","0","0","0","-","0","0","0","0","0","0","0","0","0","0","0","0","0","0","0","0","0","0","2","0","0","0","0","0","0","0","0","0","0","0","0","0","0","0","0","0","0","0","0","0"
"0x7b3fff76a4f0","      FFMA R52, R33, R29, R52","10","0","10","333312","10665984","10665984","32","32","0","0","-","-","-","0","0","0","0","0","0","0","0","0","-","0","0","0","0","0","0","0","0","1","0","0","0","0","0","0","0","0","0","9","0","0","0","0","0","0","0","0","0","0","0","0","0","0","0","0","0","0","0","0","0"
"0x7b3fff76a500","      FFMA R53, R33, R30, R53","5","0","5","333312","10665984","10665984","32","32","0","0","-","-","-","0","0","0","0","0","0","0","0","0","-","0","0","0","0","0","0","0","0","0","0","0","0","0","0","0","0","0","0","5","0","0","0","0","0","0","0","0","0","0","0","0","0","0","0","0","0","0","0","0","0"
"0x7b3fff76a510","      FFMA R56, R33, R31, R56","2","0","2","333312","10665984","10665984","32","32","0","0","-","-","-","0","0","0","0","0","0","0","0","0","-","0","0","0","0","0","0","0","0","1","0","0","0","0","0","0","0","0","0","1","0","0","0","0","0","0","0","0","0","0","0","0","0","0","0","0","0","0","0","0","0"
"0x7b3fff76a520","      FFMA R57, R34, R28, R57","4","0","4","333312","10665984","10665984","32","32","0","0","-","-","-","0","0","0","0","0","0","0","0","0","-","0","0","0","0","0","0","0","0","1","0","0","0","0","0","0","0","0","0","3","0","0","0","0","0","0","0","0","0","0","0","0","0","0","0","0","0","0","0","0","0"
"0x7b3fff76a530","      FFMA R58, R34, R29, R58","15","0","15","333312","10665984","10665984","32","32","0","0","-","-","-","0","0","0","0","0","0","0","0","0","-","0","0","0","0","0","0","0","0","6","0","0","0","0","0","0","0","0","0","9","0","0","0","0","0","0","0","0","0","0","0","0","0","0","0","0","0","0","0","0","0"
"0x7b3fff76a540","      FFMA R59, R34, R30, R59","3","0","3","333312","10665984","10665984","32","32","0","0","-","-","-","0","0","0","0","0","0","0","0","0","-","0","0","0","0","0","0","0","0","0","0","0","0","0","0","0","0","0","0","3","0","0","0","0","0","0","0","0","0","0","0","0","0","0","0","0","0","0","0","0","0"
"0x7b3fff76a550","      FFMA R63, R34, R31, R63","3","0","3","333312","10665984","10665984","32","32","0","0","-","-","-","0","0","0","0","0","0","0","0","0","-","0","0","0","0","0","0","0","0","1","0","0","0","0","0","0","0","0","0","2","0","0","0","0","0","0","0","0","0","0","0","0","0","0","0","0","0","0","0","0","0"
"0x7b3fff76a560","      FFMA R45, R35, R28, R45","7","0","7","333312","10665984","10665984","32","32","0","0","-","-","-","0","0","0","0","0","0","0","0","0","-","0","0","0","0","0","0","0","0","0","0","0","0","0","0","0","0","0","0","7","0","0","0","0","0","0","0","0","0","0","0","0","0","0","0","0","0","0","0","0","0"
"0x7b3fff76a570","      FFMA R46, R35, R29, R46","5","0","5","333312","10665984","10665984","32","32","0","0","-","-","-","0","0","0","0","0","0","0","0","0","-","0","0","0","0","0","0","0","0","0","0","0","0","0","0","0","0","0","0","5","0","0","0","0","0","0","0","0","0","0","0","0","0","0","0","0","0","0","0","0","0"
"0x7b3fff76a580","      FFMA R44, R35, R30, R44","4","0","4","333312","10665984","10665984","32","32","0","0","-","-","-","0","0","0","0","0","0","0","0","0","-","0","0","0","0","0","0","0","0","0","0","0","0","0","0","0","0","0","0","4","0","0","0","0","0","0","0","0","0","0","0","0","0","0","0","0","0","0","0","0","0"
"0x7b3fff76a590","      FFMA R47, R35, R31, R47","8","0","8","333312","10665984","10665984","32","32","0","0","-","-","-","0","0","0","0","0","0","0","0","0","-","0","0","0","0","0","0","0","0","1","0","0","0","0","0","0","0","0","0","7","0","0","0","0","0","0","0","0","0","0","0","0","0","0","0","0","0","0","0","0","0"
"0x7b3fff76a5a0","      LDS.128 R32, [R11+0x7f0]","134","12","134","333312","10665984","10665984","32","32","0","0","Shared","Load","128","0","4","0","1333248","1333248","0","0","0","0","-","0","0","0","0","0","0","0","0","21","0","0","0","0","0","19","0","0","83","1","0","0","0","10","0","0","1","0","0","0","0","0","11","0","0","0","0","0","0","0","0"
"0x7b3fff76a5b0","      FFMA R48, R16, R28, R48","23","5","23","333312","10665984","10665984","32","32","0","0","-","-","-","0","0","0","0","0","0","0","0","0","-","0","0","0","0","0","0","0","0","0","0","0","0","0","0","0","0","0","5","2","16","0","0","0","0","0","0","0","0","0","0","0","0","0","0","0","0","5","0","0","0"
"0x7b3fff76a5c0","      FFMA R49, R16, R29, R49","8","0","8","333312","10665984","10665984","32","32","0","0","-","-","-","0","0","0","0","0","0","0","0","0","-","0","0","0","0","0","0","0","0","1","0","0","0","0","0","0","0","0","0","7","0","0","0","0","0","0","0","0","0","0","0","0","0","0","0","0","0","0","0","0","0"
"0x7b3fff76a5d0","      FFMA R50, R16, R30, R50","10","0","10","333312","10665984","10665984","32","32","0","0","-","-","-","0","0","0","0","0","0","0","0","0","-","0","0","0","0","0","0","0","0","1","0","0","0","0","0","0","0","0","0","9","0","0","0","0","0","0","0","0","0","0","0","0","0","0","0","0","0","0","0","0","0"
"0x7b3fff76a5e0","      FFMA R60, R16, R31, R60","5","0","5","333312","10665984","10665984","32","32","0","0","-","-","-","0","0","0","0","0","0","0","0","0","-","0","0","0","0","0","0","0","0","1","0","0","0","0","0","0","0","0","0","4","0","0","0","0","0","0","0","0","0","0","0","0","0","0","0","0","0","0","0","0","0"
"0x7b3fff76a5f0","      FFMA R61, R17, R28, R61","5","0","5","333312","10665984","10665984","32","32","0","0","-","-","-","0","0","0","0","0","0","0","0","0","-","0","0","0","0","0","0","0","0","0","0","0","0","0","0","0","0","0","0","5","0","0","0","0","0","0","0","0","0","0","0","0","0","0","0","0","0","0","0","0","0"
"0x7b3fff76a600","      FFMA R39, R17, R29, R39","4","0","4","333312","10665984","10665984","32","32","0","0","-","-","-","0","0","0","0","0","0","0","0","0","-","0","0","0","0","0","0","0","0","0","0","0","0","0","0","0","0","2","0","2","0","0","0","0","0","0","0","0","0","0","0","0","0","0","0","0","0","0","0","0","0"
"0x7b3fff76a610","      FFMA R38, R17, R30, R38","5","0","5","333312","10665984","10665984","32","32","0","0","-","-","-","0","0","0","0","0","0","0","0","0","-","0","0","0","0","0","0","0","0","0","0","0","0","0","0","0","0","0","0","5","0","0","0","0","0","0","0","0","0","0","0","0","0","0","0","0","0","0","0","0","0"
"0x7b3fff76a620","      FFMA R42, R17, R31, R42","4","0","4","333312","10665984","10665984","32","32","0","0","-","-","-","0","0","0","0","0","0","0","0","0","-","0","0","0","0","0","0","0","0","1","0","0","0","0","0","0","0","0","0","3","0","0","0","0","0","0","0","0","0","0","0","0","0","0","0","0","0","0","0","0","0"
"0x7b3fff76a630","      FFMA R41, R18, R28, R41","7","0","7","333312","10665984","10665984","32","32","0","0","-","-","-","0","0","0","0","0","0","0","0","0","-","0","0","0","0","0","0","0","0","0","0","0","0","0","0","0","0","0","0","7","0","0","0","0","0","0","0","0","0","0","0","0","0","0","0","0","0","0","0","0","0"
"0x7b3fff76a640","      FFMA R43, R18, R29, R43","8","0","8","333312","10665984","10665984","32","32","0","0","-","-","-","0","0","0","0","0","0","0","0","0","-","0","0","0","0","0","0","0","0","1","0","0","0","0","0","0","0","0","0","7","0","0","0","0","0","0","0","0","0","0","0","0","0","0","0","0","0","0","0","0","0"
"0x7b3fff76a650","      FFMA R40, R18, R30, R40","10","0","10","333312","10665984","10665984","32","32","0","0","-","-","-","0","0","0","0","0","0","0","0","0","-","0","0","0","0","0","0","0","0","3","0","0","0","0","0","0","0","0","0","7","0","0","0","0","0","0","0","0","0","0","0","0","0","0","0","0","0","0","0","0","0"
"0x7b3fff76a660","      FFMA R62, R18, R31, R62","2","0","2","333312","10665984","10665984","32","32","0","0","-","-","-","0","0","0","0","0","0","0","0","0","-","0","0","0","0","0","0","0","0","0","0","0","0","0","0","0","0","0","0","2","0","0","0","0","0","0","0","0","0","0","0","0","0","0","0","0","0","0","0","0","0"
"0x7b3fff76a670","      FFMA R66, R19, R28, R66","6","0","6","333312","10665984","10665984","32","32","0","0","-","-","-","0","0","0","0","0","0","0","0","0","-","0","0","0","0","0","0","0","0","0","0","0","0","0","0","0","0","0","0","6","0","0","0","0","0","0","0","0","0","0","0","0","0","0","0","0","0","0","0","0","0"
"0x7b3fff76a680","      FFMA R67, R19, R29, R67","8","0","8","333312","10665984","10665984","32","32","0","0","-","-","-","0","0","0","0","0","0","0","0","0","-","0","0","0","0","0","0","0","0","0","0","0","0","0","0","0","0","0","0","8","0","0","0","0","0","0","0","0","0","0","0","0","0","0","0","0","0","0","0","0","0"
"0x7b3fff76a690","      FFMA R68, R19, R30, R68","6","0","6","333312","10665984","10665984","32","32","0","0","-","-","-","0","0","0","0","0","0","0","0","0","-","0","0","0","0","0","0","0","0","3","0","0","0","0","0","0","0","0","0","3","0","0","0","0","0","0","0","0","0","0","0","0","0","0","0","0","0","0","0","0","0"
"0x7b3fff76a6a0","      FFMA R69, R19, R31, R69","7","0","7","333312","10665984","10665984","32","32","0","0","-","-","-","0","0","0","0","0","0","0","0","0","-","0","0","0","0","0","0","0","0","1","0","0","0","0","0","0","0","0","0","6","0","0","0","0","0","0","0","0","0","0","0","0","0","0","0","0","0","0","0","0","0"
"0x7b3fff76a6b0","      LDS.128 R28, [R11+0x880]","94","20","94","333312","10665984","10665984","32","32","0","0","Shared","Load","128","0","4","0","1333248","1333248","0","0","0","0","-","0","0","0","0","0","0","0","0","17","0","0","0","0","0","24","0","0","45","4","0","0","0","4","0","0","1","0","0","0","0","0","19","0","0","0","0","0","0","0","0"
"0x7b3fff76a6c0","      LDS.128 R16, [R37+0x880]","91","13","91","333312","10665984","10665984","32","32","0","0","Shared","Load","128","0","2","0","666624","666624","0","0","0","0","-","0","0","0","0","0","0","0","0","9","0","0","0","0","0","25","0","0","38","5","0","0","0","14","0","0","0","0","0","0","0","0","10","0","0","0","0","0","0","0","3"
"0x7b3fff76a6d0","      FFMA R70, R24, R20, R70","65","12","65","333312","10665984","10665984","32","32","0","0","-","-","-","0","0","0","0","0","0","0","0","0","-","0","0","0","0","0","0","0","0","4","0","0","0","0","0","0","0","0","14","6","41","0","0","0","0","0","0","0","0","0","0","0","0","0","0","0","0","12","0","0","0"
"0x7b3fff76a6e0","      FFMA R71, R24, R21, R71","4","0","4","333312","10665984","10665984","32","32","0","0","-","-","-","0","0","0","0","0","0","0","0","0","-","0","0","0","0","0","0","0","0","1","0","0","0","0","0","0","0","0","0","3","0","0","0","0","0","0","0","0","0","0","0","0","0","0","0","0","0","0","0","0","0"
"0x7b3fff76a6f0","      FFMA R72, R24, R22, R72","3","0","3","333312","10665984","10665984","32","32","0","0","-","-","-","0","0","0","0","0","0","0","0","0","-","0","0","0","0","0","0","0","0","0","0","0","0","0","0","0","0","0","0","3","0","0","0","0","0","0","0","0","0","0","0","0","0","0","0","0","0","0","0","0","0"
"0x7b3fff76a700","      FFMA R73, R24, R23, R73","6","1","6","333312","10665984","10665984","32","32","0","0","-","-","-","0","0","0","0","0","0","0","0","0","-","0","0","0","0","0","0","0","0","0","0","0","0","0","0","0","0","1","0","5","0","0","0","0","0","0","0","0","0","0","0","0","0","0","1","0","0","0","0","0","0"
"0x7b3fff76a710","      FFMA R51, R25, R20, R51","6","0","6","333312","10665984","10665984","32","32","0","0","-","-","-","0","0","0","0","0","0","0","0","0","-","0","0","0","0","0","0","0","0","2","0","0","0","0","0","0","0","0","0","4","0","0","0","0","0","0","0","0","0","0","0","0","0","0","0","0","0","0","0","0","0"
"0x7b3fff76a720","      FFMA R52, R25, R21, R52","1","0","1","333312","10665984","10665984","32","32","0","0","-","-","-","0","0","0","0","0","0","0","0","0","-","0","0","0","0","0","0","0","0","1","0","0","0","0","0","0","0","0","0","0","0","0","0","0","0","0","0","0","0","0","0","0","0","0","0","0","0","0","0","0","0"
"0x7b3fff76a730","      FFMA R53, R25, R22, R53","0","0","0","333312","10665984","10665984","32","32","0","0","-","-","-","0","0","0","0","0","0","0","0","0","-","0","0","0","0","0","0","0","0","0","0","0","0","0","0","0","0","0","0","0","0","0","0","0","0","0","0","0","0","0","0","0","0","0","0","0","0","0","0","0","0"
"0x7b3fff76a740","      FFMA R56, R25, R23, R56","0","0","0","333312","10665984","10665984","32","32","0","0","-","-","-","0","0","0","0","0","0","0","0","0","-","0","0","0","0","0","0","0","0","0","0","0","0","0","0","0","0","0","0","0","0","0","0","0","0","0","0","0","0","0","0","0","0","0","0","0","0","0","0","0","0"
"0x7b3fff76a750","      FFMA R57, R26, R20, R57","6","0","6","333312","10665984","10665984","32","32","0","0","-","-","-","0","0","0","0","0","0","0","0","0","-","0","0","0","0","0","0","0","0","0","0","0","0","0","0","0","0","0","0","6","0","0","0","0","0","0","0","0","0","0","0","0","0","0","0","0","0","0","0","0","0"
"0x7b3fff76a760","      FFMA R58, R26, R21, R58","10","0","10","333312","10665984","10665984","32","32","0","0","-","-","-","0","0","0","0","0","0","0","0","0","-","0","0","0","0","0","0","0","0","3","0","0","0","0","0","0","0","0","0","7","0","0","0","0","0","0","0","0","0","0","0","0","0","0","0","0","0","0","0","0","0"
"0x7b3fff76a770","      FFMA R59, R26, R22, R59","1","0","1","333312","10665984","10665984","32","32","0","0","-","-","-","0","0","0","0","0","0","0","0","0","-","0","0","0","0","0","0","0","0","0","0","0","0","0","0","0","0","0","0","1","0","0","0","0","0","0","0","0","0","0","0","0","0","0","0","0","0","0","0","0","0"
"0x7b3fff76a780","      FFMA R63, R26, R23, R63","6","0","6","333312","10665984","10665984","32","32","0","0","-","-","-","0","0","0","0","0","0","0","0","0","-","0","0","0","0","0","0","0","0","2","0","0","0","0","0","0","0","0","0","4","0","0","0","0","0","0","0","0","0","0","0","0","0","0","0","0","0","0","0","0","0"
"0x7b3fff76a790","      FFMA R45, R27, R20, R45","4","0","4","333312","10665984","10665984","32","32","0","0","-","-","-","0","0","0","0","0","0","0","0","0","-","0","0","0","0","0","0","0","0","1","0","0","0","0","0","0","0","0","0","3","0","0","0","0","0","0","0","0","0","0","0","0","0","0","0","0","0","0","0","0","0"
"0x7b3fff76a7a0","      FFMA R46, R27, R21, R46","7","0","7","333312","10665984","10665984","32","32","0","0","-","-","-","0","0","0","0","0","0","0","0","0","-","0","0","0","0","0","0","0","0","1","0","0","0","0","0","0","0","0","0","6","0","0","0","0","0","0","0","0","0","0","0","0","0","0","0","0","0","0","0","0","0"
"0x7b3fff76a7b0","      FFMA R44, R27, R22, R44","3","0","3","333312","10665984","10665984","32","32","0","0","-","-","-","0","0","0","0","0","0","0","0","0","-","0","0","0","0","0","0","0","0","0","0","0","0","0","0","0","0","0","0","3","0","0","0","0","0","0","0","0","0","0","0","0","0","0","0","0","0","0","0","0","0"
"0x7b3fff76a7c0","      FFMA R47, R27, R23, R47","5","0","5","333312","10665984","10665984","32","32","0","0","-","-","-","0","0","0","0","0","0","0","0","0","-","0","0","0","0","0","0","0","0","1","0","0","0","0","0","0","0","0","0","4","0","0","0","0","0","0","0","0","0","0","0","0","0","0","0","0","0","0","0","0","0"
"0x7b3fff76a7d0","      LDS.128 R24, [R11+0x900]","127","15","127","333312","10665984","10665984","32","32","0","0","Shared","Load","128","0","4","0","1333248","1333248","0","0","0","0","-","0","0","0","0","0","0","0","0","21","0","0","0","0","0","21","0","0","73","1","0","0","0","11","0","0","0","0","0","0","0","0","14","0","0","1","0","0","0","0","0"
"0x7b3fff76a7e0","      FFMA R48, R32, R20, R48","35","5","35","333312","10665984","10665984","32","32","0","0","-","-","-","0","0","0","0","0","0","0","0","0","-","0","0","0","0","0","0","0","0","1","0","0","0","0","0","0","0","0","10","2","22","0","0","0","0","0","0","0","0","0","0","0","0","0","0","0","0","5","0","0","0"
"0x7b3fff76a7f0","      FFMA R49, R32, R21, R49","5","0","5","333312","10665984","10665984","32","32","0","0","-","-","-","0","0","0","0","0","0","0","0","0","-","0","0","0","0","0","0","0","0","1","0","0","0","0","0","0","0","0","0","4","0","0","0","0","0","0","0","0","0","0","0","0","0","0","0","0","0","0","0","0","0"
"0x7b3fff76a800","      FFMA R50, R32, R22, R50","6","0","6","333312","10665984","10665984","32","32","0","0","-","-","-","0","0","0","0","0","0","0","0","0","-","0","0","0","0","0","0","0","0","0","0","0","0","0","0","0","0","2","0","4","0","0","0","0","0","0","0","0","0","0","0","0","0","0","0","0","0","0","0","0","0"
"0x7b3fff76a810","      FFMA R60, R32, R23, R60","5","0","5","333312","10665984","10665984","32","32","0","0","-","-","-","0","0","0","0","0","0","0","0","0","-","0","0","0","0","0","0","0","0","0","0","0","0","0","0","0","0","0","0","5","0","0","0","0","0","0","0","0","0","0","0","0","0","0","0","0","0","0","0","0","0"
"0x7b3fff76a820","      FFMA R61, R33, R20, R61","4","0","4","333312","10665984","10665984","32","32","0","0","-","-","-","0","0","0","0","0","0","0","0","0","-","0","0","0","0","0","0","0","0","0","0","0","0","0","0","0","0","0","0","4","0","0","0","0","0","0","0","0","0","0","0","0","0","0","0","0","0","0","0","0","0"
"0x7b3fff76a830","      FFMA R39, R33, R21, R39","4","0","4","333312","10665984","10665984","32","32","0","0","-","-","-","0","0","0","0","0","0","0","0","0","-","0","0","0","0","0","0","0","0","1","0","0","0","0","0","0","0","0","0","3","0","0","0","0","0","0","0","0","0","0","0","0","0","0","0","0","0","0","0","0","0"
"0x7b3fff76a840","      FFMA R38, R33, R22, R38","4","0","4","333312","10665984","10665984","32","32","0","0","-","-","-","0","0","0","0","0","0","0","0","0","-","0","0","0","0","0","0","0","0","0","0","0","0","0","0","0","0","0","0","4","0","0","0","0","0","0","0","0","0","0","0","0","0","0","0","0","0","0","0","0","0"
"0x7b3fff76a850","      FFMA R42, R33, R23, R42","7","0","7","333312","10665984","10665984","32","32","0","0","-","-","-","0","0","0","0","0","0","0","0","0","-","0","0","0","0","0","0","0","0","0","0","0","0","0","0","0","0","0","0","7","0","0","0","0","0","0","0","0","0","0","0","0","0","0","0","0","0","0","0","0","0"
"0x7b3fff76a860","      FFMA R41, R34, R20, R41","4","0","4","333312","10665984","10665984","32","32","0","0","-","-","-","0","0","0","0","0","0","0","0","0","-","0","0","0","0","0","0","0","0","1","0","0","0","0","0","0","0","0","0","3","0","0","0","0","0","0","0","0","0","0","0","0","0","0","0","0","0","0","0","0","0"
"0x7b3fff76a870","      FFMA R43, R34, R21, R43","2","0","2","333312","10665984","10665984","32","32","0","0","-","-","-","0","0","0","0","0","0","0","0","0","-","0","0","0","0","0","0","0","0","1","0","0","0","0","0","0","0","0","0","1","0","0","0","0","0","0","0","0","0","0","0","0","0","0","0","0","0","0","0","0","0"
"0x7b3fff76a880","      FFMA R40, R34, R22, R40","9","0","9","333312","10665984","10665984","32","32","0","0","-","-","-","0","0","0","0","0","0","0","0","0","-","0","0","0","0","0","0","0","0","3","0","0","0","0","0","0","0","0","1","5","0","0","0","0","0","0","0","0","0","0","0","0","0","0","0","0","0","0","0","0","0"
"0x7b3fff76a890","      FFMA R62, R34, R23, R62","6","0","6","333312","10665984","10665984","32","32","0","0","-","-","-","0","0","0","0","0","0","0","0","0","-","0","0","0","0","0","0","0","0","0","0","0","0","0","0","0","0","0","0","6","0","0","0","0","0","0","0","0","0","0","0","0","0","0","0","0","0","0","0","0","0"
"0x7b3fff76a8a0","      FFMA R66, R35, R20, R66","2","0","2","333312","10665984","10665984","32","32","0","0","-","-","-","0","0","0","0","0","0","0","0","0","-","0","0","0","0","0","0","0","0","0","0","0","0","0","0","0","0","0","0","2","0","0","0","0","0","0","0","0","0","0","0","0","0","0","0","0","0","0","0","0","0"
"0x7b3fff76a8b0","      FFMA R67, R35, R21, R67","3","0","3","333312","10665984","10665984","32","32","0","0","-","-","-","0","0","0","0","0","0","0","0","0","-","0","0","0","0","0","0","0","0","0","0","0","0","0","0","0","0","0","0","3","0","0","0","0","0","0","0","0","0","0","0","0","0","0","0","0","0","0","0","0","0"
"0x7b3fff76a8c0","      FFMA R68, R35, R22, R68","4","0","4","333312","10665984","10665984","32","32","0","0","-","-","-","0","0","0","0","0","0","0","0","0","-","0","0","0","0","0","0","0","0","1","0","0","0","0","0","0","0","0","0","3","0","0","0","0","0","0","0","0","0","0","0","0","0","0","0","0","0","0","0","0","0"
"0x7b3fff76a8d0","      FFMA R69, R35, R23, R69","4","0","4","333312","10665984","10665984","32","32","0","0","-","-","-","0","0","0","0","0","0","0","0","0","-","0","0","0","0","0","0","0","0","0","0","0","0","0","0","0","0","0","0","4","0","0","0","0","0","0","0","0","0","0","0","0","0","0","0","0","0","0","0","0","0"
"0x7b3fff76a8e0","      LDS.128 R32, [R11+0x990]","104","10","104","333312","10665984","10665984","32","32","0","0","Shared","Load","128","0","4","0","1333248","1333248","0","0","0","0","-","0","0","0","0","0","0","0","0","13","0","0","0","0","0","18","0","0","65","5","0","0","0","3","0","0","0","0","0","0","0","0","10","0","0","0","0","0","0","0","0"
"0x7b3fff76a8f0","      LDS.128 R20, [R37+0x990]","81","9","81","333312","10665984","10665984","32","32","0","0","Shared","Load","128","0","2","0","666624","666624","0","0","0","0","-","0","0","0","0","0","0","0","0","9","0","0","0","0","0","18","0","0","38","7","0","0","0","9","0","0","0","0","0","0","0","0","8","0","0","0","0","0","0","0","1"
"0x7b3fff76a900","      FFMA R70, R28, R16, R70","40","8","40","333312","10665984","10665984","32","32","0","0","-","-","-","0","0","0","0","0","0","0","0","0","-","0","0","0","0","0","0","0","0","2","0","0","0","0","0","0","0","0","12","4","22","0","0","0","0","0","0","0","0","0","0","0","0","0","0","0","0","8","0","0","0"
"0x7b3fff76a910","      FFMA R71, R28, R17, R71","5","0","5","333312","10665984","10665984","32","32","0","0","-","-","-","0","0","0","0","0","0","0","0","0","-","0","0","0","0","0","0","0","0","0","0","0","0","0","0","0","0","0","0","5","0","0","0","0","0","0","0","0","0","0","0","0","0","0","0","0","0","0","0","0","0"
"0x7b3fff76a920","      FFMA R72, R28, R18, R72","3","0","3","333312","10665984","10665984","32","32","0","0","-","-","-","0","0","0","0","0","0","0","0","0","-","0","0","0","0","0","0","0","0","0","0","0","0","0","0","0","0","0","0","3","0","0","0","0","0","0","0","0","0","0","0","0","0","0","0","0","0","0","0","0","0"
"0x7b3fff76a930","      FFMA R73, R28, R19, R73","3","0","3","333312","10665984","10665984","32","32","0","0","-","-","-","0","0","0","0","0","0","0","0","0","-","0","0","0","0","0","0","0","0","2","0","0","0","0","0","0","0","0","0","1","0","0","0","0","0","0","0","0","0","0","0","0","0","0","0","0","0","0","0","0","0"
"0x7b3fff76a940","      FFMA R51, R29, R16, R51","4","0","4","333312","10665984","10665984","32","32","0","0","-","-","-","0","0","0","0","0","0","0","0","0","-","0","0","0","0","0","0","0","0","0","0","0","0","0","0","0","0","0","0","4","0","0","0","0","0","0","0","0","0","0","0","0","0","0","0","0","0","0","0","0","0"
"0x7b3fff76a950","      FFMA R52, R29, R17, R52","8","0","8","333312","10665984","10665984","32","32","0","0","-","-","-","0","0","0","0","0","0","0","0","0","-","0","0","0","0","0","0","0","0","1","0","0","0","0","0","0","0","0","0","7","0","0","0","0","0","0","0","0","0","0","0","0","0","0","0","0","0","0","0","0","0"
"0x7b3fff76a960","      FFMA R53, R29, R18, R53","7","0","7","333312","10665984","10665984","32","32","0","0","-","-","-","0","0","0","0","0","0","0","0","0","-","0","0","0","0","0","0","0","0","0","0","0","0","0","0","0","0","0","0","7","0","0","0","0","0","0","0","0","0","0","0","0","0","0","0","0","0","0","0","0","0"
"0x7b3fff76a970","      FFMA R56, R29, R19, R56","8","0","8","333312","10665984","10665984","32","32","0","0","-","-","-","0","0","0","0","0","0","0","0","0","-","0","0","0","0","0","0","0","0","0","0","0","0","0","0","0","0","0","0","8","0","0","0","0","0","0","0","0","0","0","0","0","0","0","0","0","0","0","0","0","0"
"0x7b3fff76a980","      FFMA R57, R30, R16, R57","8","0","8","333312","10665984","10665984","32","32","0","0","-","-","-","0","0","0","0","0","0","0","0","0","-","0","0","0","0","0","0","0","0","0","0","0","0","0","0","0","0","0","1","7","0","0","0","0","0","0","0","0","0","0","0","0","0","0","0","0","0","0","0","0","0"
"0x7b3fff76a990","      FFMA R58, R30, R17, R58","5","0","5","333312","10665984","10665984","32","32","0","0","-","-","-","0","0","0","0","0","0","0","0","0","-","0","0","0","0","0","0","0","0","2","0","0","0","0","0","0","0","0","0","3","0","0","0","0","0","0","0","0","0","0","0","0","0","0","0","0","0","0","0","0","0"
"0x7b3fff76a9a0","      FFMA R59, R30, R18, R59","1","0","1","333312","10665984","10665984","32","32","0","0","-","-","-","0","0","0","0","0","0","0","0","0","-","0","0","0","0","0","0","0","0","0","0","0","0","0","0","0","0","0","0","1","0","0","0","0","0","0","0","0","0","0","0","0","0","0","0","0","0","0","0","0","0"
"0x7b3fff76a9b0","      FFMA R63, R30, R19, R63","7","0","7","333312","10665984","10665984","32","32","0","0","-","-","-","0","0","0","0","0","0","0","0","0","-","0","0","0","0","0","0","0","0","0","0","0","0","0","0","0","0","0","0","7","0","0","0","0","0","0","0","0","0","0","0","0","0","0","0","0","0","0","0","0","0"
"0x7b3fff76a9c0","      FFMA R45, R31, R16, R45","2","0","2","333312","10665984","10665984","32","32","0","0","-","-","-","0","0","0","0","0","0","0","0","0","-","0","0","0","0","0","0","0","0","0","0","0","0","0","0","0","0","0","0","2","0","0","0","0","0","0","0","0","0","0","0","0","0","0","0","0","0","0","0","0","0"
"0x7b3fff76a9d0","      FFMA R46, R31, R17, R46","5","0","5","333312","10665984","10665984","32","32","0","0","-","-","-","0","0","0","0","0","0","0","0","0","-","0","0","0","0","0","0","0","0","0","0","0","0","0","0","0","0","0","0","5","0","0","0","0","0","0","0","0","0","0","0","0","0","0","0","0","0","0","0","0","0"
"0x7b3fff76a9e0","      FFMA R44, R31, R18, R44","2","0","2","333312","10665984","10665984","32","32","0","0","-","-","-","0","0","0","0","0","0","0","0","0","-","0","0","0","0","0","0","0","0","0","0","0","0","0","0","0","0","0","0","2","0","0","0","0","0","0","0","0","0","0","0","0","0","0","0","0","0","0","0","0","0"
"0x7b3fff76a9f0","      FFMA R47, R31, R19, R47","2","0","2","333312","10665984","10665984","32","32","0","0","-","-","-","0","0","0","0","0","0","0","0","0","-","0","0","0","0","0","0","0","0","0","0","0","0","0","0","0","0","0","0","2","0","0","0","0","0","0","0","0","0","0","0","0","0","0","0","0","0","0","0","0","0"
"0x7b3fff76aa00","      LDS.128 R28, [R11+0xa10]","148","16","148","333312","10665984","10665984","32","32","0","0","Shared","Load","128","0","4","0","1333248","1333248","0","0","0","0","-","0","0","0","0","0","0","0","0","20","0","0","0","0","0","23","0","4","85","4","0","0","0","12","0","0","2","0","0","0","0","0","13","0","0","0","0","0","0","0","1"
"0x7b3fff76aa10","      FFMA R48, R24, R16, R48","36","6","36","333312","10665984","10665984","32","32","0","0","-","-","-","0","0","0","0","0","0","0","0","0","-","0","0","0","0","0","0","0","0","2","0","0","0","0","0","0","0","0","6","1","27","0","0","0","0","0","0","0","0","0","0","0","0","0","0","0","0","6","0","0","0"
"0x7b3fff76aa20","      FFMA R49, R24, R17, R49","5","0","5","333312","10665984","10665984","32","32","0","0","-","-","-","0","0","0","0","0","0","0","0","0","-","0","0","0","0","0","0","0","0","1","0","0","0","0","0","0","0","0","0","4","0","0","0","0","0","0","0","0","0","0","0","0","0","0","0","0","0","0","0","0","0"
"0x7b3fff76aa30","      FFMA R50, R24, R18, R50","3","0","3","333312","10665984","10665984","32","32","0","0","-","-","-","0","0","0","0","0","0","0","0","0","-","0","0","0","0","0","0","0","0","0","0","0","0","0","0","0","0","0","0","3","0","0","0","0","0","0","0","0","0","0","0","0","0","0","0","0","0","0","0","0","0"
"0x7b3fff76aa40","      FFMA R60, R24, R19, R60","5","0","5","333312","10665984","10665984","32","32","0","0","-","-","-","0","0","0","0","0","0","0","0","0","-","0","0","0","0","0","0","0","0","1","0","0","0","0","0","0","0","0","0","4","0","0","0","0","0","0","0","0","0","0","0","0","0","0","0","0","0","0","0","0","0"
"0x7b3fff76aa50","      FFMA R61, R25, R16, R61","2","0","2","333312","10665984","10665984","32","32","0","0","-","-","-","0","0","0","0","0","0","0","0","0","-","0","0","0","0","0","0","0","0","1","0","0","0","0","0","0","0","0","0","1","0","0","0","0","0","0","0","0","0","0","0","0","0","0","0","0","0","0","0","0","0"
"0x7b3fff76aa60","      FFMA R39, R25, R17, R39","3","0","3","333312","10665984","10665984","32","32","0","0","-","-","-","0","0","0","0","0","0","0","0","0","-","0","0","0","0","0","0","0","0","1","0","0","0","0","0","0","0","0","0","2","0","0","0","0","0","0","0","0","0","0","0","0","0","0","0","0","0","0","0","0","0"
"0x7b3fff76aa70","      FFMA R38, R25, R18, R38","6","0","6","333312","10665984","10665984","32","32","0","0","-","-","-","0","0","0","0","0","0","0","0","0","-","0","0","0","0","0","0","0","0","0","0","0","0","0","0","0","0","0","0","6","0","0","0","0","0","0","0","0","0","0","0","0","0","0","0","0","0","0","0","0","0"
"0x7b3fff76aa80","      FFMA R42, R25, R19, R42","3","0","3","333312","10665984","10665984","32","32","0","0","-","-","-","0","0","0","0","0","0","0","0","0","-","0","0","0","0","0","0","0","0","1","0","0","0","0","0","0","0","0","1","1","0","0","0","0","0","0","0","0","0","0","0","0","0","0","0","0","0","0","0","0","0"
"0x7b3fff76aa90","      FFMA R41, R26, R16, R41","3","0","3","333312","10665984","10665984","32","32","0","0","-","-","-","0","0","0","0","0","0","0","0","0","-","0","0","0","0","0","0","0","0","0","0","0","0","0","0","0","0","0","0","3","0","0","0","0","0","0","0","0","0","0","0","0","0","0","0","0","0","0","0","0","0"
"0x7b3fff76aaa0","      FFMA R43, R26, R17, R43","2","0","2","333312","10665984","10665984","32","32","0","0","-","-","-","0","0","0","0","0","0","0","0","0","-","0","0","0","0","0","0","0","0","1","0","0","0","0","0","0","0","0","0","1","0","0","0","0","0","0","0","0","0","0","0","0","0","0","0","0","0","0","0","0","0"
"0x7b3fff76aab0","      FFMA R40, R26, R18, R40","9","0","9","333312","10665984","10665984","32","32","0","0","-","-","-","0","0","0","0","0","0","0","0","0","-","0","0","0","0","0","0","0","0","4","0","0","0","0","0","0","0","0","0","5","0","0","0","0","0","0","0","0","0","0","0","0","0","0","0","0","0","0","0","0","0"
"0x7b3fff76aac0","      FFMA R62, R26, R19, R62","7","0","7","333312","10665984","10665984","32","32","0","0","-","-","-","0","0","0","0","0","0","0","0","0","-","0","0","0","0","0","0","0","0","0","0","0","0","0","0","0","0","0","0","7","0","0","0","0","0","0","0","0","0","0","0","0","0","0","0","0","0","0","0","0","0"
"0x7b3fff76aad0","      FFMA R66, R27, R16, R66","3","0","3","333312","10665984","10665984","32","32","0","0","-","-","-","0","0","0","0","0","0","0","0","0","-","0","0","0","0","0","0","0","0","1","0","0","0","0","0","0","0","0","0","2","0","0","0","0","0","0","0","0","0","0","0","0","0","0","0","0","0","0","0","0","0"
"0x7b3fff76aae0","      FFMA R67, R27, R17, R67","4","0","4","333312","10665984","10665984","32","32","0","0","-","-","-","0","0","0","0","0","0","0","0","0","-","0","0","0","0","0","0","0","0","1","0","0","0","0","0","0","0","0","0","3","0","0","0","0","0","0","0","0","0","0","0","0","0","0","0","0","0","0","0","0","0"
"0x7b3fff76aaf0","      FFMA R68, R27, R18, R68","6","0","6","333312","10665984","10665984","32","32","0","0","-","-","-","0","0","0","0","0","0","0","0","0","-","0","0","0","0","0","0","0","0","1","0","0","0","0","0","0","0","0","0","5","0","0","0","0","0","0","0","0","0","0","0","0","0","0","0","0","0","0","0","0","0"
"0x7b3fff76ab00","      FFMA R69, R27, R19, R69","6","0","6","333312","10665984","10665984","32","32","0","0","-","-","-","0","0","0","0","0","0","0","0","0","-","0","0","0","0","0","0","0","0","1","0","0","0","0","0","0","0","1","1","3","0","0","0","0","0","0","0","0","0","0","0","0","0","0","0","0","0","0","0","0","0"
"0x7b3fff76ab10","      LDS.128 R24, [R11+0xaa0]","110","13","110","333312","10665984","10665984","32","32","0","0","Shared","Load","128","0","4","0","1333248","1333248","0","0","0","0","-","0","0","0","0","0","0","0","0","12","0","0","0","0","0","18","0","0","67","5","0","0","0","8","0","0","1","0","0","0","0","0","12","0","0","0","0","0","0","0","0"
"0x7b3fff76ab20","      LDS.128 R16, [R37+0xaa0]","59","12","59","333312","10665984","10665984","32","32","0","0","Shared","Load","128","0","2","0","666624","666624","0","0","0","0","-","0","0","0","0","0","0","0","0","5","0","0","0","0","0","16","0","0","23","5","0","0","0","10","0","0","0","0","0","0","0","0","9","0","0","0","0","0","0","0","3"
"0x7b3fff76ab30","      FFMA R70, R32, R20, R70","54","17","54","333312","10665984","10665984","32","32","0","0","-","-","-","0","0","0","0","0","0","0","0","0","-","0","0","0","0","0","0","0","0","0","0","0","0","0","0","0","0","0","13","3","38","0","0","0","0","0","0","0","0","0","0","0","0","0","0","0","0","17","0","0","0"
"0x7b3fff76ab40","      FFMA R71, R32, R21, R71","7","0","7","333312","10665984","10665984","32","32","0","0","-","-","-","0","0","0","0","0","0","0","0","0","-","0","0","0","0","0","0","0","0","1","0","0","0","0","0","0","0","0","0","6","0","0","0","0","0","0","0","0","0","0","0","0","0","0","0","0","0","0","0","0","0"
"0x7b3fff76ab50","      FFMA R72, R32, R22, R72","6","0","6","333312","10665984","10665984","32","32","0","0","-","-","-","0","0","0","0","0","0","0","0","0","-","0","0","0","0","0","0","0","0","0","0","0","0","0","0","0","0","0","0","6","0","0","0","0","0","0","0","0","0","0","0","0","0","0","0","0","0","0","0","0","0"
"0x7b3fff76ab60","      FFMA R73, R32, R23, R73","3","0","3","333312","10665984","10665984","32","32","0","0","-","-","-","0","0","0","0","0","0","0","0","0","-","0","0","0","0","0","0","0","0","0","0","0","0","0","0","0","0","0","0","3","0","0","0","0","0","0","0","0","0","0","0","0","0","0","0","0","0","0","0","0","0"
"0x7b3fff76ab70","      FFMA R51, R33, R20, R51","4","0","4","333312","10665984","10665984","32","32","0","0","-","-","-","0","0","0","0","0","0","0","0","0","-","0","0","0","0","0","0","0","0","0","0","0","0","0","0","0","0","0","0","4","0","0","0","0","0","0","0","0","0","0","0","0","0","0","0","0","0","0","0","0","0"
"0x7b3fff76ab80","      FFMA R52, R33, R21, R52","6","0","6","333312","10665984","10665984","32","32","0","0","-","-","-","0","0","0","0","0","0","0","0","0","-","0","0","0","0","0","0","0","0","1","0","0","0","0","0","0","0","0","0","5","0","0","0","0","0","0","0","0","0","0","0","0","0","0","0","0","0","0","0","0","0"
"0x7b3fff76ab90","      FFMA R53, R33, R22, R53","4","0","4","333312","10665984","10665984","32","32","0","0","-","-","-","0","0","0","0","0","0","0","0","0","-","0","0","0","0","0","0","0","0","0","0","0","0","0","0","0","0","0","0","4","0","0","0","0","0","0","0","0","0","0","0","0","0","0","0","0","0","0","0","0","0"
"0x7b3fff76aba0","      FFMA R56, R33, R23, R56","9","0","9","333312","10665984","10665984","32","32","0","0","-","-","-","0","0","0","0","0","0","0","0","0","-","0","0","0","0","0","0","0","0","0","0","0","0","0","0","0","0","0","0","9","0","0","0","0","0","0","0","0","0","0","0","0","0","0","0","0","0","0","0","0","0"
"0x7b3fff76abb0","      FFMA R57, R34, R20, R57","2","0","2","333312","10665984","10665984","32","32","0","0","-","-","-","0","0","0","0","0","0","0","0","0","-","0","0","0","0","0","0","0","0","0","0","0","0","0","0","0","0","0","0","2","0","0","0","0","0","0","0","0","0","0","0","0","0","0","0","0","0","0","0","0","0"
"0x7b3fff76abc0","      FFMA R58, R34, R21, R58","10","0","10","333312","10665984","10665984","32","32","0","0","-","-","-","0","0","0","0","0","0","0","0","0","-","0","0","0","0","0","0","0","0","5","0","0","0","0","0","0","0","0","0","5","0","0","0","0","0","0","0","0","0","0","0","0","0","0","0","0","0","0","0","0","0"
"0x7b3fff76abd0","      FFMA R59, R34, R22, R59","6","0","6","333312","10665984","10665984","32","32","0","0","-","-","-","0","0","0","0","0","0","0","0","0","-","0","0","0","0","0","0","0","0","0","0","0","0","0","0","0","0","0","0","6","0","0","0","0","0","0","0","0","0","0","0","0","0","0","0","0","0","0","0","0","0"
"0x7b3fff76abe0","      FFMA R63, R34, R23, R63","5","0","5","333312","10665984","10665984","32","32","0","0","-","-","-","0","0","0","0","0","0","0","0","0","-","0","0","0","0","0","0","0","0","0","0","0","0","0","0","0","0","0","0","5","0","0","0","0","0","0","0","0","0","0","0","0","0","0","0","0","0","0","0","0","0"
"0x7b3fff76abf0","      FFMA R45, R35, R20, R45","3","0","3","333312","10665984","10665984","32","32","0","0","-","-","-","0","0","0","0","0","0","0","0","0","-","0","0","0","0","0","0","0","0","0","0","0","0","0","0","0","0","0","0","3","0","0","0","0","0","0","0","0","0","0","0","0","0","0","0","0","0","0","0","0","0"
"0x7b3fff76ac00","      FFMA R46, R35, R21, R46","4","1","4","333312","10665984","10665984","32","32","0","0","-","-","-","0","0","0","0","0","0","0","0","0","-","0","0","0","0","0","0","0","0","1","0","0","0","0","0","0","0","2","0","1","0","0","0","0","0","0","0","0","0","0","0","0","0","0","1","0","0","0","0","0","0"
"0x7b3fff76ac10","      FFMA R44, R35, R22, R44","6","0","6","333312","10665984","10665984","32","32","0","0","-","-","-","0","0","0","0","0","0","0","0","0","-","0","0","0","0","0","0","0","0","2","0","0","0","0","0","0","0","0","0","4","0","0","0","0","0","0","0","0","0","0","0","0","0","0","0","0","0","0","0","0","0"
"0x7b3fff76ac20","      FFMA R47, R35, R23, R47","4","0","4","333312","10665984","10665984","32","32","0","0","-","-","-","0","0","0","0","0","0","0","0","0","-","0","0","0","0","0","0","0","0","0","0","0","0","0","0","0","0","0","0","4","0","0","0","0","0","0","0","0","0","0","0","0","0","0","0","0","0","0","0","0","0"
"0x7b3fff76ac30","      LDS.128 R32, [R11+0xb20]","109","10","109","333312","10665984","10665984","32","32","0","0","Shared","Load","128","0","4","0","1333248","1333248","0","0","0","0","-","0","0","0","0","0","0","0","0","14","0","0","0","0","0","17","0","0","65","4","0","0","0","9","0","0","0","0","0","0","0","0","10","0","0","0","0","0","0","0","0"
"0x7b3fff76ac40","      FFMA R48, R28, R20, R48","29","5","29","333312","10665984","10665984","32","32","0","0","-","-","-","0","0","0","0","0","0","0","0","0","-","0","0","0","0","0","0","0","0","2","0","0","0","0","0","0","0","0","6","2","19","0","0","0","0","0","0","0","0","0","0","0","0","0","0","0","0","5","0","0","0"
"0x7b3fff76ac50","      FFMA R49, R28, R21, R49","5","0","5","333312","10665984","10665984","32","32","0","0","-","-","-","0","0","0","0","0","0","0","0","0","-","0","0","0","0","0","0","0","0","0","0","0","0","0","0","0","0","0","0","5","0","0","0","0","0","0","0","0","0","0","0","0","0","0","0","0","0","0","0","0","0"
"0x7b3fff76ac60","      FFMA R50, R28, R22, R50","5","0","5","333312","10665984","10665984","32","32","0","0","-","-","-","0","0","0","0","0","0","0","0","0","-","0","0","0","0","0","0","0","0","0","0","0","0","0","0","0","0","0","0","5","0","0","0","0","0","0","0","0","0","0","0","0","0","0","0","0","0","0","0","0","0"
"0x7b3fff76ac70","      FFMA R60, R28, R23, R60","2","0","2","333312","10665984","10665984","32","32","0","0","-","-","-","0","0","0","0","0","0","0","0","0","-","0","0","0","0","0","0","0","0","0","0","0","0","0","0","0","0","0","0","2","0","0","0","0","0","0","0","0","0","0","0","0","0","0","0","0","0","0","0","0","0"
"0x7b3fff76ac80","      IADD3 R28, PT, PT, R36, 0x8, RZ","3","0","3","333312","10665984","10665984","32","32","0","0","-","-","-","0","0","0","0","0","0","0","0","0","-","0","0","0","0","0","0","0","0","0","0","0","0","0","0","0","0","0","0","3","0","0","0","0","0","0","0","0","0","0","0","0","0","0","0","0","0","0","0","0","0"
"0x7b3fff76ac90","      FFMA R61, R29, R20, R61","9","0","9","333312","10665984","10665984","32","32","0","0","-","-","-","0","0","0","0","0","0","0","0","0","-","0","0","0","0","0","0","0","0","1","0","0","0","0","0","0","0","0","0","8","0","0","0","0","0","0","0","0","0","0","0","0","0","0","0","0","0","0","0","0","0"
"0x7b3fff76aca0","      FFMA R39, R29, R21, R39","7","0","7","333312","10665984","10665984","32","32","0","0","-","-","-","0","0","0","0","0","0","0","0","0","-","0","0","0","0","0","0","0","0","0","0","0","0","0","0","0","0","0","0","7","0","0","0","0","0","0","0","0","0","0","0","0","0","0","0","0","0","0","0","0","0"
"0x7b3fff76acb0","      FFMA R38, R29, R22, R38","1","0","1","333312","10665984","10665984","32","32","0","0","-","-","-","0","0","0","0","0","0","0","0","0","-","0","0","0","0","0","0","0","0","0","0","0","0","0","0","0","0","0","0","1","0","0","0","0","0","0","0","0","0","0","0","0","0","0","0","0","0","0","0","0","0"
"0x7b3fff76acc0","      FFMA R42, R29, R23, R42","3","0","3","333312","10665984","10665984","32","32","0","0","-","-","-","0","0","0","0","0","0","0","0","0","-","0","0","0","0","0","0","0","0","0","0","0","0","0","0","0","0","0","0","3","0","0","0","0","0","0","0","0","0","0","0","0","0","0","0","0","0","0","0","0","0"
"0x7b3fff76acd0","      FFMA R41, R30, R20, R41","4","0","4","333312","10665984","10665984","32","32","0","0","-","-","-","0","0","0","0","0","0","0","0","0","-","0","0","0","0","0","0","0","0","0","0","0","0","0","0","0","0","0","0","4","0","0","0","0","0","0","0","0","0","0","0","0","0","0","0","0","0","0","0","0","0"
"0x7b3fff76ace0","      FFMA R43, R30, R21, R43","5","0","5","333312","10665984","10665984","32","32","0","0","-","-","-","0","0","0","0","0","0","0","0","0","-","0","0","0","0","0","0","0","0","0","0","0","0","0","0","0","0","0","0","5","0","0","0","0","0","0","0","0","0","0","0","0","0","0","0","0","0","0","0","0","0"
"0x7b3fff76acf0","      FFMA R40, R30, R22, R40","4","0","4","333312","10665984","10665984","32","32","0","0","-","-","-","0","0","0","0","0","0","0","0","0","-","0","0","0","0","0","0","0","0","1","0","0","0","0","0","0","0","0","0","3","0","0","0","0","0","0","0","0","0","0","0","0","0","0","0","0","0","0","0","0","0"
"0x7b3fff76ad00","      FFMA R62, R30, R23, R62","3","0","3","333312","10665984","10665984","32","32","0","0","-","-","-","0","0","0","0","0","0","0","0","0","-","0","0","0","0","0","0","0","0","1","0","0","0","0","0","0","0","0","0","2","0","0","0","0","0","0","0","0","0","0","0","0","0","0","0","0","0","0","0","0","0"
"0x7b3fff76ad10","      FFMA R66, R31, R20, R66","7","0","7","333312","10665984","10665984","32","32","0","0","-","-","-","0","0","0","0","0","0","0","0","0","-","0","0","0","0","0","0","0","0","0","0","0","0","0","0","0","0","0","0","7","0","0","0","0","0","0","0","0","0","0","0","0","0","0","0","0","0","0","0","0","0"
"0x7b3fff76ad20","      ISETP.GE.AND P4, PT, R28, UR5, PT","8","0","8","333312","10665984","10665984","32","32","0","0","-","-","-","0","0","0","0","0","0","0","0","0","-","0","0","0","0","0","0","0","0","2","0","0","0","0","0","0","0","0","0","6","0","0","0","0","0","0","0","0","0","0","0","0","0","0","0","0","0","0","0","0","0"
"0x7b3fff76ad30","      FFMA R67, R31, R21, R67","5","0","5","333312","10665984","10665984","32","32","0","0","-","-","-","0","0","0","0","0","0","0","0","0","-","0","0","0","0","0","0","0","0","0","0","0","0","0","0","0","0","0","0","5","0","0","0","0","0","0","0","0","0","0","0","0","0","0","0","0","0","0","0","0","0"
"0x7b3fff76ad40","      FFMA R68, R31, R22, R68","3","0","3","333312","10665984","10665984","32","32","0","0","-","-","-","0","0","0","0","0","0","0","0","0","-","0","0","0","0","0","0","0","0","0","0","0","0","0","0","0","0","0","0","3","0","0","0","0","0","0","0","0","0","0","0","0","0","0","0","0","0","0","0","0","0"
"0x7b3fff76ad50","      FFMA R74, R31, R23, R69","5","0","5","333312","10665984","10665984","32","32","0","0","-","-","-","0","0","0","0","0","0","0","0","0","-","0","0","0","0","0","0","0","0","0","0","0","0","0","0","0","0","0","0","5","0","0","0","0","0","0","0","0","0","0","0","0","0","0","0","0","0","0","0","0","0"
"0x7b3fff76ad60","      LDS.128 R20, [R11+0xbb0]","100","11","100","333312","10665984","10665984","32","32","0","0","Shared","Load","128","0","4","0","1333248","1333248","0","0","0","0","-","0","0","0","0","0","0","0","0","10","0","0","0","0","0","12","0","0","63","5","0","0","0","10","0","0","1","0","0","0","0","0","10","0","0","0","0","0","0","0","0"
"0x7b3fff76ad70","      FFMA R75, R24, R16, R70","96","11","96","333312","10665984","10665984","32","32","0","0","-","-","-","0","0","0","0","0","0","0","0","0","-","0","0","0","0","0","0","0","0","5","0","0","0","0","0","0","0","0","19","9","63","0","0","0","0","0","0","0","0","0","0","0","0","0","0","0","0","11","0","0","0"
"0x7b3fff76ad80","      FFMA R71, R24, R17, R71","13","0","13","333312","10665984","10665984","32","32","0","0","-","-","-","0","0","0","0","0","0","0","0","0","-","0","0","0","0","0","0","0","0","1","0","0","0","0","0","0","0","2","1","9","0","0","0","0","0","0","0","0","0","0","0","0","0","0","0","0","0","0","0","0","0"
"0x7b3fff76ad90","      FFMA R72, R24, R18, R72","10","0","10","333312","10665984","10665984","32","32","0","0","-","-","-","0","0","0","0","0","0","0","0","0","-","0","0","0","0","0","0","0","0","1","0","0","0","0","0","0","0","0","0","9","0","0","0","0","0","0","0","0","0","0","0","0","0","0","0","0","0","0","0","0","0"
"0x7b3fff76ada0","      FFMA R77, R24, R19, R73","12","0","12","333312","10665984","10665984","32","32","0","0","-","-","-","0","0","0","0","0","0","0","0","0","-","0","0","0","0","0","0","0","0","2","0","0","0","0","0","0","0","0","0","10","0","0","0","0","0","0","0","0","0","0","0","0","0","0","0","0","0","0","0","0","0"
"0x7b3fff76adb0","      IADD3 R24, PT, PT, R36, 0x10, RZ","8","0","8","333312","10665984","10665984","32","32","0","0","-","-","-","0","0","0","0","0","0","0","0","0","-","0","0","0","0","0","0","0","0","0","0","0","0","0","0","0","0","0","0","8","0","0","0","0","0","0","0","0","0","0","0","0","0","0","0","0","0","0","0","0","0"
"0x7b3fff76adc0","      LDS.128 R28, [R37+0xbb0]","22","5","22","333312","10665984","10665984","32","32","0","0","Shared","Load","128","0","2","0","666624","666624","0","0","0","0","-","0","0","0","0","0","0","0","0","6","0","0","0","0","0","7","0","0","6","3","0","0","0","0","0","0","0","0","0","0","0","0","5","0","0","0","0","0","0","0","0"
"0x7b3fff76add0","      ISETP.GE.AND P3, PT, R24, UR5, PT","40","7","40","333312","10665984","10665984","32","32","0","0","-","-","-","0","0","0","0","0","0","0","0","0","-","0","0","0","0","0","0","0","0","2","0","0","0","0","0","0","0","0","19","4","0","0","0","15","0","0","1","0","0","0","0","0","0","0","0","0","0","0","0","0","6"
"0x7b3fff76ade0","      IADD3 R24, PT, PT, R36, 0x18, RZ","6","0","6","333312","10665984","10665984","32","32","0","0","-","-","-","0","0","0","0","0","0","0","0","0","-","0","0","0","0","0","0","0","0","0","0","0","0","0","0","0","0","0","4","2","0","0","0","0","0","0","0","0","0","0","0","0","0","0","0","0","0","0","0","0","0"
"0x7b3fff76adf0","      FFMA R45, R27, R16, R45","5","0","5","333312","10665984","10665984","32","32","0","0","-","-","-","0","0","0","0","0","0","0","0","0","-","0","0","0","0","0","0","0","0","0","0","0","0","0","0","0","0","0","0","5","0","0","0","0","0","0","0","0","0","0","0","0","0","0","0","0","0","0","0","0","0"
"0x7b3fff76ae00","      FFMA R46, R27, R17, R46","8","0","8","333312","10665984","10665984","32","32","0","0","-","-","-","0","0","0","0","0","0","0","0","0","-","0","0","0","0","0","0","0","0","3","0","0","0","0","0","0","0","0","0","5","0","0","0","0","0","0","0","0","0","0","0","0","0","0","0","0","0","0","0","0","0"
"0x7b3fff76ae10","      FFMA R44, R27, R18, R44","6","0","6","333312","10665984","10665984","32","32","0","0","-","-","-","0","0","0","0","0","0","0","0","0","-","0","0","0","0","0","0","0","0","0","0","0","0","0","0","0","0","0","0","6","0","0","0","0","0","0","0","0","0","0","0","0","0","0","0","0","0","0","0","0","0"
"0x7b3fff76ae20","      FFMA R47, R27, R19, R47","9","0","9","333312","10665984","10665984","32","32","0","0","-","-","-","0","0","0","0","0","0","0","0","0","-","0","0","0","0","0","0","0","0","1","0","0","0","0","0","0","0","0","0","8","0","0","0","0","0","0","0","0","0","0","0","0","0","0","0","0","0","0","0","0","0"
"0x7b3fff76ae30","      ISETP.GE.AND P2, PT, R24, UR5, PT","2","0","2","333312","10665984","10665984","32","32","0","0","-","-","-","0","0","0","0","0","0","0","0","0","-","0","0","0","0","0","0","0","0","0","0","0","0","0","0","0","0","0","0","2","0","0","0","0","0","0","0","0","0","0","0","0","0","0","0","0","0","0","0","0","0"
"0x7b3fff76ae40","@!P4  LDC R27, c[0x0][0x3a8]","9","0","9","333312","10665984","10665984","32","32","0","0","-","-","-","0","0","0","0","0","0","0","0","0","-","0","0","0","0","0","0","0","0","0","0","0","0","0","0","0","0","0","0","9","0","0","0","0","0","0","0","0","0","0","0","0","0","0","0","0","0","0","0","0","0"
"0x7b3fff76ae50","      IADD3 R24, PT, PT, R36, 0x20, RZ","4","0","4","333312","10665984","10665984","32","32","0","0","-","-","-","0","0","0","0","0","0","0","0","0","-","0","0","0","0","0","0","0","0","0","0","0","0","0","0","0","0","0","0","4","0","0","0","0","0","0","0","0","0","0","0","0","0","0","0","0","0","0","0","0","0"
"0x7b3fff76ae60","      FFMA R57, R26, R16, R57","5","0","5","333312","10665984","10665984","32","32","0","0","-","-","-","0","0","0","0","0","0","0","0","0","-","0","0","0","0","0","0","0","0","1","0","0","0","0","0","0","0","0","0","4","0","0","0","0","0","0","0","0","0","0","0","0","0","0","0","0","0","0","0","0","0"
"0x7b3fff76ae70","      FFMA R58, R26, R17, R58","7","0","7","333312","10665984","10665984","32","32","0","0","-","-","-","0","0","0","0","0","0","0","0","0","-","0","0","0","0","0","0","0","0","0","0","0","0","0","0","0","0","0","0","7","0","0","0","0","0","0","0","0","0","0","0","0","0","0","0","0","0","0","0","0","0"
"0x7b3fff76ae80","      FFMA R59, R26, R18, R59","16","1","16","333312","10665984","10665984","32","32","0","0","-","-","-","0","0","0","0","0","0","0","0","0","-","0","0","0","0","0","0","0","0","1","0","0","0","0","0","0","0","3","7","5","0","0","0","0","0","0","0","0","0","0","0","0","0","0","1","0","0","0","0","0","0"
"0x7b3fff76ae90","      FFMA R63, R26, R19, R63","3","0","3","333312","10665984","10665984","32","32","0","0","-","-","-","0","0","0","0","0","0","0","0","0","-","0","0","0","0","0","0","0","0","1","0","0","0","0","0","0","0","0","0","2","0","0","0","0","0","0","0","0","0","0","0","0","0","0","0","0","0","0","0","0","0"
"0x7b3fff76aea0","      FFMA R48, R32, R16, R48","52","6","52","333312","10665984","10665984","32","32","0","0","-","-","-","0","0","0","0","0","0","0","0","0","-","0","0","0","0","0","0","0","0","1","0","0","0","0","0","0","0","0","16","5","30","0","0","0","0","0","0","0","0","0","0","0","0","0","0","0","0","6","0","0","0"
"0x7b3fff76aeb0","      FFMA R49, R32, R17, R49","3","0","3","333312","10665984","10665984","32","32","0","0","-","-","-","0","0","0","0","0","0","0","0","0","-","0","0","0","0","0","0","0","0","1","0","0","0","0","0","0","0","0","0","2","0","0","0","0","0","0","0","0","0","0","0","0","0","0","0","0","0","0","0","0","0"
"0x7b3fff76aec0","@!P3  LDC R26, c[0x0][0x3a8]","6","0","6","333312","10665984","10665984","32","32","0","0","-","-","-","0","0","0","0","0","0","0","0","0","-","0","0","0","0","0","0","0","0","1","0","0","0","0","0","0","0","0","0","5","0","0","0","0","0","0","0","0","0","0","0","0","0","0","0","0","0","0","0","0","0"
"0x7b3fff76aed0","      FFMA R50, R32, R18, R50","5","0","5","333312","10665984","10665984","32","32","0","0","-","-","-","0","0","0","0","0","0","0","0","0","-","0","0","0","0","0","0","0","0","0","0","0","0","0","0","0","0","0","0","5","0","0","0","0","0","0","0","0","0","0","0","0","0","0","0","0","0","0","0","0","0"
"0x7b3fff76aee0","      FFMA R60, R32, R19, R60","4","0","4","333312","10665984","10665984","32","32","0","0","-","-","-","0","0","0","0","0","0","0","0","0","-","0","0","0","0","0","0","0","0","0","0","0","0","0","0","0","0","0","0","4","0","0","0","0","0","0","0","0","0","0","0","0","0","0","0","0","0","0","0","0","0"
"0x7b3fff76aef0","      ISETP.GE.AND P1, PT, R24, UR5, PT","3","0","3","333312","10665984","10665984","32","32","0","0","-","-","-","0","0","0","0","0","0","0","0","0","-","0","0","0","0","0","0","0","0","0","0","0","0","0","0","0","0","0","0","3","0","0","0","0","0","0","0","0","0","0","0","0","0","0","0","0","0","0","0","0","0"
"0x7b3fff76af00","@!P2  LDC R32, c[0x0][0x3a8]","98","4","98","333312","10665984","10665984","32","32","0","0","-","-","-","0","0","0","0","0","0","0","0","0","-","0","0","0","0","0","0","0","0","19","0","0","0","0","0","0","0","2","56","3","0","0","0","18","0","0","0","0","0","0","0","0","0","0","0","1","0","0","0","0","3"
"0x7b3fff76af10","      FFMA R51, R25, R16, R51","13","0","13","333312","10665984","10665984","32","32","0","0","-","-","-","0","0","0","0","0","0","0","0","0","-","0","0","0","0","0","0","0","0","4","0","0","0","0","0","0","0","0","0","9","0","0","0","0","0","0","0","0","0","0","0","0","0","0","0","0","0","0","0","0","0"
"0x7b3fff76af20","      FFMA R52, R25, R17, R52","4","0","4","333312","10665984","10665984","32","32","0","0","-","-","-","0","0","0","0","0","0","0","0","0","-","0","0","0","0","0","0","0","0","1","0","0","0","0","0","0","0","0","0","3","0","0","0","0","0","0","0","0","0","0","0","0","0","0","0","0","0","0","0","0","0"
"0x7b3fff76af30","      FFMA R53, R25, R18, R53","8","0","8","333312","10665984","10665984","32","32","0","0","-","-","-","0","0","0","0","0","0","0","0","0","-","0","0","0","0","0","0","0","0","0","0","0","0","0","0","0","0","0","0","8","0","0","0","0","0","0","0","0","0","0","0","0","0","0","0","0","0","0","0","0","0"
"0x7b3fff76af40","      FFMA R56, R25, R19, R56","2","0","2","333312","10665984","10665984","32","32","0","0","-","-","-","0","0","0","0","0","0","0","0","0","-","0","0","0","0","0","0","0","0","0","0","0","0","0","0","0","0","0","0","2","0","0","0","0","0","0","0","0","0","0","0","0","0","0","0","0","0","0","0","0","0"
"0x7b3fff76af50","      IADD3 R25, PT, PT, R36, 0x28, RZ","5","0","5","333312","10665984","10665984","32","32","0","0","-","-","-","0","0","0","0","0","0","0","0","0","-","0","0","0","0","0","0","0","0","0","0","0","0","0","0","0","0","0","0","5","0","0","0","0","0","0","0","0","0","0","0","0","0","0","0","0","0","0","0","0","0"
"0x7b3fff76af60","      FFMA R61, R33, R16, R61","4","0","4","333312","10665984","10665984","32","32","0","0","-","-","-","0","0","0","0","0","0","0","0","0","-","0","0","0","0","0","0","0","0","0","0","0","0","0","0","0","0","0","0","4","0","0","0","0","0","0","0","0","0","0","0","0","0","0","0","0","0","0","0","0","0"
"0x7b3fff76af70","      FFMA R70, R33, R18, R38","6","0","6","333312","10665984","10665984","32","32","0","0","-","-","-","0","0","0","0","0","0","0","0","0","-","0","0","0","0","0","0","0","0","0","0","0","0","0","0","0","0","0","0","6","0","0","0","0","0","0","0","0","0","0","0","0","0","0","0","0","0","0","0","0","0"
"0x7b3fff76af80","      FFMA R42, R33, R19, R42","8","0","8","333312","10665984","10665984","32","32","0","0","-","-","-","0","0","0","0","0","0","0","0","0","-","0","0","0","0","0","0","0","0","0","0","0","0","0","0","0","0","1","0","7","0","0","0","0","0","0","0","0","0","0","0","0","0","0","0","0","0","0","0","0","0"
"0x7b3fff76af90","      FFMA R41, R34, R16, R41","9","0","9","333312","10665984","10665984","32","32","0","0","-","-","-","0","0","0","0","0","0","0","0","0","-","0","0","0","0","0","0","0","0","1","0","0","0","0","0","0","0","0","0","8","0","0","0","0","0","0","0","0","0","0","0","0","0","0","0","0","0","0","0","0","0"
"0x7b3fff76afa0","      ISETP.GE.AND P0, PT, R25, UR5, PT","2","0","2","333312","10665984","10665984","32","32","0","0","-","-","-","0","0","0","0","0","0","0","0","0","-","0","0","0","0","0","0","0","0","0","0","0","0","0","0","0","0","0","0","2","0","0","0","0","0","0","0","0","0","0","0","0","0","0","0","0","0","0","0","0","0"
"0x7b3fff76afb0","      FFMA R40, R34, R18, R40","7","0","7","333312","10665984","10665984","32","32","0","0","-","-","-","0","0","0","0","0","0","0","0","0","-","0","0","0","0","0","0","0","0","0","0","0","0","0","0","0","0","0","0","7","0","0","0","0","0","0","0","0","0","0","0","0","0","0","0","0","0","0","0","0","0"
"0x7b3fff76afc0","      FFMA R24, R34, R19, R62","8","0","8","333312","10665984","10665984","32","32","0","0","-","-","-","0","0","0","0","0","0","0","0","0","-","0","0","0","0","0","0","0","0","0","0","0","0","0","0","0","0","0","0","8","0","0","0","0","0","0","0","0","0","0","0","0","0","0","0","0","0","0","0","0","0"
"0x7b3fff76afd0","      FFMA R25, R35, R16, R66","5","0","5","333312","10665984","10665984","32","32","0","0","-","-","-","0","0","0","0","0","0","0","0","0","-","0","0","0","0","0","0","0","0","0","0","0","0","0","0","0","0","0","0","5","0","0","0","0","0","0","0","0","0","0","0","0","0","0","0","0","0","0","0","0","0"
"0x7b3fff76afe0","      FFMA R68, R35, R18, R68","13","0","13","333312","10665984","10665984","32","32","0","0","-","-","-","0","0","0","0","0","0","0","0","0","-","0","0","0","0","0","0","0","0","7","0","0","0","0","0","0","0","0","0","6","0","0","0","0","0","0","0","0","0","0","0","0","0","0","0","0","0","0","0","0","0"
"0x7b3fff76aff0","      FFMA R76, R35, R19, R74","5","0","5","333312","10665984","10665984","32","32","0","0","-","-","-","0","0","0","0","0","0","0","0","0","-","0","0","0","0","0","0","0","0","0","0","0","0","0","0","0","0","0","0","5","0","0","0","0","0","0","0","0","0","0","0","0","0","0","0","0","0","0","0","0","0"
"0x7b3fff76b000","@!P1  LDC R16, c[0x0][0x3a8]","5","2","5","333312","10665984","10412032","32","31","1","0","-","-","-","0","0","0","0","0","0","0","0","0","-","0","0","0","0","0","0","0","0","1","0","0","0","0","0","0","0","2","1","1","0","0","0","0","0","0","1","0","0","0","0","0","0","0","1","0","0","0","0","0","0"
"0x7b3fff76b010","@!P4  IMAD.WIDE R18, R27, 0x8, R64","5","0","5","333312","10665984","10665984","32","32","0","0","-","-","-","0","0","0","0","0","0","0","0","0","-","0","0","0","0","0","0","0","0","0","0","0","0","0","0","0","0","0","0","5","0","0","0","0","0","0","0","0","0","0","0","0","0","0","0","0","0","0","0","0","0"
"0x7b3fff76b020","      FFMA R73, R20, R30, R72","144","7","144","333312","10665984","10665984","32","32","0","0","-","-","-","0","0","0","0","0","0","0","0","0","-","0","0","0","0","0","0","0","0","18","0","0","0","0","0","0","0","0","53","2","46","0","0","25","0","0","0","0","0","0","0","0","0","0","0","0","0","6","0","0","1"
"0x7b3fff76b030","      FFMA R75, R20, R28, R75","9","0","9","333312","10665984","10665984","32","32","0","0","-","-","-","0","0","0","0","0","0","0","0","0","-","0","0","0","0","0","0","0","0","5","0","0","0","0","0","0","0","0","0","4","0","0","0","0","0","0","0","0","0","0","0","0","0","0","0","0","0","0","0","0","0"
"0x7b3fff76b040","      FFMA R74, R20, R29, R71","4","0","4","333312","10665984","10665984","32","32","0","0","-","-","-","0","0","0","0","0","0","0","0","0","-","0","0","0","0","0","0","0","0","0","0","0","0","0","0","0","0","0","0","4","0","0","0","0","0","0","0","0","0","0","0","0","0","0","0","0","0","0","0","0","0"
"0x7b3fff76b050","      FFMA R72, R20, R31, R77","4","0","4","333312","10665984","10665984","32","32","0","0","-","-","-","0","0","0","0","0","0","0","0","0","-","0","0","0","0","0","0","0","0","0","0","0","0","0","0","0","0","0","0","4","0","0","0","0","0","0","0","0","0","0","0","0","0","0","0","0","0","0","0","0","0"
"0x7b3fff76b060","@!P4  LEA R20, P5, R18, UR32, 0x2","4","0","4","333312","10665984","10665984","32","32","0","0","-","-","-","0","0","0","0","0","0","0","0","0","-","0","0","0","0","0","0","0","0","0","0","0","0","0","0","0","0","0","0","4","0","0","0","0","0","0","0","0","0","0","0","0","0","0","0","0","0","0","0","0","0"
"0x7b3fff76b070","      FFMA R43, R34, R17, R43","5","0","5","333312","10665984","10665984","32","32","0","0","-","-","-","0","0","0","0","0","0","0","0","0","-","0","0","0","0","0","0","0","0","1","0","0","0","0","0","0","0","0","0","4","0","0","0","0","0","0","0","0","0","0","0","0","0","0","0","0","0","0","0","0","0"
"0x7b3fff76b080","      FFMA R69, R35, R17, R67","10","0","10","333312","10665984","10665984","32","32","0","0","-","-","-","0","0","0","0","0","0","0","0","0","-","0","0","0","0","0","0","0","0","1","0","0","0","0","0","0","0","2","0","7","0","0","0","0","0","0","0","0","0","0","0","0","0","0","0","0","0","0","0","0","0"
"0x7b3fff76b090","      FFMA R51, R21, R28, R51","2","0","2","333312","10665984","10665984","32","32","0","0","-","-","-","0","0","0","0","0","0","0","0","0","-","0","0","0","0","0","0","0","0","0","0","0","0","0","0","0","0","0","0","2","0","0","0","0","0","0","0","0","0","0","0","0","0","0","0","0","0","0","0","0","0"
"0x7b3fff76b0a0","      FFMA R52, R21, R29, R52","7","0","7","333312","10665984","10665984","32","32","0","0","-","-","-","0","0","0","0","0","0","0","0","0","-","0","0","0","0","0","0","0","0","5","0","0","0","0","0","0","0","0","0","2","0","0","0","0","0","0","0","0","0","0","0","0","0","0","0","0","0","0","0","0","0"
"0x7b3fff76b0b0","      FFMA R53, R21, R30, R53","6","0","6","333312","10665984","10665984","32","32","0","0","-","-","-","0","0","0","0","0","0","0","0","0","-","0","0","0","0","0","0","0","0","0","0","0","0","0","0","0","0","0","0","6","0","0","0","0","0","0","0","0","0","0","0","0","0","0","0","0","0","0","0","0","0"
"0x7b3fff76b0c0","      FFMA R56, R21, R31, R56","6","0","6","333312","10665984","10665984","32","32","0","0","-","-","-","0","0","0","0","0","0","0","0","0","-","0","0","0","0","0","0","0","0","0","0","0","0","0","0","0","0","0","0","6","0","0","0","0","0","0","0","0","0","0","0","0","0","0","0","0","0","0","0","0","0"
"0x7b3fff76b0d0","      CS2R R34, SRZ","6","0","6","333312","10665984","10665984","32","32","0","0","-","-","-","0","0","0","0","0","0","0","0","0","-","0","0","0","0","0","0","0","0","3","0","0","0","0","0","0","0","0","0","3","0","0","0","0","0","0","0","0","0","0","0","0","0","0","0","0","0","0","0","0","0"
"0x7b3fff76b0e0","@!P3  IMAD.WIDE R26, R26, 0x10, R64","9","0","9","333312","10665984","10665984","32","32","0","0","-","-","-","0","0","0","0","0","0","0","0","0","-","0","0","0","0","0","0","0","0","4","0","0","0","0","0","0","0","0","0","5","0","0","0","0","0","0","0","0","0","0","0","0","0","0","0","0","0","0","0","0","0"
"0x7b3fff76b0f0","@!P4  LEA.HI.X R21, R18, UR33, R19, 0x2, P5","1","0","1","333312","10665984","10665984","32","32","0","0","-","-","-","0","0","0","0","0","0","0","0","0","-","0","0","0","0","0","0","0","0","0","0","0","0","0","0","0","0","0","0","1","0","0","0","0","0","0","0","0","0","0","0","0","0","0","0","0","0","0","0","0","0"
"0x7b3fff76b100","      FFMA R39, R33, R17, R39","82","3","82","333312","10665984","10665984","32","32","0","0","-","-","-","0","0","0","0","0","0","0","0","0","-","0","0","0","0","0","0","0","0","11","0","0","0","0","0","0","0","0","53","4","0","0","0","14","0","0","0","0","0","0","0","0","0","0","0","0","0","0","0","0","3"
"0x7b3fff76b110","@!P2  IMAD.WIDE R32, R32, 0x18, R64","9","0","9","333312","10665984","10665984","32","32","0","0","-","-","-","0","0","0","0","0","0","0","0","0","-","0","0","0","0","0","0","0","0","4","0","0","0","2","0","0","0","0","1","2","0","0","0","0","0","0","0","0","0","0","0","0","0","0","0","0","0","0","0","0","0"
"0x7b3fff76b120","@!P3  LEA R66, P6, R26, UR32, 0x2","6","0","6","333312","10665984","10665984","32","32","0","0","-","-","-","0","0","0","0","0","0","0","0","0","-","0","0","0","0","0","0","0","0","1","0","0","0","0","0","0","0","0","0","5","0","0","0","0","0","0","0","0","0","0","0","0","0","0","0","0","0","0","0","0","0"
"0x7b3fff76b130","@!P4  LDG.E.CONSTANT R35, desc[UR24][R20.64]","30","6","30","333312","10665984","10665984","32","32","0","0","Global","Load","32","666624","0","0","0","0","0","1333248","1333248","0","","0","0","0","0","0","0","0","0","2","0","0","0","0","0","10","0","0","13","5","0","0","0","0","0","0","0","0","0","0","0","0","6","0","0","0","0","0","0","0","0"
"0x7b3fff76b140","@!P2  LEA R18, P5, R32, UR32, 0x2","12","0","12","333312","10665984","10665984","32","32","0","0","-","-","-","0","0","0","0","0","0","0","0","0","-","0","0","0","0","0","0","0","0","3","0","0","0","0","0","0","0","0","0","9","0","0","0","0","0","0","0","0","0","0","0","0","0","0","0","0","0","0","0","0","0"
"0x7b3fff76b150","@!P3  LEA.HI.X R67, R26, UR33, R27, 0x2, P6","55","4","55","333312","10665984","10665984","32","32","0","0","-","-","-","0","0","0","0","0","0","0","0","0","-","0","0","0","0","0","0","0","0","14","0","0","0","1","0","0","0","0","29","6","0","0","0","5","0","0","1","0","0","0","1","0","0","0","0","1","0","0","0","0","1"
"0x7b3fff76b160","@!P0  LDC R20, c[0x0][0x3a8]","75","6","75","333312","10665984","10412032","32","31","1","0","-","-","-","0","0","0","0","0","0","0","0","0","-","0","0","0","0","0","0","0","0","7","0","0","21","0","0","0","0","0","41","6","0","0","0","0","0","0","0","0","0","5","0","0","0","0","0","1","0","0","0","0","0"
"0x7b3fff76b170","@!P2  LEA.HI.X R19, R32, UR33, R33, 0x2, P5","5","0","5","333312","10665984","10665984","32","32","0","0","-","-","-","0","0","0","0","0","0","0","0","0","-","0","0","0","0","0","0","0","0","0","0","0","0","0","0","0","0","0","0","5","0","0","0","0","0","0","0","0","0","0","0","0","0","0","0","0","0","0","0","0","0"
"0x7b3fff76b180","      CS2R R32, SRZ","7","0","7","333312","10665984","10665984","32","32","0","0","-","-","-","0","0","0","0","0","0","0","0","0","-","0","0","0","0","0","0","0","0","0","0","0","0","0","0","0","0","0","0","7","0","0","0","0","0","0","0","0","0","0","0","0","0","0","0","0","0","0","0","0","0"
"0x7b3fff76b190","@!P3  LDG.E.CONSTANT R34, desc[UR24][R66.64]","63","7","63","333312","10665984","10665984","32","32","0","0","Global","Load","32","666624","0","0","0","0","0","1333248","1333248","0","","0","0","0","0","0","0","0","0","4","0","0","0","0","0","13","0","0","41","3","0","0","0","2","0","0","0","0","0","0","0","0","7","0","0","0","0","0","0","0","0"
"0x7b3fff76b1a0","      IADD3 R26, PT, PT, R36, 0x30, RZ","6","0","6","333312","10665984","10665984","32","32","0","0","-","-","-","0","0","0","0","0","0","0","0","0","-","0","0","0","0","0","0","0","0","2","0","0","0","0","0","0","0","0","0","4","0","0","0","0","0","0","0","0","0","0","0","0","0","0","0","0","0","0","0","0","0"
"0x7b3fff76b1b0","@!P2  LDG.E.CONSTANT R33, desc[UR24][R18.64]","128","21","128","333312","10665984","10665984","32","32","0","0","Global","Load","32","666624","0","0","0","0","0","1333248","1333248","0","","0","0","0","0","0","0","0","0","17","0","0","0","0","0","32","0","0","72","3","0","0","0","4","0","0","0","0","0","0","0","0","20","0","0","0","0","0","0","0","1"
"0x7b3fff76b1c0","      ISETP.GE.AND P4, PT, R26, UR5, PT","24","0","24","333312","10665984","10665984","32","32","0","0","-","-","-","0","0","0","0","0","0","0","0","0","-","0","0","0","0","0","0","0","0","1","0","0","0","0","0","0","0","0","17","3","0","0","0","3","0","0","0","0","0","0","0","0","0","0","0","0","0","0","0","0","0"
"0x7b3fff76b1d0","@!P1  IMAD.WIDE R66, R16, 0x20, R64","63","14","63","333312","10665984","10412032","32","31","1","0","-","-","-","0","0","0","0","0","0","0","0","0","-","0","0","0","0","0","0","0","0","5","0","0","24","12","0","0","0","0","16","6","0","0","0","0","0","0","0","0","0","13","1","0","0","0","0","0","0","0","0","0","0"
"0x7b3fff76b1e0","      LDS.128 R16, [R11+0xc30]","120","26","120","333312","10665984","10665984","32","32","0","0","Shared","Load","128","0","4","0","1333248","1333248","0","0","0","0","-","0","0","0","0","0","0","0","0","14","0","0","26","0","0","16","0","0","55","4","0","0","0","5","0","0","0","0","0","15","0","0","10","0","0","0","0","0","0","0","1"
"0x7b3fff76b1f0","@!P1  LEA R26, P2, R66, UR32, 0x2","6","0","6","333312","10665984","10412032","32","31","1","0","-","-","-","0","0","0","0","0","0","0","0","0","-","0","0","0","0","0","0","0","0","2","0","0","0","0","0","0","0","0","0","4","0","0","0","0","0","0","0","0","0","0","0","0","0","0","0","0","0","0","0","0","0"
"0x7b3fff76b200","@!P1  LEA.HI.X R27, R66, UR33, R67, 0x2, P2","125","5","125","333312","10665984","10412032","32","31","1","0","-","-","-","0","0","0","0","0","0","0","0","0","-","0","0","0","0","0","0","0","0","10","0","0","0","10","0","0","0","0","79","6","0","0","0","20","0","0","0","0","0","0","1","0","0","0","0","0","0","0","0","0","4"
"0x7b3fff76b210","      IADD3 R21, PT, PT, R36, 0x38, RZ","28","0","28","333312","10665984","10665984","32","32","0","0","-","-","-","0","0","0","0","0","0","0","0","0","-","0","0","0","0","0","0","0","0","7","0","0","0","2","0","0","0","0","12","2","0","0","0","5","0","0","0","0","0","0","0","0","0","0","0","0","0","0","0","0","0"
"0x7b3fff76b220","@!P1  LDG.E.CONSTANT R32, desc[UR24][R26.64]","154","27","154","333312","10665984","10412032","32","31","1","0","Global","Load","32","650752","0","0","0","0","0","1301504","1301504","0","","0","0","0","0","0","0","0","0","17","0","0","0","0","0","43","0","0","77","2","0","0","0","15","0","0","0","0","0","0","0","0","23","0","0","0","0","0","0","0","4"
"0x7b3fff76b230","      ISETP.GE.AND P5, PT, R21, UR5, PT","21","0","21","333312","10665984","10665984","32","32","0","0","-","-","-","0","0","0","0","0","0","0","0","0","-","0","0","0","0","0","0","0","0","0","0","0","0","0","0","0","0","0","12","6","0","0","0","3","0","0","0","0","0","0","0","0","0","0","0","0","0","0","0","0","0"
"0x7b3fff76b240","      IADD3 R21, PT, PT, R15, 0x10, RZ","11","0","11","333312","10665984","10665984","32","32","0","0","-","-","-","0","0","0","0","0","0","0","0","0","-","0","0","0","0","0","0","0","0","2","0","0","0","1","0","0","0","0","4","4","0","0","0","0","0","0","0","0","0","0","0","0","0","0","0","0","0","0","0","0","0"
"0x7b3fff76b250","      FFMA R57, R22, R28, R57","9","0","9","333312","10665984","10665984","32","32","0","0","-","-","-","0","0","0","0","0","0","0","0","0","-","0","0","0","0","0","0","0","0","2","0","0","0","0","0","0","0","0","0","7","0","0","0","0","0","0","0","0","0","0","0","0","0","0","0","0","0","0","0","0","0"
"0x7b3fff76b260","      FFMA R58, R22, R29, R58","8","0","8","333312","10665984","10665984","32","32","0","0","-","-","-","0","0","0","0","0","0","0","0","0","-","0","0","0","0","0","0","0","0","1","0","0","0","0","0","0","0","0","0","7","0","0","0","0","0","0","0","0","0","0","0","0","0","0","0","0","0","0","0","0","0"
"0x7b3fff76b270","      FFMA R59, R22, R30, R59","2","0","2","333312","10665984","10665984","32","32","0","0","-","-","-","0","0","0","0","0","0","0","0","0","-","0","0","0","0","0","0","0","0","0","0","0","0","0","0","0","0","0","0","2","0","0","0","0","0","0","0","0","0","0","0","0","0","0","0","0","0","0","0","0","0"
"0x7b3fff76b280","@!P0  IMAD.WIDE R26, R20, 0x28, R64","144","18","144","333312","10665984","10412032","32","31","1","0","-","-","-","0","0","0","0","0","0","0","0","0","-","0","0","0","0","0","0","0","0","9","0","0","58","35","0","0","0","0","37","5","0","0","0","0","0","0","0","0","0","18","0","0","0","0","0","0","0","0","0","0","0"
"0x7b3fff76b290","      FFMA R63, R22, R31, R63","84","5","84","333312","10665984","10665984","32","32","0","0","-","-","-","0","0","0","0","0","0","0","0","0","-","0","0","0","0","0","0","0","0","16","0","0","0","0","0","0","0","0","47","7","0","0","0","14","0","0","0","0","0","0","0","0","0","0","0","0","0","0","0","0","5"
"0x7b3fff76b2a0","      FFMA R45, R23, R28, R45","9","0","9","333312","10665984","10665984","32","32","0","0","-","-","-","0","0","0","0","0","0","0","0","0","-","0","0","0","0","0","0","0","0","6","0","0","0","0","0","0","0","0","0","3","0","0","0","0","0","0","0","0","0","0","0","0","0","0","0","0","0","0","0","0","0"
"0x7b3fff76b2b0","@!P4  LDC R22, c[0x0][0x3a8]","3","0","3","333312","10665984","10412032","32","31","1","0","-","-","-","0","0","0","0","0","0","0","0","0","-","0","0","0","0","0","0","0","0","0","0","0","0","0","0","0","0","0","0","3","0","0","0","0","0","0","0","0","0","0","0","0","0","0","0","0","0","0","0","0","0"
"0x7b3fff76b2c0","      FFMA R46, R23, R29, R46","5","0","5","333312","10665984","10665984","32","32","0","0","-","-","-","0","0","0","0","0","0","0","0","0","-","0","0","0","0","0","0","0","0","0","0","0","0","0","0","0","0","0","0","5","0","0","0","0","0","0","0","0","0","0","0","0","0","0","0","0","0","0","0","0","0"
"0x7b3fff76b2d0","@!P0  LEA R20, P2, R26, UR32, 0x2","4","0","4","333312","10665984","10412032","32","31","1","0","-","-","-","0","0","0","0","0","0","0","0","0","-","0","0","0","0","0","0","0","0","0","0","0","0","0","0","0","0","0","0","4","0","0","0","0","0","0","0","0","0","0","0","0","0","0","0","0","0","0","0","0","0"
"0x7b3fff76b2e0","      FFMA R44, R23, R30, R44","5","0","5","333312","10665984","10665984","32","32","0","0","-","-","-","0","0","0","0","0","0","0","0","0","-","0","0","0","0","0","0","0","0","2","0","0","0","0","0","0","0","0","0","3","0","0","0","0","0","0","0","0","0","0","0","0","0","0","0","0","0","0","0","0","0"
"0x7b3fff76b2f0","      FFMA R47, R23, R31, R47","11","0","11","333312","10665984","10665984","32","32","0","0","-","-","-","0","0","0","0","0","0","0","0","0","-","0","0","0","0","0","0","0","0","5","0","0","0","0","0","0","0","0","0","6","0","0","0","0","0","0","0","0","0","0","0","0","0","0","0","0","0","0","0","0","0"
"0x7b3fff76b300","      IADD3 R23, PT, PT, R15, 0x8, RZ","5","0","5","333312","10665984","10665984","32","32","0","0","-","-","-","0","0","0","0","0","0","0","0","0","-","0","0","0","0","0","0","0","0","0","0","0","0","0","0","0","0","0","0","5","0","0","0","0","0","0","0","0","0","0","0","0","0","0","0","0","0","0","0","0","0"
"0x7b3fff76b310","      ISETP.GE.AND P3, PT, R21, UR11, PT","6","0","6","333312","10665984","10665984","32","32","0","0","-","-","-","0","0","0","0","0","0","0","0","0","-","0","0","0","0","0","0","0","0","0","0","0","0","0","0","0","0","0","0","6","0","0","0","0","0","0","0","0","0","0","0","0","0","0","0","0","0","0","0","0","0"
"0x7b3fff76b320","      MOV R38, RZ","8","0","8","333312","10665984","10665984","32","32","0","0","-","-","-","0","0","0","0","0","0","0","0","0","-","0","0","0","0","0","0","0","0","0","0","0","0","0","0","0","0","0","0","8","0","0","0","0","0","0","0","0","0","0","0","0","0","0","0","0","0","0","0","0","0"
"0x7b3fff76b330","@!P0  LEA.HI.X R21, R26, UR33, R27, 0x2, P2","38","1","38","333312","10665984","10412032","32","31","1","0","-","-","-","0","0","0","0","0","0","0","0","0","-","0","0","0","0","0","0","0","0","8","0","0","0","5","0","0","0","0","18","7","0","0","0","0","0","0","0","0","0","0","1","0","0","0","0","0","0","0","0","0","0"
"0x7b3fff76b340","      ISETP.GE.AND P1, PT, R23, UR11, PT","66","2","66","333312","10665984","10665984","32","32","0","0","-","-","-","0","0","0","0","0","0","0","0","0","-","0","0","0","0","0","0","0","0","7","0","0","0","0","0","0","0","0","45","6","0","0","0","8","0","0","0","0","0","0","0","0","0","0","0","0","0","0","0","0","2"
"0x7b3fff76b350","@!P0  LDG.E.CONSTANT R38, desc[UR24][R20.64]","148","20","148","333312","10665984","10412032","32","31","1","0","Global","Load","32","650752","0","0","0","0","0","1301504","1301504","0","","0","0","0","0","0","0","0","0","17","0","0","0","0","0","25","0","0","97","3","0","0","0","6","0","0","0","0","0","0","0","0","20","0","0","0","0","0","0","0","0"
"0x7b3fff76b360","      IADD3 R23, PT, PT, R15, 0x18, RZ","1","0","1","333312","10665984","10665984","32","32","0","0","-","-","-","0","0","0","0","0","0","0","0","0","-","0","0","0","0","0","0","0","0","0","0","0","0","0","0","0","0","0","0","1","0","0","0","0","0","0","0","0","0","0","0","0","0","0","0","0","0","0","0","0","0"
"0x7b3fff76b370","@!P5  LDC R20, c[0x0][0x3a8]","171","33","171","333312","10665984","10412032","32","31","1","0","-","-","-","0","0","0","0","0","0","0","0","0","-","0","0","0","0","0","0","0","0","17","0","0","96","0","0","0","0","0","54","4","0","0","0","0","0","0","0","0","0","33","0","0","0","0","0","0","0","0","0","0","0"
"0x7b3fff76b380","      ISETP.GE.AND P2, PT, R23, UR11, PT","47","5","47","333312","10665984","10665984","32","32","0","0","-","-","-","0","0","0","0","0","0","0","0","0","-","0","0","0","0","0","0","0","0","6","0","0","0","0","0","0","0","0","23","7","0","0","0","11","0","0","0","0","0","0","0","0","0","0","0","0","0","0","0","0","5"
"0x7b3fff76b390","@!P4  IMAD.WIDE R22, R22, 0x30, R64","26","2","26","333312","10665984","10412032","32","31","1","0","-","-","-","0","0","0","0","0","0","0","0","0","-","0","0","0","0","0","0","0","0","2","0","0","0","11","0","0","0","0","5","8","0","0","0","0","0","0","0","0","0","0","2","0","0","0","0","0","0","0","0","0","0"
"0x7b3fff76b3a0","      FFMA R41, R18, R28, R41","95","5","95","333312","10665984","10665984","32","32","0","0","-","-","-","0","0","0","0","0","0","0","0","0","-","0","0","0","0","0","0","0","0","24","0","0","0","0","0","0","0","0","54","1","0","0","0","16","0","0","0","0","0","0","0","0","0","0","0","1","0","0","0","0","4"
"0x7b3fff76b3b0","      FFMA R43, R18, R29, R43","11","0","11","333312","10665984","10665984","32","32","0","0","-","-","-","0","0","0","0","0","0","0","0","0","-","0","0","0","0","0","0","0","0","4","0","0","0","0","0","0","0","0","0","7","0","0","0","0","0","0","0","0","0","0","0","0","0","0","0","0","0","0","0","0","0"
"0x7b3fff76b3c0","@!P1  LDC R21, c[0x0][0x3c8]","3","0","3","333312","10665984","10665984","32","32","0","0","-","-","-","0","0","0","0","0","0","0","0","0","-","0","0","0","0","0","0","0","0","1","0","0","0","0","0","0","0","0","0","2","0","0","0","0","0","0","0","0","0","0","0","0","0","0","0","0","0","0","0","0","0"
"0x7b3fff76b3d0","      FFMA R62, R18, R30, R40","4","0","4","333312","10665984","10665984","32","32","0","0","-","-","-","0","0","0","0","0","0","0","0","0","-","0","0","0","0","0","0","0","0","0","0","0","0","0","0","0","0","0","0","4","0","0","0","0","0","0","0","0","0","0","0","0","0","0","0","0","0","0","0","0","0"
"0x7b3fff76b3e0","      FFMA R66, R18, R31, R24","6","0","6","333312","10665984","10665984","32","32","0","0","-","-","-","0","0","0","0","0","0","0","0","0","-","0","0","0","0","0","0","0","0","1","0","0","0","0","0","0","0","0","0","5","0","0","0","0","0","0","0","0","0","0","0","0","0","0","0","0","0","0","0","0","0"
"0x7b3fff76b3f0","      FFMA R48, R16, R28, R48","7","0","7","333312","10665984","10665984","32","32","0","0","-","-","-","0","0","0","0","0","0","0","0","0","-","0","0","0","0","0","0","0","0","0","0","0","0","0","0","0","0","0","0","7","0","0","0","0","0","0","0","0","0","0","0","0","0","0","0","0","0","0","0","0","0"
"0x7b3fff76b400","      FFMA R49, R16, R29, R49","10","0","10","333312","10665984","10665984","32","32","0","0","-","-","-","0","0","0","0","0","0","0","0","0","-","0","0","0","0","0","0","0","0","0","0","0","0","0","0","0","0","0","0","10","0","0","0","0","0","0","0","0","0","0","0","0","0","0","0","0","0","0","0","0","0"
"0x7b3fff76b410","      FFMA R50, R16, R30, R50","5","0","5","333312","10665984","10665984","32","32","0","0","-","-","-","0","0","0","0","0","0","0","0","0","-","0","0","0","0","0","0","0","0","0","0","0","0","0","0","0","0","0","0","5","0","0","0","0","0","0","0","0","0","0","0","0","0","0","0","0","0","0","0","0","0"
"0x7b3fff76b420","@!P3  LDC R18, c[0x0][0x3c8]","92","3","92","333312","10665984","10665984","32","32","0","0","-","-","-","0","0","0","0","0","0","0","0","0","-","0","0","0","0","0","0","0","0","21","0","0","0","0","0","0","0","0","58","3","0","0","0","10","0","0","2","0","0","0","0","0","0","0","0","0","0","0","0","0","1"
"0x7b3fff76b430","      FFMA R60, R16, R31, R60","9","0","9","333312","10665984","10665984","32","32","0","0","-","-","-","0","0","0","0","0","0","0","0","0","-","0","0","0","0","0","0","0","0","1","0","0","0","0","0","0","0","0","0","8","0","0","0","0","0","0","0","0","0","0","0","0","0","0","0","0","0","0","0","0","0"
"0x7b3fff76b440","@!P4  LEA R16, P0, R22, UR32, 0x2","6","0","6","333312","10665984","10412032","32","31","1","0","-","-","-","0","0","0","0","0","0","0","0","0","-","0","0","0","0","0","0","0","0","1","0","0","0","0","0","0","0","0","0","5","0","0","0","0","0","0","0","0","0","0","0","0","0","0","0","0","0","0","0","0","0"
"0x7b3fff76b450","      FFMA R71, R17, R29, R39","12","0","12","333312","10665984","10665984","32","32","0","0","-","-","-","0","0","0","0","0","0","0","0","0","-","0","0","0","0","0","0","0","0","5","0","0","0","0","0","0","0","0","0","7","0","0","0","0","0","0","0","0","0","0","0","0","0","0","0","0","0","0","0","0","0"
"0x7b3fff76b460","      FFMA R61, R17, R28, R61","2","0","2","333312","10665984","10665984","32","32","0","0","-","-","-","0","0","0","0","0","0","0","0","0","-","0","0","0","0","0","0","0","0","0","0","0","0","0","0","0","0","0","0","2","0","0","0","0","0","0","0","0","0","0","0","0","0","0","0","0","0","0","0","0","0"
"0x7b3fff76b470","      FFMA R70, R17, R30, R70","4","0","4","333312","10665984","10665984","32","32","0","0","-","-","-","0","0","0","0","0","0","0","0","0","-","0","0","0","0","0","0","0","0","0","0","0","0","0","0","0","0","0","0","4","0","0","0","0","0","0","0","0","0","0","0","0","0","0","0","0","0","0","0","0","0"
"0x7b3fff76b480","      FFMA R42, R17, R31, R42","1","0","1","333312","10665984","10665984","32","32","0","0","-","-","-","0","0","0","0","0","0","0","0","0","-","0","0","0","0","0","0","0","0","0","0","0","0","0","0","0","0","0","0","1","0","0","0","0","0","0","0","0","0","0","0","0","0","0","0","0","0","0","0","0","0"
"0x7b3fff76b490","@!P2  LDC R24, c[0x0][0x3c8]","37","2","37","333312","10665984","10665984","32","32","0","0","-","-","-","0","0","0","0","0","0","0","0","0","-","0","0","0","0","0","0","0","0","6","0","0","0","0","0","0","0","0","20","4","0","0","0","7","0","0","0","0","0","0","0","0","0","0","0","0","0","0","0","0","2"
"0x7b3fff76b4a0","      MOV R39, RZ","5","0","5","333312","10665984","10665984","32","32","0","0","-","-","-","0","0","0","0","0","0","0","0","0","-","0","0","0","0","0","0","0","0","2","0","0","0","0","0","0","0","0","0","3","0","0","0","0","0","0","0","0","0","0","0","0","0","0","0","0","0","0","0","0","0"
"0x7b3fff76b4b0","@!P4  LEA.HI.X R17, R22, UR33, R23, 0x2, P0","5","0","5","333312","10665984","10412032","32","31","1","0","-","-","-","0","0","0","0","0","0","0","0","0","-","0","0","0","0","0","0","0","0","0","0","0","0","0","0","0","0","0","0","5","0","0","0","0","0","0","0","0","0","0","0","0","0","0","0","0","0","0","0","0","0"
"0x7b3fff76b4c0","@!P5  IMAD.WIDE R22, R20, 0x38, R64","5","0","5","333312","10665984","10412032","32","31","1","0","-","-","-","0","0","0","0","0","0","0","0","0","-","0","0","0","0","0","0","0","0","0","0","0","0","0","0","0","0","0","0","5","0","0","0","0","0","0","0","0","0","0","0","0","0","0","0","0","0","0","0","0","0"
"0x7b3fff76b4d0","      IADD3 R26, PT, PT, R15, 0x20, RZ","3","0","3","333312","10665984","10665984","32","32","0","0","-","-","-","0","0","0","0","0","0","0","0","0","-","0","0","0","0","0","0","0","0","0","0","0","0","0","0","0","0","0","0","3","0","0","0","0","0","0","0","0","0","0","0","0","0","0","0","0","0","0","0","0","0"
"0x7b3fff76b4e0","@!P4  LDG.E.CONSTANT R39, desc[UR24][R16.64]","172","29","172","333312","10665984","10412032","32","31","1","0","Global","Load","32","650752","0","0","0","0","0","1301504","1301504","0","","0","0","0","0","0","0","0","0","31","0","1","0","0","0","36","0","0","87","4","0","0","0","13","0","0","0","0","1","0","0","0","24","0","0","1","0","0","0","0","3"
"0x7b3fff76b4f0","      ISETP.GE.AND P0, PT, R26, UR11, PT","24","0","24","333312","10665984","10665984","32","32","0","0","-","-","-","0","0","0","0","0","0","0","0","0","-","0","0","0","0","0","0","0","0","2","0","0","0","0","0","0","0","0","14","3","0","0","0","5","0","0","0","0","0","0","0","0","0","0","0","0","0","0","0","0","0"
"0x7b3fff76b500","      MOV R40, RZ","8","0","8","333312","10665984","10665984","32","32","0","0","-","-","-","0","0","0","0","0","0","0","0","0","-","0","0","0","0","0","0","0","0","0","0","0","0","0","0","0","0","0","0","8","0","0","0","0","0","0","0","0","0","0","0","0","0","0","0","0","0","0","0","0","0"
"0x7b3fff76b510","@!P1  IMAD.WIDE R20, R21, 0x8, R54","14","0","14","333312","10665984","10665984","32","32","0","0","-","-","-","0","0","0","0","0","0","0","0","0","-","0","0","0","0","0","0","0","0","1","0","0","0","6","0","0","0","0","5","2","0","0","0","0","0","0","0","0","0","0","0","0","0","0","0","0","0","0","0","0","0"
"0x7b3fff76b520","@!P5  LEA R16, P4, R22, UR32, 0x2","138","17","138","333312","10665984","10412032","32","31","1","0","-","-","-","0","0","0","0","0","0","0","0","0","-","0","0","0","0","0","0","0","0","12","0","0","49","12","0","0","0","0","62","3","0","0","0","0","0","0","0","0","0","16","1","0","0","0","0","0","0","0","0","0","0"
"0x7b3fff76b530","@!P5  LEA.HI.X R17, R22, UR33, R23, 0x2, P4","93","2","93","333312","10665984","10412032","32","31","1","0","-","-","-","0","0","0","0","0","0","0","0","0","-","0","0","0","0","0","0","0","0","12","0","0","0","6","0","0","0","0","59","5","0","0","0","11","0","0","0","0","0","0","1","0","0","0","0","0","0","0","0","0","1"
"0x7b3fff76b540","      FFMA R67, R19, R28, R25","5","0","5","333312","10665984","10665984","32","32","0","0","-","-","-","0","0","0","0","0","0","0","0","0","-","0","0","0","0","0","0","0","0","0","0","0","0","0","0","0","0","0","0","5","0","0","0","0","0","0","0","0","0","0","0","0","0","0","0","0","0","0","0","0","0"
"0x7b3fff76b550","      IADD3 R25, PT, PT, R15, 0x28, RZ","4","0","4","333312","10665984","10665984","32","32","0","0","-","-","-","0","0","0","0","0","0","0","0","0","-","0","0","0","0","0","0","0","0","2","0","0","0","0","0","0","0","0","0","2","0","0","0","0","0","0","0","0","0","0","0","0","0","0","0","0","0","0","0","0","0"
"0x7b3fff76b560","@!P3  IMAD.WIDE R22, R18, 0x10, R54","6","1","6","333312","10665984","10665984","32","32","0","0","-","-","-","0","0","0","0","0","0","0","0","0","-","0","0","0","0","0","0","0","0","1","0","0","0","0","0","0","0","0","0","4","1","0","0","0","0","0","0","0","0","0","0","0","0","0","0","0","0","1","0","0","0"
"0x7b3fff76b570","@!P0  LDC R26, c[0x0][0x3c8]","64","4","64","333312","10665984","10665984","32","32","0","0","-","-","-","0","0","0","0","0","0","0","0","0","-","0","0","0","0","0","0","0","0","12","0","0","0","0","0","0","0","0","37","8","0","0","0","7","0","0","0","0","0","0","0","0","0","0","0","0","0","0","0","0","4"
"0x7b3fff76b580","@!P5  LDG.E.CONSTANT R40, desc[UR24][R16.64]","90","22","90","333312","10665984","10412032","32","31","1","0","Global","Load","32","650752","0","0","0","0","0","1301504","1301504","0","","0","0","0","0","0","0","0","0","12","0","0","0","0","0","30","0","0","42","6","0","0","0","0","0","0","0","0","0","0","0","0","21","0","0","1","0","0","0","0","0"
"0x7b3fff76b590","      IADD3 R18, PT, PT, R15, 0x30, RZ","10","0","10","333312","10665984","10665984","32","32","0","0","-","-","-","0","0","0","0","0","0","0","0","0","-","0","0","0","0","0","0","0","0","3","0","0","0","0","0","0","0","0","0","7","0","0","0","0","0","0","0","0","0","0","0","0","0","0","0","0","0","0","0","0","0"
"0x7b3fff76b5a0","      ISETP.GE.AND P4, PT, R25, UR11, PT","4","0","4","333312","10665984","10665984","32","32","0","0","-","-","-","0","0","0","0","0","0","0","0","0","-","0","0","0","0","0","0","0","0","1","0","0","0","0","0","0","0","0","0","3","0","0","0","0","0","0","0","0","0","0","0","0","0","0","0","0","0","0","0","0","0"
"0x7b3fff76b5b0","@!P2  IMAD.WIDE R24, R24, 0x18, R54","43","3","43","333312","10665984","10665984","32","32","0","0","-","-","-","0","0","0","0","0","0","0","0","0","-","0","0","0","0","0","0","0","0","2","0","0","0","24","0","0","0","0","13","4","0","0","0","0","0","0","0","0","0","0","3","0","0","0","0","0","0","0","0","0","0"
"0x7b3fff76b5c0","@!P1  LEA R16, P5, R20, UR30, 0x2","131","29","131","333312","10665984","10665984","32","32","0","0","-","-","-","0","0","0","0","0","0","0","0","0","-","0","0","0","0","0","0","0","0","18","0","0","57","4","0","0","0","0","44","8","0","0","0","0","0","0","0","0","0","28","1","0","0","0","0","0","0","0","0","0","0"
"0x7b3fff76b5d0","@!P1  LEA.HI.X R17, R20, UR31, R21, 0x2, P5","110","0","110","333312","10665984","10665984","32","32","0","0","-","-","-","0","0","0","0","0","0","0","0","0","-","0","0","0","0","0","0","0","0","16","0","0","0","10","0","0","0","0","72","1","0","0","0","11","0","0","0","0","0","0","0","0","0","0","0","0","0","0","0","0","0"
"0x7b3fff76b5e0","@!P3  LEA R20, P6, R22, UR30, 0x2","29","3","29","333312","10665984","10665984","32","32","0","0","-","-","-","0","0","0","0","0","0","0","0","0","-","0","0","0","0","0","0","0","0","4","0","0","0","3","0","0","0","0","11","4","0","0","0","7","0","0","0","0","0","0","0","0","0","0","0","0","0","0","0","0","3"
"0x7b3fff76b5f0","      ISETP.GE.AND P5, PT, R18, UR11, PT","9","0","9","333312","10665984","10665984","32","32","0","0","-","-","-","0","0","0","0","0","0","0","0","0","-","0","0","0","0","0","0","0","0","0","0","0","0","0","0","0","0","0","0","9","0","0","0","0","0","0","0","0","0","0","0","0","0","0","0","0","0","0","0","0","0"
"0x7b3fff76b600","      FFMA R69, R19, R29, R69","5","0","5","333312","10665984","10665984","32","32","0","0","-","-","-","0","0","0","0","0","0","0","0","0","-","0","0","0","0","0","0","0","0","1","0","0","0","0","0","0","0","0","0","4","0","0","0","0","0","0","0","0","0","0","0","0","0","0","0","0","0","0","0","0","0"
"0x7b3fff76b610","@!P3  LEA.HI.X R21, R22, UR31, R23, 0x2, P6","32","1","32","333312","10665984","10665984","32","32","0","0","-","-","-","0","0","0","0","0","0","0","0","0","-","0","0","0","0","0","0","0","0","4","0","0","0","3","0","0","0","0","18","2","0","0","0","5","0","0","0","0","0","0","0","0","0","0","0","0","0","0","0","0","1"
"0x7b3fff76b620","      FFMA R68, R19, R30, R68","4","0","4","333312","10665984","10665984","32","32","0","0","-","-","-","0","0","0","0","0","0","0","0","0","-","0","0","0","0","0","0","0","0","0","0","0","0","0","0","0","0","0","0","4","0","0","0","0","0","0","0","0","0","0","0","0","0","0","0","0","0","0","0","0","0"
"0x7b3fff76b630","@!P2  LEA R18, P6, R24, UR30, 0x2","5","0","5","333312","10665984","10665984","32","32","0","0","-","-","-","0","0","0","0","0","0","0","0","0","-","0","0","0","0","0","0","0","0","0","0","0","0","0","0","0","0","0","0","5","0","0","0","0","0","0","0","0","0","0","0","0","0","0","0","0","0","0","0","0","0"
"0x7b3fff76b640","      FFMA R76, R19, R31, R76","6","0","6","333312","10665984","10665984","32","32","0","0","-","-","-","0","0","0","0","0","0","0","0","0","-","0","0","0","0","0","0","0","0","0","0","0","0","0","0","0","0","0","0","6","0","0","0","0","0","0","0","0","0","0","0","0","0","0","0","0","0","0","0","0","0"
"0x7b3fff76b650","@!P4  LDC R29, c[0x0][0x3c8]","5","0","5","333312","10665984","10665984","32","32","0","0","-","-","-","0","0","0","0","0","0","0","0","0","-","0","0","0","0","0","0","0","0","1","0","0","0","0","0","0","0","0","0","4","0","0","0","0","0","0","0","0","0","0","0","0","0","0","0","0","0","0","0","0","0"
"0x7b3fff76b660","@!P1  LDG.E.CONSTANT R8, desc[UR24][R16.64]","45","14","45","333312","10665984","10665984","32","32","0","0","Global","Load","32","666624","0","0","0","0","0","1333248","1333248","0","","0","0","0","0","0","0","0","0","1","0","3","0","0","0","15","0","0","16","10","0","0","0","0","0","0","0","0","3","0","0","0","11","0","0","0","0","0","0","0","0"
"0x7b3fff76b670","@!P2  LEA.HI.X R19, R24, UR31, R25, 0x2, P6","3","0","3","333312","10665984","10665984","32","32","0","0","-","-","-","0","0","0","0","0","0","0","0","0","-","0","0","0","0","0","0","0","0","0","0","0","0","0","0","0","0","0","0","3","0","0","0","0","0","0","0","0","0","0","0","0","0","0","0","0","0","0","0","0","0"
"0x7b3fff76b680","      IADD3 R24, PT, PT, R15, 0x38, RZ","83","3","83","333312","10665984","10665984","32","32","0","0","-","-","-","0","0","0","0","0","0","0","0","0","-","0","0","0","0","0","0","0","0","14","0","0","0","15","0","0","0","1","46","4","0","0","0","3","0","0","0","0","0","0","2","0","0","0","0","0","0","0","0","0","1"
"0x7b3fff76b690","@!P0  IMAD.WIDE R26, R26, 0x20, R54","8","0","8","333312","10665984","10665984","32","32","0","0","-","-","-","0","0","0","0","0","0","0","0","0","-","0","0","0","0","0","0","0","0","1","0","0","0","0","0","0","0","0","0","7","0","0","0","0","0","0","0","0","0","0","0","0","0","0","0","0","0","0","0","0","0"
"0x7b3fff76b6a0","@!P3  LDG.E.CONSTANT R7, desc[UR24][R20.64]","70","16","70","333312","10665984","10665984","32","32","0","0","Global","Load","32","666624","0","0","0","0","0","1333248","1333248","0","","0","0","0","0","0","0","0","0","8","0","0","0","0","0","26","0","0","32","4","0","0","0","0","0","0","0","0","0","0","0","0","15","0","0","1","0","0","0","0","0"
"0x7b3fff76b6b0","@!P5  LDC R31, c[0x0][0x3c8]","32","1","32","333312","10665984","10665984","32","32","0","0","-","-","-","0","0","0","0","0","0","0","0","0","-","0","0","0","0","0","0","0","0","5","0","0","0","0","0","0","0","0","15","4","0","0","0","8","0","0","0","0","0","0","0","0","0","0","0","0","0","0","0","0","1"
"0x7b3fff76b6c0","      ISETP.GE.AND P1, PT, R24, UR11, PT","4","0","4","333312","10665984","10665984","32","32","0","0","-","-","-","0","0","0","0","0","0","0","0","0","-","0","0","0","0","0","0","0","0","0","0","0","0","0","0","0","0","0","0","4","0","0","0","0","0","0","0","0","0","0","0","0","0","0","0","0","0","0","0","0","0"
"0x7b3fff76b6d0","@!P2  LDG.E.CONSTANT R6, desc[UR24][R18.64]","65","20","65","333312","10665984","10665984","32","32","0","0","Global","Load","32","666624","0","0","0","0","0","1333248","1333248","0","","0","0","0","0","0","0","0","0","13","0","1","0","0","0","29","0","0","19","3","0","0","0","0","0","0","0","0","0","0","0","0","19","0","0","1","0","0","0","0","0"
"0x7b3fff76b6e0","@!P0  LEA R24, P2, R26, UR30, 0x2","5","0","5","333312","10665984","10665984","32","32","0","0","-","-","-","0","0","0","0","0","0","0","0","0","-","0","0","0","0","0","0","0","0","0","0","0","0","0","0","0","0","0","0","5","0","0","0","0","0","0","0","0","0","0","0","0","0","0","0","0","0","0","0","0","0"
"0x7b3fff76b6f0","@!P0  LEA.HI.X R25, R26, UR31, R27, 0x2, P2","90","2","90","333312","10665984","10665984","32","32","0","0","-","-","-","0","0","0","0","0","0","0","0","0","-","0","0","0","0","0","0","0","0","11","0","0","0","7","0","0","0","0","60","4","0","0","0","8","0","0","0","0","0","0","0","0","0","0","0","0","0","0","0","0","2"
"0x7b3fff76b700","      LDS.128 R20, [R11+0xcc0]","128","34","128","333312","10665984","10665984","32","32","0","0","Shared","Load","128","0","4","0","1333248","1333248","0","0","0","0","-","0","0","0","0","0","0","0","0","12","0","0","43","0","0","22","0","0","46","5","0","0","0","0","0","0","0","0","0","24","0","0","10","0","0","0","0","0","0","0","0"
"0x7b3fff76b710","@!P0  LDG.E.CONSTANT R5, desc[UR24][R24.64]","74","16","74","333312","10665984","10665984","32","32","0","0","Global","Load","32","666624","0","0","0","0","0","1333248","1333248","0","","0","0","0","0","0","0","0","0","7","0","1","0","0","0","22","0","0","33","1","0","0","0","10","0","0","0","0","1","0","0","0","12","0","0","0","0","0","0","0","3"
"0x7b3fff76b720","@!P1  LDC R28, c[0x0][0x3c8]","35","2","35","333312","10665984","10665984","32","32","0","0","-","-","-","0","0","0","0","0","0","0","0","0","-","0","0","0","0","0","0","0","0","6","0","0","0","0","0","0","0","0","18","4","0","0","0","7","0","0","0","0","0","0","0","0","0","0","0","0","0","0","0","0","2"
"0x7b3fff76b730","      LDS.128 R16, [R37+0xcc0]","87","27","87","333312","10665984","10665984","32","32","0","0","Shared","Load","128","0","2","0","666624","666624","0","0","0","0","-","0","0","0","0","0","0","0","0","7","0","0","0","0","0","31","0","0","37","3","0","0","0","9","0","0","0","0","0","0","0","0","23","0","0","0","0","0","0","0","4"
"0x7b3fff76b740","@!P4  IMAD.WIDE R24, R29, 0x28, R54","101","29","101","333312","10665984","10665984","32","32","0","0","-","-","-","0","0","0","0","0","0","0","0","0","-","0","0","0","0","0","0","0","0","5","0","0","59","21","0","0","0","0","10","6","0","0","0","0","0","0","0","0","0","29","0","0","0","0","0","0","0","0","0","0","0"
"0x7b3fff76b750","@!P5  IMAD.WIDE R30, R31, 0x30, R54","82","2","82","333312","10665984","10665984","32","32","0","0","-","-","-","0","0","0","0","0","0","0","0","0","-","0","0","0","0","0","0","0","0","11","0","0","0","27","0","0","0","0","25","6","0","0","0","13","0","0","0","0","0","0","0","0","0","0","0","0","0","0","0","0","2"
"0x7b3fff76b760","@!P4  LEA R26, P0, R24, UR30, 0x2","4","0","4","333312","10665984","10665984","32","32","0","0","-","-","-","0","0","0","0","0","0","0","0","0","-","0","0","0","0","0","0","0","0","4","0","0","0","0","0","0","0","0","0","0","0","0","0","0","0","0","0","0","0","0","0","0","0","0","0","0","0","0","0","0","0"
"0x7b3fff76b770","@!P4  LEA.HI.X R27, R24, UR31, R25, 0x2, P0","111","13","111","333312","10665984","10665984","32","32","0","0","-","-","-","0","0","0","0","0","0","0","0","0","-","0","0","0","0","0","0","0","0","31","0","0","0","11","0","0","0","0","53","5","0","0","0","11","0","0","10","0","0","0","0","0","0","0","0","0","0","0","0","0","3"
"0x7b3fff76b780","@!P5  LEA R24, P0, R30, UR30, 0x2","29","2","29","333312","10665984","10665984","32","32","0","0","-","-","-","0","0","0","0","0","0","0","0","0","-","0","0","0","0","0","0","0","0","3","0","0","0","0","0","0","0","0","18","6","0","0","0","2","0","0","1","0","0","0","0","0","0","0","0","0","0","0","0","0","1"
"0x7b3fff76b790","@!P4  LDG.E.CONSTANT R4, desc[UR24][R26.64]","138","37","138","333312","10665984","10665984","32","32","0","0","Global","Load","32","666624","0","0","0","0","0","1333248","1333248","0","","0","0","0","0","0","0","0","0","6","0","0","0","0","0","46","0","0","65","8","0","0","0","13","0","0","0","0","0","0","0","0","35","0","0","0","0","0","0","0","2"
"0x7b3fff76b7a0","@!P5  LEA.HI.X R25, R30, UR31, R31, 0x2, P0","5","0","5","333312","10665984","10665984","32","32","0","0","-","-","-","0","0","0","0","0","0","0","0","0","-","0","0","0","0","0","0","0","0","0","0","0","0","0","0","0","0","0","0","5","0","0","0","0","0","0","0","0","0","0","0","0","0","0","0","0","0","0","0","0","0"
"0x7b3fff76b7b0","      ISETP.GE.AND P2, PT, R15, UR11, PT","2","0","2","333312","10665984","10665984","32","32","0","0","-","-","-","0","0","0","0","0","0","0","0","0","-","0","0","0","0","0","0","0","0","0","0","0","0","0","0","0","0","0","0","2","0","0","0","0","0","0","0","0","0","0","0","0","0","0","0","0","0","0","0","0","0"
"0x7b3fff76b7c0","@!P5  LDG.E.CONSTANT R3, desc[UR24][R24.64]","139","37","139","333312","10665984","10665984","32","32","0","0","Global","Load","32","666624","0","0","0","0","0","1333248","1333248","0","","0","0","0","0","0","0","0","0","16","0","1","0","0","0","39","0","0","55","6","0","0","0","22","0","0","1","0","1","0","0","0","25","0","0","0","0","0","0","0","10"
"0x7b3fff76b7d0","@!P1  IMAD.WIDE R26, R28, 0x38, R54","119","22","119","333312","10665984","10665984","32","32","0","0","-","-","-","0","0","0","0","0","0","0","0","0","-","0","0","0","0","0","0","0","0","4","0","0","67","23","0","0","0","0","19","6","0","0","0","0","0","0","0","0","0","22","0","0","0","0","0","0","0","0","0","0","0"
"0x7b3fff76b7e0","      LDS.128 R28, [R11+0xd40]","132","25","132","333312","10665984","10665984","32","32","0","0","Shared","Load","128","0","4","0","1333248","1333248","0","0","0","0","-","0","0","0","0","0","0","0","0","18","0","0","0","0","0","29","0","0","71","3","0","0","0","11","0","0","2","0","0","0","0","0","22","0","0","0","0","0","0","0","1"
"0x7b3fff76b7f0","@!P1  LEA R24, P0, R26, UR30, 0x2","36","6","36","333312","10665984","10665984","32","32","0","0","-","-","-","0","0","0","0","0","0","0","0","0","-","0","0","0","0","0","0","0","0","5","0","0","13","0","0","0","0","0","12","6","0","0","0","0","0","0","0","0","0","6","0","0","0","0","0","0","0","0","0","0","0"
"0x7b3fff76b800","@!P1  LEA.HI.X R25, R26, UR31, R27, 0x2, P0","100","8","100","333312","10665984","10665984","32","32","0","0","-","-","-","0","0","0","0","0","0","0","0","0","-","0","0","0","0","0","0","0","0","9","0","0","0","9","0","0","0","0","65","2","0","0","0","15","0","0","0","0","0","0","0","0","0","0","0","1","0","0","0","0","7"
"0x7b3fff76b810","@!P1  LDG.E.CONSTANT R14, desc[UR24][R24.64]","149","35","149","333312","10665984","10665984","32","32","0","0","Global","Load","32","666624","0","0","0","0","0","1333248","1333248","0","","0","0","0","0","0","0","0","0","14","0","1","0","0","0","37","0","0","74","2","0","0","0","21","0","0","0","0","1","0","0","0","24","0","0","0","0","0","0","0","10"
"0x7b3fff76b820","@!P2  LEA R24, P0, R54, UR30, 0x2","173","55","173","333312","10665984","10665984","32","32","0","0","-","-","-","0","0","0","0","0","0","0","0","0","-","0","0","0","0","0","0","0","0","14","0","0","126","2","0","0","0","0","27","0","0","0","0","4","0","0","0","0","0","53","0","0","0","0","0","0","0","0","0","0","2"
"0x7b3fff76b830","@!P2  LEA.HI.X R25, R54, UR31, R55, 0x2, P0","91","9","91","333312","10665984","10665984","32","32","0","0","-","-","-","0","0","0","0","0","0","0","0","0","-","0","0","0","0","0","0","0","0","11","0","0","0","7","0","0","0","0","51","7","0","0","0","15","0","0","1","0","0","0","0","0","0","0","0","0","0","0","0","0","8"
"0x7b3fff76b840","@!P2  LDG.E.CONSTANT R9, desc[UR24][R24.64]","149","47","149","333312","10665984","10665984","32","32","0","0","Global","Load","32","666624","0","0","0","0","0","1333248","1333248","0","","0","0","0","0","0","0","0","0","12","0","2","0","0","0","47","0","0","63","6","0","0","0","19","0","0","0","0","2","0","0","0","34","0","0","0","0","0","0","0","11"
"0x7b3fff76b850","      FFMA R75, R20, R16, R75","37","25","37","333312","10665984","10665984","32","32","0","0","-","-","-","0","0","0","0","0","0","0","0","0","-","0","0","0","0","0","0","0","0","0","0","0","35","0","0","0","0","0","0","2","0","0","0","0","0","0","0","0","0","25","0","0","0","0","0","0","0","0","0","0","0"
"0x7b3fff76b860","      FFMA R74, R20, R17, R74","5","0","5","333312","10665984","10665984","32","32","0","0","-","-","-","0","0","0","0","0","0","0","0","0","-","0","0","0","0","0","0","0","0","0","0","0","0","0","0","0","0","0","0","5","0","0","0","0","0","0","0","0","0","0","0","0","0","0","0","0","0","0","0","0","0"
"0x7b3fff76b870","      FFMA R73, R20, R18, R73","5","0","5","333312","10665984","10665984","32","32","0","0","-","-","-","0","0","0","0","0","0","0","0","0","-","0","0","0","0","0","0","0","0","0","0","0","0","0","0","0","0","0","0","5","0","0","0","0","0","0","0","0","0","0","0","0","0","0","0","0","0","0","0","0","0"
"0x7b3fff76b880","      FFMA R72, R20, R19, R72","6","0","6","333312","10665984","10665984","32","32","0","0","-","-","-","0","0","0","0","0","0","0","0","0","-","0","0","0","0","0","0","0","0","0","0","0","0","0","0","0","0","0","0","6","0","0","0","0","0","0","0","0","0","0","0","0","0","0","0","0","0","0","0","0","0"
"0x7b3fff76b890","      FFMA R51, R21, R16, R51","4","0","4","333312","10665984","10665984","32","32","0","0","-","-","-","0","0","0","0","0","0","0","0","0","-","0","0","0","0","0","0","0","0","0","0","0","0","0","0","0","0","0","0","4","0","0","0","0","0","0","0","0","0","0","0","0","0","0","0","0","0","0","0","0","0"
"0x7b3fff76b8a0","      FFMA R52, R21, R17, R52","3","0","3","333312","10665984","10665984","32","32","0","0","-","-","-","0","0","0","0","0","0","0","0","0","-","0","0","0","0","0","0","0","0","1","0","0","0","0","0","0","0","0","0","2","0","0","0","0","0","0","0","0","0","0","0","0","0","0","0","0","0","0","0","0","0"
"0x7b3fff76b8b0","      FFMA R53, R21, R18, R53","5","0","5","333312","10665984","10665984","32","32","0","0","-","-","-","0","0","0","0","0","0","0","0","0","-","0","0","0","0","0","0","0","0","0","0","0","0","0","0","0","0","0","0","5","0","0","0","0","0","0","0","0","0","0","0","0","0","0","0","0","0","0","0","0","0"
"0x7b3fff76b8c0","      FFMA R56, R21, R19, R56","6","0","6","333312","10665984","10665984","32","32","0","0","-","-","-","0","0","0","0","0","0","0","0","0","-","0","0","0","0","0","0","0","0","0","0","0","0","0","0","0","0","0","0","6","0","0","0","0","0","0","0","0","0","0","0","0","0","0","0","0","0","0","0","0","0"
"0x7b3fff76b8d0","      FFMA R57, R22, R16, R57","6","0","6","333312","10665984","10665984","32","32","0","0","-","-","-","0","0","0","0","0","0","0","0","0","-","0","0","0","0","0","0","0","0","0","0","0","0","0","0","0","0","0","0","6","0","0","0","0","0","0","0","0","0","0","0","0","0","0","0","0","0","0","0","0","0"
"0x7b3fff76b8e0","      FFMA R58, R22, R17, R58","4","0","4","333312","10665984","10665984","32","32","0","0","-","-","-","0","0","0","0","0","0","0","0","0","-","0","0","0","0","0","0","0","0","2","0","0","0","0","0","0","0","0","0","2","0","0","0","0","0","0","0","0","0","0","0","0","0","0","0","0","0","0","0","0","0"
"0x7b3fff76b8f0","      FFMA R59, R22, R18, R59","5","0","5","333312","10665984","10665984","32","32","0","0","-","-","-","0","0","0","0","0","0","0","0","0","-","0","0","0","0","0","0","0","0","0","0","0","0","0","0","0","0","0","0","5","0","0","0","0","0","0","0","0","0","0","0","0","0","0","0","0","0","0","0","0","0"
"0x7b3fff76b900","      FFMA R63, R22, R19, R63","3","0","3","333312","10665984","10665984","32","32","0","0","-","-","-","0","0","0","0","0","0","0","0","0","-","0","0","0","0","0","0","0","0","0","0","0","0","0","0","0","0","0","0","3","0","0","0","0","0","0","0","0","0","0","0","0","0","0","0","0","0","0","0","0","0"
"0x7b3fff76b910","      FFMA R45, R23, R16, R45","5","0","5","333312","10665984","10665984","32","32","0","0","-","-","-","0","0","0","0","0","0","0","0","0","-","0","0","0","0","0","0","0","0","0","0","0","0","0","0","0","0","0","0","5","0","0","0","0","0","0","0","0","0","0","0","0","0","0","0","0","0","0","0","0","0"
"0x7b3fff76b920","      FFMA R46, R23, R17, R46","7","0","7","333312","10665984","10665984","32","32","0","0","-","-","-","0","0","0","0","0","0","0","0","0","-","0","0","0","0","0","0","0","0","3","0","0","0","0","0","0","0","0","0","4","0","0","0","0","0","0","0","0","0","0","0","0","0","0","0","0","0","0","0","0","0"
"0x7b3fff76b930","      FFMA R44, R23, R18, R44","7","0","7","333312","10665984","10665984","32","32","0","0","-","-","-","0","0","0","0","0","0","0","0","0","-","0","0","0","0","0","0","0","0","0","0","0","0","0","0","0","0","0","0","7","0","0","0","0","0","0","0","0","0","0","0","0","0","0","0","0","0","0","0","0","0"
"0x7b3fff76b940","      FFMA R47, R23, R19, R47","1","0","1","333312","10665984","10665984","32","32","0","0","-","-","-","0","0","0","0","0","0","0","0","0","-","0","0","0","0","0","0","0","0","0","0","0","0","0","0","0","0","0","0","1","0","0","0","0","0","0","0","0","0","0","0","0","0","0","0","0","0","0","0","0","0"
"0x7b3fff76b950","      LDS.128 R24, [R11+0xdd0]","163","34","163","333312","10665984","10665984","32","32","0","0","Shared","Load","128","0","4","0","1333248","1333248","0","0","0","0","-","0","0","0","0","0","0","0","0","15","0","0","78","0","0","17","0","0","49","4","0","0","0","0","0","0","0","0","0","20","0","0","14","0","0","0","0","0","0","0","0"
"0x7b3fff76b960","      FFMA R48, R28, R16, R48","12","0","12","333312","10665984","10665984","32","32","0","0","-","-","-","0","0","0","0","0","0","0","0","0","-","0","0","0","0","0","0","0","0","7","0","0","0","0","0","0","0","0","1","4","0","0","0","0","0","0","0","0","0","0","0","0","0","0","0","0","0","0","0","0","0"
"0x7b3fff76b970","      FFMA R49, R28, R17, R49","7","0","7","333312","10665984","10665984","32","32","0","0","-","-","-","0","0","0","0","0","0","0","0","0","-","0","0","0","0","0","0","0","0","1","0","0","0","0","0","0","0","0","0","6","0","0","0","0","0","0","0","0","0","0","0","0","0","0","0","0","0","0","0","0","0"
"0x7b3fff76b980","      FFMA R50, R28, R18, R50","13","0","13","333312","10665984","10665984","32","32","0","0","-","-","-","0","0","0","0","0","0","0","0","0","-","0","0","0","0","0","0","0","0","1","0","0","0","0","0","0","0","2","2","8","0","0","0","0","0","0","0","0","0","0","0","0","0","0","0","0","0","0","0","0","0"
"0x7b3fff76b990","      LDS.128 R20, [R37+0xdd0]","23","7","23","333312","10665984","10665984","32","32","0","0","Shared","Load","128","0","2","0","666624","666624","0","0","0","0","-","0","0","0","0","0","0","0","0","3","0","0","0","0","0","10","0","0","3","7","0","0","0","0","0","0","0","0","0","0","0","0","7","0","0","0","0","0","0","0","0"
"0x7b3fff76b9a0","      FFMA R60, R28, R19, R60","3","0","3","333312","10665984","10665984","32","32","0","0","-","-","-","0","0","0","0","0","0","0","0","0","-","0","0","0","0","0","0","0","0","0","0","0","0","0","0","0","0","0","0","3","0","0","0","0","0","0","0","0","0","0","0","0","0","0","0","0","0","0","0","0","0"
"0x7b3fff76b9b0","      FFMA R61, R29, R16, R61","9","0","9","333312","10665984","10665984","32","32","0","0","-","-","-","0","0","0","0","0","0","0","0","0","-","0","0","0","0","0","0","0","0","1","0","0","0","0","0","0","0","0","0","8","0","0","0","0","0","0","0","0","0","0","0","0","0","0","0","0","0","0","0","0","0"
"0x7b3fff76b9c0","      FFMA R71, R29, R17, R71","5","0","5","333312","10665984","10665984","32","32","0","0","-","-","-","0","0","0","0","0","0","0","0","0","-","0","0","0","0","0","0","0","0","1","0","0","0","0","0","0","0","0","0","4","0","0","0","0","0","0","0","0","0","0","0","0","0","0","0","0","0","0","0","0","0"
"0x7b3fff76b9d0","      FFMA R70, R29, R18, R70","7","0","7","333312","10665984","10665984","32","32","0","0","-","-","-","0","0","0","0","0","0","0","0","0","-","0","0","0","0","0","0","0","0","1","0","0","0","0","0","0","0","0","0","6","0","0","0","0","0","0","0","0","0","0","0","0","0","0","0","0","0","0","0","0","0"
"0x7b3fff76b9e0","      FFMA R42, R29, R19, R42","3","0","3","333312","10665984","10665984","32","32","0","0","-","-","-","0","0","0","0","0","0","0","0","0","-","0","0","0","0","0","0","0","0","0","0","0","0","0","0","0","0","0","0","3","0","0","0","0","0","0","0","0","0","0","0","0","0","0","0","0","0","0","0","0","0"
"0x7b3fff76b9f0","      FFMA R41, R30, R16, R41","3","0","3","333312","10665984","10665984","32","32","0","0","-","-","-","0","0","0","0","0","0","0","0","0","-","0","0","0","0","0","0","0","0","0","0","0","0","0","0","0","0","0","0","3","0","0","0","0","0","0","0","0","0","0","0","0","0","0","0","0","0","0","0","0","0"
"0x7b3fff76ba00","      FFMA R43, R30, R17, R43","12","0","12","333312","10665984","10665984","32","32","0","0","-","-","-","0","0","0","0","0","0","0","0","0","-","0","0","0","0","0","0","0","0","2","0","0","0","0","0","0","0","3","2","5","0","0","0","0","0","0","0","0","0","0","0","0","0","0","0","0","0","0","0","0","0"
"0x7b3fff76ba10","      FFMA R62, R30, R18, R62","5","0","5","333312","10665984","10665984","32","32","0","0","-","-","-","0","0","0","0","0","0","0","0","0","-","0","0","0","0","0","0","0","0","2","0","0","0","0","0","0","0","0","0","3","0","0","0","0","0","0","0","0","0","0","0","0","0","0","0","0","0","0","0","0","0"
"0x7b3fff76ba20","      FFMA R66, R30, R19, R66","2","0","2","333312","10665984","10665984","32","32","0","0","-","-","-","0","0","0","0","0","0","0","0","0","-","0","0","0","0","0","0","0","0","0","0","0","0","0","0","0","0","0","0","2","0","0","0","0","0","0","0","0","0","0","0","0","0","0","0","0","0","0","0","0","0"
"0x7b3fff76ba30","      FFMA R67, R31, R16, R67","4","0","4","333312","10665984","10665984","32","32","0","0","-","-","-","0","0","0","0","0","0","0","0","0","-","0","0","0","0","0","0","0","0","0","0","0","0","0","0","0","0","0","0","4","0","0","0","0","0","0","0","0","0","0","0","0","0","0","0","0","0","0","0","0","0"
"0x7b3fff76ba40","      FFMA R69, R31, R17, R69","7","0","7","333312","10665984","10665984","32","32","0","0","-","-","-","0","0","0","0","0","0","0","0","0","-","0","0","0","0","0","0","0","0","3","0","0","0","0","0","0","0","0","0","4","0","0","0","0","0","0","0","0","0","0","0","0","0","0","0","0","0","0","0","0","0"
"0x7b3fff76ba50","      FFMA R68, R31, R18, R68","10","0","10","333312","10665984","10665984","32","32","0","0","-","-","-","0","0","0","0","0","0","0","0","0","-","0","0","0","0","0","0","0","0","3","0","0","0","0","0","0","0","0","0","7","0","0","0","0","0","0","0","0","0","0","0","0","0","0","0","0","0","0","0","0","0"
"0x7b3fff76ba60","      FFMA R76, R31, R19, R76","4","0","4","333312","10665984","10665984","32","32","0","0","-","-","-","0","0","0","0","0","0","0","0","0","-","0","0","0","0","0","0","0","0","0","0","0","0","0","0","0","0","0","0","4","0","0","0","0","0","0","0","0","0","0","0","0","0","0","0","0","0","0","0","0","0"
"0x7b3fff76ba70","      LDS.128 R16, [R11+0xe50]","123","11","123","333312","10665984","10665984","32","32","0","0","Shared","Load","128","0","4","0","1333248","1333248","0","0","0","0","-","0","0","0","0","0","0","0","0","21","0","0","0","0","0","20","0","0","70","3","0","0","0","9","0","0","0","0","0","0","0","0","10","0","0","0","0","0","0","0","1"
"0x7b3fff76ba80","      LDS.128 R28, [R37+0xee0]","78","17","78","333312","10665984","10665984","32","32","0","0","Shared","Load","128","0","2","0","666624","666624","0","0","0","0","-","0","0","0","0","0","0","0","0","5","0","0","0","0","0","19","0","0","38","4","0","0","0","12","0","0","1","0","0","0","0","0","10","0","0","0","0","0","0","0","6"
"0x7b3fff76ba90","      FFMA R75, R24, R20, R75","191","56","191","333312","10665984","10665984","32","32","0","0","-","-","-","0","0","0","0","0","0","0","0","0","-","0","0","0","0","0","0","0","0","4","0","0","0","0","0","0","0","0","28","5","154","0","0","0","0","0","0","0","0","0","0","0","0","0","0","0","0","56","0","0","0"
"0x7b3fff76baa0","      FFMA R74, R24, R21, R74","5","0","5","333312","10665984","10665984","32","32","0","0","-","-","-","0","0","0","0","0","0","0","0","0","-","0","0","0","0","0","0","0","0","0","0","0","0","0","0","0","0","0","0","5","0","0","0","0","0","0","0","0","0","0","0","0","0","0","0","0","0","0","0","0","0"
"0x7b3fff76bab0","      FFMA R73, R24, R22, R73","3","0","3","333312","10665984","10665984","32","32","0","0","-","-","-","0","0","0","0","0","0","0","0","0","-","0","0","0","0","0","0","0","0","0","0","0","0","0","0","0","0","0","0","3","0","0","0","0","0","0","0","0","0","0","0","0","0","0","0","0","0","0","0","0","0"
"0x7b3fff76bac0","      FFMA R72, R24, R23, R72","6","0","6","333312","10665984","10665984","32","32","0","0","-","-","-","0","0","0","0","0","0","0","0","0","-","0","0","0","0","0","0","0","0","1","0","0","0","0","0","0","0","0","0","5","0","0","0","0","0","0","0","0","0","0","0","0","0","0","0","0","0","0","0","0","0"
"0x7b3fff76bad0","      FFMA R51, R25, R20, R51","2","0","2","333312","10665984","10665984","32","32","0","0","-","-","-","0","0","0","0","0","0","0","0","0","-","0","0","0","0","0","0","0","0","0","0","0","0","0","0","0","0","0","0","2","0","0","0","0","0","0","0","0","0","0","0","0","0","0","0","0","0","0","0","0","0"
"0x7b3fff76bae0","      FFMA R52, R25, R21, R52","6","0","6","333312","10665984","10665984","32","32","0","0","-","-","-","0","0","0","0","0","0","0","0","0","-","0","0","0","0","0","0","0","0","1","0","0","0","0","0","0","0","0","0","5","0","0","0","0","0","0","0","0","0","0","0","0","0","0","0","0","0","0","0","0","0"
"0x7b3fff76baf0","      FFMA R53, R25, R22, R53","2","0","2","333312","10665984","10665984","32","32","0","0","-","-","-","0","0","0","0","0","0","0","0","0","-","0","0","0","0","0","0","0","0","0","0","0","0","0","0","0","0","0","0","2","0","0","0","0","0","0","0","0","0","0","0","0","0","0","0","0","0","0","0","0","0"
"0x7b3fff76bb00","      FFMA R56, R25, R23, R56","6","0","6","333312","10665984","10665984","32","32","0","0","-","-","-","0","0","0","0","0","0","0","0","0","-","0","0","0","0","0","0","0","0","0","0","0","0","0","0","0","0","0","0","6","0","0","0","0","0","0","0","0","0","0","0","0","0","0","0","0","0","0","0","0","0"
"0x7b3fff76bb10","      FFMA R57, R26, R20, R57","4","0","4","333312","10665984","10665984","32","32","0","0","-","-","-","0","0","0","0","0","0","0","0","0","-","0","0","0","0","0","0","0","0","0","0","0","0","0","0","0","0","0","0","4","0","0","0","0","0","0","0","0","0","0","0","0","0","0","0","0","0","0","0","0","0"
"0x7b3fff76bb20","      FFMA R58, R26, R21, R58","8","0","8","333312","10665984","10665984","32","32","0","0","-","-","-","0","0","0","0","0","0","0","0","0","-","0","0","0","0","0","0","0","0","4","0","0","0","0","0","0","0","0","0","4","0","0","0","0","0","0","0","0","0","0","0","0","0","0","0","0","0","0","0","0","0"
"0x7b3fff76bb30","      FFMA R59, R26, R22, R59","3","0","3","333312","10665984","10665984","32","32","0","0","-","-","-","0","0","0","0","0","0","0","0","0","-","0","0","0","0","0","0","0","0","0","0","0","0","0","0","0","0","0","0","3","0","0","0","0","0","0","0","0","0","0","0","0","0","0","0","0","0","0","0","0","0"
"0x7b3fff76bb40","      FFMA R63, R26, R23, R63","3","0","3","333312","10665984","10665984","32","32","0","0","-","-","-","0","0","0","0","0","0","0","0","0","-","0","0","0","0","0","0","0","0","0","0","0","0","0","0","0","0","0","0","3","0","0","0","0","0","0","0","0","0","0","0","0","0","0","0","0","0","0","0","0","0"
"0x7b3fff76bb50","      FFMA R45, R27, R20, R45","8","0","8","333312","10665984","10665984","32","32","0","0","-","-","-","0","0","0","0","0","0","0","0","0","-","0","0","0","0","0","0","0","0","1","0","0","0","0","0","0","0","0","0","7","0","0","0","0","0","0","0","0","0","0","0","0","0","0","0","0","0","0","0","0","0"
"0x7b3fff76bb60","      FFMA R46, R27, R21, R46","6","0","6","333312","10665984","10665984","32","32","0","0","-","-","-","0","0","0","0","0","0","0","0","0","-","0","0","0","0","0","0","0","0","1","0","0","0","0","0","0","0","0","0","5","0","0","0","0","0","0","0","0","0","0","0","0","0","0","0","0","0","0","0","0","0"
"0x7b3fff76bb70","      FFMA R44, R27, R22, R44","3","0","3","333312","10665984","10665984","32","32","0","0","-","-","-","0","0","0","0","0","0","0","0","0","-","0","0","0","0","0","0","0","0","0","0","0","0","0","0","0","0","0","0","3","0","0","0","0","0","0","0","0","0","0","0","0","0","0","0","0","0","0","0","0","0"
"0x7b3fff76bb80","      FFMA R47, R27, R23, R47","7","0","7","333312","10665984","10665984","32","32","0","0","-","-","-","0","0","0","0","0","0","0","0","0","-","0","0","0","0","0","0","0","0","0","0","0","0","0","0","0","0","0","0","7","0","0","0","0","0","0","0","0","0","0","0","0","0","0","0","0","0","0","0","0","0"
"0x7b3fff76bb90","      FFMA R48, R16, R20, R48","108","27","108","333312","10665984","10665984","32","32","0","0","-","-","-","0","0","0","0","0","0","0","0","0","-","0","0","0","0","0","0","0","0","9","0","0","0","0","0","0","0","0","26","4","69","0","0","0","0","0","0","0","0","0","0","0","0","0","0","0","0","27","0","0","0"
"0x7b3fff76bba0","      LDS.128 R24, [R11+0xee0]","55","18","55","333312","10665984","10665984","32","32","0","0","Shared","Load","128","0","4","0","1333248","1333248","0","0","0","0","-","0","0","0","0","0","0","0","0","9","0","0","0","0","0","24","0","0","20","2","0","0","0","0","0","0","0","0","0","0","0","0","18","0","0","0","0","0","0","0","0"
"0x7b3fff76bbb0","      FFMA R49, R16, R21, R49","6","0","6","333312","10665984","10665984","32","32","0","0","-","-","-","0","0","0","0","0","0","0","0","0","-","0","0","0","0","0","0","0","0","2","0","0","0","0","0","0","0","0","0","4","0","0","0","0","0","0","0","0","0","0","0","0","0","0","0","0","0","0","0","0","0"
"0x7b3fff76bbc0","      FFMA R50, R16, R22, R50","9","0","9","333312","10665984","10665984","32","32","0","0","-","-","-","0","0","0","0","0","0","0","0","0","-","0","0","0","0","0","0","0","0","2","0","0","0","0","0","0","0","0","0","7","0","0","0","0","0","0","0","0","0","0","0","0","0","0","0","0","0","0","0","0","0"
"0x7b3fff76bbd0","      FFMA R60, R16, R23, R60","3","0","3","333312","10665984","10665984","32","32","0","0","-","-","-","0","0","0","0","0","0","0","0","0","-","0","0","0","0","0","0","0","0","1","0","0","0","0","0","0","0","0","0","2","0","0","0","0","0","0","0","0","0","0","0","0","0","0","0","0","0","0","0","0","0"
"0x7b3fff76bbe0","      FFMA R61, R17, R20, R61","10","0","10","333312","10665984","10665984","32","32","0","0","-","-","-","0","0","0","0","0","0","0","0","0","-","0","0","0","0","0","0","0","0","1","0","0","0","0","0","0","0","0","0","9","0","0","0","0","0","0","0","0","0","0","0","0","0","0","0","0","0","0","0","0","0"
"0x7b3fff76bbf0","      FFMA R71, R17, R21, R71","7","0","7","333312","10665984","10665984","32","32","0","0","-","-","-","0","0","0","0","0","0","0","0","0","-","0","0","0","0","0","0","0","0","0","0","0","0","0","0","0","0","0","0","7","0","0","0","0","0","0","0","0","0","0","0","0","0","0","0","0","0","0","0","0","0"
"0x7b3fff76bc00","      FFMA R70, R17, R22, R70","6","0","6","333312","10665984","10665984","32","32","0","0","-","-","-","0","0","0","0","0","0","0","0","0","-","0","0","0","0","0","0","0","0","2","0","0","0","0","0","0","0","0","1","3","0","0","0","0","0","0","0","0","0","0","0","0","0","0","0","0","0","0","0","0","0"
"0x7b3fff76bc10","      FFMA R42, R17, R23, R42","5","0","5","333312","10665984","10665984","32","32","0","0","-","-","-","0","0","0","0","0","0","0","0","0","-","0","0","0","0","0","0","0","0","0","0","0","0","0","0","0","0","0","0","5","0","0","0","0","0","0","0","0","0","0","0","0","0","0","0","0","0","0","0","0","0"
"0x7b3fff76bc20","      FFMA R41, R18, R20, R41","2","0","2","333312","10665984","10665984","32","32","0","0","-","-","-","0","0","0","0","0","0","0","0","0","-","0","0","0","0","0","0","0","0","0","0","0","0","0","0","0","0","0","0","2","0","0","0","0","0","0","0","0","0","0","0","0","0","0","0","0","0","0","0","0","0"
"0x7b3fff76bc30","      FFMA R43, R18, R21, R43","6","0","6","333312","10665984","10665984","32","32","0","0","-","-","-","0","0","0","0","0","0","0","0","0","-","0","0","0","0","0","0","0","0","1","0","0","0","0","0","0","0","0","0","5","0","0","0","0","0","0","0","0","0","0","0","0","0","0","0","0","0","0","0","0","0"
"0x7b3fff76bc40","      FFMA R62, R18, R22, R62","5","0","5","333312","10665984","10665984","32","32","0","0","-","-","-","0","0","0","0","0","0","0","0","0","-","0","0","0","0","0","0","0","0","2","0","0","0","0","0","0","0","0","0","3","0","0","0","0","0","0","0","0","0","0","0","0","0","0","0","0","0","0","0","0","0"
"0x7b3fff76bc50","      FFMA R66, R18, R23, R66","3","0","3","333312","10665984","10665984","32","32","0","0","-","-","-","0","0","0","0","0","0","0","0","0","-","0","0","0","0","0","0","0","0","0","0","0","0","0","0","0","0","0","0","3","0","0","0","0","0","0","0","0","0","0","0","0","0","0","0","0","0","0","0","0","0"
"0x7b3fff76bc60","      FFMA R67, R19, R20, R67","3","0","3","333312","10665984","10665984","32","32","0","0","-","-","-","0","0","0","0","0","0","0","0","0","-","0","0","0","0","0","0","0","0","0","0","0","0","0","0","0","0","0","0","3","0","0","0","0","0","0","0","0","0","0","0","0","0","0","0","0","0","0","0","0","0"
"0x7b3fff76bc70","      FFMA R69, R19, R21, R69","4","0","4","333312","10665984","10665984","32","32","0","0","-","-","-","0","0","0","0","0","0","0","0","0","-","0","0","0","0","0","0","0","0","0","0","0","0","0","0","0","0","0","0","4","0","0","0","0","0","0","0","0","0","0","0","0","0","0","0","0","0","0","0","0","0"
"0x7b3fff76bc80","      FFMA R68, R19, R22, R68","11","0","11","333312","10665984","10665984","32","32","0","0","-","-","-","0","0","0","0","0","0","0","0","0","-","0","0","0","0","0","0","0","0","0","0","0","0","0","0","0","0","0","2","9","0","0","0","0","0","0","0","0","0","0","0","0","0","0","0","0","0","0","0","0","0"
"0x7b3fff76bc90","      FFMA R76, R19, R23, R76","4","0","4","333312","10665984","10665984","32","32","0","0","-","-","-","0","0","0","0","0","0","0","0","0","-","0","0","0","0","0","0","0","0","0","0","0","0","0","0","0","0","0","0","4","0","0","0","0","0","0","0","0","0","0","0","0","0","0","0","0","0","0","0","0","0"
"0x7b3fff76bca0","      LDS.128 R16, [R11+0xf60]","109","18","109","333312","10665984","10665984","32","32","0","0","Shared","Load","128","0","4","0","1333248","1333248","0","0","0","0","-","0","0","0","0","0","0","0","0","20","0","0","0","0","0","26","0","0","54","4","0","0","0","5","0","0","0","0","0","0","0","0","17","0","0","0","0","0","0","0","1"
"0x7b3fff76bcb0","      LDS.128 R20, [R11+0xff0]","96","23","96","333312","10665984","10665984","32","32","0","0","Shared","Load","128","0","4","0","1333248","1333248","0","0","0","0","-","0","0","0","0","0","0","0","0","5","0","0","0","0","0","24","0","0","37","5","0","0","0","25","0","0","0","0","0","0","0","0","18","0","0","0","0","0","0","0","5"
"0x7b3fff76bcc0","      FFMA R75, R24, R28, R75","215","67","215","333312","10665984","10665984","32","32","0","0","-","-","-","0","0","0","0","0","0","0","0","0","-","0","0","0","0","0","0","0","0","3","0","0","0","0","0","0","0","0","27","6","179","0","0","0","0","0","1","0","0","0","0","0","0","0","0","0","0","66","0","0","0"
"0x7b3fff76bcd0","      FFMA R74, R24, R29, R74","8","0","8","333312","10665984","10665984","32","32","0","0","-","-","-","0","0","0","0","0","0","0","0","0","-","0","0","0","0","0","0","0","0","2","0","0","0","0","0","0","0","0","0","6","0","0","0","0","0","0","0","0","0","0","0","0","0","0","0","0","0","0","0","0","0"
"0x7b3fff76bce0","      FFMA R73, R24, R30, R73","7","0","7","333312","10665984","10665984","32","32","0","0","-","-","-","0","0","0","0","0","0","0","0","0","-","0","0","0","0","0","0","0","0","2","0","0","0","0","0","0","0","0","0","5","0","0","0","0","0","0","0","0","0","0","0","0","0","0","0","0","0","0","0","0","0"
"0x7b3fff76bcf0","      FFMA R72, R24, R31, R72","2","0","2","333312","10665984","10665984","32","32","0","0","-","-","-","0","0","0","0","0","0","0","0","0","-","0","0","0","0","0","0","0","0","0","0","0","0","0","0","0","0","0","0","2","0","0","0","0","0","0","0","0","0","0","0","0","0","0","0","0","0","0","0","0","0"
"0x7b3fff76bd00","      FFMA R51, R25, R28, R51","2","0","2","333312","10665984","10665984","32","32","0","0","-","-","-","0","0","0","0","0","0","0","0","0","-","0","0","0","0","0","0","0","0","1","0","0","0","0","0","0","0","0","0","1","0","0","0","0","0","0","0","0","0","0","0","0","0","0","0","0","0","0","0","0","0"
"0x7b3fff76bd10","      FFMA R52, R25, R29, R52","6","0","6","333312","10665984","10665984","32","32","0","0","-","-","-","0","0","0","0","0","0","0","0","0","-","0","0","0","0","0","0","0","0","0","0","0","0","0","0","0","0","0","0","6","0","0","0","0","0","0","0","0","0","0","0","0","0","0","0","0","0","0","0","0","0"
"0x7b3fff76bd20","      FFMA R53, R25, R30, R53","5","0","5","333312","10665984","10665984","32","32","0","0","-","-","-","0","0","0","0","0","0","0","0","0","-","0","0","0","0","0","0","0","0","0","0","0","0","0","0","0","0","0","0","5","0","0","0","0","0","0","0","0","0","0","0","0","0","0","0","0","0","0","0","0","0"
"0x7b3fff76bd30","      FFMA R56, R25, R31, R56","1","0","1","333312","10665984","10665984","32","32","0","0","-","-","-","0","0","0","0","0","0","0","0","0","-","0","0","0","0","0","0","0","0","0","0","0","0","0","0","0","0","0","0","1","0","0","0","0","0","0","0","0","0","0","0","0","0","0","0","0","0","0","0","0","0"
"0x7b3fff76bd40","      FFMA R57, R26, R28, R57","2","0","2","333312","10665984","10665984","32","32","0","0","-","-","-","0","0","0","0","0","0","0","0","0","-","0","0","0","0","0","0","0","0","0","0","0","0","0","0","0","0","0","0","2","0","0","0","0","0","0","0","0","0","0","0","0","0","0","0","0","0","0","0","0","0"
"0x7b3fff76bd50","      FFMA R58, R26, R29, R58","6","0","6","333312","10665984","10665984","32","32","0","0","-","-","-","0","0","0","0","0","0","0","0","0","-","0","0","0","0","0","0","0","0","3","0","0","0","0","0","0","0","0","0","3","0","0","0","0","0","0","0","0","0","0","0","0","0","0","0","0","0","0","0","0","0"
"0x7b3fff76bd60","      FFMA R59, R26, R30, R59","4","0","4","333312","10665984","10665984","32","32","0","0","-","-","-","0","0","0","0","0","0","0","0","0","-","0","0","0","0","0","0","0","0","0","0","0","0","0","0","0","0","0","0","4","0","0","0","0","0","0","0","0","0","0","0","0","0","0","0","0","0","0","0","0","0"
"0x7b3fff76bd70","      FFMA R63, R26, R31, R63","1","0","1","333312","10665984","10665984","32","32","0","0","-","-","-","0","0","0","0","0","0","0","0","0","-","0","0","0","0","0","0","0","0","0","0","0","0","0","0","0","0","0","0","1","0","0","0","0","0","0","0","0","0","0","0","0","0","0","0","0","0","0","0","0","0"
"0x7b3fff76bd80","      FFMA R45, R27, R28, R45","4","0","4","333312","10665984","10665984","32","32","0","0","-","-","-","0","0","0","0","0","0","0","0","0","-","0","0","0","0","0","0","0","0","1","0","0","0","0","0","0","0","1","0","2","0","0","0","0","0","0","0","0","0","0","0","0","0","0","0","0","0","0","0","0","0"
"0x7b3fff76bd90","      FFMA R46, R27, R29, R46","6","0","6","333312","10665984","10665984","32","32","0","0","-","-","-","0","0","0","0","0","0","0","0","0","-","0","0","0","0","0","0","0","0","2","0","0","0","0","0","0","0","0","0","4","0","0","0","0","0","0","0","0","0","0","0","0","0","0","0","0","0","0","0","0","0"
"0x7b3fff76bda0","      FFMA R44, R27, R30, R44","4","0","4","333312","10665984","10665984","32","32","0","0","-","-","-","0","0","0","0","0","0","0","0","0","-","0","0","0","0","0","0","0","0","0","0","0","0","0","0","0","0","0","0","4","0","0","0","0","0","0","0","0","0","0","0","0","0","0","0","0","0","0","0","0","0"
"0x7b3fff76bdb0","      FFMA R47, R27, R31, R47","6","0","6","333312","10665984","10665984","32","32","0","0","-","-","-","0","0","0","0","0","0","0","0","0","-","0","0","0","0","0","0","0","0","2","0","0","0","0","0","0","0","0","0","4","0","0","0","0","0","0","0","0","0","0","0","0","0","0","0","0","0","0","0","0","0"
"0x7b3fff76bdc0","      LDS.128 R24, [R37+0xff0]","97","20","97","333312","10665984","10665984","32","32","0","0","Shared","Load","128","0","2","0","666624","666624","0","0","0","0","-","0","0","0","0","0","0","0","0","12","0","0","0","0","0","25","0","0","50","3","0","0","0","7","0","0","0","0","0","0","0","0","19","0","0","0","0","0","0","0","1"
"0x7b3fff76bdd0","      FFMA R48, R16, R28, R48","32","3","32","333312","10665984","10665984","32","32","0","0","-","-","-","0","0","0","0","0","0","0","0","0","-","0","0","0","0","0","0","0","0","3","0","0","0","0","0","0","0","0","7","5","17","0","0","0","0","0","0","0","0","0","0","0","0","0","0","0","0","3","0","0","0"
"0x7b3fff76bde0","      FFMA R49, R16, R29, R49","8","0","8","333312","10665984","10665984","32","32","0","0","-","-","-","0","0","0","0","0","0","0","0","0","-","0","0","0","0","0","0","0","0","0","0","0","0","0","0","0","0","0","0","8","0","0","0","0","0","0","0","0","0","0","0","0","0","0","0","0","0","0","0","0","0"
"0x7b3fff76bdf0","      FFMA R50, R16, R30, R50","6","0","6","333312","10665984","10665984","32","32","0","0","-","-","-","0","0","0","0","0","0","0","0","0","-","0","0","0","0","0","0","0","0","1","0","0","0","0","0","0","0","0","0","5","0","0","0","0","0","0","0","0","0","0","0","0","0","0","0","0","0","0","0","0","0"
"0x7b3fff76be00","      FFMA R60, R16, R31, R60","6","0","6","333312","10665984","10665984","32","32","0","0","-","-","-","0","0","0","0","0","0","0","0","0","-","0","0","0","0","0","0","0","0","1","0","0","0","0","0","0","0","0","0","5","0","0","0","0","0","0","0","0","0","0","0","0","0","0","0","0","0","0","0","0","0"
"0x7b3fff76be10","      FFMA R61, R17, R28, R61","3","0","3","333312","10665984","10665984","32","32","0","0","-","-","-","0","0","0","0","0","0","0","0","0","-","0","0","0","0","0","0","0","0","0","0","0","0","0","0","0","0","0","0","3","0","0","0","0","0","0","0","0","0","0","0","0","0","0","0","0","0","0","0","0","0"
"0x7b3fff76be20","      FFMA R71, R17, R29, R71","3","0","3","333312","10665984","10665984","32","32","0","0","-","-","-","0","0","0","0","0","0","0","0","0","-","0","0","0","0","0","0","0","0","0","0","0","0","0","0","0","0","0","0","3","0","0","0","0","0","0","0","0","0","0","0","0","0","0","0","0","0","0","0","0","0"
"0x7b3fff76be30","      FFMA R70, R17, R30, R70","4","0","4","333312","10665984","10665984","32","32","0","0","-","-","-","0","0","0","0","0","0","0","0","0","-","0","0","0","0","0","0","0","0","0","0","0","0","0","0","0","0","0","0","4","0","0","0","0","0","0","0","0","0","0","0","0","0","0","0","0","0","0","0","0","0"
"0x7b3fff76be40","      FFMA R37, R19, R29, R69","150","37","150","333312","10665984","10665984","32","32","0","0","-","-","-","0","0","0","0","0","0","0","0","0","-","0","0","0","0","0","0","0","0","5","0","0","0","0","0","0","0","0","41","6","98","0","0","0","0","0","0","0","0","0","0","0","0","0","0","0","0","37","0","0","0"
"0x7b3fff76be50","      FFMA R42, R17, R31, R42","4","0","4","333312","10665984","10665984","32","32","0","0","-","-","-","0","0","0","0","0","0","0","0","0","-","0","0","0","0","0","0","0","0","1","0","0","0","0","0","0","0","0","0","3","0","0","0","0","0","0","0","0","0","0","0","0","0","0","0","0","0","0","0","0","0"
"0x7b3fff76be60","      FFMA R41, R18, R28, R41","5","0","5","333312","10665984","10665984","32","32","0","0","-","-","-","0","0","0","0","0","0","0","0","0","-","0","0","0","0","0","0","0","0","0","0","0","0","0","0","0","0","0","0","5","0","0","0","0","0","0","0","0","0","0","0","0","0","0","0","0","0","0","0","0","0"
"0x7b3fff76be70","      FFMA R43, R18, R29, R43","7","0","7","333312","10665984","10665984","32","32","0","0","-","-","-","0","0","0","0","0","0","0","0","0","-","0","0","0","0","0","0","0","0","1","0","0","0","0","0","0","0","0","0","6","0","0","0","0","0","0","0","0","0","0","0","0","0","0","0","0","0","0","0","0","0"
"0x7b3fff76be80","      FFMA R62, R18, R30, R62","5","0","5","333312","10665984","10665984","32","32","0","0","-","-","-","0","0","0","0","0","0","0","0","0","-","0","0","0","0","0","0","0","0","0","0","0","0","0","0","0","0","0","0","5","0","0","0","0","0","0","0","0","0","0","0","0","0","0","0","0","0","0","0","0","0"
"0x7b3fff76be90","      FFMA R66, R18, R31, R66","7","0","7","333312","10665984","10665984","32","32","0","0","-","-","-","0","0","0","0","0","0","0","0","0","-","0","0","0","0","0","0","0","0","3","0","0","0","0","0","0","0","0","0","4","0","0","0","0","0","0","0","0","0","0","0","0","0","0","0","0","0","0","0","0","0"
"0x7b3fff76bea0","      FFMA R67, R19, R28, R67","8","0","8","333312","10665984","10665984","32","32","0","0","-","-","-","0","0","0","0","0","0","0","0","0","-","0","0","0","0","0","0","0","0","4","0","0","0","0","0","0","0","0","0","4","0","0","0","0","0","0","0","0","0","0","0","0","0","0","0","0","0","0","0","0","0"
"0x7b3fff76beb0","      FFMA R68, R19, R30, R68","4","0","4","333312","10665984","10665984","32","32","0","0","-","-","-","0","0","0","0","0","0","0","0","0","-","0","0","0","0","0","0","0","0","0","0","0","0","0","0","0","0","0","0","4","0","0","0","0","0","0","0","0","0","0","0","0","0","0","0","0","0","0","0","0","0"
"0x7b3fff76bec0","      FFMA R69, R19, R31, R76","9","0","9","333312","10665984","10665984","32","32","0","0","-","-","-","0","0","0","0","0","0","0","0","0","-","0","0","0","0","0","0","0","0","2","0","0","0","0","0","0","0","0","0","7","0","0","0","0","0","0","0","0","0","0","0","0","0","0","0","0","0","0","0","0","0"
"0x7b3fff76bed0","      LDS.128 R16, [R11+0x1070]","103","20","103","333312","10665984","10665984","32","32","0","0","Shared","Load","128","0","4","0","1333248","1333248","0","0","0","0","-","0","0","0","0","0","0","0","0","15","0","0","0","0","0","27","0","0","46","7","0","0","0","8","0","0","0","0","0","0","0","0","20","0","0","0","0","0","0","0","0"
"0x7b3fff76bee0","      BAR.SYNC.DEFER_BLOCKING 0x0","5","0","5","333312","10665984","10665984","32","32","0","0","-","-","-","0","0","0","0","0","0","0","0","0","-","0","0","0","0","0","0","0","0","2","0","0","0","0","0","0","0","0","0","3","0","0","0","0","0","0","0","0","0","0","0","0","0","0","0","0","0","0","0","0","0"
"0x7b3fff76bef0","      UISETP.GT.U32.AND UP0, UPT, UR10, 0x10, UPT","8","0","8","333312","10665984","10665984","32","32","0","0","-","-","-","0","0","0","0","0","0","0","0","0","-","0","0","0","0","0","0","0","0","4","0","0","0","0","0","0","0","0","0","4","0","0","0","0","0","0","0","0","0","0","0","0","0","0","0","0","0","0","0","0","0"
"0x7b3fff76bf00","      UIADD3 UR4, UPT, UPT, UR10, -0x10, URZ","5","0","5","333312","10665984","10665984","32","32","0","0","-","-","-","0","0","0","0","0","0","0","0","0","-","0","0","0","0","0","0","0","0","0","0","0","0","0","0","0","0","0","0","5","0","0","0","0","0","0","0","0","0","0","0","0","0","0","0","0","0","0","0","0","0"
"0x7b3fff76bf10","      IADD.64 R64, R64, 0x10","2","0","2","333312","10665984","10665984","32","32","0","0","-","-","-","0","0","0","0","0","0","0","0","0","-","0","0","0","0","0","0","0","0","0","0","0","0","0","0","0","0","0","0","2","0","0","0","0","0","0","0","0","0","0","0","0","0","0","0","0","0","0","0","0","0"
"0x7b3fff76bf20","      STS [R10], R12","1060","174","1060","333312","10665984","10665984","32","32","0","0","Shared","Store","32","0","2","333312","666624","333312","0","0","0","0","-","0","0","0","0","0","0","956","0","14","0","0","0","0","0","19","0","0","58","6","0","0","0","7","155","0","0","0","0","0","0","0","13","0","0","0","0","0","0","0","6"
"0x7b3fff76bf30","      STS [R10+0x20], R35","94","27","94","333312","10665984","10665984","32","32","0","0","Shared","Store","32","0","2","333312","666624","333312","0","0","0","0","-","0","0","0","0","0","0","0","0","7","0","0","0","0","0","29","0","0","30","1","0","0","0","27","0","0","1","0","0","0","0","0","17","0","0","0","0","0","0","0","9"
"0x7b3fff76bf40","      STS [R10+0x40], R34","87","19","87","333312","10665984","10665984","32","32","0","0","Shared","Store","32","0","2","333312","666624","333312","0","0","0","0","-","0","0","0","0","0","0","0","0","7","0","0","1","0","0","23","0","0","32","7","0","0","0","17","0","0","0","0","0","0","0","0","10","0","0","0","0","0","0","0","9"
"0x7b3fff76bf50","      STS [R10+0x60], R33","98","40","98","333312","10665984","10665984","32","32","0","0","Shared","Store","32","0","2","333312","666624","333312","0","0","0","0","-","0","0","0","0","0","0","0","0","10","0","0","0","0","0","37","0","0","36","2","0","0","0","13","0","0","0","0","0","0","0","0","33","0","0","0","0","0","0","0","7"
"0x7b3fff76bf60","      STS [R10+0x80], R32","102","32","102","333312","10665984","10665984","32","32","0","0","Shared","Store","32","0","2","333312","666624","333312","0","0","0","0","-","0","0","0","0","0","0","0","0","5","0","0","4","0","0","38","0","0","39","3","0","0","0","13","0","0","0","0","0","3","0","0","23","0","0","0","0","0","0","0","6"
"0x7b3fff76bf70","      STS [R10+0xa0], R38","101","30","101","333312","10665984","10665984","32","32","0","0","Shared","Store","32","0","2","333312","666624","333312","0","0","0","0","-","0","0","0","0","0","0","0","0","12","0","0","0","0","0","29","0","0","35","6","0","0","0","19","0","0","0","0","0","0","0","0","20","0","0","0","0","0","0","0","10"
"0x7b3fff76bf80","      STS [R10+0xc0], R39","101","39","101","333312","10665984","10665984","32","32","0","0","Shared","Store","32","0","2","333312","666624","333312","0","0","0","0","-","0","0","0","0","0","0","0","0","12","0","0","0","0","0","44","0","0","27","7","0","0","0","11","0","0","0","0","0","0","0","0","33","0","0","0","0","0","0","0","6"
"0x7b3fff76bf90","      STS [R10+0xe0], R40","334","182","334","333312","10665984","10665984","32","32","0","0","Shared","Store","32","0","2","333312","666624","333312","0","0","0","0","-","0","0","0","0","0","0","0","0","4","0","0","251","0","0","24","0","0","36","5","0","0","0","14","0","0","0","0","0","158","0","0","16","0","0","0","0","0","0","0","8"
"0x7b3fff76bfa0","      STS [R13+0x20], R8","93","39","93","333312","10665984","10665984","32","32","0","0","Shared","Store","32","0","2","333312","666624","333312","0","0","0","0","-","0","0","0","0","0","0","0","0","7","0","0","0","0","0","31","0","0","37","0","0","0","0","18","0","0","0","0","0","0","0","0","26","0","0","0","0","0","0","0","13"
"0x7b3fff76bfb0","      STS [R13+0x40], R7","95","34","95","333312","10665984","10665984","32","32","0","0","Shared","Store","32","0","2","333312","666624","333312","0","0","0","0","-","0","0","0","0","0","0","0","0","8","0","0","0","0","0","33","0","0","33","6","0","0","0","15","0","0","0","0","0","0","0","0","28","0","0","0","0","0","0","0","6"
"0x7b3fff76bfc0","      STS [R13+0x60], R6","88","32","88","333312","10665984","10665984","32","32","0","0","Shared","Store","32","0","2","333312","666624","333312","0","0","0","0","-","0","0","0","0","0","0","0","0","10","0","0","0","0","0","33","0","0","21","6","0","0","0","18","0","0","0","0","0","0","0","0","23","0","0","0","0","0","0","0","9"
"0x7b3fff76bfd0","      STS [R13+0x80], R5","89","29","89","333312","10665984","10665984","32","32","0","0","Shared","Store","32","0","2","333312","666624","333312","0","0","0","0","-","0","0","0","0","0","0","0","0","8","0","0","0","0","0","37","0","0","34","2","0","0","0","8","0","0","0","0","0","0","0","0","23","0","0","0","0","0","0","0","6"
"0x7b3fff76bfe0","      FFMA R40, R18, R26, R62","15","7","15","333312","10665984","10665984","32","32","0","0","-","-","-","0","0","0","0","0","0","0","0","0","-","0","0","0","0","0","0","0","0","2","0","0","0","0","0","0","0","0","1","4","8","0","0","0","0","0","0","0","0","0","0","0","0","0","0","0","0","7","0","0","0"
"0x7b3fff76bff0","      FFMA R62, R18, R27, R66","5","0","5","333312","10665984","10665984","32","32","0","0","-","-","-","0","0","0","0","0","0","0","0","0","-","0","0","0","0","0","0","0","0","0","0","0","0","0","0","0","0","0","0","5","0","0","0","0","0","0","0","0","0","0","0","0","0","0","0","0","0","0","0","0","0"
"0x7b3fff76c000","      IADD.64 R54, R54, 0x10","41","1","41","333312","10665984","10665984","32","32","0","0","-","-","-","0","0","0","0","0","0","0","0","0","-","0","0","0","0","0","0","0","0","1","0","0","0","20","0","0","0","0","16","4","0","0","0","0","0","0","0","0","0","0","1","0","0","0","0","0","0","0","0","0","0"
"0x7b3fff76c010","      STS [R13+0xa0], R4","94","32","94","333312","10665984","10665984","32","32","0","0","Shared","Store","32","0","2","333312","666624","333312","0","0","0","0","-","0","0","0","0","0","0","0","0","12","0","0","0","0","0","37","0","0","37","4","0","0","0","4","0","0","2","0","0","0","0","0","28","0","0","0","0","0","0","0","2"
"0x7b3fff76c020","      STS [R13+0xc0], R3","86","31","86","333312","10665984","10665984","32","32","0","0","Shared","Store","32","0","2","333312","666624","333312","0","0","0","0","-","0","0","0","0","0","0","0","0","10","0","0","0","0","0","31","0","0","22","8","0","0","0","15","0","0","0","0","0","0","0","0","22","0","0","0","0","0","0","0","9"
"0x7b3fff76c030","      STS [R13+0xe0], R14","98","41","98","333312","10665984","10665984","32","32","0","0","Shared","Store","32","0","2","333312","666624","333312","0","0","0","0","-","0","0","0","0","0","0","0","0","5","0","0","0","0","0","40","0","0","27","5","0","0","0","21","0","0","0","0","0","0","0","0","26","0","0","0","0","0","0","0","15"
"0x7b3fff76c040","      STS [R13], R9","77","28","77","333312","10665984","10665984","32","32","0","0","Shared","Store","32","0","2","333312","666624","333312","0","0","0","0","-","0","0","0","0","0","0","0","0","7","0","0","0","0","0","27","0","0","27","3","0","0","0","13","0","0","0","0","0","0","0","0","20","0","0","0","0","0","0","0","8"
"0x7b3fff76c050","      FFMA R66, R19, R24, R67","4","0","4","333312","10665984","10665984","32","32","0","0","-","-","-","0","0","0","0","0","0","0","0","0","-","0","0","0","0","0","0","0","0","0","0","0","0","0","0","0","0","0","0","4","0","0","0","0","0","0","0","0","0","0","0","0","0","0","0","0","0","0","0","0","0"
"0x7b3fff76c060","      FFMA R28, R20, R24, R75","5","0","5","333312","10665984","10665984","32","32","0","0","-","-","-","0","0","0","0","0","0","0","0","0","-","0","0","0","0","0","0","0","0","0","0","0","0","0","0","0","0","0","0","5","0","0","0","0","0","0","0","0","0","0","0","0","0","0","0","0","0","0","0","0","0"
"0x7b3fff76c070","      FFMA R29, R20, R25, R74","4","0","4","333312","10665984","10665984","32","32","0","0","-","-","-","0","0","0","0","0","0","0","0","0","-","0","0","0","0","0","0","0","0","0","0","0","0","0","0","0","0","0","0","4","0","0","0","0","0","0","0","0","0","0","0","0","0","0","0","0","0","0","0","0","0"
"0x7b3fff76c080","      FFMA R30, R20, R26, R73","7","0","7","333312","10665984","10665984","32","32","0","0","-","-","-","0","0","0","0","0","0","0","0","0","-","0","0","0","0","0","0","0","0","0","0","0","0","0","0","0","0","0","0","7","0","0","0","0","0","0","0","0","0","0","0","0","0","0","0","0","0","0","0","0","0"
"0x7b3fff76c090","      FFMA R31, R20, R27, R72","5","0","5","333312","10665984","10665984","32","32","0","0","-","-","-","0","0","0","0","0","0","0","0","0","-","0","0","0","0","0","0","0","0","0","0","0","0","0","0","0","0","0","0","5","0","0","0","0","0","0","0","0","0","0","0","0","0","0","0","0","0","0","0","0","0"
"0x7b3fff76c0a0","      FFMA R51, R21, R24, R51","5","0","5","333312","10665984","10665984","32","32","0","0","-","-","-","0","0","0","0","0","0","0","0","0","-","0","0","0","0","0","0","0","0","0","0","0","0","0","0","0","0","0","0","5","0","0","0","0","0","0","0","0","0","0","0","0","0","0","0","0","0","0","0","0","0"
"0x7b3fff76c0b0","      FFMA R52, R21, R25, R52","3","0","3","333312","10665984","10665984","32","32","0","0","-","-","-","0","0","0","0","0","0","0","0","0","-","0","0","0","0","0","0","0","0","0","0","0","0","0","0","0","0","0","0","3","0","0","0","0","0","0","0","0","0","0","0","0","0","0","0","0","0","0","0","0","0"
"0x7b3fff76c0c0","      FFMA R53, R21, R26, R53","6","0","6","333312","10665984","10665984","32","32","0","0","-","-","-","0","0","0","0","0","0","0","0","0","-","0","0","0","0","0","0","0","0","1","0","0","0","0","0","0","0","0","0","5","0","0","0","0","0","0","0","0","0","0","0","0","0","0","0","0","0","0","0","0","0"
"0x7b3fff76c0d0","      FFMA R56, R21, R27, R56","7","0","7","333312","10665984","10665984","32","32","0","0","-","-","-","0","0","0","0","0","0","0","0","0","-","0","0","0","0","0","0","0","0","2","0","0","0","0","0","0","0","0","0","5","0","0","0","0","0","0","0","0","0","0","0","0","0","0","0","0","0","0","0","0","0"
"0x7b3fff76c0e0","      FFMA R57, R22, R24, R57","2","0","2","333312","10665984","10665984","32","32","0","0","-","-","-","0","0","0","0","0","0","0","0","0","-","0","0","0","0","0","0","0","0","0","0","0","0","0","0","0","0","0","0","2","0","0","0","0","0","0","0","0","0","0","0","0","0","0","0","0","0","0","0","0","0"
"0x7b3fff76c0f0","      FFMA R58, R22, R25, R58","7","0","7","333312","10665984","10665984","32","32","0","0","-","-","-","0","0","0","0","0","0","0","0","0","-","0","0","0","0","0","0","0","0","5","0","0","0","0","0","0","0","0","0","2","0","0","0","0","0","0","0","0","0","0","0","0","0","0","0","0","0","0","0","0","0"
"0x7b3fff76c100","      FFMA R59, R22, R26, R59","9","0","9","333312","10665984","10665984","32","32","0","0","-","-","-","0","0","0","0","0","0","0","0","0","-","0","0","0","0","0","0","0","0","1","0","0","0","0","0","0","0","0","0","8","0","0","0","0","0","0","0","0","0","0","0","0","0","0","0","0","0","0","0","0","0"
"0x7b3fff76c110","      FFMA R63, R22, R27, R63","4","0","4","333312","10665984","10665984","32","32","0","0","-","-","-","0","0","0","0","0","0","0","0","0","-","0","0","0","0","0","0","0","0","1","0","0","0","0","0","0","0","0","0","3","0","0","0","0","0","0","0","0","0","0","0","0","0","0","0","0","0","0","0","0","0"
"0x7b3fff76c120","      FFMA R45, R23, R24, R45","3","0","3","333312","10665984","10665984","32","32","0","0","-","-","-","0","0","0","0","0","0","0","0","0","-","0","0","0","0","0","0","0","0","0","0","0","0","0","0","0","0","0","0","3","0","0","0","0","0","0","0","0","0","0","0","0","0","0","0","0","0","0","0","0","0"
"0x7b3fff76c130","      FFMA R46, R23, R25, R46","3","0","3","333312","10665984","10665984","32","32","0","0","-","-","-","0","0","0","0","0","0","0","0","0","-","0","0","0","0","0","0","0","0","0","0","0","0","0","0","0","0","0","0","3","0","0","0","0","0","0","0","0","0","0","0","0","0","0","0","0","0","0","0","0","0"
"0x7b3fff76c140","      FFMA R44, R23, R26, R44","3","0","3","333312","10665984","10665984","32","32","0","0","-","-","-","0","0","0","0","0","0","0","0","0","-","0","0","0","0","0","0","0","0","1","0","0","0","0","0","0","0","0","0","2","0","0","0","0","0","0","0","0","0","0","0","0","0","0","0","0","0","0","0","0","0"
"0x7b3fff76c150","      FFMA R47, R23, R27, R47","5","0","5","333312","10665984","10665984","32","32","0","0","-","-","-","0","0","0","0","0","0","0","0","0","-","0","0","0","0","0","0","0","0","1","0","0","0","0","0","0","0","0","0","4","0","0","0","0","0","0","0","0","0","0","0","0","0","0","0","0","0","0","0","0","0"
"0x7b3fff76c160","      FFMA R48, R16, R24, R48","5","0","5","333312","10665984","10665984","32","32","0","0","-","-","-","0","0","0","0","0","0","0","0","0","-","0","0","0","0","0","0","0","0","4","0","0","0","0","0","0","0","0","0","1","0","0","0","0","0","0","0","0","0","0","0","0","0","0","0","0","0","0","0","0","0"
"0x7b3fff76c170","      FFMA R49, R16, R25, R49","14","0","14","333312","10665984","10665984","32","32","0","0","-","-","-","0","0","0","0","0","0","0","0","0","-","0","0","0","0","0","0","0","0","7","0","0","0","0","0","0","0","0","0","7","0","0","0","0","0","0","0","0","0","0","0","0","0","0","0","0","0","0","0","0","0"
"0x7b3fff76c180","      FFMA R50, R16, R26, R50","14","0","14","333312","10665984","10665984","32","32","0","0","-","-","-","0","0","0","0","0","0","0","0","0","-","0","0","0","0","0","0","0","0","4","0","0","0","0","0","0","0","0","3","7","0","0","0","0","0","0","0","0","0","0","0","0","0","0","0","0","0","0","0","0","0"
"0x7b3fff76c190","      FFMA R60, R16, R27, R60","3","0","3","333312","10665984","10665984","32","32","0","0","-","-","-","0","0","0","0","0","0","0","0","0","-","0","0","0","0","0","0","0","0","0","0","0","0","0","0","0","0","0","0","3","0","0","0","0","0","0","0","0","0","0","0","0","0","0","0","0","0","0","0","0","0"
"0x7b3fff76c1a0","      FFMA R61, R17, R24, R61","6","0","6","333312","10665984","10665984","32","32","0","0","-","-","-","0","0","0","0","0","0","0","0","0","-","0","0","0","0","0","0","0","0","0","0","0","0","0","0","0","0","0","0","6","0","0","0","0","0","0","0","0","0","0","0","0","0","0","0","0","0","0","0","0","0"
"0x7b3fff76c1b0","      FFMA R39, R17, R25, R71","7","0","7","333312","10665984","10665984","32","32","0","0","-","-","-","0","0","0","0","0","0","0","0","0","-","0","0","0","0","0","0","0","0","2","0","0","0","0","0","0","0","0","0","5","0","0","0","0","0","0","0","0","0","0","0","0","0","0","0","0","0","0","0","0","0"
"0x7b3fff76c1c0","      FFMA R38, R17, R26, R70","4","0","4","333312","10665984","10665984","32","32","0","0","-","-","-","0","0","0","0","0","0","0","0","0","-","0","0","0","0","0","0","0","0","1","0","0","0","0","0","0","0","0","0","3","0","0","0","0","0","0","0","0","0","0","0","0","0","0","0","0","0","0","0","0","0"
"0x7b3fff76c1d0","      FFMA R42, R17, R27, R42","4","0","4","333312","10665984","10665984","32","32","0","0","-","-","-","0","0","0","0","0","0","0","0","0","-","0","0","0","0","0","0","0","0","0","0","0","0","0","0","0","0","0","0","4","0","0","0","0","0","0","0","0","0","0","0","0","0","0","0","0","0","0","0","0","0"
"0x7b3fff76c1e0","      FFMA R41, R18, R24, R41","3","0","3","333312","10665984","10665984","32","32","0","0","-","-","-","0","0","0","0","0","0","0","0","0","-","0","0","0","0","0","0","0","0","0","0","0","0","0","0","0","0","0","0","3","0","0","0","0","0","0","0","0","0","0","0","0","0","0","0","0","0","0","0","0","0"
"0x7b3fff76c1f0","      FFMA R43, R18, R25, R43","6","0","6","333312","10665984","10665984","32","32","0","0","-","-","-","0","0","0","0","0","0","0","0","0","-","0","0","0","0","0","0","0","0","2","0","0","0","0","0","0","0","0","0","4","0","0","0","0","0","0","0","0","0","0","0","0","0","0","0","0","0","0","0","0","0"
"0x7b3fff76c200","      FFMA R67, R19, R25, R37","11","0","11","333312","10665984","10665984","32","32","0","0","-","-","-","0","0","0","0","0","0","0","0","0","-","0","0","0","0","0","0","0","0","3","0","0","0","0","0","0","0","0","2","6","0","0","0","0","0","0","0","0","0","0","0","0","0","0","0","0","0","0","0","0","0"
"0x7b3fff76c210","      FFMA R68, R19, R26, R68","4","0","4","333312","10665984","10665984","32","32","0","0","-","-","-","0","0","0","0","0","0","0","0","0","-","0","0","0","0","0","0","0","0","0","0","0","0","0","0","0","0","0","0","4","0","0","0","0","0","0","0","0","0","0","0","0","0","0","0","0","0","0","0","0","0"
"0x7b3fff76c220","      FFMA R69, R19, R27, R69","1","0","1","333312","10665984","10665984","32","32","0","0","-","-","-","0","0","0","0","0","0","0","0","0","-","0","0","0","0","0","0","0","0","0","0","0","0","0","0","0","0","0","0","1","0","0","0","0","0","0","0","0","0","0","0","0","0","0","0","0","0","0","0","0","0"
"0x7b3fff76c230","      UMOV UR10, UR4","6","0","6","333312","10665984","10665984","32","32","0","0","-","-","-","0","0","0","0","0","0","0","0","0","-","0","0","0","0","0","0","0","0","1","0","0","0","0","0","0","0","0","0","5","0","0","0","0","0","0","0","0","0","0","0","0","0","0","0","0","0","0","0","0","0"
"0x7b3fff76c240","      BAR.SYNC.DEFER_BLOCKING 0x0","4","0","4","333312","10665984","10665984","32","32","0","0","-","-","-","0","0","0","0","0","0","0","0","0","-","0","0","0","0","0","0","0","0","0","0","0","0","0","0","0","0","0","0","4","0","0","0","0","0","0","0","0","0","0","0","0","0","0","0","0","0","0","0","0","0"
"0x7b3fff76c250","      BRA.U UP0, 0x7b3fff769670","520","100","520","333312","10665984","10665984","32","32","0","0","-","-","-","0","0","0","0","0","0","0","0","0","-","0","0","0","0","0","0","451","0","4","0","0","0","0","0","0","0","0","32","5","3","0","0","25","98","0","0","0","0","0","0","0","0","0","0","0","0","0","0","0","2"
"0x7b3fff76c260","      UMOV UR10, UR4","28","5","28","10752","344064","344064","32","32","0","0","-","-","-","0","0","0","0","0","0","0","0","0","-","0","0","0","0","0","0","0","1","0","0","0","0","0","0","0","0","0","3","9","0","0","0","15","0","1","0","0","0","0","0","0","0","0","0","0","0","0","0","0","4"
"0x7b3fff76c270","      UISETP.GE.AND UP0, UPT, UR10, -0xf, UPT","3","1","3","10752","344064","344064","32","32","0","0","-","-","-","0","0","0","0","0","0","0","0","0","-","0","0","0","0","0","0","0","0","0","0","0","0","0","0","0","0","0","0","0","0","0","0","3","0","0","0","0","0","0","0","0","0","0","0","0","0","0","0","0","1"
"0x7b3fff76c280","      BRA.U !UP0, 0x7b3fff76d400","7","1","7","10752","344064","344064","32","32","0","0","-","-","-","0","0","0","0","0","0","0","0","0","-","0","0","0","0","0","0","0","0","0","0","0","0","0","0","0","0","0","3","0","0","0","0","4","0","0","0","0","0","0","0","0","0","0","0","0","0","0","0","0","1"
"0x7b3fff76c290","      UIADD3 UR4, UPT, UPT, UR10, 0xf, URZ","3","1","3","10752","344064","344064","32","32","0","0","-","-","-","0","0","0","0","0","0","0","0","0","-","0","0","0","0","0","0","0","0","0","0","0","0","0","0","0","0","0","2","0","0","0","0","1","0","0","0","0","0","0","0","0","0","0","0","0","0","0","0","0","1"
"0x7b3fff76c2a0","      ULOP3.LUT UR5, UR10, 0x3, URZ, 0xc0, !UPT","0","0","0","10752","344064","344064","32","32","0","0","-","-","-","0","0","0","0","0","0","0","0","0","-","0","0","0","0","0","0","0","0","0","0","0","0","0","0","0","0","0","0","0","0","0","0","0","0","0","0","0","0","0","0","0","0","0","0","0","0","0","0","0","0"
"0x7b3fff76c2b0","      MOV R32, R2","1","0","1","10752","344064","344064","32","32","0","0","-","-","-","0","0","0","0","0","0","0","0","0","-","0","0","0","0","0","0","0","0","0","0","0","0","0","0","0","0","0","0","1","0","0","0","0","0","0","0","0","0","0","0","0","0","0","0","0","0","0","0","0","0"
"0x7b3fff76c2c0","      MOV R3, R0","1","0","1","10752","344064","344064","32","32","0","0","-","-","-","0","0","0","0","0","0","0","0","0","-","0","0","0","0","0","0","0","0","0","0","0","0","0","0","0","0","0","0","1","0","0","0","0","0","0","0","0","0","0","0","0","0","0","0","0","0","0","0","0","0"
"0x7b3fff76c2d0","      UISETP.GE.U32.AND UP0, UPT, UR4, 0x3, UPT","0","0","0","10752","344064","344064","32","32","0","0","-","-","-","0","0","0","0","0","0","0","0","0","-","0","0","0","0","0","0","0","0","0","0","0","0","0","0","0","0","0","0","0","0","0","0","0","0","0","0","0","0","0","0","0","0","0","0","0","0","0","0","0","0"
"0x7b3fff76c2e0","      UISETP.NE.AND UP1, UPT, UR5, URZ, UPT","0","0","0","10752","344064","344064","32","32","0","0","-","-","-","0","0","0","0","0","0","0","0","0","-","0","0","0","0","0","0","0","0","0","0","0","0","0","0","0","0","0","0","0","0","0","0","0","0","0","0","0","0","0","0","0","0","0","0","0","0","0","0","0","0"
"0x7b3fff76c2f0","      BRA.U !UP0, 0x7b3fff76ccb0","6","1","6","10752","344064","344064","32","32","0","0","-","-","-","0","0","0","0","0","0","0","0","0","-","0","0","0","0","0","0","0","0","1","0","0","0","0","0","0","0","0","1","0","0","0","0","4","0","0","0","0","0","0","0","0","0","0","0","0","0","0","0","0","1"
"0x7b3fff76c300","      LEA R34, R0, UR6, 0x4","2","0","2","10752","344064","344064","32","32","0","0","-","-","-","0","0","0","0","0","0","0","0","0","-","0","0","0","0","0","0","0","0","0","0","0","0","0","0","0","0","0","2","0","0","0","0","0","0","0","0","0","0","0","0","0","0","0","0","0","0","0","0","0","0"
"0x7b3fff76c310","      ULOP3.LUT UR4, UR10, 0xfffffffc, URZ, 0xc0, !UPT","0","0","0","10752","344064","344064","32","32","0","0","-","-","-","0","0","0","0","0","0","0","0","0","-","0","0","0","0","0","0","0","0","0","0","0","0","0","0","0","0","0","0","0","0","0","0","0","0","0","0","0","0","0","0","0","0","0","0","0","0","0","0","0","0"
"0x7b3fff76c320","      LEA R33, R2, UR8, 0x4","0","0","0","10752","344064","344064","32","32","0","0","-","-","-","0","0","0","0","0","0","0","0","0","-","0","0","0","0","0","0","0","0","0","0","0","0","0","0","0","0","0","0","0","0","0","0","0","0","0","0","0","0","0","0","0","0","0","0","0","0","0","0","0","0"
"0x7b3fff76c330","      MOV R32, R2","0","0","0","10752","344064","344064","32","32","0","0","-","-","-","0","0","0","0","0","0","0","0","0","-","0","0","0","0","0","0","0","0","0","0","0","0","0","0","0","0","0","0","0","0","0","0","0","0","0","0","0","0","0","0","0","0","0","0","0","0","0","0","0","0"
"0x7b3fff76c340","      MOV R3, R0","1","0","1","10752","344064","344064","32","32","0","0","-","-","-","0","0","0","0","0","0","0","0","0","-","0","0","0","0","0","0","0","0","0","0","0","0","0","0","0","0","0","0","1","0","0","0","0","0","0","0","0","0","0","0","0","0","0","0","0","0","0","0","0","0"
"0x7b3fff76c350","      IADD3 R34, PT, PT, R34, 0x220, RZ","3","0","3","10752","344064","344064","32","32","0","0","-","-","-","0","0","0","0","0","0","0","0","0","-","0","0","0","0","0","0","0","0","0","0","0","0","0","0","0","0","0","2","1","0","0","0","0","0","0","0","0","0","0","0","0","0","0","0","0","0","0","0","0","0"
"0x7b3fff76c360","      IADD3 R33, PT, PT, R33, 0x220, RZ","1","0","1","10752","344064","344064","32","32","0","0","-","-","-","0","0","0","0","0","0","0","0","0","-","0","0","0","0","0","0","0","0","1","0","0","0","0","0","0","0","0","0","0","0","0","0","0","0","0","0","0","0","0","0","0","0","0","0","0","0","0","0","0","0"
"0x7b3fff76c370","      UIADD3 UR4, UPT, UPT, -UR4, URZ, URZ","0","0","0","10752","344064","344064","32","32","0","0","-","-","-","0","0","0","0","0","0","0","0","0","-","0","0","0","0","0","0","0","0","0","0","0","0","0","0","0","0","0","0","0","0","0","0","0","0","0","0","0","0","0","0","0","0","0","0","0","0","0","0","0","0"
"0x7b3fff76c380","      LDS.128 R4, [R34+-0x220]","11","0","11","43008","1376256","1376256","32","32","0","0","Shared","Load","128","0","4","0","172032","172032","0","0","0","0","-","0","0","0","0","0","0","0","2","0","0","0","0","0","0","1","0","6","2","0","0","0","0","0","0","0","0","0","0","0","0","0","0","0","0","0","0","0","0","0","0"
"0x7b3fff76c390","      UIADD3 UR4, UPT, UPT, UR4, 0x4, URZ","1","0","1","43008","1376256","1376256","32","32","0","0","-","-","-","0","0","0","0","0","0","0","0","0","-","0","0","0","0","0","0","0","0","1","0","0","0","0","0","0","0","0","0","0","0","0","0","0","0","0","0","0","0","0","0","0","0","0","0","0","0","0","0","0","0"
"0x7b3fff76c3a0","      IADD3 R32, PT, PT, R32, 0x44, RZ","2","0","2","43008","1376256","1376256","32","32","0","0","-","-","-","0","0","0","0","0","0","0","0","0","-","0","0","0","0","0","0","0","0","1","0","0","0","0","0","0","0","0","0","1","0","0","0","0","0","0","0","0","0","0","0","0","0","0","0","0","0","0","0","0","0"
"0x7b3fff76c3b0","      IADD3 R3, PT, PT, R3, 0x44, RZ","3","0","3","43008","1376256","1376256","32","32","0","0","-","-","-","0","0","0","0","0","0","0","0","0","-","0","0","0","0","0","0","0","0","1","0","0","0","0","0","0","0","0","1","0","0","0","0","1","0","0","0","0","0","0","0","0","0","0","0","0","0","0","0","0","0"
"0x7b3fff76c3c0","      LDS.128 R8, [R33+-0x220]","1","0","1","43008","1376256","1376256","32","32","0","0","Shared","Load","128","0","2","0","86016","86016","0","0","0","0","-","0","0","0","0","0","0","0","0","0","0","0","0","0","0","0","0","0","0","1","0","0","0","0","0","0","0","0","0","0","0","0","0","0","0","0","0","0","0","0","0"
"0x7b3fff76c3d0","      UISETP.NE.AND UP0, UPT, UR4, 0x10, UPT","0","0","0","43008","1376256","1376256","32","32","0","0","-","-","-","0","0","0","0","0","0","0","0","0","-","0","0","0","0","0","0","0","0","0","0","0","0","0","0","0","0","0","0","0","0","0","0","0","0","0","0","0","0","0","0","0","0","0","0","0","0","0","0","0","0"
"0x7b3fff76c3e0","      LDS.128 R12, [R34+-0x1a0]","8","0","8","43008","1376256","1376256","32","32","0","0","Shared","Load","128","0","4","0","172032","172032","0","0","0","0","-","0","0","0","0","0","0","0","0","0","0","0","0","0","0","1","0","0","4","2","0","0","0","1","0","0","0","0","0","0","0","0","0","0","0","0","0","0","0","0","0"
"0x7b3fff76c3f0","      LDS.128 R16, [R34+-0x110]","8","4","8","43008","1376256","1376256","32","32","0","0","Shared","Load","128","0","4","0","172032","172032","0","0","0","0","-","0","0","0","0","0","0","0","0","0","0","0","0","0","0","2","0","0","3","1","0","0","0","2","0","0","0","0","0","0","0","0","2","0","0","0","0","0","0","0","2"
"0x7b3fff76c400","      LDS.128 R20, [R33+-0x110]","11","6","11","43008","1376256","1376256","32","32","0","0","Shared","Load","128","0","2","0","86016","86016","0","0","0","0","-","0","0","0","0","0","0","0","0","2","0","0","0","0","0","4","0","0","1","0","0","0","0","4","0","0","0","0","0","0","0","0","3","0","0","0","0","0","0","0","3"
"0x7b3fff76c410","      LDS.128 R24, [R34+-0x90]","9","3","9","43008","1376256","1376256","32","32","0","0","Shared","Load","128","0","4","0","172032","172032","0","0","0","0","-","0","0","0","0","0","0","0","0","0","0","0","0","0","0","4","0","0","2","1","0","0","0","2","0","0","0","0","0","0","0","0","2","0","0","0","0","0","0","0","1"
"0x7b3fff76c420","      FFMA R45, R7, R8, R45","23","13","23","43008","1376256","1376256","32","32","0","0","-","-","-","0","0","0","0","0","0","0","0","0","-","0","0","0","0","0","0","0","0","2","0","0","0","0","0","0","0","0","1","2","18","0","0","0","0","0","0","0","0","0","0","0","0","0","0","0","0","13","0","0","0"
"0x7b3fff76c430","      FFMA R46, R7, R9, R46","1","0","1","43008","1376256","1376256","32","32","0","0","-","-","-","0","0","0","0","0","0","0","0","0","-","0","0","0","0","0","0","0","0","0","0","0","0","0","0","0","0","0","0","1","0","0","0","0","0","0","0","0","0","0","0","0","0","0","0","0","0","0","0","0","0"
"0x7b3fff76c440","      FFMA R44, R7, R10, R44","0","0","0","43008","1376256","1376256","32","32","0","0","-","-","-","0","0","0","0","0","0","0","0","0","-","0","0","0","0","0","0","0","0","0","0","0","0","0","0","0","0","0","0","0","0","0","0","0","0","0","0","0","0","0","0","0","0","0","0","0","0","0","0","0","0"
"0x7b3fff76c450","      FFMA R35, R4, R8, R28","2","0","2","43008","1376256","1376256","32","32","0","0","-","-","-","0","0","0","0","0","0","0","0","0","-","0","0","0","0","0","0","0","0","0","0","0","0","0","0","0","0","0","0","2","0","0","0","0","0","0","0","0","0","0","0","0","0","0","0","0","0","0","0","0","0"
"0x7b3fff76c460","      FFMA R54, R4, R9, R29","1","0","1","43008","1376256","1376256","32","32","0","0","-","-","-","0","0","0","0","0","0","0","0","0","-","0","0","0","0","0","0","0","0","0","0","0","0","0","0","0","0","0","0","1","0","0","0","0","0","0","0","0","0","0","0","0","0","0","0","0","0","0","0","0","0"
"0x7b3fff76c470","      FFMA R55, R4, R10, R30","0","0","0","43008","1376256","1376256","32","32","0","0","-","-","-","0","0","0","0","0","0","0","0","0","-","0","0","0","0","0","0","0","0","0","0","0","0","0","0","0","0","0","0","0","0","0","0","0","0","0","0","0","0","0","0","0","0","0","0","0","0","0","0","0","0"
"0x7b3fff76c480","      FFMA R51, R5, R8, R51","0","0","0","43008","1376256","1376256","32","32","0","0","-","-","-","0","0","0","0","0","0","0","0","0","-","0","0","0","0","0","0","0","0","0","0","0","0","0","0","0","0","0","0","0","0","0","0","0","0","0","0","0","0","0","0","0","0","0","0","0","0","0","0","0","0"
"0x7b3fff76c490","      FFMA R52, R5, R9, R52","0","0","0","43008","1376256","1376256","32","32","0","0","-","-","-","0","0","0","0","0","0","0","0","0","-","0","0","0","0","0","0","0","0","0","0","0","0","0","0","0","0","0","0","0","0","0","0","0","0","0","0","0","0","0","0","0","0","0","0","0","0","0","0","0","0"
"0x7b3fff76c4a0","      FFMA R53, R5, R10, R53","0","0","0","43008","1376256","1376256","32","32","0","0","-","-","-","0","0","0","0","0","0","0","0","0","-","0","0","0","0","0","0","0","0","0","0","0","0","0","0","0","0","0","0","0","0","0","0","0","0","0","0","0","0","0","0","0","0","0","0","0","0","0","0","0","0"
"0x7b3fff76c4b0","      FFMA R57, R6, R8, R57","0","0","0","43008","1376256","1376256","32","32","0","0","-","-","-","0","0","0","0","0","0","0","0","0","-","0","0","0","0","0","0","0","0","0","0","0","0","0","0","0","0","0","0","0","0","0","0","0","0","0","0","0","0","0","0","0","0","0","0","0","0","0","0","0","0"
"0x7b3fff76c4c0","      FFMA R58, R6, R9, R58","1","0","1","43008","1376256","1376256","32","32","0","0","-","-","-","0","0","0","0","0","0","0","0","0","-","0","0","0","0","0","0","0","0","0","0","0","0","0","0","0","0","0","0","1","0","0","0","0","0","0","0","0","0","0","0","0","0","0","0","0","0","0","0","0","0"
"0x7b3fff76c4d0","      FFMA R59, R6, R10, R59","0","0","0","43008","1376256","1376256","32","32","0","0","-","-","-","0","0","0","0","0","0","0","0","0","-","0","0","0","0","0","0","0","0","0","0","0","0","0","0","0","0","0","0","0","0","0","0","0","0","0","0","0","0","0","0","0","0","0","0","0","0","0","0","0","0"
"0x7b3fff76c4e0","      FFMA R7, R7, R11, R47","2","0","2","43008","1376256","1376256","32","32","0","0","-","-","-","0","0","0","0","0","0","0","0","0","-","0","0","0","0","0","0","0","0","0","0","0","0","0","0","0","0","0","0","2","0","0","0","0","0","0","0","0","0","0","0","0","0","0","0","0","0","0","0","0","0"
"0x7b3fff76c4f0","      FFMA R4, R4, R11, R31","0","0","0","43008","1376256","1376256","32","32","0","0","-","-","-","0","0","0","0","0","0","0","0","0","-","0","0","0","0","0","0","0","0","0","0","0","0","0","0","0","0","0","0","0","0","0","0","0","0","0","0","0","0","0","0","0","0","0","0","0","0","0","0","0","0"
"0x7b3fff76c500","      FFMA R5, R5, R11, R56","2","0","2","43008","1376256","1376256","32","32","0","0","-","-","-","0","0","0","0","0","0","0","0","0","-","0","0","0","0","0","0","0","0","0","0","0","0","0","0","0","0","0","0","2","0","0","0","0","0","0","0","0","0","0","0","0","0","0","0","0","0","0","0","0","0"
"0x7b3fff76c510","      FFMA R6, R6, R11, R63","0","0","0","43008","1376256","1376256","32","32","0","0","-","-","-","0","0","0","0","0","0","0","0","0","-","0","0","0","0","0","0","0","0","0","0","0","0","0","0","0","0","0","0","0","0","0","0","0","0","0","0","0","0","0","0","0","0","0","0","0","0","0","0","0","0"
"0x7b3fff76c520","      FFMA R48, R12, R8, R48","8","1","8","43008","1376256","1376256","32","32","0","0","-","-","-","0","0","0","0","0","0","0","0","0","-","0","0","0","0","0","0","0","0","1","0","0","0","0","0","0","0","0","2","0","5","0","0","0","0","0","0","0","0","0","0","0","0","0","0","0","0","1","0","0","0"
"0x7b3fff76c530","      FFMA R49, R12, R9, R49","1","0","1","43008","1376256","1376256","32","32","0","0","-","-","-","0","0","0","0","0","0","0","0","0","-","0","0","0","0","0","0","0","0","1","0","0","0","0","0","0","0","0","0","0","0","0","0","0","0","0","0","0","0","0","0","0","0","0","0","0","0","0","0","0","0"
"0x7b3fff76c540","      FFMA R50, R12, R10, R50","1","0","1","43008","1376256","1376256","32","32","0","0","-","-","-","0","0","0","0","0","0","0","0","0","-","0","0","0","0","0","0","0","0","0","0","0","0","0","0","0","0","0","0","1","0","0","0","0","0","0","0","0","0","0","0","0","0","0","0","0","0","0","0","0","0"
"0x7b3fff76c550","      FFMA R60, R12, R11, R60","1","0","1","43008","1376256","1376256","32","32","0","0","-","-","-","0","0","0","0","0","0","0","0","0","-","0","0","0","0","0","0","0","0","0","0","0","0","0","0","0","0","0","0","1","0","0","0","0","0","0","0","0","0","0","0","0","0","0","0","0","0","0","0","0","0"
"0x7b3fff76c560","      FFMA R47, R13, R9, R39","2","0","2","43008","1376256","1376256","32","32","0","0","-","-","-","0","0","0","0","0","0","0","0","0","-","0","0","0","0","0","0","0","0","0","0","0","0","0","0","0","0","0","0","2","0","0","0","0","0","0","0","0","0","0","0","0","0","0","0","0","0","0","0","0","0"
"0x7b3fff76c570","      FFMA R61, R13, R8, R61","2","0","2","43008","1376256","1376256","32","32","0","0","-","-","-","0","0","0","0","0","0","0","0","0","-","0","0","0","0","0","0","0","0","0","0","0","0","0","0","0","0","0","0","2","0","0","0","0","0","0","0","0","0","0","0","0","0","0","0","0","0","0","0","0","0"
"0x7b3fff76c580","      FFMA R56, R13, R10, R38","1","0","1","43008","1376256","1376256","32","32","0","0","-","-","-","0","0","0","0","0","0","0","0","0","-","0","0","0","0","0","0","0","0","0","0","0","0","0","0","0","0","0","0","1","0","0","0","0","0","0","0","0","0","0","0","0","0","0","0","0","0","0","0","0","0"
"0x7b3fff76c590","      FFMA R42, R13, R11, R42","0","0","0","43008","1376256","1376256","32","32","0","0","-","-","-","0","0","0","0","0","0","0","0","0","-","0","0","0","0","0","0","0","0","0","0","0","0","0","0","0","0","0","0","0","0","0","0","0","0","0","0","0","0","0","0","0","0","0","0","0","0","0","0","0","0"
"0x7b3fff76c5a0","      FFMA R41, R14, R8, R41","1","0","1","43008","1376256","1376256","32","32","0","0","-","-","-","0","0","0","0","0","0","0","0","0","-","0","0","0","0","0","0","0","0","0","0","0","0","0","0","0","0","0","0","1","0","0","0","0","0","0","0","0","0","0","0","0","0","0","0","0","0","0","0","0","0"
"0x7b3fff76c5b0","      FFMA R43, R14, R9, R43","2","0","2","43008","1376256","1376256","32","32","0","0","-","-","-","0","0","0","0","0","0","0","0","0","-","0","0","0","0","0","0","0","0","0","0","0","0","0","0","0","0","0","0","2","0","0","0","0","0","0","0","0","0","0","0","0","0","0","0","0","0","0","0","0","0"
"0x7b3fff76c5c0","      FFMA R40, R14, R10, R40","1","0","1","43008","1376256","1376256","32","32","0","0","-","-","-","0","0","0","0","0","0","0","0","0","-","0","0","0","0","0","0","0","0","0","0","0","0","0","0","0","0","0","0","1","0","0","0","0","0","0","0","0","0","0","0","0","0","0","0","0","0","0","0","0","0"
"0x7b3fff76c5d0","      FFMA R62, R14, R11, R62","0","0","0","43008","1376256","1376256","32","32","0","0","-","-","-","0","0","0","0","0","0","0","0","0","-","0","0","0","0","0","0","0","0","0","0","0","0","0","0","0","0","0","0","0","0","0","0","0","0","0","0","0","0","0","0","0","0","0","0","0","0","0","0","0","0"
"0x7b3fff76c5e0","      LDS.128 R28, [R34]","1","0","1","43008","1376256","1376256","32","32","0","0","Shared","Load","128","0","4","0","172032","172032","0","0","0","0","-","0","0","0","0","0","0","0","0","0","0","0","0","0","0","0","0","0","0","1","0","0","0","0","0","0","0","0","0","0","0","0","0","0","0","0","0","0","0","0","0"
"0x7b3fff76c5f0","      FFMA R8, R15, R8, R66","0","0","0","43008","1376256","1376256","32","32","0","0","-","-","-","0","0","0","0","0","0","0","0","0","-","0","0","0","0","0","0","0","0","0","0","0","0","0","0","0","0","0","0","0","0","0","0","0","0","0","0","0","0","0","0","0","0","0","0","0","0","0","0","0","0"
"0x7b3fff76c600","      FFMA R9, R15, R9, R67","1","0","1","43008","1376256","1376256","32","32","0","0","-","-","-","0","0","0","0","0","0","0","0","0","-","0","0","0","0","0","0","0","0","0","0","0","0","0","0","0","0","0","0","1","0","0","0","0","0","0","0","0","0","0","0","0","0","0","0","0","0","0","0","0","0"
"0x7b3fff76c610","      FFMA R10, R15, R10, R68","2","0","2","43008","1376256","1376256","32","32","0","0","-","-","-","0","0","0","0","0","0","0","0","0","-","0","0","0","0","0","0","0","0","0","0","0","0","0","0","0","0","0","0","2","0","0","0","0","0","0","0","0","0","0","0","0","0","0","0","0","0","0","0","0","0"
"0x7b3fff76c620","      LDS.128 R36, [R33]","0","0","0","43008","1376256","1376256","32","32","0","0","Shared","Load","128","0","2","0","86016","86016","0","0","0","0","-","0","0","0","0","0","0","0","0","0","0","0","0","0","0","0","0","0","0","0","0","0","0","0","0","0","0","0","0","0","0","0","0","0","0","0","0","0","0","0","0"
"0x7b3fff76c630","      FFMA R11, R15, R11, R69","1","0","1","43008","1376256","1376256","32","32","0","0","-","-","-","0","0","0","0","0","0","0","0","0","-","0","0","0","0","0","0","0","0","0","0","0","0","0","0","0","0","0","0","1","0","0","0","0","0","0","0","0","0","0","0","0","0","0","0","0","0","0","0","0","0"
"0x7b3fff76c640","      FFMA R35, R16, R20, R35","11","2","11","43008","1376256","1376256","32","32","0","0","-","-","-","0","0","0","0","0","0","0","0","0","-","0","0","0","0","0","0","0","0","1","0","0","0","0","0","0","0","0","4","0","6","0","0","0","0","0","1","0","0","0","0","0","0","0","0","0","0","1","0","0","0"
"0x7b3fff76c650","      FFMA R54, R16, R21, R54","2","0","2","43008","1376256","1376256","32","32","0","0","-","-","-","0","0","0","0","0","0","0","0","0","-","0","0","0","0","0","0","0","0","1","0","0","0","0","0","0","0","0","0","1","0","0","0","0","0","0","0","0","0","0","0","0","0","0","0","0","0","0","0","0","0"
"0x7b3fff76c660","      LDS.128 R12, [R34+0x80]","1","0","1","43008","1376256","1376256","32","32","0","0","Shared","Load","128","0","4","0","172032","172032","0","0","0","0","-","0","0","0","0","0","0","0","0","0","0","0","0","0","0","0","0","0","0","1","0","0","0","0","0","0","0","0","0","0","0","0","0","0","0","0","0","0","0","0","0"
"0x7b3fff76c670","      FFMA R55, R16, R22, R55","1","0","1","43008","1376256","1376256","32","32","0","0","-","-","-","0","0","0","0","0","0","0","0","0","-","0","0","0","0","0","0","0","0","0","0","0","0","0","0","0","0","0","0","1","0","0","0","0","0","0","0","0","0","0","0","0","0","0","0","0","0","0","0","0","0"
"0x7b3fff76c680","      FFMA R51, R17, R20, R51","2","0","2","43008","1376256","1376256","32","32","0","0","-","-","-","0","0","0","0","0","0","0","0","0","-","0","0","0","0","0","0","0","0","0","0","0","0","0","0","0","0","0","1","1","0","0","0","0","0","0","0","0","0","0","0","0","0","0","0","0","0","0","0","0","0"
"0x7b3fff76c690","      FFMA R52, R17, R21, R52","0","0","0","43008","1376256","1376256","32","32","0","0","-","-","-","0","0","0","0","0","0","0","0","0","-","0","0","0","0","0","0","0","0","0","0","0","0","0","0","0","0","0","0","0","0","0","0","0","0","0","0","0","0","0","0","0","0","0","0","0","0","0","0","0","0"
"0x7b3fff76c6a0","      FFMA R53, R17, R22, R53","0","0","0","43008","1376256","1376256","32","32","0","0","-","-","-","0","0","0","0","0","0","0","0","0","-","0","0","0","0","0","0","0","0","0","0","0","0","0","0","0","0","0","0","0","0","0","0","0","0","0","0","0","0","0","0","0","0","0","0","0","0","0","0","0","0"
"0x7b3fff76c6b0","      FFMA R57, R18, R20, R57","0","0","0","43008","1376256","1376256","32","32","0","0","-","-","-","0","0","0","0","0","0","0","0","0","-","0","0","0","0","0","0","0","0","0","0","0","0","0","0","0","0","0","0","0","0","0","0","0","0","0","0","0","0","0","0","0","0","0","0","0","0","0","0","0","0"
"0x7b3fff76c6c0","      FFMA R58, R18, R21, R58","0","0","0","43008","1376256","1376256","32","32","0","0","-","-","-","0","0","0","0","0","0","0","0","0","-","0","0","0","0","0","0","0","0","0","0","0","0","0","0","0","0","0","0","0","0","0","0","0","0","0","0","0","0","0","0","0","0","0","0","0","0","0","0","0","0"
"0x7b3fff76c6d0","      FFMA R59, R18, R22, R59","1","0","1","43008","1376256","1376256","32","32","0","0","-","-","-","0","0","0","0","0","0","0","0","0","-","0","0","0","0","0","0","0","0","0","0","0","0","0","0","0","0","0","0","1","0","0","0","0","0","0","0","0","0","0","0","0","0","0","0","0","0","0","0","0","0"
"0x7b3fff76c6e0","      FFMA R63, R19, R20, R45","1","0","1","43008","1376256","1376256","32","32","0","0","-","-","-","0","0","0","0","0","0","0","0","0","-","0","0","0","0","0","0","0","0","0","0","0","0","0","0","0","0","0","0","1","0","0","0","0","0","0","0","0","0","0","0","0","0","0","0","0","0","0","0","0","0"
"0x7b3fff76c6f0","      FFMA R64, R19, R21, R46","1","0","1","43008","1376256","1376256","32","32","0","0","-","-","-","0","0","0","0","0","0","0","0","0","-","0","0","0","0","0","0","0","0","0","0","0","0","0","0","0","0","0","0","1","0","0","0","0","0","0","0","0","0","0","0","0","0","0","0","0","0","0","0","0","0"
"0x7b3fff76c700","      FFMA R65, R19, R22, R44","1","0","1","43008","1376256","1376256","32","32","0","0","-","-","-","0","0","0","0","0","0","0","0","0","-","0","0","0","0","0","0","0","0","0","0","0","0","0","0","0","0","0","1","0","0","0","0","0","0","0","0","0","0","0","0","0","0","0","0","0","0","0","0","0","0"
"0x7b3fff76c710","      FFMA R48, R24, R20, R48","5","1","5","43008","1376256","1376256","32","32","0","0","-","-","-","0","0","0","0","0","0","0","0","0","-","0","0","0","0","0","0","0","0","1","0","0","0","0","0","0","0","0","1","0","3","0","0","0","0","0","0","0","0","0","0","0","0","0","0","0","0","1","0","0","0"
"0x7b3fff76c720","      FFMA R49, R24, R21, R49","1","0","1","43008","1376256","1376256","32","32","0","0","-","-","-","0","0","0","0","0","0","0","0","0","-","0","0","0","0","0","0","0","0","0","0","0","0","0","0","0","0","0","0","1","0","0","0","0","0","0","0","0","0","0","0","0","0","0","0","0","0","0","0","0","0"
"0x7b3fff76c730","      FFMA R50, R24, R22, R50","3","0","3","43008","1376256","1376256","32","32","0","0","-","-","-","0","0","0","0","0","0","0","0","0","-","0","0","0","0","0","0","0","0","0","0","0","0","0","0","0","0","0","0","3","0","0","0","0","0","0","0","0","0","0","0","0","0","0","0","0","0","0","0","0","0"
"0x7b3fff76c740","      FFMA R60, R24, R23, R60","0","0","0","43008","1376256","1376256","32","32","0","0","-","-","-","0","0","0","0","0","0","0","0","0","-","0","0","0","0","0","0","0","0","0","0","0","0","0","0","0","0","0","0","0","0","0","0","0","0","0","0","0","0","0","0","0","0","0","0","0","0","0","0","0","0"
"0x7b3fff76c750","      FFMA R16, R16, R23, R4","1","0","1","43008","1376256","1376256","32","32","0","0","-","-","-","0","0","0","0","0","0","0","0","0","-","0","0","0","0","0","0","0","0","0","0","0","0","0","0","0","0","0","0","1","0","0","0","0","0","0","0","0","0","0","0","0","0","0","0","0","0","0","0","0","0"
"0x7b3fff76c760","      FFMA R17, R17, R23, R5","1","0","1","43008","1376256","1376256","32","32","0","0","-","-","-","0","0","0","0","0","0","0","0","0","-","0","0","0","0","0","0","0","0","1","0","0","0","0","0","0","0","0","0","0","0","0","0","0","0","0","0","0","0","0","0","0","0","0","0","0","0","0","0","0","0"
"0x7b3fff76c770","      FFMA R18, R18, R23, R6","2","0","2","43008","1376256","1376256","32","32","0","0","-","-","-","0","0","0","0","0","0","0","0","0","-","0","0","0","0","0","0","0","0","0","0","0","0","0","0","0","0","0","0","2","0","0","0","0","0","0","0","0","0","0","0","0","0","0","0","0","0","0","0","0","0"
"0x7b3fff76c780","      FFMA R19, R19, R23, R7","3","0","3","43008","1376256","1376256","32","32","0","0","-","-","-","0","0","0","0","0","0","0","0","0","-","0","0","0","0","0","0","0","0","0","0","0","0","0","0","0","0","0","0","3","0","0","0","0","0","0","0","0","0","0","0","0","0","0","0","0","0","0","0","0","0"
"0x7b3fff76c790","      FFMA R24, R25, R21, R47","1","0","1","43008","1376256","1376256","32","32","0","0","-","-","-","0","0","0","0","0","0","0","0","0","-","0","0","0","0","0","0","0","0","0","0","0","0","0","0","0","0","0","0","1","0","0","0","0","0","0","0","0","0","0","0","0","0","0","0","0","0","0","0","0","0"
"0x7b3fff76c7a0","      FFMA R61, R25, R20, R61","1","0","1","43008","1376256","1376256","32","32","0","0","-","-","-","0","0","0","0","0","0","0","0","0","-","0","0","0","0","0","0","0","0","0","0","0","0","0","0","0","0","0","0","1","0","0","0","0","0","0","0","0","0","0","0","0","0","0","0","0","0","0","0","0","0"
"0x7b3fff76c7b0","      FFMA R56, R25, R22, R56","1","0","1","43008","1376256","1376256","32","32","0","0","-","-","-","0","0","0","0","0","0","0","0","0","-","0","0","0","0","0","0","0","0","0","0","0","0","0","0","0","0","0","0","1","0","0","0","0","0","0","0","0","0","0","0","0","0","0","0","0","0","0","0","0","0"
"0x7b3fff76c7c0","      FFMA R42, R25, R23, R42","1","0","1","43008","1376256","1376256","32","32","0","0","-","-","-","0","0","0","0","0","0","0","0","0","-","0","0","0","0","0","0","0","0","0","0","0","0","0","0","0","0","0","0","1","0","0","0","0","0","0","0","0","0","0","0","0","0","0","0","0","0","0","0","0","0"
"0x7b3fff76c7d0","      LDS.128 R44, [R34+0x110]","1","0","1","43008","1376256","1376256","32","32","0","0","Shared","Load","128","0","4","0","172032","172032","0","0","0","0","-","0","0","0","0","0","0","0","0","0","0","0","0","0","0","0","0","0","0","1","0","0","0","0","0","0","0","0","0","0","0","0","0","0","0","0","0","0","0","0","0"
"0x7b3fff76c7e0","      FFMA R41, R26, R20, R41","1","0","1","43008","1376256","1376256","32","32","0","0","-","-","-","0","0","0","0","0","0","0","0","0","-","0","0","0","0","0","0","0","0","1","0","0","0","0","0","0","0","0","0","0","0","0","0","0","0","0","0","0","0","0","0","0","0","0","0","0","0","0","0","0","0"
"0x7b3fff76c7f0","      FFMA R43, R26, R21, R43","1","0","1","43008","1376256","1376256","32","32","0","0","-","-","-","0","0","0","0","0","0","0","0","0","-","0","0","0","0","0","0","0","0","0","0","0","0","0","0","0","0","0","0","1","0","0","0","0","0","0","0","0","0","0","0","0","0","0","0","0","0","0","0","0","0"
"0x7b3fff76c800","      FFMA R40, R26, R22, R40","2","0","2","43008","1376256","1376256","32","32","0","0","-","-","-","0","0","0","0","0","0","0","0","0","-","0","0","0","0","0","0","0","0","0","0","0","0","0","0","0","0","0","0","2","0","0","0","0","0","0","0","0","0","0","0","0","0","0","0","0","0","0","0","0","0"
"0x7b3fff76c810","      LDS.128 R4, [R33+0x110]","0","0","0","43008","1376256","1376256","32","32","0","0","Shared","Load","128","0","2","0","86016","86016","0","0","0","0","-","0","0","0","0","0","0","0","0","0","0","0","0","0","0","0","0","0","0","0","0","0","0","0","0","0","0","0","0","0","0","0","0","0","0","0","0","0","0","0","0"
"0x7b3fff76c820","      FFMA R62, R26, R23, R62","1","0","1","43008","1376256","1376256","32","32","0","0","-","-","-","0","0","0","0","0","0","0","0","0","-","0","0","0","0","0","0","0","0","0","0","0","0","0","0","0","0","0","0","1","0","0","0","0","0","0","0","0","0","0","0","0","0","0","0","0","0","0","0","0","0"
"0x7b3fff76c830","      FFMA R20, R27, R20, R8","0","0","0","43008","1376256","1376256","32","32","0","0","-","-","-","0","0","0","0","0","0","0","0","0","-","0","0","0","0","0","0","0","0","0","0","0","0","0","0","0","0","0","0","0","0","0","0","0","0","0","0","0","0","0","0","0","0","0","0","0","0","0","0","0","0"
"0x7b3fff76c840","      FFMA R21, R27, R21, R9","1","0","1","43008","1376256","1376256","32","32","0","0","-","-","-","0","0","0","0","0","0","0","0","0","-","0","0","0","0","0","0","0","0","0","0","0","0","0","0","0","0","0","0","1","0","0","0","0","0","0","0","0","0","0","0","0","0","0","0","0","0","0","0","0","0"
"0x7b3fff76c850","      FFMA R22, R27, R22, R10","2","0","2","43008","1376256","1376256","32","32","0","0","-","-","-","0","0","0","0","0","0","0","0","0","-","0","0","0","0","0","0","0","0","0","0","0","0","0","0","0","0","0","0","2","0","0","0","0","0","0","0","0","0","0","0","0","0","0","0","0","0","0","0","0","0"
"0x7b3fff76c860","      FFMA R23, R27, R23, R11","2","0","2","43008","1376256","1376256","32","32","0","0","-","-","-","0","0","0","0","0","0","0","0","0","-","0","0","0","0","0","0","0","0","0","0","0","0","0","0","0","0","0","0","2","0","0","0","0","0","0","0","0","0","0","0","0","0","0","0","0","0","0","0","0","0"
"0x7b3fff76c870","      LDS.128 R8, [R34+0x190]","7","1","7","43008","1376256","1376256","32","32","0","0","Shared","Load","128","0","4","0","172032","172032","0","0","0","0","-","0","0","0","0","0","0","0","0","0","0","0","0","0","0","0","0","0","4","0","0","0","0","3","0","0","0","0","0","0","0","0","0","0","0","0","0","0","0","0","1"
"0x7b3fff76c880","      IADD3 R33, PT, PT, R33, 0x440, RZ","13","3","13","43008","1376256","1376256","32","32","0","0","-","-","-","0","0","0","0","0","0","0","0","0","-","0","0","0","0","0","0","0","0","0","0","0","0","0","0","0","0","0","4","1","8","0","0","0","0","0","0","0","0","0","0","0","0","0","0","0","0","3","0","0","0"
"0x7b3fff76c890","      FFMA R35, R28, R36, R35","7","1","7","43008","1376256","1376256","32","32","0","0","-","-","-","0","0","0","0","0","0","0","0","0","-","0","0","0","0","0","0","0","0","0","0","0","0","0","0","0","0","0","2","0","5","0","0","0","0","0","0","0","0","0","0","0","0","0","0","0","0","1","0","0","0"
"0x7b3fff76c8a0","      FFMA R54, R28, R37, R54","0","0","0","43008","1376256","1376256","32","32","0","0","-","-","-","0","0","0","0","0","0","0","0","0","-","0","0","0","0","0","0","0","0","0","0","0","0","0","0","0","0","0","0","0","0","0","0","0","0","0","0","0","0","0","0","0","0","0","0","0","0","0","0","0","0"
"0x7b3fff76c8b0","      FFMA R55, R28, R38, R55","2","0","2","43008","1376256","1376256","32","32","0","0","-","-","-","0","0","0","0","0","0","0","0","0","-","0","0","0","0","0","0","0","0","0","0","0","0","0","0","0","0","0","0","2","0","0","0","0","0","0","0","0","0","0","0","0","0","0","0","0","0","0","0","0","0"
"0x7b3fff76c8c0","      FFMA R16, R28, R39, R16","1","0","1","43008","1376256","1376256","32","32","0","0","-","-","-","0","0","0","0","0","0","0","0","0","-","0","0","0","0","0","0","0","0","1","0","0","0","0","0","0","0","0","0","0","0","0","0","0","0","0","0","0","0","0","0","0","0","0","0","0","0","0","0","0","0"
"0x7b3fff76c8d0","      FFMA R51, R29, R36, R51","2","0","2","43008","1376256","1376256","32","32","0","0","-","-","-","0","0","0","0","0","0","0","0","0","-","0","0","0","0","0","0","0","0","0","0","0","0","0","0","0","0","0","0","2","0","0","0","0","0","0","0","0","0","0","0","0","0","0","0","0","0","0","0","0","0"
"0x7b3fff76c8e0","      FFMA R52, R29, R37, R52","1","0","1","43008","1376256","1376256","32","32","0","0","-","-","-","0","0","0","0","0","0","0","0","0","-","0","0","0","0","0","0","0","0","0","0","0","0","0","0","0","0","0","0","1","0","0","0","0","0","0","0","0","0","0","0","0","0","0","0","0","0","0","0","0","0"
"0x7b3fff76c8f0","      FFMA R53, R29, R38, R53","0","0","0","43008","1376256","1376256","32","32","0","0","-","-","-","0","0","0","0","0","0","0","0","0","-","0","0","0","0","0","0","0","0","0","0","0","0","0","0","0","0","0","0","0","0","0","0","0","0","0","0","0","0","0","0","0","0","0","0","0","0","0","0","0","0"
"0x7b3fff76c900","      FFMA R17, R29, R39, R17","0","0","0","43008","1376256","1376256","32","32","0","0","-","-","-","0","0","0","0","0","0","0","0","0","-","0","0","0","0","0","0","0","0","0","0","0","0","0","0","0","0","0","0","0","0","0","0","0","0","0","0","0","0","0","0","0","0","0","0","0","0","0","0","0","0"
"0x7b3fff76c910","      FFMA R57, R30, R36, R57","1","0","1","43008","1376256","1376256","32","32","0","0","-","-","-","0","0","0","0","0","0","0","0","0","-","0","0","0","0","0","0","0","0","0","0","0","0","0","0","0","0","0","0","1","0","0","0","0","0","0","0","0","0","0","0","0","0","0","0","0","0","0","0","0","0"
"0x7b3fff76c920","      FFMA R58, R30, R37, R58","1","0","1","43008","1376256","1376256","32","32","0","0","-","-","-","0","0","0","0","0","0","0","0","0","-","0","0","0","0","0","0","0","0","0","0","0","0","0","0","0","0","0","0","1","0","0","0","0","0","0","0","0","0","0","0","0","0","0","0","0","0","0","0","0","0"
"0x7b3fff76c930","      FFMA R59, R30, R38, R59","0","0","0","43008","1376256","1376256","32","32","0","0","-","-","-","0","0","0","0","0","0","0","0","0","-","0","0","0","0","0","0","0","0","0","0","0","0","0","0","0","0","0","0","0","0","0","0","0","0","0","0","0","0","0","0","0","0","0","0","0","0","0","0","0","0"
"0x7b3fff76c940","      FFMA R25, R30, R39, R18","0","0","0","43008","1376256","1376256","32","32","0","0","-","-","-","0","0","0","0","0","0","0","0","0","-","0","0","0","0","0","0","0","0","0","0","0","0","0","0","0","0","0","0","0","0","0","0","0","0","0","0","0","0","0","0","0","0","0","0","0","0","0","0","0","0"
"0x7b3fff76c950","      FFMA R18, R31, R36, R63","1","0","1","43008","1376256","1376256","32","32","0","0","-","-","-","0","0","0","0","0","0","0","0","0","-","0","0","0","0","0","0","0","0","0","0","0","0","0","0","0","0","0","0","1","0","0","0","0","0","0","0","0","0","0","0","0","0","0","0","0","0","0","0","0","0"
"0x7b3fff76c960","      FFMA R64, R31, R37, R64","1","0","1","43008","1376256","1376256","32","32","0","0","-","-","-","0","0","0","0","0","0","0","0","0","-","0","0","0","0","0","0","0","0","0","0","0","0","0","0","0","0","0","0","1","0","0","0","0","0","0","0","0","0","0","0","0","0","0","0","0","0","0","0","0","0"
"0x7b3fff76c970","      FFMA R65, R31, R38, R65","0","0","0","43008","1376256","1376256","32","32","0","0","-","-","-","0","0","0","0","0","0","0","0","0","-","0","0","0","0","0","0","0","0","0","0","0","0","0","0","0","0","0","0","0","0","0","0","0","0","0","0","0","0","0","0","0","0","0","0","0","0","0","0","0","0"
"0x7b3fff76c980","      FFMA R48, R12, R36, R48","8","0","8","43008","1376256","1376256","32","32","0","0","-","-","-","0","0","0","0","0","0","0","0","0","-","0","0","0","0","0","0","0","0","0","0","0","0","0","0","0","0","0","1","0","7","0","0","0","0","0","0","0","0","0","0","0","0","0","0","0","0","0","0","0","0"
"0x7b3fff76c990","      FFMA R49, R12, R37, R49","2","0","2","43008","1376256","1376256","32","32","0","0","-","-","-","0","0","0","0","0","0","0","0","0","-","0","0","0","0","0","0","0","0","1","0","0","0","0","0","0","0","0","0","1","0","0","0","0","0","0","0","0","0","0","0","0","0","0","0","0","0","0","0","0","0"
"0x7b3fff76c9a0","      FFMA R50, R12, R38, R50","1","0","1","43008","1376256","1376256","32","32","0","0","-","-","-","0","0","0","0","0","0","0","0","0","-","0","0","0","0","0","0","0","0","0","0","0","0","0","0","0","0","0","0","1","0","0","0","0","0","0","0","0","0","0","0","0","0","0","0","0","0","0","0","0","0"
"0x7b3fff76c9b0","      FFMA R60, R12, R39, R60","1","0","1","43008","1376256","1376256","32","32","0","0","-","-","-","0","0","0","0","0","0","0","0","0","-","0","0","0","0","0","0","0","0","0","0","0","0","0","0","0","0","0","0","1","0","0","0","0","0","0","0","0","0","0","0","0","0","0","0","0","0","0","0","0","0"
"0x7b3fff76c9c0","      FFMA R19, R31, R39, R19","2","0","2","43008","1376256","1376256","32","32","0","0","-","-","-","0","0","0","0","0","0","0","0","0","-","0","0","0","0","0","0","0","0","0","0","0","0","0","0","0","0","0","0","2","0","0","0","0","0","0","0","0","0","0","0","0","0","0","0","0","0","0","0","0","0"
"0x7b3fff76c9d0","      FFMA R61, R13, R36, R61","2","0","2","43008","1376256","1376256","32","32","0","0","-","-","-","0","0","0","0","0","0","0","0","0","-","0","0","0","0","0","0","0","0","0","0","0","0","0","0","0","0","0","0","2","0","0","0","0","0","0","0","0","0","0","0","0","0","0","0","0","0","0","0","0","0"
"0x7b3fff76c9e0","      FFMA R24, R13, R37, R24","0","0","0","43008","1376256","1376256","32","32","0","0","-","-","-","0","0","0","0","0","0","0","0","0","-","0","0","0","0","0","0","0","0","0","0","0","0","0","0","0","0","0","0","0","0","0","0","0","0","0","0","0","0","0","0","0","0","0","0","0","0","0","0","0","0"
"0x7b3fff76c9f0","      FFMA R12, R13, R38, R56","0","0","0","43008","1376256","1376256","32","32","0","0","-","-","-","0","0","0","0","0","0","0","0","0","-","0","0","0","0","0","0","0","0","0","0","0","0","0","0","0","0","0","0","0","0","0","0","0","0","0","0","0","0","0","0","0","0","0","0","0","0","0","0","0","0"
"0x7b3fff76ca00","      FFMA R42, R13, R39, R42","1","0","1","43008","1376256","1376256","32","32","0","0","-","-","-","0","0","0","0","0","0","0","0","0","-","0","0","0","0","0","0","0","0","0","0","0","0","0","0","0","0","0","0","1","0","0","0","0","0","0","0","0","0","0","0","0","0","0","0","0","0","0","0","0","0"
"0x7b3fff76ca10","      FFMA R41, R14, R36, R41","0","0","0","43008","1376256","1376256","32","32","0","0","-","-","-","0","0","0","0","0","0","0","0","0","-","0","0","0","0","0","0","0","0","0","0","0","0","0","0","0","0","0","0","0","0","0","0","0","0","0","0","0","0","0","0","0","0","0","0","0","0","0","0","0","0"
"0x7b3fff76ca20","      FFMA R43, R14, R37, R43","0","0","0","43008","1376256","1376256","32","32","0","0","-","-","-","0","0","0","0","0","0","0","0","0","-","0","0","0","0","0","0","0","0","0","0","0","0","0","0","0","0","0","0","0","0","0","0","0","0","0","0","0","0","0","0","0","0","0","0","0","0","0","0","0","0"
"0x7b3fff76ca30","      FFMA R40, R14, R38, R40","0","0","0","43008","1376256","1376256","32","32","0","0","-","-","-","0","0","0","0","0","0","0","0","0","-","0","0","0","0","0","0","0","0","0","0","0","0","0","0","0","0","0","0","0","0","0","0","0","0","0","0","0","0","0","0","0","0","0","0","0","0","0","0","0","0"
"0x7b3fff76ca40","      FFMA R62, R14, R39, R62","0","0","0","43008","1376256","1376256","32","32","0","0","-","-","-","0","0","0","0","0","0","0","0","0","-","0","0","0","0","0","0","0","0","0","0","0","0","0","0","0","0","0","0","0","0","0","0","0","0","0","0","0","0","0","0","0","0","0","0","0","0","0","0","0","0"
"0x7b3fff76ca50","      FFMA R20, R15, R36, R20","1","0","1","43008","1376256","1376256","32","32","0","0","-","-","-","0","0","0","0","0","0","0","0","0","-","0","0","0","0","0","0","0","0","0","0","0","0","0","0","0","0","0","0","1","0","0","0","0","0","0","0","0","0","0","0","0","0","0","0","0","0","0","0","0","0"
"0x7b3fff76ca60","      FFMA R21, R15, R37, R21","0","0","0","43008","1376256","1376256","32","32","0","0","-","-","-","0","0","0","0","0","0","0","0","0","-","0","0","0","0","0","0","0","0","0","0","0","0","0","0","0","0","0","0","0","0","0","0","0","0","0","0","0","0","0","0","0","0","0","0","0","0","0","0","0","0"
"0x7b3fff76ca70","      FFMA R22, R15, R38, R22","1","0","1","43008","1376256","1376256","32","32","0","0","-","-","-","0","0","0","0","0","0","0","0","0","-","0","0","0","0","0","0","0","0","0","0","0","0","0","0","0","0","0","0","1","0","0","0","0","0","0","0","0","0","0","0","0","0","0","0","0","0","0","0","0","0"
"0x7b3fff76ca80","      FFMA R23, R15, R39, R23","1","0","1","43008","1376256","1376256","32","32","0","0","-","-","-","0","0","0","0","0","0","0","0","0","-","0","0","0","0","0","0","0","0","0","0","0","0","0","0","0","0","0","1","0","0","0","0","0","0","0","0","0","0","0","0","0","0","0","0","0","0","0","0","0","0"
"0x7b3fff76ca90","      FFMA R28, R44, R4, R35","4","0","4","43008","1376256","1376256","32","32","0","0","-","-","-","0","0","0","0","0","0","0","0","0","-","0","0","0","0","0","0","0","0","0","0","0","0","0","0","0","0","0","1","1","2","0","0","0","0","0","0","0","0","0","0","0","0","0","0","0","0","0","0","0","0"
"0x7b3fff76caa0","      FFMA R29, R44, R5, R54","1","0","1","43008","1376256","1376256","32","32","0","0","-","-","-","0","0","0","0","0","0","0","0","0","-","0","0","0","0","0","0","0","0","1","0","0","0","0","0","0","0","0","0","0","0","0","0","0","0","0","0","0","0","0","0","0","0","0","0","0","0","0","0","0","0"
"0x7b3fff76cab0","      FFMA R30, R44, R6, R55","0","0","0","43008","1376256","1376256","32","32","0","0","-","-","-","0","0","0","0","0","0","0","0","0","-","0","0","0","0","0","0","0","0","0","0","0","0","0","0","0","0","0","0","0","0","0","0","0","0","0","0","0","0","0","0","0","0","0","0","0","0","0","0","0","0"
"0x7b3fff76cac0","      FFMA R31, R44, R7, R16","0","0","0","43008","1376256","1376256","32","32","0","0","-","-","-","0","0","0","0","0","0","0","0","0","-","0","0","0","0","0","0","0","0","0","0","0","0","0","0","0","0","0","0","0","0","0","0","0","0","0","0","0","0","0","0","0","0","0","0","0","0","0","0","0","0"
"0x7b3fff76cad0","      FFMA R51, R45, R4, R51","1","0","1","43008","1376256","1376256","32","32","0","0","-","-","-","0","0","0","0","0","0","0","0","0","-","0","0","0","0","0","0","0","0","0","0","0","0","0","0","0","0","0","0","1","0","0","0","0","0","0","0","0","0","0","0","0","0","0","0","0","0","0","0","0","0"
"0x7b3fff76cae0","      FFMA R52, R45, R5, R52","2","0","2","43008","1376256","1376256","32","32","0","0","-","-","-","0","0","0","0","0","0","0","0","0","-","0","0","0","0","0","0","0","0","0","0","0","0","0","0","0","0","0","0","2","0","0","0","0","0","0","0","0","0","0","0","0","0","0","0","0","0","0","0","0","0"
"0x7b3fff76caf0","      FFMA R53, R45, R6, R53","1","0","1","43008","1376256","1376256","32","32","0","0","-","-","-","0","0","0","0","0","0","0","0","0","-","0","0","0","0","0","0","0","0","0","0","0","0","0","0","0","0","0","0","1","0","0","0","0","0","0","0","0","0","0","0","0","0","0","0","0","0","0","0","0","0"
"0x7b3fff76cb00","      FFMA R56, R45, R7, R17","0","0","0","43008","1376256","1376256","32","32","0","0","-","-","-","0","0","0","0","0","0","0","0","0","-","0","0","0","0","0","0","0","0","0","0","0","0","0","0","0","0","0","0","0","0","0","0","0","0","0","0","0","0","0","0","0","0","0","0","0","0","0","0","0","0"
"0x7b3fff76cb10","      FFMA R57, R46, R4, R57","2","0","2","43008","1376256","1376256","32","32","0","0","-","-","-","0","0","0","0","0","0","0","0","0","-","0","0","0","0","0","0","0","0","0","0","0","0","0","0","0","0","0","0","2","0","0","0","0","0","0","0","0","0","0","0","0","0","0","0","0","0","0","0","0","0"
"0x7b3fff76cb20","      FFMA R58, R46, R5, R58","1","0","1","43008","1376256","1376256","32","32","0","0","-","-","-","0","0","0","0","0","0","0","0","0","-","0","0","0","0","0","0","0","0","1","0","0","0","0","0","0","0","0","0","0","0","0","0","0","0","0","0","0","0","0","0","0","0","0","0","0","0","0","0","0","0"
"0x7b3fff76cb30","      FFMA R59, R46, R6, R59","0","0","0","43008","1376256","1376256","32","32","0","0","-","-","-","0","0","0","0","0","0","0","0","0","-","0","0","0","0","0","0","0","0","0","0","0","0","0","0","0","0","0","0","0","0","0","0","0","0","0","0","0","0","0","0","0","0","0","0","0","0","0","0","0","0"
"0x7b3fff76cb40","      FFMA R63, R46, R7, R25","2","0","2","43008","1376256","1376256","32","32","0","0","-","-","-","0","0","0","0","0","0","0","0","0","-","0","0","0","0","0","0","0","0","0","0","0","0","0","0","0","0","0","0","2","0","0","0","0","0","0","0","0","0","0","0","0","0","0","0","0","0","0","0","0","0"
"0x7b3fff76cb50","      FFMA R45, R47, R4, R18","5","0","5","43008","1376256","1376256","32","32","0","0","-","-","-","0","0","0","0","0","0","0","0","0","-","0","0","0","0","0","0","0","0","3","0","0","0","0","0","0","0","0","0","2","0","0","0","0","0","0","0","0","0","0","0","0","0","0","0","0","0","0","0","0","0"
"0x7b3fff76cb60","      FFMA R46, R47, R5, R64","2","0","2","43008","1376256","1376256","32","32","0","0","-","-","-","0","0","0","0","0","0","0","0","0","-","0","0","0","0","0","0","0","0","0","0","0","0","0","0","0","0","0","0","2","0","0","0","0","0","0","0","0","0","0","0","0","0","0","0","0","0","0","0","0","0"
"0x7b3fff76cb70","      FFMA R44, R47, R6, R65","0","0","0","43008","1376256","1376256","32","32","0","0","-","-","-","0","0","0","0","0","0","0","0","0","-","0","0","0","0","0","0","0","0","0","0","0","0","0","0","0","0","0","0","0","0","0","0","0","0","0","0","0","0","0","0","0","0","0","0","0","0","0","0","0","0"
"0x7b3fff76cb80","      FFMA R47, R47, R7, R19","1","0","1","43008","1376256","1376256","32","32","0","0","-","-","-","0","0","0","0","0","0","0","0","0","-","0","0","0","0","0","0","0","0","0","0","0","0","0","0","0","0","0","0","1","0","0","0","0","0","0","0","0","0","0","0","0","0","0","0","0","0","0","0","0","0"
"0x7b3fff76cb90","      FFMA R48, R8, R4, R48","5","0","5","43008","1376256","1376256","32","32","0","0","-","-","-","0","0","0","0","0","0","0","0","0","-","0","0","0","0","0","0","0","0","0","0","0","0","0","0","0","0","0","3","0","2","0","0","0","0","0","0","0","0","0","0","0","0","0","0","0","0","0","0","0","0"
"0x7b3fff76cba0","      FFMA R49, R8, R5, R49","3","0","3","43008","1376256","1376256","32","32","0","0","-","-","-","0","0","0","0","0","0","0","0","0","-","0","0","0","0","0","0","0","0","0","0","0","0","0","0","0","0","0","0","3","0","0","0","0","0","0","0","0","0","0","0","0","0","0","0","0","0","0","0","0","0"
"0x7b3fff76cbb0","      FFMA R50, R8, R6, R50","1","0","1","43008","1376256","1376256","32","32","0","0","-","-","-","0","0","0","0","0","0","0","0","0","-","0","0","0","0","0","0","0","0","0","0","0","0","0","0","0","0","0","0","1","0","0","0","0","0","0","0","0","0","0","0","0","0","0","0","0","0","0","0","0","0"
"0x7b3fff76cbc0","      FFMA R60, R8, R7, R60","3","0","3","43008","1376256","1376256","32","32","0","0","-","-","-","0","0","0","0","0","0","0","0","0","-","0","0","0","0","0","0","0","0","0","0","0","0","0","0","0","0","0","0","3","0","0","0","0","0","0","0","0","0","0","0","0","0","0","0","0","0","0","0","0","0"
"0x7b3fff76cbd0","      FFMA R61, R9, R4, R61","0","0","0","43008","1376256","1376256","32","32","0","0","-","-","-","0","0","0","0","0","0","0","0","0","-","0","0","0","0","0","0","0","0","0","0","0","0","0","0","0","0","0","0","0","0","0","0","0","0","0","0","0","0","0","0","0","0","0","0","0","0","0","0","0","0"
"0x7b3fff76cbe0","      FFMA R39, R9, R5, R24","1","0","1","43008","1376256","1376256","32","32","0","0","-","-","-","0","0","0","0","0","0","0","0","0","-","0","0","0","0","0","0","0","0","0","0","0","0","0","0","0","0","0","0","1","0","0","0","0","0","0","0","0","0","0","0","0","0","0","0","0","0","0","0","0","0"
"0x7b3fff76cbf0","      FFMA R38, R9, R6, R12","2","0","2","43008","1376256","1376256","32","32","0","0","-","-","-","0","0","0","0","0","0","0","0","0","-","0","0","0","0","0","0","0","0","0","0","0","0","0","0","0","0","0","0","2","0","0","0","0","0","0","0","0","0","0","0","0","0","0","0","0","0","0","0","0","0"
"0x7b3fff76cc00","      FFMA R42, R9, R7, R42","7","0","7","43008","1376256","1376256","32","32","0","0","-","-","-","0","0","0","0","0","0","0","0","0","-","0","0","0","0","0","0","0","0","1","0","0","0","0","0","0","0","3","1","2","0","0","0","0","0","0","0","0","0","0","0","0","0","0","0","0","0","0","0","0","0"
"0x7b3fff76cc10","      FFMA R41, R10, R4, R41","0","0","0","43008","1376256","1376256","32","32","0","0","-","-","-","0","0","0","0","0","0","0","0","0","-","0","0","0","0","0","0","0","0","0","0","0","0","0","0","0","0","0","0","0","0","0","0","0","0","0","0","0","0","0","0","0","0","0","0","0","0","0","0","0","0"
"0x7b3fff76cc20","      FFMA R43, R10, R5, R43","0","0","0","43008","1376256","1376256","32","32","0","0","-","-","-","0","0","0","0","0","0","0","0","0","-","0","0","0","0","0","0","0","0","0","0","0","0","0","0","0","0","0","0","0","0","0","0","0","0","0","0","0","0","0","0","0","0","0","0","0","0","0","0","0","0"
"0x7b3fff76cc30","      FFMA R40, R10, R6, R40","1","0","1","43008","1376256","1376256","32","32","0","0","-","-","-","0","0","0","0","0","0","0","0","0","-","0","0","0","0","0","0","0","0","0","0","0","0","0","0","0","0","0","0","1","0","0","0","0","0","0","0","0","0","0","0","0","0","0","0","0","0","0","0","0","0"
"0x7b3fff76cc40","      FFMA R62, R10, R7, R62","0","0","0","43008","1376256","1376256","32","32","0","0","-","-","-","0","0","0","0","0","0","0","0","0","-","0","0","0","0","0","0","0","0","0","0","0","0","0","0","0","0","0","0","0","0","0","0","0","0","0","0","0","0","0","0","0","0","0","0","0","0","0","0","0","0"
"0x7b3fff76cc50","      FFMA R66, R11, R4, R20","0","0","0","43008","1376256","1376256","32","32","0","0","-","-","-","0","0","0","0","0","0","0","0","0","-","0","0","0","0","0","0","0","0","0","0","0","0","0","0","0","0","0","0","0","0","0","0","0","0","0","0","0","0","0","0","0","0","0","0","0","0","0","0","0","0"
"0x7b3fff76cc60","      FFMA R67, R11, R5, R21","2","0","2","43008","1376256","1376256","32","32","0","0","-","-","-","0","0","0","0","0","0","0","0","0","-","0","0","0","0","0","0","0","0","2","0","0","0","0","0","0","0","0","0","0","0","0","0","0","0","0","0","0","0","0","0","0","0","0","0","0","0","0","0","0","0"
"0x7b3fff76cc70","      FFMA R68, R11, R6, R22","0","0","0","43008","1376256","1376256","32","32","0","0","-","-","-","0","0","0","0","0","0","0","0","0","-","0","0","0","0","0","0","0","0","0","0","0","0","0","0","0","0","0","0","0","0","0","0","0","0","0","0","0","0","0","0","0","0","0","0","0","0","0","0","0","0"
"0x7b3fff76cc80","      FFMA R69, R11, R7, R23","2","0","2","43008","1376256","1376256","32","32","0","0","-","-","-","0","0","0","0","0","0","0","0","0","-","0","0","0","0","0","0","0","0","0","0","0","0","0","0","0","0","0","0","2","0","0","0","0","0","0","0","0","0","0","0","0","0","0","0","0","0","0","0","0","0"
"0x7b3fff76cc90","      IADD3 R34, PT, PT, R34, 0x440, RZ","1","0","1","43008","1376256","1376256","32","32","0","0","-","-","-","0","0","0","0","0","0","0","0","0","-","0","0","0","0","0","0","0","0","0","0","0","0","0","0","0","0","0","0","1","0","0","0","0","0","0","0","0","0","0","0","0","0","0","0","0","0","0","0","0","0"
"0x7b3fff76cca0","      BRA.U UP0, 0x7b3fff76c380","2","0","2","43008","1376256","1376256","32","32","0","0","-","-","-","0","0","0","0","0","0","0","0","0","-","0","0","0","0","0","0","0","0","0","0","0","0","0","0","0","0","0","0","2","0","0","0","0","0","0","0","0","0","0","0","0","0","0","0","0","0","0","0","0","0"
"0x7b3fff76ccb0","      BRA.U !UP1, 0x7b3fff76d400","3","0","3","10752","344064","344064","32","32","0","0","-","-","-","0","0","0","0","0","0","0","0","0","-","0","0","0","0","0","0","0","0","0","0","0","0","0","0","0","0","0","0","0","0","0","0","3","0","0","0","0","0","0","0","0","0","0","0","0","0","0","0","0","0"
"0x7b3fff76ccc0","      UISETP.NE.AND UP0, UPT, UR5, 0x1, UPT","1","0","1","0","0","0","0","0","32","0","-","-","-","0","0","0","0","0","0","0","0","0","-","0","0","0","0","0","0","0","0","0","0","0","0","0","0","0","0","0","0","0","0","0","0","1","0","0","0","0","0","0","0","0","0","0","0","0","0","0","0","0","0"
"0x7b3fff76ccd0","      ULOP3.LUT UR10, UR10, 0x1, URZ, 0xc0, !UPT","0","0","0","0","0","0","0","0","32","0","-","-","-","0","0","0","0","0","0","0","0","0","-","0","0","0","0","0","0","0","0","0","0","0","0","0","0","0","0","0","0","0","0","0","0","0","0","0","0","0","0","0","0","0","0","0","0","0","0","0","0","0","0"
"0x7b3fff76cce0","      UISETP.NE.U32.AND UP1, UPT, UR10, 0x1, UPT","0","0","0","0","0","0","0","0","32","0","-","-","-","0","0","0","0","0","0","0","0","0","-","0","0","0","0","0","0","0","0","0","0","0","0","0","0","0","0","0","0","0","0","0","0","0","0","0","0","0","0","0","0","0","0","0","0","0","0","0","0","0","0"
"0x7b3fff76ccf0","      BRA.U !UP0, 0x7b3fff76d1a0","0","0","0","0","0","0","0","0","32","0","-","-","-","0","0","0","0","0","0","0","0","0","-","0","0","0","0","0","0","0","0","0","0","0","0","0","0","0","0","0","0","0","0","0","0","0","0","0","0","0","0","0","0","0","0","0","0","0","0","0","0","0","0"
"0x7b3fff76cd00","      LEA R33, R3, UR6, 0x4","0","0","0","0","0","0","0","0","32","0","-","-","-","0","0","0","0","0","0","0","0","0","-","0","0","0","0","0","0","0","0","0","0","0","0","0","0","0","0","0","0","0","0","0","0","0","0","0","0","0","0","0","0","0","0","0","0","0","0","0","0","0","0"
"0x7b3fff76cd10","      LEA R34, R32, UR8, 0x4","0","0","0","0","0","0","0","0","32","0","-","-","-","0","0","0","0","0","0","0","0","0","-","0","0","0","0","0","0","0","0","0","0","0","0","0","0","0","0","0","0","0","0","0","0","0","0","0","0","0","0","0","0","0","0","0","0","0","0","0","0","0","0"
"0x7b3fff76cd20","      IADD3 R3, PT, PT, R3, 0x22, RZ","0","0","0","0","0","0","0","0","32","0","-","-","-","0","0","0","0","0","0","0","0","0","-","0","0","0","0","0","0","0","0","0","0","0","0","0","0","0","0","0","0","0","0","0","0","0","0","0","0","0","0","0","0","0","0","0","0","0","0","0","0","0","0"
"0x7b3fff76cd30","      LDS.128 R4, [R33]","0","0","0","0","0","0","0","0","32","0","","","","0","0","0","0","0","0","0","0","0","-","0","0","0","0","0","0","0","0","0","0","0","0","0","0","0","0","0","0","0","0","0","0","0","0","0","0","0","0","0","0","0","0","0","0","0","0","0","0","0","0"
"0x7b3fff76cd40","      IADD3 R32, PT, PT, R32, 0x22, RZ","0","0","0","0","0","0","0","0","32","0","-","-","-","0","0","0","0","0","0","0","0","0","-","0","0","0","0","0","0","0","0","0","0","0","0","0","0","0","0","0","0","0","0","0","0","0","0","0","0","0","0","0","0","0","0","0","0","0","0","0","0","0","0"
"0x7b3fff76cd50","      LDS.128 R8, [R34]","0","0","0","0","0","0","0","0","32","0","","","","0","0","0","0","0","0","0","0","0","-","0","0","0","0","0","0","0","0","0","0","0","0","0","0","0","0","0","0","0","0","0","0","0","0","0","0","0","0","0","0","0","0","0","0","0","0","0","0","0","0"
"0x7b3fff76cd60","      LDS.128 R12, [R33+0x80]","0","0","0","0","0","0","0","0","32","0","","","","0","0","0","0","0","0","0","0","0","-","0","0","0","0","0","0","0","0","0","0","0","0","0","0","0","0","0","0","0","0","0","0","0","0","0","0","0","0","0","0","0","0","0","0","0","0","0","0","0","0"
"0x7b3fff76cd70","      LDS.128 R16, [R34+0x110]","0","0","0","0","0","0","0","0","32","0","","","","0","0","0","0","0","0","0","0","0","-","0","0","0","0","0","0","0","0","0","0","0","0","0","0","0","0","0","0","0","0","0","0","0","0","0","0","0","0","0","0","0","0","0","0","0","0","0","0","0","0"
"0x7b3fff76cd80","      LDS.128 R20, [R33+0x110]","0","0","0","0","0","0","0","0","32","0","","","","0","0","0","0","0","0","0","0","0","-","0","0","0","0","0","0","0","0","0","0","0","0","0","0","0","0","0","0","0","0","0","0","0","0","0","0","0","0","0","0","0","0","0","0","0","0","0","0","0","0"
"0x7b3fff76cd90","      LDS.128 R24, [R33+0x190]","0","0","0","0","0","0","0","0","32","0","","","","0","0","0","0","0","0","0","0","0","-","0","0","0","0","0","0","0","0","0","0","0","0","0","0","0","0","0","0","0","0","0","0","0","0","0","0","0","0","0","0","0","0","0","0","0","0","0","0","0","0"
"0x7b3fff76cda0","      FFMA R28, R4, R8, R28","0","0","0","0","0","0","0","0","32","0","-","-","-","0","0","0","0","0","0","0","0","0","-","0","0","0","0","0","0","0","0","0","0","0","0","0","0","0","0","0","0","0","0","0","0","0","0","0","0","0","0","0","0","0","0","0","0","0","0","0","0","0","0"
"0x7b3fff76cdb0","      FFMA R29, R4, R9, R29","0","0","0","0","0","0","0","0","32","0","-","-","-","0","0","0","0","0","0","0","0","0","-","0","0","0","0","0","0","0","0","0","0","0","0","0","0","0","0","0","0","0","0","0","0","0","0","0","0","0","0","0","0","0","0","0","0","0","0","0","0","0","0"
"0x7b3fff76cdc0","      FFMA R30, R4, R10, R30","0","0","0","0","0","0","0","0","32","0","-","-","-","0","0","0","0","0","0","0","0","0","-","0","0","0","0","0","0","0","0","0","0","0","0","0","0","0","0","0","0","0","0","0","0","0","0","0","0","0","0","0","0","0","0","0","0","0","0","0","0","0","0"
"0x7b3fff76cdd0","      FFMA R31, R4, R11, R31","0","0","0","0","0","0","0","0","32","0","-","-","-","0","0","0","0","0","0","0","0","0","-","0","0","0","0","0","0","0","0","0","0","0","0","0","0","0","0","0","0","0","0","0","0","0","0","0","0","0","0","0","0","0","0","0","0","0","0","0","0","0","0"
"0x7b3fff76cde0","      FFMA R51, R5, R8, R51","0","0","0","0","0","0","0","0","32","0","-","-","-","0","0","0","0","0","0","0","0","0","-","0","0","0","0","0","0","0","0","0","0","0","0","0","0","0","0","0","0","0","0","0","0","0","0","0","0","0","0","0","0","0","0","0","0","0","0","0","0","0","0"
"0x7b3fff76cdf0","      FFMA R52, R5, R9, R52","0","0","0","0","0","0","0","0","32","0","-","-","-","0","0","0","0","0","0","0","0","0","-","0","0","0","0","0","0","0","0","0","0","0","0","0","0","0","0","0","0","0","0","0","0","0","0","0","0","0","0","0","0","0","0","0","0","0","0","0","0","0","0"
"0x7b3fff76ce00","      FFMA R53, R5, R10, R53","0","0","0","0","0","0","0","0","32","0","-","-","-","0","0","0","0","0","0","0","0","0","-","0","0","0","0","0","0","0","0","0","0","0","0","0","0","0","0","0","0","0","0","0","0","0","0","0","0","0","0","0","0","0","0","0","0","0","0","0","0","0","0"
"0x7b3fff76ce10","      FFMA R56, R5, R11, R56","0","0","0","0","0","0","0","0","32","0","-","-","-","0","0","0","0","0","0","0","0","0","-","0","0","0","0","0","0","0","0","0","0","0","0","0","0","0","0","0","0","0","0","0","0","0","0","0","0","0","0","0","0","0","0","0","0","0","0","0","0","0","0"
"0x7b3fff76ce20","      FFMA R57, R6, R8, R57","0","0","0","0","0","0","0","0","32","0","-","-","-","0","0","0","0","0","0","0","0","0","-","0","0","0","0","0","0","0","0","0","0","0","0","0","0","0","0","0","0","0","0","0","0","0","0","0","0","0","0","0","0","0","0","0","0","0","0","0","0","0","0"
"0x7b3fff76ce30","      FFMA R58, R6, R9, R58","0","0","0","0","0","0","0","0","32","0","-","-","-","0","0","0","0","0","0","0","0","0","-","0","0","0","0","0","0","0","0","0","0","0","0","0","0","0","0","0","0","0","0","0","0","0","0","0","0","0","0","0","0","0","0","0","0","0","0","0","0","0","0"
"0x7b3fff76ce40","      FFMA R59, R6, R10, R59","0","0","0","0","0","0","0","0","32","0","-","-","-","0","0","0","0","0","0","0","0","0","-","0","0","0","0","0","0","0","0","0","0","0","0","0","0","0","0","0","0","0","0","0","0","0","0","0","0","0","0","0","0","0","0","0","0","0","0","0","0","0","0"
"0x7b3fff76ce50","      FFMA R63, R6, R11, R63","0","0","0","0","0","0","0","0","32","0","-","-","-","0","0","0","0","0","0","0","0","0","-","0","0","0","0","0","0","0","0","0","0","0","0","0","0","0","0","0","0","0","0","0","0","0","0","0","0","0","0","0","0","0","0","0","0","0","0","0","0","0","0"
"0x7b3fff76ce60","      FFMA R45, R7, R8, R45","0","0","0","0","0","0","0","0","32","0","-","-","-","0","0","0","0","0","0","0","0","0","-","0","0","0","0","0","0","0","0","0","0","0","0","0","0","0","0","0","0","0","0","0","0","0","0","0","0","0","0","0","0","0","0","0","0","0","0","0","0","0","0"
"0x7b3fff76ce70","      FFMA R46, R7, R9, R46","0","0","0","0","0","0","0","0","32","0","-","-","-","0","0","0","0","0","0","0","0","0","-","0","0","0","0","0","0","0","0","0","0","0","0","0","0","0","0","0","0","0","0","0","0","0","0","0","0","0","0","0","0","0","0","0","0","0","0","0","0","0","0"
"0x7b3fff76ce80","      FFMA R44, R7, R10, R44","0","0","0","0","0","0","0","0","32","0","-","-","-","0","0","0","0","0","0","0","0","0","-","0","0","0","0","0","0","0","0","0","0","0","0","0","0","0","0","0","0","0","0","0","0","0","0","0","0","0","0","0","0","0","0","0","0","0","0","0","0","0","0"
"0x7b3fff76ce90","      FFMA R47, R7, R11, R47","0","0","0","0","0","0","0","0","32","0","-","-","-","0","0","0","0","0","0","0","0","0","-","0","0","0","0","0","0","0","0","0","0","0","0","0","0","0","0","0","0","0","0","0","0","0","0","0","0","0","0","0","0","0","0","0","0","0","0","0","0","0","0"
"0x7b3fff76cea0","      FFMA R48, R12, R8, R48","0","0","0","0","0","0","0","0","32","0","-","-","-","0","0","0","0","0","0","0","0","0","-","0","0","0","0","0","0","0","0","0","0","0","0","0","0","0","0","0","0","0","0","0","0","0","0","0","0","0","0","0","0","0","0","0","0","0","0","0","0","0","0"
"0x7b3fff76ceb0","      FFMA R49, R12, R9, R49","0","0","0","0","0","0","0","0","32","0","-","-","-","0","0","0","0","0","0","0","0","0","-","0","0","0","0","0","0","0","0","0","0","0","0","0","0","0","0","0","0","0","0","0","0","0","0","0","0","0","0","0","0","0","0","0","0","0","0","0","0","0","0"
"0x7b3fff76cec0","      FFMA R50, R12, R10, R50","0","0","0","0","0","0","0","0","32","0","-","-","-","0","0","0","0","0","0","0","0","0","-","0","0","0","0","0","0","0","0","0","0","0","0","0","0","0","0","0","0","0","0","0","0","0","0","0","0","0","0","0","0","0","0","0","0","0","0","0","0","0","0"
"0x7b3fff76ced0","      FFMA R60, R12, R11, R60","0","0","0","0","0","0","0","0","32","0","-","-","-","0","0","0","0","0","0","0","0","0","-","0","0","0","0","0","0","0","0","0","0","0","0","0","0","0","0","0","0","0","0","0","0","0","0","0","0","0","0","0","0","0","0","0","0","0","0","0","0","0","0"
"0x7b3fff76cee0","      FFMA R61, R13, R8, R61","0","0","0","0","0","0","0","0","32","0","-","-","-","0","0","0","0","0","0","0","0","0","-","0","0","0","0","0","0","0","0","0","0","0","0","0","0","0","0","0","0","0","0","0","0","0","0","0","0","0","0","0","0","0","0","0","0","0","0","0","0","0","0"
"0x7b3fff76cef0","      FFMA R39, R13, R9, R39","0","0","0","0","0","0","0","0","32","0","-","-","-","0","0","0","0","0","0","0","0","0","-","0","0","0","0","0","0","0","0","0","0","0","0","0","0","0","0","0","0","0","0","0","0","0","0","0","0","0","0","0","0","0","0","0","0","0","0","0","0","0","0"
"0x7b3fff76cf00","      FFMA R38, R13, R10, R38","0","0","0","0","0","0","0","0","32","0","-","-","-","0","0","0","0","0","0","0","0","0","-","0","0","0","0","0","0","0","0","0","0","0","0","0","0","0","0","0","0","0","0","0","0","0","0","0","0","0","0","0","0","0","0","0","0","0","0","0","0","0","0"
"0x7b3fff76cf10","      FFMA R42, R13, R11, R42","0","0","0","0","0","0","0","0","32","0","-","-","-","0","0","0","0","0","0","0","0","0","-","0","0","0","0","0","0","0","0","0","0","0","0","0","0","0","0","0","0","0","0","0","0","0","0","0","0","0","0","0","0","0","0","0","0","0","0","0","0","0","0"
"0x7b3fff76cf20","      FFMA R41, R14, R8, R41","0","0","0","0","0","0","0","0","32","0","-","-","-","0","0","0","0","0","0","0","0","0","-","0","0","0","0","0","0","0","0","0","0","0","0","0","0","0","0","0","0","0","0","0","0","0","0","0","0","0","0","0","0","0","0","0","0","0","0","0","0","0","0"
"0x7b3fff76cf30","      FFMA R43, R14, R9, R43","0","0","0","0","0","0","0","0","32","0","-","-","-","0","0","0","0","0","0","0","0","0","-","0","0","0","0","0","0","0","0","0","0","0","0","0","0","0","0","0","0","0","0","0","0","0","0","0","0","0","0","0","0","0","0","0","0","0","0","0","0","0","0"
"0x7b3fff76cf40","      FFMA R40, R14, R10, R40","0","0","0","0","0","0","0","0","32","0","-","-","-","0","0","0","0","0","0","0","0","0","-","0","0","0","0","0","0","0","0","0","0","0","0","0","0","0","0","0","0","0","0","0","0","0","0","0","0","0","0","0","0","0","0","0","0","0","0","0","0","0","0"
"0x7b3fff76cf50","      FFMA R62, R14, R11, R62","0","0","0","0","0","0","0","0","32","0","-","-","-","0","0","0","0","0","0","0","0","0","-","0","0","0","0","0","0","0","0","0","0","0","0","0","0","0","0","0","0","0","0","0","0","0","0","0","0","0","0","0","0","0","0","0","0","0","0","0","0","0","0"
"0x7b3fff76cf60","      FFMA R66, R15, R8, R66","0","0","0","0","0","0","0","0","32","0","-","-","-","0","0","0","0","0","0","0","0","0","-","0","0","0","0","0","0","0","0","0","0","0","0","0","0","0","0","0","0","0","0","0","0","0","0","0","0","0","0","0","0","0","0","0","0","0","0","0","0","0","0"
"0x7b3fff76cf70","      FFMA R67, R15, R9, R67","0","0","0","0","0","0","0","0","32","0","-","-","-","0","0","0","0","0","0","0","0","0","-","0","0","0","0","0","0","0","0","0","0","0","0","0","0","0","0","0","0","0","0","0","0","0","0","0","0","0","0","0","0","0","0","0","0","0","0","0","0","0","0"
"0x7b3fff76cf80","      FFMA R68, R15, R10, R68","0","0","0","0","0","0","0","0","32","0","-","-","-","0","0","0","0","0","0","0","0","0","-","0","0","0","0","0","0","0","0","0","0","0","0","0","0","0","0","0","0","0","0","0","0","0","0","0","0","0","0","0","0","0","0","0","0","0","0","0","0","0","0"
"0x7b3fff76cf90","      FFMA R69, R15, R11, R69","0","0","0","0","0","0","0","0","32","0","-","-","-","0","0","0","0","0","0","0","0","0","-","0","0","0","0","0","0","0","0","0","0","0","0","0","0","0","0","0","0","0","0","0","0","0","0","0","0","0","0","0","0","0","0","0","0","0","0","0","0","0","0"
"0x7b3fff76cfa0","      FFMA R28, R20, R16, R28","0","0","0","0","0","0","0","0","32","0","-","-","-","0","0","0","0","0","0","0","0","0","-","0","0","0","0","0","0","0","0","0","0","0","0","0","0","0","0","0","0","0","0","0","0","0","0","0","0","0","0","0","0","0","0","0","0","0","0","0","0","0","0"
"0x7b3fff76cfb0","      FFMA R29, R20, R17, R29","0","0","0","0","0","0","0","0","32","0","-","-","-","0","0","0","0","0","0","0","0","0","-","0","0","0","0","0","0","0","0","0","0","0","0","0","0","0","0","0","0","0","0","0","0","0","0","0","0","0","0","0","0","0","0","0","0","0","0","0","0","0","0"
"0x7b3fff76cfc0","      FFMA R30, R20, R18, R30","0","0","0","0","0","0","0","0","32","0","-","-","-","0","0","0","0","0","0","0","0","0","-","0","0","0","0","0","0","0","0","0","0","0","0","0","0","0","0","0","0","0","0","0","0","0","0","0","0","0","0","0","0","0","0","0","0","0","0","0","0","0","0"
"0x7b3fff76cfd0","      FFMA R31, R20, R19, R31","0","0","0","0","0","0","0","0","32","0","-","-","-","0","0","0","0","0","0","0","0","0","-","0","0","0","0","0","0","0","0","0","0","0","0","0","0","0","0","0","0","0","0","0","0","0","0","0","0","0","0","0","0","0","0","0","0","0","0","0","0","0","0"
"0x7b3fff76cfe0","      FFMA R51, R21, R16, R51","0","0","0","0","0","0","0","0","32","0","-","-","-","0","0","0","0","0","0","0","0","0","-","0","0","0","0","0","0","0","0","0","0","0","0","0","0","0","0","0","0","0","0","0","0","0","0","0","0","0","0","0","0","0","0","0","0","0","0","0","0","0","0"
"0x7b3fff76cff0","      FFMA R52, R21, R17, R52","0","0","0","0","0","0","0","0","32","0","-","-","-","0","0","0","0","0","0","0","0","0","-","0","0","0","0","0","0","0","0","0","0","0","0","0","0","0","0","0","0","0","0","0","0","0","0","0","0","0","0","0","0","0","0","0","0","0","0","0","0","0","0"
"0x7b3fff76d000","      FFMA R53, R21, R18, R53","0","0","0","0","0","0","0","0","32","0","-","-","-","0","0","0","0","0","0","0","0","0","-","0","0","0","0","0","0","0","0","0","0","0","0","0","0","0","0","0","0","0","0","0","0","0","0","0","0","0","0","0","0","0","0","0","0","0","0","0","0","0","0"
"0x7b3fff76d010","      FFMA R56, R21, R19, R56","0","0","0","0","0","0","0","0","32","0","-","-","-","0","0","0","0","0","0","0","0","0","-","0","0","0","0","0","0","0","0","0","0","0","0","0","0","0","0","0","0","0","0","0","0","0","0","0","0","0","0","0","0","0","0","0","0","0","0","0","0","0","0"
"0x7b3fff76d020","      FFMA R57, R22, R16, R57","0","0","0","0","0","0","0","0","32","0","-","-","-","0","0","0","0","0","0","0","0","0","-","0","0","0","0","0","0","0","0","0","0","0","0","0","0","0","0","0","0","0","0","0","0","0","0","0","0","0","0","0","0","0","0","0","0","0","0","0","0","0","0"
"0x7b3fff76d030","      FFMA R58, R22, R17, R58","0","0","0","0","0","0","0","0","32","0","-","-","-","0","0","0","0","0","0","0","0","0","-","0","0","0","0","0","0","0","0","0","0","0","0","0","0","0","0","0","0","0","0","0","0","0","0","0","0","0","0","0","0","0","0","0","0","0","0","0","0","0","0"
"0x7b3fff76d040","      FFMA R59, R22, R18, R59","0","0","0","0","0","0","0","0","32","0","-","-","-","0","0","0","0","0","0","0","0","0","-","0","0","0","0","0","0","0","0","0","0","0","0","0","0","0","0","0","0","0","0","0","0","0","0","0","0","0","0","0","0","0","0","0","0","0","0","0","0","0","0"
"0x7b3fff76d050","      FFMA R63, R22, R19, R63","0","0","0","0","0","0","0","0","32","0","-","-","-","0","0","0","0","0","0","0","0","0","-","0","0","0","0","0","0","0","0","0","0","0","0","0","0","0","0","0","0","0","0","0","0","0","0","0","0","0","0","0","0","0","0","0","0","0","0","0","0","0","0"
"0x7b3fff76d060","      FFMA R45, R23, R16, R45","0","0","0","0","0","0","0","0","32","0","-","-","-","0","0","0","0","0","0","0","0","0","-","0","0","0","0","0","0","0","0","0","0","0","0","0","0","0","0","0","0","0","0","0","0","0","0","0","0","0","0","0","0","0","0","0","0","0","0","0","0","0","0"
"0x7b3fff76d070","      FFMA R46, R23, R17, R46","0","0","0","0","0","0","0","0","32","0","-","-","-","0","0","0","0","0","0","0","0","0","-","0","0","0","0","0","0","0","0","0","0","0","0","0","0","0","0","0","0","0","0","0","0","0","0","0","0","0","0","0","0","0","0","0","0","0","0","0","0","0","0"
"0x7b3fff76d080","      FFMA R44, R23, R18, R44","0","0","0","0","0","0","0","0","32","0","-","-","-","0","0","0","0","0","0","0","0","0","-","0","0","0","0","0","0","0","0","0","0","0","0","0","0","0","0","0","0","0","0","0","0","0","0","0","0","0","0","0","0","0","0","0","0","0","0","0","0","0","0"
"0x7b3fff76d090","      FFMA R47, R23, R19, R47","0","0","0","0","0","0","0","0","32","0","-","-","-","0","0","0","0","0","0","0","0","0","-","0","0","0","0","0","0","0","0","0","0","0","0","0","0","0","0","0","0","0","0","0","0","0","0","0","0","0","0","0","0","0","0","0","0","0","0","0","0","0","0"
"0x7b3fff76d0a0","      FFMA R48, R24, R16, R48","0","0","0","0","0","0","0","0","32","0","-","-","-","0","0","0","0","0","0","0","0","0","-","0","0","0","0","0","0","0","0","0","0","0","0","0","0","0","0","0","0","0","0","0","0","0","0","0","0","0","0","0","0","0","0","0","0","0","0","0","0","0","0"
"0x7b3fff76d0b0","      FFMA R49, R24, R17, R49","0","0","0","0","0","0","0","0","32","0","-","-","-","0","0","0","0","0","0","0","0","0","-","0","0","0","0","0","0","0","0","0","0","0","0","0","0","0","0","0","0","0","0","0","0","0","0","0","0","0","0","0","0","0","0","0","0","0","0","0","0","0","0"
"0x7b3fff76d0c0","      FFMA R50, R24, R18, R50","0","0","0","0","0","0","0","0","32","0","-","-","-","0","0","0","0","0","0","0","0","0","-","0","0","0","0","0","0","0","0","0","0","0","0","0","0","0","0","0","0","0","0","0","0","0","0","0","0","0","0","0","0","0","0","0","0","0","0","0","0","0","0"
"0x7b3fff76d0d0","      FFMA R60, R24, R19, R60","0","0","0","0","0","0","0","0","32","0","-","-","-","0","0","0","0","0","0","0","0","0","-","0","0","0","0","0","0","0","0","0","0","0","0","0","0","0","0","0","0","0","0","0","0","0","0","0","0","0","0","0","0","0","0","0","0","0","0","0","0","0","0"
"0x7b3fff76d0e0","      FFMA R61, R25, R16, R61","0","0","0","0","0","0","0","0","32","0","-","-","-","0","0","0","0","0","0","0","0","0","-","0","0","0","0","0","0","0","0","0","0","0","0","0","0","0","0","0","0","0","0","0","0","0","0","0","0","0","0","0","0","0","0","0","0","0","0","0","0","0","0"
"0x7b3fff76d0f0","      FFMA R39, R25, R17, R39","0","0","0","0","0","0","0","0","32","0","-","-","-","0","0","0","0","0","0","0","0","0","-","0","0","0","0","0","0","0","0","0","0","0","0","0","0","0","0","0","0","0","0","0","0","0","0","0","0","0","0","0","0","0","0","0","0","0","0","0","0","0","0"
"0x7b3fff76d100","      FFMA R38, R25, R18, R38","0","0","0","0","0","0","0","0","32","0","-","-","-","0","0","0","0","0","0","0","0","0","-","0","0","0","0","0","0","0","0","0","0","0","0","0","0","0","0","0","0","0","0","0","0","0","0","0","0","0","0","0","0","0","0","0","0","0","0","0","0","0","0"
"0x7b3fff76d110","      FFMA R42, R25, R19, R42","0","0","0","0","0","0","0","0","32","0","-","-","-","0","0","0","0","0","0","0","0","0","-","0","0","0","0","0","0","0","0","0","0","0","0","0","0","0","0","0","0","0","0","0","0","0","0","0","0","0","0","0","0","0","0","0","0","0","0","0","0","0","0"
"0x7b3fff76d120","      FFMA R41, R26, R16, R41","0","0","0","0","0","0","0","0","32","0","-","-","-","0","0","0","0","0","0","0","0","0","-","0","0","0","0","0","0","0","0","0","0","0","0","0","0","0","0","0","0","0","0","0","0","0","0","0","0","0","0","0","0","0","0","0","0","0","0","0","0","0","0"
"0x7b3fff76d130","      FFMA R43, R26, R17, R43","0","0","0","0","0","0","0","0","32","0","-","-","-","0","0","0","0","0","0","0","0","0","-","0","0","0","0","0","0","0","0","0","0","0","0","0","0","0","0","0","0","0","0","0","0","0","0","0","0","0","0","0","0","0","0","0","0","0","0","0","0","0","0"
"0x7b3fff76d140","      FFMA R40, R26, R18, R40","0","0","0","0","0","0","0","0","32","0","-","-","-","0","0","0","0","0","0","0","0","0","-","0","0","0","0","0","0","0","0","0","0","0","0","0","0","0","0","0","0","0","0","0","0","0","0","0","0","0","0","0","0","0","0","0","0","0","0","0","0","0","0"
"0x7b3fff76d150","      FFMA R62, R26, R19, R62","0","0","0","0","0","0","0","0","32","0","-","-","-","0","0","0","0","0","0","0","0","0","-","0","0","0","0","0","0","0","0","0","0","0","0","0","0","0","0","0","0","0","0","0","0","0","0","0","0","0","0","0","0","0","0","0","0","0","0","0","0","0","0"
"0x7b3fff76d160","      FFMA R66, R27, R16, R66","0","0","0","0","0","0","0","0","32","0","-","-","-","0","0","0","0","0","0","0","0","0","-","0","0","0","0","0","0","0","0","0","0","0","0","0","0","0","0","0","0","0","0","0","0","0","0","0","0","0","0","0","0","0","0","0","0","0","0","0","0","0","0"
"0x7b3fff76d170","      FFMA R67, R27, R17, R67","0","0","0","0","0","0","0","0","32","0","-","-","-","0","0","0","0","0","0","0","0","0","-","0","0","0","0","0","0","0","0","0","0","0","0","0","0","0","0","0","0","0","0","0","0","0","0","0","0","0","0","0","0","0","0","0","0","0","0","0","0","0","0"
"0x7b3fff76d180","      FFMA R68, R27, R18, R68","0","0","0","0","0","0","0","0","32","0","-","-","-","0","0","0","0","0","0","0","0","0","-","0","0","0","0","0","0","0","0","0","0","0","0","0","0","0","0","0","0","0","0","0","0","0","0","0","0","0","0","0","0","0","0","0","0","0","0","0","0","0","0"
"0x7b3fff76d190","      FFMA R69, R27, R19, R69","0","0","0","0","0","0","0","0","32","0","-","-","-","0","0","0","0","0","0","0","0","0","-","0","0","0","0","0","0","0","0","0","0","0","0","0","0","0","0","0","0","0","0","0","0","0","0","0","0","0","0","0","0","0","0","0","0","0","0","0","0","0","0"
"0x7b3fff76d1a0","      BRA.U UP1, 0x7b3fff76d400","0","0","0","0","0","0","0","0","32","0","-","-","-","0","0","0","0","0","0","0","0","0","-","0","0","0","0","0","0","0","0","0","0","0","0","0","0","0","0","0","0","0","0","0","0","0","0","0","0","0","0","0","0","0","0","0","0","0","0","0","0","0","0"
"0x7b3fff76d1b0","      LEA R4, R32, UR8, 0x4","0","0","0","0","0","0","0","0","32","0","-","-","-","0","0","0","0","0","0","0","0","0","-","0","0","0","0","0","0","0","0","0","0","0","0","0","0","0","0","0","0","0","0","0","0","0","0","0","0","0","0","0","0","0","0","0","0","0","0","0","0","0","0"
"0x7b3fff76d1c0","      LEA R3, R3, UR6, 0x4","0","0","0","0","0","0","0","0","32","0","-","-","-","0","0","0","0","0","0","0","0","0","-","0","0","0","0","0","0","0","0","0","0","0","0","0","0","0","0","0","0","0","0","0","0","0","0","0","0","0","0","0","0","0","0","0","0","0","0","0","0","0","0"
"0x7b3fff76d1d0","      LDS.128 R4, [R4]","0","0","0","0","0","0","0","0","32","0","","","","0","0","0","0","0","0","0","0","0","-","0","0","0","0","0","0","0","0","0","0","0","0","0","0","0","0","0","0","0","0","0","0","0","0","0","0","0","0","0","0","0","0","0","0","0","0","0","0","0","0"
"0x7b3fff76d1e0","      LDS.128 R8, [R3]","0","0","0","0","0","0","0","0","32","0","","","","0","0","0","0","0","0","0","0","0","-","0","0","0","0","0","0","0","0","0","0","0","0","0","0","0","0","0","0","0","0","0","0","0","0","0","0","0","0","0","0","0","0","0","0","0","0","0","0","0","0"
"0x7b3fff76d1f0","      LDS.128 R12, [R3+0x80]","0","0","0","0","0","0","0","0","32","0","","","","0","0","0","0","0","0","0","0","0","-","0","0","0","0","0","0","0","0","0","0","0","0","0","0","0","0","0","0","0","0","0","0","0","0","0","0","0","0","0","0","0","0","0","0","0","0","0","0","0","0"
"0x7b3fff76d200","      FFMA R28, R8, R4, R28","0","0","0","0","0","0","0","0","32","0","-","-","-","0","0","0","0","0","0","0","0","0","-","0","0","0","0","0","0","0","0","0","0","0","0","0","0","0","0","0","0","0","0","0","0","0","0","0","0","0","0","0","0","0","0","0","0","0","0","0","0","0","0"
"0x7b3fff76d210","      FFMA R29, R8, R5, R29","0","0","0","0","0","0","0","0","32","0","-","-","-","0","0","0","0","0","0","0","0","0","-","0","0","0","0","0","0","0","0","0","0","0","0","0","0","0","0","0","0","0","0","0","0","0","0","0","0","0","0","0","0","0","0","0","0","0","0","0","0","0","0"
"0x7b3fff76d220","      FFMA R30, R8, R6, R30","0","0","0","0","0","0","0","0","32","0","-","-","-","0","0","0","0","0","0","0","0","0","-","0","0","0","0","0","0","0","0","0","0","0","0","0","0","0","0","0","0","0","0","0","0","0","0","0","0","0","0","0","0","0","0","0","0","0","0","0","0","0","0"
"0x7b3fff76d230","      FFMA R31, R8, R7, R31","0","0","0","0","0","0","0","0","32","0","-","-","-","0","0","0","0","0","0","0","0","0","-","0","0","0","0","0","0","0","0","0","0","0","0","0","0","0","0","0","0","0","0","0","0","0","0","0","0","0","0","0","0","0","0","0","0","0","0","0","0","0","0"
"0x7b3fff76d240","      FFMA R51, R9, R4, R51","0","0","0","0","0","0","0","0","32","0","-","-","-","0","0","0","0","0","0","0","0","0","-","0","0","0","0","0","0","0","0","0","0","0","0","0","0","0","0","0","0","0","0","0","0","0","0","0","0","0","0","0","0","0","0","0","0","0","0","0","0","0","0"
"0x7b3fff76d250","      FFMA R52, R9, R5, R52","0","0","0","0","0","0","0","0","32","0","-","-","-","0","0","0","0","0","0","0","0","0","-","0","0","0","0","0","0","0","0","0","0","0","0","0","0","0","0","0","0","0","0","0","0","0","0","0","0","0","0","0","0","0","0","0","0","0","0","0","0","0","0"
"0x7b3fff76d260","      FFMA R53, R9, R6, R53","0","0","0","0","0","0","0","0","32","0","-","-","-","0","0","0","0","0","0","0","0","0","-","0","0","0","0","0","0","0","0","0","0","0","0","0","0","0","0","0","0","0","0","0","0","0","0","0","0","0","0","0","0","0","0","0","0","0","0","0","0","0","0"
"0x7b3fff76d270","      FFMA R56, R9, R7, R56","0","0","0","0","0","0","0","0","32","0","-","-","-","0","0","0","0","0","0","0","0","0","-","0","0","0","0","0","0","0","0","0","0","0","0","0","0","0","0","0","0","0","0","0","0","0","0","0","0","0","0","0","0","0","0","0","0","0","0","0","0","0","0"
"0x7b3fff76d280","      FFMA R57, R10, R4, R57","0","0","0","0","0","0","0","0","32","0","-","-","-","0","0","0","0","0","0","0","0","0","-","0","0","0","0","0","0","0","0","0","0","0","0","0","0","0","0","0","0","0","0","0","0","0","0","0","0","0","0","0","0","0","0","0","0","0","0","0","0","0","0"
"0x7b3fff76d290","      FFMA R58, R10, R5, R58","0","0","0","0","0","0","0","0","32","0","-","-","-","0","0","0","0","0","0","0","0","0","-","0","0","0","0","0","0","0","0","0","0","0","0","0","0","0","0","0","0","0","0","0","0","0","0","0","0","0","0","0","0","0","0","0","0","0","0","0","0","0","0"
"0x7b3fff76d2a0","      FFMA R59, R10, R6, R59","0","0","0","0","0","0","0","0","32","0","-","-","-","0","0","0","0","0","0","0","0","0","-","0","0","0","0","0","0","0","0","0","0","0","0","0","0","0","0","0","0","0","0","0","0","0","0","0","0","0","0","0","0","0","0","0","0","0","0","0","0","0","0"
"0x7b3fff76d2b0","      FFMA R63, R10, R7, R63","0","0","0","0","0","0","0","0","32","0","-","-","-","0","0","0","0","0","0","0","0","0","-","0","0","0","0","0","0","0","0","0","0","0","0","0","0","0","0","0","0","0","0","0","0","0","0","0","0","0","0","0","0","0","0","0","0","0","0","0","0","0","0"
"0x7b3fff76d2c0","      FFMA R45, R11, R4, R45","0","0","0","0","0","0","0","0","32","0","-","-","-","0","0","0","0","0","0","0","0","0","-","0","0","0","0","0","0","0","0","0","0","0","0","0","0","0","0","0","0","0","0","0","0","0","0","0","0","0","0","0","0","0","0","0","0","0","0","0","0","0","0"
"0x7b3fff76d2d0","      FFMA R46, R11, R5, R46","0","0","0","0","0","0","0","0","32","0","-","-","-","0","0","0","0","0","0","0","0","0","-","0","0","0","0","0","0","0","0","0","0","0","0","0","0","0","0","0","0","0","0","0","0","0","0","0","0","0","0","0","0","0","0","0","0","0","0","0","0","0","0"
"0x7b3fff76d2e0","      FFMA R44, R11, R6, R44","0","0","0","0","0","0","0","0","32","0","-","-","-","0","0","0","0","0","0","0","0","0","-","0","0","0","0","0","0","0","0","0","0","0","0","0","0","0","0","0","0","0","0","0","0","0","0","0","0","0","0","0","0","0","0","0","0","0","0","0","0","0","0"
"0x7b3fff76d2f0","      FFMA R47, R11, R7, R47","0","0","0","0","0","0","0","0","32","0","-","-","-","0","0","0","0","0","0","0","0","0","-","0","0","0","0","0","0","0","0","0","0","0","0","0","0","0","0","0","0","0","0","0","0","0","0","0","0","0","0","0","0","0","0","0","0","0","0","0","0","0","0"
"0x7b3fff76d300","      FFMA R48, R12, R4, R48","0","0","0","0","0","0","0","0","32","0","-","-","-","0","0","0","0","0","0","0","0","0","-","0","0","0","0","0","0","0","0","0","0","0","0","0","0","0","0","0","0","0","0","0","0","0","0","0","0","0","0","0","0","0","0","0","0","0","0","0","0","0","0"
"0x7b3fff76d310","      FFMA R49, R12, R5, R49","0","0","0","0","0","0","0","0","32","0","-","-","-","0","0","0","0","0","0","0","0","0","-","0","0","0","0","0","0","0","0","0","0","0","0","0","0","0","0","0","0","0","0","0","0","0","0","0","0","0","0","0","0","0","0","0","0","0","0","0","0","0","0"
"0x7b3fff76d320","      FFMA R50, R12, R6, R50","0","0","0","0","0","0","0","0","32","0","-","-","-","0","0","0","0","0","0","0","0","0","-","0","0","0","0","0","0","0","0","0","0","0","0","0","0","0","0","0","0","0","0","0","0","0","0","0","0","0","0","0","0","0","0","0","0","0","0","0","0","0","0"
"0x7b3fff76d330","      FFMA R60, R12, R7, R60","0","0","0","0","0","0","0","0","32","0","-","-","-","0","0","0","0","0","0","0","0","0","-","0","0","0","0","0","0","0","0","0","0","0","0","0","0","0","0","0","0","0","0","0","0","0","0","0","0","0","0","0","0","0","0","0","0","0","0","0","0","0","0"
"0x7b3fff76d340","      FFMA R61, R13, R4, R61","0","0","0","0","0","0","0","0","32","0","-","-","-","0","0","0","0","0","0","0","0","0","-","0","0","0","0","0","0","0","0","0","0","0","0","0","0","0","0","0","0","0","0","0","0","0","0","0","0","0","0","0","0","0","0","0","0","0","0","0","0","0","0"
"0x7b3fff76d350","      FFMA R39, R13, R5, R39","0","0","0","0","0","0","0","0","32","0","-","-","-","0","0","0","0","0","0","0","0","0","-","0","0","0","0","0","0","0","0","0","0","0","0","0","0","0","0","0","0","0","0","0","0","0","0","0","0","0","0","0","0","0","0","0","0","0","0","0","0","0","0"
"0x7b3fff76d360","      FFMA R38, R13, R6, R38","0","0","0","0","0","0","0","0","32","0","-","-","-","0","0","0","0","0","0","0","0","0","-","0","0","0","0","0","0","0","0","0","0","0","0","0","0","0","0","0","0","0","0","0","0","0","0","0","0","0","0","0","0","0","0","0","0","0","0","0","0","0","0"
"0x7b3fff76d370","      FFMA R42, R13, R7, R42","0","0","0","0","0","0","0","0","32","0","-","-","-","0","0","0","0","0","0","0","0","0","-","0","0","0","0","0","0","0","0","0","0","0","0","0","0","0","0","0","0","0","0","0","0","0","0","0","0","0","0","0","0","0","0","0","0","0","0","0","0","0","0"
"0x7b3fff76d380","      FFMA R41, R14, R4, R41","0","0","0","0","0","0","0","0","32","0","-","-","-","0","0","0","0","0","0","0","0","0","-","0","0","0","0","0","0","0","0","0","0","0","0","0","0","0","0","0","0","0","0","0","0","0","0","0","0","0","0","0","0","0","0","0","0","0","0","0","0","0","0"
"0x7b3fff76d390","      FFMA R43, R14, R5, R43","0","0","0","0","0","0","0","0","32","0","-","-","-","0","0","0","0","0","0","0","0","0","-","0","0","0","0","0","0","0","0","0","0","0","0","0","0","0","0","0","0","0","0","0","0","0","0","0","0","0","0","0","0","0","0","0","0","0","0","0","0","0","0"
"0x7b3fff76d3a0","      FFMA R40, R14, R6, R40","0","0","0","0","0","0","0","0","32","0","-","-","-","0","0","0","0","0","0","0","0","0","-","0","0","0","0","0","0","0","0","0","0","0","0","0","0","0","0","0","0","0","0","0","0","0","0","0","0","0","0","0","0","0","0","0","0","0","0","0","0","0","0"
"0x7b3fff76d3b0","      FFMA R62, R14, R7, R62","0","0","0","0","0","0","0","0","32","0","-","-","-","0","0","0","0","0","0","0","0","0","-","0","0","0","0","0","0","0","0","0","0","0","0","0","0","0","0","0","0","0","0","0","0","0","0","0","0","0","0","0","0","0","0","0","0","0","0","0","0","0","0"
"0x7b3fff76d3c0","      FFMA R66, R15, R4, R66","0","0","0","0","0","0","0","0","32","0","-","-","-","0","0","0","0","0","0","0","0","0","-","0","0","0","0","0","0","0","0","0","0","0","0","0","0","0","0","0","0","0","0","0","0","0","0","0","0","0","0","0","0","0","0","0","0","0","0","0","0","0","0"
"0x7b3fff76d3d0","      FFMA R67, R15, R5, R67","0","0","0","0","0","0","0","0","32","0","-","-","-","0","0","0","0","0","0","0","0","0","-","0","0","0","0","0","0","0","0","0","0","0","0","0","0","0","0","0","0","0","0","0","0","0","0","0","0","0","0","0","0","0","0","0","0","0","0","0","0","0","0"
"0x7b3fff76d3e0","      FFMA R68, R15, R6, R68","0","0","0","0","0","0","0","0","32","0","-","-","-","0","0","0","0","0","0","0","0","0","-","0","0","0","0","0","0","0","0","0","0","0","0","0","0","0","0","0","0","0","0","0","0","0","0","0","0","0","0","0","0","0","0","0","0","0","0","0","0","0","0"
"0x7b3fff76d3f0","      FFMA R69, R15, R7, R69","0","0","0","0","0","0","0","0","32","0","-","-","-","0","0","0","0","0","0","0","0","0","-","0","0","0","0","0","0","0","0","0","0","0","0","0","0","0","0","0","0","0","0","0","0","0","0","0","0","0","0","0","0","0","0","0","0","0","0","0","0","0","0"
"0x7b3fff76d400","      LDCU UR4, c[0x0][0x430]","4","0","4","10752","344064","344064","32","32","0","0","-","-","-","0","0","0","0","0","0","0","0","0","-","0","0","0","0","0","0","0","0","1","0","0","0","0","0","0","0","3","0","0","0","0","0","0","0","0","0","0","0","0","0","0","0","0","0","0","0","0","0","0","0"
"0x7b3fff76d410","      LDCU.64 UR10, c[0x0][0x428]","0","0","0","10752","344064","344064","32","32","0","0","-","-","-","0","0","0","0","0","0","0","0","0","-","0","0","0","0","0","0","0","0","0","0","0","0","0","0","0","0","0","0","0","0","0","0","0","0","0","0","0","0","0","0","0","0","0","0","0","0","0","0","0","0"
"0x7b3fff76d420","      LDCU UR5, c[0x0][0x3e8]","2","0","2","10752","344064","344064","32","32","0","0","-","-","-","0","0","0","0","0","0","0","0","0","-","0","0","0","0","0","0","0","0","0","0","0","0","0","0","0","0","0","0","2","0","0","0","0","0","0","0","0","0","0","0","0","0","0","0","0","0","0","0","0","0"
"0x7b3fff76d430","      ISETP.NE.AND P0, PT, RZ, UR4, PT","5","0","5","10752","344064","344064","32","32","0","0","-","-","-","0","0","0","0","0","0","0","0","0","-","0","0","0","0","0","0","0","0","0","0","0","0","0","0","0","0","0","3","0","2","0","0","0","0","0","0","0","0","0","0","0","0","0","0","0","0","0","0","0","0"
"0x7b3fff76d440","      MOV R21, UR11","0","0","0","10752","344064","344064","32","32","0","0","-","-","-","0","0","0","0","0","0","0","0","0","-","0","0","0","0","0","0","0","0","0","0","0","0","0","0","0","0","0","0","0","0","0","0","0","0","0","0","0","0","0","0","0","0","0","0","0","0","0","0","0","0"
"0x7b3fff76d450","@P0   LDC.64 R6, c[0x0][0x420]","7","2","7","10752","344064","0","32","0","32","0","-","-","-","0","0","0","0","0","0","0","0","0","-","0","0","0","0","0","0","0","0","0","0","0","0","0","0","0","0","0","3","0","0","0","0","4","0","0","0","0","0","0","0","0","0","0","0","0","0","0","0","0","2"
"0x7b3fff76d460","@P0   LDG.E R21, desc[UR24][R6.64]","9","0","9","10752","344064","0","32","0","32","0","","Load","32","0","0","0","0","0","0","0","0","0","","0","0","0","0","0","0","0","0","2","0","0","0","0","0","0","0","0","1","0","6","0","0","0","0","0","0","0","0","0","0","0","0","0","0","0","0","0","0","0","0"
"0x7b3fff76d470","@P0   LDC.64 R4, c[0x0][0x418]","2","0","2","10752","344064","0","32","0","32","0","-","-","-","0","0","0","0","0","0","0","0","0","-","0","0","0","0","0","0","0","0","1","0","0","0","0","0","0","0","0","0","0","0","0","0","1","0","0","0","0","0","0","0","0","0","0","0","0","0","0","0","0","0"
"0x7b3fff76d480","      MOV R22, UR10","1","0","1","10752","344064","344064","32","32","0","0","-","-","-","0","0","0","0","0","0","0","0","0","-","0","0","0","0","0","0","0","0","0","0","0","0","0","0","0","0","0","0","1","0","0","0","0","0","0","0","0","0","0","0","0","0","0","0","0","0","0","0","0","0"
"0x7b3fff76d490","@P0   LDG.E R22, desc[UR24][R4.64]","14","6","14","10752","344064","0","32","0","32","0","","Load","32","0","0","0","0","0","0","0","0","0","","0","0","0","0","0","0","0","0","2","0","0","0","0","0","0","0","0","1","0","7","0","0","4","0","0","0","0","0","0","0","0","0","0","0","0","0","2","0","0","4"
"0x7b3fff76d4a0","      LEA R24, R2, UR9, 0x2","0","0","0","10752","344064","344064","32","32","0","0","-","-","-","0","0","0","0","0","0","0","0","0","-","0","0","0","0","0","0","0","0","0","0","0","0","0","0","0","0","0","0","0","0","0","0","0","0","0","0","0","0","0","0","0","0","0","0","0","0","0","0","0","0"
"0x7b3fff76d4b0","      USHF.R.S32.HI UR4, URZ, 0x1f, UR5","0","0","0","10752","344064","344064","32","32","0","0","-","-","-","0","0","0","0","0","0","0","0","0","-","0","0","0","0","0","0","0","0","0","0","0","0","0","0","0","0","0","0","0","0","0","0","0","0","0","0","0","0","0","0","0","0","0","0","0","0","0","0","0","0"
"0x7b3fff76d4c0","      BSSY.RECONVERGENT B0, 0x7b3fff76d820","1","0","1","10752","344064","344064","32","32","0","0","-","-","-","0","0","0","0","0","0","0","0","0","-","0","0","0","0","0","0","0","0","1","0","0","0","0","0","0","0","0","0","0","0","0","0","0","0","0","0","0","0","0","0","0","0","0","0","0","0","0","0","0","0"
"0x7b3fff76d4d0","      LEA R18, R0, UR7, 0x2","0","0","0","10752","344064","344064","32","32","0","0","-","-","-","0","0","0","0","0","0","0","0","0","-","0","0","0","0","0","0","0","0","0","0","0","0","0","0","0","0","0","0","0","0","0","0","0","0","0","0","0","0","0","0","0","0","0","0","0","0","0","0","0","0"
"0x7b3fff76d4e0","      IMAD.WIDE.U32 R2, R24, UR5, RZ","2","0","2","10752","344064","344064","32","32","0","0","-","-","-","0","0","0","0","0","0","0","0","0","-","0","0","0","0","0","0","0","0","0","0","0","0","0","0","0","0","0","1","1","0","0","0","0","0","0","0","0","0","0","0","0","0","0","0","0","0","0","0","0","0"
"0x7b3fff76d4f0","      IMAD R3, R24, UR4, R3","3","1","3","10752","344064","344064","32","32","0","0","-","-","-","0","0","0","0","0","0","0","0","0","-","0","0","0","0","0","0","0","0","0","0","0","0","1","0","0","0","0","1","0","0","0","0","1","0","0","0","0","0","0","0","0","0","0","0","0","0","0","0","0","1"
"0x7b3fff76d500","      FSETP.NEU.AND P2, PT, R21, RZ, PT","0","0","0","10752","344064","344064","32","32","0","0","-","-","-","0","0","0","0","0","0","0","0","0","-","0","0","0","0","0","0","0","0","0","0","0","0","0","0","0","0","0","0","0","0","0","0","0","0","0","0","0","0","0","0","0","0","0","0","0","0","0","0","0","0"
"0x7b3fff76d510","@!P2  BRA 0x7b3fff76d700","3","0","3","10752","344064","344064","32","32","0","0","-","-","-","0","0","0","0","0","0","0","0","0","-","0","0","0","0","0","0","0","0","0","0","0","0","0","0","0","0","0","0","0","0","0","0","3","0","0","0","0","0","0","0","0","0","0","0","0","0","0","0","0","0"
"0x7b3fff76d520","      LDCU.64 UR6, c[0x0][0x380]","2","1","2","0","0","0","0","0","32","0","-","-","-","0","0","0","0","0","0","0","0","0","-","0","0","0","0","0","0","0","0","0","0","0","0","0","0","0","0","0","0","0","0","0","0","2","0","0","0","0","0","0","0","0","0","0","0","0","0","0","0","0","1"
"0x7b3fff76d530","      IADD3 R20, PT, PT, R18, 0x1, RZ","0","0","0","0","0","0","0","0","32","0","-","-","-","0","0","0","0","0","0","0","0","0","-","0","0","0","0","0","0","0","0","0","0","0","0","0","0","0","0","0","0","0","0","0","0","0","0","0","0","0","0","0","0","0","0","0","0","0","0","0","0","0","0"
"0x7b3fff76d540","      IADD3 R37, PT, PT, R18, 0x2, RZ","0","0","0","0","0","0","0","0","32","0","-","-","-","0","0","0","0","0","0","0","0","0","-","0","0","0","0","0","0","0","0","0","0","0","0","0","0","0","0","0","0","0","0","0","0","0","0","0","0","0","0","0","0","0","0","0","0","0","0","0","0","0","0"
"0x7b3fff76d550","      SHF.R.S32.HI R19, RZ, 0x1f, R18","0","0","0","0","0","0","0","0","32","0","-","-","-","0","0","0","0","0","0","0","0","0","-","0","0","0","0","0","0","0","0","0","0","0","0","0","0","0","0","0","0","0","0","0","0","0","0","0","0","0","0","0","0","0","0","0","0","0","0","0","0","0","0"
"0x7b3fff76d560","      IADD.64 R6, R2, R18","0","0","0","0","0","0","0","0","32","0","-","-","-","0","0","0","0","0","0","0","0","0","-","0","0","0","0","0","0","0","0","0","0","0","0","0","0","0","0","0","0","0","0","0","0","0","0","0","0","0","0","0","0","0","0","0","0","0","0","0","0","0","0"
"0x7b3fff76d570","      LEA R4, P4, R6, UR26, 0x2","0","0","0","0","0","0","0","0","32","0","-","-","-","0","0","0","0","0","0","0","0","0","-","0","0","0","0","0","0","0","0","0","0","0","0","0","0","0","0","0","0","0","0","0","0","0","0","0","0","0","0","0","0","0","0","0","0","0","0","0","0","0","0"
"0x7b3fff76d580","      LEA.HI.X R5, R6, UR27, R7, 0x2, P4","0","0","0","0","0","0","0","0","32","0","-","-","-","0","0","0","0","0","0","0","0","0","-","0","0","0","0","0","0","0","0","0","0","0","0","0","0","0","0","0","0","0","0","0","0","0","0","0","0","0","0","0","0","0","0","0","0","0","0","0","0","0","0"
"0x7b3fff76d590","      ISETP.GE.AND P0, PT, R18, UR6, PT","0","0","0","0","0","0","0","0","32","0","-","-","-","0","0","0","0","0","0","0","0","0","-","0","0","0","0","0","0","0","0","0","0","0","0","0","0","0","0","0","0","0","0","0","0","0","0","0","0","0","0","0","0","0","0","0","0","0","0","0","0","0","0"
"0x7b3fff76d5a0","      ISETP.GE.AND P1, PT, R20, UR6, PT","0","0","0","0","0","0","0","0","32","0","-","-","-","0","0","0","0","0","0","0","0","0","-","0","0","0","0","0","0","0","0","0","0","0","0","0","0","0","0","0","0","0","0","0","0","0","0","0","0","0","0","0","0","0","0","0","0","0","0","0","0","0","0"
"0x7b3fff76d5b0","      ISETP.GE.AND P3, PT, R37, UR6, PT","0","0","0","0","0","0","0","0","32","0","-","-","-","0","0","0","0","0","0","0","0","0","-","0","0","0","0","0","0","0","0","0","0","0","0","0","0","0","0","0","0","0","0","0","0","0","0","0","0","0","0","0","0","0","0","0","0","0","0","0","0","0","0"
"0x7b3fff76d5c0","      ISETP.GE.OR P0, PT, R24, UR7, P0","0","0","0","0","0","0","0","0","32","0","-","-","-","0","0","0","0","0","0","0","0","0","-","0","0","0","0","0","0","0","0","0","0","0","0","0","0","0","0","0","0","0","0","0","0","0","0","0","0","0","0","0","0","0","0","0","0","0","0","0","0","0","0"
"0x7b3fff76d5d0","      ISETP.GE.OR P1, PT, R24, UR7, P1","0","0","0","0","0","0","0","0","32","0","-","-","-","0","0","0","0","0","0","0","0","0","-","0","0","0","0","0","0","0","0","0","0","0","0","0","0","0","0","0","0","0","0","0","0","0","0","0","0","0","0","0","0","0","0","0","0","0","0","0","0","0","0"
"0x7b3fff76d5e0","      ISETP.GE.OR P3, PT, R24, UR7, P3","0","0","0","0","0","0","0","0","32","0","-","-","-","0","0","0","0","0","0","0","0","0","-","0","0","0","0","0","0","0","0","0","0","0","0","0","0","0","0","0","0","0","0","0","0","0","0","0","0","0","0","0","0","0","0","0","0","0","0","0","0","0","0"
"0x7b3fff76d5f0","@!P0  LD.E R7, desc[UR24][R4.64]","0","0","0","0","0","0","0","0","32","0","","","","0","0","0","0","0","0","0","0","0","","0","0","0","0","0","0","0","0","0","0","0","0","0","0","0","0","0","0","0","0","0","0","0","0","0","0","0","0","0","0","0","0","0","0","0","0","0","0","0","0"
"0x7b3fff76d600","@!P1  LD.E R9, desc[UR24][R4.64+0x4]","0","0","0","0","0","0","0","0","32","0","","","","0","0","0","0","0","0","0","0","0","","0","0","0","0","0","0","0","0","0","0","0","0","0","0","0","0","0","0","0","0","0","0","0","0","0","0","0","0","0","0","0","0","0","0","0","0","0","0","0","0"
"0x7b3fff76d610","@!P3  LD.E R11, desc[UR24][R4.64+0x8]","0","0","0","0","0","0","0","0","32","0","","","","0","0","0","0","0","0","0","0","0","","0","0","0","0","0","0","0","0","0","0","0","0","0","0","0","0","0","0","0","0","0","0","0","0","0","0","0","0","0","0","0","0","0","0","0","0","0","0","0","0"
"0x7b3fff76d620","      IADD3 R35, PT, PT, R18, 0x3, RZ","0","0","0","0","0","0","0","0","32","0","-","-","-","0","0","0","0","0","0","0","0","0","-","0","0","0","0","0","0","0","0","0","0","0","0","0","0","0","0","0","0","0","0","0","0","0","0","0","0","0","0","0","0","0","0","0","0","0","0","0","0","0","0"
"0x7b3fff76d630","@!P0  FMUL R0, R28, R22","0","0","0","0","0","0","0","0","32","0","-","-","-","0","0","0","0","0","0","0","0","0","-","0","0","0","0","0","0","0","0","0","0","0","0","0","0","0","0","0","0","0","0","0","0","0","0","0","0","0","0","0","0","0","0","0","0","0","0","0","0","0","0"
"0x7b3fff76d640","@!P1  FMUL R6, R51, R22","0","0","0","0","0","0","0","0","32","0","-","-","-","0","0","0","0","0","0","0","0","0","-","0","0","0","0","0","0","0","0","0","0","0","0","0","0","0","0","0","0","0","0","0","0","0","0","0","0","0","0","0","0","0","0","0","0","0","0","0","0","0","0"
"0x7b3fff76d650","@!P3  FMUL R8, R57, R22","0","0","0","0","0","0","0","0","32","0","-","-","-","0","0","0","0","0","0","0","0","0","-","0","0","0","0","0","0","0","0","0","0","0","0","0","0","0","0","0","0","0","0","0","0","0","0","0","0","0","0","0","0","0","0","0","0","0","0","0","0","0","0"
"0x7b3fff76d660","      ISETP.GE.AND P4, PT, R35, UR6, PT","0","0","0","0","0","0","0","0","32","0","-","-","-","0","0","0","0","0","0","0","0","0","-","0","0","0","0","0","0","0","0","0","0","0","0","0","0","0","0","0","0","0","0","0","0","0","0","0","0","0","0","0","0","0","0","0","0","0","0","0","0","0","0"
"0x7b3fff76d670","      ISETP.GE.OR P4, PT, R24, UR7, P4","0","0","0","0","0","0","0","0","32","0","-","-","-","0","0","0","0","0","0","0","0","0","-","0","0","0","0","0","0","0","0","0","0","0","0","0","0","0","0","0","0","0","0","0","0","0","0","0","0","0","0","0","0","0","0","0","0","0","0","0","0","0","0"
"0x7b3fff76d680","@!P0  FFMA R28, R7, R21, R0","0","0","0","0","0","0","0","0","32","0","-","-","-","0","0","0","0","0","0","0","0","0","-","0","0","0","0","0","0","0","0","0","0","0","0","0","0","0","0","0","0","0","0","0","0","0","0","0","0","0","0","0","0","0","0","0","0","0","0","0","0","0","0"
"0x7b3fff76d690","@!P1  FFMA R51, R9, R21, R6","0","0","0","0","0","0","0","0","32","0","-","-","-","0","0","0","0","0","0","0","0","0","-","0","0","0","0","0","0","0","0","0","0","0","0","0","0","0","0","0","0","0","0","0","0","0","0","0","0","0","0","0","0","0","0","0","0","0","0","0","0","0","0"
"0x7b3fff76d6a0","@!P3  FFMA R57, R11, R21, R8","0","0","0","0","0","0","0","0","32","0","-","-","-","0","0","0","0","0","0","0","0","0","-","0","0","0","0","0","0","0","0","0","0","0","0","0","0","0","0","0","0","0","0","0","0","0","0","0","0","0","0","0","0","0","0","0","0","0","0","0","0","0","0"
"0x7b3fff76d6b0","@P4   BRA 0x7b3fff76d810","0","0","0","0","0","0","0","0","32","0","-","-","-","0","0","0","0","0","0","0","0","0","-","0","0","0","0","0","0","0","0","0","0","0","0","0","0","0","0","0","0","0","0","0","0","0","0","0","0","0","0","0","0","0","0","0","0","0","0","0","0","0","0"
"0x7b3fff76d6c0","      LD.E R5, desc[UR24][R4.64+0xc]","0","0","0","0","0","0","0","0","32","0","","","","0","0","0","0","0","0","0","0","0","","0","0","0","0","0","0","0","0","0","0","0","0","0","0","0","0","0","0","0","0","0","0","0","0","0","0","0","0","0","0","0","0","0","0","0","0","0","0","0","0"
"0x7b3fff76d6d0","      FMUL R0, R45, R22","0","0","0","0","0","0","0","0","32","0","-","-","-","0","0","0","0","0","0","0","0","0","-","0","0","0","0","0","0","0","0","0","0","0","0","0","0","0","0","0","0","0","0","0","0","0","0","0","0","0","0","0","0","0","0","0","0","0","0","0","0","0","0"
"0x7b3fff76d6e0","      FFMA R45, R5, R21, R0","0","0","0","0","0","0","0","0","32","0","-","-","-","0","0","0","0","0","0","0","0","0","-","0","0","0","0","0","0","0","0","0","0","0","0","0","0","0","0","0","0","0","0","0","0","0","0","0","0","0","0","0","0","0","0","0","0","0","0","0","0","0","0"
"0x7b3fff76d6f0","      BRA 0x7b3fff76d810","0","0","0","0","0","0","0","0","32","0","-","-","-","0","0","0","0","0","0","0","0","0","-","0","0","0","0","0","0","0","0","0","0","0","0","0","0","0","0","0","0","0","0","0","0","0","0","0","0","0","0","0","0","0","0","0","0","0","0","0","0","0","0"
"0x7b3fff76d700","      LDCU.64 UR6, c[0x0][0x380]","11","3","11","10752","344064","344064","32","32","0","0","-","-","-","0","0","0","0","0","0","0","0","0","-","0","0","0","0","0","0","0","0","0","0","0","0","0","0","0","0","10","1","0","0","0","0","0","0","0","0","0","0","0","0","0","0","0","3","0","0","0","0","0","0"
"0x7b3fff76d710","      IADD3 R20, PT, PT, R18, 0x1, RZ","1","0","1","10752","344064","344064","32","32","0","0","-","-","-","0","0","0","0","0","0","0","0","0","-","0","0","0","0","0","0","0","0","0","0","0","0","0","0","0","0","0","0","1","0","0","0","0","0","0","0","0","0","0","0","0","0","0","0","0","0","0","0","0","0"
"0x7b3fff76d720","      IADD3 R37, PT, PT, R18, 0x2, RZ","1","0","1","10752","344064","344064","32","32","0","0","-","-","-","0","0","0","0","0","0","0","0","0","-","0","0","0","0","0","0","0","0","0","0","0","0","0","0","0","0","0","0","0","0","0","0","1","0","0","0","0","0","0","0","0","0","0","0","0","0","0","0","0","0"
"0x7b3fff76d730","      IADD3 R35, PT, PT, R18, 0x3, RZ","3","0","3","10752","344064","344064","32","32","0","0","-","-","-","0","0","0","0","0","0","0","0","0","-","0","0","0","0","0","0","0","0","0","0","0","0","0","0","0","0","0","1","1","0","0","0","1","0","0","0","0","0","0","0","0","0","0","0","0","0","0","0","0","0"
"0x7b3fff76d740","      FMUL R5, R28, R22","0","0","0","10752","344064","344064","32","32","0","0","-","-","-","0","0","0","0","0","0","0","0","0","-","0","0","0","0","0","0","0","0","0","0","0","0","0","0","0","0","0","0","0","0","0","0","0","0","0","0","0","0","0","0","0","0","0","0","0","0","0","0","0","0"
"0x7b3fff76d750","      FMUL R0, R51, R22","2","0","2","10752","344064","344064","32","32","0","0","-","-","-","0","0","0","0","0","0","0","0","0","-","0","0","0","0","0","0","0","0","1","0","0","0","0","0","0","0","0","0","1","0","0","0","0","0","0","0","0","0","0","0","0","0","0","0","0","0","0","0","0","0"
"0x7b3fff76d760","      FMUL R4, R57, R22","1","0","1","10752","344064","344064","32","32","0","0","-","-","-","0","0","0","0","0","0","0","0","0","-","0","0","0","0","0","0","0","0","0","0","0","0","0","0","0","0","0","0","1","0","0","0","0","0","0","0","0","0","0","0","0","0","0","0","0","0","0","0","0","0"
"0x7b3fff76d770","      FMUL R6, R45, R22","1","0","1","10752","344064","344064","32","32","0","0","-","-","-","0","0","0","0","0","0","0","0","0","-","0","0","0","0","0","0","0","0","1","0","0","0","0","0","0","0","0","0","0","0","0","0","0","0","0","0","0","0","0","0","0","0","0","0","0","0","0","0","0","0"
"0x7b3fff76d780","      ISETP.GE.AND P0, PT, R24, UR7, PT","1","0","1","10752","344064","344064","32","32","0","0","-","-","-","0","0","0","0","0","0","0","0","0","-","0","0","0","0","0","0","0","0","0","0","0","0","0","0","0","0","0","1","0","0","0","0","0","0","0","0","0","0","0","0","0","0","0","0","0","0","0","0","0","0"
"0x7b3fff76d790","      ISETP.GE.AND P1, PT, R18, UR6, PT","0","0","0","10752","344064","344064","32","32","0","0","-","-","-","0","0","0","0","0","0","0","0","0","-","0","0","0","0","0","0","0","0","0","0","0","0","0","0","0","0","0","0","0","0","0","0","0","0","0","0","0","0","0","0","0","0","0","0","0","0","0","0","0","0"
"0x7b3fff76d7a0","      ISETP.GE.AND P3, PT, R20, UR6, PT","0","0","0","10752","344064","344064","32","32","0","0","-","-","-","0","0","0","0","0","0","0","0","0","-","0","0","0","0","0","0","0","0","0","0","0","0","0","0","0","0","0","0","0","0","0","0","0","0","0","0","0","0","0","0","0","0","0","0","0","0","0","0","0","0"
"0x7b3fff76d7b0","      ISETP.GE.AND P4, PT, R37, UR6, PT","0","0","0","10752","344064","344064","32","32","0","0","-","-","-","0","0","0","0","0","0","0","0","0","-","0","0","0","0","0","0","0","0","0","0","0","0","0","0","0","0","0","0","0","0","0","0","0","0","0","0","0","0","0","0","0","0","0","0","0","0","0","0","0","0"
"0x7b3fff76d7c0","      ISETP.GE.AND P5, PT, R35, UR6, PT","0","0","0","10752","344064","344064","32","32","0","0","-","-","-","0","0","0","0","0","0","0","0","0","-","0","0","0","0","0","0","0","0","0","0","0","0","0","0","0","0","0","0","0","0","0","0","0","0","0","0","0","0","0","0","0","0","0","0","0","0","0","0","0","0"
"0x7b3fff76d7d0","@!P0  FSEL R28, R5, R28, !P1","4","0","4","10752","344064","344064","32","32","0","0","-","-","-","0","0","0","0","0","0","0","0","0","-","0","0","0","0","0","0","0","0","0","0","0","0","0","0","0","0","0","3","0","0","0","0","1","0","0","0","0","0","0","0","0","0","0","0","0","0","0","0","0","0"
"0x7b3fff76d7e0","@!P0  FSEL R51, R0, R51, !P3","0","0","0","10752","344064","344064","32","32","0","0","-","-","-","0","0","0","0","0","0","0","0","0","-","0","0","0","0","0","0","0","0","0","0","0","0","0","0","0","0","0","0","0","0","0","0","0","0","0","0","0","0","0","0","0","0","0","0","0","0","0","0","0","0"
"0x7b3fff76d7f0","@!P0  FSEL R57, R4, R57, !P4","0","0","0","10752","344064","344064","32","32","0","0","-","-","-","0","0","0","0","0","0","0","0","0","-","0","0","0","0","0","0","0","0","0","0","0","0","0","0","0","0","0","0","0","0","0","0","0","0","0","0","0","0","0","0","0","0","0","0","0","0","0","0","0","0"
"0x7b3fff76d800","@!P0  FSEL R45, R6, R45, !P5","1","0","1","10752","344064","344064","32","32","0","0","-","-","-","0","0","0","0","0","0","0","0","0","-","0","0","0","0","0","0","0","0","0","0","0","0","0","0","0","0","0","0","1","0","0","0","0","0","0","0","0","0","0","0","0","0","0","0","0","0","0","0","0","0"
"0x7b3fff76d810","      BSYNC.RECONVERGENT B0","2","0","2","10752","344064","344064","32","32","0","0","-","-","-","0","0","0","0","0","0","0","0","0","-","0","0","0","0","0","0","0","0","1","0","0","0","0","0","0","0","0","0","0","0","0","0","1","0","0","0","0","0","0","0","0","0","0","0","0","0","0","0","0","0"
"0x7b3fff76d820","      IADD3 R16, PT, PT, R18, 0x20, RZ","4","1","4","10752","344064","344064","32","32","0","0","-","-","-","0","0","0","0","0","0","0","0","0","-","0","0","0","0","0","0","0","2","0","0","0","0","0","0","0","0","0","1","0","0","0","0","1","0","0","0","0","0","0","0","0","0","0","0","0","0","0","0","0","1"
"0x7b3fff76d830","@P2   BRA 0x7b3fff76d950","2","0","2","10752","344064","0","32","0","32","0","-","-","-","0","0","0","0","0","0","0","0","0","-","0","0","0","0","0","0","0","0","1","0","0","0","0","0","0","0","0","0","1","0","0","0","0","0","0","0","0","0","0","0","0","0","0","0","0","0","0","0","0","0"
"0x7b3fff76d840","      ISETP.GE.AND P5, PT, R24, UR7, PT","5","2","5","10752","344064","344064","32","32","0","0","-","-","-","0","0","0","0","0","0","0","0","0","-","0","0","0","0","0","0","0","0","0","0","0","0","0","0","0","0","0","0","0","0","0","0","5","0","0","0","0","0","0","0","0","0","0","0","0","0","0","0","0","2"
"0x7b3fff76d850","      IADD3 R34, PT, PT, R18, 0x21, RZ","0","0","0","10752","344064","344064","32","32","0","0","-","-","-","0","0","0","0","0","0","0","0","0","-","0","0","0","0","0","0","0","0","0","0","0","0","0","0","0","0","0","0","0","0","0","0","0","0","0","0","0","0","0","0","0","0","0","0","0","0","0","0","0","0"
"0x7b3fff76d860","      IADD3 R33, PT, PT, R18, 0x22, RZ","0","0","0","10752","344064","344064","32","32","0","0","-","-","-","0","0","0","0","0","0","0","0","0","-","0","0","0","0","0","0","0","0","0","0","0","0","0","0","0","0","0","0","0","0","0","0","0","0","0","0","0","0","0","0","0","0","0","0","0","0","0","0","0","0"
"0x7b3fff76d870","      IADD3 R32, PT, PT, R18, 0x23, RZ","1","0","1","10752","344064","344064","32","32","0","0","-","-","-","0","0","0","0","0","0","0","0","0","-","0","0","0","0","0","0","0","0","0","0","0","0","0","0","0","0","0","1","0","0","0","0","0","0","0","0","0","0","0","0","0","0","0","0","0","0","0","0","0","0"
"0x7b3fff76d880","      ISETP.GE.AND P0, PT, R16, UR6, PT","0","0","0","10752","344064","344064","32","32","0","0","-","-","-","0","0","0","0","0","0","0","0","0","-","0","0","0","0","0","0","0","0","0","0","0","0","0","0","0","0","0","0","0","0","0","0","0","0","0","0","0","0","0","0","0","0","0","0","0","0","0","0","0","0"
"0x7b3fff76d890","      FMUL R3, R48, R22","0","0","0","10752","344064","344064","32","32","0","0","-","-","-","0","0","0","0","0","0","0","0","0","-","0","0","0","0","0","0","0","0","0","0","0","0","0","0","0","0","0","0","0","0","0","0","0","0","0","0","0","0","0","0","0","0","0","0","0","0","0","0","0","0"
"0x7b3fff76d8a0","      FMUL R0, R61, R22","0","0","0","10752","344064","344064","32","32","0","0","-","-","-","0","0","0","0","0","0","0","0","0","-","0","0","0","0","0","0","0","0","0","0","0","0","0","0","0","0","0","0","0","0","0","0","0","0","0","0","0","0","0","0","0","0","0","0","0","0","0","0","0","0"
"0x7b3fff76d8b0","      FMUL R2, R41, R22","0","0","0","10752","344064","344064","32","32","0","0","-","-","-","0","0","0","0","0","0","0","0","0","-","0","0","0","0","0","0","0","0","0","0","0","0","0","0","0","0","0","0","0","0","0","0","0","0","0","0","0","0","0","0","0","0","0","0","0","0","0","0","0","0"
"0x7b3fff76d8c0","      ISETP.GE.AND P1, PT, R34, UR6, PT","0","0","0","10752","344064","344064","32","32","0","0","-","-","-","0","0","0","0","0","0","0","0","0","-","0","0","0","0","0","0","0","0","0","0","0","0","0","0","0","0","0","0","0","0","0","0","0","0","0","0","0","0","0","0","0","0","0","0","0","0","0","0","0","0"
"0x7b3fff76d8d0","      ISETP.GE.AND P3, PT, R33, UR6, PT","0","0","0","10752","344064","344064","32","32","0","0","-","-","-","0","0","0","0","0","0","0","0","0","-","0","0","0","0","0","0","0","0","0","0","0","0","0","0","0","0","0","0","0","0","0","0","0","0","0","0","0","0","0","0","0","0","0","0","0","0","0","0","0","0"
"0x7b3fff76d8e0","      ISETP.GE.AND P4, PT, R32, UR6, PT","0","0","0","10752","344064","344064","32","32","0","0","-","-","-","0","0","0","0","0","0","0","0","0","-","0","0","0","0","0","0","0","0","0","0","0","0","0","0","0","0","0","0","0","0","0","0","0","0","0","0","0","0","0","0","0","0","0","0","0","0","0","0","0","0"
"0x7b3fff76d8f0","      FMUL R5, R66, R22","0","0","0","10752","344064","344064","32","32","0","0","-","-","-","0","0","0","0","0","0","0","0","0","-","0","0","0","0","0","0","0","0","0","0","0","0","0","0","0","0","0","0","0","0","0","0","0","0","0","0","0","0","0","0","0","0","0","0","0","0","0","0","0","0"
"0x7b3fff76d900","@!P5  FSEL R48, R3, R48, !P0","0","0","0","10752","344064","344064","32","32","0","0","-","-","-","0","0","0","0","0","0","0","0","0","-","0","0","0","0","0","0","0","0","0","0","0","0","0","0","0","0","0","0","0","0","0","0","0","0","0","0","0","0","0","0","0","0","0","0","0","0","0","0","0","0"
"0x7b3fff76d910","@!P5  FSEL R61, R0, R61, !P1","0","0","0","10752","344064","344064","32","32","0","0","-","-","-","0","0","0","0","0","0","0","0","0","-","0","0","0","0","0","0","0","0","0","0","0","0","0","0","0","0","0","0","0","0","0","0","0","0","0","0","0","0","0","0","0","0","0","0","0","0","0","0","0","0"
"0x7b3fff76d920","@!P5  FSEL R41, R2, R41, !P3","0","0","0","10752","344064","344064","32","32","0","0","-","-","-","0","0","0","0","0","0","0","0","0","-","0","0","0","0","0","0","0","0","0","0","0","0","0","0","0","0","0","0","0","0","0","0","0","0","0","0","0","0","0","0","0","0","0","0","0","0","0","0","0","0"
"0x7b3fff76d930","@!P5  FSEL R66, R5, R66, !P4","3","0","3","10752","344064","344064","32","32","0","0","-","-","-","0","0","0","0","0","0","0","0","0","-","0","0","0","0","0","0","0","0","0","0","0","0","0","0","0","0","0","2","1","0","0","0","0","0","0","0","0","0","0","0","0","0","0","0","0","0","0","0","0","0"
"0x7b3fff76d940","      BRA 0x7b3fff76dbf0","0","0","0","10752","344064","344064","32","32","0","0","-","-","-","0","0","0","0","0","0","0","0","0","-","0","0","0","0","0","0","0","0","0","0","0","0","0","0","0","0","0","0","0","0","0","0","0","0","0","0","0","0","0","0","0","0","0","0","0","0","0","0","0","0"
"0x7b3fff76d950","      IADD3 R34, PT, PT, R18, 0x21, RZ","3","1","3","0","0","0","0","0","32","0","-","-","-","0","0","0","0","0","0","0","0","0","-","0","0","0","0","0","0","0","0","0","0","0","0","0","0","0","0","0","0","1","0","0","0","2","0","0","0","0","0","0","0","0","0","0","0","0","0","0","0","0","1"
"0x7b3fff76d960","      IADD3 R33, PT, PT, R18, 0x22, RZ","0","0","0","0","0","0","0","0","32","0","-","-","-","0","0","0","0","0","0","0","0","0","-","0","0","0","0","0","0","0","0","0","0","0","0","0","0","0","0","0","0","0","0","0","0","0","0","0","0","0","0","0","0","0","0","0","0","0","0","0","0","0","0"
"0x7b3fff76d970","      ISETP.GE.AND P0, PT, R16, UR6, PT","0","0","0","0","0","0","0","0","32","0","-","-","-","0","0","0","0","0","0","0","0","0","-","0","0","0","0","0","0","0","0","0","0","0","0","0","0","0","0","0","0","0","0","0","0","0","0","0","0","0","0","0","0","0","0","0","0","0","0","0","0","0","0"
"0x7b3fff76d980","      IADD3 R32, PT, PT, R18, 0x23, RZ","0","0","0","0","0","0","0","0","32","0","-","-","-","0","0","0","0","0","0","0","0","0","-","0","0","0","0","0","0","0","0","0","0","0","0","0","0","0","0","0","0","0","0","0","0","0","0","0","0","0","0","0","0","0","0","0","0","0","0","0","0","0","0"
"0x7b3fff76d990","      ISETP.GE.AND P1, PT, R34, UR6, PT","0","0","0","0","0","0","0","0","32","0","-","-","-","0","0","0","0","0","0","0","0","0","-","0","0","0","0","0","0","0","0","0","0","0","0","0","0","0","0","0","0","0","0","0","0","0","0","0","0","0","0","0","0","0","0","0","0","0","0","0","0","0","0"
"0x7b3fff76d9a0","      ISETP.GE.AND P3, PT, R33, UR6, PT","0","0","0","0","0","0","0","0","32","0","-","-","-","0","0","0","0","0","0","0","0","0","-","0","0","0","0","0","0","0","0","0","0","0","0","0","0","0","0","0","0","0","0","0","0","0","0","0","0","0","0","0","0","0","0","0","0","0","0","0","0","0","0"
"0x7b3fff76d9b0","      ISETP.GE.OR P0, PT, R24, UR7, P0","0","0","0","0","0","0","0","0","32","0","-","-","-","0","0","0","0","0","0","0","0","0","-","0","0","0","0","0","0","0","0","0","0","0","0","0","0","0","0","0","0","0","0","0","0","0","0","0","0","0","0","0","0","0","0","0","0","0","0","0","0","0","0"
"0x7b3fff76d9c0","      ISETP.GE.AND P4, PT, R32, UR6, PT","0","0","0","0","0","0","0","0","32","0","-","-","-","0","0","0","0","0","0","0","0","0","-","0","0","0","0","0","0","0","0","0","0","0","0","0","0","0","0","0","0","0","0","0","0","0","0","0","0","0","0","0","0","0","0","0","0","0","0","0","0","0","0"
"0x7b3fff76d9d0","      ISETP.GE.OR P1, PT, R24, UR7, P1","0","0","0","0","0","0","0","0","32","0","-","-","-","0","0","0","0","0","0","0","0","0","-","0","0","0","0","0","0","0","0","0","0","0","0","0","0","0","0","0","0","0","0","0","0","0","0","0","0","0","0","0","0","0","0","0","0","0","0","0","0","0","0"
"0x7b3fff76d9e0","      ISETP.GE.OR P3, PT, R24, UR7, P3","0","0","0","0","0","0","0","0","32","0","-","-","-","0","0","0","0","0","0","0","0","0","-","0","0","0","0","0","0","0","0","0","0","0","0","0","0","0","0","0","0","0","0","0","0","0","0","0","0","0","0","0","0","0","0","0","0","0","0","0","0","0","0"
"0x7b3fff76d9f0","      ISETP.GE.OR P4, PT, R24, UR7, P4","0","0","0","0","0","0","0","0","32","0","-","-","-","0","0","0","0","0","0","0","0","0","-","0","0","0","0","0","0","0","0","0","0","0","0","0","0","0","0","0","0","0","0","0","0","0","0","0","0","0","0","0","0","0","0","0","0","0","0","0","0","0","0"
"0x7b3fff76da00","@!P0  SHF.R.S32.HI R17, RZ, 0x1f, R16","0","0","0","0","0","0","0","0","32","0","-","-","-","0","0","0","0","0","0","0","0","0","-","0","0","0","0","0","0","0","0","0","0","0","0","0","0","0","0","0","0","0","0","0","0","0","0","0","0","0","0","0","0","0","0","0","0","0","0","0","0","0","0"
"0x7b3fff76da10","@!P1  SHF.R.S32.HI R7, RZ, 0x1f, R34","0","0","0","0","0","0","0","0","32","0","-","-","-","0","0","0","0","0","0","0","0","0","-","0","0","0","0","0","0","0","0","0","0","0","0","0","0","0","0","0","0","0","0","0","0","0","0","0","0","0","0","0","0","0","0","0","0","0","0","0","0","0","0"
"0x7b3fff76da20","@!P1  MOV R6, R34","0","0","0","0","0","0","0","0","32","0","-","-","-","0","0","0","0","0","0","0","0","0","-","0","0","0","0","0","0","0","0","0","0","0","0","0","0","0","0","0","0","0","0","0","0","0","0","0","0","0","0","0","0","0","0","0","0","0","0","0","0","0","0"
"0x7b3fff76da30","@!P3  SHF.R.S32.HI R5, RZ, 0x1f, R33","0","0","0","0","0","0","0","0","32","0","-","-","-","0","0","0","0","0","0","0","0","0","-","0","0","0","0","0","0","0","0","0","0","0","0","0","0","0","0","0","0","0","0","0","0","0","0","0","0","0","0","0","0","0","0","0","0","0","0","0","0","0","0"
"0x7b3fff76da40","@!P0  IADD.64 R14, R2, R16","0","0","0","0","0","0","0","0","32","0","-","-","-","0","0","0","0","0","0","0","0","0","-","0","0","0","0","0","0","0","0","0","0","0","0","0","0","0","0","0","0","0","0","0","0","0","0","0","0","0","0","0","0","0","0","0","0","0","0","0","0","0","0"
"0x7b3fff76da50","@!P3  MOV R4, R33","0","0","0","0","0","0","0","0","32","0","-","-","-","0","0","0","0","0","0","0","0","0","-","0","0","0","0","0","0","0","0","0","0","0","0","0","0","0","0","0","0","0","0","0","0","0","0","0","0","0","0","0","0","0","0","0","0","0","0","0","0","0","0"
"0x7b3fff76da60","@!P4  SHF.R.S32.HI R9, RZ, 0x1f, R32","0","0","0","0","0","0","0","0","32","0","-","-","-","0","0","0","0","0","0","0","0","0","-","0","0","0","0","0","0","0","0","0","0","0","0","0","0","0","0","0","0","0","0","0","0","0","0","0","0","0","0","0","0","0","0","0","0","0","0","0","0","0","0"
"0x7b3fff76da70","@!P1  IADD.64 R12, R2, R6","0","0","0","0","0","0","0","0","32","0","-","-","-","0","0","0","0","0","0","0","0","0","-","0","0","0","0","0","0","0","0","0","0","0","0","0","0","0","0","0","0","0","0","0","0","0","0","0","0","0","0","0","0","0","0","0","0","0","0","0","0","0","0"
"0x7b3fff76da80","@!P4  MOV R8, R32","0","0","0","0","0","0","0","0","32","0","-","-","-","0","0","0","0","0","0","0","0","0","-","0","0","0","0","0","0","0","0","0","0","0","0","0","0","0","0","0","0","0","0","0","0","0","0","0","0","0","0","0","0","0","0","0","0","0","0","0","0","0","0"
"0x7b3fff76da90","@!P3  IADD.64 R10, R2, R4","0","0","0","0","0","0","0","0","32","0","-","-","-","0","0","0","0","0","0","0","0","0","-","0","0","0","0","0","0","0","0","0","0","0","0","0","0","0","0","0","0","0","0","0","0","0","0","0","0","0","0","0","0","0","0","0","0","0","0","0","0","0","0"
"0x7b3fff76daa0","@!P0  LEA R6, P5, R14, UR26, 0x2","0","0","0","0","0","0","0","0","32","0","-","-","-","0","0","0","0","0","0","0","0","0","-","0","0","0","0","0","0","0","0","0","0","0","0","0","0","0","0","0","0","0","0","0","0","0","0","0","0","0","0","0","0","0","0","0","0","0","0","0","0","0","0"
"0x7b3fff76dab0","@!P4  IADD.64 R2, R2, R8","0","0","0","0","0","0","0","0","32","0","-","-","-","0","0","0","0","0","0","0","0","0","-","0","0","0","0","0","0","0","0","0","0","0","0","0","0","0","0","0","0","0","0","0","0","0","0","0","0","0","0","0","0","0","0","0","0","0","0","0","0","0","0"
"0x7b3fff76dac0","@!P1  LEA R4, P6, R12, UR26, 0x2","0","0","0","0","0","0","0","0","32","0","-","-","-","0","0","0","0","0","0","0","0","0","-","0","0","0","0","0","0","0","0","0","0","0","0","0","0","0","0","0","0","0","0","0","0","0","0","0","0","0","0","0","0","0","0","0","0","0","0","0","0","0","0"
"0x7b3fff76dad0","@!P0  LEA.HI.X R7, R14, UR27, R15, 0x2, P5","0","0","0","0","0","0","0","0","32","0","-","-","-","0","0","0","0","0","0","0","0","0","-","0","0","0","0","0","0","0","0","0","0","0","0","0","0","0","0","0","0","0","0","0","0","0","0","0","0","0","0","0","0","0","0","0","0","0","0","0","0","0","0"
"0x7b3fff76dae0","@!P1  LEA.HI.X R5, R12, UR27, R13, 0x2, P6","0","0","0","0","0","0","0","0","32","0","-","-","-","0","0","0","0","0","0","0","0","0","-","0","0","0","0","0","0","0","0","0","0","0","0","0","0","0","0","0","0","0","0","0","0","0","0","0","0","0","0","0","0","0","0","0","0","0","0","0","0","0","0"
"0x7b3fff76daf0","@!P3  LEA R12, P5, R10, UR26, 0x2","0","0","0","0","0","0","0","0","32","0","-","-","-","0","0","0","0","0","0","0","0","0","-","0","0","0","0","0","0","0","0","0","0","0","0","0","0","0","0","0","0","0","0","0","0","0","0","0","0","0","0","0","0","0","0","0","0","0","0","0","0","0","0"
"0x7b3fff76db00","@!P0  LD.E R6, desc[UR24][R6.64]","0","0","0","0","0","0","0","0","32","0","","","","0","0","0","0","0","0","0","0","0","","0","0","0","0","0","0","0","0","0","0","0","0","0","0","0","0","0","0","0","0","0","0","0","0","0","0","0","0","0","0","0","0","0","0","0","0","0","0","0","0"
"0x7b3fff76db10","@!P4  LEA R8, P6, R2, UR26, 0x2","0","0","0","0","0","0","0","0","32","0","-","-","-","0","0","0","0","0","0","0","0","0","-","0","0","0","0","0","0","0","0","0","0","0","0","0","0","0","0","0","0","0","0","0","0","0","0","0","0","0","0","0","0","0","0","0","0","0","0","0","0","0","0"
"0x7b3fff76db20","@!P3  LEA.HI.X R13, R10, UR27, R11, 0x2, P5","0","0","0","0","0","0","0","0","32","0","-","-","-","0","0","0","0","0","0","0","0","0","-","0","0","0","0","0","0","0","0","0","0","0","0","0","0","0","0","0","0","0","0","0","0","0","0","0","0","0","0","0","0","0","0","0","0","0","0","0","0","0","0"
"0x7b3fff76db30","@!P1  LD.E R4, desc[UR24][R4.64]","0","0","0","0","0","0","0","0","32","0","","","","0","0","0","0","0","0","0","0","0","","0","0","0","0","0","0","0","0","0","0","0","0","0","0","0","0","0","0","0","0","0","0","0","0","0","0","0","0","0","0","0","0","0","0","0","0","0","0","0","0"
"0x7b3fff76db40","@!P4  LEA.HI.X R9, R2, UR27, R3, 0x2, P6","0","0","0","0","0","0","0","0","32","0","-","-","-","0","0","0","0","0","0","0","0","0","-","0","0","0","0","0","0","0","0","0","0","0","0","0","0","0","0","0","0","0","0","0","0","0","0","0","0","0","0","0","0","0","0","0","0","0","0","0","0","0","0"
"0x7b3fff76db50","@!P3  LD.E R12, desc[UR24][R12.64]","0","0","0","0","0","0","0","0","32","0","","","","0","0","0","0","0","0","0","0","0","","0","0","0","0","0","0","0","0","0","0","0","0","0","0","0","0","0","0","0","0","0","0","0","0","0","0","0","0","0","0","0","0","0","0","0","0","0","0","0","0"
"0x7b3fff76db60","@!P4  LD.E R8, desc[UR24][R8.64]","0","0","0","0","0","0","0","0","32","0","","","","0","0","0","0","0","0","0","0","0","","0","0","0","0","0","0","0","0","0","0","0","0","0","0","0","0","0","0","0","0","0","0","0","0","0","0","0","0","0","0","0","0","0","0","0","0","0","0","0","0"
"0x7b3fff76db70","@!P0  FMUL R3, R48, R22","0","0","0","0","0","0","0","0","32","0","-","-","-","0","0","0","0","0","0","0","0","0","-","0","0","0","0","0","0","0","0","0","0","0","0","0","0","0","0","0","0","0","0","0","0","0","0","0","0","0","0","0","0","0","0","0","0","0","0","0","0","0","0"
"0x7b3fff76db80","@!P1  FMUL R11, R61, R22","0","0","0","0","0","0","0","0","32","0","-","-","-","0","0","0","0","0","0","0","0","0","-","0","0","0","0","0","0","0","0","0","0","0","0","0","0","0","0","0","0","0","0","0","0","0","0","0","0","0","0","0","0","0","0","0","0","0","0","0","0","0","0"
"0x7b3fff76db90","@!P3  FMUL R15, R41, R22","0","0","0","0","0","0","0","0","32","0","-","-","-","0","0","0","0","0","0","0","0","0","-","0","0","0","0","0","0","0","0","0","0","0","0","0","0","0","0","0","0","0","0","0","0","0","0","0","0","0","0","0","0","0","0","0","0","0","0","0","0","0","0"
"0x7b3fff76dba0","@!P4  FMUL R23, R66, R22","0","0","0","0","0","0","0","0","32","0","-","-","-","0","0","0","0","0","0","0","0","0","-","0","0","0","0","0","0","0","0","0","0","0","0","0","0","0","0","0","0","0","0","0","0","0","0","0","0","0","0","0","0","0","0","0","0","0","0","0","0","0","0"
"0x7b3fff76dbb0","@!P0  FFMA R48, R6, R21, R3","0","0","0","0","0","0","0","0","32","0","-","-","-","0","0","0","0","0","0","0","0","0","-","0","0","0","0","0","0","0","0","0","0","0","0","0","0","0","0","0","0","0","0","0","0","0","0","0","0","0","0","0","0","0","0","0","0","0","0","0","0","0","0"
"0x7b3fff76dbc0","@!P1  FFMA R61, R4, R21, R11","0","0","0","0","0","0","0","0","32","0","-","-","-","0","0","0","0","0","0","0","0","0","-","0","0","0","0","0","0","0","0","0","0","0","0","0","0","0","0","0","0","0","0","0","0","0","0","0","0","0","0","0","0","0","0","0","0","0","0","0","0","0","0"
"0x7b3fff76dbd0","@!P3  FFMA R41, R12, R21, R15","0","0","0","0","0","0","0","0","32","0","-","-","-","0","0","0","0","0","0","0","0","0","-","0","0","0","0","0","0","0","0","0","0","0","0","0","0","0","0","0","0","0","0","0","0","0","0","0","0","0","0","0","0","0","0","0","0","0","0","0","0","0","0"
"0x7b3fff76dbe0","@!P4  FFMA R66, R8, R21, R23","0","0","0","0","0","0","0","0","32","0","-","-","-","0","0","0","0","0","0","0","0","0","-","0","0","0","0","0","0","0","0","0","0","0","0","0","0","0","0","0","0","0","0","0","0","0","0","0","0","0","0","0","0","0","0","0","0","0","0","0","0","0","0"
"0x7b3fff76dbf0","      IADD3 R27, PT, PT, R24, 0x1, RZ","5","1","5","10752","344064","344064","32","32","0","0","-","-","-","0","0","0","0","0","0","0","0","0","-","0","0","0","0","0","0","0","0","1","0","0","0","0","0","0","0","4","0","0","0","0","0","0","0","0","0","0","0","0","0","0","0","0","1","0","0","0","0","0","0"
"0x7b3fff76dc00","      IMAD.WIDE.U32 R14, R27, UR5, RZ","5","1","5","10752","344064","344064","32","32","0","0","-","-","-","0","0","0","0","0","0","0","0","0","-","0","0","0","0","0","0","0","0","1","0","0","0","2","0","0","0","1","1","0","0","0","0","0","0","0","0","0","0","0","0","0","0","0","1","0","0","0","0","0","0"
"0x7b3fff76dc10","      IMAD R15, R27, UR4, R15","4","1","4","10752","344064","344064","32","32","0","0","-","-","-","0","0","0","0","0","0","0","0","0","-","0","0","0","0","0","0","0","0","0","0","0","0","1","0","0","0","0","0","0","0","0","0","3","0","0","0","0","0","0","0","0","0","0","0","0","0","0","0","0","1"
"0x7b3fff76dc20","@P2   BRA 0x7b3fff76dd10","1","0","1","10752","344064","0","32","0","32","0","-","-","-","0","0","0","0","0","0","0","0","0","-","0","0","0","0","0","0","0","0","1","0","0","0","0","0","0","0","0","0","0","0","0","0","0","0","0","0","0","0","0","0","0","0","0","0","0","0","0","0","0","0"
"0x7b3fff76dc30","      ISETP.GE.AND P0, PT, R27, UR7, PT","3","0","3","10752","344064","344064","32","32","0","0","-","-","-","0","0","0","0","0","0","0","0","0","-","0","0","0","0","0","0","0","0","1","0","0","0","0","0","0","0","0","0","0","0","0","0","2","0","0","0","0","0","0","0","0","0","0","0","0","0","0","0","0","0"
"0x7b3fff76dc40","      ISETP.GE.AND P1, PT, R18, UR6, PT","0","0","0","10752","344064","344064","32","32","0","0","-","-","-","0","0","0","0","0","0","0","0","0","-","0","0","0","0","0","0","0","0","0","0","0","0","0","0","0","0","0","0","0","0","0","0","0","0","0","0","0","0","0","0","0","0","0","0","0","0","0","0","0","0"
"0x7b3fff76dc50","      ISETP.GE.AND P3, PT, R20, UR6, PT","0","0","0","10752","344064","344064","32","32","0","0","-","-","-","0","0","0","0","0","0","0","0","0","-","0","0","0","0","0","0","0","0","0","0","0","0","0","0","0","0","0","0","0","0","0","0","0","0","0","0","0","0","0","0","0","0","0","0","0","0","0","0","0","0"
"0x7b3fff76dc60","      ISETP.GE.AND P4, PT, R37, UR6, PT","0","0","0","10752","344064","344064","32","32","0","0","-","-","-","0","0","0","0","0","0","0","0","0","-","0","0","0","0","0","0","0","0","0","0","0","0","0","0","0","0","0","0","0","0","0","0","0","0","0","0","0","0","0","0","0","0","0","0","0","0","0","0","0","0"
"0x7b3fff76dc70","      ISETP.GE.AND P5, PT, R35, UR6, PT","2","0","2","10752","344064","344064","32","32","0","0","-","-","-","0","0","0","0","0","0","0","0","0","-","0","0","0","0","0","0","0","0","0","0","0","0","0","0","0","0","0","0","2","0","0","0","0","0","0","0","0","0","0","0","0","0","0","0","0","0","0","0","0","0"
"0x7b3fff76dc80","      FMUL R0, R29, R22","0","0","0","10752","344064","344064","32","32","0","0","-","-","-","0","0","0","0","0","0","0","0","0","-","0","0","0","0","0","0","0","0","0","0","0","0","0","0","0","0","0","0","0","0","0","0","0","0","0","0","0","0","0","0","0","0","0","0","0","0","0","0","0","0"
"0x7b3fff76dc90","      FMUL R3, R52, R22","2","0","2","10752","344064","344064","32","32","0","0","-","-","-","0","0","0","0","0","0","0","0","0","-","0","0","0","0","0","0","0","0","0","0","0","0","0","0","0","0","0","0","2","0","0","0","0","0","0","0","0","0","0","0","0","0","0","0","0","0","0","0","0","0"
"0x7b3fff76dca0","      FMUL R5, R58, R22","0","0","0","10752","344064","344064","32","32","0","0","-","-","-","0","0","0","0","0","0","0","0","0","-","0","0","0","0","0","0","0","0","0","0","0","0","0","0","0","0","0","0","0","0","0","0","0","0","0","0","0","0","0","0","0","0","0","0","0","0","0","0","0","0"
"0x7b3fff76dcb0","      FMUL R7, R46, R22","0","0","0","10752","344064","344064","32","32","0","0","-","-","-","0","0","0","0","0","0","0","0","0","-","0","0","0","0","0","0","0","0","0","0","0","0","0","0","0","0","0","0","0","0","0","0","0","0","0","0","0","0","0","0","0","0","0","0","0","0","0","0","0","0"
"0x7b3fff76dcc0","@!P0  FSEL R29, R0, R29, !P1","5","0","5","10752","344064","344064","32","32","0","0","-","-","-","0","0","0","0","0","0","0","0","0","-","0","0","0","0","0","0","0","0","0","0","0","0","0","0","0","0","0","5","0","0","0","0","0","0","0","0","0","0","0","0","0","0","0","0","0","0","0","0","0","0"
"0x7b3fff76dcd0","@!P0  FSEL R52, R3, R52, !P3","0","0","0","10752","344064","344064","32","32","0","0","-","-","-","0","0","0","0","0","0","0","0","0","-","0","0","0","0","0","0","0","0","0","0","0","0","0","0","0","0","0","0","0","0","0","0","0","0","0","0","0","0","0","0","0","0","0","0","0","0","0","0","0","0"
"0x7b3fff76dce0","@!P0  FSEL R58, R5, R58, !P4","0","0","0","10752","344064","344064","32","32","0","0","-","-","-","0","0","0","0","0","0","0","0","0","-","0","0","0","0","0","0","0","0","0","0","0","0","0","0","0","0","0","0","0","0","0","0","0","0","0","0","0","0","0","0","0","0","0","0","0","0","0","0","0","0"
"0x7b3fff76dcf0","@!P0  FSEL R46, R7, R46, !P5","0","0","0","10752","344064","344064","32","32","0","0","-","-","-","0","0","0","0","0","0","0","0","0","-","0","0","0","0","0","0","0","0","0","0","0","0","0","0","0","0","0","0","0","0","0","0","0","0","0","0","0","0","0","0","0","0","0","0","0","0","0","0","0","0"
"0x7b3fff76dd00","      BRA 0x7b3fff76dea0","0","0","0","10752","344064","344064","32","32","0","0","-","-","-","0","0","0","0","0","0","0","0","0","-","0","0","0","0","0","0","0","0","0","0","0","0","0","0","0","0","0","0","0","0","0","0","0","0","0","0","0","0","0","0","0","0","0","0","0","0","0","0","0","0"
"0x7b3fff76dd10","      SHF.R.S32.HI R5, RZ, 0x1f, R18","1","0","1","0","0","0","0","0","32","0","-","-","-","0","0","0","0","0","0","0","0","0","-","0","0","0","0","0","0","0","0","0","0","0","0","0","0","0","0","0","0","0","0","0","0","1","0","0","0","0","0","0","0","0","0","0","0","0","0","0","0","0","0"
"0x7b3fff76dd20","      MOV R4, R18","0","0","0","0","0","0","0","0","32","0","-","-","-","0","0","0","0","0","0","0","0","0","-","0","0","0","0","0","0","0","0","0","0","0","0","0","0","0","0","0","0","0","0","0","0","0","0","0","0","0","0","0","0","0","0","0","0","0","0","0","0","0","0"
"0x7b3fff76dd30","      ISETP.GE.AND P1, PT, R18, UR6, PT","0","0","0","0","0","0","0","0","32","0","-","-","-","0","0","0","0","0","0","0","0","0","-","0","0","0","0","0","0","0","0","0","0","0","0","0","0","0","0","0","0","0","0","0","0","0","0","0","0","0","0","0","0","0","0","0","0","0","0","0","0","0","0"
"0x7b3fff76dd40","      ISETP.GE.AND P3, PT, R20, UR6, PT","0","0","0","0","0","0","0","0","32","0","-","-","-","0","0","0","0","0","0","0","0","0","-","0","0","0","0","0","0","0","0","0","0","0","0","0","0","0","0","0","0","0","0","0","0","0","0","0","0","0","0","0","0","0","0","0","0","0","0","0","0","0","0"
"0x7b3fff76dd50","      ISETP.GE.AND P4, PT, R37, UR6, PT","0","0","0","0","0","0","0","0","32","0","-","-","-","0","0","0","0","0","0","0","0","0","-","0","0","0","0","0","0","0","0","0","0","0","0","0","0","0","0","0","0","0","0","0","0","0","0","0","0","0","0","0","0","0","0","0","0","0","0","0","0","0","0"
"0x7b3fff76dd60","      ISETP.GE.AND P0, PT, R35, UR6, PT","0","0","0","0","0","0","0","0","32","0","-","-","-","0","0","0","0","0","0","0","0","0","-","0","0","0","0","0","0","0","0","0","0","0","0","0","0","0","0","0","0","0","0","0","0","0","0","0","0","0","0","0","0","0","0","0","0","0","0","0","0","0","0"
"0x7b3fff76dd70","      IADD.64 R4, R4, R14","0","0","0","0","0","0","0","0","32","0","-","-","-","0","0","0","0","0","0","0","0","0","-","0","0","0","0","0","0","0","0","0","0","0","0","0","0","0","0","0","0","0","0","0","0","0","0","0","0","0","0","0","0","0","0","0","0","0","0","0","0","0","0"
"0x7b3fff76dd80","      ISETP.GE.OR P1, PT, R27, UR7, P1","0","0","0","0","0","0","0","0","32","0","-","-","-","0","0","0","0","0","0","0","0","0","-","0","0","0","0","0","0","0","0","0","0","0","0","0","0","0","0","0","0","0","0","0","0","0","0","0","0","0","0","0","0","0","0","0","0","0","0","0","0","0","0"
"0x7b3fff76dd90","      ISETP.GE.OR P3, PT, R27, UR7, P3","0","0","0","0","0","0","0","0","32","0","-","-","-","0","0","0","0","0","0","0","0","0","-","0","0","0","0","0","0","0","0","0","0","0","0","0","0","0","0","0","0","0","0","0","0","0","0","0","0","0","0","0","0","0","0","0","0","0","0","0","0","0","0"
"0x7b3fff76dda0","      ISETP.GE.OR P4, PT, R27, UR7, P4","0","0","0","0","0","0","0","0","32","0","-","-","-","0","0","0","0","0","0","0","0","0","-","0","0","0","0","0","0","0","0","0","0","0","0","0","0","0","0","0","0","0","0","0","0","0","0","0","0","0","0","0","0","0","0","0","0","0","0","0","0","0","0"
"0x7b3fff76ddb0","      ISETP.GE.OR P0, PT, R27, UR7, P0","0","0","0","0","0","0","0","0","32","0","-","-","-","0","0","0","0","0","0","0","0","0","-","0","0","0","0","0","0","0","0","0","0","0","0","0","0","0","0","0","0","0","0","0","0","0","0","0","0","0","0","0","0","0","0","0","0","0","0","0","0","0","0"
"0x7b3fff76ddc0","      LEA R2, P5, R4, UR26, 0x2","0","0","0","0","0","0","0","0","32","0","-","-","-","0","0","0","0","0","0","0","0","0","-","0","0","0","0","0","0","0","0","0","0","0","0","0","0","0","0","0","0","0","0","0","0","0","0","0","0","0","0","0","0","0","0","0","0","0","0","0","0","0","0"
"0x7b3fff76ddd0","      LEA.HI.X R3, R4, UR27, R5, 0x2, P5","0","0","0","0","0","0","0","0","32","0","-","-","-","0","0","0","0","0","0","0","0","0","-","0","0","0","0","0","0","0","0","0","0","0","0","0","0","0","0","0","0","0","0","0","0","0","0","0","0","0","0","0","0","0","0","0","0","0","0","0","0","0","0"
"0x7b3fff76dde0","@!P1  LD.E R0, desc[UR24][R2.64]","0","0","0","0","0","0","0","0","32","0","","","","0","0","0","0","0","0","0","0","0","","0","0","0","0","0","0","0","0","0","0","0","0","0","0","0","0","0","0","0","0","0","0","0","0","0","0","0","0","0","0","0","0","0","0","0","0","0","0","0","0"
"0x7b3fff76ddf0","@!P3  LD.E R4, desc[UR24][R2.64+0x4]","0","0","0","0","0","0","0","0","32","0","","","","0","0","0","0","0","0","0","0","0","","0","0","0","0","0","0","0","0","0","0","0","0","0","0","0","0","0","0","0","0","0","0","0","0","0","0","0","0","0","0","0","0","0","0","0","0","0","0","0","0"
"0x7b3fff76de00","@!P4  LD.E R6, desc[UR24][R2.64+0x8]","0","0","0","0","0","0","0","0","32","0","","","","0","0","0","0","0","0","0","0","0","","0","0","0","0","0","0","0","0","0","0","0","0","0","0","0","0","0","0","0","0","0","0","0","0","0","0","0","0","0","0","0","0","0","0","0","0","0","0","0","0"
"0x7b3fff76de10","@!P0  LD.E R8, desc[UR24][R2.64+0xc]","0","0","0","0","0","0","0","0","32","0","","","","0","0","0","0","0","0","0","0","0","","0","0","0","0","0","0","0","0","0","0","0","0","0","0","0","0","0","0","0","0","0","0","0","0","0","0","0","0","0","0","0","0","0","0","0","0","0","0","0","0"
"0x7b3fff76de20","@!P1  FMUL R5, R29, R22","0","0","0","0","0","0","0","0","32","0","-","-","-","0","0","0","0","0","0","0","0","0","-","0","0","0","0","0","0","0","0","0","0","0","0","0","0","0","0","0","0","0","0","0","0","0","0","0","0","0","0","0","0","0","0","0","0","0","0","0","0","0","0"
"0x7b3fff76de30","@!P3  FMUL R7, R52, R22","0","0","0","0","0","0","0","0","32","0","-","-","-","0","0","0","0","0","0","0","0","0","-","0","0","0","0","0","0","0","0","0","0","0","0","0","0","0","0","0","0","0","0","0","0","0","0","0","0","0","0","0","0","0","0","0","0","0","0","0","0","0","0"
"0x7b3fff76de40","@!P4  FMUL R9, R58, R22","0","0","0","0","0","0","0","0","32","0","-","-","-","0","0","0","0","0","0","0","0","0","-","0","0","0","0","0","0","0","0","0","0","0","0","0","0","0","0","0","0","0","0","0","0","0","0","0","0","0","0","0","0","0","0","0","0","0","0","0","0","0","0"
"0x7b3fff76de50","@!P0  FMUL R11, R46, R22","0","0","0","0","0","0","0","0","32","0","-","-","-","0","0","0","0","0","0","0","0","0","-","0","0","0","0","0","0","0","0","0","0","0","0","0","0","0","0","0","0","0","0","0","0","0","0","0","0","0","0","0","0","0","0","0","0","0","0","0","0","0","0"
"0x7b3fff76de60","@!P1  FFMA R29, R0, R21, R5","0","0","0","0","0","0","0","0","32","0","-","-","-","0","0","0","0","0","0","0","0","0","-","0","0","0","0","0","0","0","0","0","0","0","0","0","0","0","0","0","0","0","0","0","0","0","0","0","0","0","0","0","0","0","0","0","0","0","0","0","0","0","0"
"0x7b3fff76de70","@!P3  FFMA R52, R4, R21, R7","0","0","0","0","0","0","0","0","32","0","-","-","-","0","0","0","0","0","0","0","0","0","-","0","0","0","0","0","0","0","0","0","0","0","0","0","0","0","0","0","0","0","0","0","0","0","0","0","0","0","0","0","0","0","0","0","0","0","0","0","0","0","0"
"0x7b3fff76de80","@!P4  FFMA R58, R6, R21, R9","0","0","0","0","0","0","0","0","32","0","-","-","-","0","0","0","0","0","0","0","0","0","-","0","0","0","0","0","0","0","0","0","0","0","0","0","0","0","0","0","0","0","0","0","0","0","0","0","0","0","0","0","0","0","0","0","0","0","0","0","0","0","0"
"0x7b3fff76de90","@!P0  FFMA R46, R8, R21, R11","0","0","0","0","0","0","0","0","32","0","-","-","-","0","0","0","0","0","0","0","0","0","-","0","0","0","0","0","0","0","0","0","0","0","0","0","0","0","0","0","0","0","0","0","0","0","0","0","0","0","0","0","0","0","0","0","0","0","0","0","0","0","0"
"0x7b3fff76dea0","@P2   BRA 0x7b3fff76df90","2","0","2","10752","344064","0","32","0","32","0","-","-","-","0","0","0","0","0","0","0","0","0","-","0","0","0","0","0","0","0","0","1","0","0","0","0","0","0","0","0","1","0","0","0","0","0","0","0","0","0","0","0","0","0","0","0","0","0","0","0","0","0","0"
"0x7b3fff76deb0","      ISETP.GE.AND P0, PT, R27, UR7, PT","3","0","3","10752","344064","344064","32","32","0","0","-","-","-","0","0","0","0","0","0","0","0","0","-","0","0","0","0","0","0","0","0","0","0","0","0","0","0","0","0","0","1","1","0","0","0","1","0","0","0","0","0","0","0","0","0","0","0","0","0","0","0","0","0"
"0x7b3fff76dec0","      ISETP.GE.AND P1, PT, R16, UR6, PT","0","0","0","10752","344064","344064","32","32","0","0","-","-","-","0","0","0","0","0","0","0","0","0","-","0","0","0","0","0","0","0","0","0","0","0","0","0","0","0","0","0","0","0","0","0","0","0","0","0","0","0","0","0","0","0","0","0","0","0","0","0","0","0","0"
"0x7b3fff76ded0","      ISETP.GE.AND P3, PT, R34, UR6, PT","0","0","0","10752","344064","344064","32","32","0","0","-","-","-","0","0","0","0","0","0","0","0","0","-","0","0","0","0","0","0","0","0","0","0","0","0","0","0","0","0","0","0","0","0","0","0","0","0","0","0","0","0","0","0","0","0","0","0","0","0","0","0","0","0"
"0x7b3fff76dee0","      ISETP.GE.AND P4, PT, R33, UR6, PT","0","0","0","10752","344064","344064","32","32","0","0","-","-","-","0","0","0","0","0","0","0","0","0","-","0","0","0","0","0","0","0","0","0","0","0","0","0","0","0","0","0","0","0","0","0","0","0","0","0","0","0","0","0","0","0","0","0","0","0","0","0","0","0","0"
"0x7b3fff76def0","      ISETP.GE.AND P5, PT, R32, UR6, PT","0","0","0","10752","344064","344064","32","32","0","0","-","-","-","0","0","0","0","0","0","0","0","0","-","0","0","0","0","0","0","0","0","0","0","0","0","0","0","0","0","0","0","0","0","0","0","0","0","0","0","0","0","0","0","0","0","0","0","0","0","0","0","0","0"
"0x7b3fff76df00","      FMUL R0, R49, R22","1","1","1","10752","344064","344064","32","32","0","0","-","-","-","0","0","0","0","0","0","0","0","0","-","0","0","0","0","0","0","0","0","0","0","0","0","0","0","0","0","1","0","0","0","0","0","0","0","0","0","0","0","0","0","0","0","0","1","0","0","0","0","0","0"
"0x7b3fff76df10","      FMUL R2, R39, R22","2","0","2","10752","344064","344064","32","32","0","0","-","-","-","0","0","0","0","0","0","0","0","0","-","0","0","0","0","0","0","0","0","0","0","0","0","0","0","0","0","0","0","2","0","0","0","0","0","0","0","0","0","0","0","0","0","0","0","0","0","0","0","0","0"
"0x7b3fff76df20","      FMUL R4, R43, R22","1","0","1","10752","344064","344064","32","32","0","0","-","-","-","0","0","0","0","0","0","0","0","0","-","0","0","0","0","0","0","0","0","0","0","0","0","0","0","0","0","0","0","1","0","0","0","0","0","0","0","0","0","0","0","0","0","0","0","0","0","0","0","0","0"
"0x7b3fff76df30","      FMUL R6, R67, R22","0","0","0","10752","344064","344064","32","32","0","0","-","-","-","0","0","0","0","0","0","0","0","0","-","0","0","0","0","0","0","0","0","0","0","0","0","0","0","0","0","0","0","0","0","0","0","0","0","0","0","0","0","0","0","0","0","0","0","0","0","0","0","0","0"
"0x7b3fff76df40","@!P0  FSEL R49, R0, R49, !P1","3","0","3","10752","344064","344064","32","32","0","0","-","-","-","0","0","0","0","0","0","0","0","0","-","0","0","0","0","0","0","0","0","0","0","0","0","0","0","0","0","0","1","0","0","0","0","2","0","0","0","0","0","0","0","0","0","0","0","0","0","0","0","0","0"
"0x7b3fff76df50","@!P0  FSEL R39, R2, R39, !P3","0","0","0","10752","344064","344064","32","32","0","0","-","-","-","0","0","0","0","0","0","0","0","0","-","0","0","0","0","0","0","0","0","0","0","0","0","0","0","0","0","0","0","0","0","0","0","0","0","0","0","0","0","0","0","0","0","0","0","0","0","0","0","0","0"
"0x7b3fff76df60","@!P0  FSEL R43, R4, R43, !P4","0","0","0","10752","344064","344064","32","32","0","0","-","-","-","0","0","0","0","0","0","0","0","0","-","0","0","0","0","0","0","0","0","0","0","0","0","0","0","0","0","0","0","0","0","0","0","0","0","0","0","0","0","0","0","0","0","0","0","0","0","0","0","0","0"
"0x7b3fff76df70","@!P0  FSEL R67, R6, R67, !P5","0","0","0","10752","344064","344064","32","32","0","0","-","-","-","0","0","0","0","0","0","0","0","0","-","0","0","0","0","0","0","0","0","0","0","0","0","0","0","0","0","0","0","0","0","0","0","0","0","0","0","0","0","0","0","0","0","0","0","0","0","0","0","0","0"
"0x7b3fff76df80","      BRA 0x7b3fff76e210","1","0","1","10752","344064","344064","32","32","0","0","-","-","-","0","0","0","0","0","0","0","0","0","-","0","0","0","0","0","0","0","0","0","0","0","0","0","0","0","0","1","0","0","0","0","0","0","0","0","0","0","0","0","0","0","0","0","0","0","0","0","0","0","0"
"0x7b3fff76df90","      ISETP.GE.AND P1, PT, R16, UR6, PT","3","1","3","0","0","0","0","0","32","0","-","-","-","0","0","0","0","0","0","0","0","0","-","0","0","0","0","0","0","0","0","0","0","0","0","0","0","0","0","0","0","0","0","0","0","3","0","0","0","0","0","0","0","0","0","0","0","0","0","0","0","0","1"
"0x7b3fff76dfa0","      ISETP.GE.AND P3, PT, R34, UR6, PT","0","0","0","0","0","0","0","0","32","0","-","-","-","0","0","0","0","0","0","0","0","0","-","0","0","0","0","0","0","0","0","0","0","0","0","0","0","0","0","0","0","0","0","0","0","0","0","0","0","0","0","0","0","0","0","0","0","0","0","0","0","0","0"
"0x7b3fff76dfb0","      ISETP.GE.AND P4, PT, R33, UR6, PT","0","0","0","0","0","0","0","0","32","0","-","-","-","0","0","0","0","0","0","0","0","0","-","0","0","0","0","0","0","0","0","0","0","0","0","0","0","0","0","0","0","0","0","0","0","0","0","0","0","0","0","0","0","0","0","0","0","0","0","0","0","0","0"
"0x7b3fff76dfc0","      ISETP.GE.AND P0, PT, R32, UR6, PT","0","0","0","0","0","0","0","0","32","0","-","-","-","0","0","0","0","0","0","0","0","0","-","0","0","0","0","0","0","0","0","0","0","0","0","0","0","0","0","0","0","0","0","0","0","0","0","0","0","0","0","0","0","0","0","0","0","0","0","0","0","0","0"
"0x7b3fff76dfd0","      ISETP.GE.OR P1, PT, R27, UR7, P1","0","0","0","0","0","0","0","0","32","0","-","-","-","0","0","0","0","0","0","0","0","0","-","0","0","0","0","0","0","0","0","0","0","0","0","0","0","0","0","0","0","0","0","0","0","0","0","0","0","0","0","0","0","0","0","0","0","0","0","0","0","0","0"
"0x7b3fff76dfe0","      ISETP.GE.OR P3, PT, R27, UR7, P3","0","0","0","0","0","0","0","0","32","0","-","-","-","0","0","0","0","0","0","0","0","0","-","0","0","0","0","0","0","0","0","0","0","0","0","0","0","0","0","0","0","0","0","0","0","0","0","0","0","0","0","0","0","0","0","0","0","0","0","0","0","0","0"
"0x7b3fff76dff0","      ISETP.GE.OR P4, PT, R27, UR7, P4","0","0","0","0","0","0","0","0","32","0","-","-","-","0","0","0","0","0","0","0","0","0","-","0","0","0","0","0","0","0","0","0","0","0","0","0","0","0","0","0","0","0","0","0","0","0","0","0","0","0","0","0","0","0","0","0","0","0","0","0","0","0","0"
"0x7b3fff76e000","      ISETP.GE.OR P0, PT, R27, UR7, P0","0","0","0","0","0","0","0","0","32","0","-","-","-","0","0","0","0","0","0","0","0","0","-","0","0","0","0","0","0","0","0","0","0","0","0","0","0","0","0","0","0","0","0","0","0","0","0","0","0","0","0","0","0","0","0","0","0","0","0","0","0","0","0"
"0x7b3fff76e010","@!P1  SHF.R.S32.HI R13, RZ, 0x1f, R16","0","0","0","0","0","0","0","0","32","0","-","-","-","0","0","0","0","0","0","0","0","0","-","0","0","0","0","0","0","0","0","0","0","0","0","0","0","0","0","0","0","0","0","0","0","0","0","0","0","0","0","0","0","0","0","0","0","0","0","0","0","0","0"
"0x7b3fff76e020","@!P3  SHF.R.S32.HI R7, RZ, 0x1f, R34","0","0","0","0","0","0","0","0","32","0","-","-","-","0","0","0","0","0","0","0","0","0","-","0","0","0","0","0","0","0","0","0","0","0","0","0","0","0","0","0","0","0","0","0","0","0","0","0","0","0","0","0","0","0","0","0","0","0","0","0","0","0","0"
"0x7b3fff76e030","@!P1  MOV R12, R16","0","0","0","0","0","0","0","0","32","0","-","-","-","0","0","0","0","0","0","0","0","0","-","0","0","0","0","0","0","0","0","0","0","0","0","0","0","0","0","0","0","0","0","0","0","0","0","0","0","0","0","0","0","0","0","0","0","0","0","0","0","0","0"
"0x7b3fff76e040","@!P3  MOV R6, R34","0","0","0","0","0","0","0","0","32","0","-","-","-","0","0","0","0","0","0","0","0","0","-","0","0","0","0","0","0","0","0","0","0","0","0","0","0","0","0","0","0","0","0","0","0","0","0","0","0","0","0","0","0","0","0","0","0","0","0","0","0","0","0"
"0x7b3fff76e050","@!P4  SHF.R.S32.HI R5, RZ, 0x1f, R33","0","0","0","0","0","0","0","0","32","0","-","-","-","0","0","0","0","0","0","0","0","0","-","0","0","0","0","0","0","0","0","0","0","0","0","0","0","0","0","0","0","0","0","0","0","0","0","0","0","0","0","0","0","0","0","0","0","0","0","0","0","0","0"
"0x7b3fff76e060","@!P4  MOV R4, R33","0","0","0","0","0","0","0","0","32","0","-","-","-","0","0","0","0","0","0","0","0","0","-","0","0","0","0","0","0","0","0","0","0","0","0","0","0","0","0","0","0","0","0","0","0","0","0","0","0","0","0","0","0","0","0","0","0","0","0","0","0","0","0"
"0x7b3fff76e070","@!P0  SHF.R.S32.HI R3, RZ, 0x1f, R32","0","0","0","0","0","0","0","0","32","0","-","-","-","0","0","0","0","0","0","0","0","0","-","0","0","0","0","0","0","0","0","0","0","0","0","0","0","0","0","0","0","0","0","0","0","0","0","0","0","0","0","0","0","0","0","0","0","0","0","0","0","0","0"
"0x7b3fff76e080","@!P1  IADD.64 R12, R12, R14","0","0","0","0","0","0","0","0","32","0","-","-","-","0","0","0","0","0","0","0","0","0","-","0","0","0","0","0","0","0","0","0","0","0","0","0","0","0","0","0","0","0","0","0","0","0","0","0","0","0","0","0","0","0","0","0","0","0","0","0","0","0","0"
"0x7b3fff76e090","@!P3  IADD.64 R10, R6, R14","0","0","0","0","0","0","0","0","32","0","-","-","-","0","0","0","0","0","0","0","0","0","-","0","0","0","0","0","0","0","0","0","0","0","0","0","0","0","0","0","0","0","0","0","0","0","0","0","0","0","0","0","0","0","0","0","0","0","0","0","0","0","0"
"0x7b3fff76e0a0","@!P0  MOV R2, R32","0","0","0","0","0","0","0","0","32","0","-","-","-","0","0","0","0","0","0","0","0","0","-","0","0","0","0","0","0","0","0","0","0","0","0","0","0","0","0","0","0","0","0","0","0","0","0","0","0","0","0","0","0","0","0","0","0","0","0","0","0","0","0"
"0x7b3fff76e0b0","@!P4  IADD.64 R8, R4, R14","0","0","0","0","0","0","0","0","32","0","-","-","-","0","0","0","0","0","0","0","0","0","-","0","0","0","0","0","0","0","0","0","0","0","0","0","0","0","0","0","0","0","0","0","0","0","0","0","0","0","0","0","0","0","0","0","0","0","0","0","0","0","0"
"0x7b3fff76e0c0","@!P1  LEA R6, P5, R12, UR26, 0x2","0","0","0","0","0","0","0","0","32","0","-","-","-","0","0","0","0","0","0","0","0","0","-","0","0","0","0","0","0","0","0","0","0","0","0","0","0","0","0","0","0","0","0","0","0","0","0","0","0","0","0","0","0","0","0","0","0","0","0","0","0","0","0"
"0x7b3fff76e0d0","@!P0  IADD.64 R14, R2, R14","0","0","0","0","0","0","0","0","32","0","-","-","-","0","0","0","0","0","0","0","0","0","-","0","0","0","0","0","0","0","0","0","0","0","0","0","0","0","0","0","0","0","0","0","0","0","0","0","0","0","0","0","0","0","0","0","0","0","0","0","0","0","0"
"0x7b3fff76e0e0","@!P3  LEA R4, P6, R10, UR26, 0x2","0","0","0","0","0","0","0","0","32","0","-","-","-","0","0","0","0","0","0","0","0","0","-","0","0","0","0","0","0","0","0","0","0","0","0","0","0","0","0","0","0","0","0","0","0","0","0","0","0","0","0","0","0","0","0","0","0","0","0","0","0","0","0"
"0x7b3fff76e0f0","@!P1  LEA.HI.X R7, R12, UR27, R13, 0x2, P5","0","0","0","0","0","0","0","0","32","0","-","-","-","0","0","0","0","0","0","0","0","0","-","0","0","0","0","0","0","0","0","0","0","0","0","0","0","0","0","0","0","0","0","0","0","0","0","0","0","0","0","0","0","0","0","0","0","0","0","0","0","0","0"
"0x7b3fff76e100","@!P3  LEA.HI.X R5, R10, UR27, R11, 0x2, P6","0","0","0","0","0","0","0","0","32","0","-","-","-","0","0","0","0","0","0","0","0","0","-","0","0","0","0","0","0","0","0","0","0","0","0","0","0","0","0","0","0","0","0","0","0","0","0","0","0","0","0","0","0","0","0","0","0","0","0","0","0","0","0"
"0x7b3fff76e110","@!P4  LEA R10, P5, R8, UR26, 0x2","0","0","0","0","0","0","0","0","32","0","-","-","-","0","0","0","0","0","0","0","0","0","-","0","0","0","0","0","0","0","0","0","0","0","0","0","0","0","0","0","0","0","0","0","0","0","0","0","0","0","0","0","0","0","0","0","0","0","0","0","0","0","0"
"0x7b3fff76e120","@!P1  LD.E R6, desc[UR24][R6.64]","0","0","0","0","0","0","0","0","32","0","","","","0","0","0","0","0","0","0","0","0","","0","0","0","0","0","0","0","0","0","0","0","0","0","0","0","0","0","0","0","0","0","0","0","0","0","0","0","0","0","0","0","0","0","0","0","0","0","0","0","0"
"0x7b3fff76e130","@!P0  LEA R2, P6, R14, UR26, 0x2","0","0","0","0","0","0","0","0","32","0","-","-","-","0","0","0","0","0","0","0","0","0","-","0","0","0","0","0","0","0","0","0","0","0","0","0","0","0","0","0","0","0","0","0","0","0","0","0","0","0","0","0","0","0","0","0","0","0","0","0","0","0","0"
"0x7b3fff76e140","@!P4  LEA.HI.X R11, R8, UR27, R9, 0x2, P5","0","0","0","0","0","0","0","0","32","0","-","-","-","0","0","0","0","0","0","0","0","0","-","0","0","0","0","0","0","0","0","0","0","0","0","0","0","0","0","0","0","0","0","0","0","0","0","0","0","0","0","0","0","0","0","0","0","0","0","0","0","0","0"
"0x7b3fff76e150","@!P3  LD.E R4, desc[UR24][R4.64]","0","0","0","0","0","0","0","0","32","0","","","","0","0","0","0","0","0","0","0","0","","0","0","0","0","0","0","0","0","0","0","0","0","0","0","0","0","0","0","0","0","0","0","0","0","0","0","0","0","0","0","0","0","0","0","0","0","0","0","0","0"
"0x7b3fff76e160","@!P0  LEA.HI.X R3, R14, UR27, R15, 0x2, P6","0","0","0","0","0","0","0","0","32","0","-","-","-","0","0","0","0","0","0","0","0","0","-","0","0","0","0","0","0","0","0","0","0","0","0","0","0","0","0","0","0","0","0","0","0","0","0","0","0","0","0","0","0","0","0","0","0","0","0","0","0","0","0"
"0x7b3fff76e170","@!P4  LD.E R10, desc[UR24][R10.64]","0","0","0","0","0","0","0","0","32","0","","","","0","0","0","0","0","0","0","0","0","","0","0","0","0","0","0","0","0","0","0","0","0","0","0","0","0","0","0","0","0","0","0","0","0","0","0","0","0","0","0","0","0","0","0","0","0","0","0","0","0"
"0x7b3fff76e180","@!P0  LD.E R2, desc[UR24][R2.64]","0","0","0","0","0","0","0","0","32","0","","","","0","0","0","0","0","0","0","0","0","","0","0","0","0","0","0","0","0","0","0","0","0","0","0","0","0","0","0","0","0","0","0","0","0","0","0","0","0","0","0","0","0","0","0","0","0","0","0","0","0"
"0x7b3fff76e190","@!P1  FMUL R9, R49, R22","0","0","0","0","0","0","0","0","32","0","-","-","-","0","0","0","0","0","0","0","0","0","-","0","0","0","0","0","0","0","0","0","0","0","0","0","0","0","0","0","0","0","0","0","0","0","0","0","0","0","0","0","0","0","0","0","0","0","0","0","0","0","0"
"0x7b3fff76e1a0","@!P3  FMUL R13, R39, R22","0","0","0","0","0","0","0","0","32","0","-","-","-","0","0","0","0","0","0","0","0","0","-","0","0","0","0","0","0","0","0","0","0","0","0","0","0","0","0","0","0","0","0","0","0","0","0","0","0","0","0","0","0","0","0","0","0","0","0","0","0","0","0"
"0x7b3fff76e1b0","@!P4  FMUL R15, R43, R22","0","0","0","0","0","0","0","0","32","0","-","-","-","0","0","0","0","0","0","0","0","0","-","0","0","0","0","0","0","0","0","0","0","0","0","0","0","0","0","0","0","0","0","0","0","0","0","0","0","0","0","0","0","0","0","0","0","0","0","0","0","0","0"
"0x7b3fff76e1c0","@!P0  FMUL R23, R67, R22","0","0","0","0","0","0","0","0","32","0","-","-","-","0","0","0","0","0","0","0","0","0","-","0","0","0","0","0","0","0","0","0","0","0","0","0","0","0","0","0","0","0","0","0","0","0","0","0","0","0","0","0","0","0","0","0","0","0","0","0","0","0","0"
"0x7b3fff76e1d0","@!P1  FFMA R49, R6, R21, R9","0","0","0","0","0","0","0","0","32","0","-","-","-","0","0","0","0","0","0","0","0","0","-","0","0","0","0","0","0","0","0","0","0","0","0","0","0","0","0","0","0","0","0","0","0","0","0","0","0","0","0","0","0","0","0","0","0","0","0","0","0","0","0"
"0x7b3fff76e1e0","@!P3  FFMA R39, R4, R21, R13","0","0","0","0","0","0","0","0","32","0","-","-","-","0","0","0","0","0","0","0","0","0","-","0","0","0","0","0","0","0","0","0","0","0","0","0","0","0","0","0","0","0","0","0","0","0","0","0","0","0","0","0","0","0","0","0","0","0","0","0","0","0","0"
"0x7b3fff76e1f0","@!P4  FFMA R43, R10, R21, R15","0","0","0","0","0","0","0","0","32","0","-","-","-","0","0","0","0","0","0","0","0","0","-","0","0","0","0","0","0","0","0","0","0","0","0","0","0","0","0","0","0","0","0","0","0","0","0","0","0","0","0","0","0","0","0","0","0","0","0","0","0","0","0"
"0x7b3fff76e200","@!P0  FFMA R67, R2, R21, R23","0","0","0","0","0","0","0","0","32","0","-","-","-","0","0","0","0","0","0","0","0","0","-","0","0","0","0","0","0","0","0","0","0","0","0","0","0","0","0","0","0","0","0","0","0","0","0","0","0","0","0","0","0","0","0","0","0","0","0","0","0","0","0"
"0x7b3fff76e210","      IADD3 R26, PT, PT, R24, 0x2, RZ","8","1","8","10752","344064","344064","32","32","0","0","-","-","-","0","0","0","0","0","0","0","0","0","-","0","0","0","0","0","0","0","1","0","0","0","0","0","0","0","0","6","1","0","0","0","0","0","0","0","0","0","0","0","0","0","0","0","1","0","0","0","0","0","0"
"0x7b3fff76e220","      IMAD.WIDE.U32 R14, R26, UR5, RZ","3","0","3","10752","344064","344064","32","32","0","0","-","-","-","0","0","0","0","0","0","0","0","0","-","0","0","0","0","0","0","0","0","0","0","0","0","2","0","0","0","0","0","0","0","0","0","1","0","0","0","0","0","0","0","0","0","0","0","0","0","0","0","0","0"
"0x7b3fff76e230","      IMAD R15, R26, UR4, R15","5","0","5","10752","344064","344064","32","32","0","0","-","-","-","0","0","0","0","0","0","0","0","0","-","0","0","0","0","0","0","0","0","1","0","0","0","2","0","0","0","0","1","0","0","0","0","1","0","0","0","0","0","0","0","0","0","0","0","0","0","0","0","0","0"
"0x7b3fff76e240","@P2   BRA 0x7b3fff76e330","1","0","1","10752","344064","0","32","0","32","0","-","-","-","0","0","0","0","0","0","0","0","0","-","0","0","0","0","0","0","0","0","1","0","0","0","0","0","0","0","0","0","0","0","0","0","0","0","0","0","0","0","0","0","0","0","0","0","0","0","0","0","0","0"
"0x7b3fff76e250","      ISETP.GE.AND P0, PT, R26, UR7, PT","2","0","2","10752","344064","344064","32","32","0","0","-","-","-","0","0","0","0","0","0","0","0","0","-","0","0","0","0","0","0","0","0","0","0","0","0","0","0","0","0","0","1","0","0","0","0","1","0","0","0","0","0","0","0","0","0","0","0","0","0","0","0","0","0"
"0x7b3fff76e260","      ISETP.GE.AND P1, PT, R18, UR6, PT","0","0","0","10752","344064","344064","32","32","0","0","-","-","-","0","0","0","0","0","0","0","0","0","-","0","0","0","0","0","0","0","0","0","0","0","0","0","0","0","0","0","0","0","0","0","0","0","0","0","0","0","0","0","0","0","0","0","0","0","0","0","0","0","0"
"0x7b3fff76e270","      ISETP.GE.AND P3, PT, R20, UR6, PT","0","0","0","10752","344064","344064","32","32","0","0","-","-","-","0","0","0","0","0","0","0","0","0","-","0","0","0","0","0","0","0","0","0","0","0","0","0","0","0","0","0","0","0","0","0","0","0","0","0","0","0","0","0","0","0","0","0","0","0","0","0","0","0","0"
"0x7b3fff76e280","      ISETP.GE.AND P4, PT, R37, UR6, PT","0","0","0","10752","344064","344064","32","32","0","0","-","-","-","0","0","0","0","0","0","0","0","0","-","0","0","0","0","0","0","0","0","0","0","0","0","0","0","0","0","0","0","0","0","0","0","0","0","0","0","0","0","0","0","0","0","0","0","0","0","0","0","0","0"
"0x7b3fff76e290","      ISETP.GE.AND P5, PT, R35, UR6, PT","0","0","0","10752","344064","344064","32","32","0","0","-","-","-","0","0","0","0","0","0","0","0","0","-","0","0","0","0","0","0","0","0","0","0","0","0","0","0","0","0","0","0","0","0","0","0","0","0","0","0","0","0","0","0","0","0","0","0","0","0","0","0","0","0"
"0x7b3fff76e2a0","      FMUL R3, R30, R22","0","0","0","10752","344064","344064","32","32","0","0","-","-","-","0","0","0","0","0","0","0","0","0","-","0","0","0","0","0","0","0","0","0","0","0","0","0","0","0","0","0","0","0","0","0","0","0","0","0","0","0","0","0","0","0","0","0","0","0","0","0","0","0","0"
"0x7b3fff76e2b0","      FMUL R0, R53, R22","0","0","0","10752","344064","344064","32","32","0","0","-","-","-","0","0","0","0","0","0","0","0","0","-","0","0","0","0","0","0","0","0","0","0","0","0","0","0","0","0","0","0","0","0","0","0","0","0","0","0","0","0","0","0","0","0","0","0","0","0","0","0","0","0"
"0x7b3fff76e2c0","      FMUL R2, R59, R22","0","0","0","10752","344064","344064","32","32","0","0","-","-","-","0","0","0","0","0","0","0","0","0","-","0","0","0","0","0","0","0","0","0","0","0","0","0","0","0","0","0","0","0","0","0","0","0","0","0","0","0","0","0","0","0","0","0","0","0","0","0","0","0","0"
"0x7b3fff76e2d0","      FMUL R5, R44, R22","0","0","0","10752","344064","344064","32","32","0","0","-","-","-","0","0","0","0","0","0","0","0","0","-","0","0","0","0","0","0","0","0","0","0","0","0","0","0","0","0","0","0","0","0","0","0","0","0","0","0","0","0","0","0","0","0","0","0","0","0","0","0","0","0"
"0x7b3fff76e2e0","@!P0  FSEL R30, R3, R30, !P1","3","0","3","10752","344064","344064","32","32","0","0","-","-","-","0","0","0","0","0","0","0","0","0","-","0","0","0","0","0","0","0","0","1","0","0","0","0","0","0","0","0","2","0","0","0","0","0","0","0","0","0","0","0","0","0","0","0","0","0","0","0","0","0","0"
"0x7b3fff76e2f0","@!P0  FSEL R53, R0, R53, !P3","0","0","0","10752","344064","344064","32","32","0","0","-","-","-","0","0","0","0","0","0","0","0","0","-","0","0","0","0","0","0","0","0","0","0","0","0","0","0","0","0","0","0","0","0","0","0","0","0","0","0","0","0","0","0","0","0","0","0","0","0","0","0","0","0"
"0x7b3fff76e300","@!P0  FSEL R59, R2, R59, !P4","0","0","0","10752","344064","344064","32","32","0","0","-","-","-","0","0","0","0","0","0","0","0","0","-","0","0","0","0","0","0","0","0","0","0","0","0","0","0","0","0","0","0","0","0","0","0","0","0","0","0","0","0","0","0","0","0","0","0","0","0","0","0","0","0"
"0x7b3fff76e310","@!P0  FSEL R44, R5, R44, !P5","0","0","0","10752","344064","344064","32","32","0","0","-","-","-","0","0","0","0","0","0","0","0","0","-","0","0","0","0","0","0","0","0","0","0","0","0","0","0","0","0","0","0","0","0","0","0","0","0","0","0","0","0","0","0","0","0","0","0","0","0","0","0","0","0"
"0x7b3fff76e320","      BRA 0x7b3fff76e4c0","0","0","0","10752","344064","344064","32","32","0","0","-","-","-","0","0","0","0","0","0","0","0","0","-","0","0","0","0","0","0","0","0","0","0","0","0","0","0","0","0","0","0","0","0","0","0","0","0","0","0","0","0","0","0","0","0","0","0","0","0","0","0","0","0"
"0x7b3fff76e330","      SHF.R.S32.HI R5, RZ, 0x1f, R18","0","0","0","0","0","0","0","0","32","0","-","-","-","0","0","0","0","0","0","0","0","0","-","0","0","0","0","0","0","0","0","0","0","0","0","0","0","0","0","0","0","0","0","0","0","0","0","0","0","0","0","0","0","0","0","0","0","0","0","0","0","0","0"
"0x7b3fff76e340","      MOV R4, R18","0","0","0","0","0","0","0","0","32","0","-","-","-","0","0","0","0","0","0","0","0","0","-","0","0","0","0","0","0","0","0","0","0","0","0","0","0","0","0","0","0","0","0","0","0","0","0","0","0","0","0","0","0","0","0","0","0","0","0","0","0","0","0"
"0x7b3fff76e350","      ISETP.GE.AND P1, PT, R18, UR6, PT","0","0","0","0","0","0","0","0","32","0","-","-","-","0","0","0","0","0","0","0","0","0","-","0","0","0","0","0","0","0","0","0","0","0","0","0","0","0","0","0","0","0","0","0","0","0","0","0","0","0","0","0","0","0","0","0","0","0","0","0","0","0","0"
"0x7b3fff76e360","      ISETP.GE.AND P3, PT, R20, UR6, PT","0","0","0","0","0","0","0","0","32","0","-","-","-","0","0","0","0","0","0","0","0","0","-","0","0","0","0","0","0","0","0","0","0","0","0","0","0","0","0","0","0","0","0","0","0","0","0","0","0","0","0","0","0","0","0","0","0","0","0","0","0","0","0"
"0x7b3fff76e370","      ISETP.GE.AND P4, PT, R37, UR6, PT","0","0","0","0","0","0","0","0","32","0","-","-","-","0","0","0","0","0","0","0","0","0","-","0","0","0","0","0","0","0","0","0","0","0","0","0","0","0","0","0","0","0","0","0","0","0","0","0","0","0","0","0","0","0","0","0","0","0","0","0","0","0","0"
"0x7b3fff76e380","      ISETP.GE.AND P0, PT, R35, UR6, PT","0","0","0","0","0","0","0","0","32","0","-","-","-","0","0","0","0","0","0","0","0","0","-","0","0","0","0","0","0","0","0","0","0","0","0","0","0","0","0","0","0","0","0","0","0","0","0","0","0","0","0","0","0","0","0","0","0","0","0","0","0","0","0"
"0x7b3fff76e390","      IADD.64 R4, R4, R14","0","0","0","0","0","0","0","0","32","0","-","-","-","0","0","0","0","0","0","0","0","0","-","0","0","0","0","0","0","0","0","0","0","0","0","0","0","0","0","0","0","0","0","0","0","0","0","0","0","0","0","0","0","0","0","0","0","0","0","0","0","0","0"
"0x7b3fff76e3a0","      ISETP.GE.OR P1, PT, R26, UR7, P1","0","0","0","0","0","0","0","0","32","0","-","-","-","0","0","0","0","0","0","0","0","0","-","0","0","0","0","0","0","0","0","0","0","0","0","0","0","0","0","0","0","0","0","0","0","0","0","0","0","0","0","0","0","0","0","0","0","0","0","0","0","0","0"
"0x7b3fff76e3b0","      ISETP.GE.OR P3, PT, R26, UR7, P3","0","0","0","0","0","0","0","0","32","0","-","-","-","0","0","0","0","0","0","0","0","0","-","0","0","0","0","0","0","0","0","0","0","0","0","0","0","0","0","0","0","0","0","0","0","0","0","0","0","0","0","0","0","0","0","0","0","0","0","0","0","0","0"
"0x7b3fff76e3c0","      ISETP.GE.OR P4, PT, R26, UR7, P4","0","0","0","0","0","0","0","0","32","0","-","-","-","0","0","0","0","0","0","0","0","0","-","0","0","0","0","0","0","0","0","0","0","0","0","0","0","0","0","0","0","0","0","0","0","0","0","0","0","0","0","0","0","0","0","0","0","0","0","0","0","0","0"
"0x7b3fff76e3d0","      ISETP.GE.OR P0, PT, R26, UR7, P0","0","0","0","0","0","0","0","0","32","0","-","-","-","0","0","0","0","0","0","0","0","0","-","0","0","0","0","0","0","0","0","0","0","0","0","0","0","0","0","0","0","0","0","0","0","0","0","0","0","0","0","0","0","0","0","0","0","0","0","0","0","0","0"
"0x7b3fff76e3e0","      LEA R2, P5, R4, UR26, 0x2","0","0","0","0","0","0","0","0","32","0","-","-","-","0","0","0","0","0","0","0","0","0","-","0","0","0","0","0","0","0","0","0","0","0","0","0","0","0","0","0","0","0","0","0","0","0","0","0","0","0","0","0","0","0","0","0","0","0","0","0","0","0","0"
"0x7b3fff76e3f0","      LEA.HI.X R3, R4, UR27, R5, 0x2, P5","0","0","0","0","0","0","0","0","32","0","-","-","-","0","0","0","0","0","0","0","0","0","-","0","0","0","0","0","0","0","0","0","0","0","0","0","0","0","0","0","0","0","0","0","0","0","0","0","0","0","0","0","0","0","0","0","0","0","0","0","0","0","0"
"0x7b3fff76e400","@!P1  LD.E R0, desc[UR24][R2.64]","0","0","0","0","0","0","0","0","32","0","","","","0","0","0","0","0","0","0","0","0","","0","0","0","0","0","0","0","0","0","0","0","0","0","0","0","0","0","0","0","0","0","0","0","0","0","0","0","0","0","0","0","0","0","0","0","0","0","0","0","0"
"0x7b3fff76e410","@!P3  LD.E R4, desc[UR24][R2.64+0x4]","0","0","0","0","0","0","0","0","32","0","","","","0","0","0","0","0","0","0","0","0","","0","0","0","0","0","0","0","0","0","0","0","0","0","0","0","0","0","0","0","0","0","0","0","0","0","0","0","0","0","0","0","0","0","0","0","0","0","0","0","0"
"0x7b3fff76e420","@!P4  LD.E R6, desc[UR24][R2.64+0x8]","0","0","0","0","0","0","0","0","32","0","","","","0","0","0","0","0","0","0","0","0","","0","0","0","0","0","0","0","0","0","0","0","0","0","0","0","0","0","0","0","0","0","0","0","0","0","0","0","0","0","0","0","0","0","0","0","0","0","0","0","0"
"0x7b3fff76e430","@!P0  LD.E R8, desc[UR24][R2.64+0xc]","0","0","0","0","0","0","0","0","32","0","","","","0","0","0","0","0","0","0","0","0","","0","0","0","0","0","0","0","0","0","0","0","0","0","0","0","0","0","0","0","0","0","0","0","0","0","0","0","0","0","0","0","0","0","0","0","0","0","0","0","0"
"0x7b3fff76e440","@!P1  FMUL R5, R30, R22","0","0","0","0","0","0","0","0","32","0","-","-","-","0","0","0","0","0","0","0","0","0","-","0","0","0","0","0","0","0","0","0","0","0","0","0","0","0","0","0","0","0","0","0","0","0","0","0","0","0","0","0","0","0","0","0","0","0","0","0","0","0","0"
"0x7b3fff76e450","@!P3  FMUL R7, R53, R22","0","0","0","0","0","0","0","0","32","0","-","-","-","0","0","0","0","0","0","0","0","0","-","0","0","0","0","0","0","0","0","0","0","0","0","0","0","0","0","0","0","0","0","0","0","0","0","0","0","0","0","0","0","0","0","0","0","0","0","0","0","0","0"
"0x7b3fff76e460","@!P4  FMUL R9, R59, R22","0","0","0","0","0","0","0","0","32","0","-","-","-","0","0","0","0","0","0","0","0","0","-","0","0","0","0","0","0","0","0","0","0","0","0","0","0","0","0","0","0","0","0","0","0","0","0","0","0","0","0","0","0","0","0","0","0","0","0","0","0","0","0"
"0x7b3fff76e470","@!P0  FMUL R11, R44, R22","0","0","0","0","0","0","0","0","32","0","-","-","-","0","0","0","0","0","0","0","0","0","-","0","0","0","0","0","0","0","0","0","0","0","0","0","0","0","0","0","0","0","0","0","0","0","0","0","0","0","0","0","0","0","0","0","0","0","0","0","0","0","0"
"0x7b3fff76e480","@!P1  FFMA R30, R0, R21, R5","0","0","0","0","0","0","0","0","32","0","-","-","-","0","0","0","0","0","0","0","0","0","-","0","0","0","0","0","0","0","0","0","0","0","0","0","0","0","0","0","0","0","0","0","0","0","0","0","0","0","0","0","0","0","0","0","0","0","0","0","0","0","0"
"0x7b3fff76e490","@!P3  FFMA R53, R4, R21, R7","0","0","0","0","0","0","0","0","32","0","-","-","-","0","0","0","0","0","0","0","0","0","-","0","0","0","0","0","0","0","0","0","0","0","0","0","0","0","0","0","0","0","0","0","0","0","0","0","0","0","0","0","0","0","0","0","0","0","0","0","0","0","0"
"0x7b3fff76e4a0","@!P4  FFMA R59, R6, R21, R9","0","0","0","0","0","0","0","0","32","0","-","-","-","0","0","0","0","0","0","0","0","0","-","0","0","0","0","0","0","0","0","0","0","0","0","0","0","0","0","0","0","0","0","0","0","0","0","0","0","0","0","0","0","0","0","0","0","0","0","0","0","0","0"
"0x7b3fff76e4b0","@!P0  FFMA R44, R8, R21, R11","0","0","0","0","0","0","0","0","32","0","-","-","-","0","0","0","0","0","0","0","0","0","-","0","0","0","0","0","0","0","0","0","0","0","0","0","0","0","0","0","0","0","0","0","0","0","0","0","0","0","0","0","0","0","0","0","0","0","0","0","0","0","0"
"0x7b3fff76e4c0","@P2   BRA 0x7b3fff76e5b0","8","0","8","10752","344064","0","32","0","32","0","-","-","-","0","0","0","0","0","0","0","0","0","-","0","0","0","0","0","0","0","1","0","0","0","0","0","0","0","0","5","2","0","0","0","0","0","0","0","0","0","0","0","0","0","0","0","0","0","0","0","0","0","0"
"0x7b3fff76e4d0","      ISETP.GE.AND P0, PT, R26, UR7, PT","3","0","3","10752","344064","344064","32","32","0","0","-","-","-","0","0","0","0","0","0","0","0","0","-","0","0","0","0","0","0","0","0","0","0","0","0","0","0","0","0","0","2","0","0","0","0","1","0","0","0","0","0","0","0","0","0","0","0","0","0","0","0","0","0"
"0x7b3fff76e4e0","      ISETP.GE.AND P1, PT, R16, UR6, PT","0","0","0","10752","344064","344064","32","32","0","0","-","-","-","0","0","0","0","0","0","0","0","0","-","0","0","0","0","0","0","0","0","0","0","0","0","0","0","0","0","0","0","0","0","0","0","0","0","0","0","0","0","0","0","0","0","0","0","0","0","0","0","0","0"
"0x7b3fff76e4f0","      ISETP.GE.AND P3, PT, R34, UR6, PT","0","0","0","10752","344064","344064","32","32","0","0","-","-","-","0","0","0","0","0","0","0","0","0","-","0","0","0","0","0","0","0","0","0","0","0","0","0","0","0","0","0","0","0","0","0","0","0","0","0","0","0","0","0","0","0","0","0","0","0","0","0","0","0","0"
"0x7b3fff76e500","      ISETP.GE.AND P4, PT, R33, UR6, PT","1","0","1","10752","344064","344064","32","32","0","0","-","-","-","0","0","0","0","0","0","0","0","0","-","0","0","0","0","0","0","0","0","0","0","0","0","0","0","0","0","0","0","1","0","0","0","0","0","0","0","0","0","0","0","0","0","0","0","0","0","0","0","0","0"
"0x7b3fff76e510","      ISETP.GE.AND P5, PT, R32, UR6, PT","0","0","0","10752","344064","344064","32","32","0","0","-","-","-","0","0","0","0","0","0","0","0","0","-","0","0","0","0","0","0","0","0","0","0","0","0","0","0","0","0","0","0","0","0","0","0","0","0","0","0","0","0","0","0","0","0","0","0","0","0","0","0","0","0"
"0x7b3fff76e520","      FMUL R3, R50, R22","4","0","4","10752","344064","344064","32","32","0","0","-","-","-","0","0","0","0","0","0","0","0","0","-","0","0","0","0","0","0","0","0","0","0","0","0","0","0","0","0","0","0","4","0","0","0","0","0","0","0","0","0","0","0","0","0","0","0","0","0","0","0","0","0"
"0x7b3fff76e530","      FMUL R5, R38, R22","0","0","0","10752","344064","344064","32","32","0","0","-","-","-","0","0","0","0","0","0","0","0","0","-","0","0","0","0","0","0","0","0","0","0","0","0","0","0","0","0","0","0","0","0","0","0","0","0","0","0","0","0","0","0","0","0","0","0","0","0","0","0","0","0"
"0x7b3fff76e540","      FMUL R7, R40, R22","1","0","1","10752","344064","344064","32","32","0","0","-","-","-","0","0","0","0","0","0","0","0","0","-","0","0","0","0","0","0","0","0","0","0","0","0","0","0","0","0","0","0","1","0","0","0","0","0","0","0","0","0","0","0","0","0","0","0","0","0","0","0","0","0"
"0x7b3fff76e550","      FMUL R9, R68, R22","0","0","0","10752","344064","344064","32","32","0","0","-","-","-","0","0","0","0","0","0","0","0","0","-","0","0","0","0","0","0","0","0","0","0","0","0","0","0","0","0","0","0","0","0","0","0","0","0","0","0","0","0","0","0","0","0","0","0","0","0","0","0","0","0"
"0x7b3fff76e560","@!P0  FSEL R50, R3, R50, !P1","6","0","6","10752","344064","344064","32","32","0","0","-","-","-","0","0","0","0","0","0","0","0","0","-","0","0","0","0","0","0","0","0","1","0","0","0","0","0","0","0","0","2","2","0","0","0","1","0","0","0","0","0","0","0","0","0","0","0","0","0","0","0","0","0"
"0x7b3fff76e570","@!P0  FSEL R38, R5, R38, !P3","1","0","1","10752","344064","344064","32","32","0","0","-","-","-","0","0","0","0","0","0","0","0","0","-","0","0","0","0","0","0","0","0","0","0","0","0","0","0","0","0","0","0","1","0","0","0","0","0","0","0","0","0","0","0","0","0","0","0","0","0","0","0","0","0"
"0x7b3fff76e580","@!P0  FSEL R40, R7, R40, !P4","2","0","2","10752","344064","344064","32","32","0","0","-","-","-","0","0","0","0","0","0","0","0","0","-","0","0","0","0","0","0","0","0","0","0","0","0","0","0","0","0","2","0","0","0","0","0","0","0","0","0","0","0","0","0","0","0","0","0","0","0","0","0","0","0"
"0x7b3fff76e590","@!P0  FSEL R68, R9, R68, !P5","0","0","0","10752","344064","344064","32","32","0","0","-","-","-","0","0","0","0","0","0","0","0","0","-","0","0","0","0","0","0","0","0","0","0","0","0","0","0","0","0","0","0","0","0","0","0","0","0","0","0","0","0","0","0","0","0","0","0","0","0","0","0","0","0"
"0x7b3fff76e5a0","      BRA 0x7b3fff76e830","0","0","0","10752","344064","344064","32","32","0","0","-","-","-","0","0","0","0","0","0","0","0","0","-","0","0","0","0","0","0","0","0","0","0","0","0","0","0","0","0","0","0","0","0","0","0","0","0","0","0","0","0","0","0","0","0","0","0","0","0","0","0","0","0"
"0x7b3fff76e5b0","      ISETP.GE.AND P1, PT, R16, UR6, PT","2","0","2","0","0","0","0","0","32","0","-","-","-","0","0","0","0","0","0","0","0","0","-","0","0","0","0","0","0","0","1","0","0","0","0","0","0","0","0","0","0","1","0","0","0","0","0","0","0","0","0","0","0","0","0","0","0","0","0","0","0","0","0"
"0x7b3fff76e5c0","      ISETP.GE.AND P3, PT, R34, UR6, PT","0","0","0","0","0","0","0","0","32","0","-","-","-","0","0","0","0","0","0","0","0","0","-","0","0","0","0","0","0","0","0","0","0","0","0","0","0","0","0","0","0","0","0","0","0","0","0","0","0","0","0","0","0","0","0","0","0","0","0","0","0","0","0"
"0x7b3fff76e5d0","      ISETP.GE.AND P4, PT, R33, UR6, PT","0","0","0","0","0","0","0","0","32","0","-","-","-","0","0","0","0","0","0","0","0","0","-","0","0","0","0","0","0","0","0","0","0","0","0","0","0","0","0","0","0","0","0","0","0","0","0","0","0","0","0","0","0","0","0","0","0","0","0","0","0","0","0"
"0x7b3fff76e5e0","      ISETP.GE.AND P0, PT, R32, UR6, PT","0","0","0","0","0","0","0","0","32","0","-","-","-","0","0","0","0","0","0","0","0","0","-","0","0","0","0","0","0","0","0","0","0","0","0","0","0","0","0","0","0","0","0","0","0","0","0","0","0","0","0","0","0","0","0","0","0","0","0","0","0","0","0"
"0x7b3fff76e5f0","      ISETP.GE.OR P1, PT, R26, UR7, P1","0","0","0","0","0","0","0","0","32","0","-","-","-","0","0","0","0","0","0","0","0","0","-","0","0","0","0","0","0","0","0","0","0","0","0","0","0","0","0","0","0","0","0","0","0","0","0","0","0","0","0","0","0","0","0","0","0","0","0","0","0","0","0"
"0x7b3fff76e600","      ISETP.GE.OR P3, PT, R26, UR7, P3","0","0","0","0","0","0","0","0","32","0","-","-","-","0","0","0","0","0","0","0","0","0","-","0","0","0","0","0","0","0","0","0","0","0","0","0","0","0","0","0","0","0","0","0","0","0","0","0","0","0","0","0","0","0","0","0","0","0","0","0","0","0","0"
"0x7b3fff76e610","      ISETP.GE.OR P4, PT, R26, UR7, P4","0","0","0","0","0","0","0","0","32","0","-","-","-","0","0","0","0","0","0","0","0","0","-","0","0","0","0","0","0","0","0","0","0","0","0","0","0","0","0","0","0","0","0","0","0","0","0","0","0","0","0","0","0","0","0","0","0","0","0","0","0","0","0"
"0x7b3fff76e620","      ISETP.GE.OR P0, PT, R26, UR7, P0","0","0","0","0","0","0","0","0","32","0","-","-","-","0","0","0","0","0","0","0","0","0","-","0","0","0","0","0","0","0","0","0","0","0","0","0","0","0","0","0","0","0","0","0","0","0","0","0","0","0","0","0","0","0","0","0","0","0","0","0","0","0","0"
"0x7b3fff76e630","@!P1  SHF.R.S32.HI R13, RZ, 0x1f, R16","0","0","0","0","0","0","0","0","32","0","-","-","-","0","0","0","0","0","0","0","0","0","-","0","0","0","0","0","0","0","0","0","0","0","0","0","0","0","0","0","0","0","0","0","0","0","0","0","0","0","0","0","0","0","0","0","0","0","0","0","0","0","0"
"0x7b3fff76e640","@!P3  SHF.R.S32.HI R7, RZ, 0x1f, R34","0","0","0","0","0","0","0","0","32","0","-","-","-","0","0","0","0","0","0","0","0","0","-","0","0","0","0","0","0","0","0","0","0","0","0","0","0","0","0","0","0","0","0","0","0","0","0","0","0","0","0","0","0","0","0","0","0","0","0","0","0","0","0"
"0x7b3fff76e650","@!P1  MOV R12, R16","0","0","0","0","0","0","0","0","32","0","-","-","-","0","0","0","0","0","0","0","0","0","-","0","0","0","0","0","0","0","0","0","0","0","0","0","0","0","0","0","0","0","0","0","0","0","0","0","0","0","0","0","0","0","0","0","0","0","0","0","0","0","0"
"0x7b3fff76e660","@!P3  MOV R6, R34","0","0","0","0","0","0","0","0","32","0","-","-","-","0","0","0","0","0","0","0","0","0","-","0","0","0","0","0","0","0","0","0","0","0","0","0","0","0","0","0","0","0","0","0","0","0","0","0","0","0","0","0","0","0","0","0","0","0","0","0","0","0","0"
"0x7b3fff76e670","@!P4  SHF.R.S32.HI R5, RZ, 0x1f, R33","0","0","0","0","0","0","0","0","32","0","-","-","-","0","0","0","0","0","0","0","0","0","-","0","0","0","0","0","0","0","0","0","0","0","0","0","0","0","0","0","0","0","0","0","0","0","0","0","0","0","0","0","0","0","0","0","0","0","0","0","0","0","0"
"0x7b3fff76e680","@!P4  MOV R4, R33","0","0","0","0","0","0","0","0","32","0","-","-","-","0","0","0","0","0","0","0","0","0","-","0","0","0","0","0","0","0","0","0","0","0","0","0","0","0","0","0","0","0","0","0","0","0","0","0","0","0","0","0","0","0","0","0","0","0","0","0","0","0","0"
"0x7b3fff76e690","@!P0  SHF.R.S32.HI R3, RZ, 0x1f, R32","0","0","0","0","0","0","0","0","32","0","-","-","-","0","0","0","0","0","0","0","0","0","-","0","0","0","0","0","0","0","0","0","0","0","0","0","0","0","0","0","0","0","0","0","0","0","0","0","0","0","0","0","0","0","0","0","0","0","0","0","0","0","0"
"0x7b3fff76e6a0","@!P1  IADD.64 R12, R12, R14","0","0","0","0","0","0","0","0","32","0","-","-","-","0","0","0","0","0","0","0","0","0","-","0","0","0","0","0","0","0","0","0","0","0","0","0","0","0","0","0","0","0","0","0","0","0","0","0","0","0","0","0","0","0","0","0","0","0","0","0","0","0","0"
"0x7b3fff76e6b0","@!P3  IADD.64 R10, R6, R14","0","0","0","0","0","0","0","0","32","0","-","-","-","0","0","0","0","0","0","0","0","0","-","0","0","0","0","0","0","0","0","0","0","0","0","0","0","0","0","0","0","0","0","0","0","0","0","0","0","0","0","0","0","0","0","0","0","0","0","0","0","0","0"
"0x7b3fff76e6c0","@!P0  MOV R2, R32","0","0","0","0","0","0","0","0","32","0","-","-","-","0","0","0","0","0","0","0","0","0","-","0","0","0","0","0","0","0","0","0","0","0","0","0","0","0","0","0","0","0","0","0","0","0","0","0","0","0","0","0","0","0","0","0","0","0","0","0","0","0","0"
"0x7b3fff76e6d0","@!P4  IADD.64 R8, R4, R14","0","0","0","0","0","0","0","0","32","0","-","-","-","0","0","0","0","0","0","0","0","0","-","0","0","0","0","0","0","0","0","0","0","0","0","0","0","0","0","0","0","0","0","0","0","0","0","0","0","0","0","0","0","0","0","0","0","0","0","0","0","0","0"
"0x7b3fff76e6e0","@!P1  LEA R6, P5, R12, UR26, 0x2","0","0","0","0","0","0","0","0","32","0","-","-","-","0","0","0","0","0","0","0","0","0","-","0","0","0","0","0","0","0","0","0","0","0","0","0","0","0","0","0","0","0","0","0","0","0","0","0","0","0","0","0","0","0","0","0","0","0","0","0","0","0","0"
"0x7b3fff76e6f0","@!P0  IADD.64 R14, R2, R14","0","0","0","0","0","0","0","0","32","0","-","-","-","0","0","0","0","0","0","0","0","0","-","0","0","0","0","0","0","0","0","0","0","0","0","0","0","0","0","0","0","0","0","0","0","0","0","0","0","0","0","0","0","0","0","0","0","0","0","0","0","0","0"
"0x7b3fff76e700","@!P3  LEA R4, P6, R10, UR26, 0x2","0","0","0","0","0","0","0","0","32","0","-","-","-","0","0","0","0","0","0","0","0","0","-","0","0","0","0","0","0","0","0","0","0","0","0","0","0","0","0","0","0","0","0","0","0","0","0","0","0","0","0","0","0","0","0","0","0","0","0","0","0","0","0"
"0x7b3fff76e710","@!P1  LEA.HI.X R7, R12, UR27, R13, 0x2, P5","0","0","0","0","0","0","0","0","32","0","-","-","-","0","0","0","0","0","0","0","0","0","-","0","0","0","0","0","0","0","0","0","0","0","0","0","0","0","0","0","0","0","0","0","0","0","0","0","0","0","0","0","0","0","0","0","0","0","0","0","0","0","0"
"0x7b3fff76e720","@!P3  LEA.HI.X R5, R10, UR27, R11, 0x2, P6","0","0","0","0","0","0","0","0","32","0","-","-","-","0","0","0","0","0","0","0","0","0","-","0","0","0","0","0","0","0","0","0","0","0","0","0","0","0","0","0","0","0","0","0","0","0","0","0","0","0","0","0","0","0","0","0","0","0","0","0","0","0","0"
"0x7b3fff76e730","@!P4  LEA R10, P5, R8, UR26, 0x2","0","0","0","0","0","0","0","0","32","0","-","-","-","0","0","0","0","0","0","0","0","0","-","0","0","0","0","0","0","0","0","0","0","0","0","0","0","0","0","0","0","0","0","0","0","0","0","0","0","0","0","0","0","0","0","0","0","0","0","0","0","0","0"
"0x7b3fff76e740","@!P1  LD.E R6, desc[UR24][R6.64]","0","0","0","0","0","0","0","0","32","0","","","","0","0","0","0","0","0","0","0","0","","0","0","0","0","0","0","0","0","0","0","0","0","0","0","0","0","0","0","0","0","0","0","0","0","0","0","0","0","0","0","0","0","0","0","0","0","0","0","0","0"
"0x7b3fff76e750","@!P0  LEA R2, P6, R14, UR26, 0x2","0","0","0","0","0","0","0","0","32","0","-","-","-","0","0","0","0","0","0","0","0","0","-","0","0","0","0","0","0","0","0","0","0","0","0","0","0","0","0","0","0","0","0","0","0","0","0","0","0","0","0","0","0","0","0","0","0","0","0","0","0","0","0"
"0x7b3fff76e760","@!P4  LEA.HI.X R11, R8, UR27, R9, 0x2, P5","0","0","0","0","0","0","0","0","32","0","-","-","-","0","0","0","0","0","0","0","0","0","-","0","0","0","0","0","0","0","0","0","0","0","0","0","0","0","0","0","0","0","0","0","0","0","0","0","0","0","0","0","0","0","0","0","0","0","0","0","0","0","0"
"0x7b3fff76e770","@!P3  LD.E R4, desc[UR24][R4.64]","0","0","0","0","0","0","0","0","32","0","","","","0","0","0","0","0","0","0","0","0","","0","0","0","0","0","0","0","0","0","0","0","0","0","0","0","0","0","0","0","0","0","0","0","0","0","0","0","0","0","0","0","0","0","0","0","0","0","0","0","0"
"0x7b3fff76e780","@!P0  LEA.HI.X R3, R14, UR27, R15, 0x2, P6","0","0","0","0","0","0","0","0","32","0","-","-","-","0","0","0","0","0","0","0","0","0","-","0","0","0","0","0","0","0","0","0","0","0","0","0","0","0","0","0","0","0","0","0","0","0","0","0","0","0","0","0","0","0","0","0","0","0","0","0","0","0","0"
"0x7b3fff76e790","@!P4  LD.E R10, desc[UR24][R10.64]","0","0","0","0","0","0","0","0","32","0","","","","0","0","0","0","0","0","0","0","0","","0","0","0","0","0","0","0","0","0","0","0","0","0","0","0","0","0","0","0","0","0","0","0","0","0","0","0","0","0","0","0","0","0","0","0","0","0","0","0","0"
"0x7b3fff76e7a0","@!P0  LD.E R2, desc[UR24][R2.64]","0","0","0","0","0","0","0","0","32","0","","","","0","0","0","0","0","0","0","0","0","","0","0","0","0","0","0","0","0","0","0","0","0","0","0","0","0","0","0","0","0","0","0","0","0","0","0","0","0","0","0","0","0","0","0","0","0","0","0","0","0"
"0x7b3fff76e7b0","@!P1  FMUL R9, R50, R22","0","0","0","0","0","0","0","0","32","0","-","-","-","0","0","0","0","0","0","0","0","0","-","0","0","0","0","0","0","0","0","0","0","0","0","0","0","0","0","0","0","0","0","0","0","0","0","0","0","0","0","0","0","0","0","0","0","0","0","0","0","0","0"
"0x7b3fff76e7c0","@!P3  FMUL R13, R38, R22","0","0","0","0","0","0","0","0","32","0","-","-","-","0","0","0","0","0","0","0","0","0","-","0","0","0","0","0","0","0","0","0","0","0","0","0","0","0","0","0","0","0","0","0","0","0","0","0","0","0","0","0","0","0","0","0","0","0","0","0","0","0","0"
"0x7b3fff76e7d0","@!P4  FMUL R15, R40, R22","0","0","0","0","0","0","0","0","32","0","-","-","-","0","0","0","0","0","0","0","0","0","-","0","0","0","0","0","0","0","0","0","0","0","0","0","0","0","0","0","0","0","0","0","0","0","0","0","0","0","0","0","0","0","0","0","0","0","0","0","0","0","0"
"0x7b3fff76e7e0","@!P0  FMUL R23, R68, R22","0","0","0","0","0","0","0","0","32","0","-","-","-","0","0","0","0","0","0","0","0","0","-","0","0","0","0","0","0","0","0","0","0","0","0","0","0","0","0","0","0","0","0","0","0","0","0","0","0","0","0","0","0","0","0","0","0","0","0","0","0","0","0"
"0x7b3fff76e7f0","@!P1  FFMA R50, R6, R21, R9","0","0","0","0","0","0","0","0","32","0","-","-","-","0","0","0","0","0","0","0","0","0","-","0","0","0","0","0","0","0","0","0","0","0","0","0","0","0","0","0","0","0","0","0","0","0","0","0","0","0","0","0","0","0","0","0","0","0","0","0","0","0","0"
"0x7b3fff76e800","@!P3  FFMA R38, R4, R21, R13","0","0","0","0","0","0","0","0","32","0","-","-","-","0","0","0","0","0","0","0","0","0","-","0","0","0","0","0","0","0","0","0","0","0","0","0","0","0","0","0","0","0","0","0","0","0","0","0","0","0","0","0","0","0","0","0","0","0","0","0","0","0","0"
"0x7b3fff76e810","@!P4  FFMA R40, R10, R21, R15","0","0","0","0","0","0","0","0","32","0","-","-","-","0","0","0","0","0","0","0","0","0","-","0","0","0","0","0","0","0","0","0","0","0","0","0","0","0","0","0","0","0","0","0","0","0","0","0","0","0","0","0","0","0","0","0","0","0","0","0","0","0","0"
"0x7b3fff76e820","@!P0  FFMA R68, R2, R21, R23","0","0","0","0","0","0","0","0","32","0","-","-","-","0","0","0","0","0","0","0","0","0","-","0","0","0","0","0","0","0","0","0","0","0","0","0","0","0","0","0","0","0","0","0","0","0","0","0","0","0","0","0","0","0","0","0","0","0","0","0","0","0","0"
"0x7b3fff76e830","      IADD3 R25, PT, PT, R24, 0x3, RZ","11","3","11","10752","344064","344064","32","32","0","0","-","-","-","0","0","0","0","0","0","0","0","0","-","0","0","0","0","0","0","0","0","0","0","0","0","1","0","0","0","9","1","0","0","0","0","0","0","0","0","0","0","0","0","0","0","0","3","0","0","0","0","0","0"
"0x7b3fff76e840","      IMAD.WIDE.U32 R10, R25, UR5, RZ","7","0","7","10752","344064","344064","32","32","0","0","-","-","-","0","0","0","0","0","0","0","0","0","-","0","0","0","0","0","0","0","0","2","0","0","0","3","0","0","0","0","2","0","0","0","0","0","0","0","0","0","0","0","0","0","0","0","0","0","0","0","0","0","0"
"0x7b3fff76e850","      IMAD R11, R25, UR4, R11","8","0","8","10752","344064","344064","32","32","0","0","-","-","-","0","0","0","0","0","0","0","0","0","-","0","0","0","0","0","0","0","0","1","0","0","0","2","0","0","0","0","3","0","0","0","0","2","0","0","0","0","0","0","0","0","0","0","0","0","0","0","0","0","0"
"0x7b3fff76e860","@P2   BRA 0x7b3fff76e950","0","0","0","10752","344064","0","32","0","32","0","-","-","-","0","0","0","0","0","0","0","0","0","-","0","0","0","0","0","0","0","0","0","0","0","0","0","0","0","0","0","0","0","0","0","0","0","0","0","0","0","0","0","0","0","0","0","0","0","0","0","0","0","0"
"0x7b3fff76e870","      ISETP.GE.AND P0, PT, R25, UR7, PT","4","0","4","10752","344064","344064","32","32","0","0","-","-","-","0","0","0","0","0","0","0","0","0","-","0","0","0","0","0","0","0","0","0","0","0","0","0","0","0","0","0","1","2","0","0","0","1","0","0","0","0","0","0","0","0","0","0","0","0","0","0","0","0","0"
"0x7b3fff76e880","      ISETP.GE.AND P1, PT, R18, UR6, PT","0","0","0","10752","344064","344064","32","32","0","0","-","-","-","0","0","0","0","0","0","0","0","0","-","0","0","0","0","0","0","0","0","0","0","0","0","0","0","0","0","0","0","0","0","0","0","0","0","0","0","0","0","0","0","0","0","0","0","0","0","0","0","0","0"
"0x7b3fff76e890","      ISETP.GE.AND P3, PT, R20, UR6, PT","0","0","0","10752","344064","344064","32","32","0","0","-","-","-","0","0","0","0","0","0","0","0","0","-","0","0","0","0","0","0","0","0","0","0","0","0","0","0","0","0","0","0","0","0","0","0","0","0","0","0","0","0","0","0","0","0","0","0","0","0","0","0","0","0"
"0x7b3fff76e8a0","      ISETP.GE.AND P4, PT, R37, UR6, PT","0","0","0","10752","344064","344064","32","32","0","0","-","-","-","0","0","0","0","0","0","0","0","0","-","0","0","0","0","0","0","0","0","0","0","0","0","0","0","0","0","0","0","0","0","0","0","0","0","0","0","0","0","0","0","0","0","0","0","0","0","0","0","0","0"
"0x7b3fff76e8b0","      ISETP.GE.AND P5, PT, R35, UR6, PT","1","0","1","10752","344064","344064","32","32","0","0","-","-","-","0","0","0","0","0","0","0","0","0","-","0","0","0","0","0","0","0","0","0","0","0","0","0","0","0","0","0","0","1","0","0","0","0","0","0","0","0","0","0","0","0","0","0","0","0","0","0","0","0","0"
"0x7b3fff76e8c0","      FMUL R0, R31, R22","0","0","0","10752","344064","344064","32","32","0","0","-","-","-","0","0","0","0","0","0","0","0","0","-","0","0","0","0","0","0","0","0","0","0","0","0","0","0","0","0","0","0","0","0","0","0","0","0","0","0","0","0","0","0","0","0","0","0","0","0","0","0","0","0"
"0x7b3fff76e8d0","      FMUL R3, R56, R22","0","0","0","10752","344064","344064","32","32","0","0","-","-","-","0","0","0","0","0","0","0","0","0","-","0","0","0","0","0","0","0","0","0","0","0","0","0","0","0","0","0","0","0","0","0","0","0","0","0","0","0","0","0","0","0","0","0","0","0","0","0","0","0","0"
"0x7b3fff76e8e0","      FMUL R2, R63, R22","0","0","0","10752","344064","344064","32","32","0","0","-","-","-","0","0","0","0","0","0","0","0","0","-","0","0","0","0","0","0","0","0","0","0","0","0","0","0","0","0","0","0","0","0","0","0","0","0","0","0","0","0","0","0","0","0","0","0","0","0","0","0","0","0"
"0x7b3fff76e8f0","      FMUL R4, R47, R22","0","0","0","10752","344064","344064","32","32","0","0","-","-","-","0","0","0","0","0","0","0","0","0","-","0","0","0","0","0","0","0","0","0","0","0","0","0","0","0","0","0","0","0","0","0","0","0","0","0","0","0","0","0","0","0","0","0","0","0","0","0","0","0","0"
"0x7b3fff76e900","@!P0  FSEL R31, R0, R31, !P1","5","0","5","10752","344064","344064","32","32","0","0","-","-","-","0","0","0","0","0","0","0","0","0","-","0","0","0","0","0","0","0","0","0","0","0","0","0","0","0","0","0","3","0","0","0","0","2","0","0","0","0","0","0","0","0","0","0","0","0","0","0","0","0","0"
"0x7b3fff76e910","@!P0  FSEL R56, R3, R56, !P3","1","0","1","10752","344064","344064","32","32","0","0","-","-","-","0","0","0","0","0","0","0","0","0","-","0","0","0","0","0","0","0","0","0","0","0","0","0","0","0","0","0","0","1","0","0","0","0","0","0","0","0","0","0","0","0","0","0","0","0","0","0","0","0","0"
"0x7b3fff76e920","@!P0  FSEL R63, R2, R63, !P4","0","0","0","10752","344064","344064","32","32","0","0","-","-","-","0","0","0","0","0","0","0","0","0","-","0","0","0","0","0","0","0","0","0","0","0","0","0","0","0","0","0","0","0","0","0","0","0","0","0","0","0","0","0","0","0","0","0","0","0","0","0","0","0","0"
"0x7b3fff76e930","@!P0  FSEL R47, R4, R47, !P5","0","0","0","10752","344064","344064","32","32","0","0","-","-","-","0","0","0","0","0","0","0","0","0","-","0","0","0","0","0","0","0","0","0","0","0","0","0","0","0","0","0","0","0","0","0","0","0","0","0","0","0","0","0","0","0","0","0","0","0","0","0","0","0","0"
"0x7b3fff76e940","      BRA 0x7b3fff76eae0","0","0","0","10752","344064","344064","32","32","0","0","-","-","-","0","0","0","0","0","0","0","0","0","-","0","0","0","0","0","0","0","0","0","0","0","0","0","0","0","0","0","0","0","0","0","0","0","0","0","0","0","0","0","0","0","0","0","0","0","0","0","0","0","0"
"0x7b3fff76e950","      SHF.R.S32.HI R5, RZ, 0x1f, R18","0","0","0","0","0","0","0","0","32","0","-","-","-","0","0","0","0","0","0","0","0","0","-","0","0","0","0","0","0","0","0","0","0","0","0","0","0","0","0","0","0","0","0","0","0","0","0","0","0","0","0","0","0","0","0","0","0","0","0","0","0","0","0"
"0x7b3fff76e960","      MOV R4, R18","0","0","0","0","0","0","0","0","32","0","-","-","-","0","0","0","0","0","0","0","0","0","-","0","0","0","0","0","0","0","0","0","0","0","0","0","0","0","0","0","0","0","0","0","0","0","0","0","0","0","0","0","0","0","0","0","0","0","0","0","0","0","0"
"0x7b3fff76e970","      ISETP.GE.AND P1, PT, R18, UR6, PT","0","0","0","0","0","0","0","0","32","0","-","-","-","0","0","0","0","0","0","0","0","0","-","0","0","0","0","0","0","0","0","0","0","0","0","0","0","0","0","0","0","0","0","0","0","0","0","0","0","0","0","0","0","0","0","0","0","0","0","0","0","0","0"
"0x7b3fff76e980","      ISETP.GE.AND P3, PT, R20, UR6, PT","0","0","0","0","0","0","0","0","32","0","-","-","-","0","0","0","0","0","0","0","0","0","-","0","0","0","0","0","0","0","0","0","0","0","0","0","0","0","0","0","0","0","0","0","0","0","0","0","0","0","0","0","0","0","0","0","0","0","0","0","0","0","0"
"0x7b3fff76e990","      ISETP.GE.AND P4, PT, R37, UR6, PT","0","0","0","0","0","0","0","0","32","0","-","-","-","0","0","0","0","0","0","0","0","0","-","0","0","0","0","0","0","0","0","0","0","0","0","0","0","0","0","0","0","0","0","0","0","0","0","0","0","0","0","0","0","0","0","0","0","0","0","0","0","0","0"
"0x7b3fff76e9a0","      ISETP.GE.AND P0, PT, R35, UR6, PT","0","0","0","0","0","0","0","0","32","0","-","-","-","0","0","0","0","0","0","0","0","0","-","0","0","0","0","0","0","0","0","0","0","0","0","0","0","0","0","0","0","0","0","0","0","0","0","0","0","0","0","0","0","0","0","0","0","0","0","0","0","0","0"
"0x7b3fff76e9b0","      IADD.64 R4, R4, R10","0","0","0","0","0","0","0","0","32","0","-","-","-","0","0","0","0","0","0","0","0","0","-","0","0","0","0","0","0","0","0","0","0","0","0","0","0","0","0","0","0","0","0","0","0","0","0","0","0","0","0","0","0","0","0","0","0","0","0","0","0","0","0"
"0x7b3fff76e9c0","      ISETP.GE.OR P1, PT, R25, UR7, P1","0","0","0","0","0","0","0","0","32","0","-","-","-","0","0","0","0","0","0","0","0","0","-","0","0","0","0","0","0","0","0","0","0","0","0","0","0","0","0","0","0","0","0","0","0","0","0","0","0","0","0","0","0","0","0","0","0","0","0","0","0","0","0"
"0x7b3fff76e9d0","      ISETP.GE.OR P3, PT, R25, UR7, P3","0","0","0","0","0","0","0","0","32","0","-","-","-","0","0","0","0","0","0","0","0","0","-","0","0","0","0","0","0","0","0","0","0","0","0","0","0","0","0","0","0","0","0","0","0","0","0","0","0","0","0","0","0","0","0","0","0","0","0","0","0","0","0"
"0x7b3fff76e9e0","      ISETP.GE.OR P4, PT, R25, UR7, P4","0","0","0","0","0","0","0","0","32","0","-","-","-","0","0","0","0","0","0","0","0","0","-","0","0","0","0","0","0","0","0","0","0","0","0","0","0","0","0","0","0","0","0","0","0","0","0","0","0","0","0","0","0","0","0","0","0","0","0","0","0","0","0"
"0x7b3fff76e9f0","      ISETP.GE.OR P0, PT, R25, UR7, P0","0","0","0","0","0","0","0","0","32","0","-","-","-","0","0","0","0","0","0","0","0","0","-","0","0","0","0","0","0","0","0","0","0","0","0","0","0","0","0","0","0","0","0","0","0","0","0","0","0","0","0","0","0","0","0","0","0","0","0","0","0","0","0"
"0x7b3fff76ea00","      LEA R2, P5, R4, UR26, 0x2","0","0","0","0","0","0","0","0","32","0","-","-","-","0","0","0","0","0","0","0","0","0","-","0","0","0","0","0","0","0","0","0","0","0","0","0","0","0","0","0","0","0","0","0","0","0","0","0","0","0","0","0","0","0","0","0","0","0","0","0","0","0","0"
"0x7b3fff76ea10","      LEA.HI.X R3, R4, UR27, R5, 0x2, P5","0","0","0","0","0","0","0","0","32","0","-","-","-","0","0","0","0","0","0","0","0","0","-","0","0","0","0","0","0","0","0","0","0","0","0","0","0","0","0","0","0","0","0","0","0","0","0","0","0","0","0","0","0","0","0","0","0","0","0","0","0","0","0"
"0x7b3fff76ea20","@!P1  LD.E R0, desc[UR24][R2.64]","0","0","0","0","0","0","0","0","32","0","","","","0","0","0","0","0","0","0","0","0","","0","0","0","0","0","0","0","0","0","0","0","0","0","0","0","0","0","0","0","0","0","0","0","0","0","0","0","0","0","0","0","0","0","0","0","0","0","0","0","0"
"0x7b3fff76ea30","@!P3  LD.E R4, desc[UR24][R2.64+0x4]","0","0","0","0","0","0","0","0","32","0","","","","0","0","0","0","0","0","0","0","0","","0","0","0","0","0","0","0","0","0","0","0","0","0","0","0","0","0","0","0","0","0","0","0","0","0","0","0","0","0","0","0","0","0","0","0","0","0","0","0","0"
"0x7b3fff76ea40","@!P4  LD.E R6, desc[UR24][R2.64+0x8]","0","0","0","0","0","0","0","0","32","0","","","","0","0","0","0","0","0","0","0","0","","0","0","0","0","0","0","0","0","0","0","0","0","0","0","0","0","0","0","0","0","0","0","0","0","0","0","0","0","0","0","0","0","0","0","0","0","0","0","0","0"
"0x7b3fff76ea50","@!P0  LD.E R8, desc[UR24][R2.64+0xc]","0","0","0","0","0","0","0","0","32","0","","","","0","0","0","0","0","0","0","0","0","","0","0","0","0","0","0","0","0","0","0","0","0","0","0","0","0","0","0","0","0","0","0","0","0","0","0","0","0","0","0","0","0","0","0","0","0","0","0","0","0"
"0x7b3fff76ea60","@!P1  FMUL R5, R31, R22","0","0","0","0","0","0","0","0","32","0","-","-","-","0","0","0","0","0","0","0","0","0","-","0","0","0","0","0","0","0","0","0","0","0","0","0","0","0","0","0","0","0","0","0","0","0","0","0","0","0","0","0","0","0","0","0","0","0","0","0","0","0","0"
"0x7b3fff76ea70","@!P3  FMUL R7, R56, R22","0","0","0","0","0","0","0","0","32","0","-","-","-","0","0","0","0","0","0","0","0","0","-","0","0","0","0","0","0","0","0","0","0","0","0","0","0","0","0","0","0","0","0","0","0","0","0","0","0","0","0","0","0","0","0","0","0","0","0","0","0","0","0"
"0x7b3fff76ea80","@!P4  FMUL R9, R63, R22","0","0","0","0","0","0","0","0","32","0","-","-","-","0","0","0","0","0","0","0","0","0","-","0","0","0","0","0","0","0","0","0","0","0","0","0","0","0","0","0","0","0","0","0","0","0","0","0","0","0","0","0","0","0","0","0","0","0","0","0","0","0","0"
"0x7b3fff76ea90","@!P0  FMUL R13, R47, R22","0","0","0","0","0","0","0","0","32","0","-","-","-","0","0","0","0","0","0","0","0","0","-","0","0","0","0","0","0","0","0","0","0","0","0","0","0","0","0","0","0","0","0","0","0","0","0","0","0","0","0","0","0","0","0","0","0","0","0","0","0","0","0"
"0x7b3fff76eaa0","@!P1  FFMA R31, R0, R21, R5","0","0","0","0","0","0","0","0","32","0","-","-","-","0","0","0","0","0","0","0","0","0","-","0","0","0","0","0","0","0","0","0","0","0","0","0","0","0","0","0","0","0","0","0","0","0","0","0","0","0","0","0","0","0","0","0","0","0","0","0","0","0","0"
"0x7b3fff76eab0","@!P3  FFMA R56, R4, R21, R7","0","0","0","0","0","0","0","0","32","0","-","-","-","0","0","0","0","0","0","0","0","0","-","0","0","0","0","0","0","0","0","0","0","0","0","0","0","0","0","0","0","0","0","0","0","0","0","0","0","0","0","0","0","0","0","0","0","0","0","0","0","0","0"
"0x7b3fff76eac0","@!P4  FFMA R63, R6, R21, R9","0","0","0","0","0","0","0","0","32","0","-","-","-","0","0","0","0","0","0","0","0","0","-","0","0","0","0","0","0","0","0","0","0","0","0","0","0","0","0","0","0","0","0","0","0","0","0","0","0","0","0","0","0","0","0","0","0","0","0","0","0","0","0"
"0x7b3fff76ead0","@!P0  FFMA R47, R8, R21, R13","0","0","0","0","0","0","0","0","32","0","-","-","-","0","0","0","0","0","0","0","0","0","-","0","0","0","0","0","0","0","0","0","0","0","0","0","0","0","0","0","0","0","0","0","0","0","0","0","0","0","0","0","0","0","0","0","0","0","0","0","0","0","0"
"0x7b3fff76eae0","@P2   BRA 0x7b3fff76ebd0","5","1","5","10752","344064","0","32","0","32","0","-","-","-","0","0","0","0","0","0","0","0","0","-","0","0","0","0","0","0","0","2","0","0","0","0","0","0","0","0","2","1","0","0","0","0","0","0","1","0","0","0","0","0","0","0","0","0","0","0","0","0","0","0"
"0x7b3fff76eaf0","      ISETP.GE.AND P0, PT, R25, UR7, PT","2","0","2","10752","344064","344064","32","32","0","0","-","-","-","0","0","0","0","0","0","0","0","0","-","0","0","0","0","0","0","0","0","0","0","0","0","0","0","0","0","0","1","0","0","0","0","1","0","0","0","0","0","0","0","0","0","0","0","0","0","0","0","0","0"
"0x7b3fff76eb00","      FMUL R3, R60, R22","4","0","4","10752","344064","344064","32","32","0","0","-","-","-","0","0","0","0","0","0","0","0","0","-","0","0","0","0","0","0","0","0","0","0","0","0","0","0","0","0","1","1","2","0","0","0","0","0","0","0","0","0","0","0","0","0","0","0","0","0","0","0","0","0"
"0x7b3fff76eb10","      FMUL R5, R42, R22","0","0","0","10752","344064","344064","32","32","0","0","-","-","-","0","0","0","0","0","0","0","0","0","-","0","0","0","0","0","0","0","0","0","0","0","0","0","0","0","0","0","0","0","0","0","0","0","0","0","0","0","0","0","0","0","0","0","0","0","0","0","0","0","0"
"0x7b3fff76eb20","      FMUL R7, R62, R22","0","0","0","10752","344064","344064","32","32","0","0","-","-","-","0","0","0","0","0","0","0","0","0","-","0","0","0","0","0","0","0","0","0","0","0","0","0","0","0","0","0","0","0","0","0","0","0","0","0","0","0","0","0","0","0","0","0","0","0","0","0","0","0","0"
"0x7b3fff76eb30","      ISETP.GE.AND P1, PT, R16, UR6, PT","1","0","1","10752","344064","344064","32","32","0","0","-","-","-","0","0","0","0","0","0","0","0","0","-","0","0","0","0","0","0","0","0","0","0","0","0","0","0","0","0","0","0","1","0","0","0","0","0","0","0","0","0","0","0","0","0","0","0","0","0","0","0","0","0"
"0x7b3fff76eb40","      ISETP.GE.AND P2, PT, R34, UR6, PT","0","0","0","10752","344064","344064","32","32","0","0","-","-","-","0","0","0","0","0","0","0","0","0","-","0","0","0","0","0","0","0","0","0","0","0","0","0","0","0","0","0","0","0","0","0","0","0","0","0","0","0","0","0","0","0","0","0","0","0","0","0","0","0","0"
"0x7b3fff76eb50","      ISETP.GE.AND P3, PT, R33, UR6, PT","0","0","0","10752","344064","344064","32","32","0","0","-","-","-","0","0","0","0","0","0","0","0","0","-","0","0","0","0","0","0","0","0","0","0","0","0","0","0","0","0","0","0","0","0","0","0","0","0","0","0","0","0","0","0","0","0","0","0","0","0","0","0","0","0"
"0x7b3fff76eb60","      ISETP.GE.AND P4, PT, R32, UR6, PT","0","0","0","10752","344064","344064","32","32","0","0","-","-","-","0","0","0","0","0","0","0","0","0","-","0","0","0","0","0","0","0","0","0","0","0","0","0","0","0","0","0","0","0","0","0","0","0","0","0","0","0","0","0","0","0","0","0","0","0","0","0","0","0","0"
"0x7b3fff76eb70","      FMUL R22, R69, R22","0","0","0","10752","344064","344064","32","32","0","0","-","-","-","0","0","0","0","0","0","0","0","0","-","0","0","0","0","0","0","0","0","0","0","0","0","0","0","0","0","0","0","0","0","0","0","0","0","0","0","0","0","0","0","0","0","0","0","0","0","0","0","0","0"
"0x7b3fff76eb80","@!P0  FSEL R60, R3, R60, !P1","9","3","9","10752","344064","344064","32","32","0","0","-","-","-","0","0","0","0","0","0","0","0","0","-","0","0","0","0","0","0","0","0","1","0","0","0","0","0","0","0","2","3","0","0","0","0","3","0","0","0","0","0","0","0","0","0","0","1","0","0","0","0","0","2"
"0x7b3fff76eb90","@!P0  FSEL R42, R5, R42, !P2","3","0","3","10752","344064","344064","32","32","0","0","-","-","-","0","0","0","0","0","0","0","0","0","-","0","0","0","0","0","0","0","0","0","0","0","0","0","0","0","0","0","0","3","0","0","0","0","0","0","0","0","0","0","0","0","0","0","0","0","0","0","0","0","0"
"0x7b3fff76eba0","@!P0  FSEL R62, R7, R62, !P3","0","0","0","10752","344064","344064","32","32","0","0","-","-","-","0","0","0","0","0","0","0","0","0","-","0","0","0","0","0","0","0","0","0","0","0","0","0","0","0","0","0","0","0","0","0","0","0","0","0","0","0","0","0","0","0","0","0","0","0","0","0","0","0","0"
"0x7b3fff76ebb0","@!P0  FSEL R69, R22, R69, !P4","0","0","0","10752","344064","344064","32","32","0","0","-","-","-","0","0","0","0","0","0","0","0","0","-","0","0","0","0","0","0","0","0","0","0","0","0","0","0","0","0","0","0","0","0","0","0","0","0","0","0","0","0","0","0","0","0","0","0","0","0","0","0","0","0"
"0x7b3fff76ebc0","      BRA 0x7b3fff76ee50","1","0","1","10752","344064","344064","32","32","0","0","-","-","-","0","0","0","0","0","0","0","0","0","-","0","0","0","0","0","0","0","0","0","0","0","0","0","0","0","0","0","0","1","0","0","0","0","0","0","0","0","0","0","0","0","0","0","0","0","0","0","0","0","0"
"0x7b3fff76ebd0","      ISETP.GE.AND P0, PT, R16, UR6, PT","2","0","2","0","0","0","0","0","32","0","-","-","-","0","0","0","0","0","0","0","0","0","-","0","0","0","0","0","0","0","0","0","0","0","0","0","0","0","0","0","0","0","0","0","0","2","0","0","0","0","0","0","0","0","0","0","0","0","0","0","0","0","0"
"0x7b3fff76ebe0","      ISETP.GE.AND P1, PT, R34, UR6, PT","0","0","0","0","0","0","0","0","32","0","-","-","-","0","0","0","0","0","0","0","0","0","-","0","0","0","0","0","0","0","0","0","0","0","0","0","0","0","0","0","0","0","0","0","0","0","0","0","0","0","0","0","0","0","0","0","0","0","0","0","0","0","0"
"0x7b3fff76ebf0","      ISETP.GE.AND P2, PT, R33, UR6, PT","0","0","0","0","0","0","0","0","32","0","-","-","-","0","0","0","0","0","0","0","0","0","-","0","0","0","0","0","0","0","0","0","0","0","0","0","0","0","0","0","0","0","0","0","0","0","0","0","0","0","0","0","0","0","0","0","0","0","0","0","0","0","0"
"0x7b3fff76ec00","      ISETP.GE.AND P3, PT, R32, UR6, PT","0","0","0","0","0","0","0","0","32","0","-","-","-","0","0","0","0","0","0","0","0","0","-","0","0","0","0","0","0","0","0","0","0","0","0","0","0","0","0","0","0","0","0","0","0","0","0","0","0","0","0","0","0","0","0","0","0","0","0","0","0","0","0"
"0x7b3fff76ec10","      ISETP.GE.OR P0, PT, R25, UR7, P0","0","0","0","0","0","0","0","0","32","0","-","-","-","0","0","0","0","0","0","0","0","0","-","0","0","0","0","0","0","0","0","0","0","0","0","0","0","0","0","0","0","0","0","0","0","0","0","0","0","0","0","0","0","0","0","0","0","0","0","0","0","0","0"
"0x7b3fff76ec20","      ISETP.GE.OR P1, PT, R25, UR7, P1","0","0","0","0","0","0","0","0","32","0","-","-","-","0","0","0","0","0","0","0","0","0","-","0","0","0","0","0","0","0","0","0","0","0","0","0","0","0","0","0","0","0","0","0","0","0","0","0","0","0","0","0","0","0","0","0","0","0","0","0","0","0","0"
"0x7b3fff76ec30","      ISETP.GE.OR P2, PT, R25, UR7, P2","0","0","0","0","0","0","0","0","32","0","-","-","-","0","0","0","0","0","0","0","0","0","-","0","0","0","0","0","0","0","0","0","0","0","0","0","0","0","0","0","0","0","0","0","0","0","0","0","0","0","0","0","0","0","0","0","0","0","0","0","0","0","0"
"0x7b3fff76ec40","      ISETP.GE.OR P3, PT, R25, UR7, P3","0","0","0","0","0","0","0","0","32","0","-","-","-","0","0","0","0","0","0","0","0","0","-","0","0","0","0","0","0","0","0","0","0","0","0","0","0","0","0","0","0","0","0","0","0","0","0","0","0","0","0","0","0","0","0","0","0","0","0","0","0","0","0"
"0x7b3fff76ec50","@!P0  SHF.R.S32.HI R3, RZ, 0x1f, R16","0","0","0","0","0","0","0","0","32","0","-","-","-","0","0","0","0","0","0","0","0","0","-","0","0","0","0","0","0","0","0","0","0","0","0","0","0","0","0","0","0","0","0","0","0","0","0","0","0","0","0","0","0","0","0","0","0","0","0","0","0","0","0"
"0x7b3fff76ec60","@!P0  MOV R2, R16","0","0","0","0","0","0","0","0","32","0","-","-","-","0","0","0","0","0","0","0","0","0","-","0","0","0","0","0","0","0","0","0","0","0","0","0","0","0","0","0","0","0","0","0","0","0","0","0","0","0","0","0","0","0","0","0","0","0","0","0","0","0","0"
"0x7b3fff76ec70","@!P1  SHF.R.S32.HI R9, RZ, 0x1f, R34","0","0","0","0","0","0","0","0","32","0","-","-","-","0","0","0","0","0","0","0","0","0","-","0","0","0","0","0","0","0","0","0","0","0","0","0","0","0","0","0","0","0","0","0","0","0","0","0","0","0","0","0","0","0","0","0","0","0","0","0","0","0","0"
"0x7b3fff76ec80","@!P2  SHF.R.S32.HI R7, RZ, 0x1f, R33","0","0","0","0","0","0","0","0","32","0","-","-","-","0","0","0","0","0","0","0","0","0","-","0","0","0","0","0","0","0","0","0","0","0","0","0","0","0","0","0","0","0","0","0","0","0","0","0","0","0","0","0","0","0","0","0","0","0","0","0","0","0","0"
"0x7b3fff76ec90","@!P1  MOV R8, R34","0","0","0","0","0","0","0","0","32","0","-","-","-","0","0","0","0","0","0","0","0","0","-","0","0","0","0","0","0","0","0","0","0","0","0","0","0","0","0","0","0","0","0","0","0","0","0","0","0","0","0","0","0","0","0","0","0","0","0","0","0","0","0"
"0x7b3fff76eca0","@!P2  MOV R6, R33","0","0","0","0","0","0","0","0","32","0","-","-","-","0","0","0","0","0","0","0","0","0","-","0","0","0","0","0","0","0","0","0","0","0","0","0","0","0","0","0","0","0","0","0","0","0","0","0","0","0","0","0","0","0","0","0","0","0","0","0","0","0","0"
"0x7b3fff76ecb0","@!P3  SHF.R.S32.HI R5, RZ, 0x1f, R32","0","0","0","0","0","0","0","0","32","0","-","-","-","0","0","0","0","0","0","0","0","0","-","0","0","0","0","0","0","0","0","0","0","0","0","0","0","0","0","0","0","0","0","0","0","0","0","0","0","0","0","0","0","0","0","0","0","0","0","0","0","0","0"
"0x7b3fff76ecc0","@!P0  IADD.64 R2, R2, R10","0","0","0","0","0","0","0","0","32","0","-","-","-","0","0","0","0","0","0","0","0","0","-","0","0","0","0","0","0","0","0","0","0","0","0","0","0","0","0","0","0","0","0","0","0","0","0","0","0","0","0","0","0","0","0","0","0","0","0","0","0","0","0"
"0x7b3fff76ecd0","@!P3  MOV R4, R32","0","0","0","0","0","0","0","0","32","0","-","-","-","0","0","0","0","0","0","0","0","0","-","0","0","0","0","0","0","0","0","0","0","0","0","0","0","0","0","0","0","0","0","0","0","0","0","0","0","0","0","0","0","0","0","0","0","0","0","0","0","0","0"
"0x7b3fff76ece0","@!P1  IADD.64 R14, R8, R10","0","0","0","0","0","0","0","0","32","0","-","-","-","0","0","0","0","0","0","0","0","0","-","0","0","0","0","0","0","0","0","0","0","0","0","0","0","0","0","0","0","0","0","0","0","0","0","0","0","0","0","0","0","0","0","0","0","0","0","0","0","0","0"
"0x7b3fff76ecf0","@!P2  IADD.64 R12, R6, R10","0","0","0","0","0","0","0","0","32","0","-","-","-","0","0","0","0","0","0","0","0","0","-","0","0","0","0","0","0","0","0","0","0","0","0","0","0","0","0","0","0","0","0","0","0","0","0","0","0","0","0","0","0","0","0","0","0","0","0","0","0","0","0"
"0x7b3fff76ed00","@!P3  IADD.64 R10, R4, R10","0","0","0","0","0","0","0","0","32","0","-","-","-","0","0","0","0","0","0","0","0","0","-","0","0","0","0","0","0","0","0","0","0","0","0","0","0","0","0","0","0","0","0","0","0","0","0","0","0","0","0","0","0","0","0","0","0","0","0","0","0","0","0"
"0x7b3fff76ed10","@!P0  LEA R8, P4, R2, UR26, 0x2","0","0","0","0","0","0","0","0","32","0","-","-","-","0","0","0","0","0","0","0","0","0","-","0","0","0","0","0","0","0","0","0","0","0","0","0","0","0","0","0","0","0","0","0","0","0","0","0","0","0","0","0","0","0","0","0","0","0","0","0","0","0","0"
"0x7b3fff76ed20","@!P2  LEA R4, P5, R12, UR26, 0x2","0","0","0","0","0","0","0","0","32","0","-","-","-","0","0","0","0","0","0","0","0","0","-","0","0","0","0","0","0","0","0","0","0","0","0","0","0","0","0","0","0","0","0","0","0","0","0","0","0","0","0","0","0","0","0","0","0","0","0","0","0","0","0"
"0x7b3fff76ed30","@!P0  LEA.HI.X R9, R2, UR27, R3, 0x2, P4","0","0","0","0","0","0","0","0","32","0","-","-","-","0","0","0","0","0","0","0","0","0","-","0","0","0","0","0","0","0","0","0","0","0","0","0","0","0","0","0","0","0","0","0","0","0","0","0","0","0","0","0","0","0","0","0","0","0","0","0","0","0","0"
"0x7b3fff76ed40","@!P1  LEA R6, P4, R14, UR26, 0x2","0","0","0","0","0","0","0","0","32","0","-","-","-","0","0","0","0","0","0","0","0","0","-","0","0","0","0","0","0","0","0","0","0","0","0","0","0","0","0","0","0","0","0","0","0","0","0","0","0","0","0","0","0","0","0","0","0","0","0","0","0","0","0"
"0x7b3fff76ed50","@!P3  LEA R2, P6, R10, UR26, 0x2","0","0","0","0","0","0","0","0","32","0","-","-","-","0","0","0","0","0","0","0","0","0","-","0","0","0","0","0","0","0","0","0","0","0","0","0","0","0","0","0","0","0","0","0","0","0","0","0","0","0","0","0","0","0","0","0","0","0","0","0","0","0","0"
"0x7b3fff76ed60","@!P0  LD.E R8, desc[UR24][R8.64]","0","0","0","0","0","0","0","0","32","0","","","","0","0","0","0","0","0","0","0","0","","0","0","0","0","0","0","0","0","0","0","0","0","0","0","0","0","0","0","0","0","0","0","0","0","0","0","0","0","0","0","0","0","0","0","0","0","0","0","0","0"
"0x7b3fff76ed70","@!P1  LEA.HI.X R7, R14, UR27, R15, 0x2, P4","0","0","0","0","0","0","0","0","32","0","-","-","-","0","0","0","0","0","0","0","0","0","-","0","0","0","0","0","0","0","0","0","0","0","0","0","0","0","0","0","0","0","0","0","0","0","0","0","0","0","0","0","0","0","0","0","0","0","0","0","0","0","0"
"0x7b3fff76ed80","@!P2  LEA.HI.X R5, R12, UR27, R13, 0x2, P5","0","0","0","0","0","0","0","0","32","0","-","-","-","0","0","0","0","0","0","0","0","0","-","0","0","0","0","0","0","0","0","0","0","0","0","0","0","0","0","0","0","0","0","0","0","0","0","0","0","0","0","0","0","0","0","0","0","0","0","0","0","0","0"
"0x7b3fff76ed90","@!P3  LEA.HI.X R3, R10, UR27, R11, 0x2, P6","0","0","0","0","0","0","0","0","32","0","-","-","-","0","0","0","0","0","0","0","0","0","-","0","0","0","0","0","0","0","0","0","0","0","0","0","0","0","0","0","0","0","0","0","0","0","0","0","0","0","0","0","0","0","0","0","0","0","0","0","0","0","0"
"0x7b3fff76eda0","@!P1  LD.E R6, desc[UR24][R6.64]","0","0","0","0","0","0","0","0","32","0","","","","0","0","0","0","0","0","0","0","0","","0","0","0","0","0","0","0","0","0","0","0","0","0","0","0","0","0","0","0","0","0","0","0","0","0","0","0","0","0","0","0","0","0","0","0","0","0","0","0","0"
"0x7b3fff76edb0","@!P2  LD.E R4, desc[UR24][R4.64]","0","0","0","0","0","0","0","0","32","0","","","","0","0","0","0","0","0","0","0","0","","0","0","0","0","0","0","0","0","0","0","0","0","0","0","0","0","0","0","0","0","0","0","0","0","0","0","0","0","0","0","0","0","0","0","0","0","0","0","0","0"
"0x7b3fff76edc0","@!P3  LD.E R2, desc[UR24][R2.64]","0","0","0","0","0","0","0","0","32","0","","","","0","0","0","0","0","0","0","0","0","","0","0","0","0","0","0","0","0","0","0","0","0","0","0","0","0","0","0","0","0","0","0","0","0","0","0","0","0","0","0","0","0","0","0","0","0","0","0","0","0"
"0x7b3fff76edd0","@!P0  FMUL R11, R60, R22","0","0","0","0","0","0","0","0","32","0","-","-","-","0","0","0","0","0","0","0","0","0","-","0","0","0","0","0","0","0","0","0","0","0","0","0","0","0","0","0","0","0","0","0","0","0","0","0","0","0","0","0","0","0","0","0","0","0","0","0","0","0","0"
"0x7b3fff76ede0","@!P1  FMUL R13, R42, R22","0","0","0","0","0","0","0","0","32","0","-","-","-","0","0","0","0","0","0","0","0","0","-","0","0","0","0","0","0","0","0","0","0","0","0","0","0","0","0","0","0","0","0","0","0","0","0","0","0","0","0","0","0","0","0","0","0","0","0","0","0","0","0"
"0x7b3fff76edf0","@!P2  FMUL R15, R62, R22","0","0","0","0","0","0","0","0","32","0","-","-","-","0","0","0","0","0","0","0","0","0","-","0","0","0","0","0","0","0","0","0","0","0","0","0","0","0","0","0","0","0","0","0","0","0","0","0","0","0","0","0","0","0","0","0","0","0","0","0","0","0","0"
"0x7b3fff76ee00","@!P3  FMUL R23, R69, R22","0","0","0","0","0","0","0","0","32","0","-","-","-","0","0","0","0","0","0","0","0","0","-","0","0","0","0","0","0","0","0","0","0","0","0","0","0","0","0","0","0","0","0","0","0","0","0","0","0","0","0","0","0","0","0","0","0","0","0","0","0","0","0"
"0x7b3fff76ee10","@!P0  FFMA R60, R8, R21, R11","0","0","0","0","0","0","0","0","32","0","-","-","-","0","0","0","0","0","0","0","0","0","-","0","0","0","0","0","0","0","0","0","0","0","0","0","0","0","0","0","0","0","0","0","0","0","0","0","0","0","0","0","0","0","0","0","0","0","0","0","0","0","0"
"0x7b3fff76ee20","@!P1  FFMA R42, R6, R21, R13","0","0","0","0","0","0","0","0","32","0","-","-","-","0","0","0","0","0","0","0","0","0","-","0","0","0","0","0","0","0","0","0","0","0","0","0","0","0","0","0","0","0","0","0","0","0","0","0","0","0","0","0","0","0","0","0","0","0","0","0","0","0","0"
"0x7b3fff76ee30","@!P2  FFMA R62, R4, R21, R15","0","0","0","0","0","0","0","0","32","0","-","-","-","0","0","0","0","0","0","0","0","0","-","0","0","0","0","0","0","0","0","0","0","0","0","0","0","0","0","0","0","0","0","0","0","0","0","0","0","0","0","0","0","0","0","0","0","0","0","0","0","0","0"
"0x7b3fff76ee40","@!P3  FFMA R69, R2, R21, R23","0","0","0","0","0","0","0","0","32","0","-","-","-","0","0","0","0","0","0","0","0","0","-","0","0","0","0","0","0","0","0","0","0","0","0","0","0","0","0","0","0","0","0","0","0","0","0","0","0","0","0","0","0","0","0","0","0","0","0","0","0","0","0"
"0x7b3fff76ee50","      LDC R0, c[0x0][0x434]","5","2","5","10752","344064","344064","32","32","0","0","-","-","-","0","0","0","0","0","0","0","0","0","-","0","0","0","0","0","0","0","0","0","0","0","0","0","0","0","0","5","0","0","0","0","0","0","0","0","0","0","0","0","0","0","0","0","2","0","0","0","0","0","0"
"0x7b3fff76ee60","      LDCU UR5, c[0x0][0x408]","0","0","0","10752","344064","344064","32","32","0","0","-","-","-","0","0","0","0","0","0","0","0","0","-","0","0","0","0","0","0","0","0","0","0","0","0","0","0","0","0","0","0","0","0","0","0","0","0","0","0","0","0","0","0","0","0","0","0","0","0","0","0","0","0"
"0x7b3fff76ee70","      S2UR UR8, SR_CTAID.Z","2","0","2","10752","344064","344064","32","32","0","0","-","-","-","0","0","0","0","0","0","0","0","0","-","0","0","0","0","0","0","0","0","0","0","0","0","0","0","0","0","0","1","0","0","0","0","1","0","0","0","0","0","0","0","0","0","0","0","0","0","0","0","0","0"
"0x7b3fff76ee80","      USHF.R.S32.HI UR4, URZ, 0x1f, UR5","7","2","7","10752","344064","344064","32","32","0","0","-","-","-","0","0","0","0","0","0","0","0","0","-","0","0","0","0","0","0","0","0","0","0","0","0","0","0","0","0","0","3","0","4","0","0","0","0","0","0","0","0","0","0","0","0","0","0","0","0","2","0","0","0"
"0x7b3fff76ee90","      R2P PR, R0, 0x6","5","0","5","10752","344064","344064","32","32","0","0","-","-","-","0","0","0","0","0","0","0","0","0","-","0","0","0","0","0","0","0","0","0","0","0","0","0","0","0","0","0","2","0","3","0","0","0","0","0","0","0","0","0","0","0","0","0","0","0","0","0","0","0","0"
"0x7b3fff76eea0","      FSEL R0, RZ, +QNAN , P1","5","0","5","10752","344064","344064","32","32","0","0","-","-","-","0","0","0","0","0","0","0","0","0","-","0","0","0","0","0","0","0","0","0","0","0","0","0","0","0","0","0","5","0","0","0","0","0","0","0","0","0","0","0","0","0","0","0","0","0","0","0","0","0","0"
"0x7b3fff76eeb0","@P2   BRA 0x7b3fff7703b0","8","0","8","10752","344064","0","32","0","32","0","-","-","-","0","0","0","0","0","0","0","0","0","-","0","0","0","0","0","0","0","0","0","0","0","0","0","0","0","0","0","5","0","1","0","0","2","0","0","0","0","0","0","0","0","0","0","0","0","0","0","0","0","0"
"0x7b3fff76eec0","      ISETP.GE.AND P2, PT, R20, UR6, PT","2","0","2","10752","344064","344064","32","32","0","0","-","-","-","0","0","0","0","0","0","0","0","0","-","0","0","0","0","0","0","0","0","0","0","0","0","0","0","0","0","0","0","0","0","0","0","2","0","0","0","0","0","0","0","0","0","0","0","0","0","0","0","0","0"
"0x7b3fff76eed0","      ISETP.GE.AND P3, PT, R37, UR6, PT","0","0","0","10752","344064","344064","32","32","0","0","-","-","-","0","0","0","0","0","0","0","0","0","-","0","0","0","0","0","0","0","0","0","0","0","0","0","0","0","0","0","0","0","0","0","0","0","0","0","0","0","0","0","0","0","0","0","0","0","0","0","0","0","0"
"0x7b3fff76eee0","      IMAD.WIDE.U32 R4, R24, UR5, RZ","0","0","0","10752","344064","344064","32","32","0","0","-","-","-","0","0","0","0","0","0","0","0","0","-","0","0","0","0","0","0","0","0","0","0","0","0","0","0","0","0","0","0","0","0","0","0","0","0","0","0","0","0","0","0","0","0","0","0","0","0","0","0","0","0"
"0x7b3fff76eef0","      SHF.R.S32.HI R3, RZ, 0x1f, R18","0","0","0","10752","344064","344064","32","32","0","0","-","-","-","0","0","0","0","0","0","0","0","0","-","0","0","0","0","0","0","0","0","0","0","0","0","0","0","0","0","0","0","0","0","0","0","0","0","0","0","0","0","0","0","0","0","0","0","0","0","0","0","0","0"
"0x7b3fff76ef00","      BSSY.RECONVERGENT B0, 0x7b3fff76f240","0","0","0","10752","344064","344064","32","32","0","0","-","-","-","0","0","0","0","0","0","0","0","0","-","0","0","0","0","0","0","0","0","0","0","0","0","0","0","0","0","0","0","0","0","0","0","0","0","0","0","0","0","0","0","0","0","0","0","0","0","0","0","0","0"
"0x7b3fff76ef10","      ISETP.GE.OR P5, PT, R24, UR7, P2","0","0","0","10752","344064","344064","32","32","0","0","-","-","-","0","0","0","0","0","0","0","0","0","-","0","0","0","0","0","0","0","0","0","0","0","0","0","0","0","0","0","0","0","0","0","0","0","0","0","0","0","0","0","0","0","0","0","0","0","0","0","0","0","0"
"0x7b3fff76ef20","      ISETP.GE.OR P6, PT, R24, UR7, P3","1","0","1","10752","344064","344064","32","32","0","0","-","-","-","0","0","0","0","0","0","0","0","0","-","0","0","0","0","0","0","0","0","0","0","0","0","0","0","0","0","0","0","1","0","0","0","0","0","0","0","0","0","0","0","0","0","0","0","0","0","0","0","0","0"
"0x7b3fff76ef30","      IMAD R5, R24, UR4, R5","2","0","2","10752","344064","344064","32","32","0","0","-","-","-","0","0","0","0","0","0","0","0","0","-","0","0","0","0","0","0","0","0","2","0","0","0","0","0","0","0","0","0","0","0","0","0","0","0","0","0","0","0","0","0","0","0","0","0","0","0","0","0","0","0"
"0x7b3fff76ef40","      MOV R2, R18","0","0","0","10752","344064","344064","32","32","0","0","-","-","-","0","0","0","0","0","0","0","0","0","-","0","0","0","0","0","0","0","0","0","0","0","0","0","0","0","0","0","0","0","0","0","0","0","0","0","0","0","0","0","0","0","0","0","0","0","0","0","0","0","0"
"0x7b3fff76ef50","      ISETP.GE.AND P4, PT, R18, UR6, PT","0","0","0","10752","344064","344064","32","32","0","0","-","-","-","0","0","0","0","0","0","0","0","0","-","0","0","0","0","0","0","0","0","0","0","0","0","0","0","0","0","0","0","0","0","0","0","0","0","0","0","0","0","0","0","0","0","0","0","0","0","0","0","0","0"
"0x7b3fff76ef60","      IADD.64 R6, R2, R4","7","0","7","10752","344064","344064","32","32","0","0","-","-","-","0","0","0","0","0","0","0","0","0","-","0","0","0","0","0","0","0","0","0","0","0","0","3","0","0","0","0","2","1","0","0","0","1","0","0","0","0","0","0","0","0","0","0","0","0","0","0","0","0","0"
"0x7b3fff76ef70","@!P5  FSETP.GEU.AND P1, PT, R51, R0, PT","4","1","4","10752","344064","344064","32","32","0","0","-","-","-","0","0","0","0","0","0","0","0","0","-","0","0","0","0","0","0","0","0","1","0","0","0","0","0","0","0","0","2","0","0","0","0","1","0","0","0","0","0","0","0","0","0","0","0","0","0","0","0","0","1"
"0x7b3fff76ef80","@!P5  FADD R51, RZ, R51","0","0","0","10752","344064","344064","32","32","0","0","-","-","-","0","0","0","0","0","0","0","0","0","-","0","0","0","0","0","0","0","0","0","0","0","0","0","0","0","0","0","0","0","0","0","0","0","0","0","0","0","0","0","0","0","0","0","0","0","0","0","0","0","0"
"0x7b3fff76ef90","@!P6  FSETP.GEU.AND P0, PT, R57, R0, PT","1","0","1","10752","344064","344064","32","32","0","0","-","-","-","0","0","0","0","0","0","0","0","0","-","0","0","0","0","0","0","0","0","0","0","0","0","0","0","0","0","0","0","1","0","0","0","0","0","0","0","0","0","0","0","0","0","0","0","0","0","0","0","0","0"
"0x7b3fff76efa0","@!P6  FADD R57, RZ, R57","0","0","0","10752","344064","344064","32","32","0","0","-","-","-","0","0","0","0","0","0","0","0","0","-","0","0","0","0","0","0","0","0","0","0","0","0","0","0","0","0","0","0","0","0","0","0","0","0","0","0","0","0","0","0","0","0","0","0","0","0","0","0","0","0"
"0x7b3fff76efb0","@!P5  FSEL R51, R0, R51, !P1","1","0","1","10752","344064","344064","32","32","0","0","-","-","-","0","0","0","0","0","0","0","0","0","-","0","0","0","0","0","0","0","0","0","0","0","0","0","0","0","0","0","1","0","0","0","0","0","0","0","0","0","0","0","0","0","0","0","0","0","0","0","0","0","0"
"0x7b3fff76efc0","      LEA R8, P1, R6, UR28, 0x2","0","0","0","10752","344064","344064","32","32","0","0","-","-","-","0","0","0","0","0","0","0","0","0","-","0","0","0","0","0","0","0","0","0","0","0","0","0","0","0","0","0","0","0","0","0","0","0","0","0","0","0","0","0","0","0","0","0","0","0","0","0","0","0","0"
"0x7b3fff76efd0","@!P6  FSEL R57, R0, R57, !P0","0","0","0","10752","344064","344064","32","32","0","0","-","-","-","0","0","0","0","0","0","0","0","0","-","0","0","0","0","0","0","0","0","0","0","0","0","0","0","0","0","0","0","0","0","0","0","0","0","0","0","0","0","0","0","0","0","0","0","0","0","0","0","0","0"
"0x7b3fff76efe0","      ISETP.GE.AND P0, PT, R35, UR6, PT","0","0","0","10752","344064","344064","32","32","0","0","-","-","-","0","0","0","0","0","0","0","0","0","-","0","0","0","0","0","0","0","0","0","0","0","0","0","0","0","0","0","0","0","0","0","0","0","0","0","0","0","0","0","0","0","0","0","0","0","0","0","0","0","0"
"0x7b3fff76eff0","      LEA.HI.X R9, R6, UR29, R7, 0x2, P1","1","1","1","10752","344064","344064","32","32","0","0","-","-","-","0","0","0","0","0","0","0","0","0","-","0","0","0","0","0","0","0","0","0","0","0","0","0","0","0","0","0","0","0","0","0","0","1","0","0","0","0","0","0","0","0","0","0","0","0","0","0","0","0","1"
"0x7b3fff76f000","      IMAD.WIDE.U32 R6, R27, UR5, RZ","0","0","0","10752","344064","344064","32","32","0","0","-","-","-","0","0","0","0","0","0","0","0","0","-","0","0","0","0","0","0","0","0","0","0","0","0","0","0","0","0","0","0","0","0","0","0","0","0","0","0","0","0","0","0","0","0","0","0","0","0","0","0","0","0"
"0x7b3fff76f010","      ISETP.LT.AND P1, PT, R24, UR7, !P4","0","0","0","10752","344064","344064","32","32","0","0","-","-","-","0","0","0","0","0","0","0","0","0","-","0","0","0","0","0","0","0","0","0","0","0","0","0","0","0","0","0","0","0","0","0","0","0","0","0","0","0","0","0","0","0","0","0","0","0","0","0","0","0","0"
"0x7b3fff76f020","      ISETP.LT.AND P4, PT, R27, UR7, !P4","0","0","0","10752","344064","344064","32","32","0","0","-","-","-","0","0","0","0","0","0","0","0","0","-","0","0","0","0","0","0","0","0","0","0","0","0","0","0","0","0","0","0","0","0","0","0","0","0","0","0","0","0","0","0","0","0","0","0","0","0","0","0","0","0"
"0x7b3fff76f030","@!P5  ST.E desc[UR24][R8.64+0x4], R51","2","0","2","10752","344064","344064","32","32","0","0","Global","Store","32","43008","0","0","0","0","129024","172032","43008","0","","0","0","0","0","0","0","0","0","0","0","0","0","0","0","0","0","0","0","2","0","0","0","0","0","0","0","0","0","0","0","0","0","0","0","0","0","0","0","0","0"
"0x7b3fff76f040","      ISETP.GE.OR P5, PT, R24, UR7, P0","0","0","0","10752","344064","344064","32","32","0","0","-","-","-","0","0","0","0","0","0","0","0","0","-","0","0","0","0","0","0","0","0","0","0","0","0","0","0","0","0","0","0","0","0","0","0","0","0","0","0","0","0","0","0","0","0","0","0","0","0","0","0","0","0"
"0x7b3fff76f050","      IMAD R7, R27, UR4, R7","4","0","4","10752","344064","344064","32","32","0","0","-","-","-","0","0","0","0","0","0","0","0","0","-","0","0","0","0","0","0","0","0","1","0","0","0","1","0","0","0","0","2","0","0","0","0","0","0","0","0","0","0","0","0","0","0","0","0","0","0","0","0","0","0"
"0x7b3fff76f060","@!P6  ST.E desc[UR24][R8.64+0x8], R57","1","0","1","10752","344064","344064","32","32","0","0","Global","Store","32","43008","0","0","0","0","129024","172032","43008","0","","0","0","0","0","0","0","0","0","0","0","0","0","0","0","0","0","0","1","0","0","0","0","0","0","0","0","0","0","0","0","0","0","0","0","0","0","0","0","0","0"
"0x7b3fff76f070","      IADD.64 R12, R2, R6","1","0","1","10752","344064","344064","32","32","0","0","-","-","-","0","0","0","0","0","0","0","0","0","-","0","0","0","0","0","0","0","0","0","0","0","0","0","0","0","0","0","0","0","0","0","0","1","0","0","0","0","0","0","0","0","0","0","0","0","0","0","0","0","0"
"0x7b3fff76f080","@P1   FSETP.GEU.AND P6, PT, R28, R0, PT","3","1","3","10752","344064","344064","32","32","0","0","-","-","-","0","0","0","0","0","0","0","0","0","-","0","0","0","0","0","0","0","0","1","0","0","0","0","0","0","0","0","1","0","0","0","0","1","0","0","0","0","0","0","0","0","0","0","0","0","0","0","0","0","1"
"0x7b3fff76f090","@P1   FADD R11, RZ, R28","0","0","0","10752","344064","344064","32","32","0","0","-","-","-","0","0","0","0","0","0","0","0","0","-","0","0","0","0","0","0","0","0","0","0","0","0","0","0","0","0","0","0","0","0","0","0","0","0","0","0","0","0","0","0","0","0","0","0","0","0","0","0","0","0"
"0x7b3fff76f0a0","      LOP3.LUT R28, R28, 0xfffffffd, RZ, 0xc0, !PT","0","0","0","10752","344064","344064","32","32","0","0","-","-","-","0","0","0","0","0","0","0","0","0","-","0","0","0","0","0","0","0","0","0","0","0","0","0","0","0","0","0","0","0","0","0","0","0","0","0","0","0","0","0","0","0","0","0","0","0","0","0","0","0","0"
"0x7b3fff76f0b0","@P1   FSEL R15, R0, R11, !P6","5","1","5","10752","344064","344064","32","32","0","0","-","-","-","0","0","0","0","0","0","0","0","0","-","0","0","0","0","0","0","0","0","1","0","0","0","0","0","0","0","0","2","0","0","0","0","2","0","0","0","0","0","0","0","0","0","0","0","0","0","0","0","0","1"
"0x7b3fff76f0c0","@!P5  FSETP.GEU.AND P6, PT, R45, R0, PT","1","0","1","10752","344064","344064","32","32","0","0","-","-","-","0","0","0","0","0","0","0","0","0","-","0","0","0","0","0","0","0","0","0","0","0","0","0","0","0","0","0","0","1","0","0","0","0","0","0","0","0","0","0","0","0","0","0","0","0","0","0","0","0","0"
"0x7b3fff76f0d0","@!P5  FADD R45, RZ, R45","0","0","0","10752","344064","344064","32","32","0","0","-","-","-","0","0","0","0","0","0","0","0","0","-","0","0","0","0","0","0","0","0","0","0","0","0","0","0","0","0","0","0","0","0","0","0","0","0","0","0","0","0","0","0","0","0","0","0","0","0","0","0","0","0"
"0x7b3fff76f0e0","@P1   ST.E desc[UR24][R8.64], R15","1","0","1","10752","344064","344064","32","32","0","0","Global","Store","32","43008","0","0","0","0","129024","172032","43008","0","","0","0","0","0","0","0","0","0","0","0","0","0","0","0","0","0","0","0","1","0","0","0","0","0","0","0","0","0","0","0","0","0","0","0","0","0","0","0","0","0"
"0x7b3fff76f0f0","      ISETP.GE.AND P1, PT, R16, UR6, PT","0","0","0","10752","344064","344064","32","32","0","0","-","-","-","0","0","0","0","0","0","0","0","0","-","0","0","0","0","0","0","0","0","0","0","0","0","0","0","0","0","0","0","0","0","0","0","0","0","0","0","0","0","0","0","0","0","0","0","0","0","0","0","0","0"
"0x7b3fff76f100","@!P5  FSEL R45, R0, R45, !P6","1","1","1","10752","344064","344064","32","32","0","0","-","-","-","0","0","0","0","0","0","0","0","0","-","0","0","0","0","0","0","0","0","0","0","0","0","0","0","0","0","1","0","0","0","0","0","0","0","0","0","0","0","0","0","0","0","0","1","0","0","0","0","0","0"
"0x7b3fff76f110","      LEA R10, P6, R12, UR28, 0x2","2","0","2","10752","344064","344064","32","32","0","0","-","-","-","0","0","0","0","0","0","0","0","0","-","0","0","0","0","0","0","0","0","0","0","0","0","1","0","0","0","0","1","0","0","0","0","0","0","0","0","0","0","0","0","0","0","0","0","0","0","0","0","0","0"
"0x7b3fff76f120","      ISETP.LT.AND P1, PT, R24, UR7, !P1","1","0","1","10752","344064","344064","32","32","0","0","-","-","-","0","0","0","0","0","0","0","0","0","-","0","0","0","0","0","0","0","0","0","0","0","0","0","0","0","0","0","1","0","0","0","0","0","0","0","0","0","0","0","0","0","0","0","0","0","0","0","0","0","0"
"0x7b3fff76f130","      LEA.HI.X R11, R12, UR29, R13, 0x2, P6","0","0","0","10752","344064","344064","32","32","0","0","-","-","-","0","0","0","0","0","0","0","0","0","-","0","0","0","0","0","0","0","0","0","0","0","0","0","0","0","0","0","0","0","0","0","0","0","0","0","0","0","0","0","0","0","0","0","0","0","0","0","0","0","0"
"0x7b3fff76f140","@!P5  ST.E desc[UR24][R8.64+0xc], R45","0","0","0","10752","344064","344064","32","32","0","0","Global","Store","32","43008","0","0","0","0","129024","172032","43008","0","","0","0","0","0","0","0","0","0","0","0","0","0","0","0","0","0","0","0","0","0","0","0","0","0","0","0","0","0","0","0","0","0","0","0","0","0","0","0","0","0"
"0x7b3fff76f150","      ISETP.GE.AND P6, PT, R34, UR6, PT","0","0","0","10752","344064","344064","32","32","0","0","-","-","-","0","0","0","0","0","0","0","0","0","-","0","0","0","0","0","0","0","0","0","0","0","0","0","0","0","0","0","0","0","0","0","0","0","0","0","0","0","0","0","0","0","0","0","0","0","0","0","0","0","0"
"0x7b3fff76f160","@P4   FSETP.GEU.AND P5, PT, R29, R0, PT","1","0","1","10752","344064","344064","32","32","0","0","-","-","-","0","0","0","0","0","0","0","0","0","-","0","0","0","0","0","0","0","0","0","0","0","0","0","0","0","0","0","0","1","0","0","0","0","0","0","0","0","0","0","0","0","0","0","0","0","0","0","0","0","0"
"0x7b3fff76f170","@P4   FADD R29, RZ, R29","1","0","1","10752","344064","344064","32","32","0","0","-","-","-","0","0","0","0","0","0","0","0","0","-","0","0","0","0","0","0","0","0","0","0","0","0","0","0","0","0","0","0","1","0","0","0","0","0","0","0","0","0","0","0","0","0","0","0","0","0","0","0","0","0"
"0x7b3fff76f180","@P6   LOP3.LUT R28, R28, 0x2, RZ, 0xfc, !PT","3","2","3","10752","344064","8192","32","0","32","0","-","-","-","0","0","0","0","0","0","0","0","0","-","0","0","0","0","0","0","0","0","0","0","0","0","0","0","0","0","0","1","0","0","0","0","2","0","0","0","0","0","0","0","0","0","0","0","0","0","0","0","0","2"
"0x7b3fff76f190","@!P1  BRA 0x7b3fff76f230","6","2","6","10752","344064","8192","32","0","32","0","-","-","-","0","0","0","0","0","0","0","0","0","-","0","0","0","0","0","0","0","0","1","0","0","3","0","0","0","0","0","2","0","0","0","0","0","0","0","0","0","0","2","0","0","0","0","0","0","0","0","0","0","0"
"0x7b3fff76f1a0","      SHF.R.S32.HI R13, RZ, 0x1f, R16","0","0","0","10496","335872","335872","32","32","0","0","-","-","-","0","0","0","0","0","0","0","0","0","-","0","0","0","0","0","0","0","0","0","0","0","0","0","0","0","0","0","0","0","0","0","0","0","0","0","0","0","0","0","0","0","0","0","0","0","0","0","0","0","0"
"0x7b3fff76f1b0","      MOV R12, R16","0","0","0","10496","335872","335872","32","32","0","0","-","-","-","0","0","0","0","0","0","0","0","0","-","0","0","0","0","0","0","0","0","0","0","0","0","0","0","0","0","0","0","0","0","0","0","0","0","0","0","0","0","0","0","0","0","0","0","0","0","0","0","0","0"
"0x7b3fff76f1c0","      IADD.64 R12, R12, R4","1","0","1","10496","335872","335872","32","32","0","0","-","-","-","0","0","0","0","0","0","0","0","0","-","0","0","0","0","0","0","0","0","0","0","0","0","0","0","0","0","0","0","1","0","0","0","0","0","0","0","0","0","0","0","0","0","0","0","0","0","0","0","0","0"
"0x7b3fff76f1d0","      LEA R8, P1, R12, UR28, 0x2","2","0","2","10496","335872","335872","32","32","0","0","-","-","-","0","0","0","0","0","0","0","0","0","-","0","0","0","0","0","0","0","0","0","0","0","0","0","0","0","0","0","2","0","0","0","0","0","0","0","0","0","0","0","0","0","0","0","0","0","0","0","0","0","0"
"0x7b3fff76f1e0","      LEA.HI.X R9, R12, UR29, R13, 0x2, P1","4","0","4","10496","335872","335872","32","32","0","0","-","-","-","0","0","0","0","0","0","0","0","0","-","0","0","0","0","0","0","0","0","0","0","0","0","0","0","0","0","0","4","0","0","0","0","0","0","0","0","0","0","0","0","0","0","0","0","0","0","0","0","0","0"
"0x7b3fff76f1f0","      FADD R13, RZ, R48","1","0","1","10496","335872","335872","32","32","0","0","-","-","-","0","0","0","0","0","0","0","0","0","-","0","0","0","0","0","0","0","0","1","0","0","0","0","0","0","0","0","0","0","0","0","0","0","0","0","0","0","0","0","0","0","0","0","0","0","0","0","0","0","0"
"0x7b3fff76f200","      FSETP.GEU.AND P1, PT, R48, R0, PT","0","0","0","10496","335872","335872","32","32","0","0","-","-","-","0","0","0","0","0","0","0","0","0","-","0","0","0","0","0","0","0","0","0","0","0","0","0","0","0","0","0","0","0","0","0","0","0","0","0","0","0","0","0","0","0","0","0","0","0","0","0","0","0","0"
"0x7b3fff76f210","      FSEL R13, R0, R13, !P1","0","0","0","10496","335872","335872","32","32","0","0","-","-","-","0","0","0","0","0","0","0","0","0","-","0","0","0","0","0","0","0","0","0","0","0","0","0","0","0","0","0","0","0","0","0","0","0","0","0","0","0","0","0","0","0","0","0","0","0","0","0","0","0","0"
"0x7b3fff76f220","      ST.E desc[UR24][R8.64], R13","7","2","7","10496","335872","335872","32","32","0","0","Global","Store","32","41984","0","0","0","0","125952","167936","41984","0","","0","0","0","0","0","0","0","0","2","0","0","0","0","0","2","0","0","2","0","0","0","0","1","0","0","0","0","0","0","0","0","2","0","0","0","0","0","0","0","0"
"0x7b3fff76f230","      BSYNC.RECONVERGENT B0","0","0","0","10752","344064","344064","32","32","0","0","-","-","-","0","0","0","0","0","0","0","0","0","-","0","0","0","0","0","0","0","0","0","0","0","0","0","0","0","0","0","0","0","0","0","0","0","0","0","0","0","0","0","0","0","0","0","0","0","0","0","0","0","0"
"0x7b3fff76f240","@P4   FSEL R29, R0, R29, !P5","3","2","3","10752","344064","344064","32","32","0","0","-","-","-","0","0","0","0","0","0","0","0","0","-","0","0","0","0","0","0","0","3","0","0","0","0","0","0","0","0","0","0","0","0","0","0","0","0","2","0","0","0","0","0","0","0","0","0","0","0","0","0","0","0"
"0x7b3fff76f250","      ISETP.GE.OR P5, PT, R24, UR7, P6","0","0","0","10752","344064","344064","32","32","0","0","-","-","-","0","0","0","0","0","0","0","0","0","-","0","0","0","0","0","0","0","0","0","0","0","0","0","0","0","0","0","0","0","0","0","0","0","0","0","0","0","0","0","0","0","0","0","0","0","0","0","0","0","0"
"0x7b3fff76f260","      BSSY.RECONVERGENT B0, 0x7b3fff76f330","0","0","0","10752","344064","344064","32","32","0","0","-","-","-","0","0","0","0","0","0","0","0","0","-","0","0","0","0","0","0","0","0","0","0","0","0","0","0","0","0","0","0","0","0","0","0","0","0","0","0","0","0","0","0","0","0","0","0","0","0","0","0","0","0"
"0x7b3fff76f270","      ISETP.GE.AND P1, PT, R33, UR6, PT","0","0","0","10752","344064","344064","32","32","0","0","-","-","-","0","0","0","0","0","0","0","0","0","-","0","0","0","0","0","0","0","0","0","0","0","0","0","0","0","0","0","0","0","0","0","0","0","0","0","0","0","0","0","0","0","0","0","0","0","0","0","0","0","0"
"0x7b3fff76f280","@P5   BRA 0x7b3fff76f320","6","1","6","10752","344064","8192","32","0","32","0","-","-","-","0","0","0","0","0","0","0","0","0","-","0","0","0","0","0","0","0","0","2","0","0","0","0","0","0","0","0","2","0","0","0","0","2","0","0","0","0","0","0","0","0","0","0","0","0","0","0","0","0","1"
"0x7b3fff76f290","      SHF.R.S32.HI R9, RZ, 0x1f, R34","3","1","3","10496","335872","335872","32","32","0","0","-","-","-","0","0","0","0","0","0","0","0","0","-","0","0","0","0","0","0","0","0","0","0","0","1","0","0","0","0","0","1","0","0","0","0","1","0","0","0","0","0","0","0","0","0","0","0","0","0","0","0","0","1"
"0x7b3fff76f2a0","      MOV R8, R34","0","0","0","10496","335872","335872","32","32","0","0","-","-","-","0","0","0","0","0","0","0","0","0","-","0","0","0","0","0","0","0","0","0","0","0","0","0","0","0","0","0","0","0","0","0","0","0","0","0","0","0","0","0","0","0","0","0","0","0","0","0","0","0","0"
"0x7b3fff76f2b0","      IADD.64 R12, R8, R4","4","1","4","10496","335872","335872","32","32","0","0","-","-","-","0","0","0","0","0","0","0","0","0","-","0","0","0","0","0","0","0","0","0","0","0","0","1","0","0","0","0","0","1","0","0","0","2","0","0","0","0","0","0","0","0","0","0","0","0","0","0","0","0","1"
"0x7b3fff76f2c0","      LEA R8, P5, R12, UR28, 0x2","2","1","2","10496","335872","335872","32","32","0","0","-","-","-","0","0","0","0","0","0","0","0","0","-","0","0","0","0","0","0","0","0","0","0","0","0","0","0","0","0","0","1","0","0","0","0","1","0","0","0","0","0","0","0","0","0","0","0","0","0","0","0","0","1"
"0x7b3fff76f2d0","      LEA.HI.X R9, R12, UR29, R13, 0x2, P5","6","1","6","10496","335872","335872","32","32","0","0","-","-","-","0","0","0","0","0","0","0","0","0","-","0","0","0","0","0","0","0","0","0","0","0","0","0","0","0","0","0","3","2","0","0","0","1","0","0","0","0","0","0","0","0","0","0","0","0","0","0","0","0","1"
"0x7b3fff76f2e0","      FSETP.GEU.AND P5, PT, R61, R0, PT","0","0","0","10496","335872","335872","32","32","0","0","-","-","-","0","0","0","0","0","0","0","0","0","-","0","0","0","0","0","0","0","0","0","0","0","0","0","0","0","0","0","0","0","0","0","0","0","0","0","0","0","0","0","0","0","0","0","0","0","0","0","0","0","0"
"0x7b3fff76f2f0","      FADD R61, RZ, R61","0","0","0","10496","335872","335872","32","32","0","0","-","-","-","0","0","0","0","0","0","0","0","0","-","0","0","0","0","0","0","0","0","0","0","0","0","0","0","0","0","0","0","0","0","0","0","0","0","0","0","0","0","0","0","0","0","0","0","0","0","0","0","0","0"
"0x7b3fff76f300","      FSEL R61, R0, R61, !P5","4","1","4","10496","335872","335872","32","32","0","0","-","-","-","0","0","0","0","0","0","0","0","0","-","0","0","0","0","0","0","0","0","0","0","0","0","0","0","0","0","0","2","0","0","0","0","2","0","0","0","0","0","0","0","0","0","0","0","0","0","0","0","0","1"
"0x7b3fff76f310","      ST.E desc[UR24][R8.64], R61","6","1","6","10496","335872","335872","32","32","0","0","Global","Store","32","41984","0","0","0","0","125952","167936","41984","0","","0","0","0","0","0","0","0","0","0","0","0","0","0","0","2","0","0","2","0","0","0","0","2","0","0","0","0","0","0","0","0","0","0","0","0","0","0","0","0","1"
"0x7b3fff76f320","      BSYNC.RECONVERGENT B0","3","0","3","10752","344064","344064","32","32","0","0","-","-","-","0","0","0","0","0","0","0","0","0","-","0","0","0","0","0","0","0","0","0","0","0","0","0","0","0","0","0","1","2","0","0","0","0","0","0","0","0","0","0","0","0","0","0","0","0","0","0","0","0","0"
"0x7b3fff76f330","      ISETP.GE.OR P5, PT, R24, UR7, P1","6","1","6","10752","344064","344064","32","32","0","0","-","-","-","0","0","0","0","0","0","0","0","0","-","0","0","0","0","0","0","0","3","1","0","0","0","0","0","0","0","0","0","1","0","0","0","1","0","1","0","0","0","0","0","0","0","0","0","0","0","0","0","0","0"
"0x7b3fff76f340","      BSSY.RECONVERGENT B0, 0x7b3fff76f400","0","0","0","10752","344064","344064","32","32","0","0","-","-","-","0","0","0","0","0","0","0","0","0","-","0","0","0","0","0","0","0","0","0","0","0","0","0","0","0","0","0","0","0","0","0","0","0","0","0","0","0","0","0","0","0","0","0","0","0","0","0","0","0","0"
"0x7b3fff76f350","@P5   BRA 0x7b3fff76f3f0","7","0","7","10752","344064","8192","32","0","32","0","-","-","-","0","0","0","0","0","0","0","0","0","-","0","0","0","0","0","0","0","0","0","0","0","0","0","0","0","0","0","3","0","0","0","0","4","0","0","0","0","0","0","0","0","0","0","0","0","0","0","0","0","0"
"0x7b3fff76f360","      SHF.R.S32.HI R9, RZ, 0x1f, R33","5","1","5","10496","335872","335872","32","32","0","0","-","-","-","0","0","0","0","0","0","0","0","0","-","0","0","0","0","0","0","0","0","0","0","0","1","0","0","0","0","0","3","0","0","0","0","1","0","0","0","0","0","1","0","0","0","0","0","0","0","0","0","0","0"
"0x7b3fff76f370","      MOV R8, R33","0","0","0","10496","335872","335872","32","32","0","0","-","-","-","0","0","0","0","0","0","0","0","0","-","0","0","0","0","0","0","0","0","0","0","0","0","0","0","0","0","0","0","0","0","0","0","0","0","0","0","0","0","0","0","0","0","0","0","0","0","0","0","0","0"
"0x7b3fff76f380","      IADD.64 R12, R8, R4","4","1","4","10496","335872","335872","32","32","0","0","-","-","-","0","0","0","0","0","0","0","0","0","-","0","0","0","0","0","0","0","0","0","0","0","0","0","0","0","0","0","2","1","0","0","0","1","0","0","0","0","0","0","0","0","0","0","0","0","0","0","0","0","1"
"0x7b3fff76f390","      LEA R8, P5, R12, UR28, 0x2","2","0","2","10496","335872","335872","32","32","0","0","-","-","-","0","0","0","0","0","0","0","0","0","-","0","0","0","0","0","0","0","0","0","0","0","0","0","0","0","0","0","1","0","0","0","0","1","0","0","0","0","0","0","0","0","0","0","0","0","0","0","0","0","0"
"0x7b3fff76f3a0","      LEA.HI.X R9, R12, UR29, R13, 0x2, P5","3","0","3","10496","335872","335872","32","32","0","0","-","-","-","0","0","0","0","0","0","0","0","0","-","0","0","0","0","0","0","0","0","0","0","0","0","0","0","0","0","0","3","0","0","0","0","0","0","0","0","0","0","0","0","0","0","0","0","0","0","0","0","0","0"
"0x7b3fff76f3b0","      FSETP.GEU.AND P5, PT, R41, R0, PT","0","0","0","10496","335872","335872","32","32","0","0","-","-","-","0","0","0","0","0","0","0","0","0","-","0","0","0","0","0","0","0","0","0","0","0","0","0","0","0","0","0","0","0","0","0","0","0","0","0","0","0","0","0","0","0","0","0","0","0","0","0","0","0","0"
"0x7b3fff76f3c0","      FADD R41, RZ, R41","0","0","0","10496","335872","335872","32","32","0","0","-","-","-","0","0","0","0","0","0","0","0","0","-","0","0","0","0","0","0","0","0","0","0","0","0","0","0","0","0","0","0","0","0","0","0","0","0","0","0","0","0","0","0","0","0","0","0","0","0","0","0","0","0"
"0x7b3fff76f3d0","      FSEL R41, R0, R41, !P5","4","2","4","10496","335872","335872","32","32","0","0","-","-","-","0","0","0","0","0","0","0","0","0","-","0","0","0","0","0","0","0","0","0","0","0","0","0","0","0","0","0","0","0","0","0","0","4","0","0","0","0","0","0","0","0","0","0","0","0","0","0","0","0","2"
"0x7b3fff76f3e0","      ST.E desc[UR24][R8.64], R41","4","0","4","10496","335872","335872","32","32","0","0","Global","Store","32","41984","0","0","0","0","125952","167936","41984","0","","0","0","0","0","0","0","0","0","0","0","0","0","0","0","1","0","0","2","0","0","0","0","1","0","0","0","0","0","0","0","0","0","0","0","0","0","0","0","0","0"
"0x7b3fff76f3f0","      BSYNC.RECONVERGENT B0","1","0","1","10752","344064","344064","32","32","0","0","-","-","-","0","0","0","0","0","0","0","0","0","-","0","0","0","0","0","0","0","0","0","0","0","0","0","0","0","0","0","0","1","0","0","0","0","0","0","0","0","0","0","0","0","0","0","0","0","0","0","0","0","0"
"0x7b3fff76f400","      ISETP.GE.AND P5, PT, R32, UR6, PT","4","1","4","10752","344064","344064","32","32","0","0","-","-","-","0","0","0","0","0","0","0","0","0","-","0","0","0","0","0","0","0","2","0","0","0","0","0","0","0","0","0","1","0","0","0","0","1","0","0","0","0","0","0","0","0","0","0","0","0","0","0","0","0","1"
"0x7b3fff76f410","      LOP3.LUT R28, R28, 0xffffffdf, RZ, 0xc0, !PT","2","0","2","10752","344064","344064","32","32","0","0","-","-","-","0","0","0","0","0","0","0","0","0","-","0","0","0","0","0","0","0","0","0","0","0","0","0","0","0","0","0","2","0","0","0","0","0","0","0","0","0","0","0","0","0","0","0","0","0","0","0","0","0","0"
"0x7b3fff76f420","      BSSY.RECONVERGENT B0, 0x7b3fff76f500","0","0","0","10752","344064","344064","32","32","0","0","-","-","-","0","0","0","0","0","0","0","0","0","-","0","0","0","0","0","0","0","0","0","0","0","0","0","0","0","0","0","0","0","0","0","0","0","0","0","0","0","0","0","0","0","0","0","0","0","0","0","0","0","0"
"0x7b3fff76f430","@P5   LOP3.LUT R28, R28, 0x20, RZ, 0xfc, !PT","6","1","6","10752","344064","8192","32","0","32","0","-","-","-","0","0","0","0","0","0","0","0","0","-","0","0","0","0","0","0","0","0","0","0","0","0","0","0","0","0","0","3","0","0","0","0","3","0","0","0","0","0","0","0","0","0","0","0","0","0","0","0","0","1"
"0x7b3fff76f440","      ISETP.GE.OR P5, PT, R24, UR7, P5","1","0","1","10752","344064","344064","32","32","0","0","-","-","-","0","0","0","0","0","0","0","0","0","-","0","0","0","0","0","0","0","0","0","0","0","0","0","0","0","0","0","0","1","0","0","0","0","0","0","0","0","0","0","0","0","0","0","0","0","0","0","0","0","0"
"0x7b3fff76f450","@P5   BRA 0x7b3fff76f4f0","6","0","6","10752","344064","8192","32","0","32","0","-","-","-","0","0","0","0","0","0","0","0","0","-","0","0","0","0","0","0","0","0","0","0","0","0","0","0","0","0","0","2","0","0","0","0","4","0","0","0","0","0","0","0","0","0","0","0","0","0","0","0","0","0"
"0x7b3fff76f460","      SHF.R.S32.HI R9, RZ, 0x1f, R32","4","2","4","10496","335872","335872","32","32","0","0","-","-","-","0","0","0","0","0","0","0","0","0","-","0","0","0","0","0","0","0","0","0","0","0","2","0","0","0","0","0","2","0","0","0","0","0","0","0","0","0","0","2","0","0","0","0","0","0","0","0","0","0","0"
"0x7b3fff76f470","      MOV R8, R32","1","0","1","10496","335872","335872","32","32","0","0","-","-","-","0","0","0","0","0","0","0","0","0","-","0","0","0","0","0","0","0","0","1","0","0","0","0","0","0","0","0","0","0","0","0","0","0","0","0","0","0","0","0","0","0","0","0","0","0","0","0","0","0","0"
"0x7b3fff76f480","      IADD.64 R8, R8, R4","6","0","6","10496","335872","335872","32","32","0","0","-","-","-","0","0","0","0","0","0","0","0","0","-","0","0","0","0","0","0","0","0","0","0","0","0","2","0","0","0","0","4","0","0","0","0","0","0","0","0","0","0","0","0","0","0","0","0","0","0","0","0","0","0"
"0x7b3fff76f490","      LEA R4, P5, R8, UR28, 0x2","2","0","2","10496","335872","335872","32","32","0","0","-","-","-","0","0","0","0","0","0","0","0","0","-","0","0","0","0","0","0","0","0","0","0","0","0","0","0","0","0","0","2","0","0","0","0","0","0","0","0","0","0","0","0","0","0","0","0","0","0","0","0","0","0"
"0x7b3fff76f4a0","      LEA.HI.X R5, R8, UR29, R9, 0x2, P5","1","0","1","10496","335872","335872","32","32","0","0","-","-","-","0","0","0","0","0","0","0","0","0","-","0","0","0","0","0","0","0","0","0","0","0","0","0","0","0","0","0","0","0","0","0","0","1","0","0","0","0","0","0","0","0","0","0","0","0","0","0","0","0","0"
"0x7b3fff76f4b0","      FADD R9, RZ, R66","0","0","0","10496","335872","335872","32","32","0","0","-","-","-","0","0","0","0","0","0","0","0","0","-","0","0","0","0","0","0","0","0","0","0","0","0","0","0","0","0","0","0","0","0","0","0","0","0","0","0","0","0","0","0","0","0","0","0","0","0","0","0","0","0"
"0x7b3fff76f4c0","      FSETP.GEU.AND P5, PT, R66, R0, PT","0","0","0","10496","335872","335872","32","32","0","0","-","-","-","0","0","0","0","0","0","0","0","0","-","0","0","0","0","0","0","0","0","0","0","0","0","0","0","0","0","0","0","0","0","0","0","0","0","0","0","0","0","0","0","0","0","0","0","0","0","0","0","0","0"
"0x7b3fff76f4d0","      FSEL R9, R0, R9, !P5","3","0","3","10496","335872","335872","32","32","0","0","-","-","-","0","0","0","0","0","0","0","0","0","-","0","0","0","0","0","0","0","0","1","0","0","0","0","0","0","0","0","1","0","0","0","0","1","0","0","0","0","0","0","0","0","0","0","0","0","0","0","0","0","0"
"0x7b3fff76f4e0","      ST.E desc[UR24][R4.64], R9","7","3","7","10496","335872","335872","32","32","0","0","Global","Store","32","41984","0","0","0","0","125952","167936","41984","0","","0","0","0","0","0","0","0","0","0","0","0","0","0","0","2","0","0","4","0","0","0","0","1","0","0","0","0","0","0","0","0","2","0","0","0","0","0","0","0","1"
"0x7b3fff76f4f0","      BSYNC.RECONVERGENT B0","0","0","0","10752","344064","344064","32","32","0","0","-","-","-","0","0","0","0","0","0","0","0","0","-","0","0","0","0","0","0","0","0","0","0","0","0","0","0","0","0","0","0","0","0","0","0","0","0","0","0","0","0","0","0","0","0","0","0","0","0","0","0","0","0"
"0x7b3fff76f500","      ISETP.GE.OR P5, PT, R27, UR7, P2","4","2","4","10752","344064","344064","32","32","0","0","-","-","-","0","0","0","0","0","0","0","0","0","-","0","0","0","0","0","0","0","3","0","0","0","0","0","0","0","0","0","0","0","0","0","0","1","0","1","0","0","0","0","0","0","0","0","0","0","0","0","0","0","1"
"0x7b3fff76f510","@P4   ST.E desc[UR24][R10.64], R29","2","1","2","10752","344064","344064","32","32","0","0","Global","Store","32","43008","0","0","0","0","129024","172032","43008","0","","0","0","0","0","0","0","0","0","0","0","0","0","0","0","2","0","0","0","0","0","0","0","0","0","0","0","0","0","0","0","0","1","0","0","0","0","0","0","0","0"
"0x7b3fff76f520","      ISETP.GE.OR P4, PT, R27, UR7, P0","0","0","0","10752","344064","344064","32","32","0","0","-","-","-","0","0","0","0","0","0","0","0","0","-","0","0","0","0","0","0","0","0","0","0","0","0","0","0","0","0","0","0","0","0","0","0","0","0","0","0","0","0","0","0","0","0","0","0","0","0","0","0","0","0"
"0x7b3fff76f530","      P2R R4, PR, RZ, 0x2","2","1","2","10752","344064","344064","32","32","0","0","-","-","-","0","0","0","0","0","0","0","0","0","-","0","0","0","0","0","0","0","0","0","0","0","2","0","0","0","0","0","0","0","0","0","0","0","0","0","0","0","0","1","0","0","0","0","0","0","0","0","0","0","0"
"0x7b3fff76f540","      IMAD.WIDE.U32 R8, R25, UR5, RZ","0","0","0","10752","344064","344064","32","32","0","0","-","-","-","0","0","0","0","0","0","0","0","0","-","0","0","0","0","0","0","0","0","0","0","0","0","0","0","0","0","0","0","0","0","0","0","0","0","0","0","0","0","0","0","0","0","0","0","0","0","0","0","0","0"
"0x7b3fff76f550","      LOP3.LUT R28, R28, 0xffffffef, RZ, 0xc0, !PT","1","0","1","10752","344064","344064","32","32","0","0","-","-","-","0","0","0","0","0","0","0","0","0","-","0","0","0","0","0","0","0","0","0","0","0","0","0","0","0","0","0","0","1","0","0","0","0","0","0","0","0","0","0","0","0","0","0","0","0","0","0","0","0","0"
"0x7b3fff76f560","      BSSY.RECONVERGENT B0, 0x7b3fff76f7c0","0","0","0","10752","344064","344064","32","32","0","0","-","-","-","0","0","0","0","0","0","0","0","0","-","0","0","0","0","0","0","0","0","0","0","0","0","0","0","0","0","0","0","0","0","0","0","0","0","0","0","0","0","0","0","0","0","0","0","0","0","0","0","0","0"
"0x7b3fff76f570","      IMAD R9, R25, UR4, R9","0","0","0","10752","344064","344064","32","32","0","0","-","-","-","0","0","0","0","0","0","0","0","0","-","0","0","0","0","0","0","0","0","0","0","0","0","0","0","0","0","0","0","0","0","0","0","0","0","0","0","0","0","0","0","0","0","0","0","0","0","0","0","0","0"
"0x7b3fff76f580","@!P5  FADD R5, RZ, R52","5","0","5","10752","344064","344064","32","32","0","0","-","-","-","0","0","0","0","0","0","0","0","0","-","0","0","0","0","0","0","0","0","1","0","0","0","0","0","0","0","0","3","1","0","0","0","0","0","0","0","0","0","0","0","0","0","0","0","0","0","0","0","0","0"
"0x7b3fff76f590","@!P5  FSETP.GEU.AND P6, PT, R52, R0, PT","0","0","0","10752","344064","344064","32","32","0","0","-","-","-","0","0","0","0","0","0","0","0","0","-","0","0","0","0","0","0","0","0","0","0","0","0","0","0","0","0","0","0","0","0","0","0","0","0","0","0","0","0","0","0","0","0","0","0","0","0","0","0","0","0"
"0x7b3fff76f5a0","@!P5  FSEL R13, R0, R5, !P6","4","0","4","10752","344064","344064","32","32","0","0","-","-","-","0","0","0","0","0","0","0","0","0","-","0","0","0","0","0","0","0","0","1","0","0","0","0","0","0","0","0","2","1","0","0","0","0","0","0","0","0","0","0","0","0","0","0","0","0","0","0","0","0","0"
"0x7b3fff76f5b0","      ISETP.GE.OR P6, PT, R27, UR7, P3","0","0","0","10752","344064","344064","32","32","0","0","-","-","-","0","0","0","0","0","0","0","0","0","-","0","0","0","0","0","0","0","0","0","0","0","0","0","0","0","0","0","0","0","0","0","0","0","0","0","0","0","0","0","0","0","0","0","0","0","0","0","0","0","0"
"0x7b3fff76f5c0","@!P5  ST.E desc[UR24][R10.64+0x4], R13","7","2","7","10752","344064","344064","32","32","0","0","Global","Store","32","43008","0","0","0","0","129024","172032","43008","0","","0","0","0","0","0","0","0","0","1","0","0","0","0","0","3","0","0","1","1","0","0","0","1","0","0","0","0","0","0","0","0","2","0","0","0","0","0","0","0","0"
"0x7b3fff76f5d0","@!P4  FSETP.GEU.AND P5, PT, R46, R0, PT","1","0","1","10752","344064","344064","32","32","0","0","-","-","-","0","0","0","0","0","0","0","0","0","-","0","0","0","0","0","0","0","0","1","0","0","0","0","0","0","0","0","0","0","0","0","0","0","0","0","0","0","0","0","0","0","0","0","0","0","0","0","0","0","0"
"0x7b3fff76f5e0","@!P6  FADD R5, RZ, R58","1","0","1","10752","344064","344064","32","32","0","0","-","-","-","0","0","0","0","0","0","0","0","0","-","0","0","0","0","0","0","0","0","1","0","0","0","0","0","0","0","0","0","0","0","0","0","0","0","0","0","0","0","0","0","0","0","0","0","0","0","0","0","0","0"
"0x7b3fff76f5f0","@!P6  FSETP.GEU.AND P1, PT, R58, R0, PT","0","0","0","10752","344064","344064","32","32","0","0","-","-","-","0","0","0","0","0","0","0","0","0","-","0","0","0","0","0","0","0","0","0","0","0","0","0","0","0","0","0","0","0","0","0","0","0","0","0","0","0","0","0","0","0","0","0","0","0","0","0","0","0","0"
"0x7b3fff76f600","@!P6  FSEL R15, R0, R5, !P1","6","1","6","10752","344064","344064","32","32","0","0","-","-","-","0","0","0","0","0","0","0","0","0","-","0","0","0","0","0","0","0","0","1","0","0","0","0","0","0","0","0","2","0","0","0","0","3","0","0","0","0","0","0","0","0","0","0","0","0","0","0","0","0","1"
"0x7b3fff76f610","@!P4  FADD R5, RZ, R46","0","0","0","10752","344064","344064","32","32","0","0","-","-","-","0","0","0","0","0","0","0","0","0","-","0","0","0","0","0","0","0","0","0","0","0","0","0","0","0","0","0","0","0","0","0","0","0","0","0","0","0","0","0","0","0","0","0","0","0","0","0","0","0","0"
"0x7b3fff76f620","      ISETP.NE.AND P1, PT, R4, RZ, PT","1","0","1","10752","344064","344064","32","32","0","0","-","-","-","0","0","0","0","0","0","0","0","0","-","0","0","0","0","0","0","0","0","1","0","0","0","0","0","0","0","0","0","0","0","0","0","0","0","0","0","0","0","0","0","0","0","0","0","0","0","0","0","0","0"
"0x7b3fff76f630","@!P6  ST.E desc[UR24][R10.64+0x8], R15","8","4","8","10752","344064","344064","32","32","0","0","Global","Store","32","43008","0","0","0","0","129024","172032","43008","0","","0","0","0","0","0","0","0","0","0","0","1","0","0","0","4","0","0","1","0","0","0","0","2","0","0","0","0","1","0","0","0","2","0","0","0","0","0","0","0","1"
"0x7b3fff76f640","@!P4  FSEL R21, R0, R5, !P5","2","0","2","10752","344064","344064","32","32","0","0","-","-","-","0","0","0","0","0","0","0","0","0","-","0","0","0","0","0","0","0","0","2","0","0","0","0","0","0","0","0","0","0","0","0","0","0","0","0","0","0","0","0","0","0","0","0","0","0","0","0","0","0","0"
"0x7b3fff76f650","      IMAD.WIDE.U32 R4, R26, UR5, RZ","1","0","1","10752","344064","344064","32","32","0","0","-","-","-","0","0","0","0","0","0","0","0","0","-","0","0","0","0","0","0","0","0","0","0","0","0","1","0","0","0","0","0","0","0","0","0","0","0","0","0","0","0","0","0","0","0","0","0","0","0","0","0","0","0"
"0x7b3fff76f660","      ISETP.GE.AND P6, PT, R16, UR6, PT","0","0","0","10752","344064","344064","32","32","0","0","-","-","-","0","0","0","0","0","0","0","0","0","-","0","0","0","0","0","0","0","0","0","0","0","0","0","0","0","0","0","0","0","0","0","0","0","0","0","0","0","0","0","0","0","0","0","0","0","0","0","0","0","0"
"0x7b3fff76f670","      IMAD R5, R26, UR4, R5","4","0","4","10752","344064","344064","32","32","0","0","-","-","-","0","0","0","0","0","0","0","0","0","-","0","0","0","0","0","0","0","0","2","0","0","0","0","0","0","0","0","0","0","0","0","0","2","0","0","0","0","0","0","0","0","0","0","0","0","0","0","0","0","0"
"0x7b3fff76f680","@!P4  ST.E desc[UR24][R10.64+0xc], R21","2","1","2","10752","344064","344064","32","32","0","0","Global","Store","32","43008","0","0","0","0","129024","172032","43008","0","","0","0","0","0","0","0","0","0","0","0","0","0","0","0","2","0","0","0","0","0","0","0","0","0","0","0","0","0","0","0","0","1","0","0","0","0","0","0","0","0"
"0x7b3fff76f690","      IADD.64 R12, R2, R4","7","3","7","10752","344064","344064","32","32","0","0","-","-","-","0","0","0","0","0","0","0","0","0","-","0","0","0","0","0","0","0","0","0","0","0","2","2","0","0","0","0","1","0","0","0","0","2","0","0","0","0","0","1","0","0","0","0","0","0","0","0","0","0","2"
"0x7b3fff76f6a0","      IADD.64 R14, R2, R8","7","6","7","10752","344064","344064","32","32","0","0","-","-","-","0","0","0","0","0","0","0","0","0","-","0","0","0","0","0","0","0","0","0","0","0","6","0","0","0","0","0","1","0","0","0","0","0","0","0","0","0","0","6","0","0","0","0","0","0","0","0","0","0","0"
"0x7b3fff76f6b0","      LEA R2, P4, R12, UR28, 0x2","3","0","3","10752","344064","344064","32","32","0","0","-","-","-","0","0","0","0","0","0","0","0","0","-","0","0","0","0","0","0","0","0","0","0","0","0","0","0","0","0","0","3","0","0","0","0","0","0","0","0","0","0","0","0","0","0","0","0","0","0","0","0","0","0"
"0x7b3fff76f6c0","@P6   LOP3.LUT R28, R28, 0x10, RZ, 0xfc, !PT","0","0","0","10752","344064","8192","32","0","32","0","-","-","-","0","0","0","0","0","0","0","0","0","-","0","0","0","0","0","0","0","0","0","0","0","0","0","0","0","0","0","0","0","0","0","0","0","0","0","0","0","0","0","0","0","0","0","0","0","0","0","0","0","0"
"0x7b3fff76f6d0","      LEA.HI.X R3, R12, UR29, R13, 0x2, P4","2","0","2","10752","344064","344064","32","32","0","0","-","-","-","0","0","0","0","0","0","0","0","0","-","0","0","0","0","0","0","0","0","0","0","0","0","0","0","0","0","0","2","0","0","0","0","0","0","0","0","0","0","0","0","0","0","0","0","0","0","0","0","0","0"
"0x7b3fff76f6e0","      LEA R12, P4, R14, UR28, 0x2","2","0","2","10752","344064","344064","32","32","0","0","-","-","-","0","0","0","0","0","0","0","0","0","-","0","0","0","0","0","0","0","0","0","0","0","0","0","0","0","0","0","1","0","0","0","0","1","0","0","0","0","0","0","0","0","0","0","0","0","0","0","0","0","0"
"0x7b3fff76f6f0","      LEA.HI.X R13, R14, UR29, R15, 0x2, P4","5","0","5","10752","344064","344064","32","32","0","0","-","-","-","0","0","0","0","0","0","0","0","0","-","0","0","0","0","0","0","0","0","0","0","0","0","0","0","0","0","0","3","0","0","0","0","2","0","0","0","0","0","0","0","0","0","0","0","0","0","0","0","0","0"
"0x7b3fff76f700","      ISETP.GE.OR P4, PT, R27, UR7, P6","0","0","0","10752","344064","344064","32","32","0","0","-","-","-","0","0","0","0","0","0","0","0","0","-","0","0","0","0","0","0","0","0","0","0","0","0","0","0","0","0","0","0","0","0","0","0","0","0","0","0","0","0","0","0","0","0","0","0","0","0","0","0","0","0"
"0x7b3fff76f710","@P4   BRA 0x7b3fff76f7b0","6","3","6","10752","344064","8192","32","0","32","0","-","-","-","0","0","0","0","0","0","0","0","0","-","0","0","0","0","0","0","0","0","0","0","0","2","0","0","0","0","0","0","0","0","0","0","4","0","0","0","0","0","2","0","0","0","0","0","0","0","0","0","0","1"
"0x7b3fff76f720","      SHF.R.S32.HI R15, RZ, 0x1f, R16","2","1","2","10496","335872","335872","32","32","0","0","-","-","-","0","0","0","0","0","0","0","0","0","-","0","0","0","0","0","0","0","0","0","0","0","0","0","0","0","0","0","1","0","0","0","0","1","0","0","0","0","0","0","0","0","0","0","0","0","0","0","0","0","1"
"0x7b3fff76f730","      MOV R14, R16","1","0","1","10496","335872","335872","32","32","0","0","-","-","-","0","0","0","0","0","0","0","0","0","-","0","0","0","0","0","0","0","0","0","0","0","0","0","0","0","0","0","0","1","0","0","0","0","0","0","0","0","0","0","0","0","0","0","0","0","0","0","0","0","0"
"0x7b3fff76f740","      IADD.64 R14, R14, R6","4","0","4","10496","335872","335872","32","32","0","0","-","-","-","0","0","0","0","0","0","0","0","0","-","0","0","0","0","0","0","0","0","0","0","0","0","2","0","0","0","0","2","0","0","0","0","0","0","0","0","0","0","0","0","0","0","0","0","0","0","0","0","0","0"
"0x7b3fff76f750","      LEA R10, P4, R14, UR28, 0x2","4","1","4","10496","335872","335872","32","32","0","0","-","-","-","0","0","0","0","0","0","0","0","0","-","0","0","0","0","0","0","0","0","0","0","0","0","1","0","0","0","0","2","0","0","0","0","1","0","0","0","0","0","0","0","0","0","0","0","0","0","0","0","0","1"
"0x7b3fff76f760","      LEA.HI.X R11, R14, UR29, R15, 0x2, P4","3","1","3","10496","335872","335872","32","32","0","0","-","-","-","0","0","0","0","0","0","0","0","0","-","0","0","0","0","0","0","0","0","0","0","0","0","0","0","0","0","0","1","0","0","0","0","2","0","0","0","0","0","0","0","0","0","0","0","0","0","0","0","0","1"
"0x7b3fff76f770","      FADD R15, RZ, R49","2","0","2","10496","335872","335872","32","32","0","0","-","-","-","0","0","0","0","0","0","0","0","0","-","0","0","0","0","0","0","0","0","0","0","0","0","0","0","0","0","0","0","2","0","0","0","0","0","0","0","0","0","0","0","0","0","0","0","0","0","0","0","0","0"
"0x7b3fff76f780","      FSETP.GEU.AND P4, PT, R49, R0, PT","0","0","0","10496","335872","335872","32","32","0","0","-","-","-","0","0","0","0","0","0","0","0","0","-","0","0","0","0","0","0","0","0","0","0","0","0","0","0","0","0","0","0","0","0","0","0","0","0","0","0","0","0","0","0","0","0","0","0","0","0","0","0","0","0"
"0x7b3fff76f790","      FSEL R15, R0, R15, !P4","3","0","3","10496","335872","335872","32","32","0","0","-","-","-","0","0","0","0","0","0","0","0","0","-","0","0","0","0","0","0","0","0","0","0","0","0","0","0","0","0","0","2","1","0","0","0","0","0","0","0","0","0","0","0","0","0","0","0","0","0","0","0","0","0"
"0x7b3fff76f7a0","      ST.E desc[UR24][R10.64], R15","8","4","8","10496","335872","335872","32","32","0","0","Global","Store","32","41984","0","0","0","0","125952","167936","41984","0","","0","0","0","0","0","0","0","0","0","0","0","0","0","0","4","0","0","0","1","0","0","0","3","0","0","0","0","0","0","0","0","4","0","0","0","0","0","0","0","0"
"0x7b3fff76f7b0","      BSYNC.RECONVERGENT B0","3","1","3","10752","344064","344064","32","32","0","0","-","-","-","0","0","0","0","0","0","0","0","0","-","0","0","0","0","0","0","0","0","0","0","0","0","0","0","0","0","0","0","1","0","0","0","2","0","0","0","0","0","0","0","0","0","0","0","0","0","0","0","0","1"
"0x7b3fff76f7c0","      LOP3.LUT P4, RZ, R28, 0x2, RZ, 0xc0, !PT","7","4","7","10752","344064","344064","32","32","0","0","-","-","-","0","0","0","0","0","0","0","0","0","-","0","0","0","0","0","0","0","5","0","0","0","0","0","0","0","0","0","1","1","0","0","0","0","0","4","0","0","0","0","0","0","0","0","0","0","0","0","0","0","0"
"0x7b3fff76f7d0","      BSSY.RECONVERGENT B0, 0x7b3fff76f890","0","0","0","10752","344064","344064","32","32","0","0","-","-","-","0","0","0","0","0","0","0","0","0","-","0","0","0","0","0","0","0","0","0","0","0","0","0","0","0","0","0","0","0","0","0","0","0","0","0","0","0","0","0","0","0","0","0","0","0","0","0","0","0","0"
"0x7b3fff76f7e0","      ISETP.GE.OR P4, PT, R27, UR7, P4","3","0","3","10752","344064","344064","32","32","0","0","-","-","-","0","0","0","0","0","0","0","0","0","-","0","0","0","0","0","0","0","0","0","0","0","0","0","0","0","0","0","3","0","0","0","0","0","0","0","0","0","0","0","0","0","0","0","0","0","0","0","0","0","0"
"0x7b3fff76f7f0","@P4   BRA 0x7b3fff76f880","6","1","6","10752","344064","8192","32","0","32","0","-","-","-","0","0","0","0","0","0","0","0","0","-","0","0","0","0","0","0","0","0","1","0","0","0","0","0","0","0","0","2","0","0","0","0","3","0","0","0","0","0","0","0","0","0","0","0","0","0","0","0","0","1"
"0x7b3fff76f800","      SHF.R.S32.HI R35, RZ, 0x1f, R34","8","1","8","10496","335872","335872","32","32","0","0","-","-","-","0","0","0","0","0","0","0","0","0","-","0","0","0","0","0","0","0","0","0","0","0","0","1","0","0","0","0","2","2","0","0","0","3","0","0","0","0","0","0","0","0","0","0","0","0","0","0","0","0","1"
"0x7b3fff76f810","      IADD.64 R14, R34, R6","12","8","12","10496","335872","335872","32","32","0","0","-","-","-","0","0","0","0","0","0","0","0","0","-","0","0","0","0","0","0","0","0","0","0","0","8","0","0","0","0","0","2","0","0","0","0","2","0","0","0","0","0","7","0","0","0","0","0","0","0","0","0","0","1"
"0x7b3fff76f820","      LEA R10, P4, R14, UR28, 0x2","4","0","4","10496","335872","335872","32","32","0","0","-","-","-","0","0","0","0","0","0","0","0","0","-","0","0","0","0","0","0","0","0","0","0","0","0","0","0","0","0","0","2","1","0","0","0","1","0","0","0","0","0","0","0","0","0","0","0","0","0","0","0","0","0"
"0x7b3fff76f830","      LEA.HI.X R11, R14, UR29, R15, 0x2, P4","3","0","3","10496","335872","335872","32","32","0","0","-","-","-","0","0","0","0","0","0","0","0","0","-","0","0","0","0","0","0","0","0","0","0","0","0","0","0","0","0","0","1","1","0","0","0","1","0","0","0","0","0","0","0","0","0","0","0","0","0","0","0","0","0"
"0x7b3fff76f840","      FADD R15, RZ, R39","0","0","0","10496","335872","335872","32","32","0","0","-","-","-","0","0","0","0","0","0","0","0","0","-","0","0","0","0","0","0","0","0","0","0","0","0","0","0","0","0","0","0","0","0","0","0","0","0","0","0","0","0","0","0","0","0","0","0","0","0","0","0","0","0"
"0x7b3fff76f850","      FSETP.GEU.AND P4, PT, R39, R0, PT","0","0","0","10496","335872","335872","32","32","0","0","-","-","-","0","0","0","0","0","0","0","0","0","-","0","0","0","0","0","0","0","0","0","0","0","0","0","0","0","0","0","0","0","0","0","0","0","0","0","0","0","0","0","0","0","0","0","0","0","0","0","0","0","0"
"0x7b3fff76f860","      FSEL R15, R0, R15, !P4","3","0","3","10496","335872","335872","32","32","0","0","-","-","-","0","0","0","0","0","0","0","0","0","-","0","0","0","0","0","0","0","0","1","0","0","0","0","0","0","0","0","0","1","0","0","0","1","0","0","0","0","0","0","0","0","0","0","0","0","0","0","0","0","0"
"0x7b3fff76f870","      ST.E desc[UR24][R10.64], R15","7","4","7","10496","335872","335872","32","32","0","0","Global","Store","32","41984","0","0","0","0","125952","167936","41984","0","","0","0","0","0","0","0","0","0","0","0","0","0","0","0","4","0","0","2","0","0","0","0","1","0","0","0","0","0","0","0","0","4","0","0","0","0","0","0","0","0"
"0x7b3fff76f880","      BSYNC.RECONVERGENT B0","2","1","2","10752","344064","344064","32","32","0","0","-","-","-","0","0","0","0","0","0","0","0","0","-","0","0","0","0","0","0","0","0","1","0","0","0","0","0","0","0","0","1","0","0","0","0","0","0","0","1","0","0","0","0","0","0","0","0","0","0","0","0","0","0"
"0x7b3fff76f890","      ISETP.GE.OR P4, PT, R27, UR7, P1","3","1","3","10752","344064","344064","32","32","0","0","-","-","-","0","0","0","0","0","0","0","0","0","-","0","0","0","0","0","0","0","1","0","0","0","0","0","0","0","0","0","1","0","0","0","0","1","0","0","0","0","0","0","0","0","0","0","0","0","0","0","0","0","1"
"0x7b3fff76f8a0","      BSSY.RECONVERGENT B0, 0x7b3fff76f960","0","0","0","10752","344064","344064","32","32","0","0","-","-","-","0","0","0","0","0","0","0","0","0","-","0","0","0","0","0","0","0","0","0","0","0","0","0","0","0","0","0","0","0","0","0","0","0","0","0","0","0","0","0","0","0","0","0","0","0","0","0","0","0","0"
"0x7b3fff76f8b0","@P4   BRA 0x7b3fff76f950","6","0","6","10752","344064","8192","32","0","32","0","-","-","-","0","0","0","0","0","0","0","0","0","-","0","0","0","0","0","0","0","0","1","0","0","0","0","0","0","0","0","2","0","0","0","0","3","0","0","0","0","0","0","0","0","0","0","0","0","0","0","0","0","0"
"0x7b3fff76f8c0","      SHF.R.S32.HI R11, RZ, 0x1f, R33","7","6","7","10496","335872","335872","32","32","0","0","-","-","-","0","0","0","0","0","0","0","0","0","-","0","0","0","0","0","0","0","0","0","0","0","4","0","0","0","0","0","0","0","0","0","0","3","0","0","0","0","0","4","0","0","0","0","0","0","0","0","0","0","2"
"0x7b3fff76f8d0","      MOV R10, R33","1","0","1","10496","335872","335872","32","32","0","0","-","-","-","0","0","0","0","0","0","0","0","0","-","0","0","0","0","0","0","0","0","0","0","0","0","0","0","0","0","0","0","1","0","0","0","0","0","0","0","0","0","0","0","0","0","0","0","0","0","0","0","0","0"
"0x7b3fff76f8e0","      IADD.64 R14, R10, R6","0","0","0","10496","335872","335872","32","32","0","0","-","-","-","0","0","0","0","0","0","0","0","0","-","0","0","0","0","0","0","0","0","0","0","0","0","0","0","0","0","0","0","0","0","0","0","0","0","0","0","0","0","0","0","0","0","0","0","0","0","0","0","0","0"
"0x7b3fff76f8f0","      LEA R10, P4, R14, UR28, 0x2","0","0","0","10496","335872","335872","32","32","0","0","-","-","-","0","0","0","0","0","0","0","0","0","-","0","0","0","0","0","0","0","0","0","0","0","0","0","0","0","0","0","0","0","0","0","0","0","0","0","0","0","0","0","0","0","0","0","0","0","0","0","0","0","0"
"0x7b3fff76f900","      LEA.HI.X R11, R14, UR29, R15, 0x2, P4","3","1","3","10496","335872","335872","32","32","0","0","-","-","-","0","0","0","0","0","0","0","0","0","-","0","0","0","0","0","0","0","0","1","0","0","0","0","0","0","0","0","1","0","0","0","0","1","0","0","1","0","0","0","0","0","0","0","0","0","0","0","0","0","0"
"0x7b3fff76f910","      FADD R15, RZ, R43","0","0","0","10496","335872","335872","32","32","0","0","-","-","-","0","0","0","0","0","0","0","0","0","-","0","0","0","0","0","0","0","0","0","0","0","0","0","0","0","0","0","0","0","0","0","0","0","0","0","0","0","0","0","0","0","0","0","0","0","0","0","0","0","0"
"0x7b3fff76f920","      FSETP.GEU.AND P4, PT, R43, R0, PT","0","0","0","10496","335872","335872","32","32","0","0","-","-","-","0","0","0","0","0","0","0","0","0","-","0","0","0","0","0","0","0","0","0","0","0","0","0","0","0","0","0","0","0","0","0","0","0","0","0","0","0","0","0","0","0","0","0","0","0","0","0","0","0","0"
"0x7b3fff76f930","      FSEL R15, R0, R15, !P4","5","1","5","10496","335872","335872","32","32","0","0","-","-","-","0","0","0","0","0","0","0","0","0","-","0","0","0","0","0","0","0","0","0","0","0","0","0","0","0","0","0","3","1","0","0","0","1","0","0","0","0","0","0","0","0","0","0","0","0","0","0","0","0","1"
"0x7b3fff76f940","      ST.E desc[UR24][R10.64], R15","6","3","6","10496","335872","335872","32","32","0","0","Global","Store","32","41984","0","0","0","0","125952","167936","41984","0","","0","0","0","0","0","0","0","0","0","0","0","0","0","0","1","0","0","1","1","0","0","0","3","0","0","0","0","0","0","0","0","0","0","0","0","0","0","0","0","3"
"0x7b3fff76f950","      BSYNC.RECONVERGENT B0","1","0","1","10752","344064","344064","32","32","0","0","-","-","-","0","0","0","0","0","0","0","0","0","-","0","0","0","0","0","0","0","0","0","0","0","0","0","0","0","0","0","1","0","0","0","0","0","0","0","0","0","0","0","0","0","0","0","0","0","0","0","0","0","0"
"0x7b3fff76f960","      LOP3.LUT P4, RZ, R28, 0x20, RZ, 0xc0, !PT","3","1","3","10752","344064","344064","32","32","0","0","-","-","-","0","0","0","0","0","0","0","0","0","-","0","0","0","0","0","0","0","2","0","0","0","0","0","0","0","0","0","1","0","0","0","0","0","0","1","0","0","0","0","0","0","0","0","0","0","0","0","0","0","0"
"0x7b3fff76f970","      BSSY.RECONVERGENT B0, 0x7b3fff76fa40","1","0","1","10752","344064","344064","32","32","0","0","-","-","-","0","0","0","0","0","0","0","0","0","-","0","0","0","0","0","0","0","0","1","0","0","0","0","0","0","0","0","0","0","0","0","0","0","0","0","0","0","0","0","0","0","0","0","0","0","0","0","0","0","0"
"0x7b3fff76f980","      ISETP.GE.OR P4, PT, R27, UR7, P4","2","1","2","10752","344064","344064","32","32","0","0","-","-","-","0","0","0","0","0","0","0","0","0","-","0","0","0","0","0","0","0","0","0","0","0","0","0","0","0","0","0","1","0","0","0","0","1","0","0","0","0","0","0","0","0","0","0","0","0","0","0","0","0","1"
"0x7b3fff76f990","@P4   BRA 0x7b3fff76fa30","7","1","7","10752","344064","8192","32","0","32","0","-","-","-","0","0","0","0","0","0","0","0","0","-","0","0","0","0","0","0","0","0","1","0","0","0","0","0","0","0","0","3","1","0","0","0","2","0","0","0","0","0","0","0","0","0","0","0","0","0","0","0","0","1"
"0x7b3fff76f9a0","      SHF.R.S32.HI R11, RZ, 0x1f, R32","5","2","5","10496","335872","335872","32","32","0","0","-","-","-","0","0","0","0","0","0","0","0","0","-","0","0","0","0","0","0","0","0","0","0","0","3","0","0","0","0","0","1","0","0","0","0","1","0","0","0","0","0","1","0","0","0","0","0","0","0","0","0","0","1"
"0x7b3fff76f9b0","      MOV R10, R32","0","0","0","10496","335872","335872","32","32","0","0","-","-","-","0","0","0","0","0","0","0","0","0","-","0","0","0","0","0","0","0","0","0","0","0","0","0","0","0","0","0","0","0","0","0","0","0","0","0","0","0","0","0","0","0","0","0","0","0","0","0","0","0","0"
"0x7b3fff76f9c0","      IADD.64 R6, R10, R6","0","0","0","10496","335872","335872","32","32","0","0","-","-","-","0","0","0","0","0","0","0","0","0","-","0","0","0","0","0","0","0","0","0","0","0","0","0","0","0","0","0","0","0","0","0","0","0","0","0","0","0","0","0","0","0","0","0","0","0","0","0","0","0","0"
"0x7b3fff76f9d0","      LEA R10, P4, R6, UR28, 0x2","5","3","5","10496","335872","335872","32","32","0","0","-","-","-","0","0","0","0","0","0","0","0","0","-","0","0","0","0","0","0","0","0","0","0","0","0","0","0","0","0","0","1","0","0","0","0","4","0","0","0","0","0","0","0","0","0","0","0","0","0","0","0","0","3"
"0x7b3fff76f9e0","      LEA.HI.X R11, R6, UR29, R7, 0x2, P4","2","0","2","10496","335872","335872","32","32","0","0","-","-","-","0","0","0","0","0","0","0","0","0","-","0","0","0","0","0","0","0","0","0","0","0","0","0","0","0","0","0","2","0","0","0","0","0","0","0","0","0","0","0","0","0","0","0","0","0","0","0","0","0","0"
"0x7b3fff76f9f0","      FADD R7, RZ, R67","0","0","0","10496","335872","335872","32","32","0","0","-","-","-","0","0","0","0","0","0","0","0","0","-","0","0","0","0","0","0","0","0","0","0","0","0","0","0","0","0","0","0","0","0","0","0","0","0","0","0","0","0","0","0","0","0","0","0","0","0","0","0","0","0"
"0x7b3fff76fa00","      FSETP.GEU.AND P4, PT, R67, R0, PT","0","0","0","10496","335872","335872","32","32","0","0","-","-","-","0","0","0","0","0","0","0","0","0","-","0","0","0","0","0","0","0","0","0","0","0","0","0","0","0","0","0","0","0","0","0","0","0","0","0","0","0","0","0","0","0","0","0","0","0","0","0","0","0","0"
"0x7b3fff76fa10","      FSEL R7, R0, R7, !P4","3","0","3","10496","335872","335872","32","32","0","0","-","-","-","0","0","0","0","0","0","0","0","0","-","0","0","0","0","0","0","0","0","0","0","0","0","0","0","0","0","0","1","1","0","0","0","1","0","0","0","0","0","0","0","0","0","0","0","0","0","0","0","0","0"
"0x7b3fff76fa20","      ST.E desc[UR24][R10.64], R7","5","4","5","10496","335872","335872","32","32","0","0","Global","Store","32","41984","0","0","0","0","125952","167936","41984","0","","0","0","0","0","0","0","0","0","0","0","0","0","0","0","5","0","0","0","0","0","0","0","0","0","0","0","0","0","0","0","0","4","0","0","0","0","0","0","0","0"
"0x7b3fff76fa30","      BSYNC.RECONVERGENT B0","3","0","3","10752","344064","344064","32","32","0","0","-","-","-","0","0","0","0","0","0","0","0","0","-","0","0","0","0","0","0","0","0","0","0","0","0","0","0","0","0","0","1","2","0","0","0","0","0","0","0","0","0","0","0","0","0","0","0","0","0","0","0","0","0"
"0x7b3fff76fa40","      ISETP.GE.OR P4, PT, R26, UR7, P2","6","5","6","10752","344064","344064","32","32","0","0","-","-","-","0","0","0","0","0","0","0","0","0","-","0","0","0","0","0","0","0","3","0","0","0","0","0","0","0","0","0","1","0","0","0","0","2","0","3","0","0","0","0","0","0","0","0","0","0","0","0","0","0","2"
"0x7b3fff76fa50","      P2R R14, PR, RZ, 0x2","1","0","1","10752","344064","344064","32","32","0","0","-","-","-","0","0","0","0","0","0","0","0","0","-","0","0","0","0","0","0","0","0","0","0","0","0","0","0","0","0","0","0","1","0","0","0","0","0","0","0","0","0","0","0","0","0","0","0","0","0","0","0","0","0"
"0x7b3fff76fa60","      BSSY.RECONVERGENT B0, 0x7b3fff76fd90","0","0","0","10752","344064","344064","32","32","0","0","-","-","-","0","0","0","0","0","0","0","0","0","-","0","0","0","0","0","0","0","0","0","0","0","0","0","0","0","0","0","0","0","0","0","0","0","0","0","0","0","0","0","0","0","0","0","0","0","0","0","0","0","0"
"0x7b3fff76fa70","      ISETP.GE.AND P1, PT, R18, UR6, PT","0","0","0","10752","344064","344064","32","32","0","0","-","-","-","0","0","0","0","0","0","0","0","0","-","0","0","0","0","0","0","0","0","0","0","0","0","0","0","0","0","0","0","0","0","0","0","0","0","0","0","0","0","0","0","0","0","0","0","0","0","0","0","0","0"
"0x7b3fff76fa80","      P2R R10, PR, RZ, 0x8","6","4","6","10752","344064","344064","32","32","0","0","-","-","-","0","0","0","0","0","0","0","0","0","-","0","0","0","0","0","0","0","0","0","0","0","5","0","0","0","0","0","1","0","0","0","0","0","0","0","0","0","0","4","0","0","0","0","0","0","0","0","0","0","0"
"0x7b3fff76fa90","      P2R R6, PR, RZ, 0x4","3","0","3","10752","344064","344064","32","32","0","0","-","-","-","0","0","0","0","0","0","0","0","0","-","0","0","0","0","0","0","0","0","0","0","0","0","0","0","0","0","0","2","1","0","0","0","0","0","0","0","0","0","0","0","0","0","0","0","0","0","0","0","0","0"
"0x7b3fff76faa0","@!P4  FADD R7, RZ, R53","2","0","2","10752","344064","344064","32","32","0","0","-","-","-","0","0","0","0","0","0","0","0","0","-","0","0","0","0","0","0","0","0","0","0","0","0","0","0","0","0","0","1","0","0","0","0","1","0","0","0","0","0","0","0","0","0","0","0","0","0","0","0","0","0"
"0x7b3fff76fab0","@!P4  FSETP.GEU.AND P5, PT, R53, R0, PT","0","0","0","10752","344064","344064","32","32","0","0","-","-","-","0","0","0","0","0","0","0","0","0","-","0","0","0","0","0","0","0","0","0","0","0","0","0","0","0","0","0","0","0","0","0","0","0","0","0","0","0","0","0","0","0","0","0","0","0","0","0","0","0","0"
"0x7b3fff76fac0","@!P4  FSEL R11, R0, R7, !P5","1","0","1","10752","344064","344064","32","32","0","0","-","-","-","0","0","0","0","0","0","0","0","0","-","0","0","0","0","0","0","0","0","0","0","0","0","0","0","0","0","0","1","0","0","0","0","0","0","0","0","0","0","0","0","0","0","0","0","0","0","0","0","0","0"
"0x7b3fff76fad0","      ISETP.GE.OR P5, PT, R26, UR7, P3","0","0","0","10752","344064","344064","32","32","0","0","-","-","-","0","0","0","0","0","0","0","0","0","-","0","0","0","0","0","0","0","0","0","0","0","0","0","0","0","0","0","0","0","0","0","0","0","0","0","0","0","0","0","0","0","0","0","0","0","0","0","0","0","0"
"0x7b3fff76fae0","      ISETP.GE.OR P3, PT, R26, UR7, P1","0","0","0","10752","344064","344064","32","32","0","0","-","-","-","0","0","0","0","0","0","0","0","0","-","0","0","0","0","0","0","0","0","0","0","0","0","0","0","0","0","0","0","0","0","0","0","0","0","0","0","0","0","0","0","0","0","0","0","0","0","0","0","0","0"
"0x7b3fff76faf0","@!P4  ST.E desc[UR24][R2.64+0x4], R11","2","0","2","10752","344064","344064","32","32","0","0","Global","Store","32","43008","0","0","0","0","129024","172032","43008","0","","0","0","0","0","0","0","0","0","0","0","0","0","0","0","0","0","0","0","1","0","0","0","1","0","0","0","0","0","0","0","0","0","0","0","0","0","0","0","0","0"
"0x7b3fff76fb00","      ISETP.GE.OR P4, PT, R25, UR7, P1","0","0","0","10752","344064","344064","32","32","0","0","-","-","-","0","0","0","0","0","0","0","0","0","-","0","0","0","0","0","0","0","0","0","0","0","0","0","0","0","0","0","0","0","0","0","0","0","0","0","0","0","0","0","0","0","0","0","0","0","0","0","0","0","0"
"0x7b3fff76fb10","      ISETP.NE.AND P1, PT, R14, RZ, PT","0","0","0","10752","344064","344064","32","32","0","0","-","-","-","0","0","0","0","0","0","0","0","0","-","0","0","0","0","0","0","0","0","0","0","0","0","0","0","0","0","0","0","0","0","0","0","0","0","0","0","0","0","0","0","0","0","0","0","0","0","0","0","0","0"
"0x7b3fff76fb20","@!P5  FADD R7, RZ, R59","3","0","3","10752","344064","344064","32","32","0","0","-","-","-","0","0","0","0","0","0","0","0","0","-","0","0","0","0","0","0","0","0","1","0","0","0","0","0","0","0","0","1","0","0","0","0","1","0","0","0","0","0","0","0","0","0","0","0","0","0","0","0","0","0"
"0x7b3fff76fb30","@!P5  FSETP.GEU.AND P6, PT, R59, R0, PT","0","0","0","10752","344064","344064","32","32","0","0","-","-","-","0","0","0","0","0","0","0","0","0","-","0","0","0","0","0","0","0","0","0","0","0","0","0","0","0","0","0","0","0","0","0","0","0","0","0","0","0","0","0","0","0","0","0","0","0","0","0","0","0","0"
"0x7b3fff76fb40","@!P4  FADD R21, RZ, R31","1","0","1","10752","344064","344064","32","32","0","0","-","-","-","0","0","0","0","0","0","0","0","0","-","0","0","0","0","0","0","0","0","0","0","0","0","0","0","0","0","0","1","0","0","0","0","0","0","0","0","0","0","0","0","0","0","0","0","0","0","0","0","0","0"
"0x7b3fff76fb50","@!P5  FSEL R15, R0, R7, !P6","0","0","0","10752","344064","344064","32","32","0","0","-","-","-","0","0","0","0","0","0","0","0","0","-","0","0","0","0","0","0","0","0","0","0","0","0","0","0","0","0","0","0","0","0","0","0","0","0","0","0","0","0","0","0","0","0","0","0","0","0","0","0","0","0"
"0x7b3fff76fb60","@!P3  FADD R7, RZ, R30","0","0","0","10752","344064","344064","32","32","0","0","-","-","-","0","0","0","0","0","0","0","0","0","-","0","0","0","0","0","0","0","0","0","0","0","0","0","0","0","0","0","0","0","0","0","0","0","0","0","0","0","0","0","0","0","0","0","0","0","0","0","0","0","0"
"0x7b3fff76fb70","@!P3  FSETP.GEU.AND P6, PT, R30, R0, PT","0","0","0","10752","344064","344064","32","32","0","0","-","-","-","0","0","0","0","0","0","0","0","0","-","0","0","0","0","0","0","0","0","0","0","0","0","0","0","0","0","0","0","0","0","0","0","0","0","0","0","0","0","0","0","0","0","0","0","0","0","0","0","0","0"
"0x7b3fff76fb80","@!P5  ST.E desc[UR24][R2.64+0x8], R15","2","2","2","10752","344064","344064","32","32","0","0","Global","Store","32","43008","0","0","0","0","129024","172032","43008","0","","0","0","0","0","0","0","0","0","0","0","1","0","0","0","1","0","0","0","0","0","0","0","0","0","0","0","0","1","0","0","0","1","0","0","0","0","0","0","0","0"
"0x7b3fff76fb90","@!P4  FSETP.GEU.AND P5, PT, R31, R0, PT","1","0","1","10752","344064","344064","32","32","0","0","-","-","-","0","0","0","0","0","0","0","0","0","-","0","0","0","0","0","0","0","0","0","0","0","0","0","0","0","0","0","0","1","0","0","0","0","0","0","0","0","0","0","0","0","0","0","0","0","0","0","0","0","0"
"0x7b3fff76fba0","@!P3  FSEL R7, R0, R7, !P6","0","0","0","10752","344064","344064","32","32","0","0","-","-","-","0","0","0","0","0","0","0","0","0","-","0","0","0","0","0","0","0","0","0","0","0","0","0","0","0","0","0","0","0","0","0","0","0","0","0","0","0","0","0","0","0","0","0","0","0","0","0","0","0","0"
"0x7b3fff76fbb0","      ISETP.GE.OR P6, PT, R26, UR7, P0","0","0","0","10752","344064","344064","32","32","0","0","-","-","-","0","0","0","0","0","0","0","0","0","-","0","0","0","0","0","0","0","0","0","0","0","0","0","0","0","0","0","0","0","0","0","0","0","0","0","0","0","0","0","0","0","0","0","0","0","0","0","0","0","0"
"0x7b3fff76fbc0","@!P4  FSEL R21, R0, R21, !P5","0","0","0","10752","344064","344064","32","32","0","0","-","-","-","0","0","0","0","0","0","0","0","0","-","0","0","0","0","0","0","0","0","0","0","0","0","0","0","0","0","0","0","0","0","0","0","0","0","0","0","0","0","0","0","0","0","0","0","0","0","0","0","0","0"
"0x7b3fff76fbd0","@!P3  ST.E desc[UR24][R2.64], R7","1","0","1","10752","344064","344064","32","32","0","0","Global","Store","32","43008","0","0","0","0","129024","172032","43008","0","","0","0","0","0","0","0","0","0","0","0","0","0","0","0","0","0","0","0","1","0","0","0","0","0","0","0","0","0","0","0","0","0","0","0","0","0","0","0","0","0"
"0x7b3fff76fbe0","      ISETP.NE.AND P3, PT, R10, RZ, PT","0","0","0","10752","344064","344064","32","32","0","0","-","-","-","0","0","0","0","0","0","0","0","0","-","0","0","0","0","0","0","0","0","0","0","0","0","0","0","0","0","0","0","0","0","0","0","0","0","0","0","0","0","0","0","0","0","0","0","0","0","0","0","0","0"
"0x7b3fff76fbf0","      ISETP.GE.OR P3, PT, R25, UR7, P3","1","0","1","10752","344064","344064","32","32","0","0","-","-","-","0","0","0","0","0","0","0","0","0","-","0","0","0","0","0","0","0","0","0","0","0","0","0","0","0","0","0","1","0","0","0","0","0","0","0","0","0","0","0","0","0","0","0","0","0","0","0","0","0","0"
"0x7b3fff76fc00","@!P6  FADD R19, RZ, R44","0","0","0","10752","344064","344064","32","32","0","0","-","-","-","0","0","0","0","0","0","0","0","0","-","0","0","0","0","0","0","0","0","0","0","0","0","0","0","0","0","0","0","0","0","0","0","0","0","0","0","0","0","0","0","0","0","0","0","0","0","0","0","0","0"
"0x7b3fff76fc10","@!P6  FSETP.GEU.AND P2, PT, R44, R0, PT","0","0","0","10752","344064","344064","32","32","0","0","-","-","-","0","0","0","0","0","0","0","0","0","-","0","0","0","0","0","0","0","0","0","0","0","0","0","0","0","0","0","0","0","0","0","0","0","0","0","0","0","0","0","0","0","0","0","0","0","0","0","0","0","0"
"0x7b3fff76fc20","@!P6  FSEL R19, R0, R19, !P2","2","0","2","10752","344064","344064","32","32","0","0","-","-","-","0","0","0","0","0","0","0","0","0","-","0","0","0","0","0","0","0","0","1","0","0","0","0","0","0","0","0","1","0","0","0","0","0","0","0","0","0","0","0","0","0","0","0","0","0","0","0","0","0","0"
"0x7b3fff76fc30","      ISETP.NE.AND P2, PT, R6, RZ, PT","0","0","0","10752","344064","344064","32","32","0","0","-","-","-","0","0","0","0","0","0","0","0","0","-","0","0","0","0","0","0","0","0","0","0","0","0","0","0","0","0","0","0","0","0","0","0","0","0","0","0","0","0","0","0","0","0","0","0","0","0","0","0","0","0"
"0x7b3fff76fc40","@!P3  FADD R7, RZ, R63","16","13","16","10752","344064","344064","32","32","0","0","-","-","-","0","0","0","0","0","0","0","0","0","-","0","0","0","0","0","0","0","0","0","0","0","16","0","0","0","0","0","0","0","0","0","0","0","0","0","0","0","0","13","0","0","0","0","0","0","0","0","0","0","0"
"0x7b3fff76fc50","@!P6  ST.E desc[UR24][R2.64+0xc], R19","0","0","0","10752","344064","344064","32","32","0","0","Global","Store","32","43008","0","0","0","0","129024","172032","43008","0","","0","0","0","0","0","0","0","0","0","0","0","0","0","0","0","0","0","0","0","0","0","0","0","0","0","0","0","0","0","0","0","0","0","0","0","0","0","0","0","0"
"0x7b3fff76fc60","      ISETP.GE.OR P2, PT, R25, UR7, P2","0","0","0","10752","344064","344064","32","32","0","0","-","-","-","0","0","0","0","0","0","0","0","0","-","0","0","0","0","0","0","0","0","0","0","0","0","0","0","0","0","0","0","0","0","0","0","0","0","0","0","0","0","0","0","0","0","0","0","0","0","0","0","0","0"
"0x7b3fff76fc70","      LOP3.LUT P6, RZ, R28, 0x10, RZ, 0xc0, !PT","0","0","0","10752","344064","344064","32","32","0","0","-","-","-","0","0","0","0","0","0","0","0","0","-","0","0","0","0","0","0","0","0","0","0","0","0","0","0","0","0","0","0","0","0","0","0","0","0","0","0","0","0","0","0","0","0","0","0","0","0","0","0","0","0"
"0x7b3fff76fc80","@!P2  FADD R23, RZ, R56","4","2","4","10752","344064","344064","32","32","0","0","-","-","-","0","0","0","0","0","0","0","0","0","-","0","0","0","0","0","0","0","0","0","0","0","0","0","0","0","0","0","0","0","0","0","0","4","0","0","0","0","0","0","0","0","0","0","0","0","0","0","0","0","2"
"0x7b3fff76fc90","@!P2  FSETP.GEU.AND P5, PT, R56, R0, PT","0","0","0","10752","344064","344064","32","32","0","0","-","-","-","0","0","0","0","0","0","0","0","0","-","0","0","0","0","0","0","0","0","0","0","0","0","0","0","0","0","0","0","0","0","0","0","0","0","0","0","0","0","0","0","0","0","0","0","0","0","0","0","0","0"
"0x7b3fff76fca0","@!P2  FSEL R23, R0, R23, !P5","3","1","3","10752","344064","344064","32","32","0","0","-","-","-","0","0","0","0","0","0","0","0","0","-","0","0","0","0","0","0","0","0","0","0","0","0","0","0","0","0","0","0","1","0","0","0","2","0","0","0","0","0","0","0","0","0","0","0","0","0","0","0","0","1"
"0x7b3fff76fcb0","@!P3  FSETP.GEU.AND P5, PT, R63, R0, PT","0","0","0","10752","344064","344064","32","32","0","0","-","-","-","0","0","0","0","0","0","0","0","0","-","0","0","0","0","0","0","0","0","0","0","0","0","0","0","0","0","0","0","0","0","0","0","0","0","0","0","0","0","0","0","0","0","0","0","0","0","0","0","0","0"
"0x7b3fff76fcc0","@!P3  FSEL R11, R0, R7, !P5","4","2","4","10752","344064","344064","32","32","0","0","-","-","-","0","0","0","0","0","0","0","0","0","-","0","0","0","0","0","0","0","0","0","0","0","0","0","0","0","0","0","1","1","0","0","0","2","0","0","0","0","0","0","0","0","0","0","0","0","0","0","0","0","2"
"0x7b3fff76fcd0","      ISETP.GE.OR P5, PT, R26, UR7, P6","0","0","0","10752","344064","344064","32","32","0","0","-","-","-","0","0","0","0","0","0","0","0","0","-","0","0","0","0","0","0","0","0","0","0","0","0","0","0","0","0","0","0","0","0","0","0","0","0","0","0","0","0","0","0","0","0","0","0","0","0","0","0","0","0"
"0x7b3fff76fce0","@P5   BRA 0x7b3fff76fd80","10","6","10","10752","344064","8192","32","0","32","0","-","-","-","0","0","0","0","0","0","0","0","0","-","0","0","0","0","0","0","0","0","0","0","0","4","0","0","0","0","0","2","0","0","0","0","4","0","0","0","0","0","4","0","0","0","0","0","0","0","0","0","0","2"
"0x7b3fff76fcf0","      SHF.R.S32.HI R3, RZ, 0x1f, R16","2","0","2","10496","335872","335872","32","32","0","0","-","-","-","0","0","0","0","0","0","0","0","0","-","0","0","0","0","0","0","0","0","0","0","0","0","0","0","0","0","0","0","0","0","0","0","2","0","0","0","0","0","0","0","0","0","0","0","0","0","0","0","0","0"
"0x7b3fff76fd00","      MOV R2, R16","1","0","1","10496","335872","335872","32","32","0","0","-","-","-","0","0","0","0","0","0","0","0","0","-","0","0","0","0","0","0","0","0","1","0","0","0","0","0","0","0","0","0","0","0","0","0","0","0","0","0","0","0","0","0","0","0","0","0","0","0","0","0","0","0"
"0x7b3fff76fd10","      IADD.64 R2, R2, R4","2","0","2","10496","335872","335872","32","32","0","0","-","-","-","0","0","0","0","0","0","0","0","0","-","0","0","0","0","0","0","0","0","0","0","0","0","0","0","0","0","0","1","1","0","0","0","0","0","0","0","0","0","0","0","0","0","0","0","0","0","0","0","0","0"
"0x7b3fff76fd20","      LEA R6, P5, R2, UR28, 0x2","0","0","0","10496","335872","335872","32","32","0","0","-","-","-","0","0","0","0","0","0","0","0","0","-","0","0","0","0","0","0","0","0","0","0","0","0","0","0","0","0","0","0","0","0","0","0","0","0","0","0","0","0","0","0","0","0","0","0","0","0","0","0","0","0"
"0x7b3fff76fd30","      LEA.HI.X R7, R2, UR29, R3, 0x2, P5","2","0","2","10496","335872","335872","32","32","0","0","-","-","-","0","0","0","0","0","0","0","0","0","-","0","0","0","0","0","0","0","0","0","0","0","0","0","0","0","0","0","0","1","0","0","0","1","0","0","0","0","0","0","0","0","0","0","0","0","0","0","0","0","0"
"0x7b3fff76fd40","      FADD R3, RZ, R50","0","0","0","10496","335872","335872","32","32","0","0","-","-","-","0","0","0","0","0","0","0","0","0","-","0","0","0","0","0","0","0","0","0","0","0","0","0","0","0","0","0","0","0","0","0","0","0","0","0","0","0","0","0","0","0","0","0","0","0","0","0","0","0","0"
"0x7b3fff76fd50","      FSETP.GEU.AND P5, PT, R50, R0, PT","0","0","0","10496","335872","335872","32","32","0","0","-","-","-","0","0","0","0","0","0","0","0","0","-","0","0","0","0","0","0","0","0","0","0","0","0","0","0","0","0","0","0","0","0","0","0","0","0","0","0","0","0","0","0","0","0","0","0","0","0","0","0","0","0"
"0x7b3fff76fd60","      FSEL R3, R0, R3, !P5","0","0","0","10496","335872","335872","32","32","0","0","-","-","-","0","0","0","0","0","0","0","0","0","-","0","0","0","0","0","0","0","0","0","0","0","0","0","0","0","0","0","0","0","0","0","0","0","0","0","0","0","0","0","0","0","0","0","0","0","0","0","0","0","0"
"0x7b3fff76fd70","      ST.E desc[UR24][R6.64], R3","10","4","10","10496","335872","335872","32","32","0","0","Global","Store","32","41984","0","0","0","0","125952","167936","41984","0","","0","0","0","0","0","0","0","0","0","0","0","0","0","0","4","0","0","5","0","0","0","0","1","0","0","0","0","0","0","0","0","3","0","0","0","0","0","0","0","1"
"0x7b3fff76fd80","      BSYNC.RECONVERGENT B0","1","0","1","10752","344064","344064","32","32","0","0","-","-","-","0","0","0","0","0","0","0","0","0","-","0","0","0","0","0","0","0","0","0","0","0","0","0","0","0","0","0","0","1","0","0","0","0","0","0","0","0","0","0","0","0","0","0","0","0","0","0","0","0","0"
"0x7b3fff76fd90","      LOP3.LUT P5, RZ, R28, 0x2, RZ, 0xc0, !PT","0","0","0","10752","344064","344064","32","32","0","0","-","-","-","0","0","0","0","0","0","0","0","0","-","0","0","0","0","0","0","0","0","0","0","0","0","0","0","0","0","0","0","0","0","0","0","0","0","0","0","0","0","0","0","0","0","0","0","0","0","0","0","0","0"
"0x7b3fff76fda0","      BSSY.RECONVERGENT B0, 0x7b3fff76fe60","0","0","0","10752","344064","344064","32","32","0","0","-","-","-","0","0","0","0","0","0","0","0","0","-","0","0","0","0","0","0","0","0","0","0","0","0","0","0","0","0","0","0","0","0","0","0","0","0","0","0","0","0","0","0","0","0","0","0","0","0","0","0","0","0"
"0x7b3fff76fdb0","      ISETP.GE.OR P5, PT, R26, UR7, P5","0","0","0","10752","344064","344064","32","32","0","0","-","-","-","0","0","0","0","0","0","0","0","0","-","0","0","0","0","0","0","0","0","0","0","0","0","0","0","0","0","0","0","0","0","0","0","0","0","0","0","0","0","0","0","0","0","0","0","0","0","0","0","0","0"
"0x7b3fff76fdc0","@P5   BRA 0x7b3fff76fe50","3","1","3","10752","344064","8192","32","0","32","0","-","-","-","0","0","0","0","0","0","0","0","0","-","0","0","0","0","0","0","0","0","0","0","0","0","0","0","0","0","0","0","1","0","0","0","2","0","0","0","0","0","0","0","0","0","0","0","0","0","0","0","0","1"
"0x7b3fff76fdd0","      SHF.R.S32.HI R35, RZ, 0x1f, R34","0","0","0","10496","335872","335872","32","32","0","0","-","-","-","0","0","0","0","0","0","0","0","0","-","0","0","0","0","0","0","0","0","0","0","0","0","0","0","0","0","0","0","0","0","0","0","0","0","0","0","0","0","0","0","0","0","0","0","0","0","0","0","0","0"
"0x7b3fff76fde0","      IADD.64 R6, R34, R4","9","5","9","10496","335872","335872","32","32","0","0","-","-","-","0","0","0","0","0","0","0","0","0","-","0","0","0","0","0","0","0","0","0","0","0","5","1","0","0","0","0","3","0","0","0","0","0","0","0","0","0","0","5","0","0","0","0","0","0","0","0","0","0","0"
"0x7b3fff76fdf0","      LEA R2, P5, R6, UR28, 0x2","3","0","3","10496","335872","335872","32","32","0","0","-","-","-","0","0","0","0","0","0","0","0","0","-","0","0","0","0","0","0","0","0","0","0","0","0","0","0","0","0","0","0","2","0","0","0","1","0","0","0","0","0","0","0","0","0","0","0","0","0","0","0","0","0"
"0x7b3fff76fe00","      LEA.HI.X R3, R6, UR29, R7, 0x2, P5","2","1","2","10496","335872","335872","32","32","0","0","-","-","-","0","0","0","0","0","0","0","0","0","-","0","0","0","0","0","0","0","0","0","0","0","0","0","0","0","0","0","1","0","0","0","0","1","0","0","0","0","0","0","0","0","0","0","0","0","0","0","0","0","1"
"0x7b3fff76fe10","      FADD R7, RZ, R38","0","0","0","10496","335872","335872","32","32","0","0","-","-","-","0","0","0","0","0","0","0","0","0","-","0","0","0","0","0","0","0","0","0","0","0","0","0","0","0","0","0","0","0","0","0","0","0","0","0","0","0","0","0","0","0","0","0","0","0","0","0","0","0","0"
"0x7b3fff76fe20","      FSETP.GEU.AND P5, PT, R38, R0, PT","0","0","0","10496","335872","335872","32","32","0","0","-","-","-","0","0","0","0","0","0","0","0","0","-","0","0","0","0","0","0","0","0","0","0","0","0","0","0","0","0","0","0","0","0","0","0","0","0","0","0","0","0","0","0","0","0","0","0","0","0","0","0","0","0"
"0x7b3fff76fe30","      FSEL R7, R0, R7, !P5","3","0","3","10496","335872","335872","32","32","0","0","-","-","-","0","0","0","0","0","0","0","0","0","-","0","0","0","0","0","0","0","0","0","0","0","0","0","0","0","0","0","3","0","0","0","0","0","0","0","0","0","0","0","0","0","0","0","0","0","0","0","0","0","0"
"0x7b3fff76fe40","      ST.E desc[UR24][R2.64], R7","10","7","10","10496","335872","335872","32","32","0","0","Global","Store","32","41984","0","0","0","0","125952","167936","41984","0","","0","0","0","0","0","0","0","0","1","0","0","0","0","0","8","0","0","1","0","0","0","0","0","0","0","0","0","0","0","0","0","7","0","0","0","0","0","0","0","0"
"0x7b3fff76fe50","      BSYNC.RECONVERGENT B0","1","0","1","10752","344064","344064","32","32","0","0","-","-","-","0","0","0","0","0","0","0","0","0","-","0","0","0","0","0","0","0","0","1","0","0","0","0","0","0","0","0","0","0","0","0","0","0","0","0","0","0","0","0","0","0","0","0","0","0","0","0","0","0","0"
"0x7b3fff76fe60","      ISETP.GE.OR P5, PT, R26, UR7, P1","4","4","4","10752","344064","344064","32","32","0","0","-","-","-","0","0","0","0","0","0","0","0","0","-","0","0","0","0","0","0","0","2","0","0","0","0","0","0","0","0","0","0","0","0","0","0","2","0","2","0","0","0","0","0","0","0","0","0","0","0","0","0","0","2"
"0x7b3fff76fe70","      BSSY.RECONVERGENT B0, 0x7b3fff76ff30","0","0","0","10752","344064","344064","32","32","0","0","-","-","-","0","0","0","0","0","0","0","0","0","-","0","0","0","0","0","0","0","0","0","0","0","0","0","0","0","0","0","0","0","0","0","0","0","0","0","0","0","0","0","0","0","0","0","0","0","0","0","0","0","0"
"0x7b3fff76fe80","@P5   BRA 0x7b3fff76ff20","3","2","3","10752","344064","8192","32","0","32","0","-","-","-","0","0","0","0","0","0","0","0","0","-","0","0","0","0","0","0","0","0","0","0","0","0","0","0","0","0","0","0","0","0","0","0","3","0","0","0","0","0","0","0","0","0","0","0","0","0","0","0","0","2"
"0x7b3fff76fe90","      SHF.R.S32.HI R3, RZ, 0x1f, R33","13","8","13","10496","335872","335872","32","32","0","0","-","-","-","0","0","0","0","0","0","0","0","0","-","0","0","0","0","0","0","0","0","0","0","0","10","0","0","0","0","0","1","0","0","0","0","2","0","0","0","0","0","8","0","0","0","0","0","0","0","0","0","0","0"
"0x7b3fff76fea0","      MOV R2, R33","0","0","0","10496","335872","335872","32","32","0","0","-","-","-","0","0","0","0","0","0","0","0","0","-","0","0","0","0","0","0","0","0","0","0","0","0","0","0","0","0","0","0","0","0","0","0","0","0","0","0","0","0","0","0","0","0","0","0","0","0","0","0","0","0"
"0x7b3fff76feb0","      IADD.64 R6, R2, R4","3","0","3","10496","335872","335872","32","32","0","0","-","-","-","0","0","0","0","0","0","0","0","0","-","0","0","0","0","0","0","0","0","0","0","0","0","1","0","0","0","0","2","0","0","0","0","0","0","0","0","0","0","0","0","0","0","0","0","0","0","0","0","0","0"
"0x7b3fff76fec0","      LEA R2, P5, R6, UR28, 0x2","4","2","4","10496","335872","335872","32","32","0","0","-","-","-","0","0","0","0","0","0","0","0","0","-","0","0","0","0","0","0","0","0","0","0","0","0","0","0","0","0","0","2","0","0","0","0","2","0","0","0","0","0","0","0","0","0","0","0","0","0","0","0","0","2"
"0x7b3fff76fed0","      LEA.HI.X R3, R6, UR29, R7, 0x2, P5","2","1","2","10496","335872","335872","32","32","0","0","-","-","-","0","0","0","0","0","0","0","0","0","-","0","0","0","0","0","0","0","0","0","0","0","0","0","0","0","0","0","1","0","0","0","0","1","0","0","0","0","0","0","0","0","0","0","0","0","0","0","0","0","1"
"0x7b3fff76fee0","      FADD R7, RZ, R40","0","0","0","10496","335872","335872","32","32","0","0","-","-","-","0","0","0","0","0","0","0","0","0","-","0","0","0","0","0","0","0","0","0","0","0","0","0","0","0","0","0","0","0","0","0","0","0","0","0","0","0","0","0","0","0","0","0","0","0","0","0","0","0","0"
"0x7b3fff76fef0","      FSETP.GEU.AND P5, PT, R40, R0, PT","0","0","0","10496","335872","335872","32","32","0","0","-","-","-","0","0","0","0","0","0","0","0","0","-","0","0","0","0","0","0","0","0","0","0","0","0","0","0","0","0","0","0","0","0","0","0","0","0","0","0","0","0","0","0","0","0","0","0","0","0","0","0","0","0"
"0x7b3fff76ff00","      FSEL R7, R0, R7, !P5","1","0","1","10496","335872","335872","32","32","0","0","-","-","-","0","0","0","0","0","0","0","0","0","-","0","0","0","0","0","0","0","0","0","0","0","0","0","0","0","0","0","1","0","0","0","0","0","0","0","0","0","0","0","0","0","0","0","0","0","0","0","0","0","0"
"0x7b3fff76ff10","      ST.E desc[UR24][R2.64], R7","7","6","7","10496","335872","335872","32","32","0","0","Global","Store","32","41984","0","0","0","0","125952","167936","41984","0","","0","0","0","0","0","0","0","0","0","0","3","0","0","0","3","0","0","1","0","0","0","0","0","0","0","0","0","3","0","0","0","3","0","0","0","0","0","0","0","0"
"0x7b3fff76ff20","      BSYNC.RECONVERGENT B0","1","0","1","10752","344064","344064","32","32","0","0","-","-","-","0","0","0","0","0","0","0","0","0","-","0","0","0","0","0","0","0","0","0","0","0","0","0","0","0","0","0","1","0","0","0","0","0","0","0","0","0","0","0","0","0","0","0","0","0","0","0","0","0","0"
"0x7b3fff76ff30","      LOP3.LUT P6, RZ, R28, 0x20, RZ, 0xc0, !PT","4","2","4","10752","344064","344064","32","32","0","0","-","-","-","0","0","0","0","0","0","0","0","0","-","0","0","0","0","0","0","0","1","1","0","0","0","0","0","0","0","0","1","0","0","0","0","1","0","1","0","0","0","0","0","0","0","0","0","0","0","0","0","0","1"
"0x7b3fff76ff40","      BSSY.RECONVERGENT B0, 0x7b3fff770010","0","0","0","10752","344064","344064","32","32","0","0","-","-","-","0","0","0","0","0","0","0","0","0","-","0","0","0","0","0","0","0","0","0","0","0","0","0","0","0","0","0","0","0","0","0","0","0","0","0","0","0","0","0","0","0","0","0","0","0","0","0","0","0","0"
"0x7b3fff76ff50","      ISETP.GE.OR P5, PT, R26, UR7, P6","2","1","2","10752","344064","344064","32","32","0","0","-","-","-","0","0","0","0","0","0","0","0","0","-","0","0","0","0","0","0","0","0","0","0","0","0","0","0","0","0","0","1","0","0","0","0","1","0","0","0","0","0","0","0","0","0","0","0","0","0","0","0","0","1"
"0x7b3fff76ff60","@P5   BRA 0x7b3fff770000","9","6","9","10752","344064","8192","32","0","32","0","-","-","-","0","0","0","0","0","0","0","0","0","-","0","0","0","0","0","0","0","0","0","0","0","0","0","0","0","0","0","0","1","0","0","0","8","0","0","0","0","0","0","0","0","0","0","0","0","0","0","0","0","6"
"0x7b3fff76ff70","      SHF.R.S32.HI R3, RZ, 0x1f, R32","8","3","8","10496","335872","335872","32","32","0","0","-","-","-","0","0","0","0","0","0","0","0","0","-","0","0","0","0","0","0","0","0","0","0","0","7","0","0","0","0","0","0","0","0","0","0","1","0","0","0","0","0","3","0","0","0","0","0","0","0","0","0","0","0"
"0x7b3fff76ff80","      MOV R2, R32","0","0","0","10496","335872","335872","32","32","0","0","-","-","-","0","0","0","0","0","0","0","0","0","-","0","0","0","0","0","0","0","0","0","0","0","0","0","0","0","0","0","0","0","0","0","0","0","0","0","0","0","0","0","0","0","0","0","0","0","0","0","0","0","0"
"0x7b3fff76ff90","      IADD.64 R4, R2, R4","1","0","1","10496","335872","335872","32","32","0","0","-","-","-","0","0","0","0","0","0","0","0","0","-","0","0","0","0","0","0","0","0","0","0","0","0","0","0","0","0","0","1","0","0","0","0","0","0","0","0","0","0","0","0","0","0","0","0","0","0","0","0","0","0"
"0x7b3fff76ffa0","      LEA R2, P5, R4, UR28, 0x2","2","1","2","10496","335872","335872","32","32","0","0","-","-","-","0","0","0","0","0","0","0","0","0","-","0","0","0","0","0","0","0","0","0","0","0","0","0","0","0","0","0","1","0","0","0","0","1","0","0","0","0","0","0","0","0","0","0","0","0","0","0","0","0","1"
"0x7b3fff76ffb0","      LEA.HI.X R3, R4, UR29, R5, 0x2, P5","3","2","3","10496","335872","335872","32","32","0","0","-","-","-","0","0","0","0","0","0","0","0","0","-","0","0","0","0","0","0","0","0","0","0","0","0","0","0","0","0","0","0","0","0","0","0","3","0","0","0","0","0","0","0","0","0","0","0","0","0","0","0","0","2"
"0x7b3fff76ffc0","      FADD R5, RZ, R68","0","0","0","10496","335872","335872","32","32","0","0","-","-","-","0","0","0","0","0","0","0","0","0","-","0","0","0","0","0","0","0","0","0","0","0","0","0","0","0","0","0","0","0","0","0","0","0","0","0","0","0","0","0","0","0","0","0","0","0","0","0","0","0","0"
"0x7b3fff76ffd0","      FSETP.GEU.AND P5, PT, R68, R0, PT","0","0","0","10496","335872","335872","32","32","0","0","-","-","-","0","0","0","0","0","0","0","0","0","-","0","0","0","0","0","0","0","0","0","0","0","0","0","0","0","0","0","0","0","0","0","0","0","0","0","0","0","0","0","0","0","0","0","0","0","0","0","0","0","0"
"0x7b3fff76ffe0","      FSEL R5, R0, R5, !P5","3","1","3","10496","335872","335872","32","32","0","0","-","-","-","0","0","0","0","0","0","0","0","0","-","0","0","0","0","0","0","0","0","0","0","0","0","0","0","0","0","0","0","1","0","0","0","2","0","0","0","0","0","0","0","0","0","0","0","0","0","0","0","0","1"
"0x7b3fff76fff0","      ST.E desc[UR24][R2.64], R5","2","2","2","10496","335872","335872","32","32","0","0","Global","Store","32","41984","0","0","0","0","125952","167936","41984","0","","0","0","0","0","0","0","0","0","0","0","1","0","0","0","1","0","0","0","0","0","0","0","0","0","0","0","0","1","0","0","0","1","0","0","0","0","0","0","0","0"
"0x7b3fff770000","      BSYNC.RECONVERGENT B0","5","2","5","10752","344064","344064","32","32","0","0","-","-","-","0","0","0","0","0","0","0","0","0","-","0","0","0","0","0","0","0","0","0","0","0","0","0","0","0","0","0","1","0","0","0","0","4","0","0","0","0","0","0","0","0","0","0","0","0","0","0","0","0","2"
"0x7b3fff770010","      ISETP.GE.OR P0, PT, R25, UR7, P0","4","2","4","10752","344064","344064","32","32","0","0","-","-","-","0","0","0","0","0","0","0","0","0","-","0","0","0","0","0","0","0","3","0","0","0","0","0","0","0","0","0","1","0","0","0","0","0","0","2","0","0","0","0","0","0","0","0","0","0","0","0","0","0","0"
"0x7b3fff770020","@!P4  ST.E desc[UR24][R12.64], R21","6","6","6","10752","344064","344064","32","32","0","0","Global","Store","32","43008","0","0","0","0","129024","172032","43008","0","","0","0","0","0","0","0","0","0","0","0","0","0","0","0","6","0","0","0","0","0","0","0","0","0","0","0","0","0","0","0","0","6","0","0","0","0","0","0","0","0"
"0x7b3fff770030","      LOP3.LUT P5, RZ, R28, 0x2, RZ, 0xc0, !PT","0","0","0","10752","344064","344064","32","32","0","0","-","-","-","0","0","0","0","0","0","0","0","0","-","0","0","0","0","0","0","0","0","0","0","0","0","0","0","0","0","0","0","0","0","0","0","0","0","0","0","0","0","0","0","0","0","0","0","0","0","0","0","0","0"
"0x7b3fff770040","      BSSY.RECONVERGENT B0, 0x7b3fff7701a0","1","0","1","10752","344064","344064","32","32","0","0","-","-","-","0","0","0","0","0","0","0","0","0","-","0","0","0","0","0","0","0","0","0","0","0","0","0","0","0","0","0","0","1","0","0","0","0","0","0","0","0","0","0","0","0","0","0","0","0","0","0","0","0","0"
"0x7b3fff770050","      ISETP.GE.OR P1, PT, R25, UR7, P1","0","0","0","10752","344064","344064","32","32","0","0","-","-","-","0","0","0","0","0","0","0","0","0","-","0","0","0","0","0","0","0","0","0","0","0","0","0","0","0","0","0","0","0","0","0","0","0","0","0","0","0","0","0","0","0","0","0","0","0","0","0","0","0","0"
"0x7b3fff770060","@!P2  ST.E desc[UR24][R12.64+0x4], R23","5","4","5","10752","344064","344064","32","32","0","0","Global","Store","32","43008","0","0","0","0","129024","172032","43008","0","","0","0","0","0","0","0","0","0","0","0","0","0","0","0","5","0","0","0","0","0","0","0","0","0","0","0","0","0","0","0","0","4","0","0","0","0","0","0","0","0"
"0x7b3fff770070","      ISETP.GE.OR P6, PT, R25, UR7, P6","1","0","1","10752","344064","344064","32","32","0","0","-","-","-","0","0","0","0","0","0","0","0","0","-","0","0","0","0","0","0","0","0","0","0","0","0","0","0","0","0","0","0","1","0","0","0","0","0","0","0","0","0","0","0","0","0","0","0","0","0","0","0","0","0"
"0x7b3fff770080","      ISETP.GE.OR P5, PT, R25, UR7, P5","0","0","0","10752","344064","344064","32","32","0","0","-","-","-","0","0","0","0","0","0","0","0","0","-","0","0","0","0","0","0","0","0","0","0","0","0","0","0","0","0","0","0","0","0","0","0","0","0","0","0","0","0","0","0","0","0","0","0","0","0","0","0","0","0"
"0x7b3fff770090","@!P3  ST.E desc[UR24][R12.64+0x8], R11","2","1","2","10752","344064","344064","32","32","0","0","Global","Store","32","43008","0","0","0","0","129024","172032","43008","0","","0","0","0","0","0","0","0","0","0","0","1","0","0","0","1","0","0","0","0","0","0","0","0","0","0","0","0","1","0","0","0","0","0","0","0","0","0","0","0","0"
"0x7b3fff7700a0","@!P0  FADD R3, RZ, R47","4","3","4","10752","344064","344064","32","32","0","0","-","-","-","0","0","0","0","0","0","0","0","0","-","0","0","0","0","0","0","0","0","0","0","0","2","0","0","0","0","0","0","0","0","0","0","2","0","0","0","0","0","1","0","0","0","0","0","0","0","0","0","0","2"
"0x7b3fff7700b0","@!P0  FSETP.GEU.AND P4, PT, R47, R0, PT","1","0","1","10752","344064","344064","32","32","0","0","-","-","-","0","0","0","0","0","0","0","0","0","-","0","0","0","0","0","0","0","0","0","0","0","0","0","0","0","0","0","0","1","0","0","0","0","0","0","0","0","0","0","0","0","0","0","0","0","0","0","0","0","0"
"0x7b3fff7700c0","@!P0  FSEL R3, R0, R3, !P4","4","3","4","10752","344064","344064","32","32","0","0","-","-","-","0","0","0","0","0","0","0","0","0","-","0","0","0","0","0","0","0","0","0","0","0","0","0","0","0","0","0","0","0","0","0","0","4","0","0","0","0","0","0","0","0","0","0","0","0","0","0","0","0","3"
"0x7b3fff7700d0","      LOP3.LUT P4, RZ, R28, 0x10, RZ, 0xc0, !PT","0","0","0","10752","344064","344064","32","32","0","0","-","-","-","0","0","0","0","0","0","0","0","0","-","0","0","0","0","0","0","0","0","0","0","0","0","0","0","0","0","0","0","0","0","0","0","0","0","0","0","0","0","0","0","0","0","0","0","0","0","0","0","0","0"
"0x7b3fff7700e0","@!P0  ST.E desc[UR24][R12.64+0xc], R3","9","7","9","10752","344064","344064","32","32","0","0","Global","Store","32","43008","0","0","0","0","129024","172032","43008","0","","0","0","0","0","0","0","0","0","1","0","1","0","0","0","4","0","0","0","0","0","0","0","3","0","0","0","0","1","0","0","0","3","0","0","0","0","0","0","0","3"
"0x7b3fff7700f0","      ISETP.GE.OR P4, PT, R25, UR7, P4","0","0","0","10752","344064","344064","32","32","0","0","-","-","-","0","0","0","0","0","0","0","0","0","-","0","0","0","0","0","0","0","0","0","0","0","0","0","0","0","0","0","0","0","0","0","0","0","0","0","0","0","0","0","0","0","0","0","0","0","0","0","0","0","0"
"0x7b3fff770100","@P4   BRA 0x7b3fff770190","24","18","24","10752","344064","8192","32","0","32","0","-","-","-","0","0","0","0","0","0","0","0","0","-","0","0","0","0","0","0","0","0","0","0","0","19","0","0","0","0","0","2","0","0","0","0","3","0","0","0","0","0","15","0","0","0","0","0","0","0","0","0","0","3"
"0x7b3fff770110","      SHF.R.S32.HI R17, RZ, 0x1f, R16","3","1","3","10496","335872","335872","32","32","0","0","-","-","-","0","0","0","0","0","0","0","0","0","-","0","0","0","0","0","0","0","0","0","0","0","0","0","0","0","0","0","1","0","0","0","0","2","0","0","0","0","0","0","0","0","0","0","0","0","0","0","0","0","1"
"0x7b3fff770120","      FADD R7, RZ, R60","0","0","0","10496","335872","335872","32","32","0","0","-","-","-","0","0","0","0","0","0","0","0","0","-","0","0","0","0","0","0","0","0","0","0","0","0","0","0","0","0","0","0","0","0","0","0","0","0","0","0","0","0","0","0","0","0","0","0","0","0","0","0","0","0"
"0x7b3fff770130","      FSETP.GEU.AND P0, PT, R60, R0, PT","0","0","0","10496","335872","335872","32","32","0","0","-","-","-","0","0","0","0","0","0","0","0","0","-","0","0","0","0","0","0","0","0","0","0","0","0","0","0","0","0","0","0","0","0","0","0","0","0","0","0","0","0","0","0","0","0","0","0","0","0","0","0","0","0"
"0x7b3fff770140","      IADD.64 R2, R16, R8","1","0","1","10496","335872","335872","32","32","0","0","-","-","-","0","0","0","0","0","0","0","0","0","-","0","0","0","0","0","0","0","0","0","0","0","0","0","0","0","0","0","0","0","0","0","0","1","0","0","0","0","0","0","0","0","0","0","0","0","0","0","0","0","0"
"0x7b3fff770150","      FSEL R7, R0, R7, !P0","0","0","0","10496","335872","335872","32","32","0","0","-","-","-","0","0","0","0","0","0","0","0","0","-","0","0","0","0","0","0","0","0","0","0","0","0","0","0","0","0","0","0","0","0","0","0","0","0","0","0","0","0","0","0","0","0","0","0","0","0","0","0","0","0"
"0x7b3fff770160","      LEA R4, P2, R2, UR28, 0x2","2","0","2","10496","335872","335872","32","32","0","0","-","-","-","0","0","0","0","0","0","0","0","0","-","0","0","0","0","0","0","0","0","0","0","0","0","1","0","0","0","0","1","0","0","0","0","0","0","0","0","0","0","0","0","0","0","0","0","0","0","0","0","0","0"
"0x7b3fff770170","      LEA.HI.X R5, R2, UR29, R3, 0x2, P2","1","0","1","10496","335872","335872","32","32","0","0","-","-","-","0","0","0","0","0","0","0","0","0","-","0","0","0","0","0","0","0","0","0","0","0","0","0","0","0","0","0","1","0","0","0","0","0","0","0","0","0","0","0","0","0","0","0","0","0","0","0","0","0","0"
"0x7b3fff770180","      ST.E desc[UR24][R4.64], R7","4","1","4","10496","335872","335872","32","32","0","0","Global","Store","32","41984","0","0","0","0","125952","167936","41984","0","","0","0","0","0","0","0","0","0","0","0","0","0","0","0","3","0","0","1","0","0","0","0","0","0","0","0","0","0","0","0","0","1","0","0","0","0","0","0","0","0"
"0x7b3fff770190","      BSYNC.RECONVERGENT B0","2","0","2","10752","344064","344064","32","32","0","0","-","-","-","0","0","0","0","0","0","0","0","0","-","0","0","0","0","0","0","0","0","0","0","0","0","0","0","0","0","0","2","0","0","0","0","0","0","0","0","0","0","0","0","0","0","0","0","0","0","0","0","0","0"
"0x7b3fff7701a0","      BSSY.RECONVERGENT B0, 0x7b3fff770250","3","1","3","10752","344064","344064","32","32","0","0","-","-","-","0","0","0","0","0","0","0","0","0","-","0","0","0","0","0","0","0","1","0","0","0","0","0","0","0","0","0","1","1","0","0","0","0","0","1","0","0","0","0","0","0","0","0","0","0","0","0","0","0","0"
"0x7b3fff7701b0","@P5   BRA 0x7b3fff770240","2","0","2","10752","344064","8192","32","0","32","0","-","-","-","0","0","0","0","0","0","0","0","0","-","0","0","0","0","0","0","0","0","0","0","0","0","0","0","0","0","0","2","0","0","0","0","0","0","0","0","0","0","0","0","0","0","0","0","0","0","0","0","0","0"
"0x7b3fff7701c0","      SHF.R.S32.HI R35, RZ, 0x1f, R34","5","3","5","10496","335872","335872","32","32","0","0","-","-","-","0","0","0","0","0","0","0","0","0","-","0","0","0","0","0","0","0","0","0","0","0","0","0","0","0","0","0","1","1","0","0","0","3","0","0","0","0","0","0","0","0","0","0","0","0","0","0","0","0","3"
"0x7b3fff7701d0","      FADD R7, RZ, R42","24","19","24","10496","335872","335872","32","32","0","0","-","-","-","0","0","0","0","0","0","0","0","0","-","0","0","0","0","0","0","0","0","0","0","0","23","0","0","0","0","0","1","0","0","0","0","0","0","0","0","0","0","19","0","0","0","0","0","0","0","0","0","0","0"
"0x7b3fff7701e0","      FSETP.GEU.AND P0, PT, R42, R0, PT","1","0","1","10496","335872","335872","32","32","0","0","-","-","-","0","0","0","0","0","0","0","0","0","-","0","0","0","0","0","0","0","0","0","0","0","0","0","0","0","0","0","0","1","0","0","0","0","0","0","0","0","0","0","0","0","0","0","0","0","0","0","0","0","0"
"0x7b3fff7701f0","      IADD.64 R2, R34, R8","2","1","2","10496","335872","335872","32","32","0","0","-","-","-","0","0","0","0","0","0","0","0","0","-","0","0","0","0","0","0","0","0","1","0","0","0","0","0","0","0","0","1","0","0","0","0","0","0","0","1","0","0","0","0","0","0","0","0","0","0","0","0","0","0"
"0x7b3fff770200","      FSEL R7, R0, R7, !P0","3","2","3","10496","335872","335872","32","32","0","0","-","-","-","0","0","0","0","0","0","0","0","0","-","0","0","0","0","0","0","0","0","1","0","0","0","0","0","0","0","0","0","1","0","0","0","1","0","0","1","0","0","0","0","0","0","0","0","0","0","0","0","0","1"
"0x7b3fff770210","      LEA R4, P2, R2, UR28, 0x2","3","2","3","10496","335872","335872","32","32","0","0","-","-","-","0","0","0","0","0","0","0","0","0","-","0","0","0","0","0","0","0","0","0","0","0","0","0","0","0","0","0","0","1","0","0","0","2","0","0","0","0","0","0","0","0","0","0","0","0","0","0","0","0","2"
"0x7b3fff770220","      LEA.HI.X R5, R2, UR29, R3, 0x2, P2","1","0","1","10496","335872","335872","32","32","0","0","-","-","-","0","0","0","0","0","0","0","0","0","-","0","0","0","0","0","0","0","0","0","0","0","0","0","0","0","0","0","1","0","0","0","0","0","0","0","0","0","0","0","0","0","0","0","0","0","0","0","0","0","0"
"0x7b3fff770230","      ST.E desc[UR24][R4.64], R7","5","3","5","10496","335872","335872","32","32","0","0","Global","Store","32","41984","0","0","0","0","125952","167936","41984","0","","0","0","0","0","0","0","0","0","0","0","0","0","0","0","2","0","0","0","1","0","0","0","2","0","0","0","0","0","0","0","0","1","0","0","0","0","0","0","0","2"
"0x7b3fff770240","      BSYNC.RECONVERGENT B0","1","1","1","10752","344064","344064","32","32","0","0","-","-","-","0","0","0","0","0","0","0","0","0","-","0","0","0","0","0","0","0","0","0","0","0","0","0","0","0","0","0","0","0","0","0","0","1","0","0","0","0","0","0","0","0","0","0","0","0","0","0","0","0","1"
"0x7b3fff770250","      BSSY.RECONVERGENT B0, 0x7b3fff770310","5","5","5","10752","344064","344064","32","32","0","0","-","-","-","0","0","0","0","0","0","0","0","0","-","0","0","0","0","0","0","0","3","0","0","0","0","0","0","0","0","0","0","0","0","0","0","2","0","3","0","0","0","0","0","0","0","0","0","0","0","0","0","0","2"
"0x7b3fff770260","@P1   BRA 0x7b3fff770300","2","1","2","10752","344064","8192","32","0","32","0","-","-","-","0","0","0","0","0","0","0","0","0","-","0","0","0","0","0","0","0","0","0","0","0","0","0","0","0","0","0","0","0","0","0","0","2","0","0","0","0","0","0","0","0","0","0","0","0","0","0","0","0","1"
"0x7b3fff770270","      SHF.R.S32.HI R3, RZ, 0x1f, R33","3","2","3","10496","335872","335872","32","32","0","0","-","-","-","0","0","0","0","0","0","0","0","0","-","0","0","0","0","0","0","0","0","0","0","0","0","0","0","0","0","0","0","0","0","0","0","3","0","0","0","0","0","0","0","0","0","0","0","0","0","0","0","0","2"
"0x7b3fff770280","      FADD R7, RZ, R62","18","12","18","10496","335872","335872","32","32","0","0","-","-","-","0","0","0","0","0","0","0","0","0","-","0","0","0","0","0","0","0","0","0","0","0","16","0","0","0","0","0","2","0","0","0","0","0","0","0","0","0","0","12","0","0","0","0","0","0","0","0","0","0","0"
"0x7b3fff770290","      MOV R2, R33","1","0","1","10496","335872","335872","32","32","0","0","-","-","-","0","0","0","0","0","0","0","0","0","-","0","0","0","0","0","0","0","0","0","0","0","0","0","0","0","0","0","0","1","0","0","0","0","0","0","0","0","0","0","0","0","0","0","0","0","0","0","0","0","0"
"0x7b3fff7702a0","      FSETP.GEU.AND P0, PT, R62, R0, PT","0","0","0","10496","335872","335872","32","32","0","0","-","-","-","0","0","0","0","0","0","0","0","0","-","0","0","0","0","0","0","0","0","0","0","0","0","0","0","0","0","0","0","0","0","0","0","0","0","0","0","0","0","0","0","0","0","0","0","0","0","0","0","0","0"
"0x7b3fff7702b0","      IADD.64 R2, R2, R8","4","1","4","10496","335872","335872","32","32","0","0","-","-","-","0","0","0","0","0","0","0","0","0","-","0","0","0","0","0","0","0","0","0","0","0","0","2","0","0","0","0","1","0","0","0","0","1","0","0","0","0","0","0","0","0","0","0","0","0","0","0","0","0","1"
"0x7b3fff7702c0","      FSEL R7, R0, R7, !P0","0","0","0","10496","335872","335872","32","32","0","0","-","-","-","0","0","0","0","0","0","0","0","0","-","0","0","0","0","0","0","0","0","0","0","0","0","0","0","0","0","0","0","0","0","0","0","0","0","0","0","0","0","0","0","0","0","0","0","0","0","0","0","0","0"
"0x7b3fff7702d0","      LEA R4, P1, R2, UR28, 0x2","1","0","1","10496","335872","335872","32","32","0","0","-","-","-","0","0","0","0","0","0","0","0","0","-","0","0","0","0","0","0","0","0","0","0","0","0","0","0","0","0","0","1","0","0","0","0","0","0","0","0","0","0","0","0","0","0","0","0","0","0","0","0","0","0"
"0x7b3fff7702e0","      LEA.HI.X R5, R2, UR29, R3, 0x2, P1","5","2","5","10496","335872","335872","32","32","0","0","-","-","-","0","0","0","0","0","0","0","0","0","-","0","0","0","0","0","0","0","0","0","0","0","0","0","0","0","0","0","2","0","0","0","0","3","0","0","0","0","0","0","0","0","0","0","0","0","0","0","0","0","2"
"0x7b3fff7702f0","      ST.E desc[UR24][R4.64], R7","8","6","8","10496","335872","335872","32","32","0","0","Global","Store","32","41984","0","0","0","0","125952","167936","41984","0","","0","0","0","0","0","0","0","0","1","0","0","0","0","0","6","0","0","0","0","0","0","0","1","0","0","0","0","0","0","0","0","6","0","0","0","0","0","0","0","0"
"0x7b3fff770300","      BSYNC.RECONVERGENT B0","2","0","2","10752","344064","344064","32","32","0","0","-","-","-","0","0","0","0","0","0","0","0","0","-","0","0","0","0","0","0","0","0","0","0","0","0","0","0","0","0","0","1","1","0","0","0","0","0","0","0","0","0","0","0","0","0","0","0","0","0","0","0","0","0"
"0x7b3fff770310","@P6   EXIT","3","0","3","10752","344064","8192","32","0","32","0","-","-","-","0","0","0","0","0","0","0","0","0","-","0","0","0","0","0","0","0","0","0","0","0","0","0","0","0","0","0","2","1","0","0","0","0","0","0","0","0","0","0","0","0","0","0","0","0","0","0","0","0","0"
"0x7b3fff770320","      SHF.R.S32.HI R33, RZ, 0x1f, R32","1","0","1","10496","335872","335872","32","32","0","0","-","-","-","0","0","0","0","0","0","0","0","0","-","0","0","0","0","0","0","0","0","0","0","0","0","0","0","0","0","0","0","0","0","0","0","1","0","0","0","0","0","0","0","0","0","0","0","0","0","0","0","0","0"
"0x7b3fff770330","      FSETP.GEU.AND P0, PT, R69, R0, PT","1","0","1","10496","335872","335872","32","32","0","0","-","-","-","0","0","0","0","0","0","0","0","0","-","0","0","0","0","0","0","0","0","0","0","0","0","0","0","0","0","0","0","1","0","0","0","0","0","0","0","0","0","0","0","0","0","0","0","0","0","0","0","0","0"
"0x7b3fff770340","      FADD R69, RZ, R69","0","0","0","10496","335872","335872","32","32","0","0","-","-","-","0","0","0","0","0","0","0","0","0","-","0","0","0","0","0","0","0","0","0","0","0","0","0","0","0","0","0","0","0","0","0","0","0","0","0","0","0","0","0","0","0","0","0","0","0","0","0","0","0","0"
"0x7b3fff770350","      IADD.64 R8, R32, R8","2","0","2","10496","335872","335872","32","32","0","0","-","-","-","0","0","0","0","0","0","0","0","0","-","0","0","0","0","0","0","0","0","1","0","0","0","0","0","0","0","0","1","0","0","0","0","0","0","0","0","0","0","0","0","0","0","0","0","0","0","0","0","0","0"
"0x7b3fff770360","      FSEL R69, R0, R69, !P0","0","0","0","10496","335872","335872","32","32","0","0","-","-","-","0","0","0","0","0","0","0","0","0","-","0","0","0","0","0","0","0","0","0","0","0","0","0","0","0","0","0","0","0","0","0","0","0","0","0","0","0","0","0","0","0","0","0","0","0","0","0","0","0","0"
"0x7b3fff770370","      LEA R2, P1, R8, UR28, 0x2","5","2","5","10496","335872","335872","32","32","0","0","-","-","-","0","0","0","0","0","0","0","0","0","-","0","0","0","0","0","0","0","0","0","0","0","0","2","0","0","0","0","1","1","0","0","0","1","0","0","0","0","0","0","1","0","0","0","0","0","0","0","0","0","1"
"0x7b3fff770380","      LEA.HI.X R3, R8, UR29, R9, 0x2, P1","2","0","2","10496","335872","335872","32","32","0","0","-","-","-","0","0","0","0","0","0","0","0","0","-","0","0","0","0","0","0","0","0","0","0","0","0","0","0","0","0","0","1","0","0","0","0","1","0","0","0","0","0","0","0","0","0","0","0","0","0","0","0","0","0"
"0x7b3fff770390","      ST.E desc[UR24][R2.64], R69","1","1","1","10496","335872","335872","32","32","0","0","Global","Store","32","41984","0","0","0","0","125952","167936","41984","0","","0","0","0","0","0","0","0","0","0","0","0","0","0","0","1","0","0","0","0","0","0","0","0","0","0","0","0","0","0","0","0","1","0","0","0","0","0","0","0","0"
"0x7b3fff7703a0","      EXIT","1","0","1","10496","335872","335872","32","32","0","0","-","-","-","0","0","0","0","0","0","0","0","0","-","0","0","0","0","0","0","0","0","0","0","0","0","0","0","0","0","0","0","1","0","0","0","0","0","0","0","0","0","0","0","0","0","0","0","0","0","0","0","0","0"
"0x7b3fff7703b0","      LDC R36, c[0x0][0x438]","56","34","56","0","0","0","0","0","32","0","-","-","-","0","0","0","0","0","0","0","0","0","-","0","0","0","0","0","0","0","1","0","53","0","0","0","0","0","0","0","0","1","0","0","0","1","0","0","0","33","0","0","0","0","0","0","0","0","0","0","0","0","1"
"0x7b3fff7703c0","      ISETP.GE.AND P2, PT, R24, UR7, PT","0","0","0","0","0","0","0","0","32","0","-","-","-","0","0","0","0","0","0","0","0","0","-","0","0","0","0","0","0","0","0","0","0","0","0","0","0","0","0","0","0","0","0","0","0","0","0","0","0","0","0","0","0","0","0","0","0","0","0","0","0","0","0"
"0x7b3fff7703d0","      ISETP.GE.OR P3, PT, R18, UR6, P2","0","0","0","0","0","0","0","0","32","0","-","-","-","0","0","0","0","0","0","0","0","0","-","0","0","0","0","0","0","0","0","0","0","0","0","0","0","0","0","0","0","0","0","0","0","0","0","0","0","0","0","0","0","0","0","0","0","0","0","0","0","0","0"
"0x7b3fff7703e0","      LDC.64 R4, c[0x0][0x448]","0","0","0","0","0","0","0","0","32","0","-","-","-","0","0","0","0","0","0","0","0","0","-","0","0","0","0","0","0","0","0","0","0","0","0","0","0","0","0","0","0","0","0","0","0","0","0","0","0","0","0","0","0","0","0","0","0","0","0","0","0","0","0"
"0x7b3fff7703f0","      LDC.64 R6, c[0x0][0x440]","0","0","0","0","0","0","0","0","32","0","-","-","-","0","0","0","0","0","0","0","0","0","-","0","0","0","0","0","0","0","0","0","0","0","0","0","0","0","0","0","0","0","0","0","0","0","0","0","0","0","0","0","0","0","0","0","0","0","0","0","0","0","0"
"0x7b3fff770400","      IMAD R2, R18, R36, RZ","0","0","0","0","0","0","0","0","32","0","-","-","-","0","0","0","0","0","0","0","0","0","-","0","0","0","0","0","0","0","0","0","0","0","0","0","0","0","0","0","0","0","0","0","0","0","0","0","0","0","0","0","0","0","0","0","0","0","0","0","0","0","0"
"0x7b3fff770410","      SHF.R.S32.HI R3, RZ, 0x1f, R2","0","0","0","0","0","0","0","0","32","0","-","-","-","0","0","0","0","0","0","0","0","0","-","0","0","0","0","0","0","0","0","0","0","0","0","0","0","0","0","0","0","0","0","0","0","0","0","0","0","0","0","0","0","0","0","0","0","0","0","0","0","0","0"
"0x7b3fff770420","      IMAD R5, R5, UR8, RZ","0","0","0","0","0","0","0","0","32","0","-","-","-","0","0","0","0","0","0","0","0","0","-","0","0","0","0","0","0","0","0","0","0","0","0","0","0","0","0","0","0","0","0","0","0","0","0","0","0","0","0","0","0","0","0","0","0","0","0","0","0","0","0"
"0x7b3fff770430","      IMAD.WIDE.U32 R2, R4, UR8, R2","0","0","0","0","0","0","0","0","32","0","-","-","-","0","0","0","0","0","0","0","0","0","-","0","0","0","0","0","0","0","0","0","0","0","0","0","0","0","0","0","0","0","0","0","0","0","0","0","0","0","0","0","0","0","0","0","0","0","0","0","0","0","0"
"0x7b3fff770440","      IADD3 R3, PT, PT, R3, R5, RZ","0","0","0","0","0","0","0","0","32","0","-","-","-","0","0","0","0","0","0","0","0","0","-","0","0","0","0","0","0","0","0","0","0","0","0","0","0","0","0","0","0","0","0","0","0","0","0","0","0","0","0","0","0","0","0","0","0","0","0","0","0","0","0"
"0x7b3fff770450","      LEA R14, P0, R2, R6, 0x2","0","0","0","0","0","0","0","0","32","0","-","-","-","0","0","0","0","0","0","0","0","0","-","0","0","0","0","0","0","0","0","0","0","0","0","0","0","0","0","0","0","0","0","0","0","0","0","0","0","0","0","0","0","0","0","0","0","0","0","0","0","0","0"
"0x7b3fff770460","      LEA.HI.X R15, R2, R7, R3, 0x2, P0","0","0","0","0","0","0","0","0","32","0","-","-","-","0","0","0","0","0","0","0","0","0","-","0","0","0","0","0","0","0","0","0","0","0","0","0","0","0","0","0","0","0","0","0","0","0","0","0","0","0","0","0","0","0","0","0","0","0","0","0","0","0","0"
"0x7b3fff770470","@!P3  LDG.E R21, desc[UR24][R14.64]","0","0","0","0","0","0","0","0","32","0","","","","0","0","0","0","0","0","0","0","0","","0","0","0","0","0","0","0","0","0","0","0","0","0","0","0","0","0","0","0","0","0","0","0","0","0","0","0","0","0","0","0","0","0","0","0","0","0","0","0","0"
"0x7b3fff770480","      IMAD R12, R18, R36, R36","0","0","0","0","0","0","0","0","32","0","-","-","-","0","0","0","0","0","0","0","0","0","-","0","0","0","0","0","0","0","0","0","0","0","0","0","0","0","0","0","0","0","0","0","0","0","0","0","0","0","0","0","0","0","0","0","0","0","0","0","0","0","0"
"0x7b3fff770490","      SHF.R.S32.HI R3, RZ, 0x1f, R18","0","0","0","0","0","0","0","0","32","0","-","-","-","0","0","0","0","0","0","0","0","0","-","0","0","0","0","0","0","0","0","0","0","0","0","0","0","0","0","0","0","0","0","0","0","0","0","0","0","0","0","0","0","0","0","0","0","0","0","0","0","0","0"
"0x7b3fff7704a0","      IMAD.WIDE.U32 R8, R24, UR5, RZ","0","0","0","0","0","0","0","0","32","0","-","-","-","0","0","0","0","0","0","0","0","0","-","0","0","0","0","0","0","0","0","0","0","0","0","0","0","0","0","0","0","0","0","0","0","0","0","0","0","0","0","0","0","0","0","0","0","0","0","0","0","0","0"
"0x7b3fff7704b0","      MOV R2, R18","0","0","0","0","0","0","0","0","32","0","-","-","-","0","0","0","0","0","0","0","0","0","-","0","0","0","0","0","0","0","0","0","0","0","0","0","0","0","0","0","0","0","0","0","0","0","0","0","0","0","0","0","0","0","0","0","0","0","0","0","0","0","0"
"0x7b3fff7704c0","      ISETP.GE.AND P0, PT, R20, UR6, PT","0","0","0","0","0","0","0","0","32","0","-","-","-","0","0","0","0","0","0","0","0","0","-","0","0","0","0","0","0","0","0","0","0","0","0","0","0","0","0","0","0","0","0","0","0","0","0","0","0","0","0","0","0","0","0","0","0","0","0","0","0","0","0"
"0x7b3fff7704d0","      SHF.R.S32.HI R13, RZ, 0x1f, R12","0","0","0","0","0","0","0","0","32","0","-","-","-","0","0","0","0","0","0","0","0","0","-","0","0","0","0","0","0","0","0","0","0","0","0","0","0","0","0","0","0","0","0","0","0","0","0","0","0","0","0","0","0","0","0","0","0","0","0","0","0","0","0"
"0x7b3fff7704e0","      IMAD R9, R24, UR4, R9","0","0","0","0","0","0","0","0","32","0","-","-","-","0","0","0","0","0","0","0","0","0","-","0","0","0","0","0","0","0","0","0","0","0","0","0","0","0","0","0","0","0","0","0","0","0","0","0","0","0","0","0","0","0","0","0","0","0","0","0","0","0","0"
"0x7b3fff7704f0","      ISETP.GE.OR P1, PT, R24, UR7, P0","0","0","0","0","0","0","0","0","32","0","-","-","-","0","0","0","0","0","0","0","0","0","-","0","0","0","0","0","0","0","0","0","0","0","0","0","0","0","0","0","0","0","0","0","0","0","0","0","0","0","0","0","0","0","0","0","0","0","0","0","0","0","0"
"0x7b3fff770500","      IMAD.WIDE.U32 R12, R4, UR8, R12","0","0","0","0","0","0","0","0","32","0","-","-","-","0","0","0","0","0","0","0","0","0","-","0","0","0","0","0","0","0","0","0","0","0","0","0","0","0","0","0","0","0","0","0","0","0","0","0","0","0","0","0","0","0","0","0","0","0","0","0","0","0","0"
"0x7b3fff770510","      IADD.64 R10, R2, R8","0","0","0","0","0","0","0","0","32","0","-","-","-","0","0","0","0","0","0","0","0","0","-","0","0","0","0","0","0","0","0","0","0","0","0","0","0","0","0","0","0","0","0","0","0","0","0","0","0","0","0","0","0","0","0","0","0","0","0","0","0","0","0"
"0x7b3fff770520","      IADD3 R13, PT, PT, R5, R13, RZ","0","0","0","0","0","0","0","0","32","0","-","-","-","0","0","0","0","0","0","0","0","0","-","0","0","0","0","0","0","0","0","0","0","0","0","0","0","0","0","0","0","0","0","0","0","0","0","0","0","0","0","0","0","0","0","0","0","0","0","0","0","0","0"
"0x7b3fff770530","      LEA R20, P6, R10, UR28, 0x2","0","0","0","0","0","0","0","0","32","0","-","-","-","0","0","0","0","0","0","0","0","0","-","0","0","0","0","0","0","0","0","0","0","0","0","0","0","0","0","0","0","0","0","0","0","0","0","0","0","0","0","0","0","0","0","0","0","0","0","0","0","0","0"
"0x7b3fff770540","      LEA R22, P5, R12, R6, 0x2","0","0","0","0","0","0","0","0","32","0","-","-","-","0","0","0","0","0","0","0","0","0","-","0","0","0","0","0","0","0","0","0","0","0","0","0","0","0","0","0","0","0","0","0","0","0","0","0","0","0","0","0","0","0","0","0","0","0","0","0","0","0","0"
"0x7b3fff770550","      LEA.HI.X R23, R12, R7, R13, 0x2, P5","0","0","0","0","0","0","0","0","32","0","-","-","-","0","0","0","0","0","0","0","0","0","-","0","0","0","0","0","0","0","0","0","0","0","0","0","0","0","0","0","0","0","0","0","0","0","0","0","0","0","0","0","0","0","0","0","0","0","0","0","0","0","0"
"0x7b3fff770560","@!P3  FADD R55, R21, R28","0","0","0","0","0","0","0","0","32","0","-","-","-","0","0","0","0","0","0","0","0","0","-","0","0","0","0","0","0","0","0","0","0","0","0","0","0","0","0","0","0","0","0","0","0","0","0","0","0","0","0","0","0","0","0","0","0","0","0","0","0","0","0"
"0x7b3fff770570","      LEA.HI.X R21, R10, UR29, R11, 0x2, P6","0","0","0","0","0","0","0","0","32","0","-","-","-","0","0","0","0","0","0","0","0","0","-","0","0","0","0","0","0","0","0","0","0","0","0","0","0","0","0","0","0","0","0","0","0","0","0","0","0","0","0","0","0","0","0","0","0","0","0","0","0","0","0"
"0x7b3fff770580","@!P3  FSETP.GEU.AND P4, PT, R55, R0, PT","0","0","0","0","0","0","0","0","32","0","-","-","-","0","0","0","0","0","0","0","0","0","-","0","0","0","0","0","0","0","0","0","0","0","0","0","0","0","0","0","0","0","0","0","0","0","0","0","0","0","0","0","0","0","0","0","0","0","0","0","0","0","0"
"0x7b3fff770590","@!P3  FSEL R55, R0, R55, !P4","0","0","0","0","0","0","0","0","32","0","-","-","-","0","0","0","0","0","0","0","0","0","-","0","0","0","0","0","0","0","0","0","0","0","0","0","0","0","0","0","0","0","0","0","0","0","0","0","0","0","0","0","0","0","0","0","0","0","0","0","0","0","0"
"0x7b3fff7705a0","@!P3  ST.E desc[UR24][R20.64], R55","0","0","0","0","0","0","0","0","32","0","","","","0","0","0","0","0","0","0","0","0","","0","0","0","0","0","0","0","0","0","0","0","0","0","0","0","0","0","0","0","0","0","0","0","0","0","0","0","0","0","0","0","0","0","0","0","0","0","0","0","0"
"0x7b3fff7705b0","@!P1  LDG.E R12, desc[UR24][R22.64]","0","0","0","0","0","0","0","0","32","0","","","","0","0","0","0","0","0","0","0","0","","0","0","0","0","0","0","0","0","0","0","0","0","0","0","0","0","0","0","0","0","0","0","0","0","0","0","0","0","0","0","0","0","0","0","0","0","0","0","0","0"
"0x7b3fff7705c0","      IMAD R10, R37, R36, RZ","0","0","0","0","0","0","0","0","32","0","-","-","-","0","0","0","0","0","0","0","0","0","-","0","0","0","0","0","0","0","0","0","0","0","0","0","0","0","0","0","0","0","0","0","0","0","0","0","0","0","0","0","0","0","0","0","0","0","0","0","0","0","0"
"0x7b3fff7705d0","      ISETP.GE.AND P6, PT, R37, UR6, PT","0","0","0","0","0","0","0","0","32","0","-","-","-","0","0","0","0","0","0","0","0","0","-","0","0","0","0","0","0","0","0","0","0","0","0","0","0","0","0","0","0","0","0","0","0","0","0","0","0","0","0","0","0","0","0","0","0","0","0","0","0","0","0"
"0x7b3fff7705e0","      LOP3.LUT R28, R28, 0xfffffffe, RZ, 0xc0, !PT","0","0","0","0","0","0","0","0","32","0","-","-","-","0","0","0","0","0","0","0","0","0","-","0","0","0","0","0","0","0","0","0","0","0","0","0","0","0","0","0","0","0","0","0","0","0","0","0","0","0","0","0","0","0","0","0","0","0","0","0","0","0","0"
"0x7b3fff7705f0","      SHF.R.S32.HI R11, RZ, 0x1f, R10","0","0","0","0","0","0","0","0","32","0","-","-","-","0","0","0","0","0","0","0","0","0","-","0","0","0","0","0","0","0","0","0","0","0","0","0","0","0","0","0","0","0","0","0","0","0","0","0","0","0","0","0","0","0","0","0","0","0","0","0","0","0","0"
"0x7b3fff770600","      ISETP.GE.OR P3, PT, R24, UR7, P6","0","0","0","0","0","0","0","0","32","0","-","-","-","0","0","0","0","0","0","0","0","0","-","0","0","0","0","0","0","0","0","0","0","0","0","0","0","0","0","0","0","0","0","0","0","0","0","0","0","0","0","0","0","0","0","0","0","0","0","0","0","0","0"
"0x7b3fff770610","      IMAD.WIDE.U32 R10, R4, UR8, R10","0","0","0","0","0","0","0","0","32","0","-","-","-","0","0","0","0","0","0","0","0","0","-","0","0","0","0","0","0","0","0","0","0","0","0","0","0","0","0","0","0","0","0","0","0","0","0","0","0","0","0","0","0","0","0","0","0","0","0","0","0","0","0"
"0x7b3fff770620","      BSSY.RECONVERGENT B0, 0x7b3fff770d60","0","0","0","0","0","0","0","0","32","0","-","-","-","0","0","0","0","0","0","0","0","0","-","0","0","0","0","0","0","0","0","0","0","0","0","0","0","0","0","0","0","0","0","0","0","0","0","0","0","0","0","0","0","0","0","0","0","0","0","0","0","0","0"
"0x7b3fff770630","@P6   LOP3.LUT R28, R28, 0x1, RZ, 0xfc, !PT","0","0","0","0","0","0","0","0","32","0","-","-","-","0","0","0","0","0","0","0","0","0","-","0","0","0","0","0","0","0","0","0","0","0","0","0","0","0","0","0","0","0","0","0","0","0","0","0","0","0","0","0","0","0","0","0","0","0","0","0","0","0","0"
"0x7b3fff770640","      IADD3 R11, PT, PT, R5, R11, RZ","0","0","0","0","0","0","0","0","32","0","-","-","-","0","0","0","0","0","0","0","0","0","-","0","0","0","0","0","0","0","0","0","0","0","0","0","0","0","0","0","0","0","0","0","0","0","0","0","0","0","0","0","0","0","0","0","0","0","0","0","0","0","0"
"0x7b3fff770650","@!P1  FADD R51, R12, R51","0","0","0","0","0","0","0","0","32","0","-","-","-","0","0","0","0","0","0","0","0","0","-","0","0","0","0","0","0","0","0","0","0","0","0","0","0","0","0","0","0","0","0","0","0","0","0","0","0","0","0","0","0","0","0","0","0","0","0","0","0","0","0"
"0x7b3fff770660","      LEA R12, P5, R10, R6, 0x2","0","0","0","0","0","0","0","0","32","0","-","-","-","0","0","0","0","0","0","0","0","0","-","0","0","0","0","0","0","0","0","0","0","0","0","0","0","0","0","0","0","0","0","0","0","0","0","0","0","0","0","0","0","0","0","0","0","0","0","0","0","0","0"
"0x7b3fff770670","@!P1  FSETP.GEU.AND P4, PT, R51, R0, PT","0","0","0","0","0","0","0","0","32","0","-","-","-","0","0","0","0","0","0","0","0","0","-","0","0","0","0","0","0","0","0","0","0","0","0","0","0","0","0","0","0","0","0","0","0","0","0","0","0","0","0","0","0","0","0","0","0","0","0","0","0","0","0"
"0x7b3fff770680","      LEA.HI.X R13, R10, R7, R11, 0x2, P5","0","0","0","0","0","0","0","0","32","0","-","-","-","0","0","0","0","0","0","0","0","0","-","0","0","0","0","0","0","0","0","0","0","0","0","0","0","0","0","0","0","0","0","0","0","0","0","0","0","0","0","0","0","0","0","0","0","0","0","0","0","0","0"
"0x7b3fff770690","@!P1  FSEL R51, R0, R51, !P4","0","0","0","0","0","0","0","0","32","0","-","-","-","0","0","0","0","0","0","0","0","0","-","0","0","0","0","0","0","0","0","0","0","0","0","0","0","0","0","0","0","0","0","0","0","0","0","0","0","0","0","0","0","0","0","0","0","0","0","0","0","0","0"
"0x7b3fff7706a0","@!P1  ST.E desc[UR24][R20.64+0x4], R51","0","0","0","0","0","0","0","0","32","0","","","","0","0","0","0","0","0","0","0","0","","0","0","0","0","0","0","0","0","0","0","0","0","0","0","0","0","0","0","0","0","0","0","0","0","0","0","0","0","0","0","0","0","0","0","0","0","0","0","0","0"
"0x7b3fff7706b0","@!P3  LDG.E R54, desc[UR24][R12.64]","0","0","0","0","0","0","0","0","32","0","","","","0","0","0","0","0","0","0","0","0","","0","0","0","0","0","0","0","0","0","0","0","0","0","0","0","0","0","0","0","0","0","0","0","0","0","0","0","0","0","0","0","0","0","0","0","0","0","0","0","0"
"0x7b3fff7706c0","      IMAD R10, R35, R36, RZ","0","0","0","0","0","0","0","0","32","0","-","-","-","0","0","0","0","0","0","0","0","0","-","0","0","0","0","0","0","0","0","0","0","0","0","0","0","0","0","0","0","0","0","0","0","0","0","0","0","0","0","0","0","0","0","0","0","0","0","0","0","0","0"
"0x7b3fff7706d0","      ISETP.GE.AND P1, PT, R35, UR6, PT","0","0","0","0","0","0","0","0","32","0","-","-","-","0","0","0","0","0","0","0","0","0","-","0","0","0","0","0","0","0","0","0","0","0","0","0","0","0","0","0","0","0","0","0","0","0","0","0","0","0","0","0","0","0","0","0","0","0","0","0","0","0","0"
"0x7b3fff7706e0","      SHF.R.S32.HI R11, RZ, 0x1f, R10","0","0","0","0","0","0","0","0","32","0","-","-","-","0","0","0","0","0","0","0","0","0","-","0","0","0","0","0","0","0","0","0","0","0","0","0","0","0","0","0","0","0","0","0","0","0","0","0","0","0","0","0","0","0","0","0","0","0","0","0","0","0","0"
"0x7b3fff7706f0","      ISETP.GE.OR P4, PT, R24, UR7, P1","0","0","0","0","0","0","0","0","32","0","-","-","-","0","0","0","0","0","0","0","0","0","-","0","0","0","0","0","0","0","0","0","0","0","0","0","0","0","0","0","0","0","0","0","0","0","0","0","0","0","0","0","0","0","0","0","0","0","0","0","0","0","0"
"0x7b3fff770700","      IMAD.WIDE.U32 R10, R4, UR8, R10","0","0","0","0","0","0","0","0","32","0","-","-","-","0","0","0","0","0","0","0","0","0","-","0","0","0","0","0","0","0","0","0","0","0","0","0","0","0","0","0","0","0","0","0","0","0","0","0","0","0","0","0","0","0","0","0","0","0","0","0","0","0","0"
"0x7b3fff770710","      IADD3 R11, PT, PT, R5, R11, RZ","0","0","0","0","0","0","0","0","32","0","-","-","-","0","0","0","0","0","0","0","0","0","-","0","0","0","0","0","0","0","0","0","0","0","0","0","0","0","0","0","0","0","0","0","0","0","0","0","0","0","0","0","0","0","0","0","0","0","0","0","0","0","0"
"0x7b3fff770720","@!P3  FADD R57, R54, R57","0","0","0","0","0","0","0","0","32","0","-","-","-","0","0","0","0","0","0","0","0","0","-","0","0","0","0","0","0","0","0","0","0","0","0","0","0","0","0","0","0","0","0","0","0","0","0","0","0","0","0","0","0","0","0","0","0","0","0","0","0","0","0"
"0x7b3fff770730","@!P3  FSETP.GEU.AND P5, PT, R57, R0, PT","0","0","0","0","0","0","0","0","32","0","-","-","-","0","0","0","0","0","0","0","0","0","-","0","0","0","0","0","0","0","0","0","0","0","0","0","0","0","0","0","0","0","0","0","0","0","0","0","0","0","0","0","0","0","0","0","0","0","0","0","0","0","0"
"0x7b3fff770740","@!P3  FSEL R57, R0, R57, !P5","0","0","0","0","0","0","0","0","32","0","-","-","-","0","0","0","0","0","0","0","0","0","-","0","0","0","0","0","0","0","0","0","0","0","0","0","0","0","0","0","0","0","0","0","0","0","0","0","0","0","0","0","0","0","0","0","0","0","0","0","0","0","0"
"0x7b3fff770750","      LEA R54, P5, R10, R6, 0x2","0","0","0","0","0","0","0","0","32","0","-","-","-","0","0","0","0","0","0","0","0","0","-","0","0","0","0","0","0","0","0","0","0","0","0","0","0","0","0","0","0","0","0","0","0","0","0","0","0","0","0","0","0","0","0","0","0","0","0","0","0","0","0"
"0x7b3fff770760","      LEA.HI.X R55, R10, R7, R11, 0x2, P5","0","0","0","0","0","0","0","0","32","0","-","-","-","0","0","0","0","0","0","0","0","0","-","0","0","0","0","0","0","0","0","0","0","0","0","0","0","0","0","0","0","0","0","0","0","0","0","0","0","0","0","0","0","0","0","0","0","0","0","0","0","0","0"
"0x7b3fff770770","@!P3  ST.E desc[UR24][R20.64+0x8], R57","0","0","0","0","0","0","0","0","32","0","","","","0","0","0","0","0","0","0","0","0","","0","0","0","0","0","0","0","0","0","0","0","0","0","0","0","0","0","0","0","0","0","0","0","0","0","0","0","0","0","0","0","0","0","0","0","0","0","0","0","0"
"0x7b3fff770780","@!P4  LDG.E R24, desc[UR24][R54.64]","0","0","0","0","0","0","0","0","32","0","","","","0","0","0","0","0","0","0","0","0","","0","0","0","0","0","0","0","0","0","0","0","0","0","0","0","0","0","0","0","0","0","0","0","0","0","0","0","0","0","0","0","0","0","0","0","0","0","0","0","0"
"0x7b3fff770790","      IMAD R10, R16, R36, RZ","0","0","0","0","0","0","0","0","32","0","-","-","-","0","0","0","0","0","0","0","0","0","-","0","0","0","0","0","0","0","0","0","0","0","0","0","0","0","0","0","0","0","0","0","0","0","0","0","0","0","0","0","0","0","0","0","0","0","0","0","0","0","0"
"0x7b3fff7707a0","      ISETP.GE.OR P3, PT, R16, UR6, P2","0","0","0","0","0","0","0","0","32","0","-","-","-","0","0","0","0","0","0","0","0","0","-","0","0","0","0","0","0","0","0","0","0","0","0","0","0","0","0","0","0","0","0","0","0","0","0","0","0","0","0","0","0","0","0","0","0","0","0","0","0","0","0"
"0x7b3fff7707b0","      SHF.R.S32.HI R11, RZ, 0x1f, R10","0","0","0","0","0","0","0","0","32","0","-","-","-","0","0","0","0","0","0","0","0","0","-","0","0","0","0","0","0","0","0","0","0","0","0","0","0","0","0","0","0","0","0","0","0","0","0","0","0","0","0","0","0","0","0","0","0","0","0","0","0","0","0"
"0x7b3fff7707c0","      IMAD.WIDE.U32 R64, R4, UR8, R10","0","0","0","0","0","0","0","0","32","0","-","-","-","0","0","0","0","0","0","0","0","0","-","0","0","0","0","0","0","0","0","0","0","0","0","0","0","0","0","0","0","0","0","0","0","0","0","0","0","0","0","0","0","0","0","0","0","0","0","0","0","0","0"
"0x7b3fff7707d0","      IADD3 R11, PT, PT, R5, R65, RZ","0","0","0","0","0","0","0","0","32","0","-","-","-","0","0","0","0","0","0","0","0","0","-","0","0","0","0","0","0","0","0","0","0","0","0","0","0","0","0","0","0","0","0","0","0","0","0","0","0","0","0","0","0","0","0","0","0","0","0","0","0","0","0"
"0x7b3fff7707e0","@!P4  FADD R45, R24, R45","0","0","0","0","0","0","0","0","32","0","-","-","-","0","0","0","0","0","0","0","0","0","-","0","0","0","0","0","0","0","0","0","0","0","0","0","0","0","0","0","0","0","0","0","0","0","0","0","0","0","0","0","0","0","0","0","0","0","0","0","0","0","0"
"0x7b3fff7707f0","@!P4  FSETP.GEU.AND P5, PT, R45, R0, PT","0","0","0","0","0","0","0","0","32","0","-","-","-","0","0","0","0","0","0","0","0","0","-","0","0","0","0","0","0","0","0","0","0","0","0","0","0","0","0","0","0","0","0","0","0","0","0","0","0","0","0","0","0","0","0","0","0","0","0","0","0","0","0"
"0x7b3fff770800","@!P4  FSEL R45, R0, R45, !P5","0","0","0","0","0","0","0","0","32","0","-","-","-","0","0","0","0","0","0","0","0","0","-","0","0","0","0","0","0","0","0","0","0","0","0","0","0","0","0","0","0","0","0","0","0","0","0","0","0","0","0","0","0","0","0","0","0","0","0","0","0","0","0"
"0x7b3fff770810","      LEA R10, P5, R64, R6, 0x2","0","0","0","0","0","0","0","0","32","0","-","-","-","0","0","0","0","0","0","0","0","0","-","0","0","0","0","0","0","0","0","0","0","0","0","0","0","0","0","0","0","0","0","0","0","0","0","0","0","0","0","0","0","0","0","0","0","0","0","0","0","0","0"
"0x7b3fff770820","      LEA.HI.X R11, R64, R7, R11, 0x2, P5","0","0","0","0","0","0","0","0","32","0","-","-","-","0","0","0","0","0","0","0","0","0","-","0","0","0","0","0","0","0","0","0","0","0","0","0","0","0","0","0","0","0","0","0","0","0","0","0","0","0","0","0","0","0","0","0","0","0","0","0","0","0","0"
"0x7b3fff770830","@!P4  ST.E desc[UR24][R20.64+0xc], R45","0","0","0","0","0","0","0","0","32","0","","","","0","0","0","0","0","0","0","0","0","","0","0","0","0","0","0","0","0","0","0","0","0","0","0","0","0","0","0","0","0","0","0","0","0","0","0","0","0","0","0","0","0","0","0","0","0","0","0","0","0"
"0x7b3fff770840","@!P3  LDG.E R35, desc[UR24][R10.64]","0","0","0","0","0","0","0","0","32","0","","","","0","0","0","0","0","0","0","0","0","","0","0","0","0","0","0","0","0","0","0","0","0","0","0","0","0","0","0","0","0","0","0","0","0","0","0","0","0","0","0","0","0","0","0","0","0","0","0","0","0"
"0x7b3fff770850","      IMAD R64, R34, R36, RZ","0","0","0","0","0","0","0","0","32","0","-","-","-","0","0","0","0","0","0","0","0","0","-","0","0","0","0","0","0","0","0","0","0","0","0","0","0","0","0","0","0","0","0","0","0","0","0","0","0","0","0","0","0","0","0","0","0","0","0","0","0","0","0"
"0x7b3fff770860","      SHF.R.S32.HI R65, RZ, 0x1f, R64","0","0","0","0","0","0","0","0","32","0","-","-","-","0","0","0","0","0","0","0","0","0","-","0","0","0","0","0","0","0","0","0","0","0","0","0","0","0","0","0","0","0","0","0","0","0","0","0","0","0","0","0","0","0","0","0","0","0","0","0","0","0","0"
"0x7b3fff770870","@!P3  SHF.R.S32.HI R21, RZ, 0x1f, R16","0","0","0","0","0","0","0","0","32","0","-","-","-","0","0","0","0","0","0","0","0","0","-","0","0","0","0","0","0","0","0","0","0","0","0","0","0","0","0","0","0","0","0","0","0","0","0","0","0","0","0","0","0","0","0","0","0","0","0","0","0","0","0"
"0x7b3fff770880","@!P3  MOV R20, R16","0","0","0","0","0","0","0","0","32","0","-","-","-","0","0","0","0","0","0","0","0","0","-","0","0","0","0","0","0","0","0","0","0","0","0","0","0","0","0","0","0","0","0","0","0","0","0","0","0","0","0","0","0","0","0","0","0","0","0","0","0","0","0"
"0x7b3fff770890","      IMAD.WIDE.U32 R64, R4, UR8, R64","0","0","0","0","0","0","0","0","32","0","-","-","-","0","0","0","0","0","0","0","0","0","-","0","0","0","0","0","0","0","0","0","0","0","0","0","0","0","0","0","0","0","0","0","0","0","0","0","0","0","0","0","0","0","0","0","0","0","0","0","0","0","0"
"0x7b3fff7708a0","@!P3  IADD.64 R20, R20, R8","0","0","0","0","0","0","0","0","32","0","-","-","-","0","0","0","0","0","0","0","0","0","-","0","0","0","0","0","0","0","0","0","0","0","0","0","0","0","0","0","0","0","0","0","0","0","0","0","0","0","0","0","0","0","0","0","0","0","0","0","0","0","0"
"0x7b3fff7708b0","@!P3  LEA R70, P4, R20, UR28, 0x2","0","0","0","0","0","0","0","0","32","0","-","-","-","0","0","0","0","0","0","0","0","0","-","0","0","0","0","0","0","0","0","0","0","0","0","0","0","0","0","0","0","0","0","0","0","0","0","0","0","0","0","0","0","0","0","0","0","0","0","0","0","0","0"
"0x7b3fff7708c0","@!P3  LEA.HI.X R71, R20, UR29, R21, 0x2, P4","0","0","0","0","0","0","0","0","32","0","-","-","-","0","0","0","0","0","0","0","0","0","-","0","0","0","0","0","0","0","0","0","0","0","0","0","0","0","0","0","0","0","0","0","0","0","0","0","0","0","0","0","0","0","0","0","0","0","0","0","0","0","0"
"0x7b3fff7708d0","      ISETP.GE.OR P4, PT, R34, UR6, P2","0","0","0","0","0","0","0","0","32","0","-","-","-","0","0","0","0","0","0","0","0","0","-","0","0","0","0","0","0","0","0","0","0","0","0","0","0","0","0","0","0","0","0","0","0","0","0","0","0","0","0","0","0","0","0","0","0","0","0","0","0","0","0"
"0x7b3fff7708e0","      IADD3 R21, PT, PT, R5, R65, RZ","0","0","0","0","0","0","0","0","32","0","-","-","-","0","0","0","0","0","0","0","0","0","-","0","0","0","0","0","0","0","0","0","0","0","0","0","0","0","0","0","0","0","0","0","0","0","0","0","0","0","0","0","0","0","0","0","0","0","0","0","0","0","0"
"0x7b3fff7708f0","@!P3  FADD R35, R35, R48","0","0","0","0","0","0","0","0","32","0","-","-","-","0","0","0","0","0","0","0","0","0","-","0","0","0","0","0","0","0","0","0","0","0","0","0","0","0","0","0","0","0","0","0","0","0","0","0","0","0","0","0","0","0","0","0","0","0","0","0","0","0","0"
"0x7b3fff770900","@!P3  FSETP.GEU.AND P5, PT, R35, R0, PT","0","0","0","0","0","0","0","0","32","0","-","-","-","0","0","0","0","0","0","0","0","0","-","0","0","0","0","0","0","0","0","0","0","0","0","0","0","0","0","0","0","0","0","0","0","0","0","0","0","0","0","0","0","0","0","0","0","0","0","0","0","0","0"
"0x7b3fff770910","@!P3  FSEL R37, R0, R35, !P5","0","0","0","0","0","0","0","0","32","0","-","-","-","0","0","0","0","0","0","0","0","0","-","0","0","0","0","0","0","0","0","0","0","0","0","0","0","0","0","0","0","0","0","0","0","0","0","0","0","0","0","0","0","0","0","0","0","0","0","0","0","0","0"
"0x7b3fff770920","      LEA R20, P5, R64, R6, 0x2","0","0","0","0","0","0","0","0","32","0","-","-","-","0","0","0","0","0","0","0","0","0","-","0","0","0","0","0","0","0","0","0","0","0","0","0","0","0","0","0","0","0","0","0","0","0","0","0","0","0","0","0","0","0","0","0","0","0","0","0","0","0","0"
"0x7b3fff770930","      LEA.HI.X R21, R64, R7, R21, 0x2, P5","0","0","0","0","0","0","0","0","32","0","-","-","-","0","0","0","0","0","0","0","0","0","-","0","0","0","0","0","0","0","0","0","0","0","0","0","0","0","0","0","0","0","0","0","0","0","0","0","0","0","0","0","0","0","0","0","0","0","0","0","0","0","0"
"0x7b3fff770940","@!P3  ST.E desc[UR24][R70.64], R37","0","0","0","0","0","0","0","0","32","0","","","","0","0","0","0","0","0","0","0","0","","0","0","0","0","0","0","0","0","0","0","0","0","0","0","0","0","0","0","0","0","0","0","0","0","0","0","0","0","0","0","0","0","0","0","0","0","0","0","0","0"
"0x7b3fff770950","@!P4  LDG.E R24, desc[UR24][R20.64]","0","0","0","0","0","0","0","0","32","0","","","","0","0","0","0","0","0","0","0","0","","0","0","0","0","0","0","0","0","0","0","0","0","0","0","0","0","0","0","0","0","0","0","0","0","0","0","0","0","0","0","0","0","0","0","0","0","0","0","0","0"
"0x7b3fff770960","@!P4  SHF.R.S32.HI R35, RZ, 0x1f, R34","0","0","0","0","0","0","0","0","32","0","-","-","-","0","0","0","0","0","0","0","0","0","-","0","0","0","0","0","0","0","0","0","0","0","0","0","0","0","0","0","0","0","0","0","0","0","0","0","0","0","0","0","0","0","0","0","0","0","0","0","0","0","0"
"0x7b3fff770970","@!P4  IADD.64 R64, R34, R8","0","0","0","0","0","0","0","0","32","0","-","-","-","0","0","0","0","0","0","0","0","0","-","0","0","0","0","0","0","0","0","0","0","0","0","0","0","0","0","0","0","0","0","0","0","0","0","0","0","0","0","0","0","0","0","0","0","0","0","0","0","0","0"
"0x7b3fff770980","      IMAD R70, R33, R36, RZ","0","0","0","0","0","0","0","0","32","0","-","-","-","0","0","0","0","0","0","0","0","0","-","0","0","0","0","0","0","0","0","0","0","0","0","0","0","0","0","0","0","0","0","0","0","0","0","0","0","0","0","0","0","0","0","0","0","0","0","0","0","0","0"
"0x7b3fff770990","@!P4  LEA R72, P5, R64, UR28, 0x2","0","0","0","0","0","0","0","0","32","0","-","-","-","0","0","0","0","0","0","0","0","0","-","0","0","0","0","0","0","0","0","0","0","0","0","0","0","0","0","0","0","0","0","0","0","0","0","0","0","0","0","0","0","0","0","0","0","0","0","0","0","0","0"
"0x7b3fff7709a0","      SHF.R.S32.HI R71, RZ, 0x1f, R70","0","0","0","0","0","0","0","0","32","0","-","-","-","0","0","0","0","0","0","0","0","0","-","0","0","0","0","0","0","0","0","0","0","0","0","0","0","0","0","0","0","0","0","0","0","0","0","0","0","0","0","0","0","0","0","0","0","0","0","0","0","0","0"
"0x7b3fff7709b0","@!P4  LEA.HI.X R73, R64, UR29, R65, 0x2, P5","0","0","0","0","0","0","0","0","32","0","-","-","-","0","0","0","0","0","0","0","0","0","-","0","0","0","0","0","0","0","0","0","0","0","0","0","0","0","0","0","0","0","0","0","0","0","0","0","0","0","0","0","0","0","0","0","0","0","0","0","0","0","0"
"0x7b3fff7709c0","      ISETP.GE.OR P5, PT, R33, UR6, P2","0","0","0","0","0","0","0","0","32","0","-","-","-","0","0","0","0","0","0","0","0","0","-","0","0","0","0","0","0","0","0","0","0","0","0","0","0","0","0","0","0","0","0","0","0","0","0","0","0","0","0","0","0","0","0","0","0","0","0","0","0","0","0"
"0x7b3fff7709d0","      IMAD.WIDE.U32 R70, R4, UR8, R70","0","0","0","0","0","0","0","0","32","0","-","-","-","0","0","0","0","0","0","0","0","0","-","0","0","0","0","0","0","0","0","0","0","0","0","0","0","0","0","0","0","0","0","0","0","0","0","0","0","0","0","0","0","0","0","0","0","0","0","0","0","0","0"
"0x7b3fff7709e0","@!P4  FADD R61, R24, R61","0","0","0","0","0","0","0","0","32","0","-","-","-","0","0","0","0","0","0","0","0","0","-","0","0","0","0","0","0","0","0","0","0","0","0","0","0","0","0","0","0","0","0","0","0","0","0","0","0","0","0","0","0","0","0","0","0","0","0","0","0","0","0"
"0x7b3fff7709f0","      IADD3 R24, PT, PT, R5, R71, RZ","0","0","0","0","0","0","0","0","32","0","-","-","-","0","0","0","0","0","0","0","0","0","-","0","0","0","0","0","0","0","0","0","0","0","0","0","0","0","0","0","0","0","0","0","0","0","0","0","0","0","0","0","0","0","0","0","0","0","0","0","0","0","0"
"0x7b3fff770a00","@!P4  FSETP.GEU.AND P3, PT, R61, R0, PT","0","0","0","0","0","0","0","0","32","0","-","-","-","0","0","0","0","0","0","0","0","0","-","0","0","0","0","0","0","0","0","0","0","0","0","0","0","0","0","0","0","0","0","0","0","0","0","0","0","0","0","0","0","0","0","0","0","0","0","0","0","0","0"
"0x7b3fff770a10","@!P4  FSEL R61, R0, R61, !P3","0","0","0","0","0","0","0","0","32","0","-","-","-","0","0","0","0","0","0","0","0","0","-","0","0","0","0","0","0","0","0","0","0","0","0","0","0","0","0","0","0","0","0","0","0","0","0","0","0","0","0","0","0","0","0","0","0","0","0","0","0","0","0"
"0x7b3fff770a20","      LEA R64, P3, R70, R6, 0x2","0","0","0","0","0","0","0","0","32","0","-","-","-","0","0","0","0","0","0","0","0","0","-","0","0","0","0","0","0","0","0","0","0","0","0","0","0","0","0","0","0","0","0","0","0","0","0","0","0","0","0","0","0","0","0","0","0","0","0","0","0","0","0"
"0x7b3fff770a30","      LEA.HI.X R65, R70, R7, R24, 0x2, P3","0","0","0","0","0","0","0","0","32","0","-","-","-","0","0","0","0","0","0","0","0","0","-","0","0","0","0","0","0","0","0","0","0","0","0","0","0","0","0","0","0","0","0","0","0","0","0","0","0","0","0","0","0","0","0","0","0","0","0","0","0","0","0"
"0x7b3fff770a40","@!P4  ST.E desc[UR24][R72.64], R61","0","0","0","0","0","0","0","0","32","0","","","","0","0","0","0","0","0","0","0","0","","0","0","0","0","0","0","0","0","0","0","0","0","0","0","0","0","0","0","0","0","0","0","0","0","0","0","0","0","0","0","0","0","0","0","0","0","0","0","0","0"
"0x7b3fff770a50","@!P5  LDG.E R24, desc[UR24][R64.64]","0","0","0","0","0","0","0","0","32","0","","","","0","0","0","0","0","0","0","0","0","","0","0","0","0","0","0","0","0","0","0","0","0","0","0","0","0","0","0","0","0","0","0","0","0","0","0","0","0","0","0","0","0","0","0","0","0","0","0","0","0"
"0x7b3fff770a60","@!P5  SHF.R.S32.HI R37, RZ, 0x1f, R33","0","0","0","0","0","0","0","0","32","0","-","-","-","0","0","0","0","0","0","0","0","0","-","0","0","0","0","0","0","0","0","0","0","0","0","0","0","0","0","0","0","0","0","0","0","0","0","0","0","0","0","0","0","0","0","0","0","0","0","0","0","0","0"
"0x7b3fff770a70","      IMAD R72, R32, R36, RZ","0","0","0","0","0","0","0","0","32","0","-","-","-","0","0","0","0","0","0","0","0","0","-","0","0","0","0","0","0","0","0","0","0","0","0","0","0","0","0","0","0","0","0","0","0","0","0","0","0","0","0","0","0","0","0","0","0","0","0","0","0","0","0"
"0x7b3fff770a80","@!P5  MOV R36, R33","0","0","0","0","0","0","0","0","32","0","-","-","-","0","0","0","0","0","0","0","0","0","-","0","0","0","0","0","0","0","0","0","0","0","0","0","0","0","0","0","0","0","0","0","0","0","0","0","0","0","0","0","0","0","0","0","0","0","0","0","0","0","0"
"0x7b3fff770a90","      SHF.R.S32.HI R73, RZ, 0x1f, R72","0","0","0","0","0","0","0","0","32","0","-","-","-","0","0","0","0","0","0","0","0","0","-","0","0","0","0","0","0","0","0","0","0","0","0","0","0","0","0","0","0","0","0","0","0","0","0","0","0","0","0","0","0","0","0","0","0","0","0","0","0","0","0"
"0x7b3fff770aa0","@!P5  IADD.64 R70, R36, R8","0","0","0","0","0","0","0","0","32","0","-","-","-","0","0","0","0","0","0","0","0","0","-","0","0","0","0","0","0","0","0","0","0","0","0","0","0","0","0","0","0","0","0","0","0","0","0","0","0","0","0","0","0","0","0","0","0","0","0","0","0","0","0"
"0x7b3fff770ab0","      IMAD.WIDE.U32 R72, R4, UR8, R72","0","0","0","0","0","0","0","0","32","0","-","-","-","0","0","0","0","0","0","0","0","0","-","0","0","0","0","0","0","0","0","0","0","0","0","0","0","0","0","0","0","0","0","0","0","0","0","0","0","0","0","0","0","0","0","0","0","0","0","0","0","0","0"
"0x7b3fff770ac0","@!P5  LEA R36, P3, R70, UR28, 0x2","0","0","0","0","0","0","0","0","32","0","-","-","-","0","0","0","0","0","0","0","0","0","-","0","0","0","0","0","0","0","0","0","0","0","0","0","0","0","0","0","0","0","0","0","0","0","0","0","0","0","0","0","0","0","0","0","0","0","0","0","0","0","0"
"0x7b3fff770ad0","@!P5  LEA.HI.X R37, R70, UR29, R71, 0x2, P3","0","0","0","0","0","0","0","0","32","0","-","-","-","0","0","0","0","0","0","0","0","0","-","0","0","0","0","0","0","0","0","0","0","0","0","0","0","0","0","0","0","0","0","0","0","0","0","0","0","0","0","0","0","0","0","0","0","0","0","0","0","0","0"
"0x7b3fff770ae0","      ISETP.GE.OR P3, PT, R32, UR6, P2","0","0","0","0","0","0","0","0","32","0","-","-","-","0","0","0","0","0","0","0","0","0","-","0","0","0","0","0","0","0","0","0","0","0","0","0","0","0","0","0","0","0","0","0","0","0","0","0","0","0","0","0","0","0","0","0","0","0","0","0","0","0","0"
"0x7b3fff770af0","      IADD3 R5, PT, PT, R5, R73, RZ","0","0","0","0","0","0","0","0","32","0","-","-","-","0","0","0","0","0","0","0","0","0","-","0","0","0","0","0","0","0","0","0","0","0","0","0","0","0","0","0","0","0","0","0","0","0","0","0","0","0","0","0","0","0","0","0","0","0","0","0","0","0","0"
"0x7b3fff770b00","      LEA R6, P4, R72, R6, 0x2","0","0","0","0","0","0","0","0","32","0","-","-","-","0","0","0","0","0","0","0","0","0","-","0","0","0","0","0","0","0","0","0","0","0","0","0","0","0","0","0","0","0","0","0","0","0","0","0","0","0","0","0","0","0","0","0","0","0","0","0","0","0","0"
"0x7b3fff770b10","      LEA.HI.X R7, R72, R7, R5, 0x2, P4","0","0","0","0","0","0","0","0","32","0","-","-","-","0","0","0","0","0","0","0","0","0","-","0","0","0","0","0","0","0","0","0","0","0","0","0","0","0","0","0","0","0","0","0","0","0","0","0","0","0","0","0","0","0","0","0","0","0","0","0","0","0","0"
"0x7b3fff770b20","@!P5  FADD R41, R24, R41","0","0","0","0","0","0","0","0","32","0","-","-","-","0","0","0","0","0","0","0","0","0","-","0","0","0","0","0","0","0","0","0","0","0","0","0","0","0","0","0","0","0","0","0","0","0","0","0","0","0","0","0","0","0","0","0","0","0","0","0","0","0","0"
"0x7b3fff770b30","@!P5  FSETP.GEU.AND P2, PT, R41, R0, PT","0","0","0","0","0","0","0","0","32","0","-","-","-","0","0","0","0","0","0","0","0","0","-","0","0","0","0","0","0","0","0","0","0","0","0","0","0","0","0","0","0","0","0","0","0","0","0","0","0","0","0","0","0","0","0","0","0","0","0","0","0","0","0"
"0x7b3fff770b40","@!P5  FSEL R41, R0, R41, !P2","0","0","0","0","0","0","0","0","32","0","-","-","-","0","0","0","0","0","0","0","0","0","-","0","0","0","0","0","0","0","0","0","0","0","0","0","0","0","0","0","0","0","0","0","0","0","0","0","0","0","0","0","0","0","0","0","0","0","0","0","0","0","0"
"0x7b3fff770b50","@!P5  ST.E desc[UR24][R36.64], R41","0","0","0","0","0","0","0","0","32","0","","","","0","0","0","0","0","0","0","0","0","","0","0","0","0","0","0","0","0","0","0","0","0","0","0","0","0","0","0","0","0","0","0","0","0","0","0","0","0","0","0","0","0","0","0","0","0","0","0","0","0"
"0x7b3fff770b60","@!P3  LDG.E R35, desc[UR24][R6.64]","0","0","0","0","0","0","0","0","32","0","","","","0","0","0","0","0","0","0","0","0","","0","0","0","0","0","0","0","0","0","0","0","0","0","0","0","0","0","0","0","0","0","0","0","0","0","0","0","0","0","0","0","0","0","0","0","0","0","0","0","0"
"0x7b3fff770b70","@!P3  SHF.R.S32.HI R5, RZ, 0x1f, R32","0","0","0","0","0","0","0","0","32","0","-","-","-","0","0","0","0","0","0","0","0","0","-","0","0","0","0","0","0","0","0","0","0","0","0","0","0","0","0","0","0","0","0","0","0","0","0","0","0","0","0","0","0","0","0","0","0","0","0","0","0","0","0"
"0x7b3fff770b80","@!P3  MOV R4, R32","0","0","0","0","0","0","0","0","32","0","-","-","-","0","0","0","0","0","0","0","0","0","-","0","0","0","0","0","0","0","0","0","0","0","0","0","0","0","0","0","0","0","0","0","0","0","0","0","0","0","0","0","0","0","0","0","0","0","0","0","0","0","0"
"0x7b3fff770b90","      ISETP.GE.AND P2, PT, R27, UR7, PT","0","0","0","0","0","0","0","0","32","0","-","-","-","0","0","0","0","0","0","0","0","0","-","0","0","0","0","0","0","0","0","0","0","0","0","0","0","0","0","0","0","0","0","0","0","0","0","0","0","0","0","0","0","0","0","0","0","0","0","0","0","0","0"
"0x7b3fff770ba0","@!P3  IADD.64 R8, R4, R8","0","0","0","0","0","0","0","0","32","0","-","-","-","0","0","0","0","0","0","0","0","0","-","0","0","0","0","0","0","0","0","0","0","0","0","0","0","0","0","0","0","0","0","0","0","0","0","0","0","0","0","0","0","0","0","0","0","0","0","0","0","0","0"
"0x7b3fff770bb0","      ISETP.GE.OR P2, PT, R18, UR6, P2","0","0","0","0","0","0","0","0","32","0","-","-","-","0","0","0","0","0","0","0","0","0","-","0","0","0","0","0","0","0","0","0","0","0","0","0","0","0","0","0","0","0","0","0","0","0","0","0","0","0","0","0","0","0","0","0","0","0","0","0","0","0","0"
"0x7b3fff770bc0","@!P3  LEA R4, P5, R8, UR28, 0x2","0","0","0","0","0","0","0","0","32","0","-","-","-","0","0","0","0","0","0","0","0","0","-","0","0","0","0","0","0","0","0","0","0","0","0","0","0","0","0","0","0","0","0","0","0","0","0","0","0","0","0","0","0","0","0","0","0","0","0","0","0","0","0"
"0x7b3fff770bd0","@!P3  LEA.HI.X R5, R8, UR29, R9, 0x2, P5","0","0","0","0","0","0","0","0","32","0","-","-","-","0","0","0","0","0","0","0","0","0","-","0","0","0","0","0","0","0","0","0","0","0","0","0","0","0","0","0","0","0","0","0","0","0","0","0","0","0","0","0","0","0","0","0","0","0","0","0","0","0","0"
"0x7b3fff770be0","@!P3  FADD R35, R35, R66","0","0","0","0","0","0","0","0","32","0","-","-","-","0","0","0","0","0","0","0","0","0","-","0","0","0","0","0","0","0","0","0","0","0","0","0","0","0","0","0","0","0","0","0","0","0","0","0","0","0","0","0","0","0","0","0","0","0","0","0","0","0","0"
"0x7b3fff770bf0","@!P3  FSETP.GEU.AND P4, PT, R35, R0, PT","0","0","0","0","0","0","0","0","32","0","-","-","-","0","0","0","0","0","0","0","0","0","-","0","0","0","0","0","0","0","0","0","0","0","0","0","0","0","0","0","0","0","0","0","0","0","0","0","0","0","0","0","0","0","0","0","0","0","0","0","0","0","0"
"0x7b3fff770c00","@!P3  FSEL R35, R0, R35, !P4","0","0","0","0","0","0","0","0","32","0","-","-","-","0","0","0","0","0","0","0","0","0","-","0","0","0","0","0","0","0","0","0","0","0","0","0","0","0","0","0","0","0","0","0","0","0","0","0","0","0","0","0","0","0","0","0","0","0","0","0","0","0","0"
"0x7b3fff770c10","@!P3  ST.E desc[UR24][R4.64], R35","0","0","0","0","0","0","0","0","32","0","","","","0","0","0","0","0","0","0","0","0","","0","0","0","0","0","0","0","0","0","0","0","0","0","0","0","0","0","0","0","0","0","0","0","0","0","0","0","0","0","0","0","0","0","0","0","0","0","0","0","0"
"0x7b3fff770c20","@!P2  LDG.E R24, desc[UR24][R14.64]","0","0","0","0","0","0","0","0","32","0","","","","0","0","0","0","0","0","0","0","0","","0","0","0","0","0","0","0","0","0","0","0","0","0","0","0","0","0","0","0","0","0","0","0","0","0","0","0","0","0","0","0","0","0","0","0","0","0","0","0","0"
"0x7b3fff770c30","      IMAD.WIDE.U32 R8, R27, UR5, RZ","0","0","0","0","0","0","0","0","32","0","-","-","-","0","0","0","0","0","0","0","0","0","-","0","0","0","0","0","0","0","0","0","0","0","0","0","0","0","0","0","0","0","0","0","0","0","0","0","0","0","0","0","0","0","0","0","0","0","0","0","0","0","0"
"0x7b3fff770c40","      ISETP.GE.OR P4, PT, R27, UR7, P0","0","0","0","0","0","0","0","0","32","0","-","-","-","0","0","0","0","0","0","0","0","0","-","0","0","0","0","0","0","0","0","0","0","0","0","0","0","0","0","0","0","0","0","0","0","0","0","0","0","0","0","0","0","0","0","0","0","0","0","0","0","0","0"
"0x7b3fff770c50","      IMAD R9, R27, UR4, R9","0","0","0","0","0","0","0","0","32","0","-","-","-","0","0","0","0","0","0","0","0","0","-","0","0","0","0","0","0","0","0","0","0","0","0","0","0","0","0","0","0","0","0","0","0","0","0","0","0","0","0","0","0","0","0","0","0","0","0","0","0","0","0"
"0x7b3fff770c60","      IADD.64 R4, R2, R8","0","0","0","0","0","0","0","0","32","0","-","-","-","0","0","0","0","0","0","0","0","0","-","0","0","0","0","0","0","0","0","0","0","0","0","0","0","0","0","0","0","0","0","0","0","0","0","0","0","0","0","0","0","0","0","0","0","0","0","0","0","0","0"
"0x7b3fff770c70","      LEA R36, P5, R4, UR28, 0x2","0","0","0","0","0","0","0","0","32","0","-","-","-","0","0","0","0","0","0","0","0","0","-","0","0","0","0","0","0","0","0","0","0","0","0","0","0","0","0","0","0","0","0","0","0","0","0","0","0","0","0","0","0","0","0","0","0","0","0","0","0","0","0"
"0x7b3fff770c80","      LEA.HI.X R37, R4, UR29, R5, 0x2, P5","0","0","0","0","0","0","0","0","32","0","-","-","-","0","0","0","0","0","0","0","0","0","-","0","0","0","0","0","0","0","0","0","0","0","0","0","0","0","0","0","0","0","0","0","0","0","0","0","0","0","0","0","0","0","0","0","0","0","0","0","0","0","0"
"0x7b3fff770c90","      ISETP.GE.OR P5, PT, R27, UR7, P6","0","0","0","0","0","0","0","0","32","0","-","-","-","0","0","0","0","0","0","0","0","0","-","0","0","0","0","0","0","0","0","0","0","0","0","0","0","0","0","0","0","0","0","0","0","0","0","0","0","0","0","0","0","0","0","0","0","0","0","0","0","0","0"
"0x7b3fff770ca0","@!P2  FADD R29, R24, R29","0","0","0","0","0","0","0","0","32","0","-","-","-","0","0","0","0","0","0","0","0","0","-","0","0","0","0","0","0","0","0","0","0","0","0","0","0","0","0","0","0","0","0","0","0","0","0","0","0","0","0","0","0","0","0","0","0","0","0","0","0","0","0"
"0x7b3fff770cb0","@!P2  FSETP.GEU.AND P3, PT, R29, R0, PT","0","0","0","0","0","0","0","0","32","0","-","-","-","0","0","0","0","0","0","0","0","0","-","0","0","0","0","0","0","0","0","0","0","0","0","0","0","0","0","0","0","0","0","0","0","0","0","0","0","0","0","0","0","0","0","0","0","0","0","0","0","0","0"
"0x7b3fff770cc0","@!P2  FSEL R29, R0, R29, !P3","0","0","0","0","0","0","0","0","32","0","-","-","-","0","0","0","0","0","0","0","0","0","-","0","0","0","0","0","0","0","0","0","0","0","0","0","0","0","0","0","0","0","0","0","0","0","0","0","0","0","0","0","0","0","0","0","0","0","0","0","0","0","0"
"0x7b3fff770cd0","      ISETP.GE.OR P3, PT, R27, UR7, P1","0","0","0","0","0","0","0","0","32","0","-","-","-","0","0","0","0","0","0","0","0","0","-","0","0","0","0","0","0","0","0","0","0","0","0","0","0","0","0","0","0","0","0","0","0","0","0","0","0","0","0","0","0","0","0","0","0","0","0","0","0","0","0"
"0x7b3fff770ce0","@!P2  ST.E desc[UR24][R36.64], R29","0","0","0","0","0","0","0","0","32","0","","","","0","0","0","0","0","0","0","0","0","","0","0","0","0","0","0","0","0","0","0","0","0","0","0","0","0","0","0","0","0","0","0","0","0","0","0","0","0","0","0","0","0","0","0","0","0","0","0","0","0"
"0x7b3fff770cf0","@P4   BRA 0x7b3fff770d50","0","0","0","0","0","0","0","0","32","0","-","-","-","0","0","0","0","0","0","0","0","0","-","0","0","0","0","0","0","0","0","0","0","0","0","0","0","0","0","0","0","0","0","0","0","0","0","0","0","0","0","0","0","0","0","0","0","0","0","0","0","0","0"
"0x7b3fff770d00","      LDG.E R5, desc[UR24][R22.64]","0","0","0","0","0","0","0","0","32","0","","","","0","0","0","0","0","0","0","0","0","","0","0","0","0","0","0","0","0","0","0","0","0","0","0","0","0","0","0","0","0","0","0","0","0","0","0","0","0","0","0","0","0","0","0","0","0","0","0","0","0"
"0x7b3fff770d10","      FADD R5, R5, R52","0","0","0","0","0","0","0","0","32","0","-","-","-","0","0","0","0","0","0","0","0","0","-","0","0","0","0","0","0","0","0","0","0","0","0","0","0","0","0","0","0","0","0","0","0","0","0","0","0","0","0","0","0","0","0","0","0","0","0","0","0","0","0"
"0x7b3fff770d20","      FSETP.GEU.AND P2, PT, R5, R0, PT","0","0","0","0","0","0","0","0","32","0","-","-","-","0","0","0","0","0","0","0","0","0","-","0","0","0","0","0","0","0","0","0","0","0","0","0","0","0","0","0","0","0","0","0","0","0","0","0","0","0","0","0","0","0","0","0","0","0","0","0","0","0","0"
"0x7b3fff770d30","      FSEL R5, R0, R5, !P2","0","0","0","0","0","0","0","0","32","0","-","-","-","0","0","0","0","0","0","0","0","0","-","0","0","0","0","0","0","0","0","0","0","0","0","0","0","0","0","0","0","0","0","0","0","0","0","0","0","0","0","0","0","0","0","0","0","0","0","0","0","0","0"
"0x7b3fff770d40","      ST.E desc[UR24][R36.64+0x4], R5","0","0","0","0","0","0","0","0","32","0","","","","0","0","0","0","0","0","0","0","0","","0","0","0","0","0","0","0","0","0","0","0","0","0","0","0","0","0","0","0","0","0","0","0","0","0","0","0","0","0","0","0","0","0","0","0","0","0","0","0","0"
"0x7b3fff770d50","      BSYNC.RECONVERGENT B0","0","0","0","0","0","0","0","0","32","0","-","-","-","0","0","0","0","0","0","0","0","0","-","0","0","0","0","0","0","0","0","0","0","0","0","0","0","0","0","0","0","0","0","0","0","0","0","0","0","0","0","0","0","0","0","0","0","0","0","0","0","0","0"
"0x7b3fff770d60","      BSSY.RECONVERGENT B0, 0x7b3fff770de0","0","0","0","0","0","0","0","0","32","0","-","-","-","0","0","0","0","0","0","0","0","0","-","0","0","0","0","0","0","0","0","0","0","0","0","0","0","0","0","0","0","0","0","0","0","0","0","0","0","0","0","0","0","0","0","0","0","0","0","0","0","0","0"
"0x7b3fff770d70","@P5   BRA 0x7b3fff770dd0","0","0","0","0","0","0","0","0","32","0","-","-","-","0","0","0","0","0","0","0","0","0","-","0","0","0","0","0","0","0","0","0","0","0","0","0","0","0","0","0","0","0","0","0","0","0","0","0","0","0","0","0","0","0","0","0","0","0","0","0","0","0","0"
"0x7b3fff770d80","      LDG.E R5, desc[UR24][R12.64]","0","0","0","0","0","0","0","0","32","0","","","","0","0","0","0","0","0","0","0","0","","0","0","0","0","0","0","0","0","0","0","0","0","0","0","0","0","0","0","0","0","0","0","0","0","0","0","0","0","0","0","0","0","0","0","0","0","0","0","0","0"
"0x7b3fff770d90","      FADD R5, R5, R58","0","0","0","0","0","0","0","0","32","0","-","-","-","0","0","0","0","0","0","0","0","0","-","0","0","0","0","0","0","0","0","0","0","0","0","0","0","0","0","0","0","0","0","0","0","0","0","0","0","0","0","0","0","0","0","0","0","0","0","0","0","0","0"
"0x7b3fff770da0","      FSETP.GEU.AND P2, PT, R5, R0, PT","0","0","0","0","0","0","0","0","32","0","-","-","-","0","0","0","0","0","0","0","0","0","-","0","0","0","0","0","0","0","0","0","0","0","0","0","0","0","0","0","0","0","0","0","0","0","0","0","0","0","0","0","0","0","0","0","0","0","0","0","0","0","0"
"0x7b3fff770db0","      FSEL R5, R0, R5, !P2","0","0","0","0","0","0","0","0","32","0","-","-","-","0","0","0","0","0","0","0","0","0","-","0","0","0","0","0","0","0","0","0","0","0","0","0","0","0","0","0","0","0","0","0","0","0","0","0","0","0","0","0","0","0","0","0","0","0","0","0","0","0","0"
"0x7b3fff770dc0","      ST.E desc[UR24][R36.64+0x8], R5","0","0","0","0","0","0","0","0","32","0","","","","0","0","0","0","0","0","0","0","0","","0","0","0","0","0","0","0","0","0","0","0","0","0","0","0","0","0","0","0","0","0","0","0","0","0","0","0","0","0","0","0","0","0","0","0","0","0","0","0","0"
"0x7b3fff770dd0","      BSYNC.RECONVERGENT B0","0","0","0","0","0","0","0","0","32","0","-","-","-","0","0","0","0","0","0","0","0","0","-","0","0","0","0","0","0","0","0","0","0","0","0","0","0","0","0","0","0","0","0","0","0","0","0","0","0","0","0","0","0","0","0","0","0","0","0","0","0","0","0"
"0x7b3fff770de0","@!P3  LDG.E R5, desc[UR24][R54.64]","0","0","0","0","0","0","0","0","32","0","","","","0","0","0","0","0","0","0","0","0","","0","0","0","0","0","0","0","0","0","0","0","0","0","0","0","0","0","0","0","0","0","0","0","0","0","0","0","0","0","0","0","0","0","0","0","0","0","0","0","0"
"0x7b3fff770df0","      ISETP.GE.AND P2, PT, R16, UR6, PT","0","0","0","0","0","0","0","0","32","0","-","-","-","0","0","0","0","0","0","0","0","0","-","0","0","0","0","0","0","0","0","0","0","0","0","0","0","0","0","0","0","0","0","0","0","0","0","0","0","0","0","0","0","0","0","0","0","0","0","0","0","0","0"
"0x7b3fff770e00","      ISETP.GE.OR P4, PT, R27, UR7, P2","0","0","0","0","0","0","0","0","32","0","-","-","-","0","0","0","0","0","0","0","0","0","-","0","0","0","0","0","0","0","0","0","0","0","0","0","0","0","0","0","0","0","0","0","0","0","0","0","0","0","0","0","0","0","0","0","0","0","0","0","0","0","0"
"0x7b3fff770e10","@!P3  FADD R5, R5, R46","0","0","0","0","0","0","0","0","32","0","-","-","-","0","0","0","0","0","0","0","0","0","-","0","0","0","0","0","0","0","0","0","0","0","0","0","0","0","0","0","0","0","0","0","0","0","0","0","0","0","0","0","0","0","0","0","0","0","0","0","0","0","0"
"0x7b3fff770e20","@!P3  FSETP.GEU.AND P5, PT, R5, R0, PT","0","0","0","0","0","0","0","0","32","0","-","-","-","0","0","0","0","0","0","0","0","0","-","0","0","0","0","0","0","0","0","0","0","0","0","0","0","0","0","0","0","0","0","0","0","0","0","0","0","0","0","0","0","0","0","0","0","0","0","0","0","0","0"
"0x7b3fff770e30","@!P3  FSEL R19, R0, R5, !P5","0","0","0","0","0","0","0","0","32","0","-","-","-","0","0","0","0","0","0","0","0","0","-","0","0","0","0","0","0","0","0","0","0","0","0","0","0","0","0","0","0","0","0","0","0","0","0","0","0","0","0","0","0","0","0","0","0","0","0","0","0","0","0"
"0x7b3fff770e40","@!P3  ST.E desc[UR24][R36.64+0xc], R19","0","0","0","0","0","0","0","0","32","0","","","","0","0","0","0","0","0","0","0","0","","0","0","0","0","0","0","0","0","0","0","0","0","0","0","0","0","0","0","0","0","0","0","0","0","0","0","0","0","0","0","0","0","0","0","0","0","0","0","0","0"
"0x7b3fff770e50","@!P4  LDG.E R4, desc[UR24][R10.64]","0","0","0","0","0","0","0","0","32","0","","","","0","0","0","0","0","0","0","0","0","","0","0","0","0","0","0","0","0","0","0","0","0","0","0","0","0","0","0","0","0","0","0","0","0","0","0","0","0","0","0","0","0","0","0","0","0","0","0","0","0"
"0x7b3fff770e60","      ISETP.GE.AND P3, PT, R34, UR6, PT","0","0","0","0","0","0","0","0","32","0","-","-","-","0","0","0","0","0","0","0","0","0","-","0","0","0","0","0","0","0","0","0","0","0","0","0","0","0","0","0","0","0","0","0","0","0","0","0","0","0","0","0","0","0","0","0","0","0","0","0","0","0","0"
"0x7b3fff770e70","@!P4  SHF.R.S32.HI R37, RZ, 0x1f, R16","0","0","0","0","0","0","0","0","32","0","-","-","-","0","0","0","0","0","0","0","0","0","-","0","0","0","0","0","0","0","0","0","0","0","0","0","0","0","0","0","0","0","0","0","0","0","0","0","0","0","0","0","0","0","0","0","0","0","0","0","0","0","0"
"0x7b3fff770e80","@!P4  MOV R36, R16","0","0","0","0","0","0","0","0","32","0","-","-","-","0","0","0","0","0","0","0","0","0","-","0","0","0","0","0","0","0","0","0","0","0","0","0","0","0","0","0","0","0","0","0","0","0","0","0","0","0","0","0","0","0","0","0","0","0","0","0","0","0","0"
"0x7b3fff770e90","@!P4  IADD.64 R36, R36, R8","0","0","0","0","0","0","0","0","32","0","-","-","-","0","0","0","0","0","0","0","0","0","-","0","0","0","0","0","0","0","0","0","0","0","0","0","0","0","0","0","0","0","0","0","0","0","0","0","0","0","0","0","0","0","0","0","0","0","0","0","0","0","0"
"0x7b3fff770ea0","@!P4  FADD R49, R4, R49","0","0","0","0","0","0","0","0","32","0","-","-","-","0","0","0","0","0","0","0","0","0","-","0","0","0","0","0","0","0","0","0","0","0","0","0","0","0","0","0","0","0","0","0","0","0","0","0","0","0","0","0","0","0","0","0","0","0","0","0","0","0","0"
"0x7b3fff770eb0","@!P4  FSETP.GEU.AND P5, PT, R49, R0, PT","0","0","0","0","0","0","0","0","32","0","-","-","-","0","0","0","0","0","0","0","0","0","-","0","0","0","0","0","0","0","0","0","0","0","0","0","0","0","0","0","0","0","0","0","0","0","0","0","0","0","0","0","0","0","0","0","0","0","0","0","0","0","0"
"0x7b3fff770ec0","@!P4  FSEL R29, R0, R49, !P5","0","0","0","0","0","0","0","0","32","0","-","-","-","0","0","0","0","0","0","0","0","0","-","0","0","0","0","0","0","0","0","0","0","0","0","0","0","0","0","0","0","0","0","0","0","0","0","0","0","0","0","0","0","0","0","0","0","0","0","0","0","0","0"
"0x7b3fff770ed0","@!P4  LEA R4, P5, R36, UR28, 0x2","0","0","0","0","0","0","0","0","32","0","-","-","-","0","0","0","0","0","0","0","0","0","-","0","0","0","0","0","0","0","0","0","0","0","0","0","0","0","0","0","0","0","0","0","0","0","0","0","0","0","0","0","0","0","0","0","0","0","0","0","0","0","0"
"0x7b3fff770ee0","@!P4  LEA.HI.X R5, R36, UR29, R37, 0x2, P5","0","0","0","0","0","0","0","0","32","0","-","-","-","0","0","0","0","0","0","0","0","0","-","0","0","0","0","0","0","0","0","0","0","0","0","0","0","0","0","0","0","0","0","0","0","0","0","0","0","0","0","0","0","0","0","0","0","0","0","0","0","0","0"
"0x7b3fff770ef0","      ISETP.GE.OR P5, PT, R27, UR7, P3","0","0","0","0","0","0","0","0","32","0","-","-","-","0","0","0","0","0","0","0","0","0","-","0","0","0","0","0","0","0","0","0","0","0","0","0","0","0","0","0","0","0","0","0","0","0","0","0","0","0","0","0","0","0","0","0","0","0","0","0","0","0","0"
"0x7b3fff770f00","@!P4  ST.E desc[UR24][R4.64], R29","0","0","0","0","0","0","0","0","32","0","","","","0","0","0","0","0","0","0","0","0","","0","0","0","0","0","0","0","0","0","0","0","0","0","0","0","0","0","0","0","0","0","0","0","0","0","0","0","0","0","0","0","0","0","0","0","0","0","0","0","0"
"0x7b3fff770f10","@!P5  LDG.E R24, desc[UR24][R20.64]","0","0","0","0","0","0","0","0","32","0","","","","0","0","0","0","0","0","0","0","0","","0","0","0","0","0","0","0","0","0","0","0","0","0","0","0","0","0","0","0","0","0","0","0","0","0","0","0","0","0","0","0","0","0","0","0","0","0","0","0","0"
"0x7b3fff770f20","      ISETP.GE.AND P6, PT, R33, UR6, PT","0","0","0","0","0","0","0","0","32","0","-","-","-","0","0","0","0","0","0","0","0","0","-","0","0","0","0","0","0","0","0","0","0","0","0","0","0","0","0","0","0","0","0","0","0","0","0","0","0","0","0","0","0","0","0","0","0","0","0","0","0","0","0"
"0x7b3fff770f30","@!P5  SHF.R.S32.HI R5, RZ, 0x1f, R34","0","0","0","0","0","0","0","0","32","0","-","-","-","0","0","0","0","0","0","0","0","0","-","0","0","0","0","0","0","0","0","0","0","0","0","0","0","0","0","0","0","0","0","0","0","0","0","0","0","0","0","0","0","0","0","0","0","0","0","0","0","0","0"
"0x7b3fff770f40","@!P5  MOV R4, R34","0","0","0","0","0","0","0","0","32","0","-","-","-","0","0","0","0","0","0","0","0","0","-","0","0","0","0","0","0","0","0","0","0","0","0","0","0","0","0","0","0","0","0","0","0","0","0","0","0","0","0","0","0","0","0","0","0","0","0","0","0","0","0"
"0x7b3fff770f50","      LOP3.LUT R28, R28, 0xfffffff7, RZ, 0xc0, !PT","0","0","0","0","0","0","0","0","32","0","-","-","-","0","0","0","0","0","0","0","0","0","-","0","0","0","0","0","0","0","0","0","0","0","0","0","0","0","0","0","0","0","0","0","0","0","0","0","0","0","0","0","0","0","0","0","0","0","0","0","0","0","0"
"0x7b3fff770f60","@!P5  IADD.64 R4, R4, R8","0","0","0","0","0","0","0","0","32","0","-","-","-","0","0","0","0","0","0","0","0","0","-","0","0","0","0","0","0","0","0","0","0","0","0","0","0","0","0","0","0","0","0","0","0","0","0","0","0","0","0","0","0","0","0","0","0","0","0","0","0","0","0"
"0x7b3fff770f70","@P6   LOP3.LUT R28, R28, 0x8, RZ, 0xfc, !PT","0","0","0","0","0","0","0","0","32","0","-","-","-","0","0","0","0","0","0","0","0","0","-","0","0","0","0","0","0","0","0","0","0","0","0","0","0","0","0","0","0","0","0","0","0","0","0","0","0","0","0","0","0","0","0","0","0","0","0","0","0","0","0"
"0x7b3fff770f80","@!P5  FADD R39, R24, R39","0","0","0","0","0","0","0","0","32","0","-","-","-","0","0","0","0","0","0","0","0","0","-","0","0","0","0","0","0","0","0","0","0","0","0","0","0","0","0","0","0","0","0","0","0","0","0","0","0","0","0","0","0","0","0","0","0","0","0","0","0","0","0"
"0x7b3fff770f90","@!P5  FSETP.GEU.AND P4, PT, R39, R0, PT","0","0","0","0","0","0","0","0","32","0","-","-","-","0","0","0","0","0","0","0","0","0","-","0","0","0","0","0","0","0","0","0","0","0","0","0","0","0","0","0","0","0","0","0","0","0","0","0","0","0","0","0","0","0","0","0","0","0","0","0","0","0","0"
"0x7b3fff770fa0","@!P5  FSEL R39, R0, R39, !P4","0","0","0","0","0","0","0","0","32","0","-","-","-","0","0","0","0","0","0","0","0","0","-","0","0","0","0","0","0","0","0","0","0","0","0","0","0","0","0","0","0","0","0","0","0","0","0","0","0","0","0","0","0","0","0","0","0","0","0","0","0","0","0"
"0x7b3fff770fb0","@!P5  LEA R48, P4, R4, UR28, 0x2","0","0","0","0","0","0","0","0","32","0","-","-","-","0","0","0","0","0","0","0","0","0","-","0","0","0","0","0","0","0","0","0","0","0","0","0","0","0","0","0","0","0","0","0","0","0","0","0","0","0","0","0","0","0","0","0","0","0","0","0","0","0","0"
"0x7b3fff770fc0","@!P5  LEA.HI.X R49, R4, UR29, R5, 0x2, P4","0","0","0","0","0","0","0","0","32","0","-","-","-","0","0","0","0","0","0","0","0","0","-","0","0","0","0","0","0","0","0","0","0","0","0","0","0","0","0","0","0","0","0","0","0","0","0","0","0","0","0","0","0","0","0","0","0","0","0","0","0","0","0"
"0x7b3fff770fd0","      ISETP.GE.OR P4, PT, R27, UR7, P6","0","0","0","0","0","0","0","0","32","0","-","-","-","0","0","0","0","0","0","0","0","0","-","0","0","0","0","0","0","0","0","0","0","0","0","0","0","0","0","0","0","0","0","0","0","0","0","0","0","0","0","0","0","0","0","0","0","0","0","0","0","0","0"
"0x7b3fff770fe0","@!P5  ST.E desc[UR24][R48.64], R39","0","0","0","0","0","0","0","0","32","0","","","","0","0","0","0","0","0","0","0","0","","0","0","0","0","0","0","0","0","0","0","0","0","0","0","0","0","0","0","0","0","0","0","0","0","0","0","0","0","0","0","0","0","0","0","0","0","0","0","0","0"
"0x7b3fff770ff0","@!P4  LDG.E R24, desc[UR24][R64.64]","0","0","0","0","0","0","0","0","32","0","","","","0","0","0","0","0","0","0","0","0","","0","0","0","0","0","0","0","0","0","0","0","0","0","0","0","0","0","0","0","0","0","0","0","0","0","0","0","0","0","0","0","0","0","0","0","0","0","0","0","0"
"0x7b3fff771000","@!P4  SHF.R.S32.HI R5, RZ, 0x1f, R33","0","0","0","0","0","0","0","0","32","0","-","-","-","0","0","0","0","0","0","0","0","0","-","0","0","0","0","0","0","0","0","0","0","0","0","0","0","0","0","0","0","0","0","0","0","0","0","0","0","0","0","0","0","0","0","0","0","0","0","0","0","0","0"
"0x7b3fff771010","@!P4  MOV R4, R33","0","0","0","0","0","0","0","0","32","0","-","-","-","0","0","0","0","0","0","0","0","0","-","0","0","0","0","0","0","0","0","0","0","0","0","0","0","0","0","0","0","0","0","0","0","0","0","0","0","0","0","0","0","0","0","0","0","0","0","0","0","0","0"
"0x7b3fff771020","@!P4  IADD.64 R36, R4, R8","0","0","0","0","0","0","0","0","32","0","-","-","-","0","0","0","0","0","0","0","0","0","-","0","0","0","0","0","0","0","0","0","0","0","0","0","0","0","0","0","0","0","0","0","0","0","0","0","0","0","0","0","0","0","0","0","0","0","0","0","0","0","0"
"0x7b3fff771030","@!P4  LEA R4, P6, R36, UR28, 0x2","0","0","0","0","0","0","0","0","32","0","-","-","-","0","0","0","0","0","0","0","0","0","-","0","0","0","0","0","0","0","0","0","0","0","0","0","0","0","0","0","0","0","0","0","0","0","0","0","0","0","0","0","0","0","0","0","0","0","0","0","0","0","0"
"0x7b3fff771040","@!P4  LEA.HI.X R5, R36, UR29, R37, 0x2, P6","0","0","0","0","0","0","0","0","32","0","-","-","-","0","0","0","0","0","0","0","0","0","-","0","0","0","0","0","0","0","0","0","0","0","0","0","0","0","0","0","0","0","0","0","0","0","0","0","0","0","0","0","0","0","0","0","0","0","0","0","0","0","0"
"0x7b3fff771050","      ISETP.GE.AND P6, PT, R32, UR6, PT","0","0","0","0","0","0","0","0","32","0","-","-","-","0","0","0","0","0","0","0","0","0","-","0","0","0","0","0","0","0","0","0","0","0","0","0","0","0","0","0","0","0","0","0","0","0","0","0","0","0","0","0","0","0","0","0","0","0","0","0","0","0","0"
"0x7b3fff771060","@!P4  FADD R43, R24, R43","0","0","0","0","0","0","0","0","32","0","-","-","-","0","0","0","0","0","0","0","0","0","-","0","0","0","0","0","0","0","0","0","0","0","0","0","0","0","0","0","0","0","0","0","0","0","0","0","0","0","0","0","0","0","0","0","0","0","0","0","0","0","0"
"0x7b3fff771070","@!P4  FSETP.GEU.AND P5, PT, R43, R0, PT","0","0","0","0","0","0","0","0","32","0","-","-","-","0","0","0","0","0","0","0","0","0","-","0","0","0","0","0","0","0","0","0","0","0","0","0","0","0","0","0","0","0","0","0","0","0","0","0","0","0","0","0","0","0","0","0","0","0","0","0","0","0","0"
"0x7b3fff771080","@!P4  FSEL R43, R0, R43, !P5","0","0","0","0","0","0","0","0","32","0","-","-","-","0","0","0","0","0","0","0","0","0","-","0","0","0","0","0","0","0","0","0","0","0","0","0","0","0","0","0","0","0","0","0","0","0","0","0","0","0","0","0","0","0","0","0","0","0","0","0","0","0","0"
"0x7b3fff771090","      ISETP.GE.OR P5, PT, R27, UR7, P6","0","0","0","0","0","0","0","0","32","0","-","-","-","0","0","0","0","0","0","0","0","0","-","0","0","0","0","0","0","0","0","0","0","0","0","0","0","0","0","0","0","0","0","0","0","0","0","0","0","0","0","0","0","0","0","0","0","0","0","0","0","0","0"
"0x7b3fff7710a0","@!P4  ST.E desc[UR24][R4.64], R43","0","0","0","0","0","0","0","0","32","0","","","","0","0","0","0","0","0","0","0","0","","0","0","0","0","0","0","0","0","0","0","0","0","0","0","0","0","0","0","0","0","0","0","0","0","0","0","0","0","0","0","0","0","0","0","0","0","0","0","0","0"
"0x7b3fff7710b0","@!P5  LDG.E R24, desc[UR24][R6.64]","0","0","0","0","0","0","0","0","32","0","","","","0","0","0","0","0","0","0","0","0","","0","0","0","0","0","0","0","0","0","0","0","0","0","0","0","0","0","0","0","0","0","0","0","0","0","0","0","0","0","0","0","0","0","0","0","0","0","0","0","0"
"0x7b3fff7710c0","@!P5  SHF.R.S32.HI R37, RZ, 0x1f, R32","0","0","0","0","0","0","0","0","32","0","-","-","-","0","0","0","0","0","0","0","0","0","-","0","0","0","0","0","0","0","0","0","0","0","0","0","0","0","0","0","0","0","0","0","0","0","0","0","0","0","0","0","0","0","0","0","0","0","0","0","0","0","0"
"0x7b3fff7710d0","@!P5  MOV R36, R32","0","0","0","0","0","0","0","0","32","0","-","-","-","0","0","0","0","0","0","0","0","0","-","0","0","0","0","0","0","0","0","0","0","0","0","0","0","0","0","0","0","0","0","0","0","0","0","0","0","0","0","0","0","0","0","0","0","0","0","0","0","0","0"
"0x7b3fff7710e0","      LOP3.LUT R28, R28, 0xfffffffb, RZ, 0xc0, !PT","0","0","0","0","0","0","0","0","32","0","-","-","-","0","0","0","0","0","0","0","0","0","-","0","0","0","0","0","0","0","0","0","0","0","0","0","0","0","0","0","0","0","0","0","0","0","0","0","0","0","0","0","0","0","0","0","0","0","0","0","0","0","0"
"0x7b3fff7710f0","@!P5  IADD.64 R36, R36, R8","0","0","0","0","0","0","0","0","32","0","-","-","-","0","0","0","0","0","0","0","0","0","-","0","0","0","0","0","0","0","0","0","0","0","0","0","0","0","0","0","0","0","0","0","0","0","0","0","0","0","0","0","0","0","0","0","0","0","0","0","0","0","0"
"0x7b3fff771100","@P6   LOP3.LUT R28, R28, 0x4, RZ, 0xfc, !PT","0","0","0","0","0","0","0","0","32","0","-","-","-","0","0","0","0","0","0","0","0","0","-","0","0","0","0","0","0","0","0","0","0","0","0","0","0","0","0","0","0","0","0","0","0","0","0","0","0","0","0","0","0","0","0","0","0","0","0","0","0","0","0"
"0x7b3fff771110","@!P5  LEA R8, P6, R36, UR28, 0x2","0","0","0","0","0","0","0","0","32","0","-","-","-","0","0","0","0","0","0","0","0","0","-","0","0","0","0","0","0","0","0","0","0","0","0","0","0","0","0","0","0","0","0","0","0","0","0","0","0","0","0","0","0","0","0","0","0","0","0","0","0","0","0"
"0x7b3fff771120","@!P5  LEA.HI.X R9, R36, UR29, R37, 0x2, P6","0","0","0","0","0","0","0","0","32","0","-","-","-","0","0","0","0","0","0","0","0","0","-","0","0","0","0","0","0","0","0","0","0","0","0","0","0","0","0","0","0","0","0","0","0","0","0","0","0","0","0","0","0","0","0","0","0","0","0","0","0","0","0"
"0x7b3fff771130","      IMAD.WIDE.U32 R36, R26, UR5, RZ","0","0","0","0","0","0","0","0","32","0","-","-","-","0","0","0","0","0","0","0","0","0","-","0","0","0","0","0","0","0","0","0","0","0","0","0","0","0","0","0","0","0","0","0","0","0","0","0","0","0","0","0","0","0","0","0","0","0","0","0","0","0","0"
"0x7b3fff771140","      IMAD R37, R26, UR4, R37","0","0","0","0","0","0","0","0","32","0","-","-","-","0","0","0","0","0","0","0","0","0","-","0","0","0","0","0","0","0","0","0","0","0","0","0","0","0","0","0","0","0","0","0","0","0","0","0","0","0","0","0","0","0","0","0","0","0","0","0","0","0","0"
"0x7b3fff771150","      ISETP.GE.AND P6, PT, R18, UR6, PT","0","0","0","0","0","0","0","0","32","0","-","-","-","0","0","0","0","0","0","0","0","0","-","0","0","0","0","0","0","0","0","0","0","0","0","0","0","0","0","0","0","0","0","0","0","0","0","0","0","0","0","0","0","0","0","0","0","0","0","0","0","0","0"
"0x7b3fff771160","@!P5  FADD R67, R24, R67","0","0","0","0","0","0","0","0","32","0","-","-","-","0","0","0","0","0","0","0","0","0","-","0","0","0","0","0","0","0","0","0","0","0","0","0","0","0","0","0","0","0","0","0","0","0","0","0","0","0","0","0","0","0","0","0","0","0","0","0","0","0","0"
"0x7b3fff771170","@!P5  FSETP.GEU.AND P4, PT, R67, R0, PT","0","0","0","0","0","0","0","0","32","0","-","-","-","0","0","0","0","0","0","0","0","0","-","0","0","0","0","0","0","0","0","0","0","0","0","0","0","0","0","0","0","0","0","0","0","0","0","0","0","0","0","0","0","0","0","0","0","0","0","0","0","0","0"
"0x7b3fff771180","@!P5  FSEL R19, R0, R67, !P4","0","0","0","0","0","0","0","0","32","0","-","-","-","0","0","0","0","0","0","0","0","0","-","0","0","0","0","0","0","0","0","0","0","0","0","0","0","0","0","0","0","0","0","0","0","0","0","0","0","0","0","0","0","0","0","0","0","0","0","0","0","0","0"
"0x7b3fff771190","      IADD.64 R66, R2, R36","0","0","0","0","0","0","0","0","32","0","-","-","-","0","0","0","0","0","0","0","0","0","-","0","0","0","0","0","0","0","0","0","0","0","0","0","0","0","0","0","0","0","0","0","0","0","0","0","0","0","0","0","0","0","0","0","0","0","0","0","0","0","0"
"0x7b3fff7711a0","      LEA R48, P4, R66, UR28, 0x2","0","0","0","0","0","0","0","0","32","0","-","-","-","0","0","0","0","0","0","0","0","0","-","0","0","0","0","0","0","0","0","0","0","0","0","0","0","0","0","0","0","0","0","0","0","0","0","0","0","0","0","0","0","0","0","0","0","0","0","0","0","0","0"
"0x7b3fff7711b0","      LEA.HI.X R49, R66, UR29, R67, 0x2, P4","0","0","0","0","0","0","0","0","32","0","-","-","-","0","0","0","0","0","0","0","0","0","-","0","0","0","0","0","0","0","0","0","0","0","0","0","0","0","0","0","0","0","0","0","0","0","0","0","0","0","0","0","0","0","0","0","0","0","0","0","0","0","0"
"0x7b3fff7711c0","      ISETP.GE.OR P4, PT, R26, UR7, P6","0","0","0","0","0","0","0","0","32","0","-","-","-","0","0","0","0","0","0","0","0","0","-","0","0","0","0","0","0","0","0","0","0","0","0","0","0","0","0","0","0","0","0","0","0","0","0","0","0","0","0","0","0","0","0","0","0","0","0","0","0","0","0"
"0x7b3fff7711d0","@!P5  ST.E desc[UR24][R8.64], R19","0","0","0","0","0","0","0","0","32","0","","","","0","0","0","0","0","0","0","0","0","","0","0","0","0","0","0","0","0","0","0","0","0","0","0","0","0","0","0","0","0","0","0","0","0","0","0","0","0","0","0","0","0","0","0","0","0","0","0","0","0"
"0x7b3fff7711e0","@!P4  LDG.E R5, desc[UR24][R14.64]","0","0","0","0","0","0","0","0","32","0","","","","0","0","0","0","0","0","0","0","0","","0","0","0","0","0","0","0","0","0","0","0","0","0","0","0","0","0","0","0","0","0","0","0","0","0","0","0","0","0","0","0","0","0","0","0","0","0","0","0","0"
"0x7b3fff7711f0","      LOP3.LUT R28, R28, 0xfffffffd, RZ, 0xc0, !PT","0","0","0","0","0","0","0","0","32","0","-","-","-","0","0","0","0","0","0","0","0","0","-","0","0","0","0","0","0","0","0","0","0","0","0","0","0","0","0","0","0","0","0","0","0","0","0","0","0","0","0","0","0","0","0","0","0","0","0","0","0","0","0"
"0x7b3fff771200","      BSSY.RECONVERGENT B0, 0x7b3fff7712e0","0","0","0","0","0","0","0","0","32","0","-","-","-","0","0","0","0","0","0","0","0","0","-","0","0","0","0","0","0","0","0","0","0","0","0","0","0","0","0","0","0","0","0","0","0","0","0","0","0","0","0","0","0","0","0","0","0","0","0","0","0","0","0"
"0x7b3fff771210","@P6   LOP3.LUT R28, R28, 0x2, RZ, 0xfc, !PT","0","0","0","0","0","0","0","0","32","0","-","-","-","0","0","0","0","0","0","0","0","0","-","0","0","0","0","0","0","0","0","0","0","0","0","0","0","0","0","0","0","0","0","0","0","0","0","0","0","0","0","0","0","0","0","0","0","0","0","0","0","0","0"
"0x7b3fff771220","@!P4  FADD R5, R5, R30","0","0","0","0","0","0","0","0","32","0","-","-","-","0","0","0","0","0","0","0","0","0","-","0","0","0","0","0","0","0","0","0","0","0","0","0","0","0","0","0","0","0","0","0","0","0","0","0","0","0","0","0","0","0","0","0","0","0","0","0","0","0","0"
"0x7b3fff771230","@!P4  FSETP.GEU.AND P5, PT, R5, R0, PT","0","0","0","0","0","0","0","0","32","0","-","-","-","0","0","0","0","0","0","0","0","0","-","0","0","0","0","0","0","0","0","0","0","0","0","0","0","0","0","0","0","0","0","0","0","0","0","0","0","0","0","0","0","0","0","0","0","0","0","0","0","0","0"
"0x7b3fff771240","@!P4  FSEL R5, R0, R5, !P5","0","0","0","0","0","0","0","0","32","0","-","-","-","0","0","0","0","0","0","0","0","0","-","0","0","0","0","0","0","0","0","0","0","0","0","0","0","0","0","0","0","0","0","0","0","0","0","0","0","0","0","0","0","0","0","0","0","0","0","0","0","0","0"
"0x7b3fff771250","@!P4  ST.E desc[UR24][R48.64], R5","0","0","0","0","0","0","0","0","32","0","","","","0","0","0","0","0","0","0","0","0","","0","0","0","0","0","0","0","0","0","0","0","0","0","0","0","0","0","0","0","0","0","0","0","0","0","0","0","0","0","0","0","0","0","0","0","0","0","0","0","0"
"0x7b3fff771260","      ISETP.GE.OR P4, PT, R26, UR7, P0","0","0","0","0","0","0","0","0","32","0","-","-","-","0","0","0","0","0","0","0","0","0","-","0","0","0","0","0","0","0","0","0","0","0","0","0","0","0","0","0","0","0","0","0","0","0","0","0","0","0","0","0","0","0","0","0","0","0","0","0","0","0","0"
"0x7b3fff771270","@P4   BRA 0x7b3fff7712d0","0","0","0","0","0","0","0","0","32","0","-","-","-","0","0","0","0","0","0","0","0","0","-","0","0","0","0","0","0","0","0","0","0","0","0","0","0","0","0","0","0","0","0","0","0","0","0","0","0","0","0","0","0","0","0","0","0","0","0","0","0","0","0"
"0x7b3fff771280","      LDG.E R4, desc[UR24][R22.64]","0","0","0","0","0","0","0","0","32","0","","","","0","0","0","0","0","0","0","0","0","","0","0","0","0","0","0","0","0","0","0","0","0","0","0","0","0","0","0","0","0","0","0","0","0","0","0","0","0","0","0","0","0","0","0","0","0","0","0","0","0"
"0x7b3fff771290","      FADD R53, R4, R53","0","0","0","0","0","0","0","0","32","0","-","-","-","0","0","0","0","0","0","0","0","0","-","0","0","0","0","0","0","0","0","0","0","0","0","0","0","0","0","0","0","0","0","0","0","0","0","0","0","0","0","0","0","0","0","0","0","0","0","0","0","0","0"
"0x7b3fff7712a0","      FSETP.GEU.AND P4, PT, R53, R0, PT","0","0","0","0","0","0","0","0","32","0","-","-","-","0","0","0","0","0","0","0","0","0","-","0","0","0","0","0","0","0","0","0","0","0","0","0","0","0","0","0","0","0","0","0","0","0","0","0","0","0","0","0","0","0","0","0","0","0","0","0","0","0","0"
"0x7b3fff7712b0","      FSEL R53, R0, R53, !P4","0","0","0","0","0","0","0","0","32","0","-","-","-","0","0","0","0","0","0","0","0","0","-","0","0","0","0","0","0","0","0","0","0","0","0","0","0","0","0","0","0","0","0","0","0","0","0","0","0","0","0","0","0","0","0","0","0","0","0","0","0","0","0"
"0x7b3fff7712c0","      ST.E desc[UR24][R48.64+0x4], R53","0","0","0","0","0","0","0","0","32","0","","","","0","0","0","0","0","0","0","0","0","","0","0","0","0","0","0","0","0","0","0","0","0","0","0","0","0","0","0","0","0","0","0","0","0","0","0","0","0","0","0","0","0","0","0","0","0","0","0","0","0"
"0x7b3fff7712d0","      BSYNC.RECONVERGENT B0","0","0","0","0","0","0","0","0","32","0","-","-","-","0","0","0","0","0","0","0","0","0","-","0","0","0","0","0","0","0","0","0","0","0","0","0","0","0","0","0","0","0","0","0","0","0","0","0","0","0","0","0","0","0","0","0","0","0","0","0","0","0","0"
"0x7b3fff7712e0","      LOP3.LUT P4, RZ, R28, 0x1, RZ, 0xc0, !PT","0","0","0","0","0","0","0","0","32","0","-","-","-","0","0","0","0","0","0","0","0","0","-","0","0","0","0","0","0","0","0","0","0","0","0","0","0","0","0","0","0","0","0","0","0","0","0","0","0","0","0","0","0","0","0","0","0","0","0","0","0","0","0"
"0x7b3fff7712f0","      BSSY.RECONVERGENT B0, 0x7b3fff771380","0","0","0","0","0","0","0","0","32","0","-","-","-","0","0","0","0","0","0","0","0","0","-","0","0","0","0","0","0","0","0","0","0","0","0","0","0","0","0","0","0","0","0","0","0","0","0","0","0","0","0","0","0","0","0","0","0","0","0","0","0","0","0"
"0x7b3fff771300","      ISETP.GE.OR P4, PT, R26, UR7, P4","0","0","0","0","0","0","0","0","32","0","-","-","-","0","0","0","0","0","0","0","0","0","-","0","0","0","0","0","0","0","0","0","0","0","0","0","0","0","0","0","0","0","0","0","0","0","0","0","0","0","0","0","0","0","0","0","0","0","0","0","0","0","0"
"0x7b3fff771310","@P4   BRA 0x7b3fff771370","0","0","0","0","0","0","0","0","32","0","-","-","-","0","0","0","0","0","0","0","0","0","-","0","0","0","0","0","0","0","0","0","0","0","0","0","0","0","0","0","0","0","0","0","0","0","0","0","0","0","0","0","0","0","0","0","0","0","0","0","0","0","0"
"0x7b3fff771320","      LDG.E R4, desc[UR24][R12.64]","0","0","0","0","0","0","0","0","32","0","","","","0","0","0","0","0","0","0","0","0","","0","0","0","0","0","0","0","0","0","0","0","0","0","0","0","0","0","0","0","0","0","0","0","0","0","0","0","0","0","0","0","0","0","0","0","0","0","0","0","0"
"0x7b3fff771330","      FADD R59, R4, R59","0","0","0","0","0","0","0","0","32","0","-","-","-","0","0","0","0","0","0","0","0","0","-","0","0","0","0","0","0","0","0","0","0","0","0","0","0","0","0","0","0","0","0","0","0","0","0","0","0","0","0","0","0","0","0","0","0","0","0","0","0","0","0"
"0x7b3fff771340","      FSETP.GEU.AND P4, PT, R59, R0, PT","0","0","0","0","0","0","0","0","32","0","-","-","-","0","0","0","0","0","0","0","0","0","-","0","0","0","0","0","0","0","0","0","0","0","0","0","0","0","0","0","0","0","0","0","0","0","0","0","0","0","0","0","0","0","0","0","0","0","0","0","0","0","0"
"0x7b3fff771350","      FSEL R59, R0, R59, !P4","0","0","0","0","0","0","0","0","32","0","-","-","-","0","0","0","0","0","0","0","0","0","-","0","0","0","0","0","0","0","0","0","0","0","0","0","0","0","0","0","0","0","0","0","0","0","0","0","0","0","0","0","0","0","0","0","0","0","0","0","0","0","0"
"0x7b3fff771360","      ST.E desc[UR24][R48.64+0x8], R59","0","0","0","0","0","0","0","0","32","0","","","","0","0","0","0","0","0","0","0","0","","0","0","0","0","0","0","0","0","0","0","0","0","0","0","0","0","0","0","0","0","0","0","0","0","0","0","0","0","0","0","0","0","0","0","0","0","0","0","0","0"
"0x7b3fff771370","      BSYNC.RECONVERGENT B0","0","0","0","0","0","0","0","0","32","0","-","-","-","0","0","0","0","0","0","0","0","0","-","0","0","0","0","0","0","0","0","0","0","0","0","0","0","0","0","0","0","0","0","0","0","0","0","0","0","0","0","0","0","0","0","0","0","0","0","0","0","0","0"
"0x7b3fff771380","      ISETP.GE.OR P5, PT, R26, UR7, P1","0","0","0","0","0","0","0","0","32","0","-","-","-","0","0","0","0","0","0","0","0","0","-","0","0","0","0","0","0","0","0","0","0","0","0","0","0","0","0","0","0","0","0","0","0","0","0","0","0","0","0","0","0","0","0","0","0","0","0","0","0","0","0"
"0x7b3fff771390","@!P5  LDG.E R5, desc[UR24][R54.64]","0","0","0","0","0","0","0","0","32","0","","","","0","0","0","0","0","0","0","0","0","","0","0","0","0","0","0","0","0","0","0","0","0","0","0","0","0","0","0","0","0","0","0","0","0","0","0","0","0","0","0","0","0","0","0","0","0","0","0","0","0"
"0x7b3fff7713a0","@!P5  FADD R5, R5, R44","0","0","0","0","0","0","0","0","32","0","-","-","-","0","0","0","0","0","0","0","0","0","-","0","0","0","0","0","0","0","0","0","0","0","0","0","0","0","0","0","0","0","0","0","0","0","0","0","0","0","0","0","0","0","0","0","0","0","0","0","0","0","0"
"0x7b3fff7713b0","@!P5  FSETP.GEU.AND P4, PT, R5, R0, PT","0","0","0","0","0","0","0","0","32","0","-","-","-","0","0","0","0","0","0","0","0","0","-","0","0","0","0","0","0","0","0","0","0","0","0","0","0","0","0","0","0","0","0","0","0","0","0","0","0","0","0","0","0","0","0","0","0","0","0","0","0","0","0"
"0x7b3fff7713c0","@!P5  FSEL R27, R0, R5, !P4","0","0","0","0","0","0","0","0","32","0","-","-","-","0","0","0","0","0","0","0","0","0","-","0","0","0","0","0","0","0","0","0","0","0","0","0","0","0","0","0","0","0","0","0","0","0","0","0","0","0","0","0","0","0","0","0","0","0","0","0","0","0","0"
"0x7b3fff7713d0","      ISETP.GE.OR P4, PT, R26, UR7, P2","0","0","0","0","0","0","0","0","32","0","-","-","-","0","0","0","0","0","0","0","0","0","-","0","0","0","0","0","0","0","0","0","0","0","0","0","0","0","0","0","0","0","0","0","0","0","0","0","0","0","0","0","0","0","0","0","0","0","0","0","0","0","0"
"0x7b3fff7713e0","@!P5  ST.E desc[UR24][R48.64+0xc], R27","0","0","0","0","0","0","0","0","32","0","","","","0","0","0","0","0","0","0","0","0","","0","0","0","0","0","0","0","0","0","0","0","0","0","0","0","0","0","0","0","0","0","0","0","0","0","0","0","0","0","0","0","0","0","0","0","0","0","0","0","0"
"0x7b3fff7713f0","@!P4  SHF.R.S32.HI R5, RZ, 0x1f, R16","0","0","0","0","0","0","0","0","32","0","-","-","-","0","0","0","0","0","0","0","0","0","-","0","0","0","0","0","0","0","0","0","0","0","0","0","0","0","0","0","0","0","0","0","0","0","0","0","0","0","0","0","0","0","0","0","0","0","0","0","0","0","0"
"0x7b3fff771400","@!P4  MOV R4, R16","0","0","0","0","0","0","0","0","32","0","-","-","-","0","0","0","0","0","0","0","0","0","-","0","0","0","0","0","0","0","0","0","0","0","0","0","0","0","0","0","0","0","0","0","0","0","0","0","0","0","0","0","0","0","0","0","0","0","0","0","0","0","0"
"0x7b3fff771410","@!P4  IADD.64 R8, R4, R36","0","0","0","0","0","0","0","0","32","0","-","-","-","0","0","0","0","0","0","0","0","0","-","0","0","0","0","0","0","0","0","0","0","0","0","0","0","0","0","0","0","0","0","0","0","0","0","0","0","0","0","0","0","0","0","0","0","0","0","0","0","0","0"
"0x7b3fff771420","@!P4  LEA R4, P6, R8, UR28, 0x2","0","0","0","0","0","0","0","0","32","0","-","-","-","0","0","0","0","0","0","0","0","0","-","0","0","0","0","0","0","0","0","0","0","0","0","0","0","0","0","0","0","0","0","0","0","0","0","0","0","0","0","0","0","0","0","0","0","0","0","0","0","0","0"
"0x7b3fff771430","@!P4  LEA.HI.X R5, R8, UR29, R9, 0x2, P6","0","0","0","0","0","0","0","0","32","0","-","-","-","0","0","0","0","0","0","0","0","0","-","0","0","0","0","0","0","0","0","0","0","0","0","0","0","0","0","0","0","0","0","0","0","0","0","0","0","0","0","0","0","0","0","0","0","0","0","0","0","0","0"
"0x7b3fff771440","@!P4  LDG.E R9, desc[UR24][R10.64]","0","0","0","0","0","0","0","0","32","0","","","","0","0","0","0","0","0","0","0","0","","0","0","0","0","0","0","0","0","0","0","0","0","0","0","0","0","0","0","0","0","0","0","0","0","0","0","0","0","0","0","0","0","0","0","0","0","0","0","0","0"
"0x7b3fff771450","@!P4  FADD R9, R9, R50","0","0","0","0","0","0","0","0","32","0","-","-","-","0","0","0","0","0","0","0","0","0","-","0","0","0","0","0","0","0","0","0","0","0","0","0","0","0","0","0","0","0","0","0","0","0","0","0","0","0","0","0","0","0","0","0","0","0","0","0","0","0","0"
"0x7b3fff771460","@!P4  FSETP.GEU.AND P5, PT, R9, R0, PT","0","0","0","0","0","0","0","0","32","0","-","-","-","0","0","0","0","0","0","0","0","0","-","0","0","0","0","0","0","0","0","0","0","0","0","0","0","0","0","0","0","0","0","0","0","0","0","0","0","0","0","0","0","0","0","0","0","0","0","0","0","0","0"
"0x7b3fff771470","@!P4  FSEL R29, R0, R9, !P5","0","0","0","0","0","0","0","0","32","0","-","-","-","0","0","0","0","0","0","0","0","0","-","0","0","0","0","0","0","0","0","0","0","0","0","0","0","0","0","0","0","0","0","0","0","0","0","0","0","0","0","0","0","0","0","0","0","0","0","0","0","0","0"
"0x7b3fff771480","      ISETP.GE.OR P5, PT, R26, UR7, P3","0","0","0","0","0","0","0","0","32","0","-","-","-","0","0","0","0","0","0","0","0","0","-","0","0","0","0","0","0","0","0","0","0","0","0","0","0","0","0","0","0","0","0","0","0","0","0","0","0","0","0","0","0","0","0","0","0","0","0","0","0","0","0"
"0x7b3fff771490","@!P4  ST.E desc[UR24][R4.64], R29","0","0","0","0","0","0","0","0","32","0","","","","0","0","0","0","0","0","0","0","0","","0","0","0","0","0","0","0","0","0","0","0","0","0","0","0","0","0","0","0","0","0","0","0","0","0","0","0","0","0","0","0","0","0","0","0","0","0","0","0","0"
"0x7b3fff7714a0","@!P5  SHF.R.S32.HI R35, RZ, 0x1f, R34","0","0","0","0","0","0","0","0","32","0","-","-","-","0","0","0","0","0","0","0","0","0","-","0","0","0","0","0","0","0","0","0","0","0","0","0","0","0","0","0","0","0","0","0","0","0","0","0","0","0","0","0","0","0","0","0","0","0","0","0","0","0","0"
"0x7b3fff7714b0","@!P5  IADD.64 R18, R34, R36","0","0","0","0","0","0","0","0","32","0","-","-","-","0","0","0","0","0","0","0","0","0","-","0","0","0","0","0","0","0","0","0","0","0","0","0","0","0","0","0","0","0","0","0","0","0","0","0","0","0","0","0","0","0","0","0","0","0","0","0","0","0","0"
"0x7b3fff7714c0","@!P5  LEA R8, P6, R18, UR28, 0x2","0","0","0","0","0","0","0","0","32","0","-","-","-","0","0","0","0","0","0","0","0","0","-","0","0","0","0","0","0","0","0","0","0","0","0","0","0","0","0","0","0","0","0","0","0","0","0","0","0","0","0","0","0","0","0","0","0","0","0","0","0","0","0"
"0x7b3fff7714d0","@!P5  LEA.HI.X R9, R18, UR29, R19, 0x2, P6","0","0","0","0","0","0","0","0","32","0","-","-","-","0","0","0","0","0","0","0","0","0","-","0","0","0","0","0","0","0","0","0","0","0","0","0","0","0","0","0","0","0","0","0","0","0","0","0","0","0","0","0","0","0","0","0","0","0","0","0","0","0","0"
"0x7b3fff7714e0","@!P5  LDG.E R19, desc[UR24][R20.64]","0","0","0","0","0","0","0","0","32","0","","","","0","0","0","0","0","0","0","0","0","","0","0","0","0","0","0","0","0","0","0","0","0","0","0","0","0","0","0","0","0","0","0","0","0","0","0","0","0","0","0","0","0","0","0","0","0","0","0","0","0"
"0x7b3fff7714f0","      LOP3.LUT P6, RZ, R28, 0x8, RZ, 0xc0, !PT","0","0","0","0","0","0","0","0","32","0","-","-","-","0","0","0","0","0","0","0","0","0","-","0","0","0","0","0","0","0","0","0","0","0","0","0","0","0","0","0","0","0","0","0","0","0","0","0","0","0","0","0","0","0","0","0","0","0","0","0","0","0","0"
"0x7b3fff771500","@!P5  FADD R19, R19, R38","0","0","0","0","0","0","0","0","32","0","-","-","-","0","0","0","0","0","0","0","0","0","-","0","0","0","0","0","0","0","0","0","0","0","0","0","0","0","0","0","0","0","0","0","0","0","0","0","0","0","0","0","0","0","0","0","0","0","0","0","0","0","0"
"0x7b3fff771510","@!P5  FSETP.GEU.AND P4, PT, R19, R0, PT","0","0","0","0","0","0","0","0","32","0","-","-","-","0","0","0","0","0","0","0","0","0","-","0","0","0","0","0","0","0","0","0","0","0","0","0","0","0","0","0","0","0","0","0","0","0","0","0","0","0","0","0","0","0","0","0","0","0","0","0","0","0","0"
"0x7b3fff771520","@!P5  FSEL R27, R0, R19, !P4","0","0","0","0","0","0","0","0","32","0","-","-","-","0","0","0","0","0","0","0","0","0","-","0","0","0","0","0","0","0","0","0","0","0","0","0","0","0","0","0","0","0","0","0","0","0","0","0","0","0","0","0","0","0","0","0","0","0","0","0","0","0","0"
"0x7b3fff771530","      ISETP.GE.OR P4, PT, R26, UR7, P6","0","0","0","0","0","0","0","0","32","0","-","-","-","0","0","0","0","0","0","0","0","0","-","0","0","0","0","0","0","0","0","0","0","0","0","0","0","0","0","0","0","0","0","0","0","0","0","0","0","0","0","0","0","0","0","0","0","0","0","0","0","0","0"
"0x7b3fff771540","@!P5  ST.E desc[UR24][R8.64], R27","0","0","0","0","0","0","0","0","32","0","","","","0","0","0","0","0","0","0","0","0","","0","0","0","0","0","0","0","0","0","0","0","0","0","0","0","0","0","0","0","0","0","0","0","0","0","0","0","0","0","0","0","0","0","0","0","0","0","0","0","0"
"0x7b3fff771550","@!P4  LDG.E R5, desc[UR24][R64.64]","0","0","0","0","0","0","0","0","32","0","","","","0","0","0","0","0","0","0","0","0","","0","0","0","0","0","0","0","0","0","0","0","0","0","0","0","0","0","0","0","0","0","0","0","0","0","0","0","0","0","0","0","0","0","0","0","0","0","0","0","0"
"0x7b3fff771560","@!P4  SHF.R.S32.HI R19, RZ, 0x1f, R33","0","0","0","0","0","0","0","0","32","0","-","-","-","0","0","0","0","0","0","0","0","0","-","0","0","0","0","0","0","0","0","0","0","0","0","0","0","0","0","0","0","0","0","0","0","0","0","0","0","0","0","0","0","0","0","0","0","0","0","0","0","0","0"
"0x7b3fff771570","@!P4  MOV R18, R33","0","0","0","0","0","0","0","0","32","0","-","-","-","0","0","0","0","0","0","0","0","0","-","0","0","0","0","0","0","0","0","0","0","0","0","0","0","0","0","0","0","0","0","0","0","0","0","0","0","0","0","0","0","0","0","0","0","0","0","0","0","0","0"
"0x7b3fff771580","@!P4  IADD.64 R18, R18, R36","0","0","0","0","0","0","0","0","32","0","-","-","-","0","0","0","0","0","0","0","0","0","-","0","0","0","0","0","0","0","0","0","0","0","0","0","0","0","0","0","0","0","0","0","0","0","0","0","0","0","0","0","0","0","0","0","0","0","0","0","0","0","0"
"0x7b3fff771590","@!P4  LEA R38, P6, R18, UR28, 0x2","0","0","0","0","0","0","0","0","32","0","-","-","-","0","0","0","0","0","0","0","0","0","-","0","0","0","0","0","0","0","0","0","0","0","0","0","0","0","0","0","0","0","0","0","0","0","0","0","0","0","0","0","0","0","0","0","0","0","0","0","0","0","0"
"0x7b3fff7715a0","@!P4  LEA.HI.X R39, R18, UR29, R19, 0x2, P6","0","0","0","0","0","0","0","0","32","0","-","-","-","0","0","0","0","0","0","0","0","0","-","0","0","0","0","0","0","0","0","0","0","0","0","0","0","0","0","0","0","0","0","0","0","0","0","0","0","0","0","0","0","0","0","0","0","0","0","0","0","0","0"
"0x7b3fff7715b0","      LOP3.LUT P6, RZ, R28, 0x4, RZ, 0xc0, !PT","0","0","0","0","0","0","0","0","32","0","-","-","-","0","0","0","0","0","0","0","0","0","-","0","0","0","0","0","0","0","0","0","0","0","0","0","0","0","0","0","0","0","0","0","0","0","0","0","0","0","0","0","0","0","0","0","0","0","0","0","0","0","0"
"0x7b3fff7715c0","@!P4  FADD R5, R5, R40","0","0","0","0","0","0","0","0","32","0","-","-","-","0","0","0","0","0","0","0","0","0","-","0","0","0","0","0","0","0","0","0","0","0","0","0","0","0","0","0","0","0","0","0","0","0","0","0","0","0","0","0","0","0","0","0","0","0","0","0","0","0","0"
"0x7b3fff7715d0","@!P4  FSETP.GEU.AND P5, PT, R5, R0, PT","0","0","0","0","0","0","0","0","32","0","-","-","-","0","0","0","0","0","0","0","0","0","-","0","0","0","0","0","0","0","0","0","0","0","0","0","0","0","0","0","0","0","0","0","0","0","0","0","0","0","0","0","0","0","0","0","0","0","0","0","0","0","0"
"0x7b3fff7715e0","@!P4  FSEL R29, R0, R5, !P5","0","0","0","0","0","0","0","0","32","0","-","-","-","0","0","0","0","0","0","0","0","0","-","0","0","0","0","0","0","0","0","0","0","0","0","0","0","0","0","0","0","0","0","0","0","0","0","0","0","0","0","0","0","0","0","0","0","0","0","0","0","0","0"
"0x7b3fff7715f0","      ISETP.GE.OR P5, PT, R26, UR7, P6","0","0","0","0","0","0","0","0","32","0","-","-","-","0","0","0","0","0","0","0","0","0","-","0","0","0","0","0","0","0","0","0","0","0","0","0","0","0","0","0","0","0","0","0","0","0","0","0","0","0","0","0","0","0","0","0","0","0","0","0","0","0","0"
"0x7b3fff771600","@!P4  ST.E desc[UR24][R38.64], R29","0","0","0","0","0","0","0","0","32","0","","","","0","0","0","0","0","0","0","0","0","","0","0","0","0","0","0","0","0","0","0","0","0","0","0","0","0","0","0","0","0","0","0","0","0","0","0","0","0","0","0","0","0","0","0","0","0","0","0","0","0"
"0x7b3fff771610","@!P5  SHF.R.S32.HI R5, RZ, 0x1f, R32","0","0","0","0","0","0","0","0","32","0","-","-","-","0","0","0","0","0","0","0","0","0","-","0","0","0","0","0","0","0","0","0","0","0","0","0","0","0","0","0","0","0","0","0","0","0","0","0","0","0","0","0","0","0","0","0","0","0","0","0","0","0","0"
"0x7b3fff771620","@!P5  MOV R4, R32","0","0","0","0","0","0","0","0","32","0","-","-","-","0","0","0","0","0","0","0","0","0","-","0","0","0","0","0","0","0","0","0","0","0","0","0","0","0","0","0","0","0","0","0","0","0","0","0","0","0","0","0","0","0","0","0","0","0","0","0","0","0","0"
"0x7b3fff771630","@!P5  IADD.64 R36, R4, R36","0","0","0","0","0","0","0","0","32","0","-","-","-","0","0","0","0","0","0","0","0","0","-","0","0","0","0","0","0","0","0","0","0","0","0","0","0","0","0","0","0","0","0","0","0","0","0","0","0","0","0","0","0","0","0","0","0","0","0","0","0","0","0"
"0x7b3fff771640","@!P5  LDG.E R5, desc[UR24][R6.64]","0","0","0","0","0","0","0","0","32","0","","","","0","0","0","0","0","0","0","0","0","","0","0","0","0","0","0","0","0","0","0","0","0","0","0","0","0","0","0","0","0","0","0","0","0","0","0","0","0","0","0","0","0","0","0","0","0","0","0","0","0"
"0x7b3fff771650","@!P5  LEA R18, P6, R36, UR28, 0x2","0","0","0","0","0","0","0","0","32","0","-","-","-","0","0","0","0","0","0","0","0","0","-","0","0","0","0","0","0","0","0","0","0","0","0","0","0","0","0","0","0","0","0","0","0","0","0","0","0","0","0","0","0","0","0","0","0","0","0","0","0","0","0"
"0x7b3fff771660","@!P5  LEA.HI.X R19, R36, UR29, R37, 0x2, P6","0","0","0","0","0","0","0","0","32","0","-","-","-","0","0","0","0","0","0","0","0","0","-","0","0","0","0","0","0","0","0","0","0","0","0","0","0","0","0","0","0","0","0","0","0","0","0","0","0","0","0","0","0","0","0","0","0","0","0","0","0","0","0"
"0x7b3fff771670","@!P5  FADD R5, R5, R68","0","0","0","0","0","0","0","0","32","0","-","-","-","0","0","0","0","0","0","0","0","0","-","0","0","0","0","0","0","0","0","0","0","0","0","0","0","0","0","0","0","0","0","0","0","0","0","0","0","0","0","0","0","0","0","0","0","0","0","0","0","0","0"
"0x7b3fff771680","@!P5  FSETP.GEU.AND P4, PT, R5, R0, PT","0","0","0","0","0","0","0","0","32","0","-","-","-","0","0","0","0","0","0","0","0","0","-","0","0","0","0","0","0","0","0","0","0","0","0","0","0","0","0","0","0","0","0","0","0","0","0","0","0","0","0","0","0","0","0","0","0","0","0","0","0","0","0"
"0x7b3fff771690","@!P5  FSEL R27, R0, R5, !P4","0","0","0","0","0","0","0","0","32","0","-","-","-","0","0","0","0","0","0","0","0","0","-","0","0","0","0","0","0","0","0","0","0","0","0","0","0","0","0","0","0","0","0","0","0","0","0","0","0","0","0","0","0","0","0","0","0","0","0","0","0","0","0"
"0x7b3fff7716a0","      IMAD.WIDE.U32 R4, R25, UR5, RZ","0","0","0","0","0","0","0","0","32","0","-","-","-","0","0","0","0","0","0","0","0","0","-","0","0","0","0","0","0","0","0","0","0","0","0","0","0","0","0","0","0","0","0","0","0","0","0","0","0","0","0","0","0","0","0","0","0","0","0","0","0","0","0"
"0x7b3fff7716b0","      IMAD R5, R25, UR4, R5","0","0","0","0","0","0","0","0","32","0","-","-","-","0","0","0","0","0","0","0","0","0","-","0","0","0","0","0","0","0","0","0","0","0","0","0","0","0","0","0","0","0","0","0","0","0","0","0","0","0","0","0","0","0","0","0","0","0","0","0","0","0","0"
"0x7b3fff7716c0","      IADD.64 R8, R2, R4","0","0","0","0","0","0","0","0","32","0","-","-","-","0","0","0","0","0","0","0","0","0","-","0","0","0","0","0","0","0","0","0","0","0","0","0","0","0","0","0","0","0","0","0","0","0","0","0","0","0","0","0","0","0","0","0","0","0","0","0","0","0","0"
"0x7b3fff7716d0","      LEA R2, P4, R8, UR28, 0x2","0","0","0","0","0","0","0","0","32","0","-","-","-","0","0","0","0","0","0","0","0","0","-","0","0","0","0","0","0","0","0","0","0","0","0","0","0","0","0","0","0","0","0","0","0","0","0","0","0","0","0","0","0","0","0","0","0","0","0","0","0","0","0"
"0x7b3fff7716e0","      LEA.HI.X R3, R8, UR29, R9, 0x2, P4","0","0","0","0","0","0","0","0","32","0","-","-","-","0","0","0","0","0","0","0","0","0","-","0","0","0","0","0","0","0","0","0","0","0","0","0","0","0","0","0","0","0","0","0","0","0","0","0","0","0","0","0","0","0","0","0","0","0","0","0","0","0","0"
"0x7b3fff7716f0","      LOP3.LUT P4, RZ, R28, 0x2, RZ, 0xc0, !PT","0","0","0","0","0","0","0","0","32","0","-","-","-","0","0","0","0","0","0","0","0","0","-","0","0","0","0","0","0","0","0","0","0","0","0","0","0","0","0","0","0","0","0","0","0","0","0","0","0","0","0","0","0","0","0","0","0","0","0","0","0","0","0"
"0x7b3fff771700","      ISETP.GE.OR P4, PT, R25, UR7, P4","0","0","0","0","0","0","0","0","32","0","-","-","-","0","0","0","0","0","0","0","0","0","-","0","0","0","0","0","0","0","0","0","0","0","0","0","0","0","0","0","0","0","0","0","0","0","0","0","0","0","0","0","0","0","0","0","0","0","0","0","0","0","0"
"0x7b3fff771710","@!P5  ST.E desc[UR24][R18.64], R27","0","0","0","0","0","0","0","0","32","0","","","","0","0","0","0","0","0","0","0","0","","0","0","0","0","0","0","0","0","0","0","0","0","0","0","0","0","0","0","0","0","0","0","0","0","0","0","0","0","0","0","0","0","0","0","0","0","0","0","0","0"
"0x7b3fff771720","@!P4  LDG.E R14, desc[UR24][R14.64]","0","0","0","0","0","0","0","0","32","0","","","","0","0","0","0","0","0","0","0","0","","0","0","0","0","0","0","0","0","0","0","0","0","0","0","0","0","0","0","0","0","0","0","0","0","0","0","0","0","0","0","0","0","0","0","0","0","0","0","0","0"
"0x7b3fff771730","      ISETP.GE.OR P0, PT, R25, UR7, P0","0","0","0","0","0","0","0","0","32","0","-","-","-","0","0","0","0","0","0","0","0","0","-","0","0","0","0","0","0","0","0","0","0","0","0","0","0","0","0","0","0","0","0","0","0","0","0","0","0","0","0","0","0","0","0","0","0","0","0","0","0","0","0"
"0x7b3fff771740","      LOP3.LUT P6, RZ, R28, 0x1, RZ, 0xc0, !PT","0","0","0","0","0","0","0","0","32","0","-","-","-","0","0","0","0","0","0","0","0","0","-","0","0","0","0","0","0","0","0","0","0","0","0","0","0","0","0","0","0","0","0","0","0","0","0","0","0","0","0","0","0","0","0","0","0","0","0","0","0","0","0"
"0x7b3fff771750","      BSSY.RECONVERGENT B0, 0x7b3fff771830","0","0","0","0","0","0","0","0","32","0","-","-","-","0","0","0","0","0","0","0","0","0","-","0","0","0","0","0","0","0","0","0","0","0","0","0","0","0","0","0","0","0","0","0","0","0","0","0","0","0","0","0","0","0","0","0","0","0","0","0","0","0","0"
"0x7b3fff771760","      ISETP.GE.OR P1, PT, R25, UR7, P1","0","0","0","0","0","0","0","0","32","0","-","-","-","0","0","0","0","0","0","0","0","0","-","0","0","0","0","0","0","0","0","0","0","0","0","0","0","0","0","0","0","0","0","0","0","0","0","0","0","0","0","0","0","0","0","0","0","0","0","0","0","0","0"
"0x7b3fff771770","@!P4  FADD R31, R14, R31","0","0","0","0","0","0","0","0","32","0","-","-","-","0","0","0","0","0","0","0","0","0","-","0","0","0","0","0","0","0","0","0","0","0","0","0","0","0","0","0","0","0","0","0","0","0","0","0","0","0","0","0","0","0","0","0","0","0","0","0","0","0","0"
"0x7b3fff771780","@!P4  FSETP.GEU.AND P5, PT, R31, R0, PT","0","0","0","0","0","0","0","0","32","0","-","-","-","0","0","0","0","0","0","0","0","0","-","0","0","0","0","0","0","0","0","0","0","0","0","0","0","0","0","0","0","0","0","0","0","0","0","0","0","0","0","0","0","0","0","0","0","0","0","0","0","0","0"
"0x7b3fff771790","@!P4  FSEL R31, R0, R31, !P5","0","0","0","0","0","0","0","0","32","0","-","-","-","0","0","0","0","0","0","0","0","0","-","0","0","0","0","0","0","0","0","0","0","0","0","0","0","0","0","0","0","0","0","0","0","0","0","0","0","0","0","0","0","0","0","0","0","0","0","0","0","0","0"
"0x7b3fff7717a0","@!P4  ST.E desc[UR24][R2.64], R31","0","0","0","0","0","0","0","0","32","0","","","","0","0","0","0","0","0","0","0","0","","0","0","0","0","0","0","0","0","0","0","0","0","0","0","0","0","0","0","0","0","0","0","0","0","0","0","0","0","0","0","0","0","0","0","0","0","0","0","0","0"
"0x7b3fff7717b0","      ISETP.GE.OR P4, PT, R25, UR7, P6","0","0","0","0","0","0","0","0","32","0","-","-","-","0","0","0","0","0","0","0","0","0","-","0","0","0","0","0","0","0","0","0","0","0","0","0","0","0","0","0","0","0","0","0","0","0","0","0","0","0","0","0","0","0","0","0","0","0","0","0","0","0","0"
"0x7b3fff7717c0","@P0   BRA 0x7b3fff771820","0","0","0","0","0","0","0","0","32","0","-","-","-","0","0","0","0","0","0","0","0","0","-","0","0","0","0","0","0","0","0","0","0","0","0","0","0","0","0","0","0","0","0","0","0","0","0","0","0","0","0","0","0","0","0","0","0","0","0","0","0","0","0"
"0x7b3fff7717d0","      LDG.E R23, desc[UR24][R22.64]","0","0","0","0","0","0","0","0","32","0","","","","0","0","0","0","0","0","0","0","0","","0","0","0","0","0","0","0","0","0","0","0","0","0","0","0","0","0","0","0","0","0","0","0","0","0","0","0","0","0","0","0","0","0","0","0","0","0","0","0","0"
"0x7b3fff7717e0","      FADD R9, R23, R56","0","0","0","0","0","0","0","0","32","0","-","-","-","0","0","0","0","0","0","0","0","0","-","0","0","0","0","0","0","0","0","0","0","0","0","0","0","0","0","0","0","0","0","0","0","0","0","0","0","0","0","0","0","0","0","0","0","0","0","0","0","0","0"
"0x7b3fff7717f0","      FSETP.GEU.AND P0, PT, R9, R0, PT","0","0","0","0","0","0","0","0","32","0","-","-","-","0","0","0","0","0","0","0","0","0","-","0","0","0","0","0","0","0","0","0","0","0","0","0","0","0","0","0","0","0","0","0","0","0","0","0","0","0","0","0","0","0","0","0","0","0","0","0","0","0","0"
"0x7b3fff771800","      FSEL R9, R0, R9, !P0","0","0","0","0","0","0","0","0","32","0","-","-","-","0","0","0","0","0","0","0","0","0","-","0","0","0","0","0","0","0","0","0","0","0","0","0","0","0","0","0","0","0","0","0","0","0","0","0","0","0","0","0","0","0","0","0","0","0","0","0","0","0","0"
"0x7b3fff771810","      ST.E desc[UR24][R2.64+0x4], R9","0","0","0","0","0","0","0","0","32","0","","","","0","0","0","0","0","0","0","0","0","","0","0","0","0","0","0","0","0","0","0","0","0","0","0","0","0","0","0","0","0","0","0","0","0","0","0","0","0","0","0","0","0","0","0","0","0","0","0","0","0"
"0x7b3fff771820","      BSYNC.RECONVERGENT B0","0","0","0","0","0","0","0","0","32","0","-","-","-","0","0","0","0","0","0","0","0","0","-","0","0","0","0","0","0","0","0","0","0","0","0","0","0","0","0","0","0","0","0","0","0","0","0","0","0","0","0","0","0","0","0","0","0","0","0","0","0","0","0"
"0x7b3fff771830","      BSSY.RECONVERGENT B0, 0x7b3fff7718b0","0","0","0","0","0","0","0","0","32","0","-","-","-","0","0","0","0","0","0","0","0","0","-","0","0","0","0","0","0","0","0","0","0","0","0","0","0","0","0","0","0","0","0","0","0","0","0","0","0","0","0","0","0","0","0","0","0","0","0","0","0","0","0"
"0x7b3fff771840","@P4   BRA 0x7b3fff7718a0","0","0","0","0","0","0","0","0","32","0","-","-","-","0","0","0","0","0","0","0","0","0","-","0","0","0","0","0","0","0","0","0","0","0","0","0","0","0","0","0","0","0","0","0","0","0","0","0","0","0","0","0","0","0","0","0","0","0","0","0","0","0","0"
"0x7b3fff771850","      LDG.E R12, desc[UR24][R12.64]","0","0","0","0","0","0","0","0","32","0","","","","0","0","0","0","0","0","0","0","0","","0","0","0","0","0","0","0","0","0","0","0","0","0","0","0","0","0","0","0","0","0","0","0","0","0","0","0","0","0","0","0","0","0","0","0","0","0","0","0","0"
"0x7b3fff771860","      FADD R63, R12, R63","0","0","0","0","0","0","0","0","32","0","-","-","-","0","0","0","0","0","0","0","0","0","-","0","0","0","0","0","0","0","0","0","0","0","0","0","0","0","0","0","0","0","0","0","0","0","0","0","0","0","0","0","0","0","0","0","0","0","0","0","0","0","0"
"0x7b3fff771870","      FSETP.GEU.AND P0, PT, R63, R0, PT","0","0","0","0","0","0","0","0","32","0","-","-","-","0","0","0","0","0","0","0","0","0","-","0","0","0","0","0","0","0","0","0","0","0","0","0","0","0","0","0","0","0","0","0","0","0","0","0","0","0","0","0","0","0","0","0","0","0","0","0","0","0","0"
"0x7b3fff771880","      FSEL R63, R0, R63, !P0","0","0","0","0","0","0","0","0","32","0","-","-","-","0","0","0","0","0","0","0","0","0","-","0","0","0","0","0","0","0","0","0","0","0","0","0","0","0","0","0","0","0","0","0","0","0","0","0","0","0","0","0","0","0","0","0","0","0","0","0","0","0","0"
"0x7b3fff771890","      ST.E desc[UR24][R2.64+0x8], R63","0","0","0","0","0","0","0","0","32","0","","","","0","0","0","0","0","0","0","0","0","","0","0","0","0","0","0","0","0","0","0","0","0","0","0","0","0","0","0","0","0","0","0","0","0","0","0","0","0","0","0","0","0","0","0","0","0","0","0","0","0"
"0x7b3fff7718a0","      BSYNC.RECONVERGENT B0","0","0","0","0","0","0","0","0","32","0","-","-","-","0","0","0","0","0","0","0","0","0","-","0","0","0","0","0","0","0","0","0","0","0","0","0","0","0","0","0","0","0","0","0","0","0","0","0","0","0","0","0","0","0","0","0","0","0","0","0","0","0","0"
"0x7b3fff7718b0","@!P1  LDG.E R54, desc[UR24][R54.64]","0","0","0","0","0","0","0","0","32","0","","","","0","0","0","0","0","0","0","0","0","","0","0","0","0","0","0","0","0","0","0","0","0","0","0","0","0","0","0","0","0","0","0","0","0","0","0","0","0","0","0","0","0","0","0","0","0","0","0","0","0"
"0x7b3fff7718c0","      ISETP.GE.OR P2, PT, R25, UR7, P2","0","0","0","0","0","0","0","0","32","0","-","-","-","0","0","0","0","0","0","0","0","0","-","0","0","0","0","0","0","0","0","0","0","0","0","0","0","0","0","0","0","0","0","0","0","0","0","0","0","0","0","0","0","0","0","0","0","0","0","0","0","0","0"
"0x7b3fff7718d0","      LOP3.LUT P5, RZ, R28, 0x8, RZ, 0xc0, !PT","0","0","0","0","0","0","0","0","32","0","-","-","-","0","0","0","0","0","0","0","0","0","-","0","0","0","0","0","0","0","0","0","0","0","0","0","0","0","0","0","0","0","0","0","0","0","0","0","0","0","0","0","0","0","0","0","0","0","0","0","0","0","0"
"0x7b3fff7718e0","      LOP3.LUT P4, RZ, R28, 0x4, RZ, 0xc0, !PT","0","0","0","0","0","0","0","0","32","0","-","-","-","0","0","0","0","0","0","0","0","0","-","0","0","0","0","0","0","0","0","0","0","0","0","0","0","0","0","0","0","0","0","0","0","0","0","0","0","0","0","0","0","0","0","0","0","0","0","0","0","0","0"
"0x7b3fff7718f0","@!P1  FADD R47, R54, R47","0","0","0","0","0","0","0","0","32","0","-","-","-","0","0","0","0","0","0","0","0","0","-","0","0","0","0","0","0","0","0","0","0","0","0","0","0","0","0","0","0","0","0","0","0","0","0","0","0","0","0","0","0","0","0","0","0","0","0","0","0","0","0"
"0x7b3fff771900","@!P1  FSETP.GEU.AND P0, PT, R47, R0, PT","0","0","0","0","0","0","0","0","32","0","-","-","-","0","0","0","0","0","0","0","0","0","-","0","0","0","0","0","0","0","0","0","0","0","0","0","0","0","0","0","0","0","0","0","0","0","0","0","0","0","0","0","0","0","0","0","0","0","0","0","0","0","0"
"0x7b3fff771910","@!P1  FSEL R47, R0, R47, !P0","0","0","0","0","0","0","0","0","32","0","-","-","-","0","0","0","0","0","0","0","0","0","-","0","0","0","0","0","0","0","0","0","0","0","0","0","0","0","0","0","0","0","0","0","0","0","0","0","0","0","0","0","0","0","0","0","0","0","0","0","0","0","0"
"0x7b3fff771920","@!P1  ST.E desc[UR24][R2.64+0xc], R47","0","0","0","0","0","0","0","0","32","0","","","","0","0","0","0","0","0","0","0","0","","0","0","0","0","0","0","0","0","0","0","0","0","0","0","0","0","0","0","0","0","0","0","0","0","0","0","0","0","0","0","0","0","0","0","0","0","0","0","0","0"
"0x7b3fff771930","@!P2  LDG.E R11, desc[UR24][R10.64]","0","0","0","0","0","0","0","0","32","0","","","","0","0","0","0","0","0","0","0","0","","0","0","0","0","0","0","0","0","0","0","0","0","0","0","0","0","0","0","0","0","0","0","0","0","0","0","0","0","0","0","0","0","0","0","0","0","0","0","0","0"
"0x7b3fff771940","@!P2  SHF.R.S32.HI R17, RZ, 0x1f, R16","0","0","0","0","0","0","0","0","32","0","-","-","-","0","0","0","0","0","0","0","0","0","-","0","0","0","0","0","0","0","0","0","0","0","0","0","0","0","0","0","0","0","0","0","0","0","0","0","0","0","0","0","0","0","0","0","0","0","0","0","0","0","0"
"0x7b3fff771950","      ISETP.GE.OR P3, PT, R25, UR7, P3","0","0","0","0","0","0","0","0","32","0","-","-","-","0","0","0","0","0","0","0","0","0","-","0","0","0","0","0","0","0","0","0","0","0","0","0","0","0","0","0","0","0","0","0","0","0","0","0","0","0","0","0","0","0","0","0","0","0","0","0","0","0","0"
"0x7b3fff771960","@!P2  IADD.64 R16, R16, R4","0","0","0","0","0","0","0","0","32","0","-","-","-","0","0","0","0","0","0","0","0","0","-","0","0","0","0","0","0","0","0","0","0","0","0","0","0","0","0","0","0","0","0","0","0","0","0","0","0","0","0","0","0","0","0","0","0","0","0","0","0","0","0"
"0x7b3fff771970","@!P2  LEA R8, P1, R16, UR28, 0x2","0","0","0","0","0","0","0","0","32","0","-","-","-","0","0","0","0","0","0","0","0","0","-","0","0","0","0","0","0","0","0","0","0","0","0","0","0","0","0","0","0","0","0","0","0","0","0","0","0","0","0","0","0","0","0","0","0","0","0","0","0","0","0"
"0x7b3fff771980","@!P2  LEA.HI.X R9, R16, UR29, R17, 0x2, P1","0","0","0","0","0","0","0","0","32","0","-","-","-","0","0","0","0","0","0","0","0","0","-","0","0","0","0","0","0","0","0","0","0","0","0","0","0","0","0","0","0","0","0","0","0","0","0","0","0","0","0","0","0","0","0","0","0","0","0","0","0","0","0"
"0x7b3fff771990","@!P2  FADD R13, R11, R60","0","0","0","0","0","0","0","0","32","0","-","-","-","0","0","0","0","0","0","0","0","0","-","0","0","0","0","0","0","0","0","0","0","0","0","0","0","0","0","0","0","0","0","0","0","0","0","0","0","0","0","0","0","0","0","0","0","0","0","0","0","0","0"
"0x7b3fff7719a0","@!P2  FSETP.GEU.AND P0, PT, R13, R0, PT","0","0","0","0","0","0","0","0","32","0","-","-","-","0","0","0","0","0","0","0","0","0","-","0","0","0","0","0","0","0","0","0","0","0","0","0","0","0","0","0","0","0","0","0","0","0","0","0","0","0","0","0","0","0","0","0","0","0","0","0","0","0","0"
"0x7b3fff7719b0","@!P2  FSEL R13, R0, R13, !P0","0","0","0","0","0","0","0","0","32","0","-","-","-","0","0","0","0","0","0","0","0","0","-","0","0","0","0","0","0","0","0","0","0","0","0","0","0","0","0","0","0","0","0","0","0","0","0","0","0","0","0","0","0","0","0","0","0","0","0","0","0","0","0"
"0x7b3fff7719c0","@!P2  ST.E desc[UR24][R8.64], R13","0","0","0","0","0","0","0","0","32","0","","","","0","0","0","0","0","0","0","0","0","","0","0","0","0","0","0","0","0","0","0","0","0","0","0","0","0","0","0","0","0","0","0","0","0","0","0","0","0","0","0","0","0","0","0","0","0","0","0","0","0"
"0x7b3fff7719d0","@!P3  LDG.E R21, desc[UR24][R20.64]","0","0","0","0","0","0","0","0","32","0","","","","0","0","0","0","0","0","0","0","0","","0","0","0","0","0","0","0","0","0","0","0","0","0","0","0","0","0","0","0","0","0","0","0","0","0","0","0","0","0","0","0","0","0","0","0","0","0","0","0","0"
"0x7b3fff7719e0","@!P3  SHF.R.S32.HI R35, RZ, 0x1f, R34","0","0","0","0","0","0","0","0","32","0","-","-","-","0","0","0","0","0","0","0","0","0","-","0","0","0","0","0","0","0","0","0","0","0","0","0","0","0","0","0","0","0","0","0","0","0","0","0","0","0","0","0","0","0","0","0","0","0","0","0","0","0","0"
"0x7b3fff7719f0","      ISETP.GE.OR P0, PT, R25, UR7, P5","0","0","0","0","0","0","0","0","32","0","-","-","-","0","0","0","0","0","0","0","0","0","-","0","0","0","0","0","0","0","0","0","0","0","0","0","0","0","0","0","0","0","0","0","0","0","0","0","0","0","0","0","0","0","0","0","0","0","0","0","0","0","0"
"0x7b3fff771a00","@!P3  IADD.64 R34, R34, R4","0","0","0","0","0","0","0","0","32","0","-","-","-","0","0","0","0","0","0","0","0","0","-","0","0","0","0","0","0","0","0","0","0","0","0","0","0","0","0","0","0","0","0","0","0","0","0","0","0","0","0","0","0","0","0","0","0","0","0","0","0","0","0"
"0x7b3fff771a10","@!P3  LEA R2, P2, R34, UR28, 0x2","0","0","0","0","0","0","0","0","32","0","-","-","-","0","0","0","0","0","0","0","0","0","-","0","0","0","0","0","0","0","0","0","0","0","0","0","0","0","0","0","0","0","0","0","0","0","0","0","0","0","0","0","0","0","0","0","0","0","0","0","0","0","0"
"0x7b3fff771a20","@!P3  LEA.HI.X R3, R34, UR29, R35, 0x2, P2","0","0","0","0","0","0","0","0","32","0","-","-","-","0","0","0","0","0","0","0","0","0","-","0","0","0","0","0","0","0","0","0","0","0","0","0","0","0","0","0","0","0","0","0","0","0","0","0","0","0","0","0","0","0","0","0","0","0","0","0","0","0","0"
"0x7b3fff771a30","@!P3  FADD R11, R21, R42","0","0","0","0","0","0","0","0","32","0","-","-","-","0","0","0","0","0","0","0","0","0","-","0","0","0","0","0","0","0","0","0","0","0","0","0","0","0","0","0","0","0","0","0","0","0","0","0","0","0","0","0","0","0","0","0","0","0","0","0","0","0","0"
"0x7b3fff771a40","@!P3  FSETP.GEU.AND P1, PT, R11, R0, PT","0","0","0","0","0","0","0","0","32","0","-","-","-","0","0","0","0","0","0","0","0","0","-","0","0","0","0","0","0","0","0","0","0","0","0","0","0","0","0","0","0","0","0","0","0","0","0","0","0","0","0","0","0","0","0","0","0","0","0","0","0","0","0"
"0x7b3fff771a50","@!P3  FSEL R15, R0, R11, !P1","0","0","0","0","0","0","0","0","32","0","-","-","-","0","0","0","0","0","0","0","0","0","-","0","0","0","0","0","0","0","0","0","0","0","0","0","0","0","0","0","0","0","0","0","0","0","0","0","0","0","0","0","0","0","0","0","0","0","0","0","0","0","0"
"0x7b3fff771a60","@!P3  ST.E desc[UR24][R2.64], R15","0","0","0","0","0","0","0","0","32","0","","","","0","0","0","0","0","0","0","0","0","","0","0","0","0","0","0","0","0","0","0","0","0","0","0","0","0","0","0","0","0","0","0","0","0","0","0","0","0","0","0","0","0","0","0","0","0","0","0","0","0"
"0x7b3fff771a70","@!P0  LDG.E R65, desc[UR24][R64.64]","0","0","0","0","0","0","0","0","32","0","","","","0","0","0","0","0","0","0","0","0","","0","0","0","0","0","0","0","0","0","0","0","0","0","0","0","0","0","0","0","0","0","0","0","0","0","0","0","0","0","0","0","0","0","0","0","0","0","0","0","0"
"0x7b3fff771a80","@!P0  SHF.R.S32.HI R9, RZ, 0x1f, R33","0","0","0","0","0","0","0","0","32","0","-","-","-","0","0","0","0","0","0","0","0","0","-","0","0","0","0","0","0","0","0","0","0","0","0","0","0","0","0","0","0","0","0","0","0","0","0","0","0","0","0","0","0","0","0","0","0","0","0","0","0","0","0"
"0x7b3fff771a90","@!P0  MOV R8, R33","0","0","0","0","0","0","0","0","32","0","-","-","-","0","0","0","0","0","0","0","0","0","-","0","0","0","0","0","0","0","0","0","0","0","0","0","0","0","0","0","0","0","0","0","0","0","0","0","0","0","0","0","0","0","0","0","0","0","0","0","0","0","0"
"0x7b3fff771aa0","      ISETP.GE.OR P1, PT, R25, UR7, P4","0","0","0","0","0","0","0","0","32","0","-","-","-","0","0","0","0","0","0","0","0","0","-","0","0","0","0","0","0","0","0","0","0","0","0","0","0","0","0","0","0","0","0","0","0","0","0","0","0","0","0","0","0","0","0","0","0","0","0","0","0","0","0"
"0x7b3fff771ab0","@!P0  IADD.64 R8, R8, R4","0","0","0","0","0","0","0","0","32","0","-","-","-","0","0","0","0","0","0","0","0","0","-","0","0","0","0","0","0","0","0","0","0","0","0","0","0","0","0","0","0","0","0","0","0","0","0","0","0","0","0","0","0","0","0","0","0","0","0","0","0","0","0"
"0x7b3fff771ac0","@!P0  LEA R10, P3, R8, UR28, 0x2","0","0","0","0","0","0","0","0","32","0","-","-","-","0","0","0","0","0","0","0","0","0","-","0","0","0","0","0","0","0","0","0","0","0","0","0","0","0","0","0","0","0","0","0","0","0","0","0","0","0","0","0","0","0","0","0","0","0","0","0","0","0","0"
"0x7b3fff771ad0","@!P0  LEA.HI.X R11, R8, UR29, R9, 0x2, P3","0","0","0","0","0","0","0","0","32","0","-","-","-","0","0","0","0","0","0","0","0","0","-","0","0","0","0","0","0","0","0","0","0","0","0","0","0","0","0","0","0","0","0","0","0","0","0","0","0","0","0","0","0","0","0","0","0","0","0","0","0","0","0"
"0x7b3fff771ae0","@!P0  FADD R13, R65, R62","0","0","0","0","0","0","0","0","32","0","-","-","-","0","0","0","0","0","0","0","0","0","-","0","0","0","0","0","0","0","0","0","0","0","0","0","0","0","0","0","0","0","0","0","0","0","0","0","0","0","0","0","0","0","0","0","0","0","0","0","0","0","0"
"0x7b3fff771af0","@!P0  FSETP.GEU.AND P2, PT, R13, R0, PT","0","0","0","0","0","0","0","0","32","0","-","-","-","0","0","0","0","0","0","0","0","0","-","0","0","0","0","0","0","0","0","0","0","0","0","0","0","0","0","0","0","0","0","0","0","0","0","0","0","0","0","0","0","0","0","0","0","0","0","0","0","0","0"
"0x7b3fff771b00","@!P0  FSEL R13, R0, R13, !P2","0","0","0","0","0","0","0","0","32","0","-","-","-","0","0","0","0","0","0","0","0","0","-","0","0","0","0","0","0","0","0","0","0","0","0","0","0","0","0","0","0","0","0","0","0","0","0","0","0","0","0","0","0","0","0","0","0","0","0","0","0","0","0"
"0x7b3fff771b10","@!P0  ST.E desc[UR24][R10.64], R13","0","0","0","0","0","0","0","0","32","0","","","","0","0","0","0","0","0","0","0","0","","0","0","0","0","0","0","0","0","0","0","0","0","0","0","0","0","0","0","0","0","0","0","0","0","0","0","0","0","0","0","0","0","0","0","0","0","0","0","0","0"
"0x7b3fff771b20","@P1   EXIT","0","0","0","0","0","0","0","0","32","0","-","-","-","0","0","0","0","0","0","0","0","0","-","0","0","0","0","0","0","0","0","0","0","0","0","0","0","0","0","0","0","0","0","0","0","0","0","0","0","0","0","0","0","0","0","0","0","0","0","0","0","0","0"
"0x7b3fff771b30","      LDG.E R6, desc[UR24][R6.64]","0","0","0","0","0","0","0","0","32","0","","","","0","0","0","0","0","0","0","0","0","","0","0","0","0","0","0","0","0","0","0","0","0","0","0","0","0","0","0","0","0","0","0","0","0","0","0","0","0","0","0","0","0","0","0","0","0","0","0","0","0"
"0x7b3fff771b40","      SHF.R.S32.HI R33, RZ, 0x1f, R32","0","0","0","0","0","0","0","0","32","0","-","-","-","0","0","0","0","0","0","0","0","0","-","0","0","0","0","0","0","0","0","0","0","0","0","0","0","0","0","0","0","0","0","0","0","0","0","0","0","0","0","0","0","0","0","0","0","0","0","0","0","0","0"
"0x7b3fff771b50","      IADD.64 R4, R32, R4","0","0","0","0","0","0","0","0","32","0","-","-","-","0","0","0","0","0","0","0","0","0","-","0","0","0","0","0","0","0","0","0","0","0","0","0","0","0","0","0","0","0","0","0","0","0","0","0","0","0","0","0","0","0","0","0","0","0","0","0","0","0","0"
"0x7b3fff771b60","      LEA R2, P1, R4, UR28, 0x2","0","0","0","0","0","0","0","0","32","0","-","-","-","0","0","0","0","0","0","0","0","0","-","0","0","0","0","0","0","0","0","0","0","0","0","0","0","0","0","0","0","0","0","0","0","0","0","0","0","0","0","0","0","0","0","0","0","0","0","0","0","0","0"
"0x7b3fff771b70","      LEA.HI.X R3, R4, UR29, R5, 0x2, P1","0","0","0","0","0","0","0","0","32","0","-","-","-","0","0","0","0","0","0","0","0","0","-","0","0","0","0","0","0","0","0","0","0","0","0","0","0","0","0","0","0","0","0","0","0","0","0","0","0","0","0","0","0","0","0","0","0","0","0","0","0","0","0"
"0x7b3fff771b80","      FADD R69, R6, R69","0","0","0","0","0","0","0","0","32","0","-","-","-","0","0","0","0","0","0","0","0","0","-","0","0","0","0","0","0","0","0","0","0","0","0","0","0","0","0","0","0","0","0","0","0","0","0","0","0","0","0","0","0","0","0","0","0","0","0","0","0","0","0"
"0x7b3fff771b90","      FSETP.GEU.AND P0, PT, R69, R0, PT","0","0","0","0","0","0","0","0","32","0","-","-","-","0","0","0","0","0","0","0","0","0","-","0","0","0","0","0","0","0","0","0","0","0","0","0","0","0","0","0","0","0","0","0","0","0","0","0","0","0","0","0","0","0","0","0","0","0","0","0","0","0","0"
"0x7b3fff771ba0","      FSEL R69, R0, R69, !P0","0","0","0","0","0","0","0","0","32","0","-","-","-","0","0","0","0","0","0","0","0","0","-","0","0","0","0","0","0","0","0","0","0","0","0","0","0","0","0","0","0","0","0","0","0","0","0","0","0","0","0","0","0","0","0","0","0","0","0","0","0","0","0"
"0x7b3fff771bb0","      ST.E desc[UR24][R2.64], R69","0","0","0","0","0","0","0","0","32","0","","","","0","0","0","0","0","0","0","0","0","","0","0","0","0","0","0","0","0","0","0","0","0","0","0","0","0","0","0","0","0","0","0","0","0","0","0","0","0","0","0","0","0","0","0","0","0","0","0","0","0"
"0x7b3fff771bc0","      EXIT","0","0","0","0","0","0","0","0","32","0","-","-","-","0","0","0","0","0","0","0","0","0","-","0","0","0","0","0","0","0","0","0","0","0","0","0","0","0","0","0","0","0","0","0","0","0","0","0","0","0","0","0","0","0","0","0","0","0","0","0","0","0","0"
"0x7b3fff771bd0","      BRA `(.L_x_0) 0x7b3fff771bd0","0","0","0","0","0","0","0","0","0","0","-","-","-","0","0","0","0","0","0","0","0","0","-","0","0","0","0","0","0","0","0","0","0","0","0","0","0","0","0","0","0","0","0","0","0","0","0","0","0","0","0","0","0","0","0","0","0","0","0","0","0","0","0"
"0x7b3fff771be0","      NOP","0","0","0","0","0","0","0","0","0","0","-","-","-","0","0","0","0","0","0","0","0","0","-","0","0","0","0","0","0","0","0","0","0","0","0","0","0","0","0","0","0","0","0","0","0","0","0","0","0","0","0","0","0","0","0","0","0","0","0","0","0","0","0"
"0x7b3fff771bf0","      NOP","0","0","0","0","0","0","0","0","0","0","-","-","-","0","0","0","0","0","0","0","0","0","-","0","0","0","0","0","0","0","0","0","0","0","0","0","0","0","0","0","0","0","0","0","0","0","0","0","0","0","0","0","0","0","0","0","0","0","0","0","0","0","0"
"0x7b3fff771c00","      NOP","0","0","0","0","0","0","0","0","0","0","-","-","-","0","0","0","0","0","0","0","0","0","-","0","0","0","0","0","0","0","0","0","0","0","0","0","0","0","0","0","0","0","0","0","0","0","0","0","0","0","0","0","0","0","0","0","0","0","0","0","0","0","0"
"0x7b3fff771c10","      NOP","0","0","0","0","0","0","0","0","0","0","-","-","-","0","0","0","0","0","0","0","0","0","-","0","0","0","0","0","0","0","0","0","0","0","0","0","0","0","0","0","0","0","0","0","0","0","0","0","0","0","0","0","0","0","0","0","0","0","0","0","0","0","0"
"0x7b3fff771c20","      NOP","0","0","0","0","0","0","0","0","0","0","-","-","-","0","0","0","0","0","0","0","0","0","-","0","0","0","0","0","0","0","0","0","0","0","0","0","0","0","0","0","0","0","0","0","0","0","0","0","0","0","0","0","0","0","0","0","0","0","0","0","0","0","0"
"0x7b3fff771c30","      NOP","0","0","0","0","0","0","0","0","0","0","-","-","-","0","0","0","0","0","0","0","0","0","-","0","0","0","0","0","0","0","0","0","0","0","0","0","0","0","0","0","0","0","0","0","0","0","0","0","0","0","0","0","0","0","0","0","0","0","0","0","0","0","0"
"0x7b3fff771c40","      NOP","0","0","0","0","0","0","0","0","0","0","-","-","-","0","0","0","0","0","0","0","0","0","-","0","0","0","0","0","0","0","0","0","0","0","0","0","0","0","0","0","0","0","0","0","0","0","0","0","0","0","0","0","0","0","0","0","0","0","0","0","0","0","0"
"0x7b3fff771c50","      NOP","0","0","0","0","0","0","0","0","0","0","-","-","-","0","0","0","0","0","0","0","0","0","-","0","0","0","0","0","0","0","0","0","0","0","0","0","0","0","0","0","0","0","0","0","0","0","0","0","0","0","0","0","0","0","0","0","0","0","0","0","0","0","0"
"0x7b3fff771c60","      NOP","0","0","0","0","0","0","0","0","0","0","-","-","-","0","0","0","0","0","0","0","0","0","-","0","0","0","0","0","0","0","0","0","0","0","0","0","0","0","0","0","0","0","0","0","0","0","0","0","0","0","0","0","0","0","0","0","0","0","0","0","0","0","0"
"0x7b3fff771c70","      NOP","0","0","0","0","0","0","0","0","0","0","-","-","-","0","0","0","0","0","0","0","0","0","-","0","0","0","0","0","0","0","0","0","0","0","0","0","0","0","0","0","0","0","0","0","0","0","0","0","0","0","0","0","0","0","0","0","0","0","0","0","0","0","0"
