"Kernel Name","void magma_sgemmEx_kernel<float, float, float, (bool)1, (bool)0, (int)6, (int)4, (int)6, (int)3, (int)4>(int, int, int, BatchedTensor, int, BatchedTensor, int, BatchedTensor, int, BatchedTensor, int, int, int, const T1 *, const T1 *, T1, T1, int, cublasLtEpilogue_t, int, const void *, long)",
"Address","Source","Warp Stall Sampling (All Samples)","Warp Stall Sampling (Not-issued Samples)","# Samples","Instructions Executed","Thread Instructions Executed","Predicated-On Thread Instructions Executed","Avg. Threads Executed","Avg. Predicated-On Threads Executed","Avg. Predicated-On Threads Unexecuted","Divergent Branches","Address Space","Access Operation","Access Size","L1 Tag Requests Global","L1 Conflicts Shared N-Way","L1 Wavefronts Shared Excessive","L1 Wavefronts Shared","L1 Wavefronts Shared Ideal","L2 Theoretical Sectors Global Excessive","L2 Theoretical Sectors Global","L2 Theoretical Sectors Global Ideal","L2 Theoretical Sectors Local","L2 Explicit Evict Policies","L2 Explicit Hit Policy Evict First","L2 Explicit Hit Policy Evict Last","L2 Explicit Hit Policy Evict Normal","L2 Explicit Hit Policy Evict Normal Demote","L2 Explicit Miss Policy Evict First","L2 Explicit Miss Policy Evict Normal","stall_barrier","stall_branch_resolving","stall_dispatch","stall_drain","stall_lg","stall_long_sb","stall_math","stall_membar","stall_mio","stall_misc","stall_no_inst","stall_not_selected","stall_selected","stall_short_sb","stall_sleep","stall_tex","stall_wait","stall_barrier (Not Issued)","stall_branch_resolving (Not Issued)","stall_dispatch (Not Issued)","stall_drain (Not Issued)","stall_lg (Not Issued)","stall_long_sb (Not Issued)","stall_math (Not Issued)","stall_membar (Not Issued)","stall_mio (Not Issued)","stall_misc (Not Issued)","stall_no_inst (Not Issued)","stall_not_selected (Not Issued)","stall_selected (Not Issued)","stall_short_sb (Not Issued)","stall_sleeping (Not Issued)","stall_tex (Not Issued)","stall_wait (Not Issued)"
"0x78a857768500","      LDC R1, c[0x0][0x37c]","13","10","13","7056","225792","225792","32","32","0","0","-","-","-","0","0","0","0","0","0","0","0","0","-","0","0","0","0","0","0","0","0","0","0","0","0","0","0","0","0","12","1","0","0","0","0","0","0","0","0","0","0","0","0","0","0","0","10","0","0","0","0","0","0"
"0x78a857768510","      LDCU.U8 UR10, c[0x0][0x390]","0","0","0","7056","225792","225792","32","32","0","0","-","-","-","0","0","0","0","0","0","0","0","0","-","0","0","0","0","0","0","0","0","0","0","0","0","0","0","0","0","0","0","0","0","0","0","0","0","0","0","0","0","0","0","0","0","0","0","0","0","0","0","0","0"
"0x78a857768520","      S2UR UR13, SR_CTAID.Z","3","0","3","7056","225792","225792","32","32","0","0","-","-","-","0","0","0","0","0","0","0","0","0","-","0","0","0","0","0","0","0","0","0","0","0","0","0","0","0","0","0","2","0","0","0","0","1","0","0","0","0","0","0","0","0","0","0","0","0","0","0","0","0","0"
"0x78a857768530","      LDCU.U8 UR15, c[0x0][0x3f0]","0","0","0","7056","225792","225792","32","32","0","0","-","-","-","0","0","0","0","0","0","0","0","0","-","0","0","0","0","0","0","0","0","0","0","0","0","0","0","0","0","0","0","0","0","0","0","0","0","0","0","0","0","0","0","0","0","0","0","0","0","0","0","0","0"
"0x78a857768540","      LDCU.U8 UR12, c[0x0][0x3b0]","0","0","0","7056","225792","225792","32","32","0","0","-","-","-","0","0","0","0","0","0","0","0","0","-","0","0","0","0","0","0","0","0","0","0","0","0","0","0","0","0","0","0","0","0","0","0","0","0","0","0","0","0","0","0","0","0","0","0","0","0","0","0","0","0"
"0x78a857768550","      LDCU.U8 UR14, c[0x0][0x3d0]","0","0","0","7056","225792","225792","32","32","0","0","-","-","-","0","0","0","0","0","0","0","0","0","-","0","0","0","0","0","0","0","0","0","0","0","0","0","0","0","0","0","0","0","0","0","0","0","0","0","0","0","0","0","0","0","0","0","0","0","0","0","0","0","0"
"0x78a857768560","      LDCU.64 UR4, c[0x0][0x3a0]","0","0","0","7056","225792","225792","32","32","0","0","-","-","-","0","0","0","0","0","0","0","0","0","-","0","0","0","0","0","0","0","0","0","0","0","0","0","0","0","0","0","0","0","0","0","0","0","0","0","0","0","0","0","0","0","0","0","0","0","0","0","0","0","0"
"0x78a857768570","      LDCU.64 UR8, c[0x0][0x3e0]","7","0","7","7056","225792","225792","32","32","0","0","-","-","-","0","0","0","0","0","0","0","0","0","-","0","0","0","0","0","0","0","0","0","0","0","0","0","0","2","0","0","5","0","0","0","0","0","0","0","0","0","0","0","0","0","0","0","0","0","0","0","0","0","0"
"0x78a857768580","      LDCU.64 UR24, c[0x0][0x358]","1","1","1","7056","225792","225792","32","32","0","0","-","-","-","0","0","0","0","0","0","0","0","0","-","0","0","0","0","0","0","0","0","0","0","0","0","0","0","0","0","1","0","0","0","0","0","0","0","0","0","0","0","0","0","0","0","0","1","0","0","0","0","0","0"
"0x78a857768590","      LDCU.64 UR6, c[0x0][0x3c0]","1","0","1","7056","225792","225792","32","32","0","0","-","-","-","0","0","0","0","0","0","0","0","0","-","0","0","0","0","0","0","0","0","0","0","0","0","0","0","0","0","0","0","1","0","0","0","0","0","0","0","0","0","0","0","0","0","0","0","0","0","0","0","0","0"
"0x78a8577685a0","      S2R R0, SR_TID.X","25","4","25","7056","225792","225792","32","32","0","0","-","-","-","0","0","0","0","0","0","0","0","0","-","0","0","0","0","0","0","0","0","1","0","0","0","0","0","7","0","0","17","0","0","0","0","0","0","0","0","0","0","0","0","0","4","0","0","0","0","0","0","0","0"
"0x78a8577685b0","      LDC R31, c[0x0][0x3c8]","0","0","0","7056","225792","225792","32","32","0","0","-","-","-","0","0","0","0","0","0","0","0","0","-","0","0","0","0","0","0","0","0","0","0","0","0","0","0","0","0","0","0","0","0","0","0","0","0","0","0","0","0","0","0","0","0","0","0","0","0","0","0","0","0"
"0x78a8577685c0","      UISETP.NE.AND UP1, UPT, UR10, URZ, UPT","1","1","1","7056","225792","225792","32","32","0","0","-","-","-","0","0","0","0","0","0","0","0","0","-","0","0","0","0","0","0","0","0","0","0","0","0","0","0","0","0","0","0","0","1","0","0","0","0","0","0","0","0","0","0","0","0","0","0","0","0","1","0","0","0"
"0x78a8577685d0","      LDCU.64 UR10, c[0x0][0x400]","1","0","1","7056","225792","225792","32","32","0","0","-","-","-","0","0","0","0","0","0","0","0","0","-","0","0","0","0","0","0","0","0","0","0","0","0","0","0","0","0","0","0","1","0","0","0","0","0","0","0","0","0","0","0","0","0","0","0","0","0","0","0","0","0"
"0x78a8577685e0","      UISETP.NE.AND UP4, UPT, UR15, URZ, UPT","4","3","4","7056","225792","225792","32","32","0","0","-","-","-","0","0","0","0","0","0","0","0","0","-","0","0","0","0","0","0","0","0","0","0","0","0","0","0","0","0","0","0","0","4","0","0","0","0","0","0","0","0","0","0","0","0","0","0","0","0","3","0","0","0"
"0x78a8577685f0","      UISETP.NE.AND UP2, UPT, UR12, URZ, UPT","0","0","0","7056","225792","225792","32","32","0","0","-","-","-","0","0","0","0","0","0","0","0","0","-","0","0","0","0","0","0","0","0","0","0","0","0","0","0","0","0","0","0","0","0","0","0","0","0","0","0","0","0","0","0","0","0","0","0","0","0","0","0","0","0"
"0x78a857768600","      UISETP.NE.AND UP3, UPT, UR14, URZ, UPT","0","0","0","7056","225792","225792","32","32","0","0","-","-","-","0","0","0","0","0","0","0","0","0","-","0","0","0","0","0","0","0","0","0","0","0","0","0","0","0","0","0","0","0","0","0","0","0","0","0","0","0","0","0","0","0","0","0","0","0","0","0","0","0","0"
"0x78a857768610","      PLOP3.LUT P0, PT, PT, PT, UP1, 0x80, 0x8","6","0","6","7056","225792","225792","32","32","0","0","-","-","-","0","0","0","0","0","0","0","0","0","-","0","0","0","0","0","0","0","0","0","0","0","0","1","0","0","0","0","5","0","0","0","0","0","0","0","0","0","0","0","0","0","0","0","0","0","0","0","0","0","0"
"0x78a857768620","      S2R R2, SR_TID.Y","28","7","28","7056","225792","225792","32","32","0","0","-","-","-","0","0","0","0","0","0","0","0","0","-","0","0","0","0","0","0","0","0","4","0","0","0","0","0","8","0","0","16","0","0","0","0","0","0","0","0","0","0","0","0","0","7","0","0","0","0","0","0","0","0"
"0x78a857768630","      LDCU UR22, c[0x0][0x388]","0","0","0","7056","225792","225792","32","32","0","0","-","-","-","0","0","0","0","0","0","0","0","0","-","0","0","0","0","0","0","0","0","0","0","0","0","0","0","0","0","0","0","0","0","0","0","0","0","0","0","0","0","0","0","0","0","0","0","0","0","0","0","0","0"
"0x78a857768640","      PLOP3.LUT P3, PT, PT, PT, UP4, 0x80, 0x8","0","0","0","7056","225792","225792","32","32","0","0","-","-","-","0","0","0","0","0","0","0","0","0","-","0","0","0","0","0","0","0","0","0","0","0","0","0","0","0","0","0","0","0","0","0","0","0","0","0","0","0","0","0","0","0","0","0","0","0","0","0","0","0","0"
"0x78a857768650","      LDC R27, c[0x0][0x3a8]","0","0","0","7056","225792","225792","32","32","0","0","-","-","-","0","0","0","0","0","0","0","0","0","-","0","0","0","0","0","0","0","0","0","0","0","0","0","0","0","0","0","0","0","0","0","0","0","0","0","0","0","0","0","0","0","0","0","0","0","0","0","0","0","0"
"0x78a857768660","      PLOP3.LUT P2, PT, PT, PT, UP3, 0x80, 0x8","0","0","0","7056","225792","225792","32","32","0","0","-","-","-","0","0","0","0","0","0","0","0","0","-","0","0","0","0","0","0","0","0","0","0","0","0","0","0","0","0","0","0","0","0","0","0","0","0","0","0","0","0","0","0","0","0","0","0","0","0","0","0","0","0"
"0x78a857768670","@UP1  UMOV UR12, UR13","0","0","0","7056","225792","0","32","0","32","0","-","-","-","0","0","0","0","0","0","0","0","0","-","0","0","0","0","0","0","0","0","0","0","0","0","0","0","0","0","0","0","0","0","0","0","0","0","0","0","0","0","0","0","0","0","0","0","0","0","0","0","0","0"
"0x78a857768680","      PLOP3.LUT P1, PT, PT, PT, UP2, 0x80, 0x8","2","0","2","7056","225792","225792","32","32","0","0","-","-","-","0","0","0","0","0","0","0","0","0","-","0","0","0","0","0","0","0","0","0","0","0","0","0","0","0","0","2","0","0","0","0","0","0","0","0","0","0","0","0","0","0","0","0","0","0","0","0","0","0","0"
"0x78a857768690","@UP1  UIMAD.WIDE.U32 UR14, UR12, 0x8, UR4","4","1","4","7056","225792","0","32","0","32","0","-","-","-","0","0","0","0","0","0","0","0","0","-","0","0","0","0","0","0","0","0","0","0","0","0","0","0","0","0","0","0","0","4","0","0","0","0","0","0","0","0","0","0","0","0","0","0","0","0","1","0","0","0"
"0x78a8577686a0","@!UP1 UMOV UR12, UR13","2","0","2","7056","225792","225792","32","32","0","0","-","-","-","0","0","0","0","0","0","0","0","0","-","0","0","0","0","0","0","0","0","0","0","0","0","0","0","0","0","0","2","0","0","0","0","0","0","0","0","0","0","0","0","0","0","0","0","0","0","0","0","0","0"
"0x78a8577686b0","@UP4  UIMAD.WIDE.U32 UR20, UR12, 0x8, UR10","2","0","2","7056","225792","0","32","0","32","0","-","-","-","0","0","0","0","0","0","0","0","0","-","0","0","0","0","0","0","0","0","0","0","0","0","0","0","0","0","0","1","1","0","0","0","0","0","0","0","0","0","0","0","0","0","0","0","0","0","0","0","0","0"
"0x78a8577686c0","@UP3  UIMAD.WIDE.U32 UR18, UR12, 0x8, UR8","1","0","1","7056","225792","0","32","0","32","0","-","-","-","0","0","0","0","0","0","0","0","0","-","0","0","0","0","0","0","0","0","0","0","0","0","0","0","0","0","0","0","1","0","0","0","0","0","0","0","0","0","0","0","0","0","0","0","0","0","0","0","0","0"
"0x78a8577686d0","@UP2  UIMAD.WIDE.U32 UR16, UR12, 0x8, UR6","0","0","0","7056","225792","0","32","0","32","0","-","-","-","0","0","0","0","0","0","0","0","0","-","0","0","0","0","0","0","0","0","0","0","0","0","0","0","0","0","0","0","0","0","0","0","0","0","0","0","0","0","0","0","0","0","0","0","0","0","0","0","0","0"
"0x78a8577686e0","      MOV.64 R4, UR14","0","0","0","7056","225792","225792","32","32","0","0","-","-","-","0","0","0","0","0","0","0","0","0","-","0","0","0","0","0","0","0","0","0","0","0","0","0","0","0","0","0","0","0","0","0","0","0","0","0","0","0","0","0","0","0","0","0","0","0","0","0","0","0","0"
"0x78a8577686f0","      MOV.64 R10, UR20","3","0","3","7056","225792","225792","32","32","0","0","-","-","-","0","0","0","0","0","0","0","0","0","-","0","0","0","0","0","0","0","0","0","0","0","0","2","0","0","0","0","1","0","0","0","0","0","0","0","0","0","0","0","0","0","0","0","0","0","0","0","0","0","0"
"0x78a857768700","      MOV.64 R8, UR18","1","0","1","7056","225792","225792","32","32","0","0","-","-","-","0","0","0","0","0","0","0","0","0","-","0","0","0","0","0","0","0","0","0","0","0","0","0","0","0","0","1","0","0","0","0","0","0","0","0","0","0","0","0","0","0","0","0","0","0","0","0","0","0","0"
"0x78a857768710","      MOV.64 R6, UR16","0","0","0","7056","225792","225792","32","32","0","0","-","-","-","0","0","0","0","0","0","0","0","0","-","0","0","0","0","0","0","0","0","0","0","0","0","0","0","0","0","0","0","0","0","0","0","0","0","0","0","0","0","0","0","0","0","0","0","0","0","0","0","0","0"
"0x78a857768720","@P0   LDG.E.64 R4, desc[UR24][R4.64]","23","4","23","7056","225792","0","32","0","32","0","","Load","64","0","0","0","0","0","0","0","0","0","","0","0","0","0","0","0","0","0","2","0","0","0","0","0","7","0","0","14","0","0","0","0","0","0","0","0","0","0","0","0","0","4","0","0","0","0","0","0","0","0"
"0x78a857768730","@!UP1 LDCU.64 UR14, c[0x0][0x398]","0","0","0","7056","225792","225792","32","32","0","0","-","-","-","0","0","0","0","0","0","0","0","0","-","0","0","0","0","0","0","0","0","0","0","0","0","0","0","0","0","0","0","0","0","0","0","0","0","0","0","0","0","0","0","0","0","0","0","0","0","0","0","0","0"
"0x78a857768740","@P3   LDG.E.64 R10, desc[UR24][R10.64]","25","4","25","7056","225792","0","32","0","32","0","","Load","64","0","0","0","0","0","0","0","0","0","","0","0","0","0","0","0","0","0","5","0","0","0","0","0","6","0","0","13","0","0","0","0","1","0","0","0","0","0","0","0","0","4","0","0","0","0","0","0","0","0"
"0x78a857768750","@!UP4 LDCU.64 UR20, c[0x0][0x3f8]","0","0","0","7056","225792","225792","32","32","0","0","-","-","-","0","0","0","0","0","0","0","0","0","-","0","0","0","0","0","0","0","0","0","0","0","0","0","0","0","0","0","0","0","0","0","0","0","0","0","0","0","0","0","0","0","0","0","0","0","0","0","0","0","0"
"0x78a857768760","@P2   LDG.E.64 R8, desc[UR24][R8.64]","10","0","10","7056","225792","0","32","0","32","0","","Load","64","0","0","0","0","0","0","0","0","0","","0","0","0","0","0","0","0","0","2","0","0","0","0","0","0","0","0","8","0","0","0","0","0","0","0","0","0","0","0","0","0","0","0","0","0","0","0","0","0","0"
"0x78a857768770","      LDCU UR23, c[0x0][0x360]","1","0","1","7056","225792","225792","32","32","0","0","-","-","-","0","0","0","0","0","0","0","0","0","-","0","0","0","0","0","0","0","0","1","0","0","0","0","0","0","0","0","0","0","0","0","0","0","0","0","0","0","0","0","0","0","0","0","0","0","0","0","0","0","0"
"0x78a857768780","@P1   LDG.E.64 R6, desc[UR24][R6.64]","9","2","9","7056","225792","0","32","0","32","0","","Load","64","0","0","0","0","0","0","0","0","0","","0","0","0","0","0","0","0","0","1","0","2","0","0","0","3","0","0","3","0","0","0","0","0","0","0","0","0","0","0","0","0","2","0","0","0","0","0","0","0","0"
"0x78a857768790","@!UP3 LDCU.64 UR18, c[0x0][0x3d8]","0","0","0","7056","225792","225792","32","32","0","0","-","-","-","0","0","0","0","0","0","0","0","0","-","0","0","0","0","0","0","0","0","0","0","0","0","0","0","0","0","0","0","0","0","0","0","0","0","0","0","0","0","0","0","0","0","0","0","0","0","0","0","0","0"
"0x78a8577687a0","      S2UR UR13, SR_CTAID.X","0","0","0","7056","225792","225792","32","32","0","0","-","-","-","0","0","0","0","0","0","0","0","0","-","0","0","0","0","0","0","0","0","0","0","0","0","0","0","0","0","0","0","0","0","0","0","0","0","0","0","0","0","0","0","0","0","0","0","0","0","0","0","0","0"
"0x78a8577687b0","@!UP2 LDCU.64 UR16, c[0x0][0x3b8]","2","0","2","7056","225792","225792","32","32","0","0","-","-","-","0","0","0","0","0","0","0","0","0","-","0","0","0","0","0","0","0","0","0","0","0","0","0","0","1","0","0","0","1","0","0","0","0","0","0","0","0","0","0","0","0","0","0","0","0","0","0","0","0","0"
"0x78a8577687c0","@!UP1 UIMAD.WIDE.U32 UR4, UR12, UR14, UR4","1","0","1","7056","225792","225792","32","32","0","0","-","-","-","0","0","0","0","0","0","0","0","0","-","0","0","0","0","0","0","0","0","1","0","0","0","0","0","0","0","0","0","0","0","0","0","0","0","0","0","0","0","0","0","0","0","0","0","0","0","0","0","0","0"
"0x78a8577687d0","      S2UR UR14, SR_CTAID.Y","12","2","12","7056","225792","225792","32","32","0","0","-","-","-","0","0","0","0","0","0","0","0","0","-","0","0","0","0","0","0","0","0","1","0","0","0","0","0","0","0","0","7","1","0","0","0","3","0","0","0","0","0","0","0","0","0","0","0","2","0","0","0","0","0"
"0x78a8577687e0","      UISETP.NE.AND UP0, UPT, UR22, URZ, UPT","0","0","0","7056","225792","225792","32","32","0","0","-","-","-","0","0","0","0","0","0","0","0","0","-","0","0","0","0","0","0","0","0","0","0","0","0","0","0","0","0","0","0","0","0","0","0","0","0","0","0","0","0","0","0","0","0","0","0","0","0","0","0","0","0"
"0x78a8577687f0","@!UP4 UIMAD.WIDE.U32 UR10, UR12, UR20, UR10","1","0","1","7056","225792","225792","32","32","0","0","-","-","-","0","0","0","0","0","0","0","0","0","-","0","0","0","0","0","0","0","0","1","0","0","0","0","0","0","0","0","0","0","0","0","0","0","0","0","0","0","0","0","0","0","0","0","0","0","0","0","0","0","0"
"0x78a857768800","      IMAD R18, R2, UR23, R0","4","2","4","7056","225792","225792","32","32","0","0","-","-","-","0","0","0","0","0","0","0","0","0","-","0","0","0","0","0","0","0","0","0","0","0","0","2","0","0","0","1","0","0","1","0","0","0","0","0","0","0","0","0","1","0","0","0","0","0","0","1","0","0","0"
"0x78a857768810","@!UP3 UIMAD.WIDE.U32 UR8, UR12, UR18, UR8","0","0","0","7056","225792","225792","32","32","0","0","-","-","-","0","0","0","0","0","0","0","0","0","-","0","0","0","0","0","0","0","0","0","0","0","0","0","0","0","0","0","0","0","0","0","0","0","0","0","0","0","0","0","0","0","0","0","0","0","0","0","0","0","0"
"0x78a857768820","      SHF.R.U32.HI R23, RZ, 0x4, R18","16","2","16","7056","225792","225792","32","32","0","0","-","-","-","0","0","0","0","0","0","0","0","0","-","0","0","0","0","0","0","0","0","3","0","0","0","1","0","0","0","0","8","0","0","0","0","4","0","0","0","0","0","0","1","0","0","0","0","0","0","0","0","0","1"
"0x78a857768830","      LOP3.LUT R18, R18, 0xf, RZ, 0xc0, !PT","1","0","1","7056","225792","225792","32","32","0","0","-","-","-","0","0","0","0","0","0","0","0","0","-","0","0","0","0","0","0","0","0","0","0","0","0","0","0","0","0","0","0","1","0","0","0","0","0","0","0","0","0","0","0","0","0","0","0","0","0","0","0","0","0"
"0x78a857768840","@!UP2 UIMAD.WIDE.U32 UR6, UR12, UR16, UR6","0","0","0","7056","225792","225792","32","32","0","0","-","-","-","0","0","0","0","0","0","0","0","0","-","0","0","0","0","0","0","0","0","0","0","0","0","0","0","0","0","0","0","0","0","0","0","0","0","0","0","0","0","0","0","0","0","0","0","0","0","0","0","0","0"
"0x78a857768850","      SHF.R.S32.HI R25, RZ, 0x1f, R31","0","0","0","7056","225792","225792","32","32","0","0","-","-","-","0","0","0","0","0","0","0","0","0","-","0","0","0","0","0","0","0","0","0","0","0","0","0","0","0","0","0","0","0","0","0","0","0","0","0","0","0","0","0","0","0","0","0","0","0","0","0","0","0","0"
"0x78a857768860","      HFMA2 R19, -RZ, RZ, 0, 0","0","0","0","7056","225792","225792","32","32","0","0","-","-","-","0","0","0","0","0","0","0","0","0","-","0","0","0","0","0","0","0","0","0","0","0","0","0","0","0","0","0","0","0","0","0","0","0","0","0","0","0","0","0","0","0","0","0","0","0","0","0","0","0","0"
"0x78a857768870","@!UP1 UIMAD UR15, UR12, UR15, URZ","0","0","0","7056","225792","225792","32","32","0","0","-","-","-","0","0","0","0","0","0","0","0","0","-","0","0","0","0","0","0","0","0","0","0","0","0","0","0","0","0","0","0","0","0","0","0","0","0","0","0","0","0","0","0","0","0","0","0","0","0","0","0","0","0"
"0x78a857768880","      BSSY.RECONVERGENT B0, 0x78a857769300","0","0","0","7056","225792","225792","32","32","0","0","-","-","-","0","0","0","0","0","0","0","0","0","-","0","0","0","0","0","0","0","0","0","0","0","0","0","0","0","0","0","0","0","0","0","0","0","0","0","0","0","0","0","0","0","0","0","0","0","0","0","0","0","0"
"0x78a857768890","      HFMA2 R35, -RZ, RZ, 0, 0","0","0","0","7056","225792","225792","32","32","0","0","-","-","-","0","0","0","0","0","0","0","0","0","-","0","0","0","0","0","0","0","0","0","0","0","0","0","0","0","0","0","0","0","0","0","0","0","0","0","0","0","0","0","0","0","0","0","0","0","0","0","0","0","0"
"0x78a8577688a0","      HFMA2 R45, -RZ, RZ, 0, 0","3","0","3","7056","225792","225792","32","32","0","0","-","-","-","0","0","0","0","0","0","0","0","0","-","0","0","0","0","0","0","0","0","0","0","0","0","3","0","0","0","0","0","0","0","0","0","0","0","0","0","0","0","0","0","0","0","0","0","0","0","0","0","0","0"
"0x78a8577688b0","      HFMA2 R43, -RZ, RZ, 0, 0","9","0","9","7056","225792","225792","32","32","0","0","-","-","-","0","0","0","0","0","0","0","0","0","-","0","0","0","0","0","0","0","0","0","0","0","0","8","0","0","0","0","0","1","0","0","0","0","0","0","0","0","0","0","0","0","0","0","0","0","0","0","0","0","0"
"0x78a8577688c0","      HFMA2 R29, -RZ, RZ, 0, 0","0","0","0","7056","225792","225792","32","32","0","0","-","-","-","0","0","0","0","0","0","0","0","0","-","0","0","0","0","0","0","0","0","0","0","0","0","0","0","0","0","0","0","0","0","0","0","0","0","0","0","0","0","0","0","0","0","0","0","0","0","0","0","0","0"
"0x78a8577688d0","      HFMA2 R14, -RZ, RZ, 0, 0","0","0","0","7056","225792","225792","32","32","0","0","-","-","-","0","0","0","0","0","0","0","0","0","-","0","0","0","0","0","0","0","0","0","0","0","0","0","0","0","0","0","0","0","0","0","0","0","0","0","0","0","0","0","0","0","0","0","0","0","0","0","0","0","0"
"0x78a8577688e0","      MOV R37, RZ","0","0","0","7056","225792","225792","32","32","0","0","-","-","-","0","0","0","0","0","0","0","0","0","-","0","0","0","0","0","0","0","0","0","0","0","0","0","0","0","0","0","0","0","0","0","0","0","0","0","0","0","0","0","0","0","0","0","0","0","0","0","0","0","0"
"0x78a8577688f0","      MOV R41, RZ","0","0","0","7056","225792","225792","32","32","0","0","-","-","-","0","0","0","0","0","0","0","0","0","-","0","0","0","0","0","0","0","0","0","0","0","0","0","0","0","0","0","0","0","0","0","0","0","0","0","0","0","0","0","0","0","0","0","0","0","0","0","0","0","0"
"0x78a857768900","      MOV R47, RZ","0","0","0","7056","225792","225792","32","32","0","0","-","-","-","0","0","0","0","0","0","0","0","0","-","0","0","0","0","0","0","0","0","0","0","0","0","0","0","0","0","0","0","0","0","0","0","0","0","0","0","0","0","0","0","0","0","0","0","0","0","0","0","0","0"
"0x78a857768910","      MOV R49, RZ","0","0","0","7056","225792","225792","32","32","0","0","-","-","-","0","0","0","0","0","0","0","0","0","-","0","0","0","0","0","0","0","0","0","0","0","0","0","0","0","0","0","0","0","0","0","0","0","0","0","0","0","0","0","0","0","0","0","0","0","0","0","0","0","0"
"0x78a857768920","      MOV R3, RZ","2","0","2","7056","225792","225792","32","32","0","0","-","-","-","0","0","0","0","0","0","0","0","0","-","0","0","0","0","0","0","0","0","0","0","0","0","0","0","0","0","0","0","2","0","0","0","0","0","0","0","0","0","0","0","0","0","0","0","0","0","0","0","0","0"
"0x78a857768930","@P3   R2UR UR29, R11","0","0","0","7056","225792","0","32","0","32","0","-","-","-","0","0","0","0","0","0","0","0","0","-","0","0","0","0","0","0","0","0","0","0","0","0","0","0","0","0","0","0","0","0","0","0","0","0","0","0","0","0","0","0","0","0","0","0","0","0","0","0","0","0"
"0x78a857768940","@P2   R2UR UR27, R9","4","0","4","7056","225792","0","32","0","32","0","-","-","-","0","0","0","0","0","0","0","0","0","-","0","0","0","0","0","0","0","0","1","0","0","0","0","0","0","0","0","1","1","0","0","0","1","0","0","0","0","0","0","0","0","0","0","0","0","0","0","0","0","0"
"0x78a857768950","@!UP4 UIMAD UR29, UR12, UR21, UR11","3","0","3","7056","225792","225792","32","32","0","0","-","-","-","0","0","0","0","0","0","0","0","0","-","0","0","0","0","0","0","0","0","1","0","0","0","0","0","0","0","0","2","0","0","0","0","0","0","0","0","0","0","0","0","0","0","0","0","0","0","0","0","0","0"
"0x78a857768960","      ULOP3.LUT UP5, UR11, UR22, 0xf, URZ, 0xc0, !UPT","1","0","1","7056","225792","225792","32","32","0","0","-","-","-","0","0","0","0","0","0","0","0","0","-","0","0","0","0","0","0","0","0","0","0","0","0","0","0","0","0","0","0","1","0","0","0","0","0","0","0","0","0","0","0","0","0","0","0","0","0","0","0","0","0"
"0x78a857768970","@P1   R2UR UR31, R7","0","0","0","7056","225792","0","32","0","32","0","-","-","-","0","0","0","0","0","0","0","0","0","-","0","0","0","0","0","0","0","0","0","0","0","0","0","0","0","0","0","0","0","0","0","0","0","0","0","0","0","0","0","0","0","0","0","0","0","0","0","0","0","0"
"0x78a857768980","@UP0  USEL UR11, UR11, 0x10, UP5","4","0","4","7056","225792","225792","32","32","0","0","-","-","-","0","0","0","0","0","0","0","0","0","-","0","0","0","0","0","0","0","0","0","0","0","0","0","0","0","0","0","3","1","0","0","0","0","0","0","0","0","0","0","0","0","0","0","0","0","0","0","0","0","0"
"0x78a857768990","@!UP3 UIMAD UR27, UR12, UR19, UR9","0","0","0","7056","225792","225792","32","32","0","0","-","-","-","0","0","0","0","0","0","0","0","0","-","0","0","0","0","0","0","0","0","0","0","0","0","0","0","0","0","0","0","0","0","0","0","0","0","0","0","0","0","0","0","0","0","0","0","0","0","0","0","0","0"
"0x78a8577689a0","@P0   R2UR UR32, R4","0","0","0","7056","225792","0","32","0","32","0","-","-","-","0","0","0","0","0","0","0","0","0","-","0","0","0","0","0","0","0","0","0","0","0","0","0","0","0","0","0","0","0","0","0","0","0","0","0","0","0","0","0","0","0","0","0","0","0","0","0","0","0","0"
"0x78a8577689b0","      USHF.L.U32 UR9, UR14, 0x6, URZ","0","0","0","7056","225792","225792","32","32","0","0","-","-","-","0","0","0","0","0","0","0","0","0","-","0","0","0","0","0","0","0","0","0","0","0","0","0","0","0","0","0","0","0","0","0","0","0","0","0","0","0","0","0","0","0","0","0","0","0","0","0","0","0","0"
"0x78a8577689c0","@P0   R2UR UR33, R5","1","0","1","7056","225792","0","32","0","32","0","-","-","-","0","0","0","0","0","0","0","0","0","-","0","0","0","0","0","0","0","0","0","0","0","0","0","0","0","0","0","0","1","0","0","0","0","0","0","0","0","0","0","0","0","0","0","0","0","0","0","0","0","0"
"0x78a8577689d0","      ISETP.GE.U32.AND P0, PT, R18, UR11, PT","2","1","2","7056","225792","225792","32","32","0","0","-","-","-","0","0","0","0","0","0","0","0","0","-","0","0","0","0","0","0","0","0","0","0","0","0","0","0","0","0","0","2","0","0","0","0","0","0","0","0","0","0","0","0","0","0","0","0","1","0","0","0","0","0"
"0x78a8577689e0","@P1   R2UR UR30, R6","0","0","0","7056","225792","0","32","0","32","0","-","-","-","0","0","0","0","0","0","0","0","0","-","0","0","0","0","0","0","0","0","0","0","0","0","0","0","0","0","0","0","0","0","0","0","0","0","0","0","0","0","0","0","0","0","0","0","0","0","0","0","0","0"
"0x78a8577689f0","@P2   R2UR UR26, R8","2","0","2","7056","225792","0","32","0","32","0","-","-","-","0","0","0","0","0","0","0","0","0","-","0","0","0","0","0","0","0","0","0","0","0","0","0","0","0","0","0","2","0","0","0","0","0","0","0","0","0","0","0","0","0","0","0","0","0","0","0","0","0","0"
"0x78a857768a00","@P3   R2UR UR28, R10","2","0","2","7056","225792","0","32","0","32","0","-","-","-","0","0","0","0","0","0","0","0","0","-","0","0","0","0","0","0","0","0","1","0","0","0","0","0","0","0","0","0","0","0","0","0","1","0","0","0","0","0","0","0","0","0","0","0","0","0","0","0","0","0"
"0x78a857768a10","@!UP2 UIMAD UR31, UR12, UR17, UR7","1","0","1","7056","225792","225792","32","32","0","0","-","-","-","0","0","0","0","0","0","0","0","0","-","0","0","0","0","0","0","0","0","0","0","0","0","0","0","0","0","0","0","1","0","0","0","0","0","0","0","0","0","0","0","0","0","0","0","0","0","0","0","0","0"
"0x78a857768a20","      USHF.L.U32 UR7, UR13, 0x6, URZ","0","0","0","7056","225792","225792","32","32","0","0","-","-","-","0","0","0","0","0","0","0","0","0","-","0","0","0","0","0","0","0","0","0","0","0","0","0","0","0","0","0","0","0","0","0","0","0","0","0","0","0","0","0","0","0","0","0","0","0","0","0","0","0","0"
"0x78a857768a30","      IADD3 R15, PT, PT, R23, UR9, RZ","0","0","0","7056","225792","225792","32","32","0","0","-","-","-","0","0","0","0","0","0","0","0","0","-","0","0","0","0","0","0","0","0","0","0","0","0","0","0","0","0","0","0","0","0","0","0","0","0","0","0","0","0","0","0","0","0","0","0","0","0","0","0","0","0"
"0x78a857768a40","@!UP1 UIADD3 UR33, UPT, UPT, UR5, UR15, URZ","1","0","1","7056","225792","225792","32","32","0","0","-","-","-","0","0","0","0","0","0","0","0","0","-","0","0","0","0","0","0","0","0","0","0","0","0","0","0","0","0","0","0","1","0","0","0","0","0","0","0","0","0","0","0","0","0","0","0","0","0","0","0","0","0"
"0x78a857768a50","@!UP1 UMOV UR32, UR4","0","0","0","7056","225792","225792","32","32","0","0","-","-","-","0","0","0","0","0","0","0","0","0","-","0","0","0","0","0","0","0","0","0","0","0","0","0","0","0","0","0","0","0","0","0","0","0","0","0","0","0","0","0","0","0","0","0","0","0","0","0","0","0","0"
"0x78a857768a60","      IADD3 R36, PT, PT, R23, UR7, RZ","9","1","9","7056","225792","225792","32","32","0","0","-","-","-","0","0","0","0","0","0","0","0","0","-","0","0","0","0","0","0","0","0","1","0","0","0","1","0","0","0","0","5","0","0","0","0","2","0","0","0","0","0","0","0","0","0","0","0","0","0","0","0","0","1"
"0x78a857768a70","      IMAD R55, R25, R15, RZ","0","0","0","7056","225792","225792","32","32","0","0","-","-","-","0","0","0","0","0","0","0","0","0","-","0","0","0","0","0","0","0","0","0","0","0","0","0","0","0","0","0","0","0","0","0","0","0","0","0","0","0","0","0","0","0","0","0","0","0","0","0","0","0","0"
"0x78a857768a80","      IMAD.WIDE.U32 R12, R15, R31, R18","2","0","2","7056","225792","225792","32","32","0","0","-","-","-","0","0","0","0","0","0","0","0","0","-","0","0","0","0","0","0","0","0","0","0","0","0","0","0","0","0","0","0","2","0","0","0","0","0","0","0","0","0","0","0","0","0","0","0","0","0","0","0","0","0"
"0x78a857768a90","@!UP2 UMOV UR30, UR6","0","0","0","7056","225792","225792","32","32","0","0","-","-","-","0","0","0","0","0","0","0","0","0","-","0","0","0","0","0","0","0","0","0","0","0","0","0","0","0","0","0","0","0","0","0","0","0","0","0","0","0","0","0","0","0","0","0","0","0","0","0","0","0","0"
"0x78a857768aa0","@!UP3 UMOV UR26, UR8","0","0","0","7056","225792","225792","32","32","0","0","-","-","-","0","0","0","0","0","0","0","0","0","-","0","0","0","0","0","0","0","0","0","0","0","0","0","0","0","0","0","0","0","0","0","0","0","0","0","0","0","0","0","0","0","0","0","0","0","0","0","0","0","0"
"0x78a857768ab0","@!UP4 UMOV UR28, UR10","1","0","1","7056","225792","225792","32","32","0","0","-","-","-","0","0","0","0","0","0","0","0","0","-","0","0","0","0","0","0","0","0","0","0","0","0","0","0","0","0","0","0","1","0","0","0","0","0","0","0","0","0","0","0","0","0","0","0","0","0","0","0","0","0"
"0x78a857768ac0","      CS2R R4, SRZ","1","0","1","7056","225792","225792","32","32","0","0","-","-","-","0","0","0","0","0","0","0","0","0","-","0","0","0","0","0","0","0","0","1","0","0","0","0","0","0","0","0","0","0","0","0","0","0","0","0","0","0","0","0","0","0","0","0","0","0","0","0","0","0","0"
"0x78a857768ad0","      CS2R R6, SRZ","0","0","0","7056","225792","225792","32","32","0","0","-","-","-","0","0","0","0","0","0","0","0","0","-","0","0","0","0","0","0","0","0","0","0","0","0","0","0","0","0","0","0","0","0","0","0","0","0","0","0","0","0","0","0","0","0","0","0","0","0","0","0","0","0"
"0x78a857768ae0","      CS2R R8, SRZ","0","0","0","7056","225792","225792","32","32","0","0","-","-","-","0","0","0","0","0","0","0","0","0","-","0","0","0","0","0","0","0","0","0","0","0","0","0","0","0","0","0","0","0","0","0","0","0","0","0","0","0","0","0","0","0","0","0","0","0","0","0","0","0","0"
"0x78a857768af0","      IMAD.WIDE R64, R36, R27, R18","1","0","1","7056","225792","225792","32","32","0","0","-","-","-","0","0","0","0","0","0","0","0","0","-","0","0","0","0","0","0","0","0","0","0","0","0","0","0","0","0","0","1","0","0","0","0","0","0","0","0","0","0","0","0","0","0","0","0","0","0","0","0","0","0"
"0x78a857768b00","      IADD3 R55, PT, PT, R13, R55, RZ","0","0","0","7056","225792","225792","32","32","0","0","-","-","-","0","0","0","0","0","0","0","0","0","-","0","0","0","0","0","0","0","0","0","0","0","0","0","0","0","0","0","0","0","0","0","0","0","0","0","0","0","0","0","0","0","0","0","0","0","0","0","0","0","0"
"0x78a857768b10","@P0   BRA 0x78a8577692f0","0","0","0","7056","225792","0","32","0","32","0","-","-","-","0","0","0","0","0","0","0","0","0","-","0","0","0","0","0","0","0","0","0","0","0","0","0","0","0","0","0","0","0","0","0","0","0","0","0","0","0","0","0","0","0","0","0","0","0","0","0","0","0","0"
"0x78a857768b20","      LDCU UR5, c[0x0][0x384]","2","0","2","7056","225792","225792","32","32","0","0","-","-","-","0","0","0","0","0","0","0","0","0","-","0","0","0","0","0","0","0","0","0","0","0","0","0","0","0","0","0","1","0","0","0","0","1","0","0","0","0","0","0","0","0","0","0","0","0","0","0","0","0","0"
"0x78a857768b30","      IADD3 R3, PT, PT, R15, 0x18, RZ","0","0","0","7056","225792","225792","32","32","0","0","-","-","-","0","0","0","0","0","0","0","0","0","-","0","0","0","0","0","0","0","0","0","0","0","0","0","0","0","0","0","0","0","0","0","0","0","0","0","0","0","0","0","0","0","0","0","0","0","0","0","0","0","0"
"0x78a857768b40","      IADD3 R4, PT, PT, R15, 0x30, RZ","5","0","5","7056","225792","225792","32","32","0","0","-","-","-","0","0","0","0","0","0","0","0","0","-","0","0","0","0","0","0","0","0","1","0","0","0","1","0","0","0","0","2","0","0","0","0","1","0","0","0","0","0","0","0","0","0","0","0","0","0","0","0","0","0"
"0x78a857768b50","      IADD3 R8, PT, PT, R15, 0x10, RZ","1","0","1","7056","225792","225792","32","32","0","0","-","-","-","0","0","0","0","0","0","0","0","0","-","0","0","0","0","0","0","0","0","0","0","0","0","0","0","0","0","0","0","1","0","0","0","0","0","0","0","0","0","0","0","0","0","0","0","0","0","0","0","0","0"
"0x78a857768b60","      LDCU UR4, c[0x0][0x380]","0","0","0","7056","225792","225792","32","32","0","0","-","-","-","0","0","0","0","0","0","0","0","0","-","0","0","0","0","0","0","0","0","0","0","0","0","0","0","0","0","0","0","0","0","0","0","0","0","0","0","0","0","0","0","0","0","0","0","0","0","0","0","0","0"
"0x78a857768b70","      ISETP.GE.AND P3, PT, R3, UR5, PT","8","0","8","7056","225792","225792","32","32","0","0","-","-","-","0","0","0","0","0","0","0","0","0","-","0","0","0","0","0","0","0","0","1","0","0","0","0","0","0","0","0","6","0","1","0","0","0","0","0","0","0","0","0","0","0","0","0","0","0","0","0","0","0","0"
"0x78a857768b80","      IADD3 R3, PT, PT, R15, 0x28, RZ","0","0","0","7056","225792","225792","32","32","0","0","-","-","-","0","0","0","0","0","0","0","0","0","-","0","0","0","0","0","0","0","0","0","0","0","0","0","0","0","0","0","0","0","0","0","0","0","0","0","0","0","0","0","0","0","0","0","0","0","0","0","0","0","0"
"0x78a857768b90","      ISETP.GE.AND P1, PT, R4, UR5, PT","2","0","2","7056","225792","225792","32","32","0","0","-","-","-","0","0","0","0","0","0","0","0","0","-","0","0","0","0","0","0","0","0","0","0","0","0","0","0","0","0","0","0","2","0","0","0","0","0","0","0","0","0","0","0","0","0","0","0","0","0","0","0","0","0"
"0x78a857768ba0","      ISETP.GE.AND P0, PT, R8, UR5, PT","0","0","0","7056","225792","225792","32","32","0","0","-","-","-","0","0","0","0","0","0","0","0","0","-","0","0","0","0","0","0","0","0","0","0","0","0","0","0","0","0","0","0","0","0","0","0","0","0","0","0","0","0","0","0","0","0","0","0","0","0","0","0","0","0"
"0x78a857768bb0","      ISETP.GE.AND P2, PT, R3, UR5, PT","6","1","6","7056","225792","225792","32","32","0","0","-","-","-","0","0","0","0","0","0","0","0","0","-","0","0","0","0","0","0","0","0","2","0","0","0","0","0","0","0","0","2","0","0","0","0","2","0","0","0","0","0","0","0","0","0","0","0","0","0","0","0","0","1"
"0x78a857768bc0","      IADD3 R3, PT, PT, R15, 0x8, RZ","0","0","0","7056","225792","225792","32","32","0","0","-","-","-","0","0","0","0","0","0","0","0","0","-","0","0","0","0","0","0","0","0","0","0","0","0","0","0","0","0","0","0","0","0","0","0","0","0","0","0","0","0","0","0","0","0","0","0","0","0","0","0","0","0"
"0x78a857768bd0","      ISETP.GE.AND P4, PT, R3, UR5, PT","7","1","7","7056","225792","225792","32","32","0","0","-","-","-","0","0","0","0","0","0","0","0","0","-","0","0","0","0","0","0","0","0","2","0","0","0","0","0","0","0","0","4","0","0","0","0","1","0","0","0","0","0","0","0","0","0","0","0","0","0","0","0","0","1"
"0x78a857768be0","@!P3  MOV R54, R12","0","0","0","7056","225792","225792","32","32","0","0","-","-","-","0","0","0","0","0","0","0","0","0","-","0","0","0","0","0","0","0","0","0","0","0","0","0","0","0","0","0","0","0","0","0","0","0","0","0","0","0","0","0","0","0","0","0","0","0","0","0","0","0","0"
"0x78a857768bf0","@!P3  IMAD R3, R25, 0x18, RZ","0","0","0","7056","225792","225792","32","32","0","0","-","-","-","0","0","0","0","0","0","0","0","0","-","0","0","0","0","0","0","0","0","0","0","0","0","0","0","0","0","0","0","0","0","0","0","0","0","0","0","0","0","0","0","0","0","0","0","0","0","0","0","0","0"
"0x78a857768c00","@!P1  IMAD R17, R25, 0x30, RZ","0","0","0","7056","225792","220416","32","31","1","0","-","-","-","0","0","0","0","0","0","0","0","0","-","0","0","0","0","0","0","0","0","0","0","0","0","0","0","0","0","0","0","0","0","0","0","0","0","0","0","0","0","0","0","0","0","0","0","0","0","0","0","0","0"
"0x78a857768c10","@!P3  IMAD.WIDE.U32 R4, R31, 0x18, R54","0","0","0","7056","225792","225792","32","32","0","0","-","-","-","0","0","0","0","0","0","0","0","0","-","0","0","0","0","0","0","0","0","0","0","0","0","0","0","0","0","0","0","0","0","0","0","0","0","0","0","0","0","0","0","0","0","0","0","0","0","0","0","0","0"
"0x78a857768c20","@!P2  MOV R6, R12","0","0","0","7056","225792","220416","32","31","1","0","-","-","-","0","0","0","0","0","0","0","0","0","-","0","0","0","0","0","0","0","0","0","0","0","0","0","0","0","0","0","0","0","0","0","0","0","0","0","0","0","0","0","0","0","0","0","0","0","0","0","0","0","0"
"0x78a857768c30","@!P2  MOV R7, R55","1","0","1","7056","225792","220416","32","31","1","0","-","-","-","0","0","0","0","0","0","0","0","0","-","0","0","0","0","0","0","0","0","0","0","0","0","0","0","0","0","0","0","1","0","0","0","0","0","0","0","0","0","0","0","0","0","0","0","0","0","0","0","0","0"
"0x78a857768c40","@!P2  IMAD R9, R25, 0x28, RZ","3","0","3","7056","225792","220416","32","31","1","0","-","-","-","0","0","0","0","0","0","0","0","0","-","0","0","0","0","0","0","0","0","0","0","0","0","1","0","0","0","0","2","0","0","0","0","0","0","0","0","0","0","0","0","0","0","0","0","0","0","0","0","0","0"
"0x78a857768c50","@!P3  IADD3 R3, PT, PT, R5, R3, RZ","1","0","1","7056","225792","225792","32","32","0","0","-","-","-","0","0","0","0","0","0","0","0","0","-","0","0","0","0","0","0","0","0","1","0","0","0","0","0","0","0","0","0","0","0","0","0","0","0","0","0","0","0","0","0","0","0","0","0","0","0","0","0","0","0"
"0x78a857768c60","@!P3  LEA R20, P5, R4, UR30, 0x2","10","0","10","7056","225792","225792","32","32","0","0","-","-","-","0","0","0","0","0","0","0","0","0","-","0","0","0","0","0","0","0","0","0","0","0","0","1","0","0","0","0","9","0","0","0","0","0","0","0","0","0","0","0","0","0","0","0","0","0","0","0","0","0","0"
"0x78a857768c70","@!P2  IMAD.WIDE.U32 R6, R31, 0x28, R6","1","0","1","7056","225792","220416","32","31","1","0","-","-","-","0","0","0","0","0","0","0","0","0","-","0","0","0","0","0","0","0","0","0","0","0","0","0","0","0","0","0","0","1","0","0","0","0","0","0","0","0","0","0","0","0","0","0","0","0","0","0","0","0","0"
"0x78a857768c80","@!P1  MOV R5, R55","0","0","0","7056","225792","220416","32","31","1","0","-","-","-","0","0","0","0","0","0","0","0","0","-","0","0","0","0","0","0","0","0","0","0","0","0","0","0","0","0","0","0","0","0","0","0","0","0","0","0","0","0","0","0","0","0","0","0","0","0","0","0","0","0"
"0x78a857768c90","@!P3  LEA.HI.X R21, R4, UR31, R3, 0x2, P5","2","0","2","7056","225792","225792","32","32","0","0","-","-","-","0","0","0","0","0","0","0","0","0","-","0","0","0","0","0","0","0","0","0","0","0","0","0","0","0","0","0","1","1","0","0","0","0","0","0","0","0","0","0","0","0","0","0","0","0","0","0","0","0","0"
"0x78a857768ca0","@!P1  MOV R4, R12","0","0","0","7056","225792","220416","32","31","1","0","-","-","-","0","0","0","0","0","0","0","0","0","-","0","0","0","0","0","0","0","0","0","0","0","0","0","0","0","0","0","0","0","0","0","0","0","0","0","0","0","0","0","0","0","0","0","0","0","0","0","0","0","0"
"0x78a857768cb0","@!P2  IADD3 R3, PT, PT, R7, R9, RZ","1","0","1","7056","225792","220416","32","31","1","0","-","-","-","0","0","0","0","0","0","0","0","0","-","0","0","0","0","0","0","0","0","1","0","0","0","0","0","0","0","0","0","0","0","0","0","0","0","0","0","0","0","0","0","0","0","0","0","0","0","0","0","0","0"
"0x78a857768cc0","@!P2  LEA R10, P6, R6, UR30, 0x2","0","0","0","7056","225792","220416","32","31","1","0","-","-","-","0","0","0","0","0","0","0","0","0","-","0","0","0","0","0","0","0","0","0","0","0","0","0","0","0","0","0","0","0","0","0","0","0","0","0","0","0","0","0","0","0","0","0","0","0","0","0","0","0","0"
"0x78a857768cd0","@!P4  LEA R8, P5, R31, R12, 0x3","1","0","1","7056","225792","225792","32","32","0","0","-","-","-","0","0","0","0","0","0","0","0","0","-","0","0","0","0","0","0","0","0","0","0","0","0","0","0","0","0","0","1","0","0","0","0","0","0","0","0","0","0","0","0","0","0","0","0","0","0","0","0","0","0"
"0x78a857768ce0","@!P1  IMAD.WIDE.U32 R4, R31, 0x30, R4","0","0","0","7056","225792","220416","32","31","1","0","-","-","-","0","0","0","0","0","0","0","0","0","-","0","0","0","0","0","0","0","0","0","0","0","0","0","0","0","0","0","0","0","0","0","0","0","0","0","0","0","0","0","0","0","0","0","0","0","0","0","0","0","0"
"0x78a857768cf0","@!P2  LEA.HI.X R11, R6, UR31, R3, 0x2, P6","0","0","0","7056","225792","220416","32","31","1","0","-","-","-","0","0","0","0","0","0","0","0","0","-","0","0","0","0","0","0","0","0","0","0","0","0","0","0","0","0","0","0","0","0","0","0","0","0","0","0","0","0","0","0","0","0","0","0","0","0","0","0","0","0"
"0x78a857768d00","@!P4  LEA.HI.X R7, R31, R55, R25, 0x3, P5","9","0","9","7056","225792","225792","32","32","0","0","-","-","-","0","0","0","0","0","0","0","0","0","-","0","0","0","0","0","0","0","0","1","0","0","0","1","0","0","0","0","7","0","0","0","0","0","0","0","0","0","0","0","0","0","0","0","0","0","0","0","0","0","0"
"0x78a857768d10","@!P1  IADD3 R3, PT, PT, R5, R17, RZ","1","0","1","7056","225792","220416","32","31","1","0","-","-","-","0","0","0","0","0","0","0","0","0","-","0","0","0","0","0","0","0","0","0","0","0","0","0","0","0","0","0","1","0","0","0","0","0","0","0","0","0","0","0","0","0","0","0","0","0","0","0","0","0","0"
"0x78a857768d20","@!P1  LEA R16, P6, R4, UR30, 0x2","2","0","2","7056","225792","220416","32","31","1","0","-","-","-","0","0","0","0","0","0","0","0","0","-","0","0","0","0","0","0","0","0","0","0","0","0","0","0","0","0","0","1","0","0","0","0","1","0","0","0","0","0","0","0","0","0","0","0","0","0","0","0","0","0"
"0x78a857768d30","      IADD3 R5, PT, PT, R15, 0x20, RZ","0","0","0","7056","225792","225792","32","32","0","0","-","-","-","0","0","0","0","0","0","0","0","0","-","0","0","0","0","0","0","0","0","0","0","0","0","0","0","0","0","0","0","0","0","0","0","0","0","0","0","0","0","0","0","0","0","0","0","0","0","0","0","0","0"
"0x78a857768d40","@!P4  LEA R28, P5, R8, UR30, 0x2","0","0","0","7056","225792","225792","32","32","0","0","-","-","-","0","0","0","0","0","0","0","0","0","-","0","0","0","0","0","0","0","0","0","0","0","0","0","0","0","0","0","0","0","0","0","0","0","0","0","0","0","0","0","0","0","0","0","0","0","0","0","0","0","0"
"0x78a857768d50","@!P1  LEA.HI.X R17, R4, UR31, R3, 0x2, P6","1","0","1","7056","225792","220416","32","31","1","0","-","-","-","0","0","0","0","0","0","0","0","0","-","0","0","0","0","0","0","0","0","0","0","0","0","0","0","0","0","0","1","0","0","0","0","0","0","0","0","0","0","0","0","0","0","0","0","0","0","0","0","0","0"
"0x78a857768d60","@!P4  LEA.HI.X R29, R8, UR31, R7, 0x2, P5","5","0","5","7056","225792","225792","32","32","0","0","-","-","-","0","0","0","0","0","0","0","0","0","-","0","0","0","0","0","0","0","0","2","0","0","0","0","0","0","0","0","3","0","0","0","0","0","0","0","0","0","0","0","0","0","0","0","0","0","0","0","0","0","0"
"0x78a857768d70","      CS2R R8, SRZ","0","0","0","7056","225792","225792","32","32","0","0","-","-","-","0","0","0","0","0","0","0","0","0","-","0","0","0","0","0","0","0","0","0","0","0","0","0","0","0","0","0","0","0","0","0","0","0","0","0","0","0","0","0","0","0","0","0","0","0","0","0","0","0","0"
"0x78a857768d80","      ISETP.GE.AND P6, PT, R5, UR5, PT","0","0","0","7056","225792","225792","32","32","0","0","-","-","-","0","0","0","0","0","0","0","0","0","-","0","0","0","0","0","0","0","0","0","0","0","0","0","0","0","0","0","0","0","0","0","0","0","0","0","0","0","0","0","0","0","0","0","0","0","0","0","0","0","0"
"0x78a857768d90","@!P0  LEA R3, P5, R31, R12, 0x4","0","0","0","7056","225792","225792","32","32","0","0","-","-","-","0","0","0","0","0","0","0","0","0","-","0","0","0","0","0","0","0","0","0","0","0","0","0","0","0","0","0","0","0","0","0","0","0","0","0","0","0","0","0","0","0","0","0","0","0","0","0","0","0","0"
"0x78a857768da0","      CS2R R6, SRZ","0","0","0","7056","225792","225792","32","32","0","0","-","-","-","0","0","0","0","0","0","0","0","0","-","0","0","0","0","0","0","0","0","0","0","0","0","0","0","0","0","0","0","0","0","0","0","0","0","0","0","0","0","0","0","0","0","0","0","0","0","0","0","0","0"
"0x78a857768db0","@!P0  LEA.HI.X R4, R31, R55, R25, 0x4, P5","5","1","5","7056","225792","225792","32","32","0","0","-","-","-","0","0","0","0","0","0","0","0","0","-","0","0","0","0","0","0","0","0","2","0","0","0","1","0","0","0","0","1","0","0","0","0","1","0","0","0","0","0","0","1","0","0","0","0","0","0","0","0","0","0"
"0x78a857768dc0","@!P4  LDG.E.CONSTANT R8, desc[UR24][R28.64]","71","10","71","7056","225792","225792","32","32","0","0","Global","Load","32","14112","0","0","0","0","0","28224","28224","0","","0","0","0","0","0","0","0","0","11","0","0","0","0","0","15","0","0","45","0","0","0","0","0","0","0","0","0","0","0","0","0","10","0","0","0","0","0","0","0","0"
"0x78a857768dd0","@!P0  LEA R32, P5, R3, UR30, 0x2","0","0","0","7056","225792","225792","32","32","0","0","-","-","-","0","0","0","0","0","0","0","0","0","-","0","0","0","0","0","0","0","0","0","0","0","0","0","0","0","0","0","0","0","0","0","0","0","0","0","0","0","0","0","0","0","0","0","0","0","0","0","0","0","0"
"0x78a857768de0","      MOV R47, RZ","0","0","0","7056","225792","225792","32","32","0","0","-","-","-","0","0","0","0","0","0","0","0","0","-","0","0","0","0","0","0","0","0","0","0","0","0","0","0","0","0","0","0","0","0","0","0","0","0","0","0","0","0","0","0","0","0","0","0","0","0","0","0","0","0"
"0x78a857768df0","      MOV R43, RZ","0","0","0","7056","225792","225792","32","32","0","0","-","-","-","0","0","0","0","0","0","0","0","0","-","0","0","0","0","0","0","0","0","0","0","0","0","0","0","0","0","0","0","0","0","0","0","0","0","0","0","0","0","0","0","0","0","0","0","0","0","0","0","0","0"
"0x78a857768e00","@!P0  LEA.HI.X R33, R3, UR31, R4, 0x2, P5","1","0","1","7056","225792","225792","32","32","0","0","-","-","-","0","0","0","0","0","0","0","0","0","-","0","0","0","0","0","0","0","0","0","0","0","0","0","0","0","0","0","0","0","0","0","0","1","0","0","0","0","0","0","0","0","0","0","0","0","0","0","0","0","0"
"0x78a857768e10","@!P3  LDG.E.CONSTANT R6, desc[UR24][R20.64]","29","3","29","7056","225792","225792","32","32","0","0","Global","Load","32","14112","0","0","0","0","0","28224","28224","0","","0","0","0","0","0","0","0","0","4","0","0","0","0","0","5","0","0","19","1","0","0","0","0","0","0","0","0","0","0","0","0","3","0","0","0","0","0","0","0","0"
"0x78a857768e20","      IADD3 R3, PT, PT, R15, 0x38, RZ","0","0","0","7056","225792","225792","32","32","0","0","-","-","-","0","0","0","0","0","0","0","0","0","-","0","0","0","0","0","0","0","0","0","0","0","0","0","0","0","0","0","0","0","0","0","0","0","0","0","0","0","0","0","0","0","0","0","0","0","0","0","0","0","0"
"0x78a857768e30","@!P6  LEA R4, P4, R31, R12, 0x5","0","0","0","7056","225792","220416","32","31","1","0","-","-","-","0","0","0","0","0","0","0","0","0","-","0","0","0","0","0","0","0","0","0","0","0","0","0","0","0","0","0","0","0","0","0","0","0","0","0","0","0","0","0","0","0","0","0","0","0","0","0","0","0","0"
"0x78a857768e40","@!P0  LDG.E.CONSTANT R7, desc[UR24][R32.64]","17","3","17","7056","225792","225792","32","32","0","0","Global","Load","32","14112","0","0","0","0","0","28224","28224","0","","0","0","0","0","0","0","0","0","2","0","0","0","0","0","5","0","0","10","0","0","0","0","0","0","0","0","0","0","0","0","0","3","0","0","0","0","0","0","0","0"
"0x78a857768e50","      ISETP.GE.AND P5, PT, R15, UR5, PT","0","0","0","7056","225792","225792","32","32","0","0","-","-","-","0","0","0","0","0","0","0","0","0","-","0","0","0","0","0","0","0","0","0","0","0","0","0","0","0","0","0","0","0","0","0","0","0","0","0","0","0","0","0","0","0","0","0","0","0","0","0","0","0","0"
"0x78a857768e60","      ISETP.GE.AND P0, PT, R3, UR5, PT","0","0","0","7056","225792","225792","32","32","0","0","-","-","-","0","0","0","0","0","0","0","0","0","-","0","0","0","0","0","0","0","0","0","0","0","0","0","0","0","0","0","0","0","0","0","0","0","0","0","0","0","0","0","0","0","0","0","0","0","0","0","0","0","0"
"0x78a857768e70","@!P6  LEA.HI.X R5, R31, R55, R25, 0x5, P4","0","0","0","7056","225792","220416","32","31","1","0","-","-","-","0","0","0","0","0","0","0","0","0","-","0","0","0","0","0","0","0","0","0","0","0","0","0","0","0","0","0","0","0","0","0","0","0","0","0","0","0","0","0","0","0","0","0","0","0","0","0","0","0","0"
"0x78a857768e80","@!P6  LEA R38, P4, R4, UR30, 0x2","11","0","11","7056","225792","220416","32","31","1","0","-","-","-","0","0","0","0","0","0","0","0","0","-","0","0","0","0","0","0","0","0","4","0","0","0","0","0","0","0","0","7","0","0","0","0","0","0","0","0","0","0","0","0","0","0","0","0","0","0","0","0","0","0"
"0x78a857768e90","      IADD3 R3, PT, PT, R36, 0x8, RZ","0","0","0","7056","225792","225792","32","32","0","0","-","-","-","0","0","0","0","0","0","0","0","0","-","0","0","0","0","0","0","0","0","0","0","0","0","0","0","0","0","0","0","0","0","0","0","0","0","0","0","0","0","0","0","0","0","0","0","0","0","0","0","0","0"
"0x78a857768ea0","@!P6  LEA.HI.X R39, R4, UR31, R5, 0x2, P4","0","0","0","7056","225792","220416","32","31","1","0","-","-","-","0","0","0","0","0","0","0","0","0","-","0","0","0","0","0","0","0","0","0","0","0","0","0","0","0","0","0","0","0","0","0","0","0","0","0","0","0","0","0","0","0","0","0","0","0","0","0","0","0","0"
"0x78a857768eb0","      CS2R R4, SRZ","0","0","0","7056","225792","225792","32","32","0","0","-","-","-","0","0","0","0","0","0","0","0","0","-","0","0","0","0","0","0","0","0","0","0","0","0","0","0","0","0","0","0","0","0","0","0","0","0","0","0","0","0","0","0","0","0","0","0","0","0","0","0","0","0"
"0x78a857768ec0","      ISETP.GE.AND P4, PT, R3, UR4, PT","1","0","1","7056","225792","225792","32","32","0","0","-","-","-","0","0","0","0","0","0","0","0","0","-","0","0","0","0","0","0","0","0","1","0","0","0","0","0","0","0","0","0","0","0","0","0","0","0","0","0","0","0","0","0","0","0","0","0","0","0","0","0","0","0"
"0x78a857768ed0","@!P0  MOV R28, R12","5","0","5","7056","225792","220416","32","31","1","0","-","-","-","0","0","0","0","0","0","0","0","0","-","0","0","0","0","0","0","0","0","1","0","0","0","0","0","0","0","0","3","1","0","0","0","0","0","0","0","0","0","0","0","0","0","0","0","0","0","0","0","0","0"
"0x78a857768ee0","@!P6  LDG.E.CONSTANT R5, desc[UR24][R38.64]","33","4","33","7056","225792","220416","32","31","1","0","Global","Load","32","13776","0","0","0","0","0","27552","27552","0","","0","0","0","0","0","0","0","0","3","0","0","0","0","0","6","0","0","24","0","0","0","0","0","0","0","0","0","0","0","0","0","4","0","0","0","0","0","0","0","0"
"0x78a857768ef0","@!P0  MOV R29, R55","0","0","0","7056","225792","220416","32","31","1","0","-","-","-","0","0","0","0","0","0","0","0","0","-","0","0","0","0","0","0","0","0","0","0","0","0","0","0","0","0","0","0","0","0","0","0","0","0","0","0","0","0","0","0","0","0","0","0","0","0","0","0","0","0"
"0x78a857768f00","@!P5  LEA R34, P6, R12, UR30, 0x2","0","0","0","7056","225792","225792","32","32","0","0","-","-","-","0","0","0","0","0","0","0","0","0","-","0","0","0","0","0","0","0","0","0","0","0","0","0","0","0","0","0","0","0","0","0","0","0","0","0","0","0","0","0","0","0","0","0","0","0","0","0","0","0","0"
"0x78a857768f10","@!P0  IMAD R25, R25, 0x38, RZ","1","0","1","7056","225792","220416","32","31","1","0","-","-","-","0","0","0","0","0","0","0","0","0","-","0","0","0","0","0","0","0","0","0","0","0","0","0","0","0","0","0","0","1","0","0","0","0","0","0","0","0","0","0","0","0","0","0","0","0","0","0","0","0","0"
"0x78a857768f20","      IADD3 R3, PT, PT, R36, 0x10, RZ","0","0","0","7056","225792","225792","32","32","0","0","-","-","-","0","0","0","0","0","0","0","0","0","-","0","0","0","0","0","0","0","0","0","0","0","0","0","0","0","0","0","0","0","0","0","0","0","0","0","0","0","0","0","0","0","0","0","0","0","0","0","0","0","0"
"0x78a857768f30","      MOV R41, RZ","0","0","0","7056","225792","225792","32","32","0","0","-","-","-","0","0","0","0","0","0","0","0","0","-","0","0","0","0","0","0","0","0","0","0","0","0","0","0","0","0","0","0","0","0","0","0","0","0","0","0","0","0","0","0","0","0","0","0","0","0","0","0","0","0"
"0x78a857768f40","@!P5  LEA.HI.X R35, R12, UR31, R55, 0x2, P6","0","0","0","7056","225792","225792","32","32","0","0","-","-","-","0","0","0","0","0","0","0","0","0","-","0","0","0","0","0","0","0","0","0","0","0","0","0","0","0","0","0","0","0","0","0","0","0","0","0","0","0","0","0","0","0","0","0","0","0","0","0","0","0","0"
"0x78a857768f50","@!P0  IMAD.WIDE.U32 R30, R31, 0x38, R28","2","0","2","7056","225792","220416","32","31","1","0","-","-","-","0","0","0","0","0","0","0","0","0","-","0","0","0","0","0","0","0","0","0","0","0","0","0","0","0","0","0","0","2","0","0","0","0","0","0","0","0","0","0","0","0","0","0","0","0","0","0","0","0","0"
"0x78a857768f60","      MOV R45, RZ","0","0","0","7056","225792","225792","32","32","0","0","-","-","-","0","0","0","0","0","0","0","0","0","-","0","0","0","0","0","0","0","0","0","0","0","0","0","0","0","0","0","0","0","0","0","0","0","0","0","0","0","0","0","0","0","0","0","0","0","0","0","0","0","0"
"0x78a857768f70","      ISETP.GE.AND P6, PT, R3, UR4, PT","0","0","0","7056","225792","225792","32","32","0","0","-","-","-","0","0","0","0","0","0","0","0","0","-","0","0","0","0","0","0","0","0","0","0","0","0","0","0","0","0","0","0","0","0","0","0","0","0","0","0","0","0","0","0","0","0","0","0","0","0","0","0","0","0"
"0x78a857768f80","      MOV R49, RZ","0","0","0","7056","225792","225792","32","32","0","0","-","-","-","0","0","0","0","0","0","0","0","0","-","0","0","0","0","0","0","0","0","0","0","0","0","0","0","0","0","0","0","0","0","0","0","0","0","0","0","0","0","0","0","0","0","0","0","0","0","0","0","0","0"
"0x78a857768f90","@!P5  LDG.E.CONSTANT R9, desc[UR24][R34.64]","7","0","7","7056","225792","225792","32","32","0","0","Global","Load","32","14112","0","0","0","0","0","28224","28224","0","","0","0","0","0","0","0","0","0","1","0","0","0","0","0","0","0","0","5","1","0","0","0","0","0","0","0","0","0","0","0","0","0","0","0","0","0","0","0","0","0"
"0x78a857768fa0","@!P0  IADD3 R3, PT, PT, R31, R25, RZ","1","0","1","7056","225792","220416","32","31","1","0","-","-","-","0","0","0","0","0","0","0","0","0","-","0","0","0","0","0","0","0","0","1","0","0","0","0","0","0","0","0","0","0","0","0","0","0","0","0","0","0","0","0","0","0","0","0","0","0","0","0","0","0","0"
"0x78a857768fb0","@!P4  IMAD.WIDE R28, R27, 0x8, R64","0","0","0","7056","225792","225792","32","32","0","0","-","-","-","0","0","0","0","0","0","0","0","0","-","0","0","0","0","0","0","0","0","0","0","0","0","0","0","0","0","0","0","0","0","0","0","0","0","0","0","0","0","0","0","0","0","0","0","0","0","0","0","0","0"
"0x78a857768fc0","@!P0  LEA R24, P5, R30, UR30, 0x2","0","0","0","7056","225792","220416","32","31","1","0","-","-","-","0","0","0","0","0","0","0","0","0","-","0","0","0","0","0","0","0","0","0","0","0","0","0","0","0","0","0","0","0","0","0","0","0","0","0","0","0","0","0","0","0","0","0","0","0","0","0","0","0","0"
"0x78a857768fd0","@!P2  LDG.E.CONSTANT R4, desc[UR24][R10.64]","8","2","8","7056","225792","220416","32","31","1","0","Global","Load","32","13776","0","0","0","0","0","27552","27552","0","","0","0","0","0","0","0","0","0","0","0","0","0","0","0","3","0","0","5","0","0","0","0","0","0","0","0","0","0","0","0","0","2","0","0","0","0","0","0","0","0"
"0x78a857768fe0","@!P0  LEA.HI.X R25, R30, UR31, R3, 0x2, P5","0","0","0","7056","225792","220416","32","31","1","0","-","-","-","0","0","0","0","0","0","0","0","0","-","0","0","0","0","0","0","0","0","0","0","0","0","0","0","0","0","0","0","0","0","0","0","0","0","0","0","0","0","0","0","0","0","0","0","0","0","0","0","0","0"
"0x78a857768ff0","@!P4  LEA R32, P5, R28, UR32, 0x2","11","0","11","7056","225792","225792","32","32","0","0","-","-","-","0","0","0","0","0","0","0","0","0","-","0","0","0","0","0","0","0","0","2","0","0","0","1","0","0","0","0","7","0","0","0","0","1","0","0","0","0","0","0","0","0","0","0","0","0","0","0","0","0","0"
"0x78a857769000","      IADD3 R3, PT, PT, R36, 0x18, RZ","0","0","0","7056","225792","225792","32","32","0","0","-","-","-","0","0","0","0","0","0","0","0","0","-","0","0","0","0","0","0","0","0","0","0","0","0","0","0","0","0","0","0","0","0","0","0","0","0","0","0","0","0","0","0","0","0","0","0","0","0","0","0","0","0"
"0x78a857769010","@!P4  LEA.HI.X R33, R28, UR33, R29, 0x2, P5","1","1","1","7056","225792","225792","32","32","0","0","-","-","-","0","0","0","0","0","0","0","0","0","-","0","0","0","0","0","0","0","0","0","0","0","0","0","0","0","0","0","0","0","0","0","0","1","0","0","0","0","0","0","0","0","0","0","0","0","0","0","0","0","1"
"0x78a857769020","      MOV R29, RZ","1","0","1","7056","225792","225792","32","32","0","0","-","-","-","0","0","0","0","0","0","0","0","0","-","0","0","0","0","0","0","0","0","0","0","0","0","0","0","0","0","0","0","1","0","0","0","0","0","0","0","0","0","0","0","0","0","0","0","0","0","0","0","0","0"
"0x78a857769030","      ISETP.GE.AND P5, PT, R3, UR4, PT","0","0","0","7056","225792","225792","32","32","0","0","-","-","-","0","0","0","0","0","0","0","0","0","-","0","0","0","0","0","0","0","0","0","0","0","0","0","0","0","0","0","0","0","0","0","0","0","0","0","0","0","0","0","0","0","0","0","0","0","0","0","0","0","0"
"0x78a857769040","@!P6  IMAD.WIDE R30, R27, 0x10, R64","1","0","1","7056","225792","225792","32","32","0","0","-","-","-","0","0","0","0","0","0","0","0","0","-","0","0","0","0","0","0","0","0","0","0","0","0","0","0","0","0","0","1","0","0","0","0","0","0","0","0","0","0","0","0","0","0","0","0","0","0","0","0","0","0"
"0x78a857769050","      IADD3 R3, PT, PT, R36, 0x20, RZ","0","0","0","7056","225792","225792","32","32","0","0","-","-","-","0","0","0","0","0","0","0","0","0","-","0","0","0","0","0","0","0","0","0","0","0","0","0","0","0","0","0","0","0","0","0","0","0","0","0","0","0","0","0","0","0","0","0","0","0","0","0","0","0","0"
"0x78a857769060","@!P4  LDG.E.CONSTANT R29, desc[UR24][R32.64]","19","2","19","7056","225792","225792","32","32","0","0","Global","Load","32","14112","0","0","0","0","0","28224","28224","0","","0","0","0","0","0","0","0","0","7","0","0","0","0","0","2","0","0","9","1","0","0","0","0","0","0","0","0","0","0","0","0","2","0","0","0","0","0","0","0","0"
"0x78a857769070","@!P6  LEA R34, P4, R30, UR32, 0x2","0","0","0","7056","225792","225792","32","32","0","0","-","-","-","0","0","0","0","0","0","0","0","0","-","0","0","0","0","0","0","0","0","0","0","0","0","0","0","0","0","0","0","0","0","0","0","0","0","0","0","0","0","0","0","0","0","0","0","0","0","0","0","0","0"
"0x78a857769080","@!P6  LEA.HI.X R35, R30, UR33, R31, 0x2, P4","4","0","4","7056","225792","225792","32","32","0","0","-","-","-","0","0","0","0","0","0","0","0","0","-","0","0","0","0","0","0","0","0","1","0","0","0","1","0","0","0","0","2","0","0","0","0","0","0","0","0","0","0","0","0","0","0","0","0","0","0","0","0","0","0"
"0x78a857769090","      ISETP.GE.AND P4, PT, R3, UR4, PT","0","0","0","7056","225792","225792","32","32","0","0","-","-","-","0","0","0","0","0","0","0","0","0","-","0","0","0","0","0","0","0","0","0","0","0","0","0","0","0","0","0","0","0","0","0","0","0","0","0","0","0","0","0","0","0","0","0","0","0","0","0","0","0","0"
"0x78a8577690a0","@!P5  IMAD.WIDE R30, R27, 0x18, R64","2","0","2","7056","225792","225792","32","32","0","0","-","-","-","0","0","0","0","0","0","0","0","0","-","0","0","0","0","0","0","0","0","0","0","0","0","1","0","0","0","0","0","1","0","0","0","0","0","0","0","0","0","0","0","0","0","0","0","0","0","0","0","0","0"
"0x78a8577690b0","      IADD3 R3, PT, PT, R36, 0x28, RZ","0","0","0","7056","225792","225792","32","32","0","0","-","-","-","0","0","0","0","0","0","0","0","0","-","0","0","0","0","0","0","0","0","0","0","0","0","0","0","0","0","0","0","0","0","0","0","0","0","0","0","0","0","0","0","0","0","0","0","0","0","0","0","0","0"
"0x78a8577690c0","@!P6  LDG.E.CONSTANT R47, desc[UR24][R34.64]","39","8","39","7056","225792","225792","32","32","0","0","Global","Load","32","14112","0","0","0","0","0","28224","28224","0","","0","0","0","0","0","0","0","0","5","0","0","0","0","0","9","0","0","24","1","0","0","0","0","0","0","0","0","0","0","0","0","7","0","0","1","0","0","0","0","0"
"0x78a8577690d0","@!P5  LEA R38, P6, R30, UR32, 0x2","0","0","0","7056","225792","225792","32","32","0","0","-","-","-","0","0","0","0","0","0","0","0","0","-","0","0","0","0","0","0","0","0","0","0","0","0","0","0","0","0","0","0","0","0","0","0","0","0","0","0","0","0","0","0","0","0","0","0","0","0","0","0","0","0"
"0x78a8577690e0","@!P5  LEA.HI.X R39, R30, UR33, R31, 0x2, P6","7","0","7","7056","225792","225792","32","32","0","0","-","-","-","0","0","0","0","0","0","0","0","0","-","0","0","0","0","0","0","0","0","1","0","0","0","1","0","0","0","0","5","0","0","0","0","0","0","0","0","0","0","0","0","0","0","0","0","0","0","0","0","0","0"
"0x78a8577690f0","      ISETP.GE.AND P6, PT, R3, UR4, PT","0","0","0","7056","225792","225792","32","32","0","0","-","-","-","0","0","0","0","0","0","0","0","0","-","0","0","0","0","0","0","0","0","0","0","0","0","0","0","0","0","0","0","0","0","0","0","0","0","0","0","0","0","0","0","0","0","0","0","0","0","0","0","0","0"
"0x78a857769100","@!P4  IMAD.WIDE R30, R27, 0x20, R64","0","0","0","7056","225792","220416","32","31","1","0","-","-","-","0","0","0","0","0","0","0","0","0","-","0","0","0","0","0","0","0","0","0","0","0","0","0","0","0","0","0","0","0","0","0","0","0","0","0","0","0","0","0","0","0","0","0","0","0","0","0","0","0","0"
"0x78a857769110","      IADD3 R3, PT, PT, R36, 0x30, RZ","0","0","0","7056","225792","225792","32","32","0","0","-","-","-","0","0","0","0","0","0","0","0","0","-","0","0","0","0","0","0","0","0","0","0","0","0","0","0","0","0","0","0","0","0","0","0","0","0","0","0","0","0","0","0","0","0","0","0","0","0","0","0","0","0"
"0x78a857769120","@!P5  LDG.E.CONSTANT R43, desc[UR24][R38.64]","15","1","15","7056","225792","225792","32","32","0","0","Global","Load","32","14112","0","0","0","0","0","28224","28224","0","","0","0","0","0","0","0","0","0","1","0","0","0","0","0","4","0","0","10","0","0","0","0","0","0","0","0","0","0","0","0","0","1","0","0","0","0","0","0","0","0"
"0x78a857769130","@!P4  LEA R32, P5, R30, UR32, 0x2","0","0","0","7056","225792","220416","32","31","1","0","-","-","-","0","0","0","0","0","0","0","0","0","-","0","0","0","0","0","0","0","0","0","0","0","0","0","0","0","0","0","0","0","0","0","0","0","0","0","0","0","0","0","0","0","0","0","0","0","0","0","0","0","0"
"0x78a857769140","@!P4  LEA.HI.X R33, R30, UR33, R31, 0x2, P5","3","0","3","7056","225792","220416","32","31","1","0","-","-","-","0","0","0","0","0","0","0","0","0","-","0","0","0","0","0","0","0","0","0","0","0","0","0","0","0","0","0","3","0","0","0","0","0","0","0","0","0","0","0","0","0","0","0","0","0","0","0","0","0","0"
"0x78a857769150","      ISETP.GE.AND P5, PT, R3, UR4, PT","0","0","0","7056","225792","225792","32","32","0","0","-","-","-","0","0","0","0","0","0","0","0","0","-","0","0","0","0","0","0","0","0","0","0","0","0","0","0","0","0","0","0","0","0","0","0","0","0","0","0","0","0","0","0","0","0","0","0","0","0","0","0","0","0"
"0x78a857769160","@!P6  IMAD.WIDE R30, R27, 0x28, R64","2","0","2","7056","225792","220416","32","31","1","0","-","-","-","0","0","0","0","0","0","0","0","0","-","0","0","0","0","0","0","0","0","0","0","0","0","0","0","0","0","0","2","0","0","0","0","0","0","0","0","0","0","0","0","0","0","0","0","0","0","0","0","0","0"
"0x78a857769170","@!P4  LDG.E.CONSTANT R41, desc[UR24][R32.64]","31","1","31","7056","225792","220416","32","31","1","0","Global","Load","32","13776","0","0","0","0","0","27552","27552","0","","0","0","0","0","0","0","0","0","0","0","0","0","0","0","5","0","0","26","0","0","0","0","0","0","0","0","0","0","0","0","0","1","0","0","0","0","0","0","0","0"
"0x78a857769180","@!P6  LEA R34, P4, R30, UR32, 0x2","2","0","2","7056","225792","220416","32","31","1","0","-","-","-","0","0","0","0","0","0","0","0","0","-","0","0","0","0","0","0","0","0","1","0","0","0","1","0","0","0","0","0","0","0","0","0","0","0","0","0","0","0","0","0","0","0","0","0","0","0","0","0","0","0"
"0x78a857769190","@!P6  LEA.HI.X R35, R30, UR33, R31, 0x2, P4","5","0","5","7056","225792","220416","32","31","1","0","-","-","-","0","0","0","0","0","0","0","0","0","-","0","0","0","0","0","0","0","0","3","0","0","0","0","0","0","0","0","2","0","0","0","0","0","0","0","0","0","0","0","0","0","0","0","0","0","0","0","0","0","0"
"0x78a8577691a0","      ISETP.GE.AND P4, PT, R36, UR4, PT","0","0","0","7056","225792","225792","32","32","0","0","-","-","-","0","0","0","0","0","0","0","0","0","-","0","0","0","0","0","0","0","0","0","0","0","0","0","0","0","0","0","0","0","0","0","0","0","0","0","0","0","0","0","0","0","0","0","0","0","0","0","0","0","0"
"0x78a8577691b0","@!P5  IMAD.WIDE R30, R27, 0x30, R64","0","0","0","7056","225792","220416","32","31","1","0","-","-","-","0","0","0","0","0","0","0","0","0","-","0","0","0","0","0","0","0","0","0","0","0","0","0","0","0","0","0","0","0","0","0","0","0","0","0","0","0","0","0","0","0","0","0","0","0","0","0","0","0","0"
"0x78a8577691c0","@!P6  LDG.E.CONSTANT R45, desc[UR24][R34.64]","21","4","21","7056","225792","220416","32","31","1","0","Global","Load","32","13776","0","0","0","0","0","27552","27552","0","","0","0","0","0","0","0","0","0","3","0","0","0","0","0","6","0","0","12","0","0","0","0","0","0","0","0","0","0","0","0","0","4","0","0","0","0","0","0","0","0"
"0x78a8577691d0","@!P5  LEA R38, P6, R30, UR32, 0x2","0","0","0","7056","225792","220416","32","31","1","0","-","-","-","0","0","0","0","0","0","0","0","0","-","0","0","0","0","0","0","0","0","0","0","0","0","0","0","0","0","0","0","0","0","0","0","0","0","0","0","0","0","0","0","0","0","0","0","0","0","0","0","0","0"
"0x78a8577691e0","      IADD3 R3, PT, PT, R36, 0x38, RZ","0","0","0","7056","225792","225792","32","32","0","0","-","-","-","0","0","0","0","0","0","0","0","0","-","0","0","0","0","0","0","0","0","0","0","0","0","0","0","0","0","0","0","0","0","0","0","0","0","0","0","0","0","0","0","0","0","0","0","0","0","0","0","0","0"
"0x78a8577691f0","@!P5  LEA.HI.X R39, R30, UR33, R31, 0x2, P6","0","0","0","7056","225792","220416","32","31","1","0","-","-","-","0","0","0","0","0","0","0","0","0","-","0","0","0","0","0","0","0","0","0","0","0","0","0","0","0","0","0","0","0","0","0","0","0","0","0","0","0","0","0","0","0","0","0","0","0","0","0","0","0","0"
"0x78a857769200","@!P4  LEA R30, P6, R64, UR32, 0x2","3","0","3","7056","225792","225792","32","32","0","0","-","-","-","0","0","0","0","0","0","0","0","0","-","0","0","0","0","0","0","0","0","1","0","0","0","0","0","0","0","0","2","0","0","0","0","0","0","0","0","0","0","0","0","0","0","0","0","0","0","0","0","0","0"
"0x78a857769210","@!P4  LEA.HI.X R31, R64, UR33, R65, 0x2, P6","1","0","1","7056","225792","225792","32","32","0","0","-","-","-","0","0","0","0","0","0","0","0","0","-","0","0","0","0","0","0","0","0","0","0","0","0","0","0","0","0","0","1","0","0","0","0","0","0","0","0","0","0","0","0","0","0","0","0","0","0","0","0","0","0"
"0x78a857769220","      ISETP.GE.AND P6, PT, R3, UR4, PT","1","0","1","7056","225792","225792","32","32","0","0","-","-","-","0","0","0","0","0","0","0","0","0","-","0","0","0","0","0","0","0","0","0","0","0","0","0","0","0","0","0","0","1","0","0","0","0","0","0","0","0","0","0","0","0","0","0","0","0","0","0","0","0","0"
"0x78a857769230","@!P4  LDG.E.CONSTANT R49, desc[UR24][R30.64]","28","3","28","7056","225792","225792","32","32","0","0","Global","Load","32","14112","0","0","0","0","0","28224","28224","0","","0","0","0","0","0","0","0","0","5","0","0","0","0","0","6","0","0","17","0","0","0","0","0","0","0","0","0","0","0","0","0","3","0","0","0","0","0","0","0","0"
"0x78a857769240","      MOV R37, RZ","0","0","0","7056","225792","225792","32","32","0","0","-","-","-","0","0","0","0","0","0","0","0","0","-","0","0","0","0","0","0","0","0","0","0","0","0","0","0","0","0","0","0","0","0","0","0","0","0","0","0","0","0","0","0","0","0","0","0","0","0","0","0","0","0"
"0x78a857769250","      MOV R35, RZ","1","1","1","7056","225792","225792","32","32","0","0","-","-","-","0","0","0","0","0","0","0","0","0","-","0","0","0","0","0","0","0","0","0","0","0","1","0","0","0","0","0","0","0","0","0","0","0","0","0","0","0","0","1","0","0","0","0","0","0","0","0","0","0","0"
"0x78a857769260","      MOV R3, RZ","0","0","0","7056","225792","225792","32","32","0","0","-","-","-","0","0","0","0","0","0","0","0","0","-","0","0","0","0","0","0","0","0","0","0","0","0","0","0","0","0","0","0","0","0","0","0","0","0","0","0","0","0","0","0","0","0","0","0","0","0","0","0","0","0"
"0x78a857769270","      MOV R14, RZ","0","0","0","7056","225792","225792","32","32","0","0","-","-","-","0","0","0","0","0","0","0","0","0","-","0","0","0","0","0","0","0","0","0","0","0","0","0","0","0","0","0","0","0","0","0","0","0","0","0","0","0","0","0","0","0","0","0","0","0","0","0","0","0","0"
"0x78a857769280","@!P5  LDG.E.CONSTANT R37, desc[UR24][R38.64]","15","0","15","7056","225792","220416","32","31","1","0","Global","Load","32","13776","0","0","0","0","0","27552","27552","0","","0","0","0","0","0","0","0","0","3","0","0","0","0","0","2","0","0","10","0","0","0","0","0","0","0","0","0","0","0","0","0","0","0","0","0","0","0","0","0","0"
"0x78a857769290","@!P6  IMAD.WIDE R26, R27, 0x38, R64","0","0","0","7056","225792","220416","32","31","1","0","-","-","-","0","0","0","0","0","0","0","0","0","-","0","0","0","0","0","0","0","0","0","0","0","0","0","0","0","0","0","0","0","0","0","0","0","0","0","0","0","0","0","0","0","0","0","0","0","0","0","0","0","0"
"0x78a8577692a0","@!P1  LDG.E.CONSTANT R3, desc[UR24][R16.64]","2","0","2","7056","225792","220416","32","31","1","0","Global","Load","32","13776","0","0","0","0","0","27552","27552","0","","0","0","0","0","0","0","0","0","0","0","0","0","0","0","0","0","0","2","0","0","0","0","0","0","0","0","0","0","0","0","0","0","0","0","0","0","0","0","0","0"
"0x78a8577692b0","@!P6  LEA R32, P4, R26, UR32, 0x2","0","0","0","7056","225792","220416","32","31","1","0","-","-","-","0","0","0","0","0","0","0","0","0","-","0","0","0","0","0","0","0","0","0","0","0","0","0","0","0","0","0","0","0","0","0","0","0","0","0","0","0","0","0","0","0","0","0","0","0","0","0","0","0","0"
"0x78a8577692c0","@!P0  LDG.E.CONSTANT R14, desc[UR24][R24.64]","15","0","15","7056","225792","220416","32","31","1","0","Global","Load","32","13776","0","0","0","0","0","27552","27552","0","","0","0","0","0","0","0","0","0","4","0","0","0","0","0","0","0","0","10","1","0","0","0","0","0","0","0","0","0","0","0","0","0","0","0","0","0","0","0","0","0"
"0x78a8577692d0","@!P6  LEA.HI.X R33, R26, UR33, R27, 0x2, P4","0","0","0","7056","225792","220416","32","31","1","0","-","-","-","0","0","0","0","0","0","0","0","0","-","0","0","0","0","0","0","0","0","0","0","0","0","0","0","0","0","0","0","0","0","0","0","0","0","0","0","0","0","0","0","0","0","0","0","0","0","0","0","0","0"
"0x78a8577692e0","@!P6  LDG.E.CONSTANT R35, desc[UR24][R32.64]","12","3","12","7056","225792","220416","32","31","1","0","Global","Load","32","13776","0","0","0","0","0","27552","27552","0","","0","0","0","0","0","0","0","0","0","0","0","0","0","0","3","0","0","9","0","0","0","0","0","0","0","0","0","0","0","0","0","3","0","0","0","0","0","0","0","0"
"0x78a8577692f0","      BSYNC.RECONVERGENT B0","0","0","0","7056","225792","225792","32","32","0","0","-","-","-","0","0","0","0","0","0","0","0","0","-","0","0","0","0","0","0","0","0","0","0","0","0","0","0","0","0","0","0","0","0","0","0","0","0","0","0","0","0","0","0","0","0","0","0","0","0","0","0","0","0"
"0x78a857769300","      S2UR UR8, SR_CgaCtaId","0","0","0","7056","225792","225792","32","32","0","0","-","-","-","0","0","0","0","0","0","0","0","0","-","0","0","0","0","0","0","0","0","0","0","0","0","0","0","0","0","0","0","0","0","0","0","0","0","0","0","0","0","0","0","0","0","0","0","0","0","0","0","0","0"
"0x78a857769310","      UMOV UR4, 0x400","0","0","0","7056","225792","225792","32","32","0","0","-","-","-","0","0","0","0","0","0","0","0","0","-","0","0","0","0","0","0","0","0","0","0","0","0","0","0","0","0","0","0","0","0","0","0","0","0","0","0","0","0","0","0","0","0","0","0","0","0","0","0","0","0"
"0x78a857769320","      IMAD R13, R18, 0x44, R23","0","0","0","7056","225792","225792","32","32","0","0","-","-","-","0","0","0","0","0","0","0","0","0","-","0","0","0","0","0","0","0","0","0","0","0","0","0","0","0","0","0","0","0","0","0","0","0","0","0","0","0","0","0","0","0","0","0","0","0","0","0","0","0","0"
"0x78a857769330","      UISETP.GE.AND UP0, UPT, UR22, 0x11, UPT","0","0","0","7056","225792","225792","32","32","0","0","-","-","-","0","0","0","0","0","0","0","0","0","-","0","0","0","0","0","0","0","0","0","0","0","0","0","0","0","0","0","0","0","0","0","0","0","0","0","0","0","0","0","0","0","0","0","0","0","0","0","0","0","0"
"0x78a857769340","      MOV R54, R12","0","0","0","7056","225792","225792","32","32","0","0","-","-","-","0","0","0","0","0","0","0","0","0","-","0","0","0","0","0","0","0","0","0","0","0","0","0","0","0","0","0","0","0","0","0","0","0","0","0","0","0","0","0","0","0","0","0","0","0","0","0","0","0","0"
"0x78a857769350","      UMOV UR5, URZ","0","0","0","7056","225792","225792","32","32","0","0","-","-","-","0","0","0","0","0","0","0","0","0","-","0","0","0","0","0","0","0","0","0","0","0","0","0","0","0","0","0","0","0","0","0","0","0","0","0","0","0","0","0","0","0","0","0","0","0","0","0","0","0","0"
"0x78a857769360","      CS2R R68, SRZ","0","0","0","7056","225792","225792","32","32","0","0","-","-","-","0","0","0","0","0","0","0","0","0","-","0","0","0","0","0","0","0","0","0","0","0","0","0","0","0","0","0","0","0","0","0","0","0","0","0","0","0","0","0","0","0","0","0","0","0","0","0","0","0","0"
"0x78a857769370","      CS2R R66, SRZ","0","0","0","7056","225792","225792","32","32","0","0","-","-","-","0","0","0","0","0","0","0","0","0","-","0","0","0","0","0","0","0","0","0","0","0","0","0","0","0","0","0","0","0","0","0","0","0","0","0","0","0","0","0","0","0","0","0","0","0","0","0","0","0","0"
"0x78a857769380","      CS2R R62, SRZ","0","0","0","7056","225792","225792","32","32","0","0","-","-","-","0","0","0","0","0","0","0","0","0","-","0","0","0","0","0","0","0","0","0","0","0","0","0","0","0","0","0","0","0","0","0","0","0","0","0","0","0","0","0","0","0","0","0","0","0","0","0","0","0","0"
"0x78a857769390","      CS2R R38, SRZ","0","0","0","7056","225792","225792","32","32","0","0","-","-","-","0","0","0","0","0","0","0","0","0","-","0","0","0","0","0","0","0","0","0","0","0","0","0","0","0","0","0","0","0","0","0","0","0","0","0","0","0","0","0","0","0","0","0","0","0","0","0","0","0","0"
"0x78a8577693a0","      CS2R R60, SRZ","0","0","0","7056","225792","225792","32","32","0","0","-","-","-","0","0","0","0","0","0","0","0","0","-","0","0","0","0","0","0","0","0","0","0","0","0","0","0","0","0","0","0","0","0","0","0","0","0","0","0","0","0","0","0","0","0","0","0","0","0","0","0","0","0"
"0x78a8577693b0","      CS2R R50, SRZ","0","0","0","7056","225792","225792","32","32","0","0","-","-","-","0","0","0","0","0","0","0","0","0","-","0","0","0","0","0","0","0","0","0","0","0","0","0","0","0","0","0","0","0","0","0","0","0","0","0","0","0","0","0","0","0","0","0","0","0","0","0","0","0","0"
"0x78a8577693c0","      CS2R R58, SRZ","0","0","0","7056","225792","225792","32","32","0","0","-","-","-","0","0","0","0","0","0","0","0","0","-","0","0","0","0","0","0","0","0","0","0","0","0","0","0","0","0","0","0","0","0","0","0","0","0","0","0","0","0","0","0","0","0","0","0","0","0","0","0","0","0"
"0x78a8577693d0","      CS2R R56, SRZ","0","0","0","7056","225792","225792","32","32","0","0","-","-","-","0","0","0","0","0","0","0","0","0","-","0","0","0","0","0","0","0","0","0","0","0","0","0","0","0","0","0","0","0","0","0","0","0","0","0","0","0","0","0","0","0","0","0","0","0","0","0","0","0","0"
"0x78a8577693e0","      CS2R R52, SRZ","0","0","0","7056","225792","225792","32","32","0","0","-","-","-","0","0","0","0","0","0","0","0","0","-","0","0","0","0","0","0","0","0","0","0","0","0","0","0","0","0","0","0","0","0","0","0","0","0","0","0","0","0","0","0","0","0","0","0","0","0","0","0","0","0"
"0x78a8577693f0","      CS2R R30, SRZ","1","0","1","7056","225792","225792","32","32","0","0","-","-","-","0","0","0","0","0","0","0","0","0","-","0","0","0","0","0","0","0","0","0","0","0","0","0","0","0","0","0","0","1","0","0","0","0","0","0","0","0","0","0","0","0","0","0","0","0","0","0","0","0","0"
"0x78a857769400","      ULEA UR6, UR8, UR4, 0x18","1","0","1","7056","225792","225792","32","32","0","0","-","-","-","0","0","0","0","0","0","0","0","0","-","0","0","0","0","0","0","0","0","0","0","0","0","0","0","0","0","1","0","0","0","0","0","0","0","0","0","0","0","0","0","0","0","0","0","0","0","0","0","0","0"
"0x78a857769410","      UIADD3 UR4, UPT, UPT, UR4, 0x1100, URZ","0","0","0","7056","225792","225792","32","32","0","0","-","-","-","0","0","0","0","0","0","0","0","0","-","0","0","0","0","0","0","0","0","0","0","0","0","0","0","0","0","0","0","0","0","0","0","0","0","0","0","0","0","0","0","0","0","0","0","0","0","0","0","0","0"
"0x78a857769420","      ULEA UR8, UR8, UR4, 0x18","2","0","2","7056","225792","225792","32","32","0","0","-","-","-","0","0","0","0","0","0","0","0","0","-","0","0","0","0","0","0","0","0","1","0","0","0","0","0","0","0","0","1","0","0","0","0","0","0","0","0","0","0","0","0","0","0","0","0","0","0","0","0","0","0"
"0x78a857769430","      LEA R10, R13, UR6, 0x2","0","0","0","7056","225792","225792","32","32","0","0","-","-","-","0","0","0","0","0","0","0","0","0","-","0","0","0","0","0","0","0","0","0","0","0","0","0","0","0","0","0","0","0","0","0","0","0","0","0","0","0","0","0","0","0","0","0","0","0","0","0","0","0","0"
"0x78a857769440","      UIADD3 UR4, UPT, UPT, -UR11, URZ, URZ","0","0","0","7056","225792","225792","32","32","0","0","-","-","-","0","0","0","0","0","0","0","0","0","-","0","0","0","0","0","0","0","0","0","0","0","0","0","0","0","0","0","0","0","0","0","0","0","0","0","0","0","0","0","0","0","0","0","0","0","0","0","0","0","0"
"0x78a857769450","      LEA R13, R13, UR8, 0x2","0","0","0","7056","225792","225792","32","32","0","0","-","-","-","0","0","0","0","0","0","0","0","0","-","0","0","0","0","0","0","0","0","0","0","0","0","0","0","0","0","0","0","0","0","0","0","0","0","0","0","0","0","0","0","0","0","0","0","0","0","0","0","0","0"
"0x78a857769460","      STS [R10], R49","19","3","19","7056","225792","225792","32","32","0","0","Shared","Store","32","0","2","7056","14112","7056","0","0","0","0","-","0","0","0","0","0","0","0","0","1","0","0","4","0","0","4","0","0","10","0","0","0","0","0","0","0","0","0","0","2","0","0","1","0","0","0","0","0","0","0","0"
"0x78a857769470","      USEL UR4, UR4, 0xfffffff0, UP0","0","0","0","7056","225792","225792","32","32","0","0","-","-","-","0","0","0","0","0","0","0","0","0","-","0","0","0","0","0","0","0","0","0","0","0","0","0","0","0","0","0","0","0","0","0","0","0","0","0","0","0","0","0","0","0","0","0","0","0","0","0","0","0","0"
"0x78a857769480","      STS [R10+0x20], R29","11","1","11","7056","225792","225792","32","32","0","0","Shared","Store","32","0","2","7056","14112","7056","0","0","0","0","-","0","0","0","0","0","0","0","0","1","0","0","0","0","0","2","0","0","8","0","0","0","0","0","0","0","0","0","0","0","0","0","1","0","0","0","0","0","0","0","0"
"0x78a857769490","      UIADD3 UR10, UPT, UPT, UR4, UR22, URZ","0","0","0","7056","225792","225792","32","32","0","0","-","-","-","0","0","0","0","0","0","0","0","0","-","0","0","0","0","0","0","0","0","0","0","0","0","0","0","0","0","0","0","0","0","0","0","0","0","0","0","0","0","0","0","0","0","0","0","0","0","0","0","0","0"
"0x78a8577694a0","      STS [R10+0x40], R47","11","1","11","7056","225792","225792","32","32","0","0","Shared","Store","32","0","2","7056","14112","7056","0","0","0","0","-","0","0","0","0","0","0","0","0","1","0","0","0","0","0","1","0","0","9","0","0","0","0","0","0","0","0","0","0","0","0","0","1","0","0","0","0","0","0","0","0"
"0x78a8577694b0","      UISETP.GE.AND UP0, UPT, UR10, 0x1, UPT","1","0","1","7056","225792","225792","32","32","0","0","-","-","-","0","0","0","0","0","0","0","0","0","-","0","0","0","0","0","0","0","0","0","0","0","0","0","0","0","0","0","0","1","0","0","0","0","0","0","0","0","0","0","0","0","0","0","0","0","0","0","0","0","0"
"0x78a8577694c0","      UMOV UR4, UR11","0","0","0","7056","225792","225792","32","32","0","0","-","-","-","0","0","0","0","0","0","0","0","0","-","0","0","0","0","0","0","0","0","0","0","0","0","0","0","0","0","0","0","0","0","0","0","0","0","0","0","0","0","0","0","0","0","0","0","0","0","0","0","0","0"
"0x78a8577694d0","      CS2R R48, SRZ","1","0","1","7056","225792","225792","32","32","0","0","-","-","-","0","0","0","0","0","0","0","0","0","-","0","0","0","0","0","0","0","0","0","0","0","0","0","0","0","0","0","0","1","0","0","0","0","0","0","0","0","0","0","0","0","0","0","0","0","0","0","0","0","0"
"0x78a8577694e0","      STS [R10+0x60], R43","4","0","4","7056","225792","225792","32","32","0","0","Shared","Store","32","0","2","7056","14112","7056","0","0","0","0","-","0","0","0","0","0","0","0","0","0","0","0","0","0","0","0","0","0","4","0","0","0","0","0","0","0","0","0","0","0","0","0","0","0","0","0","0","0","0","0","0"
"0x78a8577694f0","      IADD.64 R64, R64, UR4","0","0","0","7056","225792","225792","32","32","0","0","-","-","-","0","0","0","0","0","0","0","0","0","-","0","0","0","0","0","0","0","0","0","0","0","0","0","0","0","0","0","0","0","0","0","0","0","0","0","0","0","0","0","0","0","0","0","0","0","0","0","0","0","0"
"0x78a857769500","      IADD.64 R54, R54, UR4","0","0","0","7056","225792","225792","32","32","0","0","-","-","-","0","0","0","0","0","0","0","0","0","-","0","0","0","0","0","0","0","0","0","0","0","0","0","0","0","0","0","0","0","0","0","0","0","0","0","0","0","0","0","0","0","0","0","0","0","0","0","0","0","0"
"0x78a857769510","      STS [R10+0x80], R41","5","1","5","7056","225792","225792","32","32","0","0","Shared","Store","32","0","2","7056","14112","7056","0","0","0","0","-","0","0","0","0","0","0","0","0","1","0","0","0","0","0","1","0","0","3","0","0","0","0","0","0","0","0","0","0","0","0","0","1","0","0","0","0","0","0","0","0"
"0x78a857769520","      CS2R R46, SRZ","4","3","4","7056","225792","225792","32","32","0","0","-","-","-","0","0","0","0","0","0","0","0","0","-","0","0","0","0","0","0","0","0","0","0","0","0","0","0","0","0","0","0","0","4","0","0","0","0","0","0","0","0","0","0","0","0","0","0","0","0","3","0","0","0"
"0x78a857769530","      CS2R R28, SRZ","0","0","0","7056","225792","225792","32","32","0","0","-","-","-","0","0","0","0","0","0","0","0","0","-","0","0","0","0","0","0","0","0","0","0","0","0","0","0","0","0","0","0","0","0","0","0","0","0","0","0","0","0","0","0","0","0","0","0","0","0","0","0","0","0"
"0x78a857769540","      STS [R10+0xa0], R45","9","4","9","7056","225792","225792","32","32","0","0","Shared","Store","32","0","2","7056","14112","7056","0","0","0","0","-","0","0","0","0","0","0","0","0","0","0","0","0","0","0","5","0","0","4","0","0","0","0","0","0","0","0","0","0","0","0","0","4","0","0","0","0","0","0","0","0"
"0x78a857769550","      CS2R R42, SRZ","0","0","0","7056","225792","225792","32","32","0","0","-","-","-","0","0","0","0","0","0","0","0","0","-","0","0","0","0","0","0","0","0","0","0","0","0","0","0","0","0","0","0","0","0","0","0","0","0","0","0","0","0","0","0","0","0","0","0","0","0","0","0","0","0"
"0x78a857769560","      STS [R10+0xc0], R37","5","1","5","7056","225792","225792","32","32","0","0","Shared","Store","32","0","2","7056","14112","7056","0","0","0","0","-","0","0","0","0","0","0","0","0","1","0","0","0","0","0","1","0","0","3","0","0","0","0","0","0","0","0","0","0","0","0","0","1","0","0","0","0","0","0","0","0"
"0x78a857769570","      CS2R R40, SRZ","0","0","0","7056","225792","225792","32","32","0","0","-","-","-","0","0","0","0","0","0","0","0","0","-","0","0","0","0","0","0","0","0","0","0","0","0","0","0","0","0","0","0","0","0","0","0","0","0","0","0","0","0","0","0","0","0","0","0","0","0","0","0","0","0"
"0x78a857769580","      STS [R10+0xe0], R35","3","0","3","7056","225792","225792","32","32","0","0","Shared","Store","32","0","2","7056","14112","7056","0","0","0","0","-","0","0","0","0","0","0","0","0","0","0","0","0","0","0","0","0","0","3","0","0","0","0","0","0","0","0","0","0","0","0","0","0","0","0","0","0","0","0","0","0"
"0x78a857769590","      CS2R R44, SRZ","1","1","1","7056","225792","225792","32","32","0","0","-","-","-","0","0","0","0","0","0","0","0","0","-","0","0","0","0","0","0","0","0","0","0","0","0","0","0","0","0","0","0","0","1","0","0","0","0","0","0","0","0","0","0","0","0","0","0","0","0","1","0","0","0"
"0x78a8577695a0","      STS [R13], R9","4","2","4","7056","225792","225792","32","32","0","0","Shared","Store","32","0","2","7056","14112","7056","0","0","0","0","-","0","0","0","0","0","0","0","0","0","0","0","0","0","0","2","0","0","2","0","0","0","0","0","0","0","0","0","0","0","0","0","2","0","0","0","0","0","0","0","0"
"0x78a8577695b0","      STS [R13+0x20], R8","1","0","1","7056","225792","225792","32","32","0","0","Shared","Store","32","0","2","7056","14112","7056","0","0","0","0","-","0","0","0","0","0","0","0","0","0","0","0","0","0","0","0","0","0","1","0","0","0","0","0","0","0","0","0","0","0","0","0","0","0","0","0","0","0","0","0","0"
"0x78a8577695c0","      STS [R13+0x40], R7","3","1","3","7056","225792","225792","32","32","0","0","Shared","Store","32","0","2","7056","14112","7056","0","0","0","0","-","0","0","0","0","0","0","0","0","1","0","0","0","0","0","1","0","0","0","0","0","0","0","1","0","0","0","0","0","0","0","0","1","0","0","0","0","0","0","0","0"
"0x78a8577695d0","      STS [R13+0x60], R6","2","0","2","7056","225792","225792","32","32","0","0","Shared","Store","32","0","2","7056","14112","7056","0","0","0","0","-","0","0","0","0","0","0","0","0","0","0","0","0","0","0","0","0","0","2","0","0","0","0","0","0","0","0","0","0","0","0","0","0","0","0","0","0","0","0","0","0"
"0x78a8577695e0","      STS [R13+0x80], R5","1","1","1","7056","225792","225792","32","32","0","0","Shared","Store","32","0","2","7056","14112","7056","0","0","0","0","-","0","0","0","0","0","0","0","0","0","0","0","0","0","0","1","0","0","0","0","0","0","0","0","0","0","0","0","0","0","0","0","1","0","0","0","0","0","0","0","0"
"0x78a8577695f0","      STS [R13+0xa0], R4","5","2","5","7056","225792","225792","32","32","0","0","Shared","Store","32","0","2","7056","14112","7056","0","0","0","0","-","0","0","0","0","0","0","0","0","1","0","0","0","0","0","2","0","0","1","0","0","0","0","1","0","0","0","0","0","0","0","0","1","0","0","0","0","0","0","0","1"
"0x78a857769600","      STS [R13+0xc0], R3","4","1","4","7056","225792","225792","32","32","0","0","Shared","Store","32","0","2","7056","14112","7056","0","0","0","0","-","0","0","0","0","0","0","0","0","0","0","0","0","0","0","1","0","0","3","0","0","0","0","0","0","0","0","0","0","0","0","0","1","0","0","0","0","0","0","0","0"
"0x78a857769610","      STS [R13+0xe0], R14","0","0","0","7056","225792","225792","32","32","0","0","Shared","Store","32","0","2","7056","14112","7056","0","0","0","0","-","0","0","0","0","0","0","0","0","0","0","0","0","0","0","0","0","0","0","0","0","0","0","0","0","0","0","0","0","0","0","0","0","0","0","0","0","0","0","0","0"
"0x78a857769620","      BAR.SYNC.DEFER_BLOCKING 0x0","0","0","0","7056","225792","225792","32","32","0","0","-","-","-","0","0","0","0","0","0","0","0","0","-","0","0","0","0","0","0","0","0","0","0","0","0","0","0","0","0","0","0","0","0","0","0","0","0","0","0","0","0","0","0","0","0","0","0","0","0","0","0","0","0"
"0x78a857769630","      BRA.U !UP0, 0x78a85776c270","41","8","41","7056","225792","225792","32","32","0","0","-","-","-","0","0","0","0","0","0","0","0","0","-","0","0","0","0","0","0","41","0","0","0","0","0","0","0","0","0","0","0","0","0","0","0","0","8","0","0","0","0","0","0","0","0","0","0","0","0","0","0","0","0"
"0x78a857769640","      HFMA2 R69, -RZ, RZ, 0, 0","1","1","1","7056","225792","225792","32","32","0","0","-","-","-","0","0","0","0","0","0","0","0","0","-","0","0","0","0","0","0","0","0","0","0","0","0","0","0","0","0","0","0","0","0","0","0","1","0","0","0","0","0","0","0","0","0","0","0","0","0","0","0","0","1"
"0x78a857769650","      LDCU UR5, c[0x0][0x380]","0","0","0","7056","225792","225792","32","32","0","0","-","-","-","0","0","0","0","0","0","0","0","0","-","0","0","0","0","0","0","0","0","0","0","0","0","0","0","0","0","0","0","0","0","0","0","0","0","0","0","0","0","0","0","0","0","0","0","0","0","0","0","0","0"
"0x78a857769660","      LDCU UR11, c[0x0][0x384]","0","0","0","7056","225792","225792","32","32","0","0","-","-","-","0","0","0","0","0","0","0","0","0","-","0","0","0","0","0","0","0","0","0","0","0","0","0","0","0","0","0","0","0","0","0","0","0","0","0","0","0","0","0","0","0","0","0","0","0","0","0","0","0","0"
"0x78a857769670","      S2UR UR8, SR_CgaCtaId","94","29","94","218736","6999552","6999552","32","32","0","0","-","-","-","0","0","0","0","0","0","0","0","0","-","0","0","0","0","0","0","0","13","5","0","0","0","0","0","0","0","60","14","1","0","0","0","1","0","5","0","0","0","0","0","0","0","0","24","0","0","0","0","0","0"
"0x78a857769680","      UMOV UR6, 0x400","18","5","18","218736","6999552","6999552","32","32","0","0","-","-","-","0","0","0","0","0","0","0","0","0","-","0","0","0","0","0","0","0","0","2","0","0","0","0","0","0","0","8","6","2","0","0","0","0","0","0","0","0","0","0","0","0","0","0","5","0","0","0","0","0","0"
"0x78a857769690","      ISETP.GE.AND P1, PT, R36, UR5, PT","2","0","2","218736","6999552","6999552","32","32","0","0","-","-","-","0","0","0","0","0","0","0","0","0","-","0","0","0","0","0","0","0","0","0","0","0","0","0","0","0","0","0","1","1","0","0","0","0","0","0","0","0","0","0","0","0","0","0","0","0","0","0","0","0","0"
"0x78a8577696a0","      UIADD3 UR4, UPT, UPT, UR6, 0x1100, URZ","4","0","4","218736","6999552","6999552","32","32","0","0","-","-","-","0","0","0","0","0","0","0","0","0","-","0","0","0","0","0","0","0","0","0","0","0","0","0","0","0","0","0","0","4","0","0","0","0","0","0","0","0","0","0","0","0","0","0","0","0","0","0","0","0","0"
"0x78a8577696b0","      MOV R12, RZ","2","0","2","218736","6999552","6999552","32","32","0","0","-","-","-","0","0","0","0","0","0","0","0","0","-","0","0","0","0","0","0","0","0","0","0","0","0","0","0","0","0","0","0","2","0","0","0","0","0","0","0","0","0","0","0","0","0","0","0","0","0","0","0","0","0"
"0x78a8577696c0","@!P1  LEA R16, P0, R64, UR32, 0x2","104","8","104","218736","6999552","6999552","32","32","0","0","-","-","-","0","0","0","0","0","0","0","0","0","-","0","0","0","0","0","0","0","0","7","0","0","0","3","0","0","0","0","55","3","0","0","0","36","0","0","0","0","0","0","0","0","0","0","0","0","0","0","0","0","8"
"0x78a8577696d0","@!P1  LEA.HI.X R17, R64, UR33, R65, 0x2, P0","70","7","70","218736","6999552","6999552","32","32","0","0","-","-","-","0","0","0","0","0","0","0","0","0","-","0","0","0","0","0","0","0","0","3","0","0","0","6","0","0","0","0","38","8","0","0","0","15","0","0","0","0","0","0","0","0","0","0","0","0","0","0","0","0","7"
"0x78a8577696e0","      ULEA UR6, UR8, UR6, 0x18","27","9","27","218736","6999552","6999552","32","32","0","0","-","-","-","0","0","0","0","0","0","0","0","0","-","0","0","0","0","0","0","0","0","1","0","0","0","0","0","0","0","0","5","7","14","0","0","0","0","0","0","0","0","0","0","0","0","0","0","0","0","9","0","0","0"
"0x78a8577696f0","      ULEA UR8, UR8, UR4, 0x18","3","0","3","218736","6999552","6999552","32","32","0","0","-","-","-","0","0","0","0","0","0","0","0","0","-","0","0","0","0","0","0","0","0","1","0","0","0","0","0","0","0","0","0","2","0","0","0","0","0","0","0","0","0","0","0","0","0","0","0","0","0","0","0","0","0"
"0x78a857769700","@!P1  LDG.E.CONSTANT R12, desc[UR24][R16.64]","77","8","77","218736","6999552","6999552","32","32","0","0","Global","Load","32","437472","0","0","0","0","0","874944","874944","0","","0","0","0","0","0","0","0","0","13","0","0","0","0","0","9","0","0","41","9","0","0","0","5","0","0","0","0","0","0","0","0","7","0","0","0","0","0","0","0","1"
"0x78a857769710","      LEA R11, R0, UR6, 0x4","17","3","17","218736","6999552","6999552","32","32","0","0","-","-","-","0","0","0","0","0","0","0","0","0","-","0","0","0","0","0","0","0","0","0","0","0","0","1","0","0","0","0","10","1","0","0","0","5","0","0","0","0","0","0","0","0","0","0","0","0","0","0","0","0","3"
"0x78a857769720","      LEA R37, R2, UR8, 0x4","26","3","26","218736","6999552","6999552","32","32","0","0","-","-","-","0","0","0","0","0","0","0","0","0","-","0","0","0","0","0","0","0","0","4","0","0","0","0","0","0","0","0","15","3","0","0","0","4","0","0","0","0","0","0","0","0","0","0","0","0","0","0","0","0","3"
"0x78a857769730","      LDS.128 R32, [R11]","79","20","79","218736","6999552","6999552","32","32","0","0","Shared","Load","128","0","4","0","874944","874944","0","0","0","0","-","0","0","0","0","0","0","0","0","14","0","0","0","0","0","23","0","0","28","3","0","0","0","11","0","0","0","0","0","0","0","0","16","0","0","1","0","0","0","0","3"
"0x78a857769740","      LDS.128 R20, [R37]","51","14","51","218736","6999552","6999552","32","32","0","0","Shared","Load","128","0","2","0","437472","437472","0","0","0","0","-","0","0","0","0","0","0","0","0","6","0","0","0","0","0","15","0","0","21","1","0","0","0","8","0","0","0","0","0","0","0","0","11","0","0","0","0","0","0","0","3"
"0x78a857769750","      LDS.128 R24, [R11+0x80]","78","27","78","218736","6999552","6999552","32","32","0","0","Shared","Load","128","0","4","0","874944","874944","0","0","0","0","-","0","0","0","0","0","0","0","0","5","0","0","0","0","0","25","0","0","29","6","0","0","0","13","0","0","0","0","0","0","0","0","19","0","0","0","0","0","0","0","8"
"0x78a857769760","      LDS.128 R16, [R37+0x110]","55","13","55","218736","6999552","6999552","32","32","0","0","Shared","Load","128","0","2","0","437472","437472","0","0","0","0","-","0","0","0","0","0","0","0","0","3","0","0","0","0","0","16","0","0","21","1","0","0","0","14","0","0","0","0","0","0","0","0","10","0","0","0","0","0","0","0","3"
"0x78a857769770","      FFMA R70, R32, R20, R28","186","73","186","218736","6999552","6999552","32","32","0","0","-","-","-","0","0","0","0","0","0","0","0","0","-","0","0","0","0","0","0","0","0","5","0","0","0","0","0","0","0","0","25","2","154","0","0","0","0","0","0","0","0","0","0","0","0","0","0","0","0","73","0","0","0"
"0x78a857769780","      FFMA R71, R32, R21, R29","5","0","5","218736","6999552","6999552","32","32","0","0","-","-","-","0","0","0","0","0","0","0","0","0","-","0","0","0","0","0","0","0","0","1","0","0","0","0","0","0","0","0","0","4","0","0","0","0","0","0","0","0","0","0","0","0","0","0","0","0","0","0","0","0","0"
"0x78a857769790","      FFMA R72, R32, R22, R30","3","0","3","218736","6999552","6999552","32","32","0","0","-","-","-","0","0","0","0","0","0","0","0","0","-","0","0","0","0","0","0","0","0","2","0","0","0","0","0","0","0","0","0","1","0","0","0","0","0","0","0","0","0","0","0","0","0","0","0","0","0","0","0","0","0"
"0x78a8577697a0","      FFMA R73, R32, R23, R31","2","0","2","218736","6999552","6999552","32","32","0","0","-","-","-","0","0","0","0","0","0","0","0","0","-","0","0","0","0","0","0","0","0","1","0","0","0","0","0","0","0","0","0","1","0","0","0","0","0","0","0","0","0","0","0","0","0","0","0","0","0","0","0","0","0"
"0x78a8577697b0","      LDS.128 R28, [R11+0x110]","69","25","69","218736","6999552","6999552","32","32","0","0","Shared","Load","128","0","4","0","874944","874944","0","0","0","0","-","0","0","0","0","0","0","0","0","9","0","0","0","0","0","33","0","0","23","1","0","0","0","3","0","0","0","0","0","0","0","0","24","0","0","0","0","0","0","0","1"
"0x78a8577697c0","      FFMA R51, R33, R20, R51","8","0","8","218736","6999552","6999552","32","32","0","0","-","-","-","0","0","0","0","0","0","0","0","0","-","0","0","0","0","0","0","0","0","2","0","0","0","0","0","0","0","0","0","6","0","0","0","0","0","0","0","0","0","0","0","0","0","0","0","0","0","0","0","0","0"
"0x78a8577697d0","      FFMA R52, R33, R21, R52","5","0","5","218736","6999552","6999552","32","32","0","0","-","-","-","0","0","0","0","0","0","0","0","0","-","0","0","0","0","0","0","0","0","0","0","0","0","0","0","0","0","0","0","5","0","0","0","0","0","0","0","0","0","0","0","0","0","0","0","0","0","0","0","0","0"
"0x78a8577697e0","      FFMA R53, R33, R22, R53","4","0","4","218736","6999552","6999552","32","32","0","0","-","-","-","0","0","0","0","0","0","0","0","0","-","0","0","0","0","0","0","0","0","0","0","0","0","0","0","0","0","0","0","4","0","0","0","0","0","0","0","0","0","0","0","0","0","0","0","0","0","0","0","0","0"
"0x78a8577697f0","      FFMA R56, R33, R23, R56","2","0","2","218736","6999552","6999552","32","32","0","0","-","-","-","0","0","0","0","0","0","0","0","0","-","0","0","0","0","0","0","0","0","0","0","0","0","0","0","0","0","0","0","2","0","0","0","0","0","0","0","0","0","0","0","0","0","0","0","0","0","0","0","0","0"
"0x78a857769800","      FFMA R57, R34, R20, R57","5","0","5","218736","6999552","6999552","32","32","0","0","-","-","-","0","0","0","0","0","0","0","0","0","-","0","0","0","0","0","0","0","0","0","0","0","0","0","0","0","0","0","0","5","0","0","0","0","0","0","0","0","0","0","0","0","0","0","0","0","0","0","0","0","0"
"0x78a857769810","      FFMA R58, R34, R21, R58","1","0","1","218736","6999552","6999552","32","32","0","0","-","-","-","0","0","0","0","0","0","0","0","0","-","0","0","0","0","0","0","0","0","0","0","0","0","0","0","0","0","0","0","1","0","0","0","0","0","0","0","0","0","0","0","0","0","0","0","0","0","0","0","0","0"
"0x78a857769820","      FFMA R59, R34, R22, R59","3","0","3","218736","6999552","6999552","32","32","0","0","-","-","-","0","0","0","0","0","0","0","0","0","-","0","0","0","0","0","0","0","0","0","0","0","0","0","0","0","0","0","0","3","0","0","0","0","0","0","0","0","0","0","0","0","0","0","0","0","0","0","0","0","0"
"0x78a857769830","      FFMA R63, R34, R23, R63","0","0","0","218736","6999552","6999552","32","32","0","0","-","-","-","0","0","0","0","0","0","0","0","0","-","0","0","0","0","0","0","0","0","0","0","0","0","0","0","0","0","0","0","0","0","0","0","0","0","0","0","0","0","0","0","0","0","0","0","0","0","0","0","0","0"
"0x78a857769840","      FFMA R45, R35, R20, R45","3","0","3","218736","6999552","6999552","32","32","0","0","-","-","-","0","0","0","0","0","0","0","0","0","-","0","0","0","0","0","0","0","0","1","0","0","0","0","0","0","0","0","0","2","0","0","0","0","0","0","0","0","0","0","0","0","0","0","0","0","0","0","0","0","0"
"0x78a857769850","      FFMA R46, R35, R21, R46","7","0","7","218736","6999552","6999552","32","32","0","0","-","-","-","0","0","0","0","0","0","0","0","0","-","0","0","0","0","0","0","0","0","1","0","0","0","0","0","0","0","0","0","6","0","0","0","0","0","0","0","0","0","0","0","0","0","0","0","0","0","0","0","0","0"
"0x78a857769860","      FFMA R44, R35, R22, R44","1","0","1","218736","6999552","6999552","32","32","0","0","-","-","-","0","0","0","0","0","0","0","0","0","-","0","0","0","0","0","0","0","0","0","0","0","0","0","0","0","0","0","0","1","0","0","0","0","0","0","0","0","0","0","0","0","0","0","0","0","0","0","0","0","0"
"0x78a857769870","      FFMA R47, R35, R23, R47","0","0","0","218736","6999552","6999552","32","32","0","0","-","-","-","0","0","0","0","0","0","0","0","0","-","0","0","0","0","0","0","0","0","0","0","0","0","0","0","0","0","0","0","0","0","0","0","0","0","0","0","0","0","0","0","0","0","0","0","0","0","0","0","0","0"
"0x78a857769880","      LDS.128 R32, [R11+0x190]","67","12","67","218736","6999552","6999552","32","32","0","0","Shared","Load","128","0","4","0","874944","874944","0","0","0","0","-","0","0","0","0","0","0","0","0","8","0","0","0","0","0","14","0","0","40","2","0","0","0","3","0","0","0","0","0","0","0","0","12","0","0","0","0","0","0","0","0"
"0x78a857769890","      FFMA R48, R24, R20, R48","5","1","5","218736","6999552","6999552","32","32","0","0","-","-","-","0","0","0","0","0","0","0","0","0","-","0","0","0","0","0","0","0","0","0","0","0","0","0","0","0","0","0","2","2","1","0","0","0","0","0","0","0","0","0","0","0","0","0","0","0","0","1","0","0","0"
"0x78a8577698a0","      FFMA R49, R24, R21, R49","7","0","7","218736","6999552","6999552","32","32","0","0","-","-","-","0","0","0","0","0","0","0","0","0","-","0","0","0","0","0","0","0","0","0","0","0","0","0","0","0","0","0","0","7","0","0","0","0","0","0","0","0","0","0","0","0","0","0","0","0","0","0","0","0","0"
"0x78a8577698b0","      FFMA R50, R24, R22, R50","2","0","2","218736","6999552","6999552","32","32","0","0","-","-","-","0","0","0","0","0","0","0","0","0","-","0","0","0","0","0","0","0","0","0","0","0","0","0","0","0","0","0","0","2","0","0","0","0","0","0","0","0","0","0","0","0","0","0","0","0","0","0","0","0","0"
"0x78a8577698c0","      FFMA R60, R24, R23, R60","3","0","3","218736","6999552","6999552","32","32","0","0","-","-","-","0","0","0","0","0","0","0","0","0","-","0","0","0","0","0","0","0","0","0","0","0","0","0","0","0","0","0","0","3","0","0","0","0","0","0","0","0","0","0","0","0","0","0","0","0","0","0","0","0","0"
"0x78a8577698d0","      FFMA R61, R25, R20, R61","3","0","3","218736","6999552","6999552","32","32","0","0","-","-","-","0","0","0","0","0","0","0","0","0","-","0","0","0","0","0","0","0","0","0","0","0","0","0","0","0","0","0","0","3","0","0","0","0","0","0","0","0","0","0","0","0","0","0","0","0","0","0","0","0","0"
"0x78a8577698e0","      FFMA R39, R25, R21, R39","3","0","3","218736","6999552","6999552","32","32","0","0","-","-","-","0","0","0","0","0","0","0","0","0","-","0","0","0","0","0","0","0","0","0","0","0","0","0","0","0","0","0","0","3","0","0","0","0","0","0","0","0","0","0","0","0","0","0","0","0","0","0","0","0","0"
"0x78a8577698f0","      FFMA R38, R25, R22, R38","4","0","4","218736","6999552","6999552","32","32","0","0","-","-","-","0","0","0","0","0","0","0","0","0","-","0","0","0","0","0","0","0","0","0","0","0","0","0","0","0","0","0","0","4","0","0","0","0","0","0","0","0","0","0","0","0","0","0","0","0","0","0","0","0","0"
"0x78a857769900","      FFMA R42, R25, R23, R42","6","0","6","218736","6999552","6999552","32","32","0","0","-","-","-","0","0","0","0","0","0","0","0","0","-","0","0","0","0","0","0","0","0","0","0","0","0","0","0","0","0","1","1","4","0","0","0","0","0","0","0","0","0","0","0","0","0","0","0","0","0","0","0","0","0"
"0x78a857769910","      FFMA R41, R26, R20, R41","5","0","5","218736","6999552","6999552","32","32","0","0","-","-","-","0","0","0","0","0","0","0","0","0","-","0","0","0","0","0","0","0","0","0","0","0","0","0","0","0","0","0","0","5","0","0","0","0","0","0","0","0","0","0","0","0","0","0","0","0","0","0","0","0","0"
"0x78a857769920","      FFMA R43, R26, R21, R43","6","0","6","218736","6999552","6999552","32","32","0","0","-","-","-","0","0","0","0","0","0","0","0","0","-","0","0","0","0","0","0","0","0","2","0","0","0","0","0","0","0","0","0","4","0","0","0","0","0","0","0","0","0","0","0","0","0","0","0","0","0","0","0","0","0"
"0x78a857769930","      FFMA R40, R26, R22, R40","12","0","12","218736","6999552","6999552","32","32","0","0","-","-","-","0","0","0","0","0","0","0","0","0","-","0","0","0","0","0","0","0","0","4","0","0","0","0","0","0","0","0","0","8","0","0","0","0","0","0","0","0","0","0","0","0","0","0","0","0","0","0","0","0","0"
"0x78a857769940","      FFMA R62, R26, R23, R62","2","0","2","218736","6999552","6999552","32","32","0","0","-","-","-","0","0","0","0","0","0","0","0","0","-","0","0","0","0","0","0","0","0","0","0","0","0","0","0","0","0","0","0","2","0","0","0","0","0","0","0","0","0","0","0","0","0","0","0","0","0","0","0","0","0"
"0x78a857769950","      FFMA R66, R27, R20, R66","6","0","6","218736","6999552","6999552","32","32","0","0","-","-","-","0","0","0","0","0","0","0","0","0","-","0","0","0","0","0","0","0","0","0","0","0","0","0","0","0","0","0","0","6","0","0","0","0","0","0","0","0","0","0","0","0","0","0","0","0","0","0","0","0","0"
"0x78a857769960","      FFMA R67, R27, R21, R67","5","0","5","218736","6999552","6999552","32","32","0","0","-","-","-","0","0","0","0","0","0","0","0","0","-","0","0","0","0","0","0","0","0","0","0","0","0","0","0","0","0","0","0","5","0","0","0","0","0","0","0","0","0","0","0","0","0","0","0","0","0","0","0","0","0"
"0x78a857769970","      FFMA R68, R27, R22, R68","6","0","6","218736","6999552","6999552","32","32","0","0","-","-","-","0","0","0","0","0","0","0","0","0","-","0","0","0","0","0","0","0","0","1","0","0","0","0","0","0","0","0","0","5","0","0","0","0","0","0","0","0","0","0","0","0","0","0","0","0","0","0","0","0","0"
"0x78a857769980","      FFMA R69, R27, R23, R69","5","0","5","218736","6999552","6999552","32","32","0","0","-","-","-","0","0","0","0","0","0","0","0","0","-","0","0","0","0","0","0","0","0","0","0","0","0","0","0","0","0","1","1","3","0","0","0","0","0","0","0","0","0","0","0","0","0","0","0","0","0","0","0","0","0"
"0x78a857769990","      LDS.128 R20, [R11+0x220]","57","6","57","218736","6999552","6999552","32","32","0","0","Shared","Load","128","0","4","0","874944","874944","0","0","0","0","-","0","0","0","0","0","0","0","0","13","0","0","0","0","0","8","0","0","34","0","0","0","0","2","0","0","2","0","0","0","0","0","4","0","0","0","0","0","0","0","0"
"0x78a8577699a0","      LDS.128 R24, [R37+0x220]","54","14","54","218736","6999552","6999552","32","32","0","0","Shared","Load","128","0","2","0","437472","437472","0","0","0","0","-","0","0","0","0","0","0","0","0","0","0","0","0","0","0","23","0","0","23","1","0","0","0","7","0","0","0","0","0","0","0","0","11","0","0","0","0","0","0","0","3"
"0x78a8577699b0","      FFMA R70, R28, R16, R70","102","32","102","218736","6999552","6999552","32","32","0","0","-","-","-","0","0","0","0","0","0","0","0","0","-","0","0","0","0","0","0","0","0","7","0","0","0","0","0","0","0","0","10","3","82","0","0","0","0","0","0","0","0","0","0","0","0","0","0","1","0","31","0","0","0"
"0x78a8577699c0","      FFMA R71, R28, R17, R71","3","0","3","218736","6999552","6999552","32","32","0","0","-","-","-","0","0","0","0","0","0","0","0","0","-","0","0","0","0","0","0","0","0","1","0","0","0","0","0","0","0","0","0","2","0","0","0","0","0","0","0","0","0","0","0","0","0","0","0","0","0","0","0","0","0"
"0x78a8577699d0","      FFMA R72, R28, R18, R72","5","0","5","218736","6999552","6999552","32","32","0","0","-","-","-","0","0","0","0","0","0","0","0","0","-","0","0","0","0","0","0","0","0","0","0","0","0","0","0","0","0","0","0","5","0","0","0","0","0","0","0","0","0","0","0","0","0","0","0","0","0","0","0","0","0"
"0x78a8577699e0","      FFMA R73, R28, R19, R73","3","0","3","218736","6999552","6999552","32","32","0","0","-","-","-","0","0","0","0","0","0","0","0","0","-","0","0","0","0","0","0","0","0","1","0","0","0","0","0","0","0","0","0","2","0","0","0","0","0","0","0","0","0","0","0","0","0","0","0","0","0","0","0","0","0"
"0x78a8577699f0","      FFMA R51, R29, R16, R51","6","0","6","218736","6999552","6999552","32","32","0","0","-","-","-","0","0","0","0","0","0","0","0","0","-","0","0","0","0","0","0","0","0","1","0","0","0","0","0","0","0","0","0","5","0","0","0","0","0","0","0","0","0","0","0","0","0","0","0","0","0","0","0","0","0"
"0x78a857769a00","      FFMA R52, R29, R17, R52","5","0","5","218736","6999552","6999552","32","32","0","0","-","-","-","0","0","0","0","0","0","0","0","0","-","0","0","0","0","0","0","0","0","2","0","0","0","0","0","0","0","0","0","3","0","0","0","0","0","0","0","0","0","0","0","0","0","0","0","0","0","0","0","0","0"
"0x78a857769a10","      FFMA R53, R29, R18, R53","1","0","1","218736","6999552","6999552","32","32","0","0","-","-","-","0","0","0","0","0","0","0","0","0","-","0","0","0","0","0","0","0","0","0","0","0","0","0","0","0","0","0","0","1","0","0","0","0","0","0","0","0","0","0","0","0","0","0","0","0","0","0","0","0","0"
"0x78a857769a20","      FFMA R56, R29, R19, R56","1","0","1","218736","6999552","6999552","32","32","0","0","-","-","-","0","0","0","0","0","0","0","0","0","-","0","0","0","0","0","0","0","0","0","0","0","0","0","0","0","0","0","0","1","0","0","0","0","0","0","0","0","0","0","0","0","0","0","0","0","0","0","0","0","0"
"0x78a857769a30","      FFMA R57, R30, R16, R57","3","0","3","218736","6999552","6999552","32","32","0","0","-","-","-","0","0","0","0","0","0","0","0","0","-","0","0","0","0","0","0","0","0","1","0","0","0","0","0","0","0","0","0","2","0","0","0","0","0","0","0","0","0","0","0","0","0","0","0","0","0","0","0","0","0"
"0x78a857769a40","      FFMA R58, R30, R17, R58","7","0","7","218736","6999552","6999552","32","32","0","0","-","-","-","0","0","0","0","0","0","0","0","0","-","0","0","0","0","0","0","0","0","6","0","0","0","0","0","0","0","0","0","1","0","0","0","0","0","0","0","0","0","0","0","0","0","0","0","0","0","0","0","0","0"
"0x78a857769a50","      FFMA R59, R30, R18, R59","1","0","1","218736","6999552","6999552","32","32","0","0","-","-","-","0","0","0","0","0","0","0","0","0","-","0","0","0","0","0","0","0","0","0","0","0","0","0","0","0","0","0","0","1","0","0","0","0","0","0","0","0","0","0","0","0","0","0","0","0","0","0","0","0","0"
"0x78a857769a60","      FFMA R63, R30, R19, R63","3","0","3","218736","6999552","6999552","32","32","0","0","-","-","-","0","0","0","0","0","0","0","0","0","-","0","0","0","0","0","0","0","0","0","0","0","0","0","0","0","0","0","0","3","0","0","0","0","0","0","0","0","0","0","0","0","0","0","0","0","0","0","0","0","0"
"0x78a857769a70","      FFMA R45, R31, R16, R45","5","0","5","218736","6999552","6999552","32","32","0","0","-","-","-","0","0","0","0","0","0","0","0","0","-","0","0","0","0","0","0","0","0","0","0","0","0","0","0","0","0","0","0","5","0","0","0","0","0","0","0","0","0","0","0","0","0","0","0","0","0","0","0","0","0"
"0x78a857769a80","      FFMA R46, R31, R17, R46","3","0","3","218736","6999552","6999552","32","32","0","0","-","-","-","0","0","0","0","0","0","0","0","0","-","0","0","0","0","0","0","0","0","1","0","0","0","0","0","0","0","0","0","2","0","0","0","0","0","0","0","0","0","0","0","0","0","0","0","0","0","0","0","0","0"
"0x78a857769a90","      FFMA R44, R31, R18, R44","3","0","3","218736","6999552","6999552","32","32","0","0","-","-","-","0","0","0","0","0","0","0","0","0","-","0","0","0","0","0","0","0","0","0","0","0","0","0","0","0","0","0","0","3","0","0","0","0","0","0","0","0","0","0","0","0","0","0","0","0","0","0","0","0","0"
"0x78a857769aa0","      FFMA R47, R31, R19, R47","3","0","3","218736","6999552","6999552","32","32","0","0","-","-","-","0","0","0","0","0","0","0","0","0","-","0","0","0","0","0","0","0","0","0","0","0","0","0","0","0","0","0","0","3","0","0","0","0","0","0","0","0","0","0","0","0","0","0","0","0","0","0","0","0","0"
"0x78a857769ab0","      LDS.128 R28, [R11+0x2a0]","72","10","72","218736","6999552","6999552","32","32","0","0","Shared","Load","128","0","4","0","874944","874944","0","0","0","0","-","0","0","0","0","0","0","0","0","11","0","0","0","0","0","16","0","0","37","2","0","0","0","6","0","0","1","0","0","0","0","0","9","0","0","0","0","0","0","0","0"
"0x78a857769ac0","      FFMA R48, R32, R16, R48","8","0","8","218736","6999552","6999552","32","32","0","0","-","-","-","0","0","0","0","0","0","0","0","0","-","0","0","0","0","0","0","0","0","0","0","0","0","0","0","0","0","0","1","5","2","0","0","0","0","0","0","0","0","0","0","0","0","0","0","0","0","0","0","0","0"
"0x78a857769ad0","      FFMA R49, R32, R17, R49","5","0","5","218736","6999552","6999552","32","32","0","0","-","-","-","0","0","0","0","0","0","0","0","0","-","0","0","0","0","0","0","0","0","0","0","0","0","0","0","0","0","0","0","5","0","0","0","0","0","0","0","0","0","0","0","0","0","0","0","0","0","0","0","0","0"
"0x78a857769ae0","      FFMA R50, R32, R18, R50","4","0","4","218736","6999552","6999552","32","32","0","0","-","-","-","0","0","0","0","0","0","0","0","0","-","0","0","0","0","0","0","0","0","0","0","0","0","0","0","0","0","0","0","4","0","0","0","0","0","0","0","0","0","0","0","0","0","0","0","0","0","0","0","0","0"
"0x78a857769af0","      FFMA R60, R32, R19, R60","4","0","4","218736","6999552","6999552","32","32","0","0","-","-","-","0","0","0","0","0","0","0","0","0","-","0","0","0","0","0","0","0","0","1","0","0","0","0","0","0","0","0","0","3","0","0","0","0","0","0","0","0","0","0","0","0","0","0","0","0","0","0","0","0","0"
"0x78a857769b00","      FFMA R61, R33, R16, R61","5","0","5","218736","6999552","6999552","32","32","0","0","-","-","-","0","0","0","0","0","0","0","0","0","-","0","0","0","0","0","0","0","0","0","0","0","0","0","0","0","0","0","0","5","0","0","0","0","0","0","0","0","0","0","0","0","0","0","0","0","0","0","0","0","0"
"0x78a857769b10","      FFMA R39, R33, R17, R39","1","0","1","218736","6999552","6999552","32","32","0","0","-","-","-","0","0","0","0","0","0","0","0","0","-","0","0","0","0","0","0","0","0","0","0","0","0","0","0","0","0","0","0","1","0","0","0","0","0","0","0","0","0","0","0","0","0","0","0","0","0","0","0","0","0"
"0x78a857769b20","      FFMA R38, R33, R18, R38","3","0","3","218736","6999552","6999552","32","32","0","0","-","-","-","0","0","0","0","0","0","0","0","0","-","0","0","0","0","0","0","0","0","0","0","0","0","0","0","0","0","0","0","3","0","0","0","0","0","0","0","0","0","0","0","0","0","0","0","0","0","0","0","0","0"
"0x78a857769b30","      FFMA R42, R33, R19, R42","6","0","6","218736","6999552","6999552","32","32","0","0","-","-","-","0","0","0","0","0","0","0","0","0","-","0","0","0","0","0","0","0","0","0","0","0","0","0","0","0","0","0","0","6","0","0","0","0","0","0","0","0","0","0","0","0","0","0","0","0","0","0","0","0","0"
"0x78a857769b40","      FFMA R41, R34, R16, R41","4","0","4","218736","6999552","6999552","32","32","0","0","-","-","-","0","0","0","0","0","0","0","0","0","-","0","0","0","0","0","0","0","0","0","0","0","0","0","0","0","0","0","0","4","0","0","0","0","0","0","0","0","0","0","0","0","0","0","0","0","0","0","0","0","0"
"0x78a857769b50","      FFMA R43, R34, R17, R43","5","0","5","218736","6999552","6999552","32","32","0","0","-","-","-","0","0","0","0","0","0","0","0","0","-","0","0","0","0","0","0","0","0","1","0","0","0","0","0","0","0","0","0","4","0","0","0","0","0","0","0","0","0","0","0","0","0","0","0","0","0","0","0","0","0"
"0x78a857769b60","      FFMA R40, R34, R18, R40","4","0","4","218736","6999552","6999552","32","32","0","0","-","-","-","0","0","0","0","0","0","0","0","0","-","0","0","0","0","0","0","0","0","2","0","0","0","0","0","0","0","0","0","2","0","0","0","0","0","0","0","0","0","0","0","0","0","0","0","0","0","0","0","0","0"
"0x78a857769b70","      FFMA R62, R34, R19, R62","3","0","3","218736","6999552","6999552","32","32","0","0","-","-","-","0","0","0","0","0","0","0","0","0","-","0","0","0","0","0","0","0","0","0","0","0","0","0","0","0","0","0","0","3","0","0","0","0","0","0","0","0","0","0","0","0","0","0","0","0","0","0","0","0","0"
"0x78a857769b80","      FFMA R66, R35, R16, R66","2","1","2","218736","6999552","6999552","32","32","0","0","-","-","-","0","0","0","0","0","0","0","0","0","-","0","0","0","0","0","0","0","0","0","0","0","0","0","0","0","0","1","1","0","0","0","0","0","0","0","0","0","0","0","0","0","0","0","1","0","0","0","0","0","0"
"0x78a857769b90","      FFMA R67, R35, R17, R67","5","0","5","218736","6999552","6999552","32","32","0","0","-","-","-","0","0","0","0","0","0","0","0","0","-","0","0","0","0","0","0","0","0","0","0","0","0","0","0","0","0","0","0","5","0","0","0","0","0","0","0","0","0","0","0","0","0","0","0","0","0","0","0","0","0"
"0x78a857769ba0","      FFMA R68, R35, R18, R68","4","0","4","218736","6999552","6999552","32","32","0","0","-","-","-","0","0","0","0","0","0","0","0","0","-","0","0","0","0","0","0","0","0","0","0","0","0","0","0","0","0","0","0","4","0","0","0","0","0","0","0","0","0","0","0","0","0","0","0","0","0","0","0","0","0"
"0x78a857769bb0","      FFMA R69, R35, R19, R69","2","0","2","218736","6999552","6999552","32","32","0","0","-","-","-","0","0","0","0","0","0","0","0","0","-","0","0","0","0","0","0","0","0","0","0","0","0","0","0","0","0","0","0","2","0","0","0","0","0","0","0","0","0","0","0","0","0","0","0","0","0","0","0","0","0"
"0x78a857769bc0","      LDS.128 R32, [R11+0x330]","71","12","71","218736","6999552","6999552","32","32","0","0","Shared","Load","128","0","4","0","874944","874944","0","0","0","0","-","0","0","0","0","0","0","0","0","9","0","0","0","0","0","12","0","0","43","3","0","0","0","4","0","0","1","0","0","0","0","0","10","0","0","1","0","0","0","0","0"
"0x78a857769bd0","      LDS.128 R16, [R37+0x330]","60","16","60","218736","6999552","6999552","32","32","0","0","Shared","Load","128","0","2","0","437472","437472","0","0","0","0","-","0","0","0","0","0","0","0","0","5","0","0","0","0","0","13","0","0","24","2","0","0","0","16","0","0","0","0","0","0","0","0","12","0","0","0","0","0","0","0","4"
"0x78a857769be0","      FFMA R70, R20, R24, R70","21","7","21","218736","6999552","6999552","32","32","0","0","-","-","-","0","0","0","0","0","0","0","0","0","-","0","0","0","0","0","0","0","0","0","0","0","0","0","0","0","0","0","3","3","15","0","0","0","0","0","0","0","0","0","0","0","0","0","0","0","0","7","0","0","0"
"0x78a857769bf0","      FFMA R71, R20, R25, R71","2","0","2","218736","6999552","6999552","32","32","0","0","-","-","-","0","0","0","0","0","0","0","0","0","-","0","0","0","0","0","0","0","0","0","0","0","0","0","0","0","0","0","0","2","0","0","0","0","0","0","0","0","0","0","0","0","0","0","0","0","0","0","0","0","0"
"0x78a857769c00","      FFMA R72, R20, R26, R72","1","0","1","218736","6999552","6999552","32","32","0","0","-","-","-","0","0","0","0","0","0","0","0","0","-","0","0","0","0","0","0","0","0","0","0","0","0","0","0","0","0","0","0","1","0","0","0","0","0","0","0","0","0","0","0","0","0","0","0","0","0","0","0","0","0"
"0x78a857769c10","      FFMA R73, R20, R27, R73","4","0","4","218736","6999552","6999552","32","32","0","0","-","-","-","0","0","0","0","0","0","0","0","0","-","0","0","0","0","0","0","0","0","0","0","0","0","0","0","0","0","0","0","4","0","0","0","0","0","0","0","0","0","0","0","0","0","0","0","0","0","0","0","0","0"
"0x78a857769c20","      FFMA R51, R21, R24, R51","3","0","3","218736","6999552","6999552","32","32","0","0","-","-","-","0","0","0","0","0","0","0","0","0","-","0","0","0","0","0","0","0","0","0","0","0","0","0","0","0","0","0","0","3","0","0","0","0","0","0","0","0","0","0","0","0","0","0","0","0","0","0","0","0","0"
"0x78a857769c30","      FFMA R52, R21, R25, R52","9","0","9","218736","6999552","6999552","32","32","0","0","-","-","-","0","0","0","0","0","0","0","0","0","-","0","0","0","0","0","0","0","0","3","0","0","0","0","0","0","0","0","0","6","0","0","0","0","0","0","0","0","0","0","0","0","0","0","0","0","0","0","0","0","0"
"0x78a857769c40","      FFMA R53, R21, R26, R53","1","0","1","218736","6999552","6999552","32","32","0","0","-","-","-","0","0","0","0","0","0","0","0","0","-","0","0","0","0","0","0","0","0","0","0","0","0","0","0","0","0","0","0","1","0","0","0","0","0","0","0","0","0","0","0","0","0","0","0","0","0","0","0","0","0"
"0x78a857769c50","      FFMA R56, R21, R27, R56","3","0","3","218736","6999552","6999552","32","32","0","0","-","-","-","0","0","0","0","0","0","0","0","0","-","0","0","0","0","0","0","0","0","0","0","0","0","0","0","0","0","0","0","3","0","0","0","0","0","0","0","0","0","0","0","0","0","0","0","0","0","0","0","0","0"
"0x78a857769c60","      FFMA R57, R22, R24, R57","5","0","5","218736","6999552","6999552","32","32","0","0","-","-","-","0","0","0","0","0","0","0","0","0","-","0","0","0","0","0","0","0","0","1","0","0","0","0","0","0","0","0","0","4","0","0","0","0","0","0","0","0","0","0","0","0","0","0","0","0","0","0","0","0","0"
"0x78a857769c70","      FFMA R58, R22, R25, R58","12","0","12","218736","6999552","6999552","32","32","0","0","-","-","-","0","0","0","0","0","0","0","0","0","-","0","0","0","0","0","0","0","0","5","0","0","0","0","0","0","0","0","0","7","0","0","0","0","0","0","0","0","0","0","0","0","0","0","0","0","0","0","0","0","0"
"0x78a857769c80","      FFMA R59, R22, R26, R59","3","0","3","218736","6999552","6999552","32","32","0","0","-","-","-","0","0","0","0","0","0","0","0","0","-","0","0","0","0","0","0","0","0","0","0","0","0","0","0","0","0","1","0","2","0","0","0","0","0","0","0","0","0","0","0","0","0","0","0","0","0","0","0","0","0"
"0x78a857769c90","      FFMA R63, R22, R27, R63","3","0","3","218736","6999552","6999552","32","32","0","0","-","-","-","0","0","0","0","0","0","0","0","0","-","0","0","0","0","0","0","0","0","2","0","0","0","0","0","0","0","0","0","1","0","0","0","0","0","0","0","0","0","0","0","0","0","0","0","0","0","0","0","0","0"
"0x78a857769ca0","      FFMA R45, R23, R24, R45","1","0","1","218736","6999552","6999552","32","32","0","0","-","-","-","0","0","0","0","0","0","0","0","0","-","0","0","0","0","0","0","0","0","0","0","0","0","0","0","0","0","0","0","1","0","0","0","0","0","0","0","0","0","0","0","0","0","0","0","0","0","0","0","0","0"
"0x78a857769cb0","      FFMA R46, R23, R25, R46","4","0","4","218736","6999552","6999552","32","32","0","0","-","-","-","0","0","0","0","0","0","0","0","0","-","0","0","0","0","0","0","0","0","0","0","0","0","0","0","0","0","0","0","4","0","0","0","0","0","0","0","0","0","0","0","0","0","0","0","0","0","0","0","0","0"
"0x78a857769cc0","      FFMA R44, R23, R26, R44","9","0","9","218736","6999552","6999552","32","32","0","0","-","-","-","0","0","0","0","0","0","0","0","0","-","0","0","0","0","0","0","0","0","0","0","0","0","0","0","0","0","0","0","9","0","0","0","0","0","0","0","0","0","0","0","0","0","0","0","0","0","0","0","0","0"
"0x78a857769cd0","      FFMA R47, R23, R27, R47","2","0","2","218736","6999552","6999552","32","32","0","0","-","-","-","0","0","0","0","0","0","0","0","0","-","0","0","0","0","0","0","0","0","0","0","0","0","0","0","0","0","0","0","2","0","0","0","0","0","0","0","0","0","0","0","0","0","0","0","0","0","0","0","0","0"
"0x78a857769ce0","      LDS.128 R20, [R11+0x3b0]","72","9","72","218736","6999552","6999552","32","32","0","0","Shared","Load","128","0","4","0","874944","874944","0","0","0","0","-","0","0","0","0","0","0","0","0","10","0","0","0","0","0","16","0","0","39","0","0","0","0","7","0","0","1","0","0","0","0","0","8","0","0","0","0","0","0","0","0"
"0x78a857769cf0","      FFMA R48, R28, R24, R48","60","13","60","218736","6999552","6999552","32","32","0","0","-","-","-","0","0","0","0","0","0","0","0","0","-","0","0","0","0","0","0","0","0","6","0","0","0","0","0","0","0","0","10","2","42","0","0","0","0","0","0","0","0","0","0","0","0","0","0","0","0","13","0","0","0"
"0x78a857769d00","      FFMA R49, R28, R25, R49","5","0","5","218736","6999552","6999552","32","32","0","0","-","-","-","0","0","0","0","0","0","0","0","0","-","0","0","0","0","0","0","0","0","0","0","0","0","0","0","0","0","0","0","5","0","0","0","0","0","0","0","0","0","0","0","0","0","0","0","0","0","0","0","0","0"
"0x78a857769d10","      FFMA R50, R28, R26, R50","6","0","6","218736","6999552","6999552","32","32","0","0","-","-","-","0","0","0","0","0","0","0","0","0","-","0","0","0","0","0","0","0","0","0","0","0","0","0","0","0","0","0","0","6","0","0","0","0","0","0","0","0","0","0","0","0","0","0","0","0","0","0","0","0","0"
"0x78a857769d20","      FFMA R60, R28, R27, R60","3","0","3","218736","6999552","6999552","32","32","0","0","-","-","-","0","0","0","0","0","0","0","0","0","-","0","0","0","0","0","0","0","0","0","0","0","0","0","0","0","0","0","0","3","0","0","0","0","0","0","0","0","0","0","0","0","0","0","0","0","0","0","0","0","0"
"0x78a857769d30","      FFMA R61, R29, R24, R61","2","0","2","218736","6999552","6999552","32","32","0","0","-","-","-","0","0","0","0","0","0","0","0","0","-","0","0","0","0","0","0","0","0","0","0","0","0","0","0","0","0","0","0","2","0","0","0","0","0","0","0","0","0","0","0","0","0","0","0","0","0","0","0","0","0"
"0x78a857769d40","      FFMA R39, R29, R25, R39","7","0","7","218736","6999552","6999552","32","32","0","0","-","-","-","0","0","0","0","0","0","0","0","0","-","0","0","0","0","0","0","0","0","3","0","0","0","0","0","0","0","0","0","4","0","0","0","0","0","0","0","0","0","0","0","0","0","0","0","0","0","0","0","0","0"
"0x78a857769d50","      FFMA R38, R29, R26, R38","4","0","4","218736","6999552","6999552","32","32","0","0","-","-","-","0","0","0","0","0","0","0","0","0","-","0","0","0","0","0","0","0","0","0","0","0","0","0","0","0","0","0","0","4","0","0","0","0","0","0","0","0","0","0","0","0","0","0","0","0","0","0","0","0","0"
"0x78a857769d60","      FFMA R42, R29, R27, R42","1","0","1","218736","6999552","6999552","32","32","0","0","-","-","-","0","0","0","0","0","0","0","0","0","-","0","0","0","0","0","0","0","0","0","0","0","0","0","0","0","0","0","0","1","0","0","0","0","0","0","0","0","0","0","0","0","0","0","0","0","0","0","0","0","0"
"0x78a857769d70","      FFMA R41, R30, R24, R41","6","0","6","218736","6999552","6999552","32","32","0","0","-","-","-","0","0","0","0","0","0","0","0","0","-","0","0","0","0","0","0","0","0","0","0","0","0","0","0","0","0","0","0","6","0","0","0","0","0","0","0","0","0","0","0","0","0","0","0","0","0","0","0","0","0"
"0x78a857769d80","      FFMA R43, R30, R25, R43","8","1","8","218736","6999552","6999552","32","32","0","0","-","-","-","0","0","0","0","0","0","0","0","0","-","0","0","0","0","0","0","0","0","1","0","0","0","0","0","0","0","2","0","5","0","0","0","0","0","0","0","0","0","0","0","0","0","0","1","0","0","0","0","0","0"
"0x78a857769d90","      FFMA R40, R30, R26, R40","9","0","9","218736","6999552","6999552","32","32","0","0","-","-","-","0","0","0","0","0","0","0","0","0","-","0","0","0","0","0","0","0","0","5","0","0","0","0","0","0","0","0","0","4","0","0","0","0","0","0","0","0","0","0","0","0","0","0","0","0","0","0","0","0","0"
"0x78a857769da0","      FFMA R62, R30, R27, R62","5","0","5","218736","6999552","6999552","32","32","0","0","-","-","-","0","0","0","0","0","0","0","0","0","-","0","0","0","0","0","0","0","0","0","0","0","0","0","0","0","0","0","0","5","0","0","0","0","0","0","0","0","0","0","0","0","0","0","0","0","0","0","0","0","0"
"0x78a857769db0","      FFMA R66, R31, R24, R66","0","0","0","218736","6999552","6999552","32","32","0","0","-","-","-","0","0","0","0","0","0","0","0","0","-","0","0","0","0","0","0","0","0","0","0","0","0","0","0","0","0","0","0","0","0","0","0","0","0","0","0","0","0","0","0","0","0","0","0","0","0","0","0","0","0"
"0x78a857769dc0","      FFMA R67, R31, R25, R67","3","0","3","218736","6999552","6999552","32","32","0","0","-","-","-","0","0","0","0","0","0","0","0","0","-","0","0","0","0","0","0","0","0","0","0","0","0","0","0","0","0","0","0","3","0","0","0","0","0","0","0","0","0","0","0","0","0","0","0","0","0","0","0","0","0"
"0x78a857769dd0","      FFMA R68, R31, R26, R68","7","0","7","218736","6999552","6999552","32","32","0","0","-","-","-","0","0","0","0","0","0","0","0","0","-","0","0","0","0","0","0","0","0","1","0","0","0","0","0","0","0","0","0","6","0","0","0","0","0","0","0","0","0","0","0","0","0","0","0","0","0","0","0","0","0"
"0x78a857769de0","      FFMA R69, R31, R27, R69","4","0","4","218736","6999552","6999552","32","32","0","0","-","-","-","0","0","0","0","0","0","0","0","0","-","0","0","0","0","0","0","0","0","0","0","0","0","0","0","0","0","0","0","4","0","0","0","0","0","0","0","0","0","0","0","0","0","0","0","0","0","0","0","0","0"
"0x78a857769df0","      LDS.128 R24, [R11+0x440]","61","10","61","218736","6999552","6999552","32","32","0","0","Shared","Load","128","0","4","0","874944","874944","0","0","0","0","-","0","0","0","0","0","0","0","0","5","0","0","0","0","0","14","0","0","37","2","0","0","0","3","0","0","0","0","0","0","0","0","10","0","0","0","0","0","0","0","0"
"0x78a857769e00","      LDS.128 R28, [R37+0x440]","45","15","45","218736","6999552","6999552","32","32","0","0","Shared","Load","128","0","2","0","437472","437472","0","0","0","0","-","0","0","0","0","0","0","0","0","2","0","0","0","0","0","22","0","0","9","4","0","0","0","8","0","0","0","0","0","0","0","0","14","0","0","0","0","0","0","0","1"
"0x78a857769e10","      FFMA R70, R32, R16, R70","30","12","30","218736","6999552","6999552","32","32","0","0","-","-","-","0","0","0","0","0","0","0","0","0","-","0","0","0","0","0","0","0","0","1","0","0","0","0","0","0","0","0","3","7","19","0","0","0","0","0","0","0","0","0","0","0","0","0","0","0","0","12","0","0","0"
"0x78a857769e20","      FFMA R71, R32, R17, R71","1","0","1","218736","6999552","6999552","32","32","0","0","-","-","-","0","0","0","0","0","0","0","0","0","-","0","0","0","0","0","0","0","0","0","0","0","0","0","0","0","0","0","0","1","0","0","0","0","0","0","0","0","0","0","0","0","0","0","0","0","0","0","0","0","0"
"0x78a857769e30","      FFMA R72, R32, R18, R72","4","0","4","218736","6999552","6999552","32","32","0","0","-","-","-","0","0","0","0","0","0","0","0","0","-","0","0","0","0","0","0","0","0","0","0","0","0","0","0","0","0","0","0","4","0","0","0","0","0","0","0","0","0","0","0","0","0","0","0","0","0","0","0","0","0"
"0x78a857769e40","      FFMA R73, R32, R19, R73","3","0","3","218736","6999552","6999552","32","32","0","0","-","-","-","0","0","0","0","0","0","0","0","0","-","0","0","0","0","0","0","0","0","0","0","0","0","0","0","0","0","0","0","3","0","0","0","0","0","0","0","0","0","0","0","0","0","0","0","0","0","0","0","0","0"
"0x78a857769e50","      FFMA R51, R33, R16, R51","4","0","4","218736","6999552","6999552","32","32","0","0","-","-","-","0","0","0","0","0","0","0","0","0","-","0","0","0","0","0","0","0","0","0","0","0","0","0","0","0","0","0","0","4","0","0","0","0","0","0","0","0","0","0","0","0","0","0","0","0","0","0","0","0","0"
"0x78a857769e60","      FFMA R52, R33, R17, R52","1","0","1","218736","6999552","6999552","32","32","0","0","-","-","-","0","0","0","0","0","0","0","0","0","-","0","0","0","0","0","0","0","0","0","0","0","0","0","0","0","0","0","0","1","0","0","0","0","0","0","0","0","0","0","0","0","0","0","0","0","0","0","0","0","0"
"0x78a857769e70","      FFMA R53, R33, R18, R53","5","0","5","218736","6999552","6999552","32","32","0","0","-","-","-","0","0","0","0","0","0","0","0","0","-","0","0","0","0","0","0","0","0","0","0","0","0","0","0","0","0","0","0","5","0","0","0","0","0","0","0","0","0","0","0","0","0","0","0","0","0","0","0","0","0"
"0x78a857769e80","      FFMA R56, R33, R19, R56","3","0","3","218736","6999552","6999552","32","32","0","0","-","-","-","0","0","0","0","0","0","0","0","0","-","0","0","0","0","0","0","0","0","0","0","0","0","0","0","0","0","0","0","3","0","0","0","0","0","0","0","0","0","0","0","0","0","0","0","0","0","0","0","0","0"
"0x78a857769e90","      FFMA R57, R34, R16, R57","2","0","2","218736","6999552","6999552","32","32","0","0","-","-","-","0","0","0","0","0","0","0","0","0","-","0","0","0","0","0","0","0","0","0","0","0","0","0","0","0","0","0","0","2","0","0","0","0","0","0","0","0","0","0","0","0","0","0","0","0","0","0","0","0","0"
"0x78a857769ea0","      FFMA R58, R34, R17, R58","5","0","5","218736","6999552","6999552","32","32","0","0","-","-","-","0","0","0","0","0","0","0","0","0","-","0","0","0","0","0","0","0","0","3","0","0","0","0","0","0","0","0","0","2","0","0","0","0","0","0","0","0","0","0","0","0","0","0","0","0","0","0","0","0","0"
"0x78a857769eb0","      FFMA R59, R34, R18, R59","2","0","2","218736","6999552","6999552","32","32","0","0","-","-","-","0","0","0","0","0","0","0","0","0","-","0","0","0","0","0","0","0","0","0","0","0","0","0","0","0","0","0","0","2","0","0","0","0","0","0","0","0","0","0","0","0","0","0","0","0","0","0","0","0","0"
"0x78a857769ec0","      FFMA R63, R34, R19, R63","0","0","0","218736","6999552","6999552","32","32","0","0","-","-","-","0","0","0","0","0","0","0","0","0","-","0","0","0","0","0","0","0","0","0","0","0","0","0","0","0","0","0","0","0","0","0","0","0","0","0","0","0","0","0","0","0","0","0","0","0","0","0","0","0","0"
"0x78a857769ed0","      FFMA R45, R35, R16, R45","3","0","3","218736","6999552","6999552","32","32","0","0","-","-","-","0","0","0","0","0","0","0","0","0","-","0","0","0","0","0","0","0","0","2","0","0","0","0","0","0","0","0","0","1","0","0","0","0","0","0","0","0","0","0","0","0","0","0","0","0","0","0","0","0","0"
"0x78a857769ee0","      FFMA R46, R35, R17, R46","3","0","3","218736","6999552","6999552","32","32","0","0","-","-","-","0","0","0","0","0","0","0","0","0","-","0","0","0","0","0","0","0","0","0","0","0","0","0","0","0","0","0","0","3","0","0","0","0","0","0","0","0","0","0","0","0","0","0","0","0","0","0","0","0","0"
"0x78a857769ef0","      FFMA R44, R35, R18, R44","3","0","3","218736","6999552","6999552","32","32","0","0","-","-","-","0","0","0","0","0","0","0","0","0","-","0","0","0","0","0","0","0","0","0","0","0","0","0","0","0","0","0","0","3","0","0","0","0","0","0","0","0","0","0","0","0","0","0","0","0","0","0","0","0","0"
"0x78a857769f00","      FFMA R47, R35, R19, R47","1","0","1","218736","6999552","6999552","32","32","0","0","-","-","-","0","0","0","0","0","0","0","0","0","-","0","0","0","0","0","0","0","0","0","0","0","0","0","0","0","0","0","0","1","0","0","0","0","0","0","0","0","0","0","0","0","0","0","0","0","0","0","0","0","0"
"0x78a857769f10","      LDS.128 R32, [R11+0x4c0]","87","11","87","218736","6999552","6999552","32","32","0","0","Shared","Load","128","0","4","0","874944","874944","0","0","0","0","-","0","0","0","0","0","0","0","0","10","0","0","0","0","0","13","0","0","56","2","0","0","0","6","0","0","0","0","0","0","0","0","10","0","0","0","0","0","0","0","1"
"0x78a857769f20","      FFMA R48, R20, R16, R48","30","6","30","218736","6999552","6999552","32","32","0","0","-","-","-","0","0","0","0","0","0","0","0","0","-","0","0","0","0","0","0","0","0","3","0","0","0","0","0","0","0","0","7","7","13","0","0","0","0","0","0","0","0","0","0","0","0","0","0","0","0","6","0","0","0"
"0x78a857769f30","      FFMA R49, R20, R17, R49","2","0","2","218736","6999552","6999552","32","32","0","0","-","-","-","0","0","0","0","0","0","0","0","0","-","0","0","0","0","0","0","0","0","0","0","0","0","0","0","0","0","0","0","2","0","0","0","0","0","0","0","0","0","0","0","0","0","0","0","0","0","0","0","0","0"
"0x78a857769f40","      FFMA R50, R20, R18, R50","2","0","2","218736","6999552","6999552","32","32","0","0","-","-","-","0","0","0","0","0","0","0","0","0","-","0","0","0","0","0","0","0","0","0","0","0","0","0","0","0","0","0","0","2","0","0","0","0","0","0","0","0","0","0","0","0","0","0","0","0","0","0","0","0","0"
"0x78a857769f50","      FFMA R60, R20, R19, R60","7","0","7","218736","6999552","6999552","32","32","0","0","-","-","-","0","0","0","0","0","0","0","0","0","-","0","0","0","0","0","0","0","0","0","0","0","0","0","0","0","0","0","0","7","0","0","0","0","0","0","0","0","0","0","0","0","0","0","0","0","0","0","0","0","0"
"0x78a857769f60","      FFMA R61, R21, R16, R61","5","0","5","218736","6999552","6999552","32","32","0","0","-","-","-","0","0","0","0","0","0","0","0","0","-","0","0","0","0","0","0","0","0","0","0","0","0","0","0","0","0","0","0","5","0","0","0","0","0","0","0","0","0","0","0","0","0","0","0","0","0","0","0","0","0"
"0x78a857769f70","      FFMA R39, R21, R17, R39","2","0","2","218736","6999552","6999552","32","32","0","0","-","-","-","0","0","0","0","0","0","0","0","0","-","0","0","0","0","0","0","0","0","2","0","0","0","0","0","0","0","0","0","0","0","0","0","0","0","0","0","0","0","0","0","0","0","0","0","0","0","0","0","0","0"
"0x78a857769f80","      FFMA R38, R21, R18, R38","5","1","5","218736","6999552","6999552","32","32","0","0","-","-","-","0","0","0","0","0","0","0","0","0","-","0","0","0","0","0","0","0","0","0","0","0","0","0","0","0","0","1","0","4","0","0","0","0","0","0","0","0","0","0","0","0","0","0","1","0","0","0","0","0","0"
"0x78a857769f90","      FFMA R42, R21, R19, R42","3","0","3","218736","6999552","6999552","32","32","0","0","-","-","-","0","0","0","0","0","0","0","0","0","-","0","0","0","0","0","0","0","0","0","0","0","0","0","0","0","0","0","0","3","0","0","0","0","0","0","0","0","0","0","0","0","0","0","0","0","0","0","0","0","0"
"0x78a857769fa0","      FFMA R41, R22, R16, R41","1","0","1","218736","6999552","6999552","32","32","0","0","-","-","-","0","0","0","0","0","0","0","0","0","-","0","0","0","0","0","0","0","0","0","0","0","0","0","0","0","0","0","0","1","0","0","0","0","0","0","0","0","0","0","0","0","0","0","0","0","0","0","0","0","0"
"0x78a857769fb0","      FFMA R43, R22, R17, R43","0","0","0","218736","6999552","6999552","32","32","0","0","-","-","-","0","0","0","0","0","0","0","0","0","-","0","0","0","0","0","0","0","0","0","0","0","0","0","0","0","0","0","0","0","0","0","0","0","0","0","0","0","0","0","0","0","0","0","0","0","0","0","0","0","0"
"0x78a857769fc0","      FFMA R40, R22, R18, R40","8","0","8","218736","6999552","6999552","32","32","0","0","-","-","-","0","0","0","0","0","0","0","0","0","-","0","0","0","0","0","0","0","0","6","0","0","0","0","0","0","0","0","0","2","0","0","0","0","0","0","0","0","0","0","0","0","0","0","0","0","0","0","0","0","0"
"0x78a857769fd0","      FFMA R62, R22, R19, R62","3","0","3","218736","6999552","6999552","32","32","0","0","-","-","-","0","0","0","0","0","0","0","0","0","-","0","0","0","0","0","0","0","0","0","0","0","0","0","0","0","0","0","0","3","0","0","0","0","0","0","0","0","0","0","0","0","0","0","0","0","0","0","0","0","0"
"0x78a857769fe0","      FFMA R66, R23, R16, R66","3","0","3","218736","6999552","6999552","32","32","0","0","-","-","-","0","0","0","0","0","0","0","0","0","-","0","0","0","0","0","0","0","0","0","0","0","0","0","0","0","0","0","0","3","0","0","0","0","0","0","0","0","0","0","0","0","0","0","0","0","0","0","0","0","0"
"0x78a857769ff0","      FFMA R67, R23, R17, R67","5","0","5","218736","6999552","6999552","32","32","0","0","-","-","-","0","0","0","0","0","0","0","0","0","-","0","0","0","0","0","0","0","0","0","0","0","0","0","0","0","0","0","0","5","0","0","0","0","0","0","0","0","0","0","0","0","0","0","0","0","0","0","0","0","0"
"0x78a85776a000","      FFMA R68, R23, R18, R68","12","0","12","218736","6999552","6999552","32","32","0","0","-","-","-","0","0","0","0","0","0","0","0","0","-","0","0","0","0","0","0","0","0","0","0","0","0","0","0","0","0","1","0","11","0","0","0","0","0","0","0","0","0","0","0","0","0","0","0","0","0","0","0","0","0"
"0x78a85776a010","      FFMA R69, R23, R19, R69","7","0","7","218736","6999552","6999552","32","32","0","0","-","-","-","0","0","0","0","0","0","0","0","0","-","0","0","0","0","0","0","0","0","0","0","0","0","0","0","0","0","0","0","7","0","0","0","0","0","0","0","0","0","0","0","0","0","0","0","0","0","0","0","0","0"
"0x78a85776a020","      LDS.128 R16, [R11+0x550]","66","2","66","218736","6999552","6999552","32","32","0","0","Shared","Load","128","0","4","0","874944","874944","0","0","0","0","-","0","0","0","0","0","0","0","0","9","0","0","0","0","0","8","0","0","42","4","0","0","0","3","0","0","1","0","0","0","0","0","1","0","0","0","0","0","0","0","0"
"0x78a85776a030","      LDS.128 R20, [R37+0x550]","66","14","66","218736","6999552","6999552","32","32","0","0","Shared","Load","128","0","2","0","437472","437472","0","0","0","0","-","0","0","0","0","0","0","0","0","7","0","0","0","0","0","18","0","0","21","1","0","0","0","19","0","0","0","0","0","0","0","0","11","0","0","0","0","0","0","0","3"
"0x78a85776a040","      FFMA R70, R24, R28, R70","38","10","38","218736","6999552","6999552","32","32","0","0","-","-","-","0","0","0","0","0","0","0","0","0","-","0","0","0","0","0","0","0","0","1","0","0","0","0","0","0","0","0","7","2","28","0","0","0","0","0","0","0","0","0","0","0","0","0","0","0","0","10","0","0","0"
"0x78a85776a050","      FFMA R71, R24, R29, R71","4","0","4","218736","6999552","6999552","32","32","0","0","-","-","-","0","0","0","0","0","0","0","0","0","-","0","0","0","0","0","0","0","0","0","0","0","0","0","0","0","0","0","0","4","0","0","0","0","0","0","0","0","0","0","0","0","0","0","0","0","0","0","0","0","0"
"0x78a85776a060","      FFMA R72, R24, R30, R72","2","0","2","218736","6999552","6999552","32","32","0","0","-","-","-","0","0","0","0","0","0","0","0","0","-","0","0","0","0","0","0","0","0","0","0","0","0","0","0","0","0","0","0","2","0","0","0","0","0","0","0","0","0","0","0","0","0","0","0","0","0","0","0","0","0"
"0x78a85776a070","      FFMA R73, R24, R31, R73","1","0","1","218736","6999552","6999552","32","32","0","0","-","-","-","0","0","0","0","0","0","0","0","0","-","0","0","0","0","0","0","0","0","0","0","0","0","0","0","0","0","0","0","1","0","0","0","0","0","0","0","0","0","0","0","0","0","0","0","0","0","0","0","0","0"
"0x78a85776a080","      FFMA R51, R25, R28, R51","5","0","5","218736","6999552","6999552","32","32","0","0","-","-","-","0","0","0","0","0","0","0","0","0","-","0","0","0","0","0","0","0","0","0","0","0","0","0","0","0","0","0","0","5","0","0","0","0","0","0","0","0","0","0","0","0","0","0","0","0","0","0","0","0","0"
"0x78a85776a090","      FFMA R52, R25, R29, R52","3","0","3","218736","6999552","6999552","32","32","0","0","-","-","-","0","0","0","0","0","0","0","0","0","-","0","0","0","0","0","0","0","0","0","0","0","0","0","0","0","0","0","0","3","0","0","0","0","0","0","0","0","0","0","0","0","0","0","0","0","0","0","0","0","0"
"0x78a85776a0a0","      FFMA R53, R25, R30, R53","5","0","5","218736","6999552","6999552","32","32","0","0","-","-","-","0","0","0","0","0","0","0","0","0","-","0","0","0","0","0","0","0","0","0","0","0","0","0","0","0","0","0","0","5","0","0","0","0","0","0","0","0","0","0","0","0","0","0","0","0","0","0","0","0","0"
"0x78a85776a0b0","      FFMA R56, R25, R31, R56","1","0","1","218736","6999552","6999552","32","32","0","0","-","-","-","0","0","0","0","0","0","0","0","0","-","0","0","0","0","0","0","0","0","0","0","0","0","0","0","0","0","0","0","1","0","0","0","0","0","0","0","0","0","0","0","0","0","0","0","0","0","0","0","0","0"
"0x78a85776a0c0","      FFMA R57, R26, R28, R57","3","0","3","218736","6999552","6999552","32","32","0","0","-","-","-","0","0","0","0","0","0","0","0","0","-","0","0","0","0","0","0","0","0","0","0","0","0","0","0","0","0","0","0","3","0","0","0","0","0","0","0","0","0","0","0","0","0","0","0","0","0","0","0","0","0"
"0x78a85776a0d0","      FFMA R58, R26, R29, R58","5","0","5","218736","6999552","6999552","32","32","0","0","-","-","-","0","0","0","0","0","0","0","0","0","-","0","0","0","0","0","0","0","0","2","0","0","0","0","0","0","0","0","0","3","0","0","0","0","0","0","0","0","0","0","0","0","0","0","0","0","0","0","0","0","0"
"0x78a85776a0e0","      FFMA R59, R26, R30, R59","3","0","3","218736","6999552","6999552","32","32","0","0","-","-","-","0","0","0","0","0","0","0","0","0","-","0","0","0","0","0","0","0","0","1","0","0","0","0","0","0","0","0","0","2","0","0","0","0","0","0","0","0","0","0","0","0","0","0","0","0","0","0","0","0","0"
"0x78a85776a0f0","      FFMA R63, R26, R31, R63","1","0","1","218736","6999552","6999552","32","32","0","0","-","-","-","0","0","0","0","0","0","0","0","0","-","0","0","0","0","0","0","0","0","0","0","0","0","0","0","0","0","0","0","1","0","0","0","0","0","0","0","0","0","0","0","0","0","0","0","0","0","0","0","0","0"
"0x78a85776a100","      FFMA R45, R27, R28, R45","6","0","6","218736","6999552","6999552","32","32","0","0","-","-","-","0","0","0","0","0","0","0","0","0","-","0","0","0","0","0","0","0","0","1","0","0","0","0","0","0","0","0","0","5","0","0","0","0","0","0","0","0","0","0","0","0","0","0","0","0","0","0","0","0","0"
"0x78a85776a110","      FFMA R46, R27, R29, R46","2","0","2","218736","6999552","6999552","32","32","0","0","-","-","-","0","0","0","0","0","0","0","0","0","-","0","0","0","0","0","0","0","0","0","0","0","0","0","0","0","0","0","0","2","0","0","0","0","0","0","0","0","0","0","0","0","0","0","0","0","0","0","0","0","0"
"0x78a85776a120","      FFMA R44, R27, R30, R44","4","0","4","218736","6999552","6999552","32","32","0","0","-","-","-","0","0","0","0","0","0","0","0","0","-","0","0","0","0","0","0","0","0","0","0","0","0","0","0","0","0","0","0","4","0","0","0","0","0","0","0","0","0","0","0","0","0","0","0","0","0","0","0","0","0"
"0x78a85776a130","      FFMA R47, R27, R31, R47","3","0","3","218736","6999552","6999552","32","32","0","0","-","-","-","0","0","0","0","0","0","0","0","0","-","0","0","0","0","0","0","0","0","1","0","0","0","0","0","0","0","0","0","2","0","0","0","0","0","0","0","0","0","0","0","0","0","0","0","0","0","0","0","0","0"
"0x78a85776a140","      LDS.128 R24, [R11+0x5d0]","78","4","78","218736","6999552","6999552","32","32","0","0","Shared","Load","128","0","4","0","874944","874944","0","0","0","0","-","0","0","0","0","0","0","0","0","10","0","0","0","0","0","7","0","0","51","4","0","0","0","6","0","0","0","0","0","0","0","0","3","0","0","0","0","0","0","0","1"
"0x78a85776a150","      FFMA R48, R32, R28, R48","21","4","21","218736","6999552","6999552","32","32","0","0","-","-","-","0","0","0","0","0","0","0","0","0","-","0","0","0","0","0","0","0","0","1","0","0","0","0","0","0","0","0","3","2","15","0","0","0","0","0","0","0","0","0","0","0","0","0","0","0","0","4","0","0","0"
"0x78a85776a160","      FFMA R49, R32, R29, R49","5","0","5","218736","6999552","6999552","32","32","0","0","-","-","-","0","0","0","0","0","0","0","0","0","-","0","0","0","0","0","0","0","0","0","0","0","0","0","0","0","0","0","0","5","0","0","0","0","0","0","0","0","0","0","0","0","0","0","0","0","0","0","0","0","0"
"0x78a85776a170","      FFMA R50, R32, R30, R50","6","0","6","218736","6999552","6999552","32","32","0","0","-","-","-","0","0","0","0","0","0","0","0","0","-","0","0","0","0","0","0","0","0","1","0","0","0","0","0","0","0","0","0","5","0","0","0","0","0","0","0","0","0","0","0","0","0","0","0","0","0","0","0","0","0"
"0x78a85776a180","      FFMA R60, R32, R31, R60","4","2","4","218736","6999552","6999552","32","32","0","0","-","-","-","0","0","0","0","0","0","0","0","0","-","0","0","0","0","0","0","0","0","0","0","0","0","0","0","0","0","2","0","2","0","0","0","0","0","0","0","0","0","0","0","0","0","0","2","0","0","0","0","0","0"
"0x78a85776a190","      FFMA R61, R33, R28, R61","2","0","2","218736","6999552","6999552","32","32","0","0","-","-","-","0","0","0","0","0","0","0","0","0","-","0","0","0","0","0","0","0","0","1","0","0","0","0","0","0","0","0","0","1","0","0","0","0","0","0","0","0","0","0","0","0","0","0","0","0","0","0","0","0","0"
"0x78a85776a1a0","      FFMA R39, R33, R29, R39","0","0","0","218736","6999552","6999552","32","32","0","0","-","-","-","0","0","0","0","0","0","0","0","0","-","0","0","0","0","0","0","0","0","0","0","0","0","0","0","0","0","0","0","0","0","0","0","0","0","0","0","0","0","0","0","0","0","0","0","0","0","0","0","0","0"
"0x78a85776a1b0","      FFMA R38, R33, R30, R38","3","0","3","218736","6999552","6999552","32","32","0","0","-","-","-","0","0","0","0","0","0","0","0","0","-","0","0","0","0","0","0","0","0","0","0","0","0","0","0","0","0","0","0","3","0","0","0","0","0","0","0","0","0","0","0","0","0","0","0","0","0","0","0","0","0"
"0x78a85776a1c0","      FFMA R42, R33, R31, R42","4","0","4","218736","6999552","6999552","32","32","0","0","-","-","-","0","0","0","0","0","0","0","0","0","-","0","0","0","0","0","0","0","0","0","0","0","0","0","0","0","0","0","0","4","0","0","0","0","0","0","0","0","0","0","0","0","0","0","0","0","0","0","0","0","0"
"0x78a85776a1d0","      FFMA R41, R34, R28, R41","3","0","3","218736","6999552","6999552","32","32","0","0","-","-","-","0","0","0","0","0","0","0","0","0","-","0","0","0","0","0","0","0","0","0","0","0","0","0","0","0","0","0","0","3","0","0","0","0","0","0","0","0","0","0","0","0","0","0","0","0","0","0","0","0","0"
"0x78a85776a1e0","      FFMA R43, R34, R29, R43","8","0","8","218736","6999552","6999552","32","32","0","0","-","-","-","0","0","0","0","0","0","0","0","0","-","0","0","0","0","0","0","0","0","0","0","0","0","0","0","0","0","0","0","8","0","0","0","0","0","0","0","0","0","0","0","0","0","0","0","0","0","0","0","0","0"
"0x78a85776a1f0","      FFMA R40, R34, R30, R40","5","0","5","218736","6999552","6999552","32","32","0","0","-","-","-","0","0","0","0","0","0","0","0","0","-","0","0","0","0","0","0","0","0","1","0","0","0","0","0","0","0","0","0","4","0","0","0","0","0","0","0","0","0","0","0","0","0","0","0","0","0","0","0","0","0"
"0x78a85776a200","      FFMA R62, R34, R31, R62","2","0","2","218736","6999552","6999552","32","32","0","0","-","-","-","0","0","0","0","0","0","0","0","0","-","0","0","0","0","0","0","0","0","0","0","0","0","0","0","0","0","0","0","2","0","0","0","0","0","0","0","0","0","0","0","0","0","0","0","0","0","0","0","0","0"
"0x78a85776a210","      FFMA R66, R35, R28, R66","4","0","4","218736","6999552","6999552","32","32","0","0","-","-","-","0","0","0","0","0","0","0","0","0","-","0","0","0","0","0","0","0","0","0","0","0","0","0","0","0","0","0","0","4","0","0","0","0","0","0","0","0","0","0","0","0","0","0","0","0","0","0","0","0","0"
"0x78a85776a220","      FFMA R67, R35, R29, R67","4","0","4","218736","6999552","6999552","32","32","0","0","-","-","-","0","0","0","0","0","0","0","0","0","-","0","0","0","0","0","0","0","0","0","0","0","0","0","0","0","0","0","0","4","0","0","0","0","0","0","0","0","0","0","0","0","0","0","0","0","0","0","0","0","0"
"0x78a85776a230","      FFMA R68, R35, R30, R68","7","0","7","218736","6999552","6999552","32","32","0","0","-","-","-","0","0","0","0","0","0","0","0","0","-","0","0","0","0","0","0","0","0","1","0","0","0","0","0","0","0","0","0","6","0","0","0","0","0","0","0","0","0","0","0","0","0","0","0","0","0","0","0","0","0"
"0x78a85776a240","      FFMA R69, R35, R31, R69","1","0","1","218736","6999552","6999552","32","32","0","0","-","-","-","0","0","0","0","0","0","0","0","0","-","0","0","0","0","0","0","0","0","0","0","0","0","0","0","0","0","0","0","1","0","0","0","0","0","0","0","0","0","0","0","0","0","0","0","0","0","0","0","0","0"
"0x78a85776a250","      LDS.128 R32, [R11+0x660]","67","11","67","218736","6999552","6999552","32","32","0","0","Shared","Load","128","0","4","0","874944","874944","0","0","0","0","-","0","0","0","0","0","0","0","0","11","0","0","0","0","0","13","0","0","33","5","0","0","0","5","0","0","1","0","0","0","0","0","9","0","0","0","0","0","0","0","1"
"0x78a85776a260","      LDS.128 R28, [R37+0x660]","52","10","52","218736","6999552","6999552","32","32","0","0","Shared","Load","128","0","2","0","437472","437472","0","0","0","0","-","0","0","0","0","0","0","0","0","5","0","0","0","0","0","15","0","0","16","4","0","0","0","12","0","0","0","0","0","0","0","0","6","0","0","0","0","0","0","0","4"
"0x78a85776a270","      FFMA R70, R16, R20, R70","32","11","32","218736","6999552","6999552","32","32","0","0","-","-","-","0","0","0","0","0","0","0","0","0","-","0","0","0","0","0","0","0","0","0","0","0","0","0","0","0","0","0","4","2","26","0","0","0","0","0","0","0","0","0","0","0","0","0","0","0","0","11","0","0","0"
"0x78a85776a280","      FFMA R71, R16, R21, R71","5","0","5","218736","6999552","6999552","32","32","0","0","-","-","-","0","0","0","0","0","0","0","0","0","-","0","0","0","0","0","0","0","0","1","0","0","0","0","0","0","0","0","0","4","0","0","0","0","0","0","0","0","0","0","0","0","0","0","0","0","0","0","0","0","0"
"0x78a85776a290","      FFMA R72, R16, R22, R72","2","0","2","218736","6999552","6999552","32","32","0","0","-","-","-","0","0","0","0","0","0","0","0","0","-","0","0","0","0","0","0","0","0","0","0","0","0","0","0","0","0","0","0","2","0","0","0","0","0","0","0","0","0","0","0","0","0","0","0","0","0","0","0","0","0"
"0x78a85776a2a0","      FFMA R73, R16, R23, R73","2","0","2","218736","6999552","6999552","32","32","0","0","-","-","-","0","0","0","0","0","0","0","0","0","-","0","0","0","0","0","0","0","0","1","0","0","0","0","0","0","0","0","0","1","0","0","0","0","0","0","0","0","0","0","0","0","0","0","0","0","0","0","0","0","0"
"0x78a85776a2b0","      FFMA R51, R17, R20, R51","1","0","1","218736","6999552","6999552","32","32","0","0","-","-","-","0","0","0","0","0","0","0","0","0","-","0","0","0","0","0","0","0","0","0","0","0","0","0","0","0","0","0","0","1","0","0","0","0","0","0","0","0","0","0","0","0","0","0","0","0","0","0","0","0","0"
"0x78a85776a2c0","      FFMA R52, R17, R21, R52","6","0","6","218736","6999552","6999552","32","32","0","0","-","-","-","0","0","0","0","0","0","0","0","0","-","0","0","0","0","0","0","0","0","0","0","0","0","0","0","0","0","0","0","6","0","0","0","0","0","0","0","0","0","0","0","0","0","0","0","0","0","0","0","0","0"
"0x78a85776a2d0","      FFMA R53, R17, R22, R53","3","0","3","218736","6999552","6999552","32","32","0","0","-","-","-","0","0","0","0","0","0","0","0","0","-","0","0","0","0","0","0","0","0","0","0","0","0","0","0","0","0","0","0","3","0","0","0","0","0","0","0","0","0","0","0","0","0","0","0","0","0","0","0","0","0"
"0x78a85776a2e0","      FFMA R56, R17, R23, R56","6","0","6","218736","6999552","6999552","32","32","0","0","-","-","-","0","0","0","0","0","0","0","0","0","-","0","0","0","0","0","0","0","0","0","0","0","0","0","0","0","0","0","0","6","0","0","0","0","0","0","0","0","0","0","0","0","0","0","0","0","0","0","0","0","0"
"0x78a85776a2f0","      FFMA R57, R18, R20, R57","0","0","0","218736","6999552","6999552","32","32","0","0","-","-","-","0","0","0","0","0","0","0","0","0","-","0","0","0","0","0","0","0","0","0","0","0","0","0","0","0","0","0","0","0","0","0","0","0","0","0","0","0","0","0","0","0","0","0","0","0","0","0","0","0","0"
"0x78a85776a300","      FFMA R58, R18, R21, R58","10","0","10","218736","6999552","6999552","32","32","0","0","-","-","-","0","0","0","0","0","0","0","0","0","-","0","0","0","0","0","0","0","0","6","0","0","0","0","0","0","0","0","0","4","0","0","0","0","0","0","0","0","0","0","0","0","0","0","0","0","0","0","0","0","0"
"0x78a85776a310","      FFMA R59, R18, R22, R59","5","0","5","218736","6999552","6999552","32","32","0","0","-","-","-","0","0","0","0","0","0","0","0","0","-","0","0","0","0","0","0","0","0","0","0","0","0","0","0","0","0","0","0","5","0","0","0","0","0","0","0","0","0","0","0","0","0","0","0","0","0","0","0","0","0"
"0x78a85776a320","      FFMA R63, R18, R23, R63","3","0","3","218736","6999552","6999552","32","32","0","0","-","-","-","0","0","0","0","0","0","0","0","0","-","0","0","0","0","0","0","0","0","0","0","0","0","0","0","0","0","0","0","3","0","0","0","0","0","0","0","0","0","0","0","0","0","0","0","0","0","0","0","0","0"
"0x78a85776a330","      FFMA R45, R19, R20, R45","4","0","4","218736","6999552","6999552","32","32","0","0","-","-","-","0","0","0","0","0","0","0","0","0","-","0","0","0","0","0","0","0","0","0","0","0","0","0","0","0","0","0","0","4","0","0","0","0","0","0","0","0","0","0","0","0","0","0","0","0","0","0","0","0","0"
"0x78a85776a340","      FFMA R46, R19, R21, R46","6","0","6","218736","6999552","6999552","32","32","0","0","-","-","-","0","0","0","0","0","0","0","0","0","-","0","0","0","0","0","0","0","0","0","0","0","0","0","0","0","0","0","0","6","0","0","0","0","0","0","0","0","0","0","0","0","0","0","0","0","0","0","0","0","0"
"0x78a85776a350","      FFMA R44, R19, R22, R44","3","0","3","218736","6999552","6999552","32","32","0","0","-","-","-","0","0","0","0","0","0","0","0","0","-","0","0","0","0","0","0","0","0","0","0","0","0","0","0","0","0","0","0","3","0","0","0","0","0","0","0","0","0","0","0","0","0","0","0","0","0","0","0","0","0"
"0x78a85776a360","      FFMA R47, R19, R23, R47","2","0","2","218736","6999552","6999552","32","32","0","0","-","-","-","0","0","0","0","0","0","0","0","0","-","0","0","0","0","0","0","0","0","1","0","0","0","0","0","0","0","0","0","1","0","0","0","0","0","0","0","0","0","0","0","0","0","0","0","0","0","0","0","0","0"
"0x78a85776a370","      LDS.128 R16, [R11+0x6e0]","77","7","77","218736","6999552","6999552","32","32","0","0","Shared","Load","128","0","4","0","874944","874944","0","0","0","0","-","0","0","0","0","0","0","0","0","14","0","0","0","0","0","9","0","0","44","3","0","0","0","7","0","0","1","0","0","0","0","0","6","0","0","0","0","0","0","0","0"
"0x78a85776a380","      FFMA R48, R24, R20, R48","47","9","47","218736","6999552","6999552","32","32","0","0","-","-","-","0","0","0","0","0","0","0","0","0","-","0","0","0","0","0","0","0","0","1","0","0","0","0","0","0","0","4","9","5","28","0","0","0","0","0","0","0","0","0","0","0","0","0","2","0","0","7","0","0","0"
"0x78a85776a390","      FFMA R49, R24, R21, R49","5","0","5","218736","6999552","6999552","32","32","0","0","-","-","-","0","0","0","0","0","0","0","0","0","-","0","0","0","0","0","0","0","0","1","0","0","0","0","0","0","0","0","0","4","0","0","0","0","0","0","0","0","0","0","0","0","0","0","0","0","0","0","0","0","0"
"0x78a85776a3a0","      FFMA R50, R24, R22, R50","6","0","6","218736","6999552","6999552","32","32","0","0","-","-","-","0","0","0","0","0","0","0","0","0","-","0","0","0","0","0","0","0","0","1","0","0","0","0","0","0","0","0","0","5","0","0","0","0","0","0","0","0","0","0","0","0","0","0","0","0","0","0","0","0","0"
"0x78a85776a3b0","      FFMA R60, R24, R23, R60","7","0","7","218736","6999552","6999552","32","32","0","0","-","-","-","0","0","0","0","0","0","0","0","0","-","0","0","0","0","0","0","0","0","0","0","0","0","0","0","0","0","0","0","7","0","0","0","0","0","0","0","0","0","0","0","0","0","0","0","0","0","0","0","0","0"
"0x78a85776a3c0","      FFMA R61, R25, R20, R61","2","0","2","218736","6999552","6999552","32","32","0","0","-","-","-","0","0","0","0","0","0","0","0","0","-","0","0","0","0","0","0","0","0","0","0","0","0","0","0","0","0","0","0","2","0","0","0","0","0","0","0","0","0","0","0","0","0","0","0","0","0","0","0","0","0"
"0x78a85776a3d0","      FFMA R39, R25, R21, R39","3","0","3","218736","6999552","6999552","32","32","0","0","-","-","-","0","0","0","0","0","0","0","0","0","-","0","0","0","0","0","0","0","0","0","0","0","0","0","0","0","0","0","0","3","0","0","0","0","0","0","0","0","0","0","0","0","0","0","0","0","0","0","0","0","0"
"0x78a85776a3e0","      FFMA R38, R25, R22, R38","4","0","4","218736","6999552","6999552","32","32","0","0","-","-","-","0","0","0","0","0","0","0","0","0","-","0","0","0","0","0","0","0","0","0","0","0","0","0","0","0","0","0","0","4","0","0","0","0","0","0","0","0","0","0","0","0","0","0","0","0","0","0","0","0","0"
"0x78a85776a3f0","      FFMA R42, R25, R23, R42","6","0","6","218736","6999552","6999552","32","32","0","0","-","-","-","0","0","0","0","0","0","0","0","0","-","0","0","0","0","0","0","0","0","1","0","0","0","0","0","0","0","0","0","5","0","0","0","0","0","0","0","0","0","0","0","0","0","0","0","0","0","0","0","0","0"
"0x78a85776a400","      FFMA R41, R26, R20, R41","4","0","4","218736","6999552","6999552","32","32","0","0","-","-","-","0","0","0","0","0","0","0","0","0","-","0","0","0","0","0","0","0","0","0","0","0","0","0","0","0","0","0","0","4","0","0","0","0","0","0","0","0","0","0","0","0","0","0","0","0","0","0","0","0","0"
"0x78a85776a410","      FFMA R43, R26, R21, R43","3","0","3","218736","6999552","6999552","32","32","0","0","-","-","-","0","0","0","0","0","0","0","0","0","-","0","0","0","0","0","0","0","0","0","0","0","0","0","0","0","0","0","0","3","0","0","0","0","0","0","0","0","0","0","0","0","0","0","0","0","0","0","0","0","0"
"0x78a85776a420","      FFMA R40, R26, R22, R40","9","0","9","218736","6999552","6999552","32","32","0","0","-","-","-","0","0","0","0","0","0","0","0","0","-","0","0","0","0","0","0","0","0","6","0","0","0","0","0","0","0","0","0","3","0","0","0","0","0","0","0","0","0","0","0","0","0","0","0","0","0","0","0","0","0"
"0x78a85776a430","      FFMA R62, R26, R23, R62","6","0","6","218736","6999552","6999552","32","32","0","0","-","-","-","0","0","0","0","0","0","0","0","0","-","0","0","0","0","0","0","0","0","0","0","0","0","0","0","0","0","0","0","6","0","0","0","0","0","0","0","0","0","0","0","0","0","0","0","0","0","0","0","0","0"
"0x78a85776a440","      FFMA R66, R27, R20, R66","6","0","6","218736","6999552","6999552","32","32","0","0","-","-","-","0","0","0","0","0","0","0","0","0","-","0","0","0","0","0","0","0","0","0","0","0","0","0","0","0","0","0","0","6","0","0","0","0","0","0","0","0","0","0","0","0","0","0","0","0","0","0","0","0","0"
"0x78a85776a450","      FFMA R67, R27, R21, R67","7","0","7","218736","6999552","6999552","32","32","0","0","-","-","-","0","0","0","0","0","0","0","0","0","-","0","0","0","0","0","0","0","0","0","0","0","0","0","0","0","0","0","0","7","0","0","0","0","0","0","0","0","0","0","0","0","0","0","0","0","0","0","0","0","0"
"0x78a85776a460","      FFMA R68, R27, R22, R68","6","0","6","218736","6999552","6999552","32","32","0","0","-","-","-","0","0","0","0","0","0","0","0","0","-","0","0","0","0","0","0","0","0","2","0","0","0","0","0","0","0","0","0","4","0","0","0","0","0","0","0","0","0","0","0","0","0","0","0","0","0","0","0","0","0"
"0x78a85776a470","      FFMA R69, R27, R23, R69","5","0","5","218736","6999552","6999552","32","32","0","0","-","-","-","0","0","0","0","0","0","0","0","0","-","0","0","0","0","0","0","0","0","0","0","0","0","0","0","0","0","0","0","5","0","0","0","0","0","0","0","0","0","0","0","0","0","0","0","0","0","0","0","0","0"
"0x78a85776a480","      LDS.128 R24, [R11+0x770]","81","4","81","218736","6999552","6999552","32","32","0","0","Shared","Load","128","0","4","0","874944","874944","0","0","0","0","-","0","0","0","0","0","0","0","0","13","0","0","0","0","0","10","0","2","52","3","0","0","0","1","0","0","0","0","0","0","0","0","4","0","0","0","0","0","0","0","0"
"0x78a85776a490","      LDS.128 R20, [R37+0x770]","61","13","61","218736","6999552","6999552","32","32","0","0","Shared","Load","128","0","2","0","437472","437472","0","0","0","0","-","0","0","0","0","0","0","0","0","7","0","0","0","0","0","12","0","0","27","4","0","0","0","11","0","0","0","0","0","0","0","0","8","0","0","0","0","0","0","0","5"
"0x78a85776a4a0","      FFMA R70, R32, R28, R70","33","8","33","218736","6999552","6999552","32","32","0","0","-","-","-","0","0","0","0","0","0","0","0","0","-","0","0","0","0","0","0","0","0","3","0","0","0","0","0","0","0","0","5","4","21","0","0","0","0","0","0","0","0","0","0","0","0","0","0","0","0","8","0","0","0"
"0x78a85776a4b0","      FFMA R71, R32, R29, R71","1","0","1","218736","6999552","6999552","32","32","0","0","-","-","-","0","0","0","0","0","0","0","0","0","-","0","0","0","0","0","0","0","0","0","0","0","0","0","0","0","0","0","0","1","0","0","0","0","0","0","0","0","0","0","0","0","0","0","0","0","0","0","0","0","0"
"0x78a85776a4c0","      FFMA R72, R32, R30, R72","1","0","1","218736","6999552","6999552","32","32","0","0","-","-","-","0","0","0","0","0","0","0","0","0","-","0","0","0","0","0","0","0","0","0","0","0","0","0","0","0","0","0","0","1","0","0","0","0","0","0","0","0","0","0","0","0","0","0","0","0","0","0","0","0","0"
"0x78a85776a4d0","      FFMA R73, R32, R31, R73","5","0","5","218736","6999552","6999552","32","32","0","0","-","-","-","0","0","0","0","0","0","0","0","0","-","0","0","0","0","0","0","0","0","1","0","0","0","0","0","0","0","0","0","4","0","0","0","0","0","0","0","0","0","0","0","0","0","0","0","0","0","0","0","0","0"
"0x78a85776a4e0","      FFMA R51, R33, R28, R51","3","0","3","218736","6999552","6999552","32","32","0","0","-","-","-","0","0","0","0","0","0","0","0","0","-","0","0","0","0","0","0","0","0","0","0","0","0","0","0","0","0","0","0","3","0","0","0","0","0","0","0","0","0","0","0","0","0","0","0","0","0","0","0","0","0"
"0x78a85776a4f0","      FFMA R52, R33, R29, R52","4","0","4","218736","6999552","6999552","32","32","0","0","-","-","-","0","0","0","0","0","0","0","0","0","-","0","0","0","0","0","0","0","0","1","0","0","0","0","0","0","0","0","0","3","0","0","0","0","0","0","0","0","0","0","0","0","0","0","0","0","0","0","0","0","0"
"0x78a85776a500","      FFMA R53, R33, R30, R53","3","0","3","218736","6999552","6999552","32","32","0","0","-","-","-","0","0","0","0","0","0","0","0","0","-","0","0","0","0","0","0","0","0","0","0","0","0","0","0","0","0","0","0","3","0","0","0","0","0","0","0","0","0","0","0","0","0","0","0","0","0","0","0","0","0"
"0x78a85776a510","      FFMA R56, R33, R31, R56","1","0","1","218736","6999552","6999552","32","32","0","0","-","-","-","0","0","0","0","0","0","0","0","0","-","0","0","0","0","0","0","0","0","0","0","0","0","0","0","0","0","0","0","1","0","0","0","0","0","0","0","0","0","0","0","0","0","0","0","0","0","0","0","0","0"
"0x78a85776a520","      FFMA R57, R34, R28, R57","6","0","6","218736","6999552","6999552","32","32","0","0","-","-","-","0","0","0","0","0","0","0","0","0","-","0","0","0","0","0","0","0","0","0","0","0","0","0","0","0","0","0","0","6","0","0","0","0","0","0","0","0","0","0","0","0","0","0","0","0","0","0","0","0","0"
"0x78a85776a530","      FFMA R58, R34, R29, R58","6","0","6","218736","6999552","6999552","32","32","0","0","-","-","-","0","0","0","0","0","0","0","0","0","-","0","0","0","0","0","0","0","0","1","0","0","0","0","0","0","0","0","0","5","0","0","0","0","0","0","0","0","0","0","0","0","0","0","0","0","0","0","0","0","0"
"0x78a85776a540","      FFMA R59, R34, R30, R59","4","0","4","218736","6999552","6999552","32","32","0","0","-","-","-","0","0","0","0","0","0","0","0","0","-","0","0","0","0","0","0","0","0","0","0","0","0","0","0","0","0","0","0","4","0","0","0","0","0","0","0","0","0","0","0","0","0","0","0","0","0","0","0","0","0"
"0x78a85776a550","      FFMA R63, R34, R31, R63","2","0","2","218736","6999552","6999552","32","32","0","0","-","-","-","0","0","0","0","0","0","0","0","0","-","0","0","0","0","0","0","0","0","0","0","0","0","0","0","0","0","0","0","2","0","0","0","0","0","0","0","0","0","0","0","0","0","0","0","0","0","0","0","0","0"
"0x78a85776a560","      FFMA R45, R35, R28, R45","3","0","3","218736","6999552","6999552","32","32","0","0","-","-","-","0","0","0","0","0","0","0","0","0","-","0","0","0","0","0","0","0","0","0","0","0","0","0","0","0","0","0","0","3","0","0","0","0","0","0","0","0","0","0","0","0","0","0","0","0","0","0","0","0","0"
"0x78a85776a570","      FFMA R46, R35, R29, R46","1","0","1","218736","6999552","6999552","32","32","0","0","-","-","-","0","0","0","0","0","0","0","0","0","-","0","0","0","0","0","0","0","0","0","0","0","0","0","0","0","0","0","0","1","0","0","0","0","0","0","0","0","0","0","0","0","0","0","0","0","0","0","0","0","0"
"0x78a85776a580","      FFMA R44, R35, R30, R44","2","0","2","218736","6999552","6999552","32","32","0","0","-","-","-","0","0","0","0","0","0","0","0","0","-","0","0","0","0","0","0","0","0","0","0","0","0","0","0","0","0","0","0","2","0","0","0","0","0","0","0","0","0","0","0","0","0","0","0","0","0","0","0","0","0"
"0x78a85776a590","      FFMA R47, R35, R31, R47","4","0","4","218736","6999552","6999552","32","32","0","0","-","-","-","0","0","0","0","0","0","0","0","0","-","0","0","0","0","0","0","0","0","0","0","0","0","0","0","0","0","0","0","4","0","0","0","0","0","0","0","0","0","0","0","0","0","0","0","0","0","0","0","0","0"
"0x78a85776a5a0","      LDS.128 R32, [R11+0x7f0]","73","9","73","218736","6999552","6999552","32","32","0","0","Shared","Load","128","0","4","0","874944","874944","0","0","0","0","-","0","0","0","0","0","0","0","0","8","0","0","0","0","0","15","0","0","41","4","0","0","0","5","0","0","0","0","0","0","0","0","8","0","0","0","0","0","0","0","1"
"0x78a85776a5b0","      FFMA R48, R16, R28, R48","22","3","22","218736","6999552","6999552","32","32","0","0","-","-","-","0","0","0","0","0","0","0","0","0","-","0","0","0","0","0","0","0","0","3","0","0","0","0","0","0","0","0","4","3","12","0","0","0","0","0","0","0","0","0","0","0","0","0","0","0","0","3","0","0","0"
"0x78a85776a5c0","      FFMA R49, R16, R29, R49","1","0","1","218736","6999552","6999552","32","32","0","0","-","-","-","0","0","0","0","0","0","0","0","0","-","0","0","0","0","0","0","0","0","0","0","0","0","0","0","0","0","0","0","1","0","0","0","0","0","0","0","0","0","0","0","0","0","0","0","0","0","0","0","0","0"
"0x78a85776a5d0","      FFMA R50, R16, R30, R50","1","0","1","218736","6999552","6999552","32","32","0","0","-","-","-","0","0","0","0","0","0","0","0","0","-","0","0","0","0","0","0","0","0","0","0","0","0","0","0","0","0","0","0","1","0","0","0","0","0","0","0","0","0","0","0","0","0","0","0","0","0","0","0","0","0"
"0x78a85776a5e0","      FFMA R60, R16, R31, R60","4","0","4","218736","6999552","6999552","32","32","0","0","-","-","-","0","0","0","0","0","0","0","0","0","-","0","0","0","0","0","0","0","0","1","0","0","0","0","0","0","0","0","0","3","0","0","0","0","0","0","0","0","0","0","0","0","0","0","0","0","0","0","0","0","0"
"0x78a85776a5f0","      FFMA R61, R17, R28, R61","2","0","2","218736","6999552","6999552","32","32","0","0","-","-","-","0","0","0","0","0","0","0","0","0","-","0","0","0","0","0","0","0","0","0","0","0","0","0","0","0","0","0","0","2","0","0","0","0","0","0","0","0","0","0","0","0","0","0","0","0","0","0","0","0","0"
"0x78a85776a600","      FFMA R39, R17, R29, R39","4","0","4","218736","6999552","6999552","32","32","0","0","-","-","-","0","0","0","0","0","0","0","0","0","-","0","0","0","0","0","0","0","0","0","0","0","0","0","0","0","0","0","0","4","0","0","0","0","0","0","0","0","0","0","0","0","0","0","0","0","0","0","0","0","0"
"0x78a85776a610","      FFMA R38, R17, R30, R38","3","0","3","218736","6999552","6999552","32","32","0","0","-","-","-","0","0","0","0","0","0","0","0","0","-","0","0","0","0","0","0","0","0","0","0","0","0","0","0","0","0","0","0","3","0","0","0","0","0","0","0","0","0","0","0","0","0","0","0","0","0","0","0","0","0"
"0x78a85776a620","      FFMA R42, R17, R31, R42","3","0","3","218736","6999552","6999552","32","32","0","0","-","-","-","0","0","0","0","0","0","0","0","0","-","0","0","0","0","0","0","0","0","0","0","0","0","0","0","0","0","0","0","3","0","0","0","0","0","0","0","0","0","0","0","0","0","0","0","0","0","0","0","0","0"
"0x78a85776a630","      FFMA R41, R18, R28, R41","2","0","2","218736","6999552","6999552","32","32","0","0","-","-","-","0","0","0","0","0","0","0","0","0","-","0","0","0","0","0","0","0","0","0","0","0","0","0","0","0","0","0","0","2","0","0","0","0","0","0","0","0","0","0","0","0","0","0","0","0","0","0","0","0","0"
"0x78a85776a640","      FFMA R43, R18, R29, R43","3","0","3","218736","6999552","6999552","32","32","0","0","-","-","-","0","0","0","0","0","0","0","0","0","-","0","0","0","0","0","0","0","0","0","0","0","0","0","0","0","0","0","0","3","0","0","0","0","0","0","0","0","0","0","0","0","0","0","0","0","0","0","0","0","0"
"0x78a85776a650","      FFMA R40, R18, R30, R40","2","0","2","218736","6999552","6999552","32","32","0","0","-","-","-","0","0","0","0","0","0","0","0","0","-","0","0","0","0","0","0","0","0","1","0","0","0","0","0","0","0","0","0","1","0","0","0","0","0","0","0","0","0","0","0","0","0","0","0","0","0","0","0","0","0"
"0x78a85776a660","      FFMA R62, R18, R31, R62","4","0","4","218736","6999552","6999552","32","32","0","0","-","-","-","0","0","0","0","0","0","0","0","0","-","0","0","0","0","0","0","0","0","0","0","0","0","0","0","0","0","0","0","4","0","0","0","0","0","0","0","0","0","0","0","0","0","0","0","0","0","0","0","0","0"
"0x78a85776a670","      FFMA R66, R19, R28, R66","8","0","8","218736","6999552","6999552","32","32","0","0","-","-","-","0","0","0","0","0","0","0","0","0","-","0","0","0","0","0","0","0","0","0","0","0","0","0","0","0","0","0","0","8","0","0","0","0","0","0","0","0","0","0","0","0","0","0","0","0","0","0","0","0","0"
"0x78a85776a680","      FFMA R67, R19, R29, R67","4","0","4","218736","6999552","6999552","32","32","0","0","-","-","-","0","0","0","0","0","0","0","0","0","-","0","0","0","0","0","0","0","0","0","0","0","0","0","0","0","0","0","1","3","0","0","0","0","0","0","0","0","0","0","0","0","0","0","0","0","0","0","0","0","0"
"0x78a85776a690","      FFMA R68, R19, R30, R68","0","0","0","218736","6999552","6999552","32","32","0","0","-","-","-","0","0","0","0","0","0","0","0","0","-","0","0","0","0","0","0","0","0","0","0","0","0","0","0","0","0","0","0","0","0","0","0","0","0","0","0","0","0","0","0","0","0","0","0","0","0","0","0","0","0"
"0x78a85776a6a0","      FFMA R69, R19, R31, R69","2","0","2","218736","6999552","6999552","32","32","0","0","-","-","-","0","0","0","0","0","0","0","0","0","-","0","0","0","0","0","0","0","0","0","0","0","0","0","0","0","0","0","0","2","0","0","0","0","0","0","0","0","0","0","0","0","0","0","0","0","0","0","0","0","0"
"0x78a85776a6b0","      LDS.128 R28, [R11+0x880]","70","9","70","218736","6999552","6999552","32","32","0","0","Shared","Load","128","0","4","0","874944","874944","0","0","0","0","-","0","0","0","0","0","0","0","0","13","0","0","0","0","0","15","0","0","36","3","0","0","0","3","0","0","0","0","0","0","0","0","9","0","0","0","0","0","0","0","0"
"0x78a85776a6c0","      LDS.128 R16, [R37+0x880]","59","12","59","218736","6999552","6999552","32","32","0","0","Shared","Load","128","0","2","0","437472","437472","0","0","0","0","-","0","0","0","0","0","0","0","0","7","0","0","0","0","0","11","0","0","24","3","0","0","0","14","0","0","0","0","0","0","0","0","7","0","0","0","0","0","0","0","5"
"0x78a85776a6d0","      FFMA R70, R24, R20, R70","41","6","41","218736","6999552","6999552","32","32","0","0","-","-","-","0","0","0","0","0","0","0","0","0","-","0","0","0","0","0","0","0","0","2","0","0","0","0","0","0","0","0","9","4","26","0","0","0","0","0","0","0","0","0","0","0","0","0","0","0","0","6","0","0","0"
"0x78a85776a6e0","      FFMA R71, R24, R21, R71","5","0","5","218736","6999552","6999552","32","32","0","0","-","-","-","0","0","0","0","0","0","0","0","0","-","0","0","0","0","0","0","0","0","1","0","0","0","0","0","0","0","0","0","4","0","0","0","0","0","0","0","0","0","0","0","0","0","0","0","0","0","0","0","0","0"
"0x78a85776a6f0","      FFMA R72, R24, R22, R72","4","0","4","218736","6999552","6999552","32","32","0","0","-","-","-","0","0","0","0","0","0","0","0","0","-","0","0","0","0","0","0","0","0","0","0","0","0","0","0","0","0","0","0","4","0","0","0","0","0","0","0","0","0","0","0","0","0","0","0","0","0","0","0","0","0"
"0x78a85776a700","      FFMA R73, R24, R23, R73","2","1","2","218736","6999552","6999552","32","32","0","0","-","-","-","0","0","0","0","0","0","0","0","0","-","0","0","0","0","0","0","0","0","0","0","0","0","0","0","0","0","1","0","1","0","0","0","0","0","0","0","0","0","0","0","0","0","0","1","0","0","0","0","0","0"
"0x78a85776a710","      FFMA R51, R25, R20, R51","2","0","2","218736","6999552","6999552","32","32","0","0","-","-","-","0","0","0","0","0","0","0","0","0","-","0","0","0","0","0","0","0","0","0","0","0","0","0","0","0","0","0","0","2","0","0","0","0","0","0","0","0","0","0","0","0","0","0","0","0","0","0","0","0","0"
"0x78a85776a720","      FFMA R52, R25, R21, R52","4","0","4","218736","6999552","6999552","32","32","0","0","-","-","-","0","0","0","0","0","0","0","0","0","-","0","0","0","0","0","0","0","0","1","0","0","0","0","0","0","0","0","0","3","0","0","0","0","0","0","0","0","0","0","0","0","0","0","0","0","0","0","0","0","0"
"0x78a85776a730","      FFMA R53, R25, R22, R53","3","0","3","218736","6999552","6999552","32","32","0","0","-","-","-","0","0","0","0","0","0","0","0","0","-","0","0","0","0","0","0","0","0","0","0","0","0","0","0","0","0","0","0","3","0","0","0","0","0","0","0","0","0","0","0","0","0","0","0","0","0","0","0","0","0"
"0x78a85776a740","      FFMA R56, R25, R23, R56","5","0","5","218736","6999552","6999552","32","32","0","0","-","-","-","0","0","0","0","0","0","0","0","0","-","0","0","0","0","0","0","0","0","0","0","0","0","0","0","0","0","0","0","5","0","0","0","0","0","0","0","0","0","0","0","0","0","0","0","0","0","0","0","0","0"
"0x78a85776a750","      FFMA R57, R26, R20, R57","6","0","6","218736","6999552","6999552","32","32","0","0","-","-","-","0","0","0","0","0","0","0","0","0","-","0","0","0","0","0","0","0","0","0","0","0","0","0","0","0","0","0","0","6","0","0","0","0","0","0","0","0","0","0","0","0","0","0","0","0","0","0","0","0","0"
"0x78a85776a760","      FFMA R58, R26, R21, R58","4","0","4","218736","6999552","6999552","32","32","0","0","-","-","-","0","0","0","0","0","0","0","0","0","-","0","0","0","0","0","0","0","0","2","0","0","0","0","0","0","0","0","0","2","0","0","0","0","0","0","0","0","0","0","0","0","0","0","0","0","0","0","0","0","0"
"0x78a85776a770","      FFMA R59, R26, R22, R59","5","0","5","218736","6999552","6999552","32","32","0","0","-","-","-","0","0","0","0","0","0","0","0","0","-","0","0","0","0","0","0","0","0","0","0","0","0","0","0","0","0","0","0","5","0","0","0","0","0","0","0","0","0","0","0","0","0","0","0","0","0","0","0","0","0"
"0x78a85776a780","      FFMA R63, R26, R23, R63","3","0","3","218736","6999552","6999552","32","32","0","0","-","-","-","0","0","0","0","0","0","0","0","0","-","0","0","0","0","0","0","0","0","0","0","0","0","0","0","0","0","0","1","2","0","0","0","0","0","0","0","0","0","0","0","0","0","0","0","0","0","0","0","0","0"
"0x78a85776a790","      FFMA R45, R27, R20, R45","5","0","5","218736","6999552","6999552","32","32","0","0","-","-","-","0","0","0","0","0","0","0","0","0","-","0","0","0","0","0","0","0","0","0","0","0","0","0","0","0","0","0","0","5","0","0","0","0","0","0","0","0","0","0","0","0","0","0","0","0","0","0","0","0","0"
"0x78a85776a7a0","      FFMA R46, R27, R21, R46","5","0","5","218736","6999552","6999552","32","32","0","0","-","-","-","0","0","0","0","0","0","0","0","0","-","0","0","0","0","0","0","0","0","1","0","0","0","0","0","0","0","0","0","4","0","0","0","0","0","0","0","0","0","0","0","0","0","0","0","0","0","0","0","0","0"
"0x78a85776a7b0","      FFMA R44, R27, R22, R44","5","0","5","218736","6999552","6999552","32","32","0","0","-","-","-","0","0","0","0","0","0","0","0","0","-","0","0","0","0","0","0","0","0","2","0","0","0","0","0","0","0","0","0","3","0","0","0","0","0","0","0","0","0","0","0","0","0","0","0","0","0","0","0","0","0"
"0x78a85776a7c0","      FFMA R47, R27, R23, R47","2","0","2","218736","6999552","6999552","32","32","0","0","-","-","-","0","0","0","0","0","0","0","0","0","-","0","0","0","0","0","0","0","0","0","0","0","0","0","0","0","0","0","0","2","0","0","0","0","0","0","0","0","0","0","0","0","0","0","0","0","0","0","0","0","0"
"0x78a85776a7d0","      LDS.128 R24, [R11+0x900]","74","9","74","218736","6999552","6999552","32","32","0","0","Shared","Load","128","0","4","0","874944","874944","0","0","0","0","-","0","0","0","0","0","0","0","0","12","0","0","0","0","0","9","0","0","47","1","0","0","0","5","0","0","2","0","0","0","0","0","7","0","0","0","0","0","0","0","0"
"0x78a85776a7e0","      FFMA R48, R32, R20, R48","27","2","27","218736","6999552","6999552","32","32","0","0","-","-","-","0","0","0","0","0","0","0","0","0","-","0","0","0","0","0","0","0","0","2","0","0","0","0","0","0","0","0","5","3","17","0","0","0","0","0","0","0","0","0","0","0","0","0","0","0","0","2","0","0","0"
"0x78a85776a7f0","      FFMA R49, R32, R21, R49","4","0","4","218736","6999552","6999552","32","32","0","0","-","-","-","0","0","0","0","0","0","0","0","0","-","0","0","0","0","0","0","0","0","0","0","0","0","0","0","0","0","0","0","4","0","0","0","0","0","0","0","0","0","0","0","0","0","0","0","0","0","0","0","0","0"
"0x78a85776a800","      FFMA R50, R32, R22, R50","5","0","5","218736","6999552","6999552","32","32","0","0","-","-","-","0","0","0","0","0","0","0","0","0","-","0","0","0","0","0","0","0","0","1","0","0","0","0","0","0","0","1","0","3","0","0","0","0","0","0","0","0","0","0","0","0","0","0","0","0","0","0","0","0","0"
"0x78a85776a810","      FFMA R60, R32, R23, R60","7","0","7","218736","6999552","6999552","32","32","0","0","-","-","-","0","0","0","0","0","0","0","0","0","-","0","0","0","0","0","0","0","0","1","0","0","0","0","0","0","0","0","0","6","0","0","0","0","0","0","0","0","0","0","0","0","0","0","0","0","0","0","0","0","0"
"0x78a85776a820","      FFMA R61, R33, R20, R61","6","0","6","218736","6999552","6999552","32","32","0","0","-","-","-","0","0","0","0","0","0","0","0","0","-","0","0","0","0","0","0","0","0","3","0","0","0","0","0","0","0","0","0","3","0","0","0","0","0","0","0","0","0","0","0","0","0","0","0","0","0","0","0","0","0"
"0x78a85776a830","      FFMA R39, R33, R21, R39","3","0","3","218736","6999552","6999552","32","32","0","0","-","-","-","0","0","0","0","0","0","0","0","0","-","0","0","0","0","0","0","0","0","0","0","0","0","0","0","0","0","0","0","3","0","0","0","0","0","0","0","0","0","0","0","0","0","0","0","0","0","0","0","0","0"
"0x78a85776a840","      FFMA R38, R33, R22, R38","2","0","2","218736","6999552","6999552","32","32","0","0","-","-","-","0","0","0","0","0","0","0","0","0","-","0","0","0","0","0","0","0","0","0","0","0","0","0","0","0","0","0","0","2","0","0","0","0","0","0","0","0","0","0","0","0","0","0","0","0","0","0","0","0","0"
"0x78a85776a850","      FFMA R42, R33, R23, R42","6","0","6","218736","6999552","6999552","32","32","0","0","-","-","-","0","0","0","0","0","0","0","0","0","-","0","0","0","0","0","0","0","0","0","0","0","0","0","0","0","0","0","0","6","0","0","0","0","0","0","0","0","0","0","0","0","0","0","0","0","0","0","0","0","0"
"0x78a85776a860","      FFMA R41, R34, R20, R41","3","0","3","218736","6999552","6999552","32","32","0","0","-","-","-","0","0","0","0","0","0","0","0","0","-","0","0","0","0","0","0","0","0","0","0","0","0","0","0","0","0","0","0","3","0","0","0","0","0","0","0","0","0","0","0","0","0","0","0","0","0","0","0","0","0"
"0x78a85776a870","      FFMA R43, R34, R21, R43","2","0","2","218736","6999552","6999552","32","32","0","0","-","-","-","0","0","0","0","0","0","0","0","0","-","0","0","0","0","0","0","0","0","1","0","0","0","0","0","0","0","0","0","1","0","0","0","0","0","0","0","0","0","0","0","0","0","0","0","0","0","0","0","0","0"
"0x78a85776a880","      FFMA R40, R34, R22, R40","8","0","8","218736","6999552","6999552","32","32","0","0","-","-","-","0","0","0","0","0","0","0","0","0","-","0","0","0","0","0","0","0","0","3","0","0","0","0","0","0","0","2","1","2","0","0","0","0","0","0","0","0","0","0","0","0","0","0","0","0","0","0","0","0","0"
"0x78a85776a890","      FFMA R62, R34, R23, R62","3","0","3","218736","6999552","6999552","32","32","0","0","-","-","-","0","0","0","0","0","0","0","0","0","-","0","0","0","0","0","0","0","0","0","0","0","0","0","0","0","0","0","0","3","0","0","0","0","0","0","0","0","0","0","0","0","0","0","0","0","0","0","0","0","0"
"0x78a85776a8a0","      FFMA R66, R35, R20, R66","4","0","4","218736","6999552","6999552","32","32","0","0","-","-","-","0","0","0","0","0","0","0","0","0","-","0","0","0","0","0","0","0","0","0","0","0","0","0","0","0","0","0","0","4","0","0","0","0","0","0","0","0","0","0","0","0","0","0","0","0","0","0","0","0","0"
"0x78a85776a8b0","      FFMA R67, R35, R21, R67","4","0","4","218736","6999552","6999552","32","32","0","0","-","-","-","0","0","0","0","0","0","0","0","0","-","0","0","0","0","0","0","0","0","1","0","0","0","0","0","0","0","0","0","3","0","0","0","0","0","0","0","0","0","0","0","0","0","0","0","0","0","0","0","0","0"
"0x78a85776a8c0","      FFMA R68, R35, R22, R68","3","0","3","218736","6999552","6999552","32","32","0","0","-","-","-","0","0","0","0","0","0","0","0","0","-","0","0","0","0","0","0","0","0","0","0","0","0","0","0","0","0","0","0","3","0","0","0","0","0","0","0","0","0","0","0","0","0","0","0","0","0","0","0","0","0"
"0x78a85776a8d0","      FFMA R69, R35, R23, R69","3","0","3","218736","6999552","6999552","32","32","0","0","-","-","-","0","0","0","0","0","0","0","0","0","-","0","0","0","0","0","0","0","0","0","0","0","0","0","0","0","0","0","0","3","0","0","0","0","0","0","0","0","0","0","0","0","0","0","0","0","0","0","0","0","0"
"0x78a85776a8e0","      LDS.128 R32, [R11+0x990]","64","7","64","218736","6999552","6999552","32","32","0","0","Shared","Load","128","0","4","0","874944","874944","0","0","0","0","-","0","0","0","0","0","0","0","0","14","0","0","0","0","0","7","0","0","34","5","0","0","0","4","0","0","0","0","0","0","0","0","5","0","0","0","0","0","0","0","2"
"0x78a85776a8f0","      LDS.128 R20, [R37+0x990]","73","19","73","218736","6999552","6999552","32","32","0","0","Shared","Load","128","0","2","0","437472","437472","0","0","0","0","-","0","0","0","0","0","0","0","0","8","0","0","0","0","0","20","0","0","30","3","0","0","0","12","0","0","1","0","0","0","0","0","14","0","0","0","0","0","0","0","4"
"0x78a85776a900","      FFMA R70, R28, R16, R70","32","8","32","218736","6999552","6999552","32","32","0","0","-","-","-","0","0","0","0","0","0","0","0","0","-","0","0","0","0","0","0","0","0","1","0","0","0","0","0","0","0","1","7","2","21","0","0","0","0","0","0","0","0","0","0","0","0","0","0","0","0","8","0","0","0"
"0x78a85776a910","      FFMA R71, R28, R17, R71","5","0","5","218736","6999552","6999552","32","32","0","0","-","-","-","0","0","0","0","0","0","0","0","0","-","0","0","0","0","0","0","0","0","0","0","0","0","0","0","0","0","0","0","5","0","0","0","0","0","0","0","0","0","0","0","0","0","0","0","0","0","0","0","0","0"
"0x78a85776a920","      FFMA R72, R28, R18, R72","6","0","6","218736","6999552","6999552","32","32","0","0","-","-","-","0","0","0","0","0","0","0","0","0","-","0","0","0","0","0","0","0","0","1","0","0","0","0","0","0","0","0","0","5","0","0","0","0","0","0","0","0","0","0","0","0","0","0","0","0","0","0","0","0","0"
"0x78a85776a930","      FFMA R73, R28, R19, R73","6","0","6","218736","6999552","6999552","32","32","0","0","-","-","-","0","0","0","0","0","0","0","0","0","-","0","0","0","0","0","0","0","0","0","0","0","0","0","0","0","0","0","0","6","0","0","0","0","0","0","0","0","0","0","0","0","0","0","0","0","0","0","0","0","0"
"0x78a85776a940","      FFMA R51, R29, R16, R51","2","0","2","218736","6999552","6999552","32","32","0","0","-","-","-","0","0","0","0","0","0","0","0","0","-","0","0","0","0","0","0","0","0","0","0","0","0","0","0","0","0","0","0","2","0","0","0","0","0","0","0","0","0","0","0","0","0","0","0","0","0","0","0","0","0"
"0x78a85776a950","      FFMA R52, R29, R17, R52","8","0","8","218736","6999552","6999552","32","32","0","0","-","-","-","0","0","0","0","0","0","0","0","0","-","0","0","0","0","0","0","0","0","2","0","0","0","0","0","0","0","0","0","6","0","0","0","0","0","0","0","0","0","0","0","0","0","0","0","0","0","0","0","0","0"
"0x78a85776a960","      FFMA R53, R29, R18, R53","2","0","2","218736","6999552","6999552","32","32","0","0","-","-","-","0","0","0","0","0","0","0","0","0","-","0","0","0","0","0","0","0","0","0","0","0","0","0","0","0","0","0","0","2","0","0","0","0","0","0","0","0","0","0","0","0","0","0","0","0","0","0","0","0","0"
"0x78a85776a970","      FFMA R56, R29, R19, R56","3","0","3","218736","6999552","6999552","32","32","0","0","-","-","-","0","0","0","0","0","0","0","0","0","-","0","0","0","0","0","0","0","0","0","0","0","0","0","0","0","0","0","0","3","0","0","0","0","0","0","0","0","0","0","0","0","0","0","0","0","0","0","0","0","0"
"0x78a85776a980","      FFMA R57, R30, R16, R57","5","0","5","218736","6999552","6999552","32","32","0","0","-","-","-","0","0","0","0","0","0","0","0","0","-","0","0","0","0","0","0","0","0","1","0","0","0","0","0","0","0","0","0","4","0","0","0","0","0","0","0","0","0","0","0","0","0","0","0","0","0","0","0","0","0"
"0x78a85776a990","      FFMA R58, R30, R17, R58","6","0","6","218736","6999552","6999552","32","32","0","0","-","-","-","0","0","0","0","0","0","0","0","0","-","0","0","0","0","0","0","0","0","4","0","0","0","0","0","0","0","0","0","2","0","0","0","0","0","0","0","0","0","0","0","0","0","0","0","0","0","0","0","0","0"
"0x78a85776a9a0","      FFMA R59, R30, R18, R59","3","0","3","218736","6999552","6999552","32","32","0","0","-","-","-","0","0","0","0","0","0","0","0","0","-","0","0","0","0","0","0","0","0","0","0","0","0","0","0","0","0","0","0","3","0","0","0","0","0","0","0","0","0","0","0","0","0","0","0","0","0","0","0","0","0"
"0x78a85776a9b0","      FFMA R63, R30, R19, R63","5","0","5","218736","6999552","6999552","32","32","0","0","-","-","-","0","0","0","0","0","0","0","0","0","-","0","0","0","0","0","0","0","0","0","0","0","0","0","0","0","0","0","0","5","0","0","0","0","0","0","0","0","0","0","0","0","0","0","0","0","0","0","0","0","0"
"0x78a85776a9c0","      FFMA R45, R31, R16, R45","2","0","2","218736","6999552","6999552","32","32","0","0","-","-","-","0","0","0","0","0","0","0","0","0","-","0","0","0","0","0","0","0","0","0","0","0","0","0","0","0","0","0","0","2","0","0","0","0","0","0","0","0","0","0","0","0","0","0","0","0","0","0","0","0","0"
"0x78a85776a9d0","      FFMA R46, R31, R17, R46","3","0","3","218736","6999552","6999552","32","32","0","0","-","-","-","0","0","0","0","0","0","0","0","0","-","0","0","0","0","0","0","0","0","0","0","0","0","0","0","0","0","0","0","3","0","0","0","0","0","0","0","0","0","0","0","0","0","0","0","0","0","0","0","0","0"
"0x78a85776a9e0","      FFMA R44, R31, R18, R44","3","0","3","218736","6999552","6999552","32","32","0","0","-","-","-","0","0","0","0","0","0","0","0","0","-","0","0","0","0","0","0","0","0","0","0","0","0","0","0","0","0","0","0","3","0","0","0","0","0","0","0","0","0","0","0","0","0","0","0","0","0","0","0","0","0"
"0x78a85776a9f0","      FFMA R47, R31, R19, R47","2","0","2","218736","6999552","6999552","32","32","0","0","-","-","-","0","0","0","0","0","0","0","0","0","-","0","0","0","0","0","0","0","0","0","0","0","0","0","0","0","0","0","0","2","0","0","0","0","0","0","0","0","0","0","0","0","0","0","0","0","0","0","0","0","0"
"0x78a85776aa00","      LDS.128 R28, [R11+0xa10]","88","6","88","218736","6999552","6999552","32","32","0","0","Shared","Load","128","0","4","0","874944","874944","0","0","0","0","-","0","0","0","0","0","0","0","0","12","0","0","0","0","0","13","0","1","52","4","0","0","0","6","0","0","0","0","0","0","0","0","5","0","0","0","0","0","0","0","1"
"0x78a85776aa10","      FFMA R48, R24, R16, R48","23","3","23","218736","6999552","6999552","32","32","0","0","-","-","-","0","0","0","0","0","0","0","0","0","-","0","0","0","0","0","0","0","0","0","0","0","0","0","0","0","0","0","7","1","15","0","0","0","0","0","0","0","0","0","0","0","0","0","0","0","0","3","0","0","0"
"0x78a85776aa20","      FFMA R49, R24, R17, R49","3","0","3","218736","6999552","6999552","32","32","0","0","-","-","-","0","0","0","0","0","0","0","0","0","-","0","0","0","0","0","0","0","0","0","0","0","0","0","0","0","0","0","0","3","0","0","0","0","0","0","0","0","0","0","0","0","0","0","0","0","0","0","0","0","0"
"0x78a85776aa30","      FFMA R50, R24, R18, R50","7","0","7","218736","6999552","6999552","32","32","0","0","-","-","-","0","0","0","0","0","0","0","0","0","-","0","0","0","0","0","0","0","0","1","0","0","0","0","0","0","0","0","0","6","0","0","0","0","0","0","0","0","0","0","0","0","0","0","0","0","0","0","0","0","0"
"0x78a85776aa40","      FFMA R60, R24, R19, R60","6","0","6","218736","6999552","6999552","32","32","0","0","-","-","-","0","0","0","0","0","0","0","0","0","-","0","0","0","0","0","0","0","0","0","0","0","0","0","0","0","0","0","0","6","0","0","0","0","0","0","0","0","0","0","0","0","0","0","0","0","0","0","0","0","0"
"0x78a85776aa50","      FFMA R61, R25, R16, R61","3","0","3","218736","6999552","6999552","32","32","0","0","-","-","-","0","0","0","0","0","0","0","0","0","-","0","0","0","0","0","0","0","0","0","0","0","0","0","0","0","0","0","0","3","0","0","0","0","0","0","0","0","0","0","0","0","0","0","0","0","0","0","0","0","0"
"0x78a85776aa60","      FFMA R39, R25, R17, R39","5","0","5","218736","6999552","6999552","32","32","0","0","-","-","-","0","0","0","0","0","0","0","0","0","-","0","0","0","0","0","0","0","0","1","0","0","0","0","0","0","0","0","0","4","0","0","0","0","0","0","0","0","0","0","0","0","0","0","0","0","0","0","0","0","0"
"0x78a85776aa70","      FFMA R38, R25, R18, R38","3","0","3","218736","6999552","6999552","32","32","0","0","-","-","-","0","0","0","0","0","0","0","0","0","-","0","0","0","0","0","0","0","0","0","0","0","0","0","0","0","0","0","0","3","0","0","0","0","0","0","0","0","0","0","0","0","0","0","0","0","0","0","0","0","0"
"0x78a85776aa80","      FFMA R42, R25, R19, R42","9","0","9","218736","6999552","6999552","32","32","0","0","-","-","-","0","0","0","0","0","0","0","0","0","-","0","0","0","0","0","0","0","0","2","0","0","0","0","0","0","0","1","0","6","0","0","0","0","0","0","0","0","0","0","0","0","0","0","0","0","0","0","0","0","0"
"0x78a85776aa90","      FFMA R41, R26, R16, R41","5","0","5","218736","6999552","6999552","32","32","0","0","-","-","-","0","0","0","0","0","0","0","0","0","-","0","0","0","0","0","0","0","0","1","0","0","0","0","0","0","0","0","0","4","0","0","0","0","0","0","0","0","0","0","0","0","0","0","0","0","0","0","0","0","0"
"0x78a85776aaa0","      FFMA R43, R26, R17, R43","1","0","1","218736","6999552","6999552","32","32","0","0","-","-","-","0","0","0","0","0","0","0","0","0","-","0","0","0","0","0","0","0","0","0","0","0","0","0","0","0","0","0","0","1","0","0","0","0","0","0","0","0","0","0","0","0","0","0","0","0","0","0","0","0","0"
"0x78a85776aab0","      FFMA R40, R26, R18, R40","7","0","7","218736","6999552","6999552","32","32","0","0","-","-","-","0","0","0","0","0","0","0","0","0","-","0","0","0","0","0","0","0","0","4","0","0","0","0","0","0","0","0","0","3","0","0","0","0","0","0","0","0","0","0","0","0","0","0","0","0","0","0","0","0","0"
"0x78a85776aac0","      FFMA R62, R26, R19, R62","6","0","6","218736","6999552","6999552","32","32","0","0","-","-","-","0","0","0","0","0","0","0","0","0","-","0","0","0","0","0","0","0","0","1","0","0","0","0","0","0","0","0","0","5","0","0","0","0","0","0","0","0","0","0","0","0","0","0","0","0","0","0","0","0","0"
"0x78a85776aad0","      FFMA R66, R27, R16, R66","5","0","5","218736","6999552","6999552","32","32","0","0","-","-","-","0","0","0","0","0","0","0","0","0","-","0","0","0","0","0","0","0","0","0","0","0","0","0","0","0","0","0","0","5","0","0","0","0","0","0","0","0","0","0","0","0","0","0","0","0","0","0","0","0","0"
"0x78a85776aae0","      FFMA R67, R27, R17, R67","1","0","1","218736","6999552","6999552","32","32","0","0","-","-","-","0","0","0","0","0","0","0","0","0","-","0","0","0","0","0","0","0","0","0","0","0","0","0","0","0","0","0","0","1","0","0","0","0","0","0","0","0","0","0","0","0","0","0","0","0","0","0","0","0","0"
"0x78a85776aaf0","      FFMA R68, R27, R18, R68","2","0","2","218736","6999552","6999552","32","32","0","0","-","-","-","0","0","0","0","0","0","0","0","0","-","0","0","0","0","0","0","0","0","0","0","0","0","0","0","0","0","0","0","2","0","0","0","0","0","0","0","0","0","0","0","0","0","0","0","0","0","0","0","0","0"
"0x78a85776ab00","      FFMA R69, R27, R19, R69","4","0","4","218736","6999552","6999552","32","32","0","0","-","-","-","0","0","0","0","0","0","0","0","0","-","0","0","0","0","0","0","0","0","0","0","0","0","0","0","0","0","1","0","3","0","0","0","0","0","0","0","0","0","0","0","0","0","0","0","0","0","0","0","0","0"
"0x78a85776ab10","      LDS.128 R24, [R11+0xaa0]","81","12","81","218736","6999552","6999552","32","32","0","0","Shared","Load","128","0","4","0","874944","874944","0","0","0","0","-","0","0","0","0","0","0","0","0","11","0","0","0","0","0","15","0","0","51","2","0","0","0","2","0","0","1","0","0","0","0","0","11","0","0","0","0","0","0","0","0"
"0x78a85776ab20","      LDS.128 R16, [R37+0xaa0]","36","10","36","218736","6999552","6999552","32","32","0","0","Shared","Load","128","0","2","0","437472","437472","0","0","0","0","-","0","0","0","0","0","0","0","0","3","0","0","0","0","0","10","0","0","13","1","0","0","0","9","0","0","0","0","0","0","0","0","8","0","0","0","0","0","0","0","2"
"0x78a85776ab30","      FFMA R70, R32, R20, R70","22","7","22","218736","6999552","6999552","32","32","0","0","-","-","-","0","0","0","0","0","0","0","0","0","-","0","0","0","0","0","0","0","0","2","0","0","0","0","0","0","0","0","6","1","13","0","0","0","0","0","0","0","0","0","0","0","0","0","0","0","0","7","0","0","0"
"0x78a85776ab40","      FFMA R71, R32, R21, R71","3","0","3","218736","6999552","6999552","32","32","0","0","-","-","-","0","0","0","0","0","0","0","0","0","-","0","0","0","0","0","0","0","0","2","0","0","0","0","0","0","0","0","0","1","0","0","0","0","0","0","0","0","0","0","0","0","0","0","0","0","0","0","0","0","0"
"0x78a85776ab50","      FFMA R72, R32, R22, R72","5","0","5","218736","6999552","6999552","32","32","0","0","-","-","-","0","0","0","0","0","0","0","0","0","-","0","0","0","0","0","0","0","0","0","0","0","0","0","0","0","0","0","0","5","0","0","0","0","0","0","0","0","0","0","0","0","0","0","0","0","0","0","0","0","0"
"0x78a85776ab60","      FFMA R73, R32, R23, R73","7","0","7","218736","6999552","6999552","32","32","0","0","-","-","-","0","0","0","0","0","0","0","0","0","-","0","0","0","0","0","0","0","0","1","0","0","0","0","0","0","0","0","0","6","0","0","0","0","0","0","0","0","0","0","0","0","0","0","0","0","0","0","0","0","0"
"0x78a85776ab70","      FFMA R51, R33, R20, R51","4","0","4","218736","6999552","6999552","32","32","0","0","-","-","-","0","0","0","0","0","0","0","0","0","-","0","0","0","0","0","0","0","0","0","0","0","0","0","0","0","0","0","0","4","0","0","0","0","0","0","0","0","0","0","0","0","0","0","0","0","0","0","0","0","0"
"0x78a85776ab80","      FFMA R52, R33, R21, R52","1","0","1","218736","6999552","6999552","32","32","0","0","-","-","-","0","0","0","0","0","0","0","0","0","-","0","0","0","0","0","0","0","0","1","0","0","0","0","0","0","0","0","0","0","0","0","0","0","0","0","0","0","0","0","0","0","0","0","0","0","0","0","0","0","0"
"0x78a85776ab90","      FFMA R53, R33, R22, R53","2","0","2","218736","6999552","6999552","32","32","0","0","-","-","-","0","0","0","0","0","0","0","0","0","-","0","0","0","0","0","0","0","0","0","0","0","0","0","0","0","0","0","0","2","0","0","0","0","0","0","0","0","0","0","0","0","0","0","0","0","0","0","0","0","0"
"0x78a85776aba0","      FFMA R56, R33, R23, R56","2","0","2","218736","6999552","6999552","32","32","0","0","-","-","-","0","0","0","0","0","0","0","0","0","-","0","0","0","0","0","0","0","0","0","0","0","0","0","0","0","0","0","0","2","0","0","0","0","0","0","0","0","0","0","0","0","0","0","0","0","0","0","0","0","0"
"0x78a85776abb0","      FFMA R57, R34, R20, R57","2","0","2","218736","6999552","6999552","32","32","0","0","-","-","-","0","0","0","0","0","0","0","0","0","-","0","0","0","0","0","0","0","0","0","0","0","0","0","0","0","0","0","0","2","0","0","0","0","0","0","0","0","0","0","0","0","0","0","0","0","0","0","0","0","0"
"0x78a85776abc0","      FFMA R58, R34, R21, R58","6","0","6","218736","6999552","6999552","32","32","0","0","-","-","-","0","0","0","0","0","0","0","0","0","-","0","0","0","0","0","0","0","0","2","0","0","0","0","0","0","0","0","0","4","0","0","0","0","0","0","0","0","0","0","0","0","0","0","0","0","0","0","0","0","0"
"0x78a85776abd0","      FFMA R59, R34, R22, R59","5","0","5","218736","6999552","6999552","32","32","0","0","-","-","-","0","0","0","0","0","0","0","0","0","-","0","0","0","0","0","0","0","0","0","0","0","0","0","0","0","0","0","0","5","0","0","0","0","0","0","0","0","0","0","0","0","0","0","0","0","0","0","0","0","0"
"0x78a85776abe0","      FFMA R63, R34, R23, R63","4","0","4","218736","6999552","6999552","32","32","0","0","-","-","-","0","0","0","0","0","0","0","0","0","-","0","0","0","0","0","0","0","0","0","0","0","0","0","0","0","0","0","0","4","0","0","0","0","0","0","0","0","0","0","0","0","0","0","0","0","0","0","0","0","0"
"0x78a85776abf0","      FFMA R45, R35, R20, R45","2","0","2","218736","6999552","6999552","32","32","0","0","-","-","-","0","0","0","0","0","0","0","0","0","-","0","0","0","0","0","0","0","0","0","0","0","0","0","0","0","0","0","0","2","0","0","0","0","0","0","0","0","0","0","0","0","0","0","0","0","0","0","0","0","0"
"0x78a85776ac00","      FFMA R46, R35, R21, R46","4","0","4","218736","6999552","6999552","32","32","0","0","-","-","-","0","0","0","0","0","0","0","0","0","-","0","0","0","0","0","0","0","0","0","0","0","0","0","0","0","0","0","0","4","0","0","0","0","0","0","0","0","0","0","0","0","0","0","0","0","0","0","0","0","0"
"0x78a85776ac10","      FFMA R44, R35, R22, R44","6","0","6","218736","6999552","6999552","32","32","0","0","-","-","-","0","0","0","0","0","0","0","0","0","-","0","0","0","0","0","0","0","0","0","0","0","0","0","0","0","0","0","0","6","0","0","0","0","0","0","0","0","0","0","0","0","0","0","0","0","0","0","0","0","0"
"0x78a85776ac20","      FFMA R47, R35, R23, R47","3","0","3","218736","6999552","6999552","32","32","0","0","-","-","-","0","0","0","0","0","0","0","0","0","-","0","0","0","0","0","0","0","0","0","0","0","0","0","0","0","0","0","0","3","0","0","0","0","0","0","0","0","0","0","0","0","0","0","0","0","0","0","0","0","0"
"0x78a85776ac30","      LDS.128 R32, [R11+0xb20]","77","5","77","218736","6999552","6999552","32","32","0","0","Shared","Load","128","0","4","0","874944","874944","0","0","0","0","-","0","0","0","0","0","0","0","0","8","0","0","0","0","0","15","0","0","46","2","0","0","0","6","0","0","0","0","0","0","0","0","5","0","0","0","0","0","0","0","0"
"0x78a85776ac40","      FFMA R48, R28, R20, R48","28","6","28","218736","6999552","6999552","32","32","0","0","-","-","-","0","0","0","0","0","0","0","0","0","-","0","0","0","0","0","0","0","0","1","0","0","0","0","0","0","0","0","6","2","19","0","0","0","0","0","0","0","0","0","0","0","0","0","0","0","0","6","0","0","0"
"0x78a85776ac50","      FFMA R49, R28, R21, R49","3","0","3","218736","6999552","6999552","32","32","0","0","-","-","-","0","0","0","0","0","0","0","0","0","-","0","0","0","0","0","0","0","0","0","0","0","0","0","0","0","0","0","0","3","0","0","0","0","0","0","0","0","0","0","0","0","0","0","0","0","0","0","0","0","0"
"0x78a85776ac60","      FFMA R50, R28, R22, R50","4","0","4","218736","6999552","6999552","32","32","0","0","-","-","-","0","0","0","0","0","0","0","0","0","-","0","0","0","0","0","0","0","0","1","0","0","0","0","0","0","0","0","0","3","0","0","0","0","0","0","0","0","0","0","0","0","0","0","0","0","0","0","0","0","0"
"0x78a85776ac70","      FFMA R60, R28, R23, R60","4","0","4","218736","6999552","6999552","32","32","0","0","-","-","-","0","0","0","0","0","0","0","0","0","-","0","0","0","0","0","0","0","0","0","0","0","0","0","0","0","0","0","0","4","0","0","0","0","0","0","0","0","0","0","0","0","0","0","0","0","0","0","0","0","0"
"0x78a85776ac80","      IADD3 R28, PT, PT, R36, 0x8, RZ","5","0","5","218736","6999552","6999552","32","32","0","0","-","-","-","0","0","0","0","0","0","0","0","0","-","0","0","0","0","0","0","0","0","0","0","0","0","0","0","0","0","0","0","5","0","0","0","0","0","0","0","0","0","0","0","0","0","0","0","0","0","0","0","0","0"
"0x78a85776ac90","      FFMA R61, R29, R20, R61","3","0","3","218736","6999552","6999552","32","32","0","0","-","-","-","0","0","0","0","0","0","0","0","0","-","0","0","0","0","0","0","0","0","1","0","0","0","0","0","0","0","0","0","2","0","0","0","0","0","0","0","0","0","0","0","0","0","0","0","0","0","0","0","0","0"
"0x78a85776aca0","      FFMA R39, R29, R21, R39","5","0","5","218736","6999552","6999552","32","32","0","0","-","-","-","0","0","0","0","0","0","0","0","0","-","0","0","0","0","0","0","0","0","0","0","0","0","0","0","0","0","0","0","5","0","0","0","0","0","0","0","0","0","0","0","0","0","0","0","0","0","0","0","0","0"
"0x78a85776acb0","      FFMA R38, R29, R22, R38","4","0","4","218736","6999552","6999552","32","32","0","0","-","-","-","0","0","0","0","0","0","0","0","0","-","0","0","0","0","0","0","0","0","0","0","0","0","0","0","0","0","0","0","4","0","0","0","0","0","0","0","0","0","0","0","0","0","0","0","0","0","0","0","0","0"
"0x78a85776acc0","      FFMA R42, R29, R23, R42","2","0","2","218736","6999552","6999552","32","32","0","0","-","-","-","0","0","0","0","0","0","0","0","0","-","0","0","0","0","0","0","0","0","0","0","0","0","0","0","0","0","0","0","2","0","0","0","0","0","0","0","0","0","0","0","0","0","0","0","0","0","0","0","0","0"
"0x78a85776acd0","      FFMA R41, R30, R20, R41","3","0","3","218736","6999552","6999552","32","32","0","0","-","-","-","0","0","0","0","0","0","0","0","0","-","0","0","0","0","0","0","0","0","0","0","0","0","0","0","0","0","0","0","3","0","0","0","0","0","0","0","0","0","0","0","0","0","0","0","0","0","0","0","0","0"
"0x78a85776ace0","      FFMA R43, R30, R21, R43","2","0","2","218736","6999552","6999552","32","32","0","0","-","-","-","0","0","0","0","0","0","0","0","0","-","0","0","0","0","0","0","0","0","0","0","0","0","0","0","0","0","0","0","2","0","0","0","0","0","0","0","0","0","0","0","0","0","0","0","0","0","0","0","0","0"
"0x78a85776acf0","      FFMA R40, R30, R22, R40","2","0","2","218736","6999552","6999552","32","32","0","0","-","-","-","0","0","0","0","0","0","0","0","0","-","0","0","0","0","0","0","0","0","0","0","0","0","0","0","0","0","0","0","2","0","0","0","0","0","0","0","0","0","0","0","0","0","0","0","0","0","0","0","0","0"
"0x78a85776ad00","      FFMA R62, R30, R23, R62","3","0","3","218736","6999552","6999552","32","32","0","0","-","-","-","0","0","0","0","0","0","0","0","0","-","0","0","0","0","0","0","0","0","0","0","0","0","0","0","0","0","0","0","3","0","0","0","0","0","0","0","0","0","0","0","0","0","0","0","0","0","0","0","0","0"
"0x78a85776ad10","      FFMA R66, R31, R20, R66","3","0","3","218736","6999552","6999552","32","32","0","0","-","-","-","0","0","0","0","0","0","0","0","0","-","0","0","0","0","0","0","0","0","0","0","0","0","0","0","0","0","0","0","3","0","0","0","0","0","0","0","0","0","0","0","0","0","0","0","0","0","0","0","0","0"
"0x78a85776ad20","      ISETP.GE.AND P4, PT, R28, UR5, PT","5","0","5","218736","6999552","6999552","32","32","0","0","-","-","-","0","0","0","0","0","0","0","0","0","-","0","0","0","0","0","0","0","0","0","0","0","0","0","0","0","0","0","0","5","0","0","0","0","0","0","0","0","0","0","0","0","0","0","0","0","0","0","0","0","0"
"0x78a85776ad30","      FFMA R67, R31, R21, R67","4","0","4","218736","6999552","6999552","32","32","0","0","-","-","-","0","0","0","0","0","0","0","0","0","-","0","0","0","0","0","0","0","0","0","0","0","0","0","0","0","0","0","0","4","0","0","0","0","0","0","0","0","0","0","0","0","0","0","0","0","0","0","0","0","0"
"0x78a85776ad40","      FFMA R68, R31, R22, R68","2","0","2","218736","6999552","6999552","32","32","0","0","-","-","-","0","0","0","0","0","0","0","0","0","-","0","0","0","0","0","0","0","0","0","0","0","0","0","0","0","0","0","0","2","0","0","0","0","0","0","0","0","0","0","0","0","0","0","0","0","0","0","0","0","0"
"0x78a85776ad50","      FFMA R74, R31, R23, R69","1","0","1","218736","6999552","6999552","32","32","0","0","-","-","-","0","0","0","0","0","0","0","0","0","-","0","0","0","0","0","0","0","0","0","0","0","0","0","0","0","0","0","0","1","0","0","0","0","0","0","0","0","0","0","0","0","0","0","0","0","0","0","0","0","0"
"0x78a85776ad60","      LDS.128 R20, [R11+0xbb0]","57","9","57","218736","6999552","6999552","32","32","0","0","Shared","Load","128","0","4","0","874944","874944","0","0","0","0","-","0","0","0","0","0","0","0","0","6","0","0","0","0","0","12","0","0","27","5","0","0","0","7","0","0","0","0","0","0","0","0","9","0","0","0","0","0","0","0","0"
"0x78a85776ad70","      FFMA R75, R24, R16, R70","41","5","41","218736","6999552","6999552","32","32","0","0","-","-","-","0","0","0","0","0","0","0","0","0","-","0","0","0","0","0","0","0","0","3","0","0","0","0","0","0","0","0","11","1","26","0","0","0","0","0","0","0","0","0","0","0","0","0","0","0","0","5","0","0","0"
"0x78a85776ad80","      FFMA R71, R24, R17, R71","4","0","4","218736","6999552","6999552","32","32","0","0","-","-","-","0","0","0","0","0","0","0","0","0","-","0","0","0","0","0","0","0","0","0","0","0","0","0","0","0","0","1","2","1","0","0","0","0","0","0","0","0","0","0","0","0","0","0","0","0","0","0","0","0","0"
"0x78a85776ad90","      FFMA R72, R24, R18, R72","3","0","3","218736","6999552","6999552","32","32","0","0","-","-","-","0","0","0","0","0","0","0","0","0","-","0","0","0","0","0","0","0","0","0","0","0","0","0","0","0","0","0","0","3","0","0","0","0","0","0","0","0","0","0","0","0","0","0","0","0","0","0","0","0","0"
"0x78a85776ada0","      FFMA R77, R24, R19, R73","5","0","5","218736","6999552","6999552","32","32","0","0","-","-","-","0","0","0","0","0","0","0","0","0","-","0","0","0","0","0","0","0","0","0","0","0","0","0","0","0","0","0","0","5","0","0","0","0","0","0","0","0","0","0","0","0","0","0","0","0","0","0","0","0","0"
"0x78a85776adb0","      IADD3 R24, PT, PT, R36, 0x10, RZ","1","0","1","218736","6999552","6999552","32","32","0","0","-","-","-","0","0","0","0","0","0","0","0","0","-","0","0","0","0","0","0","0","0","0","0","0","0","0","0","0","0","0","0","1","0","0","0","0","0","0","0","0","0","0","0","0","0","0","0","0","0","0","0","0","0"
"0x78a85776adc0","      LDS.128 R28, [R37+0xbb0]","11","6","11","218736","6999552","6999552","32","32","0","0","Shared","Load","128","0","2","0","437472","437472","0","0","0","0","-","0","0","0","0","0","0","0","0","2","0","0","0","0","0","7","0","0","1","1","0","0","0","0","0","0","0","0","0","0","0","0","6","0","0","0","0","0","0","0","0"
"0x78a85776add0","      ISETP.GE.AND P3, PT, R24, UR5, PT","37","2","37","218736","6999552","6999552","32","32","0","0","-","-","-","0","0","0","0","0","0","0","0","0","-","0","0","0","0","0","0","0","0","3","0","0","0","0","0","0","0","0","19","7","0","0","0","8","0","0","0","0","0","0","0","0","0","0","0","0","0","0","0","0","2"
"0x78a85776ade0","      IADD3 R24, PT, PT, R36, 0x18, RZ","15","0","15","218736","6999552","6999552","32","32","0","0","-","-","-","0","0","0","0","0","0","0","0","0","-","0","0","0","0","0","0","0","0","4","0","0","0","2","0","0","0","0","4","5","0","0","0","0","0","0","0","0","0","0","0","0","0","0","0","0","0","0","0","0","0"
"0x78a85776adf0","      FFMA R45, R27, R16, R45","1","0","1","218736","6999552","6999552","32","32","0","0","-","-","-","0","0","0","0","0","0","0","0","0","-","0","0","0","0","0","0","0","0","0","0","0","0","0","0","0","0","0","0","1","0","0","0","0","0","0","0","0","0","0","0","0","0","0","0","0","0","0","0","0","0"
"0x78a85776ae00","      FFMA R46, R27, R17, R46","2","0","2","218736","6999552","6999552","32","32","0","0","-","-","-","0","0","0","0","0","0","0","0","0","-","0","0","0","0","0","0","0","0","0","0","0","0","0","0","0","0","0","0","2","0","0","0","0","0","0","0","0","0","0","0","0","0","0","0","0","0","0","0","0","0"
"0x78a85776ae10","      FFMA R44, R27, R18, R44","4","0","4","218736","6999552","6999552","32","32","0","0","-","-","-","0","0","0","0","0","0","0","0","0","-","0","0","0","0","0","0","0","0","0","0","0","0","0","0","0","0","0","0","4","0","0","0","0","0","0","0","0","0","0","0","0","0","0","0","0","0","0","0","0","0"
"0x78a85776ae20","      FFMA R47, R27, R19, R47","5","0","5","218736","6999552","6999552","32","32","0","0","-","-","-","0","0","0","0","0","0","0","0","0","-","0","0","0","0","0","0","0","0","0","0","0","0","0","0","0","0","0","0","5","0","0","0","0","0","0","0","0","0","0","0","0","0","0","0","0","0","0","0","0","0"
"0x78a85776ae30","      ISETP.GE.AND P2, PT, R24, UR5, PT","3","0","3","218736","6999552","6999552","32","32","0","0","-","-","-","0","0","0","0","0","0","0","0","0","-","0","0","0","0","0","0","0","0","0","0","0","0","0","0","0","0","0","0","3","0","0","0","0","0","0","0","0","0","0","0","0","0","0","0","0","0","0","0","0","0"
"0x78a85776ae40","@!P4  LDC R27, c[0x0][0x3a8]","5","0","5","218736","6999552","6999552","32","32","0","0","-","-","-","0","0","0","0","0","0","0","0","0","-","0","0","0","0","0","0","0","0","1","0","0","0","0","0","0","0","0","0","4","0","0","0","0","0","0","0","0","0","0","0","0","0","0","0","0","0","0","0","0","0"
"0x78a85776ae50","      IADD3 R24, PT, PT, R36, 0x20, RZ","4","0","4","218736","6999552","6999552","32","32","0","0","-","-","-","0","0","0","0","0","0","0","0","0","-","0","0","0","0","0","0","0","0","0","0","0","0","0","0","0","0","0","0","4","0","0","0","0","0","0","0","0","0","0","0","0","0","0","0","0","0","0","0","0","0"
"0x78a85776ae60","      FFMA R57, R26, R16, R57","3","0","3","218736","6999552","6999552","32","32","0","0","-","-","-","0","0","0","0","0","0","0","0","0","-","0","0","0","0","0","0","0","0","1","0","0","0","0","0","0","0","0","0","2","0","0","0","0","0","0","0","0","0","0","0","0","0","0","0","0","0","0","0","0","0"
"0x78a85776ae70","      FFMA R58, R26, R17, R58","2","0","2","218736","6999552","6999552","32","32","0","0","-","-","-","0","0","0","0","0","0","0","0","0","-","0","0","0","0","0","0","0","0","0","0","0","0","0","0","0","0","0","0","2","0","0","0","0","0","0","0","0","0","0","0","0","0","0","0","0","0","0","0","0","0"
"0x78a85776ae80","      FFMA R59, R26, R18, R59","6","0","6","218736","6999552","6999552","32","32","0","0","-","-","-","0","0","0","0","0","0","0","0","0","-","0","0","0","0","0","0","0","0","0","0","0","0","0","0","0","0","1","3","2","0","0","0","0","0","0","0","0","0","0","0","0","0","0","0","0","0","0","0","0","0"
"0x78a85776ae90","      FFMA R63, R26, R19, R63","2","0","2","218736","6999552","6999552","32","32","0","0","-","-","-","0","0","0","0","0","0","0","0","0","-","0","0","0","0","0","0","0","0","0","0","0","0","0","0","0","0","0","0","2","0","0","0","0","0","0","0","0","0","0","0","0","0","0","0","0","0","0","0","0","0"
"0x78a85776aea0","      FFMA R48, R32, R16, R48","35","5","35","218736","6999552","6999552","32","32","0","0","-","-","-","0","0","0","0","0","0","0","0","0","-","0","0","0","0","0","0","0","0","1","0","0","0","0","0","0","0","0","7","4","23","0","0","0","0","0","0","0","0","0","0","0","0","0","0","0","0","5","0","0","0"
"0x78a85776aeb0","      FFMA R49, R32, R17, R49","6","0","6","218736","6999552","6999552","32","32","0","0","-","-","-","0","0","0","0","0","0","0","0","0","-","0","0","0","0","0","0","0","0","0","0","0","0","0","0","0","0","0","0","6","0","0","0","0","0","0","0","0","0","0","0","0","0","0","0","0","0","0","0","0","0"
"0x78a85776aec0","@!P3  LDC R26, c[0x0][0x3a8]","3","0","3","218736","6999552","6999552","32","32","0","0","-","-","-","0","0","0","0","0","0","0","0","0","-","0","0","0","0","0","0","0","0","0","0","0","0","0","0","0","0","0","0","3","0","0","0","0","0","0","0","0","0","0","0","0","0","0","0","0","0","0","0","0","0"
"0x78a85776aed0","      FFMA R50, R32, R18, R50","2","0","2","218736","6999552","6999552","32","32","0","0","-","-","-","0","0","0","0","0","0","0","0","0","-","0","0","0","0","0","0","0","0","0","0","0","0","0","0","0","0","0","0","2","0","0","0","0","0","0","0","0","0","0","0","0","0","0","0","0","0","0","0","0","0"
"0x78a85776aee0","      FFMA R60, R32, R19, R60","3","0","3","218736","6999552","6999552","32","32","0","0","-","-","-","0","0","0","0","0","0","0","0","0","-","0","0","0","0","0","0","0","0","0","0","0","0","0","0","0","0","0","0","3","0","0","0","0","0","0","0","0","0","0","0","0","0","0","0","0","0","0","0","0","0"
"0x78a85776aef0","      ISETP.GE.AND P1, PT, R24, UR5, PT","9","0","9","218736","6999552","6999552","32","32","0","0","-","-","-","0","0","0","0","0","0","0","0","0","-","0","0","0","0","0","0","0","0","2","0","0","0","0","0","0","0","0","0","7","0","0","0","0","0","0","0","0","0","0","0","0","0","0","0","0","0","0","0","0","0"
"0x78a85776af00","@!P2  LDC R32, c[0x0][0x3a8]","54","2","54","218736","6999552","6999552","32","32","0","0","-","-","-","0","0","0","0","0","0","0","0","0","-","0","0","0","0","0","0","0","0","8","0","0","0","0","0","0","0","1","31","4","0","0","0","10","0","0","0","0","0","0","0","0","0","0","0","0","0","0","0","0","2"
"0x78a85776af10","      FFMA R51, R25, R16, R51","6","0","6","218736","6999552","6999552","32","32","0","0","-","-","-","0","0","0","0","0","0","0","0","0","-","0","0","0","0","0","0","0","0","2","0","0","0","0","0","0","0","0","0","4","0","0","0","0","0","0","0","0","0","0","0","0","0","0","0","0","0","0","0","0","0"
"0x78a85776af20","      FFMA R52, R25, R17, R52","1","0","1","218736","6999552","6999552","32","32","0","0","-","-","-","0","0","0","0","0","0","0","0","0","-","0","0","0","0","0","0","0","0","0","0","0","0","0","0","0","0","0","0","1","0","0","0","0","0","0","0","0","0","0","0","0","0","0","0","0","0","0","0","0","0"
"0x78a85776af30","      FFMA R53, R25, R18, R53","4","0","4","218736","6999552","6999552","32","32","0","0","-","-","-","0","0","0","0","0","0","0","0","0","-","0","0","0","0","0","0","0","0","1","0","0","0","0","0","0","0","0","0","3","0","0","0","0","0","0","0","0","0","0","0","0","0","0","0","0","0","0","0","0","0"
"0x78a85776af40","      FFMA R56, R25, R19, R56","3","0","3","218736","6999552","6999552","32","32","0","0","-","-","-","0","0","0","0","0","0","0","0","0","-","0","0","0","0","0","0","0","0","0","0","0","0","0","0","0","0","0","0","3","0","0","0","0","0","0","0","0","0","0","0","0","0","0","0","0","0","0","0","0","0"
"0x78a85776af50","      IADD3 R25, PT, PT, R36, 0x28, RZ","3","0","3","218736","6999552","6999552","32","32","0","0","-","-","-","0","0","0","0","0","0","0","0","0","-","0","0","0","0","0","0","0","0","0","0","0","0","0","0","0","0","0","0","3","0","0","0","0","0","0","0","0","0","0","0","0","0","0","0","0","0","0","0","0","0"
"0x78a85776af60","      FFMA R61, R33, R16, R61","7","0","7","218736","6999552","6999552","32","32","0","0","-","-","-","0","0","0","0","0","0","0","0","0","-","0","0","0","0","0","0","0","0","0","0","0","0","0","0","0","0","0","0","7","0","0","0","0","0","0","0","0","0","0","0","0","0","0","0","0","0","0","0","0","0"
"0x78a85776af70","      FFMA R70, R33, R18, R38","4","0","4","218736","6999552","6999552","32","32","0","0","-","-","-","0","0","0","0","0","0","0","0","0","-","0","0","0","0","0","0","0","0","0","0","0","0","0","0","0","0","0","0","4","0","0","0","0","0","0","0","0","0","0","0","0","0","0","0","0","0","0","0","0","0"
"0x78a85776af80","      FFMA R42, R33, R19, R42","4","0","4","218736","6999552","6999552","32","32","0","0","-","-","-","0","0","0","0","0","0","0","0","0","-","0","0","0","0","0","0","0","0","0","0","0","0","0","0","0","0","0","1","3","0","0","0","0","0","0","0","0","0","0","0","0","0","0","0","0","0","0","0","0","0"
"0x78a85776af90","      FFMA R41, R34, R16, R41","3","0","3","218736","6999552","6999552","32","32","0","0","-","-","-","0","0","0","0","0","0","0","0","0","-","0","0","0","0","0","0","0","0","0","0","0","0","0","0","0","0","0","0","3","0","0","0","0","0","0","0","0","0","0","0","0","0","0","0","0","0","0","0","0","0"
"0x78a85776afa0","      ISETP.GE.AND P0, PT, R25, UR5, PT","4","0","4","218736","6999552","6999552","32","32","0","0","-","-","-","0","0","0","0","0","0","0","0","0","-","0","0","0","0","0","0","0","0","0","0","0","0","0","0","0","0","0","0","4","0","0","0","0","0","0","0","0","0","0","0","0","0","0","0","0","0","0","0","0","0"
"0x78a85776afb0","      FFMA R40, R34, R18, R40","2","0","2","218736","6999552","6999552","32","32","0","0","-","-","-","0","0","0","0","0","0","0","0","0","-","0","0","0","0","0","0","0","0","0","0","0","0","0","0","0","0","0","0","2","0","0","0","0","0","0","0","0","0","0","0","0","0","0","0","0","0","0","0","0","0"
"0x78a85776afc0","      FFMA R24, R34, R19, R62","4","0","4","218736","6999552","6999552","32","32","0","0","-","-","-","0","0","0","0","0","0","0","0","0","-","0","0","0","0","0","0","0","0","0","0","0","0","0","0","0","0","0","0","4","0","0","0","0","0","0","0","0","0","0","0","0","0","0","0","0","0","0","0","0","0"
"0x78a85776afd0","      FFMA R25, R35, R16, R66","2","0","2","218736","6999552","6999552","32","32","0","0","-","-","-","0","0","0","0","0","0","0","0","0","-","0","0","0","0","0","0","0","0","0","0","0","0","0","0","0","0","0","0","2","0","0","0","0","0","0","0","0","0","0","0","0","0","0","0","0","0","0","0","0","0"
"0x78a85776afe0","      FFMA R68, R35, R18, R68","7","0","7","218736","6999552","6999552","32","32","0","0","-","-","-","0","0","0","0","0","0","0","0","0","-","0","0","0","0","0","0","0","0","2","0","0","0","0","0","0","0","0","0","5","0","0","0","0","0","0","0","0","0","0","0","0","0","0","0","0","0","0","0","0","0"
"0x78a85776aff0","      FFMA R76, R35, R19, R74","2","0","2","218736","6999552","6999552","32","32","0","0","-","-","-","0","0","0","0","0","0","0","0","0","-","0","0","0","0","0","0","0","0","0","0","0","0","0","0","0","0","0","0","2","0","0","0","0","0","0","0","0","0","0","0","0","0","0","0","0","0","0","0","0","0"
"0x78a85776b000","@!P1  LDC R16, c[0x0][0x3a8]","6","0","6","218736","6999552","6832896","32","31","1","0","-","-","-","0","0","0","0","0","0","0","0","0","-","0","0","0","0","0","0","0","0","1","0","0","0","0","0","0","0","0","0","5","0","0","0","0","0","0","0","0","0","0","0","0","0","0","0","0","0","0","0","0","0"
"0x78a85776b010","@!P4  IMAD.WIDE R18, R27, 0x8, R64","3","0","3","218736","6999552","6999552","32","32","0","0","-","-","-","0","0","0","0","0","0","0","0","0","-","0","0","0","0","0","0","0","0","1","0","0","0","0","0","0","0","0","0","2","0","0","0","0","0","0","0","0","0","0","0","0","0","0","0","0","0","0","0","0","0"
"0x78a85776b020","      FFMA R73, R20, R30, R72","95","8","95","218736","6999552","6999552","32","32","0","0","-","-","-","0","0","0","0","0","0","0","0","0","-","0","0","0","0","0","0","0","0","9","0","0","0","0","0","0","0","0","36","4","34","0","0","12","0","0","0","0","0","0","0","0","0","0","0","1","0","5","0","0","2"
"0x78a85776b030","      FFMA R75, R20, R28, R75","7","0","7","218736","6999552","6999552","32","32","0","0","-","-","-","0","0","0","0","0","0","0","0","0","-","0","0","0","0","0","0","0","0","2","0","0","0","0","0","0","0","0","0","5","0","0","0","0","0","0","0","0","0","0","0","0","0","0","0","0","0","0","0","0","0"
"0x78a85776b040","      FFMA R74, R20, R29, R71","11","0","11","218736","6999552","6999552","32","32","0","0","-","-","-","0","0","0","0","0","0","0","0","0","-","0","0","0","0","0","0","0","0","1","0","0","0","0","0","0","0","0","0","10","0","0","0","0","0","0","0","0","0","0","0","0","0","0","0","0","0","0","0","0","0"
"0x78a85776b050","      FFMA R72, R20, R31, R77","2","0","2","218736","6999552","6999552","32","32","0","0","-","-","-","0","0","0","0","0","0","0","0","0","-","0","0","0","0","0","0","0","0","0","0","0","0","0","0","0","0","0","0","2","0","0","0","0","0","0","0","0","0","0","0","0","0","0","0","0","0","0","0","0","0"
"0x78a85776b060","@!P4  LEA R20, P5, R18, UR32, 0x2","2","0","2","218736","6999552","6999552","32","32","0","0","-","-","-","0","0","0","0","0","0","0","0","0","-","0","0","0","0","0","0","0","0","0","0","0","0","0","0","0","0","0","0","2","0","0","0","0","0","0","0","0","0","0","0","0","0","0","0","0","0","0","0","0","0"
"0x78a85776b070","      FFMA R43, R34, R17, R43","6","0","6","218736","6999552","6999552","32","32","0","0","-","-","-","0","0","0","0","0","0","0","0","0","-","0","0","0","0","0","0","0","0","4","0","0","0","0","0","0","0","0","0","2","0","0","0","0","0","0","0","0","0","0","0","0","0","0","0","0","0","0","0","0","0"
"0x78a85776b080","      FFMA R69, R35, R17, R67","4","1","4","218736","6999552","6999552","32","32","0","0","-","-","-","0","0","0","0","0","0","0","0","0","-","0","0","0","0","0","0","0","0","1","0","0","0","0","0","0","0","0","0","3","0","0","0","0","0","0","1","0","0","0","0","0","0","0","0","0","0","0","0","0","0"
"0x78a85776b090","      FFMA R51, R21, R28, R51","5","0","5","218736","6999552","6999552","32","32","0","0","-","-","-","0","0","0","0","0","0","0","0","0","-","0","0","0","0","0","0","0","0","0","0","0","0","0","0","0","0","0","0","5","0","0","0","0","0","0","0","0","0","0","0","0","0","0","0","0","0","0","0","0","0"
"0x78a85776b0a0","      FFMA R52, R21, R29, R52","5","0","5","218736","6999552","6999552","32","32","0","0","-","-","-","0","0","0","0","0","0","0","0","0","-","0","0","0","0","0","0","0","0","2","0","0","0","0","0","0","0","0","0","3","0","0","0","0","0","0","0","0","0","0","0","0","0","0","0","0","0","0","0","0","0"
"0x78a85776b0b0","      FFMA R53, R21, R30, R53","2","0","2","218736","6999552","6999552","32","32","0","0","-","-","-","0","0","0","0","0","0","0","0","0","-","0","0","0","0","0","0","0","0","0","0","0","0","0","0","0","0","0","0","2","0","0","0","0","0","0","0","0","0","0","0","0","0","0","0","0","0","0","0","0","0"
"0x78a85776b0c0","      FFMA R56, R21, R31, R56","5","0","5","218736","6999552","6999552","32","32","0","0","-","-","-","0","0","0","0","0","0","0","0","0","-","0","0","0","0","0","0","0","0","0","0","0","0","0","0","0","0","0","0","5","0","0","0","0","0","0","0","0","0","0","0","0","0","0","0","0","0","0","0","0","0"
"0x78a85776b0d0","      CS2R R34, SRZ","6","0","6","218736","6999552","6999552","32","32","0","0","-","-","-","0","0","0","0","0","0","0","0","0","-","0","0","0","0","0","0","0","0","4","0","0","0","0","0","0","0","0","0","2","0","0","0","0","0","0","0","0","0","0","0","0","0","0","0","0","0","0","0","0","0"
"0x78a85776b0e0","@!P3  IMAD.WIDE R26, R26, 0x10, R64","11","0","11","218736","6999552","6999552","32","32","0","0","-","-","-","0","0","0","0","0","0","0","0","0","-","0","0","0","0","0","0","0","0","1","0","0","0","0","0","0","0","0","1","9","0","0","0","0","0","0","0","0","0","0","0","0","0","0","0","0","0","0","0","0","0"
"0x78a85776b0f0","@!P4  LEA.HI.X R21, R18, UR33, R19, 0x2, P5","3","0","3","218736","6999552","6999552","32","32","0","0","-","-","-","0","0","0","0","0","0","0","0","0","-","0","0","0","0","0","0","0","0","0","0","0","0","0","0","0","0","0","0","3","0","0","0","0","0","0","0","0","0","0","0","0","0","0","0","0","0","0","0","0","0"
"0x78a85776b100","      FFMA R39, R33, R17, R39","49","1","49","218736","6999552","6999552","32","32","0","0","-","-","-","0","0","0","0","0","0","0","0","0","-","0","0","0","0","0","0","0","0","8","0","0","0","0","0","0","0","0","33","3","0","0","0","5","0","0","0","0","0","0","0","0","0","0","0","0","0","0","0","0","1"
"0x78a85776b110","@!P2  IMAD.WIDE R32, R32, 0x18, R64","5","0","5","218736","6999552","6999552","32","32","0","0","-","-","-","0","0","0","0","0","0","0","0","0","-","0","0","0","0","0","0","0","0","1","0","0","0","0","0","0","0","0","0","4","0","0","0","0","0","0","0","0","0","0","0","0","0","0","0","0","0","0","0","0","0"
"0x78a85776b120","@!P3  LEA R66, P6, R26, UR32, 0x2","2","0","2","218736","6999552","6999552","32","32","0","0","-","-","-","0","0","0","0","0","0","0","0","0","-","0","0","0","0","0","0","0","0","0","0","0","0","0","0","0","0","0","0","2","0","0","0","0","0","0","0","0","0","0","0","0","0","0","0","0","0","0","0","0","0"
"0x78a85776b130","@!P4  LDG.E.CONSTANT R35, desc[UR24][R20.64]","28","7","28","218736","6999552","6999552","32","32","0","0","Global","Load","32","437472","0","0","0","0","0","874944","874944","0","","0","0","0","0","0","0","0","0","2","0","0","0","0","0","9","0","0","13","4","0","0","0","0","0","0","0","0","0","0","0","0","7","0","0","0","0","0","0","0","0"
"0x78a85776b140","@!P2  LEA R18, P5, R32, UR32, 0x2","4","0","4","218736","6999552","6999552","32","32","0","0","-","-","-","0","0","0","0","0","0","0","0","0","-","0","0","0","0","0","0","0","0","0","0","0","0","0","0","0","0","0","0","4","0","0","0","0","0","0","0","0","0","0","0","0","0","0","0","0","0","0","0","0","0"
"0x78a85776b150","@!P3  LEA.HI.X R67, R26, UR33, R27, 0x2, P6","40","2","40","218736","6999552","6999552","32","32","0","0","-","-","-","0","0","0","0","0","0","0","0","0","-","0","0","0","0","0","0","0","0","8","0","0","0","2","0","0","0","0","18","4","0","0","0","8","0","0","1","0","0","0","0","0","0","0","0","0","0","0","0","0","1"
"0x78a85776b160","@!P0  LDC R20, c[0x0][0x3a8]","65","8","65","218736","6999552","6832896","32","31","1","0","-","-","-","0","0","0","0","0","0","0","0","0","-","0","0","0","0","0","0","0","0","9","0","0","23","0","0","0","0","0","29","4","0","0","0","0","0","0","0","0","0","8","0","0","0","0","0","0","0","0","0","0","0"
"0x78a85776b170","@!P2  LEA.HI.X R19, R32, UR33, R33, 0x2, P5","5","0","5","218736","6999552","6999552","32","32","0","0","-","-","-","0","0","0","0","0","0","0","0","0","-","0","0","0","0","0","0","0","0","0","0","0","0","0","0","0","0","0","0","5","0","0","0","0","0","0","0","0","0","0","0","0","0","0","0","0","0","0","0","0","0"
"0x78a85776b180","      CS2R R32, SRZ","3","0","3","218736","6999552","6999552","32","32","0","0","-","-","-","0","0","0","0","0","0","0","0","0","-","0","0","0","0","0","0","0","0","0","0","0","0","0","0","0","0","0","0","3","0","0","0","0","0","0","0","0","0","0","0","0","0","0","0","0","0","0","0","0","0"
"0x78a85776b190","@!P3  LDG.E.CONSTANT R34, desc[UR24][R66.64]","60","10","60","218736","6999552","6999552","32","32","0","0","Global","Load","32","437472","0","0","0","0","0","874944","874944","0","","0","0","0","0","0","0","0","0","5","0","0","0","0","0","16","0","0","33","3","0","0","0","3","0","0","0","0","0","0","0","0","10","0","0","0","0","0","0","0","0"
"0x78a85776b1a0","      IADD3 R26, PT, PT, R36, 0x30, RZ","5","0","5","218736","6999552","6999552","32","32","0","0","-","-","-","0","0","0","0","0","0","0","0","0","-","0","0","0","0","0","0","0","0","2","0","0","0","0","0","0","0","0","0","3","0","0","0","0","0","0","0","0","0","0","0","0","0","0","0","0","0","0","0","0","0"
"0x78a85776b1b0","@!P2  LDG.E.CONSTANT R33, desc[UR24][R18.64]","98","3","98","218736","6999552","6999552","32","32","0","0","Global","Load","32","437472","0","0","0","0","0","874944","874944","0","","0","0","0","0","0","0","0","0","18","0","0","0","0","0","12","0","0","60","2","0","0","0","6","0","0","0","0","0","0","0","0","3","0","0","0","0","0","0","0","0"
"0x78a85776b1c0","      ISETP.GE.AND P4, PT, R26, UR5, PT","21","0","21","218736","6999552","6999552","32","32","0","0","-","-","-","0","0","0","0","0","0","0","0","0","-","0","0","0","0","0","0","0","0","1","0","0","0","0","0","0","0","0","11","4","0","0","0","5","0","0","0","0","0","0","0","0","0","0","0","0","0","0","0","0","0"
"0x78a85776b1d0","@!P1  IMAD.WIDE R66, R16, 0x20, R64","49","10","49","218736","6999552","6832896","32","31","1","0","-","-","-","0","0","0","0","0","0","0","0","0","-","0","0","0","0","0","0","0","0","8","0","0","16","14","0","0","0","0","7","4","0","0","0","0","0","0","0","0","0","10","0","0","0","0","0","0","0","0","0","0","0"
"0x78a85776b1e0","      LDS.128 R16, [R11+0xc30]","87","20","87","218736","6999552","6999552","32","32","0","0","Shared","Load","128","0","4","0","874944","874944","0","0","0","0","-","0","0","0","0","0","0","0","0","6","0","0","24","0","0","9","0","0","38","4","0","0","0","6","0","0","0","0","0","12","0","0","6","0","0","0","0","0","0","0","2"
"0x78a85776b1f0","@!P1  LEA R26, P2, R66, UR32, 0x2","8","0","8","218736","6999552","6832896","32","31","1","0","-","-","-","0","0","0","0","0","0","0","0","0","-","0","0","0","0","0","0","0","0","1","0","0","0","0","0","0","0","0","0","7","0","0","0","0","0","0","0","0","0","0","0","0","0","0","0","0","0","0","0","0","0"
"0x78a85776b200","@!P1  LEA.HI.X R27, R66, UR33, R67, 0x2, P2","66","0","66","218736","6999552","6832896","32","31","1","0","-","-","-","0","0","0","0","0","0","0","0","0","-","0","0","0","0","0","0","0","0","6","0","0","0","10","0","0","0","0","40","5","0","0","0","5","0","0","0","0","0","0","0","0","0","0","0","0","0","0","0","0","0"
"0x78a85776b210","      IADD3 R21, PT, PT, R36, 0x38, RZ","31","2","31","218736","6999552","6999552","32","32","0","0","-","-","-","0","0","0","0","0","0","0","0","0","-","0","0","0","0","0","0","0","0","6","0","0","0","2","0","0","0","0","7","9","0","0","0","7","0","0","0","0","0","0","0","0","0","0","0","0","0","0","0","0","2"
"0x78a85776b220","@!P1  LDG.E.CONSTANT R32, desc[UR24][R26.64]","112","25","112","218736","6999552","6832896","32","31","1","0","Global","Load","32","427056","0","0","0","0","0","854112","854112","0","","0","0","0","0","0","0","0","0","13","0","0","0","0","0","30","0","0","58","2","0","0","0","9","0","0","0","0","0","0","0","0","22","0","0","0","0","0","0","0","3"
"0x78a85776b230","      ISETP.GE.AND P5, PT, R21, UR5, PT","10","0","10","218736","6999552","6999552","32","32","0","0","-","-","-","0","0","0","0","0","0","0","0","0","-","0","0","0","0","0","0","0","0","0","0","0","0","0","0","0","0","0","6","4","0","0","0","0","0","0","0","0","0","0","0","0","0","0","0","0","0","0","0","0","0"
"0x78a85776b240","      IADD3 R21, PT, PT, R15, 0x10, RZ","6","0","6","218736","6999552","6999552","32","32","0","0","-","-","-","0","0","0","0","0","0","0","0","0","-","0","0","0","0","0","0","0","0","0","0","0","0","0","0","0","0","0","3","3","0","0","0","0","0","0","0","0","0","0","0","0","0","0","0","0","0","0","0","0","0"
"0x78a85776b250","      FFMA R57, R22, R28, R57","3","0","3","218736","6999552","6999552","32","32","0","0","-","-","-","0","0","0","0","0","0","0","0","0","-","0","0","0","0","0","0","0","0","1","0","0","0","0","0","0","0","0","0","2","0","0","0","0","0","0","0","0","0","0","0","0","0","0","0","0","0","0","0","0","0"
"0x78a85776b260","      FFMA R58, R22, R29, R58","1","0","1","218736","6999552","6999552","32","32","0","0","-","-","-","0","0","0","0","0","0","0","0","0","-","0","0","0","0","0","0","0","0","0","0","0","0","0","0","0","0","0","0","1","0","0","0","0","0","0","0","0","0","0","0","0","0","0","0","0","0","0","0","0","0"
"0x78a85776b270","      FFMA R59, R22, R30, R59","1","0","1","218736","6999552","6999552","32","32","0","0","-","-","-","0","0","0","0","0","0","0","0","0","-","0","0","0","0","0","0","0","0","0","0","0","0","0","0","0","0","0","0","1","0","0","0","0","0","0","0","0","0","0","0","0","0","0","0","0","0","0","0","0","0"
"0x78a85776b280","@!P0  IMAD.WIDE R26, R20, 0x28, R64","97","19","97","218736","6999552","6832896","32","31","1","0","-","-","-","0","0","0","0","0","0","0","0","0","-","0","0","0","0","0","0","0","0","7","0","0","46","16","0","0","0","0","24","4","0","0","0","0","0","0","0","0","0","19","0","0","0","0","0","0","0","0","0","0","0"
"0x78a85776b290","      FFMA R63, R22, R31, R63","60","5","60","218736","6999552","6999552","32","32","0","0","-","-","-","0","0","0","0","0","0","0","0","0","-","0","0","0","0","0","0","0","0","14","0","0","0","0","0","0","0","0","28","3","0","0","0","15","0","0","0","0","0","0","0","0","0","0","0","0","0","0","0","0","5"
"0x78a85776b2a0","      FFMA R45, R23, R28, R45","8","0","8","218736","6999552","6999552","32","32","0","0","-","-","-","0","0","0","0","0","0","0","0","0","-","0","0","0","0","0","0","0","0","2","0","0","0","0","0","0","0","0","0","6","0","0","0","0","0","0","0","0","0","0","0","0","0","0","0","0","0","0","0","0","0"
"0x78a85776b2b0","@!P4  LDC R22, c[0x0][0x3a8]","2","0","2","218736","6999552","6832896","32","31","1","0","-","-","-","0","0","0","0","0","0","0","0","0","-","0","0","0","0","0","0","0","0","0","0","0","0","0","0","0","0","0","0","2","0","0","0","0","0","0","0","0","0","0","0","0","0","0","0","0","0","0","0","0","0"
"0x78a85776b2c0","      FFMA R46, R23, R29, R46","5","0","5","218736","6999552","6999552","32","32","0","0","-","-","-","0","0","0","0","0","0","0","0","0","-","0","0","0","0","0","0","0","0","1","0","0","0","0","0","0","0","0","0","4","0","0","0","0","0","0","0","0","0","0","0","0","0","0","0","0","0","0","0","0","0"
"0x78a85776b2d0","@!P0  LEA R20, P2, R26, UR32, 0x2","2","0","2","218736","6999552","6832896","32","31","1","0","-","-","-","0","0","0","0","0","0","0","0","0","-","0","0","0","0","0","0","0","0","0","0","0","0","0","0","0","0","0","0","2","0","0","0","0","0","0","0","0","0","0","0","0","0","0","0","0","0","0","0","0","0"
"0x78a85776b2e0","      FFMA R44, R23, R30, R44","4","0","4","218736","6999552","6999552","32","32","0","0","-","-","-","0","0","0","0","0","0","0","0","0","-","0","0","0","0","0","0","0","0","1","0","0","0","0","0","0","0","0","0","3","0","0","0","0","0","0","0","0","0","0","0","0","0","0","0","0","0","0","0","0","0"
"0x78a85776b2f0","      FFMA R47, R23, R31, R47","4","0","4","218736","6999552","6999552","32","32","0","0","-","-","-","0","0","0","0","0","0","0","0","0","-","0","0","0","0","0","0","0","0","1","0","0","0","0","0","0","0","0","0","3","0","0","0","0","0","0","0","0","0","0","0","0","0","0","0","0","0","0","0","0","0"
"0x78a85776b300","      IADD3 R23, PT, PT, R15, 0x8, RZ","6","0","6","218736","6999552","6999552","32","32","0","0","-","-","-","0","0","0","0","0","0","0","0","0","-","0","0","0","0","0","0","0","0","0","0","0","0","0","0","0","0","0","0","6","0","0","0","0","0","0","0","0","0","0","0","0","0","0","0","0","0","0","0","0","0"
"0x78a85776b310","      ISETP.GE.AND P3, PT, R21, UR11, PT","2","0","2","218736","6999552","6999552","32","32","0","0","-","-","-","0","0","0","0","0","0","0","0","0","-","0","0","0","0","0","0","0","0","0","0","0","0","0","0","0","0","0","0","2","0","0","0","0","0","0","0","0","0","0","0","0","0","0","0","0","0","0","0","0","0"
"0x78a85776b320","      MOV R38, RZ","3","0","3","218736","6999552","6999552","32","32","0","0","-","-","-","0","0","0","0","0","0","0","0","0","-","0","0","0","0","0","0","0","0","0","0","0","0","0","0","0","0","0","0","3","0","0","0","0","0","0","0","0","0","0","0","0","0","0","0","0","0","0","0","0","0"
"0x78a85776b330","@!P0  LEA.HI.X R21, R26, UR33, R27, 0x2, P2","25","2","25","218736","6999552","6832896","32","31","1","0","-","-","-","0","0","0","0","0","0","0","0","0","-","0","0","0","0","0","0","0","0","2","0","0","0","3","0","0","0","0","19","1","0","0","0","0","0","0","0","0","0","0","2","0","0","0","0","0","0","0","0","0","0"
"0x78a85776b340","      ISETP.GE.AND P1, PT, R23, UR11, PT","41","1","41","218736","6999552","6999552","32","32","0","0","-","-","-","0","0","0","0","0","0","0","0","0","-","0","0","0","0","0","0","0","0","4","0","0","0","0","0","0","0","0","28","4","0","0","0","5","0","0","0","0","0","0","0","0","0","0","0","0","0","0","0","0","1"
"0x78a85776b350","@!P0  LDG.E.CONSTANT R38, desc[UR24][R20.64]","88","13","88","218736","6999552","6832896","32","31","1","0","Global","Load","32","427056","0","0","0","0","0","854112","854112","0","","0","0","0","0","0","0","0","0","14","0","0","0","0","0","19","0","0","48","3","0","0","0","4","0","0","1","0","0","0","0","0","8","0","0","0","0","0","0","0","4"
"0x78a85776b360","      IADD3 R23, PT, PT, R15, 0x18, RZ","3","0","3","218736","6999552","6999552","32","32","0","0","-","-","-","0","0","0","0","0","0","0","0","0","-","0","0","0","0","0","0","0","0","1","0","0","0","0","0","0","0","0","0","2","0","0","0","0","0","0","0","0","0","0","0","0","0","0","0","0","0","0","0","0","0"
"0x78a85776b370","@!P5  LDC R20, c[0x0][0x3a8]","109","22","109","218736","6999552","6832896","32","31","1","0","-","-","-","0","0","0","0","0","0","0","0","0","-","0","0","0","0","0","0","0","0","8","0","0","66","0","0","0","0","0","33","2","0","0","0","0","0","0","0","0","0","22","0","0","0","0","0","0","0","0","0","0","0"
"0x78a85776b380","      ISETP.GE.AND P2, PT, R23, UR11, PT","29","5","29","218736","6999552","6999552","32","32","0","0","-","-","-","0","0","0","0","0","0","0","0","0","-","0","0","0","0","0","0","0","0","1","0","0","0","0","0","0","0","0","15","4","0","0","0","9","0","0","0","0","0","0","0","0","0","0","0","0","0","0","0","0","5"
"0x78a85776b390","@!P4  IMAD.WIDE R22, R22, 0x30, R64","19","0","19","218736","6999552","6832896","32","31","1","0","-","-","-","0","0","0","0","0","0","0","0","0","-","0","0","0","0","0","0","0","0","4","0","0","0","6","0","0","0","0","7","2","0","0","0","0","0","0","0","0","0","0","0","0","0","0","0","0","0","0","0","0","0"
"0x78a85776b3a0","      FFMA R41, R18, R28, R41","59","4","59","218736","6999552","6999552","32","32","0","0","-","-","-","0","0","0","0","0","0","0","0","0","-","0","0","0","0","0","0","0","0","10","0","0","0","0","0","0","0","0","36","2","0","0","0","11","0","0","0","0","0","0","0","0","0","0","0","0","0","0","0","0","4"
"0x78a85776b3b0","      FFMA R43, R18, R29, R43","7","0","7","218736","6999552","6999552","32","32","0","0","-","-","-","0","0","0","0","0","0","0","0","0","-","0","0","0","0","0","0","0","0","4","0","0","0","0","0","0","0","0","0","3","0","0","0","0","0","0","0","0","0","0","0","0","0","0","0","0","0","0","0","0","0"
"0x78a85776b3c0","@!P1  LDC R21, c[0x0][0x3c8]","4","0","4","218736","6999552","6999552","32","32","0","0","-","-","-","0","0","0","0","0","0","0","0","0","-","0","0","0","0","0","0","0","0","0","0","0","0","0","0","0","0","0","0","4","0","0","0","0","0","0","0","0","0","0","0","0","0","0","0","0","0","0","0","0","0"
"0x78a85776b3d0","      FFMA R62, R18, R30, R40","7","0","7","218736","6999552","6999552","32","32","0","0","-","-","-","0","0","0","0","0","0","0","0","0","-","0","0","0","0","0","0","0","0","4","0","0","0","0","0","0","0","0","0","3","0","0","0","0","0","0","0","0","0","0","0","0","0","0","0","0","0","0","0","0","0"
"0x78a85776b3e0","      FFMA R66, R18, R31, R24","0","0","0","218736","6999552","6999552","32","32","0","0","-","-","-","0","0","0","0","0","0","0","0","0","-","0","0","0","0","0","0","0","0","0","0","0","0","0","0","0","0","0","0","0","0","0","0","0","0","0","0","0","0","0","0","0","0","0","0","0","0","0","0","0","0"
"0x78a85776b3f0","      FFMA R48, R16, R28, R48","8","0","8","218736","6999552","6999552","32","32","0","0","-","-","-","0","0","0","0","0","0","0","0","0","-","0","0","0","0","0","0","0","0","2","0","0","0","0","0","0","0","0","0","6","0","0","0","0","0","0","0","0","0","0","0","0","0","0","0","0","0","0","0","0","0"
"0x78a85776b400","      FFMA R49, R16, R29, R49","3","0","3","218736","6999552","6999552","32","32","0","0","-","-","-","0","0","0","0","0","0","0","0","0","-","0","0","0","0","0","0","0","0","2","0","0","0","0","0","0","0","0","0","1","0","0","0","0","0","0","0","0","0","0","0","0","0","0","0","0","0","0","0","0","0"
"0x78a85776b410","      FFMA R50, R16, R30, R50","3","0","3","218736","6999552","6999552","32","32","0","0","-","-","-","0","0","0","0","0","0","0","0","0","-","0","0","0","0","0","0","0","0","0","0","0","0","0","0","0","0","0","0","3","0","0","0","0","0","0","0","0","0","0","0","0","0","0","0","0","0","0","0","0","0"
"0x78a85776b420","@!P3  LDC R18, c[0x0][0x3c8]","64","3","64","218736","6999552","6999552","32","32","0","0","-","-","-","0","0","0","0","0","0","0","0","0","-","0","0","0","0","0","0","0","0","13","0","0","0","0","0","0","0","0","37","2","0","0","0","12","0","0","2","0","0","0","0","0","0","0","0","0","0","0","0","0","1"
"0x78a85776b430","      FFMA R60, R16, R31, R60","4","0","4","218736","6999552","6999552","32","32","0","0","-","-","-","0","0","0","0","0","0","0","0","0","-","0","0","0","0","0","0","0","0","1","0","0","0","0","0","0","0","0","0","3","0","0","0","0","0","0","0","0","0","0","0","0","0","0","0","0","0","0","0","0","0"
"0x78a85776b440","@!P4  LEA R16, P0, R22, UR32, 0x2","3","0","3","218736","6999552","6832896","32","31","1","0","-","-","-","0","0","0","0","0","0","0","0","0","-","0","0","0","0","0","0","0","0","0","0","0","0","0","0","0","0","0","0","3","0","0","0","0","0","0","0","0","0","0","0","0","0","0","0","0","0","0","0","0","0"
"0x78a85776b450","      FFMA R71, R17, R29, R39","4","0","4","218736","6999552","6999552","32","32","0","0","-","-","-","0","0","0","0","0","0","0","0","0","-","0","0","0","0","0","0","0","0","0","0","0","0","0","0","0","0","0","0","4","0","0","0","0","0","0","0","0","0","0","0","0","0","0","0","0","0","0","0","0","0"
"0x78a85776b460","      FFMA R61, R17, R28, R61","7","0","7","218736","6999552","6999552","32","32","0","0","-","-","-","0","0","0","0","0","0","0","0","0","-","0","0","0","0","0","0","0","0","0","0","0","0","0","0","0","0","0","0","7","0","0","0","0","0","0","0","0","0","0","0","0","0","0","0","0","0","0","0","0","0"
"0x78a85776b470","      FFMA R70, R17, R30, R70","5","0","5","218736","6999552","6999552","32","32","0","0","-","-","-","0","0","0","0","0","0","0","0","0","-","0","0","0","0","0","0","0","0","0","0","0","0","0","0","0","0","0","0","5","0","0","0","0","0","0","0","0","0","0","0","0","0","0","0","0","0","0","0","0","0"
"0x78a85776b480","      FFMA R42, R17, R31, R42","3","1","3","218736","6999552","6999552","32","32","0","0","-","-","-","0","0","0","0","0","0","0","0","0","-","0","0","0","0","0","0","0","0","0","0","0","0","0","0","0","0","1","0","2","0","0","0","0","0","0","0","0","0","0","0","0","0","0","1","0","0","0","0","0","0"
"0x78a85776b490","@!P2  LDC R24, c[0x0][0x3c8]","22","0","22","218736","6999552","6999552","32","32","0","0","-","-","-","0","0","0","0","0","0","0","0","0","-","0","0","0","0","0","0","0","0","4","0","0","0","0","0","0","0","0","12","5","0","0","0","1","0","0","0","0","0","0","0","0","0","0","0","0","0","0","0","0","0"
"0x78a85776b4a0","      MOV R39, RZ","5","0","5","218736","6999552","6999552","32","32","0","0","-","-","-","0","0","0","0","0","0","0","0","0","-","0","0","0","0","0","0","0","0","0","0","0","0","0","0","0","0","0","0","5","0","0","0","0","0","0","0","0","0","0","0","0","0","0","0","0","0","0","0","0","0"
"0x78a85776b4b0","@!P4  LEA.HI.X R17, R22, UR33, R23, 0x2, P0","4","0","4","218736","6999552","6832896","32","31","1","0","-","-","-","0","0","0","0","0","0","0","0","0","-","0","0","0","0","0","0","0","0","0","0","0","0","0","0","0","0","0","0","4","0","0","0","0","0","0","0","0","0","0","0","0","0","0","0","0","0","0","0","0","0"
"0x78a85776b4c0","@!P5  IMAD.WIDE R22, R20, 0x38, R64","1","0","1","218736","6999552","6832896","32","31","1","0","-","-","-","0","0","0","0","0","0","0","0","0","-","0","0","0","0","0","0","0","0","0","0","0","0","0","0","0","0","0","0","1","0","0","0","0","0","0","0","0","0","0","0","0","0","0","0","0","0","0","0","0","0"
"0x78a85776b4d0","      IADD3 R26, PT, PT, R15, 0x20, RZ","5","0","5","218736","6999552","6999552","32","32","0","0","-","-","-","0","0","0","0","0","0","0","0","0","-","0","0","0","0","0","0","0","0","0","0","0","0","0","0","0","0","0","0","5","0","0","0","0","0","0","0","0","0","0","0","0","0","0","0","0","0","0","0","0","0"
"0x78a85776b4e0","@!P4  LDG.E.CONSTANT R39, desc[UR24][R16.64]","118","20","118","218736","6999552","6832896","32","31","1","0","Global","Load","32","427056","0","0","0","0","0","854112","854112","0","","0","0","0","0","0","0","0","0","15","0","0","0","0","0","26","0","0","62","5","0","0","0","10","0","0","0","0","0","0","0","0","16","0","0","1","0","0","0","0","3"
"0x78a85776b4f0","      ISETP.GE.AND P0, PT, R26, UR11, PT","25","2","25","218736","6999552","6999552","32","32","0","0","-","-","-","0","0","0","0","0","0","0","0","0","-","0","0","0","0","0","0","0","0","6","0","0","0","0","0","0","0","0","9","3","0","0","0","7","0","0","1","0","0","0","0","0","0","0","0","0","0","0","0","0","1"
"0x78a85776b500","      MOV R40, RZ","6","0","6","218736","6999552","6999552","32","32","0","0","-","-","-","0","0","0","0","0","0","0","0","0","-","0","0","0","0","0","0","0","0","1","0","0","0","0","0","0","0","0","0","5","0","0","0","0","0","0","0","0","0","0","0","0","0","0","0","0","0","0","0","0","0"
"0x78a85776b510","@!P1  IMAD.WIDE R20, R21, 0x8, R54","15","0","15","218736","6999552","6999552","32","32","0","0","-","-","-","0","0","0","0","0","0","0","0","0","-","0","0","0","0","0","0","0","0","4","0","0","0","8","0","0","0","0","2","1","0","0","0","0","0","0","0","0","0","0","0","0","0","0","0","0","0","0","0","0","0"
"0x78a85776b520","@!P5  LEA R16, P4, R22, UR32, 0x2","89","7","89","218736","6999552","6832896","32","31","1","0","-","-","-","0","0","0","0","0","0","0","0","0","-","0","0","0","0","0","0","0","0","9","0","0","34","7","0","0","0","0","35","4","0","0","0","0","0","0","0","0","0","7","0","0","0","0","0","0","0","0","0","0","0"
"0x78a85776b530","@!P5  LEA.HI.X R17, R22, UR33, R23, 0x2, P4","74","2","74","218736","6999552","6832896","32","31","1","0","-","-","-","0","0","0","0","0","0","0","0","0","-","0","0","0","0","0","0","0","0","8","0","0","0","7","0","0","0","0","47","4","0","0","0","8","0","0","0","0","0","0","1","0","0","0","0","0","0","0","0","0","1"
"0x78a85776b540","      FFMA R67, R19, R28, R25","6","0","6","218736","6999552","6999552","32","32","0","0","-","-","-","0","0","0","0","0","0","0","0","0","-","0","0","0","0","0","0","0","0","1","0","0","0","0","0","0","0","0","0","5","0","0","0","0","0","0","0","0","0","0","0","0","0","0","0","0","0","0","0","0","0"
"0x78a85776b550","      IADD3 R25, PT, PT, R15, 0x28, RZ","6","0","6","218736","6999552","6999552","32","32","0","0","-","-","-","0","0","0","0","0","0","0","0","0","-","0","0","0","0","0","0","0","0","1","0","0","0","0","0","0","0","0","0","5","0","0","0","0","0","0","0","0","0","0","0","0","0","0","0","0","0","0","0","0","0"
"0x78a85776b560","@!P3  IMAD.WIDE R22, R18, 0x10, R54","4","1","4","218736","6999552","6999552","32","32","0","0","-","-","-","0","0","0","0","0","0","0","0","0","-","0","0","0","0","0","0","0","0","1","0","0","0","0","0","0","0","0","0","2","1","0","0","0","0","0","0","0","0","0","0","0","0","0","0","0","0","1","0","0","0"
"0x78a85776b570","@!P0  LDC R26, c[0x0][0x3c8]","49","1","49","218736","6999552","6832896","32","31","1","0","-","-","-","0","0","0","0","0","0","0","0","0","-","0","0","0","0","0","0","0","0","5","0","0","0","0","0","0","0","0","33","6","0","0","0","5","0","0","0","0","0","0","0","0","0","0","0","0","0","0","0","0","1"
"0x78a85776b580","@!P5  LDG.E.CONSTANT R40, desc[UR24][R16.64]","55","15","55","218736","6999552","6832896","32","31","1","0","Global","Load","32","427056","0","0","0","0","0","854112","854112","0","","0","0","0","0","0","0","0","0","7","0","0","0","0","0","23","0","0","24","1","0","0","0","0","0","0","0","0","0","0","0","0","15","0","0","0","0","0","0","0","0"
"0x78a85776b590","      IADD3 R18, PT, PT, R15, 0x30, RZ","3","0","3","218736","6999552","6999552","32","32","0","0","-","-","-","0","0","0","0","0","0","0","0","0","-","0","0","0","0","0","0","0","0","2","0","0","0","0","0","0","0","0","0","1","0","0","0","0","0","0","0","0","0","0","0","0","0","0","0","0","0","0","0","0","0"
"0x78a85776b5a0","      ISETP.GE.AND P4, PT, R25, UR11, PT","3","0","3","218736","6999552","6999552","32","32","0","0","-","-","-","0","0","0","0","0","0","0","0","0","-","0","0","0","0","0","0","0","0","0","0","0","0","0","0","0","0","0","0","3","0","0","0","0","0","0","0","0","0","0","0","0","0","0","0","0","0","0","0","0","0"
"0x78a85776b5b0","@!P2  IMAD.WIDE R24, R24, 0x18, R54","18","0","18","218736","6999552","6999552","32","32","0","0","-","-","-","0","0","0","0","0","0","0","0","0","-","0","0","0","0","0","0","0","0","0","0","0","0","9","0","0","0","0","7","2","0","0","0","0","0","0","0","0","0","0","0","0","0","0","0","0","0","0","0","0","0"
"0x78a85776b5c0","@!P1  LEA R16, P5, R20, UR30, 0x2","87","19","87","218736","6999552","6999552","32","32","0","0","-","-","-","0","0","0","0","0","0","0","0","0","-","0","0","0","0","0","0","0","0","8","0","0","43","3","0","0","0","0","31","2","0","0","0","0","0","0","1","0","0","18","0","0","0","0","0","0","0","0","0","0","0"
"0x78a85776b5d0","@!P1  LEA.HI.X R17, R20, UR31, R21, 0x2, P5","66","2","66","218736","6999552","6999552","32","32","0","0","-","-","-","0","0","0","0","0","0","0","0","0","-","0","0","0","0","0","0","0","0","8","0","0","0","3","0","0","0","0","42","6","0","0","0","7","0","0","0","0","0","0","0","0","0","0","0","0","0","0","0","0","2"
"0x78a85776b5e0","@!P3  LEA R20, P6, R22, UR30, 0x2","19","1","19","218736","6999552","6999552","32","32","0","0","-","-","-","0","0","0","0","0","0","0","0","0","-","0","0","0","0","0","0","0","0","2","0","0","0","0","0","0","0","0","11","2","0","0","0","4","0","0","0","0","0","0","0","0","0","0","0","0","0","0","0","0","1"
"0x78a85776b5f0","      ISETP.GE.AND P5, PT, R18, UR11, PT","3","0","3","218736","6999552","6999552","32","32","0","0","-","-","-","0","0","0","0","0","0","0","0","0","-","0","0","0","0","0","0","0","0","0","0","0","0","0","0","0","0","0","0","3","0","0","0","0","0","0","0","0","0","0","0","0","0","0","0","0","0","0","0","0","0"
"0x78a85776b600","      FFMA R69, R19, R29, R69","8","0","8","218736","6999552","6999552","32","32","0","0","-","-","-","0","0","0","0","0","0","0","0","0","-","0","0","0","0","0","0","0","0","1","0","0","0","0","0","0","0","0","0","7","0","0","0","0","0","0","0","0","0","0","0","0","0","0","0","0","0","0","0","0","0"
"0x78a85776b610","@!P3  LEA.HI.X R21, R22, UR31, R23, 0x2, P6","19","0","19","218736","6999552","6999552","32","32","0","0","-","-","-","0","0","0","0","0","0","0","0","0","-","0","0","0","0","0","0","0","0","2","0","0","0","3","0","0","0","0","14","0","0","0","0","0","0","0","0","0","0","0","0","0","0","0","0","0","0","0","0","0","0"
"0x78a85776b620","      FFMA R68, R19, R30, R68","3","0","3","218736","6999552","6999552","32","32","0","0","-","-","-","0","0","0","0","0","0","0","0","0","-","0","0","0","0","0","0","0","0","1","0","0","0","0","0","0","0","0","0","2","0","0","0","0","0","0","0","0","0","0","0","0","0","0","0","0","0","0","0","0","0"
"0x78a85776b630","@!P2  LEA R18, P6, R24, UR30, 0x2","3","0","3","218736","6999552","6999552","32","32","0","0","-","-","-","0","0","0","0","0","0","0","0","0","-","0","0","0","0","0","0","0","0","1","0","0","0","0","0","0","0","0","0","2","0","0","0","0","0","0","0","0","0","0","0","0","0","0","0","0","0","0","0","0","0"
"0x78a85776b640","      FFMA R76, R19, R31, R76","5","0","5","218736","6999552","6999552","32","32","0","0","-","-","-","0","0","0","0","0","0","0","0","0","-","0","0","0","0","0","0","0","0","2","0","0","0","0","0","0","0","0","0","3","0","0","0","0","0","0","0","0","0","0","0","0","0","0","0","0","0","0","0","0","0"
"0x78a85776b650","@!P4  LDC R29, c[0x0][0x3c8]","1","0","1","218736","6999552","6832896","32","31","1","0","-","-","-","0","0","0","0","0","0","0","0","0","-","0","0","0","0","0","0","0","0","0","0","0","0","0","0","0","0","0","0","1","0","0","0","0","0","0","0","0","0","0","0","0","0","0","0","0","0","0","0","0","0"
"0x78a85776b660","@!P1  LDG.E.CONSTANT R8, desc[UR24][R16.64]","21","6","21","218736","6999552","6999552","32","32","0","0","Global","Load","32","437472","0","0","0","0","0","874944","874944","0","","0","0","0","0","0","0","0","0","3","0","0","0","0","0","9","0","0","3","6","0","0","0","0","0","0","0","0","0","0","0","0","6","0","0","0","0","0","0","0","0"
"0x78a85776b670","@!P2  LEA.HI.X R19, R24, UR31, R25, 0x2, P6","7","0","7","218736","6999552","6999552","32","32","0","0","-","-","-","0","0","0","0","0","0","0","0","0","-","0","0","0","0","0","0","0","0","0","0","0","0","0","0","0","0","0","0","7","0","0","0","0","0","0","0","0","0","0","0","0","0","0","0","0","0","0","0","0","0"
"0x78a85776b680","      IADD3 R24, PT, PT, R15, 0x38, RZ","48","4","48","218736","6999552","6999552","32","32","0","0","-","-","-","0","0","0","0","0","0","0","0","0","-","0","0","0","0","0","0","0","0","6","0","0","0","3","0","0","0","0","31","3","0","0","0","5","0","0","0","0","0","0","0","0","0","0","0","1","0","0","0","0","3"
"0x78a85776b690","@!P0  IMAD.WIDE R26, R26, 0x20, R54","4","0","4","218736","6999552","6832896","32","31","1","0","-","-","-","0","0","0","0","0","0","0","0","0","-","0","0","0","0","0","0","0","0","0","0","0","0","0","0","0","0","0","0","4","0","0","0","0","0","0","0","0","0","0","0","0","0","0","0","0","0","0","0","0","0"
"0x78a85776b6a0","@!P3  LDG.E.CONSTANT R7, desc[UR24][R20.64]","50","16","50","218736","6999552","6999552","32","32","0","0","Global","Load","32","437472","0","0","0","0","0","874944","874944","0","","0","0","0","0","0","0","0","0","4","0","0","0","0","0","19","0","0","25","2","0","0","0","0","0","0","1","0","0","0","0","0","15","0","0","0","0","0","0","0","0"
"0x78a85776b6b0","@!P5  LDC R31, c[0x0][0x3c8]","19","1","19","218736","6999552","6832896","32","31","1","0","-","-","-","0","0","0","0","0","0","0","0","0","-","0","0","0","0","0","0","0","0","7","0","0","0","0","0","0","0","0","7","2","0","0","0","3","0","0","0","0","0","0","0","0","0","0","0","0","0","0","0","0","1"
"0x78a85776b6c0","      ISETP.GE.AND P1, PT, R24, UR11, PT","1","0","1","218736","6999552","6999552","32","32","0","0","-","-","-","0","0","0","0","0","0","0","0","0","-","0","0","0","0","0","0","0","0","0","0","0","0","0","0","0","0","0","0","1","0","0","0","0","0","0","0","0","0","0","0","0","0","0","0","0","0","0","0","0","0"
"0x78a85776b6d0","@!P2  LDG.E.CONSTANT R6, desc[UR24][R18.64]","44","11","44","218736","6999552","6999552","32","32","0","0","Global","Load","32","437472","0","0","0","0","0","874944","874944","0","","0","0","0","0","0","0","0","0","5","0","0","0","0","0","20","0","0","18","1","0","0","0","0","0","0","0","0","0","0","0","0","11","0","0","0","0","0","0","0","0"
"0x78a85776b6e0","@!P0  LEA R24, P2, R26, UR30, 0x2","3","0","3","218736","6999552","6832896","32","31","1","0","-","-","-","0","0","0","0","0","0","0","0","0","-","0","0","0","0","0","0","0","0","1","0","0","0","0","0","0","0","0","0","2","0","0","0","0","0","0","0","0","0","0","0","0","0","0","0","0","0","0","0","0","0"
"0x78a85776b6f0","@!P0  LEA.HI.X R25, R26, UR31, R27, 0x2, P2","59","2","59","218736","6999552","6832896","32","31","1","0","-","-","-","0","0","0","0","0","0","0","0","0","-","0","0","0","0","0","0","0","0","11","0","0","0","1","0","0","0","0","38","2","0","0","0","7","0","0","0","0","0","0","0","0","0","0","0","0","0","0","0","0","2"
"0x78a85776b700","      LDS.128 R20, [R11+0xcc0]","91","36","91","218736","6999552","6999552","32","32","0","0","Shared","Load","128","0","4","0","874944","874944","0","0","0","0","-","0","0","0","0","0","0","0","0","8","0","0","45","0","0","8","0","1","27","2","0","0","0","0","0","0","0","0","0","29","0","0","6","0","1","0","0","0","0","0","0"
"0x78a85776b710","@!P0  LDG.E.CONSTANT R5, desc[UR24][R24.64]","52","11","52","218736","6999552","6832896","32","31","1","0","Global","Load","32","427056","0","0","0","0","0","854112","854112","0","","0","0","0","0","0","0","0","0","6","0","1","0","0","0","11","0","0","23","1","0","0","0","10","0","0","0","0","1","0","0","0","8","0","0","0","0","0","0","0","2"
"0x78a85776b720","@!P1  LDC R28, c[0x0][0x3c8]","17","1","17","218736","6999552","6832896","32","31","1","0","-","-","-","0","0","0","0","0","0","0","0","0","-","0","0","0","0","0","0","0","0","1","0","0","0","0","0","0","0","0","6","5","0","0","0","5","0","0","0","0","0","0","0","0","0","0","0","0","0","0","0","0","1"
"0x78a85776b730","      LDS.128 R16, [R37+0xcc0]","43","9","43","218736","6999552","6999552","32","32","0","0","Shared","Load","128","0","2","0","437472","437472","0","0","0","0","-","0","0","0","0","0","0","0","0","1","0","0","0","0","0","11","0","0","24","2","0","0","0","5","0","0","0","0","0","0","0","0","5","0","0","0","0","0","0","0","4"
"0x78a85776b740","@!P4  IMAD.WIDE R24, R29, 0x28, R54","50","20","50","218736","6999552","6832896","32","31","1","0","-","-","-","0","0","0","0","0","0","0","0","0","-","0","0","0","0","0","0","0","0","3","0","0","31","7","0","0","0","0","8","1","0","0","0","0","0","0","0","0","0","19","1","0","0","0","0","0","0","0","0","0","0"
"0x78a85776b750","@!P5  IMAD.WIDE R30, R31, 0x30, R54","72","3","72","218736","6999552","6832896","32","31","1","0","-","-","-","0","0","0","0","0","0","0","0","0","-","0","0","0","0","0","0","0","0","5","0","0","0","19","0","0","0","0","29","7","0","0","0","12","0","0","0","0","0","0","0","0","0","0","0","0","0","0","0","0","3"
"0x78a85776b760","@!P4  LEA R26, P0, R24, UR30, 0x2","1","0","1","218736","6999552","6832896","32","31","1","0","-","-","-","0","0","0","0","0","0","0","0","0","-","0","0","0","0","0","0","0","0","0","0","0","0","0","0","0","0","0","0","1","0","0","0","0","0","0","0","0","0","0","0","0","0","0","0","0","0","0","0","0","0"
"0x78a85776b770","@!P4  LEA.HI.X R27, R24, UR31, R25, 0x2, P0","70","10","70","218736","6999552","6832896","32","31","1","0","-","-","-","0","0","0","0","0","0","0","0","0","-","0","0","0","0","0","0","0","0","16","0","0","0","3","0","0","0","0","35","3","0","0","0","13","0","0","5","0","0","0","0","0","0","0","0","0","0","0","0","0","5"
"0x78a85776b780","@!P5  LEA R24, P0, R30, UR30, 0x2","13","1","13","218736","6999552","6832896","32","31","1","0","-","-","-","0","0","0","0","0","0","0","0","0","-","0","0","0","0","0","0","0","0","1","0","0","0","2","0","0","0","0","9","0","0","0","0","1","0","0","0","0","0","0","0","0","0","0","0","0","0","0","0","0","1"
"0x78a85776b790","@!P4  LDG.E.CONSTANT R4, desc[UR24][R26.64]","95","26","95","218736","6999552","6832896","32","31","1","0","Global","Load","32","427056","0","0","0","0","0","854112","854112","0","","0","0","0","0","0","0","0","0","5","0","0","0","0","0","30","0","0","51","1","0","0","0","8","0","0","0","0","0","0","0","0","23","0","0","0","0","0","0","0","3"
"0x78a85776b7a0","@!P5  LEA.HI.X R25, R30, UR31, R31, 0x2, P0","5","0","5","218736","6999552","6832896","32","31","1","0","-","-","-","0","0","0","0","0","0","0","0","0","-","0","0","0","0","0","0","0","0","2","0","0","0","0","0","0","0","0","0","3","0","0","0","0","0","0","0","0","0","0","0","0","0","0","0","0","0","0","0","0","0"
"0x78a85776b7b0","      ISETP.GE.AND P2, PT, R15, UR11, PT","6","0","6","218736","6999552","6999552","32","32","0","0","-","-","-","0","0","0","0","0","0","0","0","0","-","0","0","0","0","0","0","0","0","0","0","0","0","0","0","0","0","0","0","6","0","0","0","0","0","0","0","0","0","0","0","0","0","0","0","0","0","0","0","0","0"
"0x78a85776b7c0","@!P5  LDG.E.CONSTANT R3, desc[UR24][R24.64]","77","16","77","218736","6999552","6832896","32","31","1","0","Global","Load","32","427056","0","0","0","0","0","854112","854112","0","","0","0","0","0","0","0","0","0","9","0","0","0","0","0","15","0","0","40","3","0","0","0","10","0","0","0","0","0","0","0","0","11","0","0","0","0","0","0","0","5"
"0x78a85776b7d0","@!P1  IMAD.WIDE R26, R28, 0x38, R54","66","21","66","218736","6999552","6832896","32","31","1","0","-","-","-","0","0","0","0","0","0","0","0","0","-","0","0","0","0","0","0","0","0","3","0","0","39","10","0","0","0","0","12","2","0","0","0","0","0","0","0","0","0","21","0","0","0","0","0","0","0","0","0","0","0"
"0x78a85776b7e0","      LDS.128 R28, [R11+0xd40]","81","19","81","218736","6999552","6999552","32","32","0","0","Shared","Load","128","0","4","0","874944","874944","0","0","0","0","-","0","0","0","0","0","0","0","0","12","0","0","0","0","0","23","0","0","35","2","0","0","0","9","0","0","0","0","0","0","0","0","18","0","0","0","0","0","0","0","1"
"0x78a85776b7f0","@!P1  LEA R24, P0, R26, UR30, 0x2","39","7","39","218736","6999552","6832896","32","31","1","0","-","-","-","0","0","0","0","0","0","0","0","0","-","0","0","0","0","0","0","0","0","5","0","0","10","0","0","0","0","0","16","8","0","0","0","0","0","0","1","0","0","6","0","0","0","0","0","0","0","0","0","0","0"
"0x78a85776b800","@!P1  LEA.HI.X R25, R26, UR31, R27, 0x2, P0","46","2","46","218736","6999552","6832896","32","31","1","0","-","-","-","0","0","0","0","0","0","0","0","0","-","0","0","0","0","0","0","0","0","1","0","0","0","2","0","0","0","0","36","1","0","0","0","6","0","0","0","0","0","0","0","0","0","0","0","0","0","0","0","0","2"
"0x78a85776b810","@!P1  LDG.E.CONSTANT R14, desc[UR24][R24.64]","90","15","90","218736","6999552","6832896","32","31","1","0","Global","Load","32","427056","0","0","0","0","0","854112","854112","0","","0","0","0","0","0","0","0","0","7","0","0","0","0","0","18","0","0","48","3","0","0","0","14","0","0","0","0","0","0","0","0","12","0","0","0","0","0","0","0","3"
"0x78a85776b820","@!P2  LEA R24, P0, R54, UR30, 0x2","150","47","150","218736","6999552","6999552","32","32","0","0","-","-","-","0","0","0","0","0","0","0","0","0","-","0","0","0","0","0","0","0","0","6","0","0","99","3","0","0","0","0","37","1","0","0","0","4","0","0","1","0","0","45","0","0","0","0","0","0","0","0","0","0","1"
"0x78a85776b830","@!P2  LEA.HI.X R25, R54, UR31, R55, 0x2, P0","62","2","62","218736","6999552","6999552","32","32","0","0","-","-","-","0","0","0","0","0","0","0","0","0","-","0","0","0","0","0","0","0","0","6","0","0","0","6","0","0","0","0","44","2","0","0","0","4","0","0","0","0","0","0","0","0","0","0","0","0","0","0","0","0","2"
"0x78a85776b840","@!P2  LDG.E.CONSTANT R9, desc[UR24][R24.64]","91","30","91","218736","6999552","6999552","32","32","0","0","Global","Load","32","437472","0","0","0","0","0","874944","874944","0","","0","0","0","0","0","0","0","0","4","0","0","0","0","0","25","0","0","38","2","0","0","0","22","0","0","0","0","0","0","0","0","18","0","0","0","0","0","0","0","12"
"0x78a85776b850","      FFMA R75, R20, R16, R75","45","34","45","218736","6999552","6999552","32","32","0","0","-","-","-","0","0","0","0","0","0","0","0","0","-","0","0","0","0","0","0","0","0","0","0","0","41","0","0","0","0","0","0","4","0","0","0","0","0","0","0","0","0","34","0","0","0","0","0","0","0","0","0","0","0"
"0x78a85776b860","      FFMA R74, R20, R17, R74","1","0","1","218736","6999552","6999552","32","32","0","0","-","-","-","0","0","0","0","0","0","0","0","0","-","0","0","0","0","0","0","0","0","0","0","0","0","0","0","0","0","0","0","1","0","0","0","0","0","0","0","0","0","0","0","0","0","0","0","0","0","0","0","0","0"
"0x78a85776b870","      FFMA R73, R20, R18, R73","6","0","6","218736","6999552","6999552","32","32","0","0","-","-","-","0","0","0","0","0","0","0","0","0","-","0","0","0","0","0","0","0","0","0","0","0","0","0","0","0","0","0","0","6","0","0","0","0","0","0","0","0","0","0","0","0","0","0","0","0","0","0","0","0","0"
"0x78a85776b880","      FFMA R72, R20, R19, R72","3","0","3","218736","6999552","6999552","32","32","0","0","-","-","-","0","0","0","0","0","0","0","0","0","-","0","0","0","0","0","0","0","0","0","0","0","0","0","0","0","0","0","0","3","0","0","0","0","0","0","0","0","0","0","0","0","0","0","0","0","0","0","0","0","0"
"0x78a85776b890","      FFMA R51, R21, R16, R51","2","0","2","218736","6999552","6999552","32","32","0","0","-","-","-","0","0","0","0","0","0","0","0","0","-","0","0","0","0","0","0","0","0","0","0","0","0","0","0","0","0","0","0","2","0","0","0","0","0","0","0","0","0","0","0","0","0","0","0","0","0","0","0","0","0"
"0x78a85776b8a0","      FFMA R52, R21, R17, R52","2","0","2","218736","6999552","6999552","32","32","0","0","-","-","-","0","0","0","0","0","0","0","0","0","-","0","0","0","0","0","0","0","0","0","0","0","0","0","0","0","0","0","0","2","0","0","0","0","0","0","0","0","0","0","0","0","0","0","0","0","0","0","0","0","0"
"0x78a85776b8b0","      FFMA R53, R21, R18, R53","6","0","6","218736","6999552","6999552","32","32","0","0","-","-","-","0","0","0","0","0","0","0","0","0","-","0","0","0","0","0","0","0","0","0","0","0","0","0","0","0","0","0","0","6","0","0","0","0","0","0","0","0","0","0","0","0","0","0","0","0","0","0","0","0","0"
"0x78a85776b8c0","      FFMA R56, R21, R19, R56","8","0","8","218736","6999552","6999552","32","32","0","0","-","-","-","0","0","0","0","0","0","0","0","0","-","0","0","0","0","0","0","0","0","0","0","0","0","0","0","0","0","0","0","8","0","0","0","0","0","0","0","0","0","0","0","0","0","0","0","0","0","0","0","0","0"
"0x78a85776b8d0","      FFMA R57, R22, R16, R57","3","0","3","218736","6999552","6999552","32","32","0","0","-","-","-","0","0","0","0","0","0","0","0","0","-","0","0","0","0","0","0","0","0","0","0","0","0","0","0","0","0","0","0","3","0","0","0","0","0","0","0","0","0","0","0","0","0","0","0","0","0","0","0","0","0"
"0x78a85776b8e0","      FFMA R58, R22, R17, R58","8","0","8","218736","6999552","6999552","32","32","0","0","-","-","-","0","0","0","0","0","0","0","0","0","-","0","0","0","0","0","0","0","0","3","0","0","0","0","0","0","0","0","0","5","0","0","0","0","0","0","0","0","0","0","0","0","0","0","0","0","0","0","0","0","0"
"0x78a85776b8f0","      FFMA R59, R22, R18, R59","7","0","7","218736","6999552","6999552","32","32","0","0","-","-","-","0","0","0","0","0","0","0","0","0","-","0","0","0","0","0","0","0","0","1","0","0","0","0","0","0","0","0","0","6","0","0","0","0","0","0","0","0","0","0","0","0","0","0","0","0","0","0","0","0","0"
"0x78a85776b900","      FFMA R63, R22, R19, R63","4","0","4","218736","6999552","6999552","32","32","0","0","-","-","-","0","0","0","0","0","0","0","0","0","-","0","0","0","0","0","0","0","0","0","0","0","0","0","0","0","0","0","0","4","0","0","0","0","0","0","0","0","0","0","0","0","0","0","0","0","0","0","0","0","0"
"0x78a85776b910","      FFMA R45, R23, R16, R45","3","0","3","218736","6999552","6999552","32","32","0","0","-","-","-","0","0","0","0","0","0","0","0","0","-","0","0","0","0","0","0","0","0","0","0","0","0","0","0","0","0","0","0","3","0","0","0","0","0","0","0","0","0","0","0","0","0","0","0","0","0","0","0","0","0"
"0x78a85776b920","      FFMA R46, R23, R17, R46","3","0","3","218736","6999552","6999552","32","32","0","0","-","-","-","0","0","0","0","0","0","0","0","0","-","0","0","0","0","0","0","0","0","1","0","0","0","0","0","0","0","0","0","2","0","0","0","0","0","0","0","0","0","0","0","0","0","0","0","0","0","0","0","0","0"
"0x78a85776b930","      FFMA R44, R23, R18, R44","11","0","11","218736","6999552","6999552","32","32","0","0","-","-","-","0","0","0","0","0","0","0","0","0","-","0","0","0","0","0","0","0","0","0","0","0","0","0","0","0","0","0","0","11","0","0","0","0","0","0","0","0","0","0","0","0","0","0","0","0","0","0","0","0","0"
"0x78a85776b940","      FFMA R47, R23, R19, R47","5","0","5","218736","6999552","6999552","32","32","0","0","-","-","-","0","0","0","0","0","0","0","0","0","-","0","0","0","0","0","0","0","0","2","0","0","0","0","0","0","0","0","0","3","0","0","0","0","0","0","0","0","0","0","0","0","0","0","0","0","0","0","0","0","0"
"0x78a85776b950","      LDS.128 R24, [R11+0xdd0]","91","17","91","218736","6999552","6999552","32","32","0","0","Shared","Load","128","0","4","0","874944","874944","0","0","0","0","-","0","0","0","0","0","0","0","0","6","0","0","43","0","0","7","0","0","33","2","0","0","0","0","0","0","0","0","0","12","0","0","5","0","0","0","0","0","0","0","0"
"0x78a85776b960","      FFMA R48, R28, R16, R48","9","1","9","218736","6999552","6999552","32","32","0","0","-","-","-","0","0","0","0","0","0","0","0","0","-","0","0","0","0","0","0","0","0","2","0","0","0","0","0","0","0","0","1","3","3","0","0","0","0","0","0","0","0","0","0","0","0","0","0","0","0","1","0","0","0"
"0x78a85776b970","      FFMA R49, R28, R17, R49","2","0","2","218736","6999552","6999552","32","32","0","0","-","-","-","0","0","0","0","0","0","0","0","0","-","0","0","0","0","0","0","0","0","0","0","0","0","0","0","0","0","0","0","2","0","0","0","0","0","0","0","0","0","0","0","0","0","0","0","0","0","0","0","0","0"
"0x78a85776b980","      FFMA R50, R28, R18, R50","8","0","8","218736","6999552","6999552","32","32","0","0","-","-","-","0","0","0","0","0","0","0","0","0","-","0","0","0","0","0","0","0","0","1","0","0","0","0","0","0","0","2","1","4","0","0","0","0","0","0","0","0","0","0","0","0","0","0","0","0","0","0","0","0","0"
"0x78a85776b990","      LDS.128 R20, [R37+0xdd0]","9","3","9","218736","6999552","6999552","32","32","0","0","Shared","Load","128","0","2","0","437472","437472","0","0","0","0","-","0","0","0","0","0","0","0","0","1","0","0","0","0","0","6","0","0","2","0","0","0","0","0","0","0","0","0","0","0","0","0","3","0","0","0","0","0","0","0","0"
"0x78a85776b9a0","      FFMA R60, R28, R19, R60","2","0","2","218736","6999552","6999552","32","32","0","0","-","-","-","0","0","0","0","0","0","0","0","0","-","0","0","0","0","0","0","0","0","0","0","0","0","0","0","0","0","0","0","2","0","0","0","0","0","0","0","0","0","0","0","0","0","0","0","0","0","0","0","0","0"
"0x78a85776b9b0","      FFMA R61, R29, R16, R61","1","0","1","218736","6999552","6999552","32","32","0","0","-","-","-","0","0","0","0","0","0","0","0","0","-","0","0","0","0","0","0","0","0","0","0","0","0","0","0","0","0","0","0","1","0","0","0","0","0","0","0","0","0","0","0","0","0","0","0","0","0","0","0","0","0"
"0x78a85776b9c0","      FFMA R71, R29, R17, R71","3","0","3","218736","6999552","6999552","32","32","0","0","-","-","-","0","0","0","0","0","0","0","0","0","-","0","0","0","0","0","0","0","0","1","0","0","0","0","0","0","0","0","0","2","0","0","0","0","0","0","0","0","0","0","0","0","0","0","0","0","0","0","0","0","0"
"0x78a85776b9d0","      FFMA R70, R29, R18, R70","8","0","8","218736","6999552","6999552","32","32","0","0","-","-","-","0","0","0","0","0","0","0","0","0","-","0","0","0","0","0","0","0","0","0","0","0","0","0","0","0","0","0","0","8","0","0","0","0","0","0","0","0","0","0","0","0","0","0","0","0","0","0","0","0","0"
"0x78a85776b9e0","      FFMA R42, R29, R19, R42","2","0","2","218736","6999552","6999552","32","32","0","0","-","-","-","0","0","0","0","0","0","0","0","0","-","0","0","0","0","0","0","0","0","0","0","0","0","0","0","0","0","0","0","2","0","0","0","0","0","0","0","0","0","0","0","0","0","0","0","0","0","0","0","0","0"
"0x78a85776b9f0","      FFMA R41, R30, R16, R41","4","0","4","218736","6999552","6999552","32","32","0","0","-","-","-","0","0","0","0","0","0","0","0","0","-","0","0","0","0","0","0","0","0","0","0","0","0","0","0","0","0","0","0","4","0","0","0","0","0","0","0","0","0","0","0","0","0","0","0","0","0","0","0","0","0"
"0x78a85776ba00","      FFMA R43, R30, R17, R43","5","1","5","218736","6999552","6999552","32","32","0","0","-","-","-","0","0","0","0","0","0","0","0","0","-","0","0","0","0","0","0","0","0","0","0","0","0","0","0","0","0","1","1","3","0","0","0","0","0","0","0","0","0","0","0","0","0","0","1","0","0","0","0","0","0"
"0x78a85776ba10","      FFMA R62, R30, R18, R62","5","0","5","218736","6999552","6999552","32","32","0","0","-","-","-","0","0","0","0","0","0","0","0","0","-","0","0","0","0","0","0","0","0","1","0","0","0","0","0","0","0","0","0","4","0","0","0","0","0","0","0","0","0","0","0","0","0","0","0","0","0","0","0","0","0"
"0x78a85776ba20","      FFMA R66, R30, R19, R66","3","0","3","218736","6999552","6999552","32","32","0","0","-","-","-","0","0","0","0","0","0","0","0","0","-","0","0","0","0","0","0","0","0","0","0","0","0","0","0","0","0","0","0","3","0","0","0","0","0","0","0","0","0","0","0","0","0","0","0","0","0","0","0","0","0"
"0x78a85776ba30","      FFMA R67, R31, R16, R67","3","0","3","218736","6999552","6999552","32","32","0","0","-","-","-","0","0","0","0","0","0","0","0","0","-","0","0","0","0","0","0","0","0","0","0","0","0","0","0","0","0","0","0","3","0","0","0","0","0","0","0","0","0","0","0","0","0","0","0","0","0","0","0","0","0"
"0x78a85776ba40","      FFMA R69, R31, R17, R69","3","0","3","218736","6999552","6999552","32","32","0","0","-","-","-","0","0","0","0","0","0","0","0","0","-","0","0","0","0","0","0","0","0","0","0","0","0","0","0","0","0","0","0","3","0","0","0","0","0","0","0","0","0","0","0","0","0","0","0","0","0","0","0","0","0"
"0x78a85776ba50","      FFMA R68, R31, R18, R68","2","0","2","218736","6999552","6999552","32","32","0","0","-","-","-","0","0","0","0","0","0","0","0","0","-","0","0","0","0","0","0","0","0","0","0","0","0","0","0","0","0","0","0","2","0","0","0","0","0","0","0","0","0","0","0","0","0","0","0","0","0","0","0","0","0"
"0x78a85776ba60","      FFMA R76, R31, R19, R76","0","0","0","218736","6999552","6999552","32","32","0","0","-","-","-","0","0","0","0","0","0","0","0","0","-","0","0","0","0","0","0","0","0","0","0","0","0","0","0","0","0","0","0","0","0","0","0","0","0","0","0","0","0","0","0","0","0","0","0","0","0","0","0","0","0"
"0x78a85776ba70","      LDS.128 R16, [R11+0xe50]","86","11","86","218736","6999552","6999552","32","32","0","0","Shared","Load","128","0","4","0","874944","874944","0","0","0","0","-","0","0","0","0","0","0","0","0","13","0","0","0","0","0","16","0","0","52","1","0","0","0","4","0","0","0","0","0","0","0","0","10","0","0","0","0","0","0","0","1"
"0x78a85776ba80","      LDS.128 R28, [R37+0xee0]","69","18","69","218736","6999552","6999552","32","32","0","0","Shared","Load","128","0","2","0","437472","437472","0","0","0","0","-","0","0","0","0","0","0","0","0","6","0","0","0","0","0","25","0","0","25","3","0","0","0","10","0","0","0","0","0","0","0","0","17","0","0","0","0","0","0","0","1"
"0x78a85776ba90","      FFMA R75, R24, R20, R75","156","48","156","218736","6999552","6999552","32","32","0","0","-","-","-","0","0","0","0","0","0","0","0","0","-","0","0","0","0","0","0","0","0","4","0","0","0","0","0","0","0","0","14","5","133","0","0","0","0","0","0","0","0","0","0","0","0","0","0","0","0","48","0","0","0"
"0x78a85776baa0","      FFMA R74, R24, R21, R74","5","0","5","218736","6999552","6999552","32","32","0","0","-","-","-","0","0","0","0","0","0","0","0","0","-","0","0","0","0","0","0","0","0","0","0","0","0","0","0","0","0","0","0","5","0","0","0","0","0","0","0","0","0","0","0","0","0","0","0","0","0","0","0","0","0"
"0x78a85776bab0","      FFMA R73, R24, R22, R73","2","0","2","218736","6999552","6999552","32","32","0","0","-","-","-","0","0","0","0","0","0","0","0","0","-","0","0","0","0","0","0","0","0","0","0","0","0","0","0","0","0","0","0","2","0","0","0","0","0","0","0","0","0","0","0","0","0","0","0","0","0","0","0","0","0"
"0x78a85776bac0","      FFMA R72, R24, R23, R72","3","0","3","218736","6999552","6999552","32","32","0","0","-","-","-","0","0","0","0","0","0","0","0","0","-","0","0","0","0","0","0","0","0","0","0","0","0","0","0","0","0","0","0","3","0","0","0","0","0","0","0","0","0","0","0","0","0","0","0","0","0","0","0","0","0"
"0x78a85776bad0","      FFMA R51, R25, R20, R51","3","0","3","218736","6999552","6999552","32","32","0","0","-","-","-","0","0","0","0","0","0","0","0","0","-","0","0","0","0","0","0","0","0","0","0","0","0","0","0","0","0","0","0","3","0","0","0","0","0","0","0","0","0","0","0","0","0","0","0","0","0","0","0","0","0"
"0x78a85776bae0","      FFMA R52, R25, R21, R52","4","0","4","218736","6999552","6999552","32","32","0","0","-","-","-","0","0","0","0","0","0","0","0","0","-","0","0","0","0","0","0","0","0","0","0","0","0","0","0","0","0","0","0","4","0","0","0","0","0","0","0","0","0","0","0","0","0","0","0","0","0","0","0","0","0"
"0x78a85776baf0","      FFMA R53, R25, R22, R53","4","0","4","218736","6999552","6999552","32","32","0","0","-","-","-","0","0","0","0","0","0","0","0","0","-","0","0","0","0","0","0","0","0","0","0","0","0","0","0","0","0","0","0","4","0","0","0","0","0","0","0","0","0","0","0","0","0","0","0","0","0","0","0","0","0"
"0x78a85776bb00","      FFMA R56, R25, R23, R56","4","0","4","218736","6999552","6999552","32","32","0","0","-","-","-","0","0","0","0","0","0","0","0","0","-","0","0","0","0","0","0","0","0","0","0","0","0","0","0","0","0","0","0","4","0","0","0","0","0","0","0","0","0","0","0","0","0","0","0","0","0","0","0","0","0"
"0x78a85776bb10","      FFMA R57, R26, R20, R57","5","0","5","218736","6999552","6999552","32","32","0","0","-","-","-","0","0","0","0","0","0","0","0","0","-","0","0","0","0","0","0","0","0","0","0","0","0","0","0","0","0","0","0","5","0","0","0","0","0","0","0","0","0","0","0","0","0","0","0","0","0","0","0","0","0"
"0x78a85776bb20","      FFMA R58, R26, R21, R58","2","0","2","218736","6999552","6999552","32","32","0","0","-","-","-","0","0","0","0","0","0","0","0","0","-","0","0","0","0","0","0","0","0","1","0","0","0","0","0","0","0","0","0","1","0","0","0","0","0","0","0","0","0","0","0","0","0","0","0","0","0","0","0","0","0"
"0x78a85776bb30","      FFMA R59, R26, R22, R59","3","0","3","218736","6999552","6999552","32","32","0","0","-","-","-","0","0","0","0","0","0","0","0","0","-","0","0","0","0","0","0","0","0","0","0","0","0","0","0","0","0","0","0","3","0","0","0","0","0","0","0","0","0","0","0","0","0","0","0","0","0","0","0","0","0"
"0x78a85776bb40","      FFMA R63, R26, R23, R63","5","0","5","218736","6999552","6999552","32","32","0","0","-","-","-","0","0","0","0","0","0","0","0","0","-","0","0","0","0","0","0","0","0","0","0","0","0","0","0","0","0","0","0","5","0","0","0","0","0","0","0","0","0","0","0","0","0","0","0","0","0","0","0","0","0"
"0x78a85776bb50","      FFMA R45, R27, R20, R45","1","0","1","218736","6999552","6999552","32","32","0","0","-","-","-","0","0","0","0","0","0","0","0","0","-","0","0","0","0","0","0","0","0","0","0","0","0","0","0","0","0","0","0","1","0","0","0","0","0","0","0","0","0","0","0","0","0","0","0","0","0","0","0","0","0"
"0x78a85776bb60","      FFMA R46, R27, R21, R46","1","0","1","218736","6999552","6999552","32","32","0","0","-","-","-","0","0","0","0","0","0","0","0","0","-","0","0","0","0","0","0","0","0","1","0","0","0","0","0","0","0","0","0","0","0","0","0","0","0","0","0","0","0","0","0","0","0","0","0","0","0","0","0","0","0"
"0x78a85776bb70","      FFMA R44, R27, R22, R44","4","0","4","218736","6999552","6999552","32","32","0","0","-","-","-","0","0","0","0","0","0","0","0","0","-","0","0","0","0","0","0","0","0","0","0","0","0","0","0","0","0","0","0","4","0","0","0","0","0","0","0","0","0","0","0","0","0","0","0","0","0","0","0","0","0"
"0x78a85776bb80","      FFMA R47, R27, R23, R47","5","0","5","218736","6999552","6999552","32","32","0","0","-","-","-","0","0","0","0","0","0","0","0","0","-","0","0","0","0","0","0","0","0","0","0","0","0","0","0","0","0","0","1","4","0","0","0","0","0","0","0","0","0","0","0","0","0","0","0","0","0","0","0","0","0"
"0x78a85776bb90","      FFMA R48, R16, R20, R48","77","16","77","218736","6999552","6999552","32","32","0","0","-","-","-","0","0","0","0","0","0","0","0","0","-","0","0","0","0","0","0","0","0","4","0","0","0","0","0","0","0","0","20","2","51","0","0","0","0","0","0","0","0","0","0","0","0","0","0","0","0","16","0","0","0"
"0x78a85776bba0","      LDS.128 R24, [R11+0xee0]","27","10","27","218736","6999552","6999552","32","32","0","0","Shared","Load","128","0","4","0","874944","874944","0","0","0","0","-","0","0","0","0","0","0","0","0","5","0","0","0","0","0","13","0","0","8","1","0","0","0","0","0","0","0","0","0","0","0","0","10","0","0","0","0","0","0","0","0"
"0x78a85776bbb0","      FFMA R49, R16, R21, R49","1","0","1","218736","6999552","6999552","32","32","0","0","-","-","-","0","0","0","0","0","0","0","0","0","-","0","0","0","0","0","0","0","0","0","0","0","0","0","0","0","0","0","0","1","0","0","0","0","0","0","0","0","0","0","0","0","0","0","0","0","0","0","0","0","0"
"0x78a85776bbc0","      FFMA R50, R16, R22, R50","4","0","4","218736","6999552","6999552","32","32","0","0","-","-","-","0","0","0","0","0","0","0","0","0","-","0","0","0","0","0","0","0","0","1","0","0","0","0","0","0","0","0","0","3","0","0","0","0","0","0","0","0","0","0","0","0","0","0","0","0","0","0","0","0","0"
"0x78a85776bbd0","      FFMA R60, R16, R23, R60","0","0","0","218736","6999552","6999552","32","32","0","0","-","-","-","0","0","0","0","0","0","0","0","0","-","0","0","0","0","0","0","0","0","0","0","0","0","0","0","0","0","0","0","0","0","0","0","0","0","0","0","0","0","0","0","0","0","0","0","0","0","0","0","0","0"
"0x78a85776bbe0","      FFMA R61, R17, R20, R61","12","0","12","218736","6999552","6999552","32","32","0","0","-","-","-","0","0","0","0","0","0","0","0","0","-","0","0","0","0","0","0","0","0","5","0","0","0","0","0","0","0","0","0","7","0","0","0","0","0","0","0","0","0","0","0","0","0","0","0","0","0","0","0","0","0"
"0x78a85776bbf0","      FFMA R71, R17, R21, R71","5","0","5","218736","6999552","6999552","32","32","0","0","-","-","-","0","0","0","0","0","0","0","0","0","-","0","0","0","0","0","0","0","0","0","0","0","0","0","0","0","0","0","0","5","0","0","0","0","0","0","0","0","0","0","0","0","0","0","0","0","0","0","0","0","0"
"0x78a85776bc00","      FFMA R70, R17, R22, R70","3","0","3","218736","6999552","6999552","32","32","0","0","-","-","-","0","0","0","0","0","0","0","0","0","-","0","0","0","0","0","0","0","0","0","0","0","0","0","0","0","0","0","2","1","0","0","0","0","0","0","0","0","0","0","0","0","0","0","0","0","0","0","0","0","0"
"0x78a85776bc10","      FFMA R42, R17, R23, R42","2","0","2","218736","6999552","6999552","32","32","0","0","-","-","-","0","0","0","0","0","0","0","0","0","-","0","0","0","0","0","0","0","0","0","0","0","0","0","0","0","0","0","0","2","0","0","0","0","0","0","0","0","0","0","0","0","0","0","0","0","0","0","0","0","0"
"0x78a85776bc20","      FFMA R41, R18, R20, R41","4","0","4","218736","6999552","6999552","32","32","0","0","-","-","-","0","0","0","0","0","0","0","0","0","-","0","0","0","0","0","0","0","0","0","0","0","0","0","0","0","0","0","0","4","0","0","0","0","0","0","0","0","0","0","0","0","0","0","0","0","0","0","0","0","0"
"0x78a85776bc30","      FFMA R43, R18, R21, R43","4","0","4","218736","6999552","6999552","32","32","0","0","-","-","-","0","0","0","0","0","0","0","0","0","-","0","0","0","0","0","0","0","0","1","0","0","0","0","0","0","0","0","0","3","0","0","0","0","0","0","0","0","0","0","0","0","0","0","0","0","0","0","0","0","0"
"0x78a85776bc40","      FFMA R62, R18, R22, R62","7","0","7","218736","6999552","6999552","32","32","0","0","-","-","-","0","0","0","0","0","0","0","0","0","-","0","0","0","0","0","0","0","0","3","0","0","0","0","0","0","0","0","0","4","0","0","0","0","0","0","0","0","0","0","0","0","0","0","0","0","0","0","0","0","0"
"0x78a85776bc50","      FFMA R66, R18, R23, R66","3","0","3","218736","6999552","6999552","32","32","0","0","-","-","-","0","0","0","0","0","0","0","0","0","-","0","0","0","0","0","0","0","0","0","0","0","0","0","0","0","0","0","0","3","0","0","0","0","0","0","0","0","0","0","0","0","0","0","0","0","0","0","0","0","0"
"0x78a85776bc60","      FFMA R67, R19, R20, R67","2","0","2","218736","6999552","6999552","32","32","0","0","-","-","-","0","0","0","0","0","0","0","0","0","-","0","0","0","0","0","0","0","0","0","0","0","0","0","0","0","0","0","0","2","0","0","0","0","0","0","0","0","0","0","0","0","0","0","0","0","0","0","0","0","0"
"0x78a85776bc70","      FFMA R69, R19, R21, R69","3","0","3","218736","6999552","6999552","32","32","0","0","-","-","-","0","0","0","0","0","0","0","0","0","-","0","0","0","0","0","0","0","0","0","0","0","0","0","0","0","0","0","0","3","0","0","0","0","0","0","0","0","0","0","0","0","0","0","0","0","0","0","0","0","0"
"0x78a85776bc80","      FFMA R68, R19, R22, R68","7","0","7","218736","6999552","6999552","32","32","0","0","-","-","-","0","0","0","0","0","0","0","0","0","-","0","0","0","0","0","0","0","0","0","0","0","0","0","0","0","0","0","0","7","0","0","0","0","0","0","0","0","0","0","0","0","0","0","0","0","0","0","0","0","0"
"0x78a85776bc90","      FFMA R76, R19, R23, R76","5","0","5","218736","6999552","6999552","32","32","0","0","-","-","-","0","0","0","0","0","0","0","0","0","-","0","0","0","0","0","0","0","0","0","0","0","0","0","0","0","0","0","0","5","0","0","0","0","0","0","0","0","0","0","0","0","0","0","0","0","0","0","0","0","0"
"0x78a85776bca0","      LDS.128 R16, [R11+0xf60]","57","2","57","218736","6999552","6999552","32","32","0","0","Shared","Load","128","0","4","0","874944","874944","0","0","0","0","-","0","0","0","0","0","0","0","0","9","0","0","0","0","0","5","0","0","40","1","0","0","0","2","0","0","0","0","0","0","0","0","2","0","0","0","0","0","0","0","0"
"0x78a85776bcb0","      LDS.128 R20, [R11+0xff0]","56","11","56","218736","6999552","6999552","32","32","0","0","Shared","Load","128","0","4","0","874944","874944","0","0","0","0","-","0","0","0","0","0","0","0","0","5","0","0","0","0","0","14","0","0","20","2","0","0","0","15","0","0","0","0","0","0","0","0","9","0","0","1","0","0","0","0","1"
"0x78a85776bcc0","      FFMA R75, R24, R28, R75","171","56","171","218736","6999552","6999552","32","32","0","0","-","-","-","0","0","0","0","0","0","0","0","0","-","0","0","0","0","0","0","0","0","5","0","0","0","0","0","0","0","0","26","2","138","0","0","0","0","0","0","0","0","0","0","0","0","0","0","0","0","56","0","0","0"
"0x78a85776bcd0","      FFMA R74, R24, R29, R74","7","0","7","218736","6999552","6999552","32","32","0","0","-","-","-","0","0","0","0","0","0","0","0","0","-","0","0","0","0","0","0","0","0","3","0","0","0","0","0","0","0","0","0","4","0","0","0","0","0","0","0","0","0","0","0","0","0","0","0","0","0","0","0","0","0"
"0x78a85776bce0","      FFMA R73, R24, R30, R73","5","0","5","218736","6999552","6999552","32","32","0","0","-","-","-","0","0","0","0","0","0","0","0","0","-","0","0","0","0","0","0","0","0","1","0","0","0","0","0","0","0","0","0","4","0","0","0","0","0","0","0","0","0","0","0","0","0","0","0","0","0","0","0","0","0"
"0x78a85776bcf0","      FFMA R72, R24, R31, R72","8","0","8","218736","6999552","6999552","32","32","0","0","-","-","-","0","0","0","0","0","0","0","0","0","-","0","0","0","0","0","0","0","0","1","0","0","0","0","0","0","0","0","0","7","0","0","0","0","0","0","0","0","0","0","0","0","0","0","0","0","0","0","0","0","0"
"0x78a85776bd00","      FFMA R51, R25, R28, R51","3","0","3","218736","6999552","6999552","32","32","0","0","-","-","-","0","0","0","0","0","0","0","0","0","-","0","0","0","0","0","0","0","0","0","0","0","0","0","0","0","0","0","0","3","0","0","0","0","0","0","0","0","0","0","0","0","0","0","0","0","0","0","0","0","0"
"0x78a85776bd10","      FFMA R52, R25, R29, R52","1","0","1","218736","6999552","6999552","32","32","0","0","-","-","-","0","0","0","0","0","0","0","0","0","-","0","0","0","0","0","0","0","0","0","0","0","0","0","0","0","0","0","0","1","0","0","0","0","0","0","0","0","0","0","0","0","0","0","0","0","0","0","0","0","0"
"0x78a85776bd20","      FFMA R53, R25, R30, R53","2","0","2","218736","6999552","6999552","32","32","0","0","-","-","-","0","0","0","0","0","0","0","0","0","-","0","0","0","0","0","0","0","0","0","0","0","0","0","0","0","0","0","0","2","0","0","0","0","0","0","0","0","0","0","0","0","0","0","0","0","0","0","0","0","0"
"0x78a85776bd30","      FFMA R56, R25, R31, R56","2","0","2","218736","6999552","6999552","32","32","0","0","-","-","-","0","0","0","0","0","0","0","0","0","-","0","0","0","0","0","0","0","0","0","0","0","0","0","0","0","0","0","0","2","0","0","0","0","0","0","0","0","0","0","0","0","0","0","0","0","0","0","0","0","0"
"0x78a85776bd40","      FFMA R57, R26, R28, R57","3","0","3","218736","6999552","6999552","32","32","0","0","-","-","-","0","0","0","0","0","0","0","0","0","-","0","0","0","0","0","0","0","0","0","0","0","0","0","0","0","0","0","0","3","0","0","0","0","0","0","0","0","0","0","0","0","0","0","0","0","0","0","0","0","0"
"0x78a85776bd50","      FFMA R58, R26, R29, R58","5","0","5","218736","6999552","6999552","32","32","0","0","-","-","-","0","0","0","0","0","0","0","0","0","-","0","0","0","0","0","0","0","0","5","0","0","0","0","0","0","0","0","0","0","0","0","0","0","0","0","0","0","0","0","0","0","0","0","0","0","0","0","0","0","0"
"0x78a85776bd60","      FFMA R59, R26, R30, R59","2","0","2","218736","6999552","6999552","32","32","0","0","-","-","-","0","0","0","0","0","0","0","0","0","-","0","0","0","0","0","0","0","0","1","0","0","0","0","0","0","0","0","0","1","0","0","0","0","0","0","0","0","0","0","0","0","0","0","0","0","0","0","0","0","0"
"0x78a85776bd70","      FFMA R63, R26, R31, R63","6","0","6","218736","6999552","6999552","32","32","0","0","-","-","-","0","0","0","0","0","0","0","0","0","-","0","0","0","0","0","0","0","0","0","0","0","0","0","0","0","0","0","0","6","0","0","0","0","0","0","0","0","0","0","0","0","0","0","0","0","0","0","0","0","0"
"0x78a85776bd80","      FFMA R45, R27, R28, R45","6","0","6","218736","6999552","6999552","32","32","0","0","-","-","-","0","0","0","0","0","0","0","0","0","-","0","0","0","0","0","0","0","0","0","0","0","0","0","0","0","0","1","0","5","0","0","0","0","0","0","0","0","0","0","0","0","0","0","0","0","0","0","0","0","0"
"0x78a85776bd90","      FFMA R46, R27, R29, R46","4","0","4","218736","6999552","6999552","32","32","0","0","-","-","-","0","0","0","0","0","0","0","0","0","-","0","0","0","0","0","0","0","0","1","0","0","0","0","0","0","0","0","0","3","0","0","0","0","0","0","0","0","0","0","0","0","0","0","0","0","0","0","0","0","0"
"0x78a85776bda0","      FFMA R44, R27, R30, R44","4","0","4","218736","6999552","6999552","32","32","0","0","-","-","-","0","0","0","0","0","0","0","0","0","-","0","0","0","0","0","0","0","0","0","0","0","0","0","0","0","0","0","0","4","0","0","0","0","0","0","0","0","0","0","0","0","0","0","0","0","0","0","0","0","0"
"0x78a85776bdb0","      FFMA R47, R27, R31, R47","3","0","3","218736","6999552","6999552","32","32","0","0","-","-","-","0","0","0","0","0","0","0","0","0","-","0","0","0","0","0","0","0","0","0","0","0","0","0","0","0","0","0","0","3","0","0","0","0","0","0","0","0","0","0","0","0","0","0","0","0","0","0","0","0","0"
"0x78a85776bdc0","      LDS.128 R24, [R37+0xff0]","75","11","75","218736","6999552","6999552","32","32","0","0","Shared","Load","128","0","2","0","437472","437472","0","0","0","0","-","0","0","0","0","0","0","0","0","10","0","0","0","0","0","14","0","0","42","3","0","0","0","6","0","0","1","0","0","0","0","0","10","0","0","0","0","0","0","0","0"
"0x78a85776bdd0","      FFMA R48, R16, R28, R48","31","12","31","218736","6999552","6999552","32","32","0","0","-","-","-","0","0","0","0","0","0","0","0","0","-","0","0","0","0","0","0","0","0","3","0","0","0","0","0","0","0","0","6","3","19","0","0","0","0","0","0","0","0","0","0","0","0","0","0","0","0","12","0","0","0"
"0x78a85776bde0","      FFMA R49, R16, R29, R49","2","0","2","218736","6999552","6999552","32","32","0","0","-","-","-","0","0","0","0","0","0","0","0","0","-","0","0","0","0","0","0","0","0","0","0","0","0","0","0","0","0","0","0","2","0","0","0","0","0","0","0","0","0","0","0","0","0","0","0","0","0","0","0","0","0"
"0x78a85776bdf0","      FFMA R50, R16, R30, R50","2","0","2","218736","6999552","6999552","32","32","0","0","-","-","-","0","0","0","0","0","0","0","0","0","-","0","0","0","0","0","0","0","0","0","0","0","0","0","0","0","0","0","0","2","0","0","0","0","0","0","0","0","0","0","0","0","0","0","0","0","0","0","0","0","0"
"0x78a85776be00","      FFMA R60, R16, R31, R60","3","0","3","218736","6999552","6999552","32","32","0","0","-","-","-","0","0","0","0","0","0","0","0","0","-","0","0","0","0","0","0","0","0","0","0","0","0","0","0","0","0","1","0","2","0","0","0","0","0","0","0","0","0","0","0","0","0","0","0","0","0","0","0","0","0"
"0x78a85776be10","      FFMA R61, R17, R28, R61","4","0","4","218736","6999552","6999552","32","32","0","0","-","-","-","0","0","0","0","0","0","0","0","0","-","0","0","0","0","0","0","0","0","0","0","0","0","0","0","0","0","0","0","4","0","0","0","0","0","0","0","0","0","0","0","0","0","0","0","0","0","0","0","0","0"
"0x78a85776be20","      FFMA R71, R17, R29, R71","4","0","4","218736","6999552","6999552","32","32","0","0","-","-","-","0","0","0","0","0","0","0","0","0","-","0","0","0","0","0","0","0","0","1","0","0","0","0","0","0","0","0","0","3","0","0","0","0","0","0","0","0","0","0","0","0","0","0","0","0","0","0","0","0","0"
"0x78a85776be30","      FFMA R70, R17, R30, R70","3","0","3","218736","6999552","6999552","32","32","0","0","-","-","-","0","0","0","0","0","0","0","0","0","-","0","0","0","0","0","0","0","0","0","0","0","0","0","0","0","0","0","0","3","0","0","0","0","0","0","0","0","0","0","0","0","0","0","0","0","0","0","0","0","0"
"0x78a85776be40","      FFMA R37, R19, R29, R69","104","30","104","218736","6999552","6999552","32","32","0","0","-","-","-","0","0","0","0","0","0","0","0","0","-","0","0","0","0","0","0","0","0","6","0","0","0","0","0","0","0","0","27","5","66","0","0","0","0","0","0","0","0","0","0","0","0","0","0","0","0","30","0","0","0"
"0x78a85776be50","      FFMA R42, R17, R31, R42","7","0","7","218736","6999552","6999552","32","32","0","0","-","-","-","0","0","0","0","0","0","0","0","0","-","0","0","0","0","0","0","0","0","3","0","0","0","0","0","0","0","0","0","4","0","0","0","0","0","0","0","0","0","0","0","0","0","0","0","0","0","0","0","0","0"
"0x78a85776be60","      FFMA R41, R18, R28, R41","1","0","1","218736","6999552","6999552","32","32","0","0","-","-","-","0","0","0","0","0","0","0","0","0","-","0","0","0","0","0","0","0","0","0","0","0","0","0","0","0","0","0","0","1","0","0","0","0","0","0","0","0","0","0","0","0","0","0","0","0","0","0","0","0","0"
"0x78a85776be70","      FFMA R43, R18, R29, R43","3","0","3","218736","6999552","6999552","32","32","0","0","-","-","-","0","0","0","0","0","0","0","0","0","-","0","0","0","0","0","0","0","0","1","0","0","0","0","0","0","0","0","0","2","0","0","0","0","0","0","0","0","0","0","0","0","0","0","0","0","0","0","0","0","0"
"0x78a85776be80","      FFMA R62, R18, R30, R62","4","0","4","218736","6999552","6999552","32","32","0","0","-","-","-","0","0","0","0","0","0","0","0","0","-","0","0","0","0","0","0","0","0","0","0","0","0","0","0","0","0","0","0","4","0","0","0","0","0","0","0","0","0","0","0","0","0","0","0","0","0","0","0","0","0"
"0x78a85776be90","      FFMA R66, R18, R31, R66","4","0","4","218736","6999552","6999552","32","32","0","0","-","-","-","0","0","0","0","0","0","0","0","0","-","0","0","0","0","0","0","0","0","1","0","0","0","0","0","0","0","0","0","3","0","0","0","0","0","0","0","0","0","0","0","0","0","0","0","0","0","0","0","0","0"
"0x78a85776bea0","      FFMA R67, R19, R28, R67","4","0","4","218736","6999552","6999552","32","32","0","0","-","-","-","0","0","0","0","0","0","0","0","0","-","0","0","0","0","0","0","0","0","2","0","0","0","0","0","0","0","0","0","2","0","0","0","0","0","0","0","0","0","0","0","0","0","0","0","0","0","0","0","0","0"
"0x78a85776beb0","      FFMA R68, R19, R30, R68","3","0","3","218736","6999552","6999552","32","32","0","0","-","-","-","0","0","0","0","0","0","0","0","0","-","0","0","0","0","0","0","0","0","0","0","0","0","0","0","0","0","0","0","3","0","0","0","0","0","0","0","0","0","0","0","0","0","0","0","0","0","0","0","0","0"
"0x78a85776bec0","      FFMA R69, R19, R31, R76","9","0","9","218736","6999552","6999552","32","32","0","0","-","-","-","0","0","0","0","0","0","0","0","0","-","0","0","0","0","0","0","0","0","5","0","0","0","0","0","0","0","0","0","4","0","0","0","0","0","0","0","0","0","0","0","0","0","0","0","0","0","0","0","0","0"
"0x78a85776bed0","      LDS.128 R16, [R11+0x1070]","62","10","62","218736","6999552","6999552","32","32","0","0","Shared","Load","128","0","4","0","874944","874944","0","0","0","0","-","0","0","0","0","0","0","0","0","10","0","0","0","0","0","12","0","0","33","1","0","0","0","6","0","0","0","0","0","0","0","0","10","0","0","0","0","0","0","0","0"
"0x78a85776bee0","      BAR.SYNC.DEFER_BLOCKING 0x0","8","0","8","218736","6999552","6999552","32","32","0","0","-","-","-","0","0","0","0","0","0","0","0","0","-","0","0","0","0","0","0","0","0","1","0","0","0","0","0","0","0","0","0","7","0","0","0","0","0","0","0","0","0","0","0","0","0","0","0","0","0","0","0","0","0"
"0x78a85776bef0","      UISETP.GT.U32.AND UP0, UPT, UR10, 0x10, UPT","10","0","10","218736","6999552","6999552","32","32","0","0","-","-","-","0","0","0","0","0","0","0","0","0","-","0","0","0","0","0","0","0","0","1","0","0","0","0","0","0","0","0","0","9","0","0","0","0","0","0","0","0","0","0","0","0","0","0","0","0","0","0","0","0","0"
"0x78a85776bf00","      UIADD3 UR4, UPT, UPT, UR10, -0x10, URZ","2","0","2","218736","6999552","6999552","32","32","0","0","-","-","-","0","0","0","0","0","0","0","0","0","-","0","0","0","0","0","0","0","0","0","0","0","0","0","0","0","0","0","0","2","0","0","0","0","0","0","0","0","0","0","0","0","0","0","0","0","0","0","0","0","0"
"0x78a85776bf10","      IADD.64 R64, R64, 0x10","5","0","5","218736","6999552","6999552","32","32","0","0","-","-","-","0","0","0","0","0","0","0","0","0","-","0","0","0","0","0","0","0","0","1","0","0","0","0","0","0","0","0","0","4","0","0","0","0","0","0","0","0","0","0","0","0","0","0","0","0","0","0","0","0","0"
"0x78a85776bf20","      STS [R10], R12","721","146","721","218736","6999552","6999552","32","32","0","0","Shared","Store","32","0","2","218736","437472","218736","0","0","0","0","-","0","0","0","0","0","0","655","0","6","0","0","0","0","0","20","0","0","33","2","0","0","0","5","124","0","0","0","0","0","0","0","18","0","0","0","0","0","0","0","4"
"0x78a85776bf30","      STS [R10+0x20], R35","64","16","64","218736","6999552","6999552","32","32","0","0","Shared","Store","32","0","2","218736","437472","218736","0","0","0","0","-","0","0","0","0","0","0","0","0","5","0","0","0","0","0","16","0","0","27","5","0","0","0","11","0","0","0","0","0","0","0","0","12","0","0","0","0","0","0","0","4"
"0x78a85776bf40","      STS [R10+0x40], R34","61","12","61","218736","6999552","6999552","32","32","0","0","Shared","Store","32","0","2","218736","437472","218736","0","0","0","0","-","0","0","0","0","0","0","0","0","5","0","0","0","0","0","18","0","0","20","5","0","0","0","13","0","0","0","0","0","0","0","0","8","0","0","0","0","0","0","0","4"
"0x78a85776bf50","      STS [R10+0x60], R33","53","11","53","218736","6999552","6999552","32","32","0","0","Shared","Store","32","0","2","218736","437472","218736","0","0","0","0","-","0","0","0","0","0","0","0","0","1","0","0","0","0","0","15","0","0","25","5","0","0","0","7","0","0","0","0","0","0","0","0","9","0","0","0","0","0","0","0","2"
"0x78a85776bf60","      STS [R10+0x80], R32","83","26","83","218736","6999552","6999552","32","32","0","0","Shared","Store","32","0","2","218736","437472","218736","0","0","0","0","-","0","0","0","0","0","0","0","0","4","0","0","8","0","0","24","0","0","26","9","0","0","0","12","0","0","0","0","0","3","0","0","14","0","0","0","0","0","0","0","9"
"0x78a85776bf70","      STS [R10+0xa0], R38","78","30","78","218736","6999552","6999552","32","32","0","0","Shared","Store","32","0","2","218736","437472","218736","0","0","0","0","-","0","0","0","0","0","0","0","0","8","0","0","0","0","0","27","0","0","19","4","0","0","0","20","0","0","1","0","0","0","0","0","17","0","0","0","0","0","0","0","12"
"0x78a85776bf80","      STS [R10+0xc0], R39","64","20","64","218736","6999552","6999552","32","32","0","0","Shared","Store","32","0","2","218736","437472","218736","0","0","0","0","-","0","0","0","0","0","0","0","0","5","0","0","0","0","0","26","0","0","23","3","0","0","0","7","0","0","0","0","0","0","0","0","18","0","0","0","0","0","0","0","2"
"0x78a85776bf90","      STS [R10+0xe0], R40","249","142","249","218736","6999552","6999552","32","32","0","0","Shared","Store","32","0","2","218736","437472","218736","0","0","0","0","-","0","0","0","0","0","0","0","0","6","0","0","181","0","0","31","0","0","19","2","0","0","0","10","0","0","0","0","0","115","0","0","23","0","0","0","0","0","0","0","4"
"0x78a85776bfa0","      STS [R13+0x20], R8","66","27","66","218736","6999552","6999552","32","32","0","0","Shared","Store","32","0","2","218736","437472","218736","0","0","0","0","-","0","0","0","0","0","0","0","0","5","0","0","0","0","0","29","0","0","18","4","0","0","0","10","0","0","1","0","0","0","0","0","23","0","0","0","0","0","0","0","3"
"0x78a85776bfb0","      STS [R13+0x40], R7","58","22","58","218736","6999552","6999552","32","32","0","0","Shared","Store","32","0","2","218736","437472","218736","0","0","0","0","-","0","0","0","0","0","0","0","0","4","0","0","0","0","0","17","0","0","21","4","0","0","0","12","0","0","0","0","0","0","0","0","14","0","0","0","0","0","0","0","8"
"0x78a85776bfc0","      STS [R13+0x60], R6","55","22","55","218736","6999552","6999552","32","32","0","0","Shared","Store","32","0","2","218736","437472","218736","0","0","0","0","-","0","0","0","0","0","0","0","0","0","0","0","0","0","0","16","0","0","18","3","0","0","0","18","0","0","0","0","0","0","0","0","11","0","0","0","0","0","0","0","11"
"0x78a85776bfd0","      STS [R13+0x80], R5","50","19","50","218736","6999552","6999552","32","32","0","0","Shared","Store","32","0","2","218736","437472","218736","0","0","0","0","-","0","0","0","0","0","0","0","0","6","0","0","0","0","0","18","0","0","14","4","0","0","0","8","0","0","0","0","0","0","0","0","12","0","0","0","0","0","0","0","7"
"0x78a85776bfe0","      FFMA R40, R18, R26, R62","12","8","12","218736","6999552","6999552","32","32","0","0","-","-","-","0","0","0","0","0","0","0","0","0","-","0","0","0","0","0","0","0","0","0","0","0","0","0","0","0","0","0","0","4","8","0","0","0","0","0","0","0","0","0","0","0","0","0","0","0","0","8","0","0","0"
"0x78a85776bff0","      FFMA R62, R18, R27, R66","4","0","4","218736","6999552","6999552","32","32","0","0","-","-","-","0","0","0","0","0","0","0","0","0","-","0","0","0","0","0","0","0","0","1","0","0","0","0","0","0","0","0","0","3","0","0","0","0","0","0","0","0","0","0","0","0","0","0","0","0","0","0","0","0","0"
"0x78a85776c000","      IADD.64 R54, R54, 0x10","29","2","29","218736","6999552","6999552","32","32","0","0","-","-","-","0","0","0","0","0","0","0","0","0","-","0","0","0","0","0","0","0","0","4","0","0","0","12","0","0","0","0","6","7","0","0","0","0","0","0","1","0","0","0","1","0","0","0","0","0","0","0","0","0","0"
"0x78a85776c010","      STS [R13+0xa0], R4","53","21","53","218736","6999552","6999552","32","32","0","0","Shared","Store","32","0","2","218736","437472","218736","0","0","0","0","-","0","0","0","0","0","0","0","0","4","0","0","0","0","0","21","0","0","21","3","0","0","0","4","0","0","0","0","0","0","0","0","17","0","0","0","0","0","0","0","4"
"0x78a85776c020","      STS [R13+0xc0], R3","65","23","65","218736","6999552","6999552","32","32","0","0","Shared","Store","32","0","2","218736","437472","218736","0","0","0","0","-","0","0","0","0","0","0","0","0","4","0","0","0","0","0","19","0","0","24","6","0","0","0","12","0","0","0","0","0","0","0","0","14","0","0","0","0","0","0","0","9"
"0x78a85776c030","      STS [R13+0xe0], R14","51","18","51","218736","6999552","6999552","32","32","0","0","Shared","Store","32","0","2","218736","437472","218736","0","0","0","0","-","0","0","0","0","0","0","0","0","5","0","0","0","0","0","19","0","0","14","1","0","0","0","12","0","0","0","0","0","0","0","0","10","0","0","0","0","0","0","0","8"
"0x78a85776c040","      STS [R13], R9","54","22","54","218736","6999552","6999552","32","32","0","0","Shared","Store","32","0","2","218736","437472","218736","0","0","0","0","-","0","0","0","0","0","0","0","0","5","0","0","0","0","0","21","0","0","16","4","0","0","0","8","0","0","0","0","0","0","0","0","16","0","0","0","0","0","0","0","6"
"0x78a85776c050","      FFMA R66, R19, R24, R67","2","0","2","218736","6999552","6999552","32","32","0","0","-","-","-","0","0","0","0","0","0","0","0","0","-","0","0","0","0","0","0","0","0","1","0","0","0","0","0","0","0","0","0","1","0","0","0","0","0","0","0","0","0","0","0","0","0","0","0","0","0","0","0","0","0"
"0x78a85776c060","      FFMA R28, R20, R24, R75","2","0","2","218736","6999552","6999552","32","32","0","0","-","-","-","0","0","0","0","0","0","0","0","0","-","0","0","0","0","0","0","0","0","0","0","0","0","0","0","0","0","0","0","2","0","0","0","0","0","0","0","0","0","0","0","0","0","0","0","0","0","0","0","0","0"
"0x78a85776c070","      FFMA R29, R20, R25, R74","7","0","7","218736","6999552","6999552","32","32","0","0","-","-","-","0","0","0","0","0","0","0","0","0","-","0","0","0","0","0","0","0","0","0","0","0","0","0","0","0","0","0","0","7","0","0","0","0","0","0","0","0","0","0","0","0","0","0","0","0","0","0","0","0","0"
"0x78a85776c080","      FFMA R30, R20, R26, R73","3","0","3","218736","6999552","6999552","32","32","0","0","-","-","-","0","0","0","0","0","0","0","0","0","-","0","0","0","0","0","0","0","0","0","0","0","0","0","0","0","0","0","0","3","0","0","0","0","0","0","0","0","0","0","0","0","0","0","0","0","0","0","0","0","0"
"0x78a85776c090","      FFMA R31, R20, R27, R72","4","0","4","218736","6999552","6999552","32","32","0","0","-","-","-","0","0","0","0","0","0","0","0","0","-","0","0","0","0","0","0","0","0","0","0","0","0","0","0","0","0","0","0","4","0","0","0","0","0","0","0","0","0","0","0","0","0","0","0","0","0","0","0","0","0"
"0x78a85776c0a0","      FFMA R51, R21, R24, R51","3","0","3","218736","6999552","6999552","32","32","0","0","-","-","-","0","0","0","0","0","0","0","0","0","-","0","0","0","0","0","0","0","0","1","0","0","0","0","0","0","0","0","0","2","0","0","0","0","0","0","0","0","0","0","0","0","0","0","0","0","0","0","0","0","0"
"0x78a85776c0b0","      FFMA R52, R21, R25, R52","9","0","9","218736","6999552","6999552","32","32","0","0","-","-","-","0","0","0","0","0","0","0","0","0","-","0","0","0","0","0","0","0","0","1","0","0","0","0","0","0","0","0","0","8","0","0","0","0","0","0","0","0","0","0","0","0","0","0","0","0","0","0","0","0","0"
"0x78a85776c0c0","      FFMA R53, R21, R26, R53","2","0","2","218736","6999552","6999552","32","32","0","0","-","-","-","0","0","0","0","0","0","0","0","0","-","0","0","0","0","0","0","0","0","0","0","0","0","0","0","0","0","0","0","2","0","0","0","0","0","0","0","0","0","0","0","0","0","0","0","0","0","0","0","0","0"
"0x78a85776c0d0","      FFMA R56, R21, R27, R56","1","0","1","218736","6999552","6999552","32","32","0","0","-","-","-","0","0","0","0","0","0","0","0","0","-","0","0","0","0","0","0","0","0","1","0","0","0","0","0","0","0","0","0","0","0","0","0","0","0","0","0","0","0","0","0","0","0","0","0","0","0","0","0","0","0"
"0x78a85776c0e0","      FFMA R57, R22, R24, R57","6","0","6","218736","6999552","6999552","32","32","0","0","-","-","-","0","0","0","0","0","0","0","0","0","-","0","0","0","0","0","0","0","0","1","0","0","0","0","0","0","0","0","0","5","0","0","0","0","0","0","0","0","0","0","0","0","0","0","0","0","0","0","0","0","0"
"0x78a85776c0f0","      FFMA R58, R22, R25, R58","8","0","8","218736","6999552","6999552","32","32","0","0","-","-","-","0","0","0","0","0","0","0","0","0","-","0","0","0","0","0","0","0","0","5","0","0","0","0","0","0","0","0","0","3","0","0","0","0","0","0","0","0","0","0","0","0","0","0","0","0","0","0","0","0","0"
"0x78a85776c100","      FFMA R59, R22, R26, R59","2","0","2","218736","6999552","6999552","32","32","0","0","-","-","-","0","0","0","0","0","0","0","0","0","-","0","0","0","0","0","0","0","0","0","0","0","0","0","0","0","0","0","0","2","0","0","0","0","0","0","0","0","0","0","0","0","0","0","0","0","0","0","0","0","0"
"0x78a85776c110","      FFMA R63, R22, R27, R63","6","0","6","218736","6999552","6999552","32","32","0","0","-","-","-","0","0","0","0","0","0","0","0","0","-","0","0","0","0","0","0","0","0","2","0","0","0","0","0","0","0","0","0","4","0","0","0","0","0","0","0","0","0","0","0","0","0","0","0","0","0","0","0","0","0"
"0x78a85776c120","      FFMA R45, R23, R24, R45","1","0","1","218736","6999552","6999552","32","32","0","0","-","-","-","0","0","0","0","0","0","0","0","0","-","0","0","0","0","0","0","0","0","0","0","0","0","0","0","0","0","0","0","1","0","0","0","0","0","0","0","0","0","0","0","0","0","0","0","0","0","0","0","0","0"
"0x78a85776c130","      FFMA R46, R23, R25, R46","7","0","7","218736","6999552","6999552","32","32","0","0","-","-","-","0","0","0","0","0","0","0","0","0","-","0","0","0","0","0","0","0","0","2","0","0","0","0","0","0","0","0","0","5","0","0","0","0","0","0","0","0","0","0","0","0","0","0","0","0","0","0","0","0","0"
"0x78a85776c140","      FFMA R44, R23, R26, R44","4","0","4","218736","6999552","6999552","32","32","0","0","-","-","-","0","0","0","0","0","0","0","0","0","-","0","0","0","0","0","0","0","0","1","0","0","0","0","0","0","0","0","0","3","0","0","0","0","0","0","0","0","0","0","0","0","0","0","0","0","0","0","0","0","0"
"0x78a85776c150","      FFMA R47, R23, R27, R47","5","0","5","218736","6999552","6999552","32","32","0","0","-","-","-","0","0","0","0","0","0","0","0","0","-","0","0","0","0","0","0","0","0","0","0","0","0","0","0","0","0","0","0","5","0","0","0","0","0","0","0","0","0","0","0","0","0","0","0","0","0","0","0","0","0"
"0x78a85776c160","      FFMA R48, R16, R24, R48","9","0","9","218736","6999552","6999552","32","32","0","0","-","-","-","0","0","0","0","0","0","0","0","0","-","0","0","0","0","0","0","0","0","4","0","0","0","0","0","0","0","0","0","5","0","0","0","0","0","0","0","0","0","0","0","0","0","0","0","0","0","0","0","0","0"
"0x78a85776c170","      FFMA R49, R16, R25, R49","7","0","7","218736","6999552","6999552","32","32","0","0","-","-","-","0","0","0","0","0","0","0","0","0","-","0","0","0","0","0","0","0","0","4","0","0","0","0","0","0","0","0","0","3","0","0","0","0","0","0","0","0","0","0","0","0","0","0","0","0","0","0","0","0","0"
"0x78a85776c180","      FFMA R50, R16, R26, R50","5","0","5","218736","6999552","6999552","32","32","0","0","-","-","-","0","0","0","0","0","0","0","0","0","-","0","0","0","0","0","0","0","0","2","0","0","0","0","0","0","0","0","1","2","0","0","0","0","0","0","0","0","0","0","0","0","0","0","0","0","0","0","0","0","0"
"0x78a85776c190","      FFMA R60, R16, R27, R60","4","0","4","218736","6999552","6999552","32","32","0","0","-","-","-","0","0","0","0","0","0","0","0","0","-","0","0","0","0","0","0","0","0","1","0","0","0","0","0","0","0","0","0","3","0","0","0","0","0","0","0","0","0","0","0","0","0","0","0","0","0","0","0","0","0"
"0x78a85776c1a0","      FFMA R61, R17, R24, R61","2","0","2","218736","6999552","6999552","32","32","0","0","-","-","-","0","0","0","0","0","0","0","0","0","-","0","0","0","0","0","0","0","0","1","0","0","0","0","0","0","0","0","0","1","0","0","0","0","0","0","0","0","0","0","0","0","0","0","0","0","0","0","0","0","0"
"0x78a85776c1b0","      FFMA R39, R17, R25, R71","1","0","1","218736","6999552","6999552","32","32","0","0","-","-","-","0","0","0","0","0","0","0","0","0","-","0","0","0","0","0","0","0","0","0","0","0","0","0","0","0","0","0","0","1","0","0","0","0","0","0","0","0","0","0","0","0","0","0","0","0","0","0","0","0","0"
"0x78a85776c1c0","      FFMA R38, R17, R26, R70","4","0","4","218736","6999552","6999552","32","32","0","0","-","-","-","0","0","0","0","0","0","0","0","0","-","0","0","0","0","0","0","0","0","0","0","0","0","0","0","0","0","0","0","4","0","0","0","0","0","0","0","0","0","0","0","0","0","0","0","0","0","0","0","0","0"
"0x78a85776c1d0","      FFMA R42, R17, R27, R42","7","0","7","218736","6999552","6999552","32","32","0","0","-","-","-","0","0","0","0","0","0","0","0","0","-","0","0","0","0","0","0","0","0","0","0","0","0","0","0","0","0","0","0","7","0","0","0","0","0","0","0","0","0","0","0","0","0","0","0","0","0","0","0","0","0"
"0x78a85776c1e0","      FFMA R41, R18, R24, R41","7","0","7","218736","6999552","6999552","32","32","0","0","-","-","-","0","0","0","0","0","0","0","0","0","-","0","0","0","0","0","0","0","0","0","0","0","0","0","0","0","0","0","0","7","0","0","0","0","0","0","0","0","0","0","0","0","0","0","0","0","0","0","0","0","0"
"0x78a85776c1f0","      FFMA R43, R18, R25, R43","4","0","4","218736","6999552","6999552","32","32","0","0","-","-","-","0","0","0","0","0","0","0","0","0","-","0","0","0","0","0","0","0","0","1","0","0","0","0","0","0","0","0","0","3","0","0","0","0","0","0","0","0","0","0","0","0","0","0","0","0","0","0","0","0","0"
"0x78a85776c200","      FFMA R67, R19, R25, R37","5","0","5","218736","6999552","6999552","32","32","0","0","-","-","-","0","0","0","0","0","0","0","0","0","-","0","0","0","0","0","0","0","0","2","0","0","0","0","0","0","0","1","1","1","0","0","0","0","0","0","0","0","0","0","0","0","0","0","0","0","0","0","0","0","0"
"0x78a85776c210","      FFMA R68, R19, R26, R68","3","0","3","218736","6999552","6999552","32","32","0","0","-","-","-","0","0","0","0","0","0","0","0","0","-","0","0","0","0","0","0","0","0","0","0","0","0","0","0","0","0","0","0","3","0","0","0","0","0","0","0","0","0","0","0","0","0","0","0","0","0","0","0","0","0"
"0x78a85776c220","      FFMA R69, R19, R27, R69","5","0","5","218736","6999552","6999552","32","32","0","0","-","-","-","0","0","0","0","0","0","0","0","0","-","0","0","0","0","0","0","0","0","0","0","0","0","0","0","0","0","0","0","5","0","0","0","0","0","0","0","0","0","0","0","0","0","0","0","0","0","0","0","0","0"
"0x78a85776c230","      UMOV UR10, UR4","3","0","3","218736","6999552","6999552","32","32","0","0","-","-","-","0","0","0","0","0","0","0","0","0","-","0","0","0","0","0","0","0","0","0","0","0","0","0","0","0","0","0","0","3","0","0","0","0","0","0","0","0","0","0","0","0","0","0","0","0","0","0","0","0","0"
"0x78a85776c240","      BAR.SYNC.DEFER_BLOCKING 0x0","2","0","2","218736","6999552","6999552","32","32","0","0","-","-","-","0","0","0","0","0","0","0","0","0","-","0","0","0","0","0","0","0","0","0","0","0","0","0","0","0","0","0","0","2","0","0","0","0","0","0","0","0","0","0","0","0","0","0","0","0","0","0","0","0","0"
"0x78a85776c250","      BRA.U UP0, 0x78a857769670","356","75","356","218736","6999552","6999552","32","32","0","0","-","-","-","0","0","0","0","0","0","0","0","0","-","0","0","0","0","0","0","298","0","8","0","0","0","0","0","0","0","0","25","5","2","0","0","18","71","0","0","0","0","0","0","0","0","0","0","0","0","2","0","0","2"
"0x78a85776c260","      UMOV UR10, UR4","20","5","20","7056","225792","225792","32","32","0","0","-","-","-","0","0","0","0","0","0","0","0","0","-","0","0","0","0","0","0","0","0","1","0","0","0","0","0","0","0","0","1","3","0","0","0","15","0","0","0","0","0","0","0","0","0","0","0","0","0","0","0","0","5"
"0x78a85776c270","      UISETP.GE.AND UP0, UPT, UR10, -0xf, UPT","2","1","2","7056","225792","225792","32","32","0","0","-","-","-","0","0","0","0","0","0","0","0","0","-","0","0","0","0","0","0","0","0","0","0","0","0","0","0","0","0","0","0","0","0","0","0","2","0","0","0","0","0","0","0","0","0","0","0","0","0","0","0","0","1"
"0x78a85776c280","      BRA.U !UP0, 0x78a85776d400","2","0","2","7056","225792","225792","32","32","0","0","-","-","-","0","0","0","0","0","0","0","0","0","-","0","0","0","0","0","0","0","0","1","0","0","0","0","0","0","0","0","0","1","0","0","0","0","0","0","0","0","0","0","0","0","0","0","0","0","0","0","0","0","0"
"0x78a85776c290","      UIADD3 UR4, UPT, UPT, UR10, 0xf, URZ","0","0","0","7056","225792","225792","32","32","0","0","-","-","-","0","0","0","0","0","0","0","0","0","-","0","0","0","0","0","0","0","0","0","0","0","0","0","0","0","0","0","0","0","0","0","0","0","0","0","0","0","0","0","0","0","0","0","0","0","0","0","0","0","0"
"0x78a85776c2a0","      ULOP3.LUT UR5, UR10, 0x3, URZ, 0xc0, !UPT","0","0","0","7056","225792","225792","32","32","0","0","-","-","-","0","0","0","0","0","0","0","0","0","-","0","0","0","0","0","0","0","0","0","0","0","0","0","0","0","0","0","0","0","0","0","0","0","0","0","0","0","0","0","0","0","0","0","0","0","0","0","0","0","0"
"0x78a85776c2b0","      MOV R32, R2","0","0","0","7056","225792","225792","32","32","0","0","-","-","-","0","0","0","0","0","0","0","0","0","-","0","0","0","0","0","0","0","0","0","0","0","0","0","0","0","0","0","0","0","0","0","0","0","0","0","0","0","0","0","0","0","0","0","0","0","0","0","0","0","0"
"0x78a85776c2c0","      MOV R3, R0","0","0","0","7056","225792","225792","32","32","0","0","-","-","-","0","0","0","0","0","0","0","0","0","-","0","0","0","0","0","0","0","0","0","0","0","0","0","0","0","0","0","0","0","0","0","0","0","0","0","0","0","0","0","0","0","0","0","0","0","0","0","0","0","0"
"0x78a85776c2d0","      UISETP.GE.U32.AND UP0, UPT, UR4, 0x3, UPT","0","0","0","7056","225792","225792","32","32","0","0","-","-","-","0","0","0","0","0","0","0","0","0","-","0","0","0","0","0","0","0","0","0","0","0","0","0","0","0","0","0","0","0","0","0","0","0","0","0","0","0","0","0","0","0","0","0","0","0","0","0","0","0","0"
"0x78a85776c2e0","      UISETP.NE.AND UP1, UPT, UR5, URZ, UPT","0","0","0","7056","225792","225792","32","32","0","0","-","-","-","0","0","0","0","0","0","0","0","0","-","0","0","0","0","0","0","0","0","0","0","0","0","0","0","0","0","0","0","0","0","0","0","0","0","0","0","0","0","0","0","0","0","0","0","0","0","0","0","0","0"
"0x78a85776c2f0","      BRA.U !UP0, 0x78a85776ccb0","0","0","0","7056","225792","225792","32","32","0","0","-","-","-","0","0","0","0","0","0","0","0","0","-","0","0","0","0","0","0","0","0","0","0","0","0","0","0","0","0","0","0","0","0","0","0","0","0","0","0","0","0","0","0","0","0","0","0","0","0","0","0","0","0"
"0x78a85776c300","      LEA R34, R0, UR6, 0x4","1","0","1","7056","225792","225792","32","32","0","0","-","-","-","0","0","0","0","0","0","0","0","0","-","0","0","0","0","0","0","0","0","1","0","0","0","0","0","0","0","0","0","0","0","0","0","0","0","0","0","0","0","0","0","0","0","0","0","0","0","0","0","0","0"
"0x78a85776c310","      ULOP3.LUT UR4, UR10, 0xfffffffc, URZ, 0xc0, !UPT","0","0","0","7056","225792","225792","32","32","0","0","-","-","-","0","0","0","0","0","0","0","0","0","-","0","0","0","0","0","0","0","0","0","0","0","0","0","0","0","0","0","0","0","0","0","0","0","0","0","0","0","0","0","0","0","0","0","0","0","0","0","0","0","0"
"0x78a85776c320","      LEA R33, R2, UR8, 0x4","2","0","2","7056","225792","225792","32","32","0","0","-","-","-","0","0","0","0","0","0","0","0","0","-","0","0","0","0","0","0","0","0","1","0","0","0","0","0","0","0","0","0","1","0","0","0","0","0","0","0","0","0","0","0","0","0","0","0","0","0","0","0","0","0"
"0x78a85776c330","      MOV R32, R2","0","0","0","7056","225792","225792","32","32","0","0","-","-","-","0","0","0","0","0","0","0","0","0","-","0","0","0","0","0","0","0","0","0","0","0","0","0","0","0","0","0","0","0","0","0","0","0","0","0","0","0","0","0","0","0","0","0","0","0","0","0","0","0","0"
"0x78a85776c340","      MOV R3, R0","0","0","0","7056","225792","225792","32","32","0","0","-","-","-","0","0","0","0","0","0","0","0","0","-","0","0","0","0","0","0","0","0","0","0","0","0","0","0","0","0","0","0","0","0","0","0","0","0","0","0","0","0","0","0","0","0","0","0","0","0","0","0","0","0"
"0x78a85776c350","      IADD3 R34, PT, PT, R34, 0x220, RZ","1","0","1","7056","225792","225792","32","32","0","0","-","-","-","0","0","0","0","0","0","0","0","0","-","0","0","0","0","0","0","0","0","0","0","0","0","0","0","0","0","0","1","0","0","0","0","0","0","0","0","0","0","0","0","0","0","0","0","0","0","0","0","0","0"
"0x78a85776c360","      IADD3 R33, PT, PT, R33, 0x220, RZ","0","0","0","7056","225792","225792","32","32","0","0","-","-","-","0","0","0","0","0","0","0","0","0","-","0","0","0","0","0","0","0","0","0","0","0","0","0","0","0","0","0","0","0","0","0","0","0","0","0","0","0","0","0","0","0","0","0","0","0","0","0","0","0","0"
"0x78a85776c370","      UIADD3 UR4, UPT, UPT, -UR4, URZ, URZ","1","0","1","7056","225792","225792","32","32","0","0","-","-","-","0","0","0","0","0","0","0","0","0","-","0","0","0","0","0","0","0","0","0","0","0","0","0","0","0","0","0","0","1","0","0","0","0","0","0","0","0","0","0","0","0","0","0","0","0","0","0","0","0","0"
"0x78a85776c380","      LDS.128 R4, [R34+-0x220]","18","1","18","28224","903168","903168","32","32","0","0","Shared","Load","128","0","4","0","112896","112896","0","0","0","0","-","0","0","0","0","0","0","0","2","0","0","0","0","0","0","1","0","7","7","0","0","0","0","1","0","1","0","0","0","0","0","0","0","0","0","0","0","0","0","0","0"
"0x78a85776c390","      UIADD3 UR4, UPT, UPT, UR4, 0x4, URZ","2","0","2","28224","903168","903168","32","32","0","0","-","-","-","0","0","0","0","0","0","0","0","0","-","0","0","0","0","0","0","0","0","0","0","0","0","0","0","0","0","0","0","2","0","0","0","0","0","0","0","0","0","0","0","0","0","0","0","0","0","0","0","0","0"
"0x78a85776c3a0","      IADD3 R32, PT, PT, R32, 0x44, RZ","2","0","2","28224","903168","903168","32","32","0","0","-","-","-","0","0","0","0","0","0","0","0","0","-","0","0","0","0","0","0","0","0","0","0","0","0","0","0","0","0","0","0","2","0","0","0","0","0","0","0","0","0","0","0","0","0","0","0","0","0","0","0","0","0"
"0x78a85776c3b0","      IADD3 R3, PT, PT, R3, 0x44, RZ","4","0","4","28224","903168","903168","32","32","0","0","-","-","-","0","0","0","0","0","0","0","0","0","-","0","0","0","0","0","0","0","0","0","0","0","0","0","0","0","0","0","4","0","0","0","0","0","0","0","0","0","0","0","0","0","0","0","0","0","0","0","0","0","0"
"0x78a85776c3c0","      LDS.128 R8, [R33+-0x220]","0","0","0","28224","903168","903168","32","32","0","0","Shared","Load","128","0","2","0","56448","56448","0","0","0","0","-","0","0","0","0","0","0","0","0","0","0","0","0","0","0","0","0","0","0","0","0","0","0","0","0","0","0","0","0","0","0","0","0","0","0","0","0","0","0","0","0"
"0x78a85776c3d0","      UISETP.NE.AND UP0, UPT, UR4, 0x10, UPT","0","0","0","28224","903168","903168","32","32","0","0","-","-","-","0","0","0","0","0","0","0","0","0","-","0","0","0","0","0","0","0","0","0","0","0","0","0","0","0","0","0","0","0","0","0","0","0","0","0","0","0","0","0","0","0","0","0","0","0","0","0","0","0","0"
"0x78a85776c3e0","      LDS.128 R12, [R34+-0x1a0]","6","2","6","28224","903168","903168","32","32","0","0","Shared","Load","128","0","4","0","112896","112896","0","0","0","0","-","0","0","0","0","0","0","0","0","0","0","0","0","0","0","0","0","0","4","0","0","0","0","2","0","0","0","0","0","0","0","0","0","0","0","0","0","0","0","0","2"
"0x78a85776c3f0","      LDS.128 R16, [R34+-0x110]","5","1","5","28224","903168","903168","32","32","0","0","Shared","Load","128","0","4","0","112896","112896","0","0","0","0","-","0","0","0","0","0","0","0","0","2","0","0","0","0","0","2","0","0","0","0","0","0","0","1","0","0","0","0","0","0","0","0","1","0","0","0","0","0","0","0","0"
"0x78a85776c400","      LDS.128 R20, [R33+-0x110]","7","2","7","28224","903168","903168","32","32","0","0","Shared","Load","128","0","2","0","56448","56448","0","0","0","0","-","0","0","0","0","0","0","0","0","0","0","0","0","0","0","3","0","0","2","0","0","0","0","2","0","0","0","0","0","0","0","0","2","0","0","0","0","0","0","0","0"
"0x78a85776c410","      LDS.128 R24, [R34+-0x90]","9","2","9","28224","903168","903168","32","32","0","0","Shared","Load","128","0","4","0","112896","112896","0","0","0","0","-","0","0","0","0","0","0","0","0","0","0","0","0","0","0","1","0","0","4","2","0","0","0","2","0","0","0","0","0","0","0","0","1","0","0","0","0","0","0","0","1"
"0x78a85776c420","      FFMA R45, R7, R8, R45","15","9","15","28224","903168","903168","32","32","0","0","-","-","-","0","0","0","0","0","0","0","0","0","-","0","0","0","0","0","0","0","0","0","0","0","0","0","0","0","0","0","3","1","11","0","0","0","0","0","0","0","0","0","0","0","0","0","0","0","0","9","0","0","0"
"0x78a85776c430","      FFMA R46, R7, R9, R46","1","0","1","28224","903168","903168","32","32","0","0","-","-","-","0","0","0","0","0","0","0","0","0","-","0","0","0","0","0","0","0","0","1","0","0","0","0","0","0","0","0","0","0","0","0","0","0","0","0","0","0","0","0","0","0","0","0","0","0","0","0","0","0","0"
"0x78a85776c440","      FFMA R44, R7, R10, R44","0","0","0","28224","903168","903168","32","32","0","0","-","-","-","0","0","0","0","0","0","0","0","0","-","0","0","0","0","0","0","0","0","0","0","0","0","0","0","0","0","0","0","0","0","0","0","0","0","0","0","0","0","0","0","0","0","0","0","0","0","0","0","0","0"
"0x78a85776c450","      FFMA R35, R4, R8, R28","1","0","1","28224","903168","903168","32","32","0","0","-","-","-","0","0","0","0","0","0","0","0","0","-","0","0","0","0","0","0","0","0","0","0","0","0","0","0","0","0","0","0","1","0","0","0","0","0","0","0","0","0","0","0","0","0","0","0","0","0","0","0","0","0"
"0x78a85776c460","      FFMA R54, R4, R9, R29","0","0","0","28224","903168","903168","32","32","0","0","-","-","-","0","0","0","0","0","0","0","0","0","-","0","0","0","0","0","0","0","0","0","0","0","0","0","0","0","0","0","0","0","0","0","0","0","0","0","0","0","0","0","0","0","0","0","0","0","0","0","0","0","0"
"0x78a85776c470","      FFMA R55, R4, R10, R30","0","0","0","28224","903168","903168","32","32","0","0","-","-","-","0","0","0","0","0","0","0","0","0","-","0","0","0","0","0","0","0","0","0","0","0","0","0","0","0","0","0","0","0","0","0","0","0","0","0","0","0","0","0","0","0","0","0","0","0","0","0","0","0","0"
"0x78a85776c480","      FFMA R51, R5, R8, R51","0","0","0","28224","903168","903168","32","32","0","0","-","-","-","0","0","0","0","0","0","0","0","0","-","0","0","0","0","0","0","0","0","0","0","0","0","0","0","0","0","0","0","0","0","0","0","0","0","0","0","0","0","0","0","0","0","0","0","0","0","0","0","0","0"
"0x78a85776c490","      FFMA R52, R5, R9, R52","1","0","1","28224","903168","903168","32","32","0","0","-","-","-","0","0","0","0","0","0","0","0","0","-","0","0","0","0","0","0","0","0","0","0","0","0","0","0","0","0","0","0","1","0","0","0","0","0","0","0","0","0","0","0","0","0","0","0","0","0","0","0","0","0"
"0x78a85776c4a0","      FFMA R53, R5, R10, R53","1","0","1","28224","903168","903168","32","32","0","0","-","-","-","0","0","0","0","0","0","0","0","0","-","0","0","0","0","0","0","0","0","1","0","0","0","0","0","0","0","0","0","0","0","0","0","0","0","0","0","0","0","0","0","0","0","0","0","0","0","0","0","0","0"
"0x78a85776c4b0","      FFMA R57, R6, R8, R57","0","0","0","28224","903168","903168","32","32","0","0","-","-","-","0","0","0","0","0","0","0","0","0","-","0","0","0","0","0","0","0","0","0","0","0","0","0","0","0","0","0","0","0","0","0","0","0","0","0","0","0","0","0","0","0","0","0","0","0","0","0","0","0","0"
"0x78a85776c4c0","      FFMA R58, R6, R9, R58","0","0","0","28224","903168","903168","32","32","0","0","-","-","-","0","0","0","0","0","0","0","0","0","-","0","0","0","0","0","0","0","0","0","0","0","0","0","0","0","0","0","0","0","0","0","0","0","0","0","0","0","0","0","0","0","0","0","0","0","0","0","0","0","0"
"0x78a85776c4d0","      FFMA R59, R6, R10, R59","0","0","0","28224","903168","903168","32","32","0","0","-","-","-","0","0","0","0","0","0","0","0","0","-","0","0","0","0","0","0","0","0","0","0","0","0","0","0","0","0","0","0","0","0","0","0","0","0","0","0","0","0","0","0","0","0","0","0","0","0","0","0","0","0"
"0x78a85776c4e0","      FFMA R7, R7, R11, R47","0","0","0","28224","903168","903168","32","32","0","0","-","-","-","0","0","0","0","0","0","0","0","0","-","0","0","0","0","0","0","0","0","0","0","0","0","0","0","0","0","0","0","0","0","0","0","0","0","0","0","0","0","0","0","0","0","0","0","0","0","0","0","0","0"
"0x78a85776c4f0","      FFMA R4, R4, R11, R31","0","0","0","28224","903168","903168","32","32","0","0","-","-","-","0","0","0","0","0","0","0","0","0","-","0","0","0","0","0","0","0","0","0","0","0","0","0","0","0","0","0","0","0","0","0","0","0","0","0","0","0","0","0","0","0","0","0","0","0","0","0","0","0","0"
"0x78a85776c500","      FFMA R5, R5, R11, R56","1","0","1","28224","903168","903168","32","32","0","0","-","-","-","0","0","0","0","0","0","0","0","0","-","0","0","0","0","0","0","0","0","1","0","0","0","0","0","0","0","0","0","0","0","0","0","0","0","0","0","0","0","0","0","0","0","0","0","0","0","0","0","0","0"
"0x78a85776c510","      FFMA R6, R6, R11, R63","1","0","1","28224","903168","903168","32","32","0","0","-","-","-","0","0","0","0","0","0","0","0","0","-","0","0","0","0","0","0","0","0","0","0","0","0","0","0","0","0","0","0","1","0","0","0","0","0","0","0","0","0","0","0","0","0","0","0","0","0","0","0","0","0"
"0x78a85776c520","      FFMA R48, R12, R8, R48","10","0","10","28224","903168","903168","32","32","0","0","-","-","-","0","0","0","0","0","0","0","0","0","-","0","0","0","0","0","0","0","0","1","0","0","0","0","0","0","0","0","2","2","5","0","0","0","0","0","0","0","0","0","0","0","0","0","0","0","0","0","0","0","0"
"0x78a85776c530","      FFMA R49, R12, R9, R49","0","0","0","28224","903168","903168","32","32","0","0","-","-","-","0","0","0","0","0","0","0","0","0","-","0","0","0","0","0","0","0","0","0","0","0","0","0","0","0","0","0","0","0","0","0","0","0","0","0","0","0","0","0","0","0","0","0","0","0","0","0","0","0","0"
"0x78a85776c540","      FFMA R50, R12, R10, R50","1","0","1","28224","903168","903168","32","32","0","0","-","-","-","0","0","0","0","0","0","0","0","0","-","0","0","0","0","0","0","0","0","0","0","0","0","0","0","0","0","0","0","1","0","0","0","0","0","0","0","0","0","0","0","0","0","0","0","0","0","0","0","0","0"
"0x78a85776c550","      FFMA R60, R12, R11, R60","0","0","0","28224","903168","903168","32","32","0","0","-","-","-","0","0","0","0","0","0","0","0","0","-","0","0","0","0","0","0","0","0","0","0","0","0","0","0","0","0","0","0","0","0","0","0","0","0","0","0","0","0","0","0","0","0","0","0","0","0","0","0","0","0"
"0x78a85776c560","      FFMA R47, R13, R9, R39","2","0","2","28224","903168","903168","32","32","0","0","-","-","-","0","0","0","0","0","0","0","0","0","-","0","0","0","0","0","0","0","0","0","0","0","0","0","0","0","0","0","0","2","0","0","0","0","0","0","0","0","0","0","0","0","0","0","0","0","0","0","0","0","0"
"0x78a85776c570","      FFMA R61, R13, R8, R61","3","0","3","28224","903168","903168","32","32","0","0","-","-","-","0","0","0","0","0","0","0","0","0","-","0","0","0","0","0","0","0","0","2","0","0","0","0","0","0","0","0","0","1","0","0","0","0","0","0","0","0","0","0","0","0","0","0","0","0","0","0","0","0","0"
"0x78a85776c580","      FFMA R56, R13, R10, R38","0","0","0","28224","903168","903168","32","32","0","0","-","-","-","0","0","0","0","0","0","0","0","0","-","0","0","0","0","0","0","0","0","0","0","0","0","0","0","0","0","0","0","0","0","0","0","0","0","0","0","0","0","0","0","0","0","0","0","0","0","0","0","0","0"
"0x78a85776c590","      FFMA R42, R13, R11, R42","0","0","0","28224","903168","903168","32","32","0","0","-","-","-","0","0","0","0","0","0","0","0","0","-","0","0","0","0","0","0","0","0","0","0","0","0","0","0","0","0","0","0","0","0","0","0","0","0","0","0","0","0","0","0","0","0","0","0","0","0","0","0","0","0"
"0x78a85776c5a0","      FFMA R41, R14, R8, R41","1","0","1","28224","903168","903168","32","32","0","0","-","-","-","0","0","0","0","0","0","0","0","0","-","0","0","0","0","0","0","0","0","0","0","0","0","0","0","0","0","0","0","1","0","0","0","0","0","0","0","0","0","0","0","0","0","0","0","0","0","0","0","0","0"
"0x78a85776c5b0","      FFMA R43, R14, R9, R43","1","0","1","28224","903168","903168","32","32","0","0","-","-","-","0","0","0","0","0","0","0","0","0","-","0","0","0","0","0","0","0","0","0","0","0","0","0","0","0","0","0","0","1","0","0","0","0","0","0","0","0","0","0","0","0","0","0","0","0","0","0","0","0","0"
"0x78a85776c5c0","      FFMA R40, R14, R10, R40","0","0","0","28224","903168","903168","32","32","0","0","-","-","-","0","0","0","0","0","0","0","0","0","-","0","0","0","0","0","0","0","0","0","0","0","0","0","0","0","0","0","0","0","0","0","0","0","0","0","0","0","0","0","0","0","0","0","0","0","0","0","0","0","0"
"0x78a85776c5d0","      FFMA R62, R14, R11, R62","2","0","2","28224","903168","903168","32","32","0","0","-","-","-","0","0","0","0","0","0","0","0","0","-","0","0","0","0","0","0","0","0","0","0","0","0","0","0","0","0","0","0","2","0","0","0","0","0","0","0","0","0","0","0","0","0","0","0","0","0","0","0","0","0"
"0x78a85776c5e0","      LDS.128 R28, [R34]","0","0","0","28224","903168","903168","32","32","0","0","Shared","Load","128","0","4","0","112896","112896","0","0","0","0","-","0","0","0","0","0","0","0","0","0","0","0","0","0","0","0","0","0","0","0","0","0","0","0","0","0","0","0","0","0","0","0","0","0","0","0","0","0","0","0","0"
"0x78a85776c5f0","      FFMA R8, R15, R8, R66","3","0","3","28224","903168","903168","32","32","0","0","-","-","-","0","0","0","0","0","0","0","0","0","-","0","0","0","0","0","0","0","0","0","0","0","0","0","0","0","0","0","0","3","0","0","0","0","0","0","0","0","0","0","0","0","0","0","0","0","0","0","0","0","0"
"0x78a85776c600","      FFMA R9, R15, R9, R67","2","0","2","28224","903168","903168","32","32","0","0","-","-","-","0","0","0","0","0","0","0","0","0","-","0","0","0","0","0","0","0","0","0","0","0","0","0","0","0","0","0","1","1","0","0","0","0","0","0","0","0","0","0","0","0","0","0","0","0","0","0","0","0","0"
"0x78a85776c610","      FFMA R10, R15, R10, R68","2","0","2","28224","903168","903168","32","32","0","0","-","-","-","0","0","0","0","0","0","0","0","0","-","0","0","0","0","0","0","0","0","0","0","0","0","0","0","0","0","0","0","2","0","0","0","0","0","0","0","0","0","0","0","0","0","0","0","0","0","0","0","0","0"
"0x78a85776c620","      LDS.128 R36, [R33]","1","0","1","28224","903168","903168","32","32","0","0","Shared","Load","128","0","2","0","56448","56448","0","0","0","0","-","0","0","0","0","0","0","0","0","0","0","0","0","0","0","0","0","0","0","1","0","0","0","0","0","0","0","0","0","0","0","0","0","0","0","0","0","0","0","0","0"
"0x78a85776c630","      FFMA R11, R15, R11, R69","0","0","0","28224","903168","903168","32","32","0","0","-","-","-","0","0","0","0","0","0","0","0","0","-","0","0","0","0","0","0","0","0","0","0","0","0","0","0","0","0","0","0","0","0","0","0","0","0","0","0","0","0","0","0","0","0","0","0","0","0","0","0","0","0"
"0x78a85776c640","      FFMA R35, R16, R20, R35","6","1","6","28224","903168","903168","32","32","0","0","-","-","-","0","0","0","0","0","0","0","0","0","-","0","0","0","0","0","0","0","0","2","0","0","0","0","0","0","0","0","1","0","3","0","0","0","0","0","1","0","0","0","0","0","0","0","0","0","0","0","0","0","0"
"0x78a85776c650","      FFMA R54, R16, R21, R54","5","0","5","28224","903168","903168","32","32","0","0","-","-","-","0","0","0","0","0","0","0","0","0","-","0","0","0","0","0","0","0","0","0","0","0","0","0","0","0","0","0","0","5","0","0","0","0","0","0","0","0","0","0","0","0","0","0","0","0","0","0","0","0","0"
"0x78a85776c660","      LDS.128 R12, [R34+0x80]","2","1","2","28224","903168","903168","32","32","0","0","Shared","Load","128","0","4","0","112896","112896","0","0","0","0","-","0","0","0","0","0","0","0","0","1","0","0","0","0","0","1","0","0","0","0","0","0","0","0","0","0","0","0","0","0","0","0","1","0","0","0","0","0","0","0","0"
"0x78a85776c670","      FFMA R55, R16, R22, R55","3","0","3","28224","903168","903168","32","32","0","0","-","-","-","0","0","0","0","0","0","0","0","0","-","0","0","0","0","0","0","0","0","0","0","0","0","0","0","0","0","0","0","3","0","0","0","0","0","0","0","0","0","0","0","0","0","0","0","0","0","0","0","0","0"
"0x78a85776c680","      FFMA R51, R17, R20, R51","2","0","2","28224","903168","903168","32","32","0","0","-","-","-","0","0","0","0","0","0","0","0","0","-","0","0","0","0","0","0","0","0","0","0","0","0","0","0","0","0","0","1","1","0","0","0","0","0","0","0","0","0","0","0","0","0","0","0","0","0","0","0","0","0"
"0x78a85776c690","      FFMA R52, R17, R21, R52","0","0","0","28224","903168","903168","32","32","0","0","-","-","-","0","0","0","0","0","0","0","0","0","-","0","0","0","0","0","0","0","0","0","0","0","0","0","0","0","0","0","0","0","0","0","0","0","0","0","0","0","0","0","0","0","0","0","0","0","0","0","0","0","0"
"0x78a85776c6a0","      FFMA R53, R17, R22, R53","2","0","2","28224","903168","903168","32","32","0","0","-","-","-","0","0","0","0","0","0","0","0","0","-","0","0","0","0","0","0","0","0","0","0","0","0","0","0","0","0","0","0","2","0","0","0","0","0","0","0","0","0","0","0","0","0","0","0","0","0","0","0","0","0"
"0x78a85776c6b0","      FFMA R57, R18, R20, R57","0","0","0","28224","903168","903168","32","32","0","0","-","-","-","0","0","0","0","0","0","0","0","0","-","0","0","0","0","0","0","0","0","0","0","0","0","0","0","0","0","0","0","0","0","0","0","0","0","0","0","0","0","0","0","0","0","0","0","0","0","0","0","0","0"
"0x78a85776c6c0","      FFMA R58, R18, R21, R58","0","0","0","28224","903168","903168","32","32","0","0","-","-","-","0","0","0","0","0","0","0","0","0","-","0","0","0","0","0","0","0","0","0","0","0","0","0","0","0","0","0","0","0","0","0","0","0","0","0","0","0","0","0","0","0","0","0","0","0","0","0","0","0","0"
"0x78a85776c6d0","      FFMA R59, R18, R22, R59","3","0","3","28224","903168","903168","32","32","0","0","-","-","-","0","0","0","0","0","0","0","0","0","-","0","0","0","0","0","0","0","0","1","0","0","0","0","0","0","0","0","0","2","0","0","0","0","0","0","0","0","0","0","0","0","0","0","0","0","0","0","0","0","0"
"0x78a85776c6e0","      FFMA R63, R19, R20, R45","0","0","0","28224","903168","903168","32","32","0","0","-","-","-","0","0","0","0","0","0","0","0","0","-","0","0","0","0","0","0","0","0","0","0","0","0","0","0","0","0","0","0","0","0","0","0","0","0","0","0","0","0","0","0","0","0","0","0","0","0","0","0","0","0"
"0x78a85776c6f0","      FFMA R64, R19, R21, R46","1","0","1","28224","903168","903168","32","32","0","0","-","-","-","0","0","0","0","0","0","0","0","0","-","0","0","0","0","0","0","0","0","0","0","0","0","0","0","0","0","0","0","1","0","0","0","0","0","0","0","0","0","0","0","0","0","0","0","0","0","0","0","0","0"
"0x78a85776c700","      FFMA R65, R19, R22, R44","4","0","4","28224","903168","903168","32","32","0","0","-","-","-","0","0","0","0","0","0","0","0","0","-","0","0","0","0","0","0","0","0","1","0","0","0","0","0","0","0","1","0","2","0","0","0","0","0","0","0","0","0","0","0","0","0","0","0","0","0","0","0","0","0"
"0x78a85776c710","      FFMA R48, R24, R20, R48","1","1","1","28224","903168","903168","32","32","0","0","-","-","-","0","0","0","0","0","0","0","0","0","-","0","0","0","0","0","0","0","0","0","0","0","0","0","0","0","0","0","0","0","1","0","0","0","0","0","0","0","0","0","0","0","0","0","0","0","0","1","0","0","0"
"0x78a85776c720","      FFMA R49, R24, R21, R49","3","0","3","28224","903168","903168","32","32","0","0","-","-","-","0","0","0","0","0","0","0","0","0","-","0","0","0","0","0","0","0","0","1","0","0","0","0","0","0","0","0","0","2","0","0","0","0","0","0","0","0","0","0","0","0","0","0","0","0","0","0","0","0","0"
"0x78a85776c730","      FFMA R50, R24, R22, R50","1","0","1","28224","903168","903168","32","32","0","0","-","-","-","0","0","0","0","0","0","0","0","0","-","0","0","0","0","0","0","0","0","0","0","0","0","0","0","0","0","0","0","1","0","0","0","0","0","0","0","0","0","0","0","0","0","0","0","0","0","0","0","0","0"
"0x78a85776c740","      FFMA R60, R24, R23, R60","1","0","1","28224","903168","903168","32","32","0","0","-","-","-","0","0","0","0","0","0","0","0","0","-","0","0","0","0","0","0","0","0","0","0","0","0","0","0","0","0","0","0","1","0","0","0","0","0","0","0","0","0","0","0","0","0","0","0","0","0","0","0","0","0"
"0x78a85776c750","      FFMA R16, R16, R23, R4","1","0","1","28224","903168","903168","32","32","0","0","-","-","-","0","0","0","0","0","0","0","0","0","-","0","0","0","0","0","0","0","0","1","0","0","0","0","0","0","0","0","0","0","0","0","0","0","0","0","0","0","0","0","0","0","0","0","0","0","0","0","0","0","0"
"0x78a85776c760","      FFMA R17, R17, R23, R5","2","0","2","28224","903168","903168","32","32","0","0","-","-","-","0","0","0","0","0","0","0","0","0","-","0","0","0","0","0","0","0","0","1","0","0","0","0","0","0","0","0","0","1","0","0","0","0","0","0","0","0","0","0","0","0","0","0","0","0","0","0","0","0","0"
"0x78a85776c770","      FFMA R18, R18, R23, R6","0","0","0","28224","903168","903168","32","32","0","0","-","-","-","0","0","0","0","0","0","0","0","0","-","0","0","0","0","0","0","0","0","0","0","0","0","0","0","0","0","0","0","0","0","0","0","0","0","0","0","0","0","0","0","0","0","0","0","0","0","0","0","0","0"
"0x78a85776c780","      FFMA R19, R19, R23, R7","1","0","1","28224","903168","903168","32","32","0","0","-","-","-","0","0","0","0","0","0","0","0","0","-","0","0","0","0","0","0","0","0","0","0","0","0","0","0","0","0","0","1","0","0","0","0","0","0","0","0","0","0","0","0","0","0","0","0","0","0","0","0","0","0"
"0x78a85776c790","      FFMA R24, R25, R21, R47","1","0","1","28224","903168","903168","32","32","0","0","-","-","-","0","0","0","0","0","0","0","0","0","-","0","0","0","0","0","0","0","0","0","0","0","0","0","0","0","0","0","0","1","0","0","0","0","0","0","0","0","0","0","0","0","0","0","0","0","0","0","0","0","0"
"0x78a85776c7a0","      FFMA R61, R25, R20, R61","1","0","1","28224","903168","903168","32","32","0","0","-","-","-","0","0","0","0","0","0","0","0","0","-","0","0","0","0","0","0","0","0","0","0","0","0","0","0","0","0","0","0","1","0","0","0","0","0","0","0","0","0","0","0","0","0","0","0","0","0","0","0","0","0"
"0x78a85776c7b0","      FFMA R56, R25, R22, R56","1","0","1","28224","903168","903168","32","32","0","0","-","-","-","0","0","0","0","0","0","0","0","0","-","0","0","0","0","0","0","0","0","0","0","0","0","0","0","0","0","0","0","1","0","0","0","0","0","0","0","0","0","0","0","0","0","0","0","0","0","0","0","0","0"
"0x78a85776c7c0","      FFMA R42, R25, R23, R42","0","0","0","28224","903168","903168","32","32","0","0","-","-","-","0","0","0","0","0","0","0","0","0","-","0","0","0","0","0","0","0","0","0","0","0","0","0","0","0","0","0","0","0","0","0","0","0","0","0","0","0","0","0","0","0","0","0","0","0","0","0","0","0","0"
"0x78a85776c7d0","      LDS.128 R44, [R34+0x110]","1","0","1","28224","903168","903168","32","32","0","0","Shared","Load","128","0","4","0","112896","112896","0","0","0","0","-","0","0","0","0","0","0","0","0","0","0","0","0","0","0","0","0","0","0","1","0","0","0","0","0","0","0","0","0","0","0","0","0","0","0","0","0","0","0","0","0"
"0x78a85776c7e0","      FFMA R41, R26, R20, R41","0","0","0","28224","903168","903168","32","32","0","0","-","-","-","0","0","0","0","0","0","0","0","0","-","0","0","0","0","0","0","0","0","0","0","0","0","0","0","0","0","0","0","0","0","0","0","0","0","0","0","0","0","0","0","0","0","0","0","0","0","0","0","0","0"
"0x78a85776c7f0","      FFMA R43, R26, R21, R43","1","0","1","28224","903168","903168","32","32","0","0","-","-","-","0","0","0","0","0","0","0","0","0","-","0","0","0","0","0","0","0","0","0","0","0","0","0","0","0","0","0","0","1","0","0","0","0","0","0","0","0","0","0","0","0","0","0","0","0","0","0","0","0","0"
"0x78a85776c800","      FFMA R40, R26, R22, R40","1","0","1","28224","903168","903168","32","32","0","0","-","-","-","0","0","0","0","0","0","0","0","0","-","0","0","0","0","0","0","0","0","0","0","0","0","0","0","0","0","0","0","1","0","0","0","0","0","0","0","0","0","0","0","0","0","0","0","0","0","0","0","0","0"
"0x78a85776c810","      LDS.128 R4, [R33+0x110]","3","1","3","28224","903168","903168","32","32","0","0","Shared","Load","128","0","2","0","56448","56448","0","0","0","0","-","0","0","0","0","0","0","0","0","1","0","0","0","0","0","1","0","0","0","1","0","0","0","0","0","0","0","0","0","0","0","0","1","0","0","0","0","0","0","0","0"
"0x78a85776c820","      FFMA R62, R26, R23, R62","2","0","2","28224","903168","903168","32","32","0","0","-","-","-","0","0","0","0","0","0","0","0","0","-","0","0","0","0","0","0","0","0","0","0","0","0","0","0","0","0","0","0","2","0","0","0","0","0","0","0","0","0","0","0","0","0","0","0","0","0","0","0","0","0"
"0x78a85776c830","      FFMA R20, R27, R20, R8","1","0","1","28224","903168","903168","32","32","0","0","-","-","-","0","0","0","0","0","0","0","0","0","-","0","0","0","0","0","0","0","0","1","0","0","0","0","0","0","0","0","0","0","0","0","0","0","0","0","0","0","0","0","0","0","0","0","0","0","0","0","0","0","0"
"0x78a85776c840","      FFMA R21, R27, R21, R9","1","0","1","28224","903168","903168","32","32","0","0","-","-","-","0","0","0","0","0","0","0","0","0","-","0","0","0","0","0","0","0","0","0","0","0","0","0","0","0","0","0","0","1","0","0","0","0","0","0","0","0","0","0","0","0","0","0","0","0","0","0","0","0","0"
"0x78a85776c850","      FFMA R22, R27, R22, R10","0","0","0","28224","903168","903168","32","32","0","0","-","-","-","0","0","0","0","0","0","0","0","0","-","0","0","0","0","0","0","0","0","0","0","0","0","0","0","0","0","0","0","0","0","0","0","0","0","0","0","0","0","0","0","0","0","0","0","0","0","0","0","0","0"
"0x78a85776c860","      FFMA R23, R27, R23, R11","0","0","0","28224","903168","903168","32","32","0","0","-","-","-","0","0","0","0","0","0","0","0","0","-","0","0","0","0","0","0","0","0","0","0","0","0","0","0","0","0","0","0","0","0","0","0","0","0","0","0","0","0","0","0","0","0","0","0","0","0","0","0","0","0"
"0x78a85776c870","      LDS.128 R8, [R34+0x190]","5","1","5","28224","903168","903168","32","32","0","0","Shared","Load","128","0","4","0","112896","112896","0","0","0","0","-","0","0","0","0","0","0","0","0","1","0","0","0","0","0","1","0","0","3","0","0","0","0","0","0","0","0","0","0","0","0","0","1","0","0","0","0","0","0","0","0"
"0x78a85776c880","      IADD3 R33, PT, PT, R33, 0x440, RZ","16","4","16","28224","903168","903168","32","32","0","0","-","-","-","0","0","0","0","0","0","0","0","0","-","0","0","0","0","0","0","0","0","1","0","0","0","0","0","0","0","0","5","1","9","0","0","0","0","0","0","0","0","0","0","0","0","0","0","0","0","4","0","0","0"
"0x78a85776c890","      FFMA R35, R28, R36, R35","4","1","4","28224","903168","903168","32","32","0","0","-","-","-","0","0","0","0","0","0","0","0","0","-","0","0","0","0","0","0","0","0","1","0","0","0","0","0","0","0","0","1","0","2","0","0","0","0","0","0","0","0","0","0","0","0","0","0","0","0","1","0","0","0"
"0x78a85776c8a0","      FFMA R54, R28, R37, R54","0","0","0","28224","903168","903168","32","32","0","0","-","-","-","0","0","0","0","0","0","0","0","0","-","0","0","0","0","0","0","0","0","0","0","0","0","0","0","0","0","0","0","0","0","0","0","0","0","0","0","0","0","0","0","0","0","0","0","0","0","0","0","0","0"
"0x78a85776c8b0","      FFMA R55, R28, R38, R55","1","0","1","28224","903168","903168","32","32","0","0","-","-","-","0","0","0","0","0","0","0","0","0","-","0","0","0","0","0","0","0","0","0","0","0","0","0","0","0","0","0","0","1","0","0","0","0","0","0","0","0","0","0","0","0","0","0","0","0","0","0","0","0","0"
"0x78a85776c8c0","      FFMA R16, R28, R39, R16","1","0","1","28224","903168","903168","32","32","0","0","-","-","-","0","0","0","0","0","0","0","0","0","-","0","0","0","0","0","0","0","0","0","0","0","0","0","0","0","0","0","0","1","0","0","0","0","0","0","0","0","0","0","0","0","0","0","0","0","0","0","0","0","0"
"0x78a85776c8d0","      FFMA R51, R29, R36, R51","1","0","1","28224","903168","903168","32","32","0","0","-","-","-","0","0","0","0","0","0","0","0","0","-","0","0","0","0","0","0","0","0","0","0","0","0","0","0","0","0","0","0","1","0","0","0","0","0","0","0","0","0","0","0","0","0","0","0","0","0","0","0","0","0"
"0x78a85776c8e0","      FFMA R52, R29, R37, R52","2","0","2","28224","903168","903168","32","32","0","0","-","-","-","0","0","0","0","0","0","0","0","0","-","0","0","0","0","0","0","0","0","0","0","0","0","0","0","0","0","0","0","2","0","0","0","0","0","0","0","0","0","0","0","0","0","0","0","0","0","0","0","0","0"
"0x78a85776c8f0","      FFMA R53, R29, R38, R53","0","0","0","28224","903168","903168","32","32","0","0","-","-","-","0","0","0","0","0","0","0","0","0","-","0","0","0","0","0","0","0","0","0","0","0","0","0","0","0","0","0","0","0","0","0","0","0","0","0","0","0","0","0","0","0","0","0","0","0","0","0","0","0","0"
"0x78a85776c900","      FFMA R17, R29, R39, R17","0","0","0","28224","903168","903168","32","32","0","0","-","-","-","0","0","0","0","0","0","0","0","0","-","0","0","0","0","0","0","0","0","0","0","0","0","0","0","0","0","0","0","0","0","0","0","0","0","0","0","0","0","0","0","0","0","0","0","0","0","0","0","0","0"
"0x78a85776c910","      FFMA R57, R30, R36, R57","2","0","2","28224","903168","903168","32","32","0","0","-","-","-","0","0","0","0","0","0","0","0","0","-","0","0","0","0","0","0","0","0","0","0","0","0","0","0","0","0","0","0","2","0","0","0","0","0","0","0","0","0","0","0","0","0","0","0","0","0","0","0","0","0"
"0x78a85776c920","      FFMA R58, R30, R37, R58","1","0","1","28224","903168","903168","32","32","0","0","-","-","-","0","0","0","0","0","0","0","0","0","-","0","0","0","0","0","0","0","0","0","0","0","0","0","0","0","0","0","0","1","0","0","0","0","0","0","0","0","0","0","0","0","0","0","0","0","0","0","0","0","0"
"0x78a85776c930","      FFMA R59, R30, R38, R59","0","0","0","28224","903168","903168","32","32","0","0","-","-","-","0","0","0","0","0","0","0","0","0","-","0","0","0","0","0","0","0","0","0","0","0","0","0","0","0","0","0","0","0","0","0","0","0","0","0","0","0","0","0","0","0","0","0","0","0","0","0","0","0","0"
"0x78a85776c940","      FFMA R25, R30, R39, R18","0","0","0","28224","903168","903168","32","32","0","0","-","-","-","0","0","0","0","0","0","0","0","0","-","0","0","0","0","0","0","0","0","0","0","0","0","0","0","0","0","0","0","0","0","0","0","0","0","0","0","0","0","0","0","0","0","0","0","0","0","0","0","0","0"
"0x78a85776c950","      FFMA R18, R31, R36, R63","2","0","2","28224","903168","903168","32","32","0","0","-","-","-","0","0","0","0","0","0","0","0","0","-","0","0","0","0","0","0","0","0","1","0","0","0","0","0","0","0","0","0","1","0","0","0","0","0","0","0","0","0","0","0","0","0","0","0","0","0","0","0","0","0"
"0x78a85776c960","      FFMA R64, R31, R37, R64","0","0","0","28224","903168","903168","32","32","0","0","-","-","-","0","0","0","0","0","0","0","0","0","-","0","0","0","0","0","0","0","0","0","0","0","0","0","0","0","0","0","0","0","0","0","0","0","0","0","0","0","0","0","0","0","0","0","0","0","0","0","0","0","0"
"0x78a85776c970","      FFMA R65, R31, R38, R65","0","0","0","28224","903168","903168","32","32","0","0","-","-","-","0","0","0","0","0","0","0","0","0","-","0","0","0","0","0","0","0","0","0","0","0","0","0","0","0","0","0","0","0","0","0","0","0","0","0","0","0","0","0","0","0","0","0","0","0","0","0","0","0","0"
"0x78a85776c980","      FFMA R48, R12, R36, R48","6","0","6","28224","903168","903168","32","32","0","0","-","-","-","0","0","0","0","0","0","0","0","0","-","0","0","0","0","0","0","0","0","1","0","0","0","0","0","0","0","0","3","0","2","0","0","0","0","0","0","0","0","0","0","0","0","0","0","0","0","0","0","0","0"
"0x78a85776c990","      FFMA R49, R12, R37, R49","2","0","2","28224","903168","903168","32","32","0","0","-","-","-","0","0","0","0","0","0","0","0","0","-","0","0","0","0","0","0","0","0","0","0","0","0","0","0","0","0","0","0","2","0","0","0","0","0","0","0","0","0","0","0","0","0","0","0","0","0","0","0","0","0"
"0x78a85776c9a0","      FFMA R50, R12, R38, R50","0","0","0","28224","903168","903168","32","32","0","0","-","-","-","0","0","0","0","0","0","0","0","0","-","0","0","0","0","0","0","0","0","0","0","0","0","0","0","0","0","0","0","0","0","0","0","0","0","0","0","0","0","0","0","0","0","0","0","0","0","0","0","0","0"
"0x78a85776c9b0","      FFMA R60, R12, R39, R60","0","0","0","28224","903168","903168","32","32","0","0","-","-","-","0","0","0","0","0","0","0","0","0","-","0","0","0","0","0","0","0","0","0","0","0","0","0","0","0","0","0","0","0","0","0","0","0","0","0","0","0","0","0","0","0","0","0","0","0","0","0","0","0","0"
"0x78a85776c9c0","      FFMA R19, R31, R39, R19","1","0","1","28224","903168","903168","32","32","0","0","-","-","-","0","0","0","0","0","0","0","0","0","-","0","0","0","0","0","0","0","0","0","0","0","0","0","0","0","0","0","0","1","0","0","0","0","0","0","0","0","0","0","0","0","0","0","0","0","0","0","0","0","0"
"0x78a85776c9d0","      FFMA R61, R13, R36, R61","0","0","0","28224","903168","903168","32","32","0","0","-","-","-","0","0","0","0","0","0","0","0","0","-","0","0","0","0","0","0","0","0","0","0","0","0","0","0","0","0","0","0","0","0","0","0","0","0","0","0","0","0","0","0","0","0","0","0","0","0","0","0","0","0"
"0x78a85776c9e0","      FFMA R24, R13, R37, R24","0","0","0","28224","903168","903168","32","32","0","0","-","-","-","0","0","0","0","0","0","0","0","0","-","0","0","0","0","0","0","0","0","0","0","0","0","0","0","0","0","0","0","0","0","0","0","0","0","0","0","0","0","0","0","0","0","0","0","0","0","0","0","0","0"
"0x78a85776c9f0","      FFMA R12, R13, R38, R56","5","0","5","28224","903168","903168","32","32","0","0","-","-","-","0","0","0","0","0","0","0","0","0","-","0","0","0","0","0","0","0","0","0","0","0","0","0","0","0","0","0","0","5","0","0","0","0","0","0","0","0","0","0","0","0","0","0","0","0","0","0","0","0","0"
"0x78a85776ca00","      FFMA R42, R13, R39, R42","0","0","0","28224","903168","903168","32","32","0","0","-","-","-","0","0","0","0","0","0","0","0","0","-","0","0","0","0","0","0","0","0","0","0","0","0","0","0","0","0","0","0","0","0","0","0","0","0","0","0","0","0","0","0","0","0","0","0","0","0","0","0","0","0"
"0x78a85776ca10","      FFMA R41, R14, R36, R41","1","0","1","28224","903168","903168","32","32","0","0","-","-","-","0","0","0","0","0","0","0","0","0","-","0","0","0","0","0","0","0","0","0","0","0","0","0","0","0","0","0","0","1","0","0","0","0","0","0","0","0","0","0","0","0","0","0","0","0","0","0","0","0","0"
"0x78a85776ca20","      FFMA R43, R14, R37, R43","2","0","2","28224","903168","903168","32","32","0","0","-","-","-","0","0","0","0","0","0","0","0","0","-","0","0","0","0","0","0","0","0","2","0","0","0","0","0","0","0","0","0","0","0","0","0","0","0","0","0","0","0","0","0","0","0","0","0","0","0","0","0","0","0"
"0x78a85776ca30","      FFMA R40, R14, R38, R40","2","0","2","28224","903168","903168","32","32","0","0","-","-","-","0","0","0","0","0","0","0","0","0","-","0","0","0","0","0","0","0","0","0","0","0","0","0","0","0","0","0","0","2","0","0","0","0","0","0","0","0","0","0","0","0","0","0","0","0","0","0","0","0","0"
"0x78a85776ca40","      FFMA R62, R14, R39, R62","2","0","2","28224","903168","903168","32","32","0","0","-","-","-","0","0","0","0","0","0","0","0","0","-","0","0","0","0","0","0","0","0","0","0","0","0","0","0","0","0","0","0","2","0","0","0","0","0","0","0","0","0","0","0","0","0","0","0","0","0","0","0","0","0"
"0x78a85776ca50","      FFMA R20, R15, R36, R20","3","0","3","28224","903168","903168","32","32","0","0","-","-","-","0","0","0","0","0","0","0","0","0","-","0","0","0","0","0","0","0","0","0","0","0","0","0","0","0","0","0","0","3","0","0","0","0","0","0","0","0","0","0","0","0","0","0","0","0","0","0","0","0","0"
"0x78a85776ca60","      FFMA R21, R15, R37, R21","1","0","1","28224","903168","903168","32","32","0","0","-","-","-","0","0","0","0","0","0","0","0","0","-","0","0","0","0","0","0","0","0","0","0","0","0","0","0","0","0","0","0","1","0","0","0","0","0","0","0","0","0","0","0","0","0","0","0","0","0","0","0","0","0"
"0x78a85776ca70","      FFMA R22, R15, R38, R22","0","0","0","28224","903168","903168","32","32","0","0","-","-","-","0","0","0","0","0","0","0","0","0","-","0","0","0","0","0","0","0","0","0","0","0","0","0","0","0","0","0","0","0","0","0","0","0","0","0","0","0","0","0","0","0","0","0","0","0","0","0","0","0","0"
"0x78a85776ca80","      FFMA R23, R15, R39, R23","1","0","1","28224","903168","903168","32","32","0","0","-","-","-","0","0","0","0","0","0","0","0","0","-","0","0","0","0","0","0","0","0","0","0","0","0","0","0","0","0","0","0","1","0","0","0","0","0","0","0","0","0","0","0","0","0","0","0","0","0","0","0","0","0"
"0x78a85776ca90","      FFMA R28, R44, R4, R35","2","1","2","28224","903168","903168","32","32","0","0","-","-","-","0","0","0","0","0","0","0","0","0","-","0","0","0","0","0","0","0","0","0","0","0","0","0","0","0","0","0","0","0","2","0","0","0","0","0","0","0","0","0","0","0","0","0","0","0","0","1","0","0","0"
"0x78a85776caa0","      FFMA R29, R44, R5, R54","2","0","2","28224","903168","903168","32","32","0","0","-","-","-","0","0","0","0","0","0","0","0","0","-","0","0","0","0","0","0","0","0","1","0","0","0","0","0","0","0","0","0","1","0","0","0","0","0","0","0","0","0","0","0","0","0","0","0","0","0","0","0","0","0"
"0x78a85776cab0","      FFMA R30, R44, R6, R55","1","0","1","28224","903168","903168","32","32","0","0","-","-","-","0","0","0","0","0","0","0","0","0","-","0","0","0","0","0","0","0","0","0","0","0","0","0","0","0","0","0","0","1","0","0","0","0","0","0","0","0","0","0","0","0","0","0","0","0","0","0","0","0","0"
"0x78a85776cac0","      FFMA R31, R44, R7, R16","3","0","3","28224","903168","903168","32","32","0","0","-","-","-","0","0","0","0","0","0","0","0","0","-","0","0","0","0","0","0","0","0","0","0","0","0","0","0","0","0","0","0","3","0","0","0","0","0","0","0","0","0","0","0","0","0","0","0","0","0","0","0","0","0"
"0x78a85776cad0","      FFMA R51, R45, R4, R51","2","0","2","28224","903168","903168","32","32","0","0","-","-","-","0","0","0","0","0","0","0","0","0","-","0","0","0","0","0","0","0","0","0","0","0","0","0","0","0","0","0","0","2","0","0","0","0","0","0","0","0","0","0","0","0","0","0","0","0","0","0","0","0","0"
"0x78a85776cae0","      FFMA R52, R45, R5, R52","2","0","2","28224","903168","903168","32","32","0","0","-","-","-","0","0","0","0","0","0","0","0","0","-","0","0","0","0","0","0","0","0","0","0","0","0","0","0","0","0","0","0","2","0","0","0","0","0","0","0","0","0","0","0","0","0","0","0","0","0","0","0","0","0"
"0x78a85776caf0","      FFMA R53, R45, R6, R53","1","0","1","28224","903168","903168","32","32","0","0","-","-","-","0","0","0","0","0","0","0","0","0","-","0","0","0","0","0","0","0","0","0","0","0","0","0","0","0","0","0","0","1","0","0","0","0","0","0","0","0","0","0","0","0","0","0","0","0","0","0","0","0","0"
"0x78a85776cb00","      FFMA R56, R45, R7, R17","1","0","1","28224","903168","903168","32","32","0","0","-","-","-","0","0","0","0","0","0","0","0","0","-","0","0","0","0","0","0","0","0","0","0","0","0","0","0","0","0","0","0","1","0","0","0","0","0","0","0","0","0","0","0","0","0","0","0","0","0","0","0","0","0"
"0x78a85776cb10","      FFMA R57, R46, R4, R57","2","0","2","28224","903168","903168","32","32","0","0","-","-","-","0","0","0","0","0","0","0","0","0","-","0","0","0","0","0","0","0","0","0","0","0","0","0","0","0","0","0","0","2","0","0","0","0","0","0","0","0","0","0","0","0","0","0","0","0","0","0","0","0","0"
"0x78a85776cb20","      FFMA R58, R46, R5, R58","1","0","1","28224","903168","903168","32","32","0","0","-","-","-","0","0","0","0","0","0","0","0","0","-","0","0","0","0","0","0","0","0","0","0","0","0","0","0","0","0","0","0","1","0","0","0","0","0","0","0","0","0","0","0","0","0","0","0","0","0","0","0","0","0"
"0x78a85776cb30","      FFMA R59, R46, R6, R59","1","0","1","28224","903168","903168","32","32","0","0","-","-","-","0","0","0","0","0","0","0","0","0","-","0","0","0","0","0","0","0","0","0","0","0","0","0","0","0","0","0","0","1","0","0","0","0","0","0","0","0","0","0","0","0","0","0","0","0","0","0","0","0","0"
"0x78a85776cb40","      FFMA R63, R46, R7, R25","2","0","2","28224","903168","903168","32","32","0","0","-","-","-","0","0","0","0","0","0","0","0","0","-","0","0","0","0","0","0","0","0","0","0","0","0","0","0","0","0","0","0","2","0","0","0","0","0","0","0","0","0","0","0","0","0","0","0","0","0","0","0","0","0"
"0x78a85776cb50","      FFMA R45, R47, R4, R18","1","0","1","28224","903168","903168","32","32","0","0","-","-","-","0","0","0","0","0","0","0","0","0","-","0","0","0","0","0","0","0","0","0","0","0","0","0","0","0","0","0","0","1","0","0","0","0","0","0","0","0","0","0","0","0","0","0","0","0","0","0","0","0","0"
"0x78a85776cb60","      FFMA R46, R47, R5, R64","1","0","1","28224","903168","903168","32","32","0","0","-","-","-","0","0","0","0","0","0","0","0","0","-","0","0","0","0","0","0","0","0","0","0","0","0","0","0","0","0","0","0","1","0","0","0","0","0","0","0","0","0","0","0","0","0","0","0","0","0","0","0","0","0"
"0x78a85776cb70","      FFMA R44, R47, R6, R65","1","0","1","28224","903168","903168","32","32","0","0","-","-","-","0","0","0","0","0","0","0","0","0","-","0","0","0","0","0","0","0","0","0","0","0","0","0","0","0","0","0","0","1","0","0","0","0","0","0","0","0","0","0","0","0","0","0","0","0","0","0","0","0","0"
"0x78a85776cb80","      FFMA R47, R47, R7, R19","0","0","0","28224","903168","903168","32","32","0","0","-","-","-","0","0","0","0","0","0","0","0","0","-","0","0","0","0","0","0","0","0","0","0","0","0","0","0","0","0","0","0","0","0","0","0","0","0","0","0","0","0","0","0","0","0","0","0","0","0","0","0","0","0"
"0x78a85776cb90","      FFMA R48, R8, R4, R48","4","0","4","28224","903168","903168","32","32","0","0","-","-","-","0","0","0","0","0","0","0","0","0","-","0","0","0","0","0","0","0","0","1","0","0","0","0","0","0","0","0","0","1","2","0","0","0","0","0","0","0","0","0","0","0","0","0","0","0","0","0","0","0","0"
"0x78a85776cba0","      FFMA R49, R8, R5, R49","0","0","0","28224","903168","903168","32","32","0","0","-","-","-","0","0","0","0","0","0","0","0","0","-","0","0","0","0","0","0","0","0","0","0","0","0","0","0","0","0","0","0","0","0","0","0","0","0","0","0","0","0","0","0","0","0","0","0","0","0","0","0","0","0"
"0x78a85776cbb0","      FFMA R50, R8, R6, R50","2","0","2","28224","903168","903168","32","32","0","0","-","-","-","0","0","0","0","0","0","0","0","0","-","0","0","0","0","0","0","0","0","0","0","0","0","0","0","0","0","0","0","2","0","0","0","0","0","0","0","0","0","0","0","0","0","0","0","0","0","0","0","0","0"
"0x78a85776cbc0","      FFMA R60, R8, R7, R60","0","0","0","28224","903168","903168","32","32","0","0","-","-","-","0","0","0","0","0","0","0","0","0","-","0","0","0","0","0","0","0","0","0","0","0","0","0","0","0","0","0","0","0","0","0","0","0","0","0","0","0","0","0","0","0","0","0","0","0","0","0","0","0","0"
"0x78a85776cbd0","      FFMA R61, R9, R4, R61","1","0","1","28224","903168","903168","32","32","0","0","-","-","-","0","0","0","0","0","0","0","0","0","-","0","0","0","0","0","0","0","0","0","0","0","0","0","0","0","0","0","0","1","0","0","0","0","0","0","0","0","0","0","0","0","0","0","0","0","0","0","0","0","0"
"0x78a85776cbe0","      FFMA R39, R9, R5, R24","1","0","1","28224","903168","903168","32","32","0","0","-","-","-","0","0","0","0","0","0","0","0","0","-","0","0","0","0","0","0","0","0","0","0","0","0","0","0","0","0","0","0","1","0","0","0","0","0","0","0","0","0","0","0","0","0","0","0","0","0","0","0","0","0"
"0x78a85776cbf0","      FFMA R38, R9, R6, R12","1","0","1","28224","903168","903168","32","32","0","0","-","-","-","0","0","0","0","0","0","0","0","0","-","0","0","0","0","0","0","0","0","0","0","0","0","0","0","0","0","0","0","1","0","0","0","0","0","0","0","0","0","0","0","0","0","0","0","0","0","0","0","0","0"
"0x78a85776cc00","      FFMA R42, R9, R7, R42","6","0","6","28224","903168","903168","32","32","0","0","-","-","-","0","0","0","0","0","0","0","0","0","-","0","0","0","0","0","0","0","0","0","0","0","0","0","0","0","0","1","2","3","0","0","0","0","0","0","0","0","0","0","0","0","0","0","0","0","0","0","0","0","0"
"0x78a85776cc10","      FFMA R41, R10, R4, R41","1","0","1","28224","903168","903168","32","32","0","0","-","-","-","0","0","0","0","0","0","0","0","0","-","0","0","0","0","0","0","0","0","0","0","0","0","0","0","0","0","0","0","1","0","0","0","0","0","0","0","0","0","0","0","0","0","0","0","0","0","0","0","0","0"
"0x78a85776cc20","      FFMA R43, R10, R5, R43","2","0","2","28224","903168","903168","32","32","0","0","-","-","-","0","0","0","0","0","0","0","0","0","-","0","0","0","0","0","0","0","0","0","0","0","0","0","0","0","0","0","0","2","0","0","0","0","0","0","0","0","0","0","0","0","0","0","0","0","0","0","0","0","0"
"0x78a85776cc30","      FFMA R40, R10, R6, R40","1","0","1","28224","903168","903168","32","32","0","0","-","-","-","0","0","0","0","0","0","0","0","0","-","0","0","0","0","0","0","0","0","0","0","0","0","0","0","0","0","0","0","1","0","0","0","0","0","0","0","0","0","0","0","0","0","0","0","0","0","0","0","0","0"
"0x78a85776cc40","      FFMA R62, R10, R7, R62","1","0","1","28224","903168","903168","32","32","0","0","-","-","-","0","0","0","0","0","0","0","0","0","-","0","0","0","0","0","0","0","0","0","0","0","0","0","0","0","0","0","0","1","0","0","0","0","0","0","0","0","0","0","0","0","0","0","0","0","0","0","0","0","0"
"0x78a85776cc50","      FFMA R66, R11, R4, R20","1","0","1","28224","903168","903168","32","32","0","0","-","-","-","0","0","0","0","0","0","0","0","0","-","0","0","0","0","0","0","0","0","0","0","0","0","0","0","0","0","0","0","1","0","0","0","0","0","0","0","0","0","0","0","0","0","0","0","0","0","0","0","0","0"
"0x78a85776cc60","      FFMA R67, R11, R5, R21","1","0","1","28224","903168","903168","32","32","0","0","-","-","-","0","0","0","0","0","0","0","0","0","-","0","0","0","0","0","0","0","0","0","0","0","0","0","0","0","0","0","0","1","0","0","0","0","0","0","0","0","0","0","0","0","0","0","0","0","0","0","0","0","0"
"0x78a85776cc70","      FFMA R68, R11, R6, R22","1","0","1","28224","903168","903168","32","32","0","0","-","-","-","0","0","0","0","0","0","0","0","0","-","0","0","0","0","0","0","0","0","0","0","0","0","0","0","0","0","0","0","1","0","0","0","0","0","0","0","0","0","0","0","0","0","0","0","0","0","0","0","0","0"
"0x78a85776cc80","      FFMA R69, R11, R7, R23","1","0","1","28224","903168","903168","32","32","0","0","-","-","-","0","0","0","0","0","0","0","0","0","-","0","0","0","0","0","0","0","0","0","0","0","0","0","0","0","0","0","0","1","0","0","0","0","0","0","0","0","0","0","0","0","0","0","0","0","0","0","0","0","0"
"0x78a85776cc90","      IADD3 R34, PT, PT, R34, 0x440, RZ","1","0","1","28224","903168","903168","32","32","0","0","-","-","-","0","0","0","0","0","0","0","0","0","-","0","0","0","0","0","0","0","0","0","0","0","0","0","0","0","0","0","0","1","0","0","0","0","0","0","0","0","0","0","0","0","0","0","0","0","0","0","0","0","0"
"0x78a85776cca0","      BRA.U UP0, 0x78a85776c380","4","0","4","28224","903168","903168","32","32","0","0","-","-","-","0","0","0","0","0","0","0","0","0","-","0","0","0","0","0","0","0","0","0","0","0","0","0","0","0","0","0","0","4","0","0","0","0","0","0","0","0","0","0","0","0","0","0","0","0","0","0","0","0","0"
"0x78a85776ccb0","      BRA.U !UP1, 0x78a85776d400","3","1","3","7056","225792","225792","32","32","0","0","-","-","-","0","0","0","0","0","0","0","0","0","-","0","0","0","0","0","0","0","0","0","0","0","0","0","0","0","0","0","1","0","0","0","0","2","0","0","0","0","0","0","0","0","0","0","0","0","0","0","0","0","1"
"0x78a85776ccc0","      UISETP.NE.AND UP0, UPT, UR5, 0x1, UPT","0","0","0","0","0","0","0","0","32","0","-","-","-","0","0","0","0","0","0","0","0","0","-","0","0","0","0","0","0","0","0","0","0","0","0","0","0","0","0","0","0","0","0","0","0","0","0","0","0","0","0","0","0","0","0","0","0","0","0","0","0","0","0"
"0x78a85776ccd0","      ULOP3.LUT UR10, UR10, 0x1, URZ, 0xc0, !UPT","0","0","0","0","0","0","0","0","32","0","-","-","-","0","0","0","0","0","0","0","0","0","-","0","0","0","0","0","0","0","0","0","0","0","0","0","0","0","0","0","0","0","0","0","0","0","0","0","0","0","0","0","0","0","0","0","0","0","0","0","0","0","0"
"0x78a85776cce0","      UISETP.NE.U32.AND UP1, UPT, UR10, 0x1, UPT","0","0","0","0","0","0","0","0","32","0","-","-","-","0","0","0","0","0","0","0","0","0","-","0","0","0","0","0","0","0","0","0","0","0","0","0","0","0","0","0","0","0","0","0","0","0","0","0","0","0","0","0","0","0","0","0","0","0","0","0","0","0","0"
"0x78a85776ccf0","      BRA.U !UP0, 0x78a85776d1a0","0","0","0","0","0","0","0","0","32","0","-","-","-","0","0","0","0","0","0","0","0","0","-","0","0","0","0","0","0","0","0","0","0","0","0","0","0","0","0","0","0","0","0","0","0","0","0","0","0","0","0","0","0","0","0","0","0","0","0","0","0","0","0"
"0x78a85776cd00","      LEA R33, R3, UR6, 0x4","0","0","0","0","0","0","0","0","32","0","-","-","-","0","0","0","0","0","0","0","0","0","-","0","0","0","0","0","0","0","0","0","0","0","0","0","0","0","0","0","0","0","0","0","0","0","0","0","0","0","0","0","0","0","0","0","0","0","0","0","0","0","0"
"0x78a85776cd10","      LEA R34, R32, UR8, 0x4","0","0","0","0","0","0","0","0","32","0","-","-","-","0","0","0","0","0","0","0","0","0","-","0","0","0","0","0","0","0","0","0","0","0","0","0","0","0","0","0","0","0","0","0","0","0","0","0","0","0","0","0","0","0","0","0","0","0","0","0","0","0","0"
"0x78a85776cd20","      IADD3 R3, PT, PT, R3, 0x22, RZ","0","0","0","0","0","0","0","0","32","0","-","-","-","0","0","0","0","0","0","0","0","0","-","0","0","0","0","0","0","0","0","0","0","0","0","0","0","0","0","0","0","0","0","0","0","0","0","0","0","0","0","0","0","0","0","0","0","0","0","0","0","0","0"
"0x78a85776cd30","      LDS.128 R4, [R33]","0","0","0","0","0","0","0","0","32","0","","","","0","0","0","0","0","0","0","0","0","-","0","0","0","0","0","0","0","0","0","0","0","0","0","0","0","0","0","0","0","0","0","0","0","0","0","0","0","0","0","0","0","0","0","0","0","0","0","0","0","0"
"0x78a85776cd40","      IADD3 R32, PT, PT, R32, 0x22, RZ","0","0","0","0","0","0","0","0","32","0","-","-","-","0","0","0","0","0","0","0","0","0","-","0","0","0","0","0","0","0","0","0","0","0","0","0","0","0","0","0","0","0","0","0","0","0","0","0","0","0","0","0","0","0","0","0","0","0","0","0","0","0","0"
"0x78a85776cd50","      LDS.128 R8, [R34]","0","0","0","0","0","0","0","0","32","0","","","","0","0","0","0","0","0","0","0","0","-","0","0","0","0","0","0","0","0","0","0","0","0","0","0","0","0","0","0","0","0","0","0","0","0","0","0","0","0","0","0","0","0","0","0","0","0","0","0","0","0"
"0x78a85776cd60","      LDS.128 R12, [R33+0x80]","0","0","0","0","0","0","0","0","32","0","","","","0","0","0","0","0","0","0","0","0","-","0","0","0","0","0","0","0","0","0","0","0","0","0","0","0","0","0","0","0","0","0","0","0","0","0","0","0","0","0","0","0","0","0","0","0","0","0","0","0","0"
"0x78a85776cd70","      LDS.128 R16, [R34+0x110]","0","0","0","0","0","0","0","0","32","0","","","","0","0","0","0","0","0","0","0","0","-","0","0","0","0","0","0","0","0","0","0","0","0","0","0","0","0","0","0","0","0","0","0","0","0","0","0","0","0","0","0","0","0","0","0","0","0","0","0","0","0"
"0x78a85776cd80","      LDS.128 R20, [R33+0x110]","0","0","0","0","0","0","0","0","32","0","","","","0","0","0","0","0","0","0","0","0","-","0","0","0","0","0","0","0","0","0","0","0","0","0","0","0","0","0","0","0","0","0","0","0","0","0","0","0","0","0","0","0","0","0","0","0","0","0","0","0","0"
"0x78a85776cd90","      LDS.128 R24, [R33+0x190]","0","0","0","0","0","0","0","0","32","0","","","","0","0","0","0","0","0","0","0","0","-","0","0","0","0","0","0","0","0","0","0","0","0","0","0","0","0","0","0","0","0","0","0","0","0","0","0","0","0","0","0","0","0","0","0","0","0","0","0","0","0"
"0x78a85776cda0","      FFMA R28, R4, R8, R28","0","0","0","0","0","0","0","0","32","0","-","-","-","0","0","0","0","0","0","0","0","0","-","0","0","0","0","0","0","0","0","0","0","0","0","0","0","0","0","0","0","0","0","0","0","0","0","0","0","0","0","0","0","0","0","0","0","0","0","0","0","0","0"
"0x78a85776cdb0","      FFMA R29, R4, R9, R29","0","0","0","0","0","0","0","0","32","0","-","-","-","0","0","0","0","0","0","0","0","0","-","0","0","0","0","0","0","0","0","0","0","0","0","0","0","0","0","0","0","0","0","0","0","0","0","0","0","0","0","0","0","0","0","0","0","0","0","0","0","0","0"
"0x78a85776cdc0","      FFMA R30, R4, R10, R30","0","0","0","0","0","0","0","0","32","0","-","-","-","0","0","0","0","0","0","0","0","0","-","0","0","0","0","0","0","0","0","0","0","0","0","0","0","0","0","0","0","0","0","0","0","0","0","0","0","0","0","0","0","0","0","0","0","0","0","0","0","0","0"
"0x78a85776cdd0","      FFMA R31, R4, R11, R31","0","0","0","0","0","0","0","0","32","0","-","-","-","0","0","0","0","0","0","0","0","0","-","0","0","0","0","0","0","0","0","0","0","0","0","0","0","0","0","0","0","0","0","0","0","0","0","0","0","0","0","0","0","0","0","0","0","0","0","0","0","0","0"
"0x78a85776cde0","      FFMA R51, R5, R8, R51","0","0","0","0","0","0","0","0","32","0","-","-","-","0","0","0","0","0","0","0","0","0","-","0","0","0","0","0","0","0","0","0","0","0","0","0","0","0","0","0","0","0","0","0","0","0","0","0","0","0","0","0","0","0","0","0","0","0","0","0","0","0","0"
"0x78a85776cdf0","      FFMA R52, R5, R9, R52","0","0","0","0","0","0","0","0","32","0","-","-","-","0","0","0","0","0","0","0","0","0","-","0","0","0","0","0","0","0","0","0","0","0","0","0","0","0","0","0","0","0","0","0","0","0","0","0","0","0","0","0","0","0","0","0","0","0","0","0","0","0","0"
"0x78a85776ce00","      FFMA R53, R5, R10, R53","0","0","0","0","0","0","0","0","32","0","-","-","-","0","0","0","0","0","0","0","0","0","-","0","0","0","0","0","0","0","0","0","0","0","0","0","0","0","0","0","0","0","0","0","0","0","0","0","0","0","0","0","0","0","0","0","0","0","0","0","0","0","0"
"0x78a85776ce10","      FFMA R56, R5, R11, R56","0","0","0","0","0","0","0","0","32","0","-","-","-","0","0","0","0","0","0","0","0","0","-","0","0","0","0","0","0","0","0","0","0","0","0","0","0","0","0","0","0","0","0","0","0","0","0","0","0","0","0","0","0","0","0","0","0","0","0","0","0","0","0"
"0x78a85776ce20","      FFMA R57, R6, R8, R57","0","0","0","0","0","0","0","0","32","0","-","-","-","0","0","0","0","0","0","0","0","0","-","0","0","0","0","0","0","0","0","0","0","0","0","0","0","0","0","0","0","0","0","0","0","0","0","0","0","0","0","0","0","0","0","0","0","0","0","0","0","0","0"
"0x78a85776ce30","      FFMA R58, R6, R9, R58","0","0","0","0","0","0","0","0","32","0","-","-","-","0","0","0","0","0","0","0","0","0","-","0","0","0","0","0","0","0","0","0","0","0","0","0","0","0","0","0","0","0","0","0","0","0","0","0","0","0","0","0","0","0","0","0","0","0","0","0","0","0","0"
"0x78a85776ce40","      FFMA R59, R6, R10, R59","0","0","0","0","0","0","0","0","32","0","-","-","-","0","0","0","0","0","0","0","0","0","-","0","0","0","0","0","0","0","0","0","0","0","0","0","0","0","0","0","0","0","0","0","0","0","0","0","0","0","0","0","0","0","0","0","0","0","0","0","0","0","0"
"0x78a85776ce50","      FFMA R63, R6, R11, R63","0","0","0","0","0","0","0","0","32","0","-","-","-","0","0","0","0","0","0","0","0","0","-","0","0","0","0","0","0","0","0","0","0","0","0","0","0","0","0","0","0","0","0","0","0","0","0","0","0","0","0","0","0","0","0","0","0","0","0","0","0","0","0"
"0x78a85776ce60","      FFMA R45, R7, R8, R45","0","0","0","0","0","0","0","0","32","0","-","-","-","0","0","0","0","0","0","0","0","0","-","0","0","0","0","0","0","0","0","0","0","0","0","0","0","0","0","0","0","0","0","0","0","0","0","0","0","0","0","0","0","0","0","0","0","0","0","0","0","0","0"
"0x78a85776ce70","      FFMA R46, R7, R9, R46","0","0","0","0","0","0","0","0","32","0","-","-","-","0","0","0","0","0","0","0","0","0","-","0","0","0","0","0","0","0","0","0","0","0","0","0","0","0","0","0","0","0","0","0","0","0","0","0","0","0","0","0","0","0","0","0","0","0","0","0","0","0","0"
"0x78a85776ce80","      FFMA R44, R7, R10, R44","0","0","0","0","0","0","0","0","32","0","-","-","-","0","0","0","0","0","0","0","0","0","-","0","0","0","0","0","0","0","0","0","0","0","0","0","0","0","0","0","0","0","0","0","0","0","0","0","0","0","0","0","0","0","0","0","0","0","0","0","0","0","0"
"0x78a85776ce90","      FFMA R47, R7, R11, R47","0","0","0","0","0","0","0","0","32","0","-","-","-","0","0","0","0","0","0","0","0","0","-","0","0","0","0","0","0","0","0","0","0","0","0","0","0","0","0","0","0","0","0","0","0","0","0","0","0","0","0","0","0","0","0","0","0","0","0","0","0","0","0"
"0x78a85776cea0","      FFMA R48, R12, R8, R48","0","0","0","0","0","0","0","0","32","0","-","-","-","0","0","0","0","0","0","0","0","0","-","0","0","0","0","0","0","0","0","0","0","0","0","0","0","0","0","0","0","0","0","0","0","0","0","0","0","0","0","0","0","0","0","0","0","0","0","0","0","0","0"
"0x78a85776ceb0","      FFMA R49, R12, R9, R49","0","0","0","0","0","0","0","0","32","0","-","-","-","0","0","0","0","0","0","0","0","0","-","0","0","0","0","0","0","0","0","0","0","0","0","0","0","0","0","0","0","0","0","0","0","0","0","0","0","0","0","0","0","0","0","0","0","0","0","0","0","0","0"
"0x78a85776cec0","      FFMA R50, R12, R10, R50","0","0","0","0","0","0","0","0","32","0","-","-","-","0","0","0","0","0","0","0","0","0","-","0","0","0","0","0","0","0","0","0","0","0","0","0","0","0","0","0","0","0","0","0","0","0","0","0","0","0","0","0","0","0","0","0","0","0","0","0","0","0","0"
"0x78a85776ced0","      FFMA R60, R12, R11, R60","0","0","0","0","0","0","0","0","32","0","-","-","-","0","0","0","0","0","0","0","0","0","-","0","0","0","0","0","0","0","0","0","0","0","0","0","0","0","0","0","0","0","0","0","0","0","0","0","0","0","0","0","0","0","0","0","0","0","0","0","0","0","0"
"0x78a85776cee0","      FFMA R61, R13, R8, R61","0","0","0","0","0","0","0","0","32","0","-","-","-","0","0","0","0","0","0","0","0","0","-","0","0","0","0","0","0","0","0","0","0","0","0","0","0","0","0","0","0","0","0","0","0","0","0","0","0","0","0","0","0","0","0","0","0","0","0","0","0","0","0"
"0x78a85776cef0","      FFMA R39, R13, R9, R39","0","0","0","0","0","0","0","0","32","0","-","-","-","0","0","0","0","0","0","0","0","0","-","0","0","0","0","0","0","0","0","0","0","0","0","0","0","0","0","0","0","0","0","0","0","0","0","0","0","0","0","0","0","0","0","0","0","0","0","0","0","0","0"
"0x78a85776cf00","      FFMA R38, R13, R10, R38","0","0","0","0","0","0","0","0","32","0","-","-","-","0","0","0","0","0","0","0","0","0","-","0","0","0","0","0","0","0","0","0","0","0","0","0","0","0","0","0","0","0","0","0","0","0","0","0","0","0","0","0","0","0","0","0","0","0","0","0","0","0","0"
"0x78a85776cf10","      FFMA R42, R13, R11, R42","0","0","0","0","0","0","0","0","32","0","-","-","-","0","0","0","0","0","0","0","0","0","-","0","0","0","0","0","0","0","0","0","0","0","0","0","0","0","0","0","0","0","0","0","0","0","0","0","0","0","0","0","0","0","0","0","0","0","0","0","0","0","0"
"0x78a85776cf20","      FFMA R41, R14, R8, R41","0","0","0","0","0","0","0","0","32","0","-","-","-","0","0","0","0","0","0","0","0","0","-","0","0","0","0","0","0","0","0","0","0","0","0","0","0","0","0","0","0","0","0","0","0","0","0","0","0","0","0","0","0","0","0","0","0","0","0","0","0","0","0"
"0x78a85776cf30","      FFMA R43, R14, R9, R43","0","0","0","0","0","0","0","0","32","0","-","-","-","0","0","0","0","0","0","0","0","0","-","0","0","0","0","0","0","0","0","0","0","0","0","0","0","0","0","0","0","0","0","0","0","0","0","0","0","0","0","0","0","0","0","0","0","0","0","0","0","0","0"
"0x78a85776cf40","      FFMA R40, R14, R10, R40","0","0","0","0","0","0","0","0","32","0","-","-","-","0","0","0","0","0","0","0","0","0","-","0","0","0","0","0","0","0","0","0","0","0","0","0","0","0","0","0","0","0","0","0","0","0","0","0","0","0","0","0","0","0","0","0","0","0","0","0","0","0","0"
"0x78a85776cf50","      FFMA R62, R14, R11, R62","0","0","0","0","0","0","0","0","32","0","-","-","-","0","0","0","0","0","0","0","0","0","-","0","0","0","0","0","0","0","0","0","0","0","0","0","0","0","0","0","0","0","0","0","0","0","0","0","0","0","0","0","0","0","0","0","0","0","0","0","0","0","0"
"0x78a85776cf60","      FFMA R66, R15, R8, R66","0","0","0","0","0","0","0","0","32","0","-","-","-","0","0","0","0","0","0","0","0","0","-","0","0","0","0","0","0","0","0","0","0","0","0","0","0","0","0","0","0","0","0","0","0","0","0","0","0","0","0","0","0","0","0","0","0","0","0","0","0","0","0"
"0x78a85776cf70","      FFMA R67, R15, R9, R67","0","0","0","0","0","0","0","0","32","0","-","-","-","0","0","0","0","0","0","0","0","0","-","0","0","0","0","0","0","0","0","0","0","0","0","0","0","0","0","0","0","0","0","0","0","0","0","0","0","0","0","0","0","0","0","0","0","0","0","0","0","0","0"
"0x78a85776cf80","      FFMA R68, R15, R10, R68","0","0","0","0","0","0","0","0","32","0","-","-","-","0","0","0","0","0","0","0","0","0","-","0","0","0","0","0","0","0","0","0","0","0","0","0","0","0","0","0","0","0","0","0","0","0","0","0","0","0","0","0","0","0","0","0","0","0","0","0","0","0","0"
"0x78a85776cf90","      FFMA R69, R15, R11, R69","0","0","0","0","0","0","0","0","32","0","-","-","-","0","0","0","0","0","0","0","0","0","-","0","0","0","0","0","0","0","0","0","0","0","0","0","0","0","0","0","0","0","0","0","0","0","0","0","0","0","0","0","0","0","0","0","0","0","0","0","0","0","0"
"0x78a85776cfa0","      FFMA R28, R20, R16, R28","0","0","0","0","0","0","0","0","32","0","-","-","-","0","0","0","0","0","0","0","0","0","-","0","0","0","0","0","0","0","0","0","0","0","0","0","0","0","0","0","0","0","0","0","0","0","0","0","0","0","0","0","0","0","0","0","0","0","0","0","0","0","0"
"0x78a85776cfb0","      FFMA R29, R20, R17, R29","0","0","0","0","0","0","0","0","32","0","-","-","-","0","0","0","0","0","0","0","0","0","-","0","0","0","0","0","0","0","0","0","0","0","0","0","0","0","0","0","0","0","0","0","0","0","0","0","0","0","0","0","0","0","0","0","0","0","0","0","0","0","0"
"0x78a85776cfc0","      FFMA R30, R20, R18, R30","0","0","0","0","0","0","0","0","32","0","-","-","-","0","0","0","0","0","0","0","0","0","-","0","0","0","0","0","0","0","0","0","0","0","0","0","0","0","0","0","0","0","0","0","0","0","0","0","0","0","0","0","0","0","0","0","0","0","0","0","0","0","0"
"0x78a85776cfd0","      FFMA R31, R20, R19, R31","0","0","0","0","0","0","0","0","32","0","-","-","-","0","0","0","0","0","0","0","0","0","-","0","0","0","0","0","0","0","0","0","0","0","0","0","0","0","0","0","0","0","0","0","0","0","0","0","0","0","0","0","0","0","0","0","0","0","0","0","0","0","0"
"0x78a85776cfe0","      FFMA R51, R21, R16, R51","0","0","0","0","0","0","0","0","32","0","-","-","-","0","0","0","0","0","0","0","0","0","-","0","0","0","0","0","0","0","0","0","0","0","0","0","0","0","0","0","0","0","0","0","0","0","0","0","0","0","0","0","0","0","0","0","0","0","0","0","0","0","0"
"0x78a85776cff0","      FFMA R52, R21, R17, R52","0","0","0","0","0","0","0","0","32","0","-","-","-","0","0","0","0","0","0","0","0","0","-","0","0","0","0","0","0","0","0","0","0","0","0","0","0","0","0","0","0","0","0","0","0","0","0","0","0","0","0","0","0","0","0","0","0","0","0","0","0","0","0"
"0x78a85776d000","      FFMA R53, R21, R18, R53","0","0","0","0","0","0","0","0","32","0","-","-","-","0","0","0","0","0","0","0","0","0","-","0","0","0","0","0","0","0","0","0","0","0","0","0","0","0","0","0","0","0","0","0","0","0","0","0","0","0","0","0","0","0","0","0","0","0","0","0","0","0","0"
"0x78a85776d010","      FFMA R56, R21, R19, R56","0","0","0","0","0","0","0","0","32","0","-","-","-","0","0","0","0","0","0","0","0","0","-","0","0","0","0","0","0","0","0","0","0","0","0","0","0","0","0","0","0","0","0","0","0","0","0","0","0","0","0","0","0","0","0","0","0","0","0","0","0","0","0"
"0x78a85776d020","      FFMA R57, R22, R16, R57","0","0","0","0","0","0","0","0","32","0","-","-","-","0","0","0","0","0","0","0","0","0","-","0","0","0","0","0","0","0","0","0","0","0","0","0","0","0","0","0","0","0","0","0","0","0","0","0","0","0","0","0","0","0","0","0","0","0","0","0","0","0","0"
"0x78a85776d030","      FFMA R58, R22, R17, R58","0","0","0","0","0","0","0","0","32","0","-","-","-","0","0","0","0","0","0","0","0","0","-","0","0","0","0","0","0","0","0","0","0","0","0","0","0","0","0","0","0","0","0","0","0","0","0","0","0","0","0","0","0","0","0","0","0","0","0","0","0","0","0"
"0x78a85776d040","      FFMA R59, R22, R18, R59","0","0","0","0","0","0","0","0","32","0","-","-","-","0","0","0","0","0","0","0","0","0","-","0","0","0","0","0","0","0","0","0","0","0","0","0","0","0","0","0","0","0","0","0","0","0","0","0","0","0","0","0","0","0","0","0","0","0","0","0","0","0","0"
"0x78a85776d050","      FFMA R63, R22, R19, R63","0","0","0","0","0","0","0","0","32","0","-","-","-","0","0","0","0","0","0","0","0","0","-","0","0","0","0","0","0","0","0","0","0","0","0","0","0","0","0","0","0","0","0","0","0","0","0","0","0","0","0","0","0","0","0","0","0","0","0","0","0","0","0"
"0x78a85776d060","      FFMA R45, R23, R16, R45","0","0","0","0","0","0","0","0","32","0","-","-","-","0","0","0","0","0","0","0","0","0","-","0","0","0","0","0","0","0","0","0","0","0","0","0","0","0","0","0","0","0","0","0","0","0","0","0","0","0","0","0","0","0","0","0","0","0","0","0","0","0","0"
"0x78a85776d070","      FFMA R46, R23, R17, R46","0","0","0","0","0","0","0","0","32","0","-","-","-","0","0","0","0","0","0","0","0","0","-","0","0","0","0","0","0","0","0","0","0","0","0","0","0","0","0","0","0","0","0","0","0","0","0","0","0","0","0","0","0","0","0","0","0","0","0","0","0","0","0"
"0x78a85776d080","      FFMA R44, R23, R18, R44","0","0","0","0","0","0","0","0","32","0","-","-","-","0","0","0","0","0","0","0","0","0","-","0","0","0","0","0","0","0","0","0","0","0","0","0","0","0","0","0","0","0","0","0","0","0","0","0","0","0","0","0","0","0","0","0","0","0","0","0","0","0","0"
"0x78a85776d090","      FFMA R47, R23, R19, R47","0","0","0","0","0","0","0","0","32","0","-","-","-","0","0","0","0","0","0","0","0","0","-","0","0","0","0","0","0","0","0","0","0","0","0","0","0","0","0","0","0","0","0","0","0","0","0","0","0","0","0","0","0","0","0","0","0","0","0","0","0","0","0"
"0x78a85776d0a0","      FFMA R48, R24, R16, R48","0","0","0","0","0","0","0","0","32","0","-","-","-","0","0","0","0","0","0","0","0","0","-","0","0","0","0","0","0","0","0","0","0","0","0","0","0","0","0","0","0","0","0","0","0","0","0","0","0","0","0","0","0","0","0","0","0","0","0","0","0","0","0"
"0x78a85776d0b0","      FFMA R49, R24, R17, R49","0","0","0","0","0","0","0","0","32","0","-","-","-","0","0","0","0","0","0","0","0","0","-","0","0","0","0","0","0","0","0","0","0","0","0","0","0","0","0","0","0","0","0","0","0","0","0","0","0","0","0","0","0","0","0","0","0","0","0","0","0","0","0"
"0x78a85776d0c0","      FFMA R50, R24, R18, R50","0","0","0","0","0","0","0","0","32","0","-","-","-","0","0","0","0","0","0","0","0","0","-","0","0","0","0","0","0","0","0","0","0","0","0","0","0","0","0","0","0","0","0","0","0","0","0","0","0","0","0","0","0","0","0","0","0","0","0","0","0","0","0"
"0x78a85776d0d0","      FFMA R60, R24, R19, R60","0","0","0","0","0","0","0","0","32","0","-","-","-","0","0","0","0","0","0","0","0","0","-","0","0","0","0","0","0","0","0","0","0","0","0","0","0","0","0","0","0","0","0","0","0","0","0","0","0","0","0","0","0","0","0","0","0","0","0","0","0","0","0"
"0x78a85776d0e0","      FFMA R61, R25, R16, R61","0","0","0","0","0","0","0","0","32","0","-","-","-","0","0","0","0","0","0","0","0","0","-","0","0","0","0","0","0","0","0","0","0","0","0","0","0","0","0","0","0","0","0","0","0","0","0","0","0","0","0","0","0","0","0","0","0","0","0","0","0","0","0"
"0x78a85776d0f0","      FFMA R39, R25, R17, R39","0","0","0","0","0","0","0","0","32","0","-","-","-","0","0","0","0","0","0","0","0","0","-","0","0","0","0","0","0","0","0","0","0","0","0","0","0","0","0","0","0","0","0","0","0","0","0","0","0","0","0","0","0","0","0","0","0","0","0","0","0","0","0"
"0x78a85776d100","      FFMA R38, R25, R18, R38","0","0","0","0","0","0","0","0","32","0","-","-","-","0","0","0","0","0","0","0","0","0","-","0","0","0","0","0","0","0","0","0","0","0","0","0","0","0","0","0","0","0","0","0","0","0","0","0","0","0","0","0","0","0","0","0","0","0","0","0","0","0","0"
"0x78a85776d110","      FFMA R42, R25, R19, R42","0","0","0","0","0","0","0","0","32","0","-","-","-","0","0","0","0","0","0","0","0","0","-","0","0","0","0","0","0","0","0","0","0","0","0","0","0","0","0","0","0","0","0","0","0","0","0","0","0","0","0","0","0","0","0","0","0","0","0","0","0","0","0"
"0x78a85776d120","      FFMA R41, R26, R16, R41","0","0","0","0","0","0","0","0","32","0","-","-","-","0","0","0","0","0","0","0","0","0","-","0","0","0","0","0","0","0","0","0","0","0","0","0","0","0","0","0","0","0","0","0","0","0","0","0","0","0","0","0","0","0","0","0","0","0","0","0","0","0","0"
"0x78a85776d130","      FFMA R43, R26, R17, R43","0","0","0","0","0","0","0","0","32","0","-","-","-","0","0","0","0","0","0","0","0","0","-","0","0","0","0","0","0","0","0","0","0","0","0","0","0","0","0","0","0","0","0","0","0","0","0","0","0","0","0","0","0","0","0","0","0","0","0","0","0","0","0"
"0x78a85776d140","      FFMA R40, R26, R18, R40","0","0","0","0","0","0","0","0","32","0","-","-","-","0","0","0","0","0","0","0","0","0","-","0","0","0","0","0","0","0","0","0","0","0","0","0","0","0","0","0","0","0","0","0","0","0","0","0","0","0","0","0","0","0","0","0","0","0","0","0","0","0","0"
"0x78a85776d150","      FFMA R62, R26, R19, R62","0","0","0","0","0","0","0","0","32","0","-","-","-","0","0","0","0","0","0","0","0","0","-","0","0","0","0","0","0","0","0","0","0","0","0","0","0","0","0","0","0","0","0","0","0","0","0","0","0","0","0","0","0","0","0","0","0","0","0","0","0","0","0"
"0x78a85776d160","      FFMA R66, R27, R16, R66","0","0","0","0","0","0","0","0","32","0","-","-","-","0","0","0","0","0","0","0","0","0","-","0","0","0","0","0","0","0","0","0","0","0","0","0","0","0","0","0","0","0","0","0","0","0","0","0","0","0","0","0","0","0","0","0","0","0","0","0","0","0","0"
"0x78a85776d170","      FFMA R67, R27, R17, R67","0","0","0","0","0","0","0","0","32","0","-","-","-","0","0","0","0","0","0","0","0","0","-","0","0","0","0","0","0","0","0","0","0","0","0","0","0","0","0","0","0","0","0","0","0","0","0","0","0","0","0","0","0","0","0","0","0","0","0","0","0","0","0"
"0x78a85776d180","      FFMA R68, R27, R18, R68","0","0","0","0","0","0","0","0","32","0","-","-","-","0","0","0","0","0","0","0","0","0","-","0","0","0","0","0","0","0","0","0","0","0","0","0","0","0","0","0","0","0","0","0","0","0","0","0","0","0","0","0","0","0","0","0","0","0","0","0","0","0","0"
"0x78a85776d190","      FFMA R69, R27, R19, R69","0","0","0","0","0","0","0","0","32","0","-","-","-","0","0","0","0","0","0","0","0","0","-","0","0","0","0","0","0","0","0","0","0","0","0","0","0","0","0","0","0","0","0","0","0","0","0","0","0","0","0","0","0","0","0","0","0","0","0","0","0","0","0"
"0x78a85776d1a0","      BRA.U UP1, 0x78a85776d400","0","0","0","0","0","0","0","0","32","0","-","-","-","0","0","0","0","0","0","0","0","0","-","0","0","0","0","0","0","0","0","0","0","0","0","0","0","0","0","0","0","0","0","0","0","0","0","0","0","0","0","0","0","0","0","0","0","0","0","0","0","0","0"
"0x78a85776d1b0","      LEA R4, R32, UR8, 0x4","0","0","0","0","0","0","0","0","32","0","-","-","-","0","0","0","0","0","0","0","0","0","-","0","0","0","0","0","0","0","0","0","0","0","0","0","0","0","0","0","0","0","0","0","0","0","0","0","0","0","0","0","0","0","0","0","0","0","0","0","0","0","0"
"0x78a85776d1c0","      LEA R3, R3, UR6, 0x4","0","0","0","0","0","0","0","0","32","0","-","-","-","0","0","0","0","0","0","0","0","0","-","0","0","0","0","0","0","0","0","0","0","0","0","0","0","0","0","0","0","0","0","0","0","0","0","0","0","0","0","0","0","0","0","0","0","0","0","0","0","0","0"
"0x78a85776d1d0","      LDS.128 R4, [R4]","0","0","0","0","0","0","0","0","32","0","","","","0","0","0","0","0","0","0","0","0","-","0","0","0","0","0","0","0","0","0","0","0","0","0","0","0","0","0","0","0","0","0","0","0","0","0","0","0","0","0","0","0","0","0","0","0","0","0","0","0","0"
"0x78a85776d1e0","      LDS.128 R8, [R3]","0","0","0","0","0","0","0","0","32","0","","","","0","0","0","0","0","0","0","0","0","-","0","0","0","0","0","0","0","0","0","0","0","0","0","0","0","0","0","0","0","0","0","0","0","0","0","0","0","0","0","0","0","0","0","0","0","0","0","0","0","0"
"0x78a85776d1f0","      LDS.128 R12, [R3+0x80]","0","0","0","0","0","0","0","0","32","0","","","","0","0","0","0","0","0","0","0","0","-","0","0","0","0","0","0","0","0","0","0","0","0","0","0","0","0","0","0","0","0","0","0","0","0","0","0","0","0","0","0","0","0","0","0","0","0","0","0","0","0"
"0x78a85776d200","      FFMA R28, R8, R4, R28","0","0","0","0","0","0","0","0","32","0","-","-","-","0","0","0","0","0","0","0","0","0","-","0","0","0","0","0","0","0","0","0","0","0","0","0","0","0","0","0","0","0","0","0","0","0","0","0","0","0","0","0","0","0","0","0","0","0","0","0","0","0","0"
"0x78a85776d210","      FFMA R29, R8, R5, R29","0","0","0","0","0","0","0","0","32","0","-","-","-","0","0","0","0","0","0","0","0","0","-","0","0","0","0","0","0","0","0","0","0","0","0","0","0","0","0","0","0","0","0","0","0","0","0","0","0","0","0","0","0","0","0","0","0","0","0","0","0","0","0"
"0x78a85776d220","      FFMA R30, R8, R6, R30","0","0","0","0","0","0","0","0","32","0","-","-","-","0","0","0","0","0","0","0","0","0","-","0","0","0","0","0","0","0","0","0","0","0","0","0","0","0","0","0","0","0","0","0","0","0","0","0","0","0","0","0","0","0","0","0","0","0","0","0","0","0","0"
"0x78a85776d230","      FFMA R31, R8, R7, R31","0","0","0","0","0","0","0","0","32","0","-","-","-","0","0","0","0","0","0","0","0","0","-","0","0","0","0","0","0","0","0","0","0","0","0","0","0","0","0","0","0","0","0","0","0","0","0","0","0","0","0","0","0","0","0","0","0","0","0","0","0","0","0"
"0x78a85776d240","      FFMA R51, R9, R4, R51","0","0","0","0","0","0","0","0","32","0","-","-","-","0","0","0","0","0","0","0","0","0","-","0","0","0","0","0","0","0","0","0","0","0","0","0","0","0","0","0","0","0","0","0","0","0","0","0","0","0","0","0","0","0","0","0","0","0","0","0","0","0","0"
"0x78a85776d250","      FFMA R52, R9, R5, R52","0","0","0","0","0","0","0","0","32","0","-","-","-","0","0","0","0","0","0","0","0","0","-","0","0","0","0","0","0","0","0","0","0","0","0","0","0","0","0","0","0","0","0","0","0","0","0","0","0","0","0","0","0","0","0","0","0","0","0","0","0","0","0"
"0x78a85776d260","      FFMA R53, R9, R6, R53","0","0","0","0","0","0","0","0","32","0","-","-","-","0","0","0","0","0","0","0","0","0","-","0","0","0","0","0","0","0","0","0","0","0","0","0","0","0","0","0","0","0","0","0","0","0","0","0","0","0","0","0","0","0","0","0","0","0","0","0","0","0","0"
"0x78a85776d270","      FFMA R56, R9, R7, R56","0","0","0","0","0","0","0","0","32","0","-","-","-","0","0","0","0","0","0","0","0","0","-","0","0","0","0","0","0","0","0","0","0","0","0","0","0","0","0","0","0","0","0","0","0","0","0","0","0","0","0","0","0","0","0","0","0","0","0","0","0","0","0"
"0x78a85776d280","      FFMA R57, R10, R4, R57","0","0","0","0","0","0","0","0","32","0","-","-","-","0","0","0","0","0","0","0","0","0","-","0","0","0","0","0","0","0","0","0","0","0","0","0","0","0","0","0","0","0","0","0","0","0","0","0","0","0","0","0","0","0","0","0","0","0","0","0","0","0","0"
"0x78a85776d290","      FFMA R58, R10, R5, R58","0","0","0","0","0","0","0","0","32","0","-","-","-","0","0","0","0","0","0","0","0","0","-","0","0","0","0","0","0","0","0","0","0","0","0","0","0","0","0","0","0","0","0","0","0","0","0","0","0","0","0","0","0","0","0","0","0","0","0","0","0","0","0"
"0x78a85776d2a0","      FFMA R59, R10, R6, R59","0","0","0","0","0","0","0","0","32","0","-","-","-","0","0","0","0","0","0","0","0","0","-","0","0","0","0","0","0","0","0","0","0","0","0","0","0","0","0","0","0","0","0","0","0","0","0","0","0","0","0","0","0","0","0","0","0","0","0","0","0","0","0"
"0x78a85776d2b0","      FFMA R63, R10, R7, R63","0","0","0","0","0","0","0","0","32","0","-","-","-","0","0","0","0","0","0","0","0","0","-","0","0","0","0","0","0","0","0","0","0","0","0","0","0","0","0","0","0","0","0","0","0","0","0","0","0","0","0","0","0","0","0","0","0","0","0","0","0","0","0"
"0x78a85776d2c0","      FFMA R45, R11, R4, R45","0","0","0","0","0","0","0","0","32","0","-","-","-","0","0","0","0","0","0","0","0","0","-","0","0","0","0","0","0","0","0","0","0","0","0","0","0","0","0","0","0","0","0","0","0","0","0","0","0","0","0","0","0","0","0","0","0","0","0","0","0","0","0"
"0x78a85776d2d0","      FFMA R46, R11, R5, R46","0","0","0","0","0","0","0","0","32","0","-","-","-","0","0","0","0","0","0","0","0","0","-","0","0","0","0","0","0","0","0","0","0","0","0","0","0","0","0","0","0","0","0","0","0","0","0","0","0","0","0","0","0","0","0","0","0","0","0","0","0","0","0"
"0x78a85776d2e0","      FFMA R44, R11, R6, R44","0","0","0","0","0","0","0","0","32","0","-","-","-","0","0","0","0","0","0","0","0","0","-","0","0","0","0","0","0","0","0","0","0","0","0","0","0","0","0","0","0","0","0","0","0","0","0","0","0","0","0","0","0","0","0","0","0","0","0","0","0","0","0"
"0x78a85776d2f0","      FFMA R47, R11, R7, R47","0","0","0","0","0","0","0","0","32","0","-","-","-","0","0","0","0","0","0","0","0","0","-","0","0","0","0","0","0","0","0","0","0","0","0","0","0","0","0","0","0","0","0","0","0","0","0","0","0","0","0","0","0","0","0","0","0","0","0","0","0","0","0"
"0x78a85776d300","      FFMA R48, R12, R4, R48","0","0","0","0","0","0","0","0","32","0","-","-","-","0","0","0","0","0","0","0","0","0","-","0","0","0","0","0","0","0","0","0","0","0","0","0","0","0","0","0","0","0","0","0","0","0","0","0","0","0","0","0","0","0","0","0","0","0","0","0","0","0","0"
"0x78a85776d310","      FFMA R49, R12, R5, R49","0","0","0","0","0","0","0","0","32","0","-","-","-","0","0","0","0","0","0","0","0","0","-","0","0","0","0","0","0","0","0","0","0","0","0","0","0","0","0","0","0","0","0","0","0","0","0","0","0","0","0","0","0","0","0","0","0","0","0","0","0","0","0"
"0x78a85776d320","      FFMA R50, R12, R6, R50","0","0","0","0","0","0","0","0","32","0","-","-","-","0","0","0","0","0","0","0","0","0","-","0","0","0","0","0","0","0","0","0","0","0","0","0","0","0","0","0","0","0","0","0","0","0","0","0","0","0","0","0","0","0","0","0","0","0","0","0","0","0","0"
"0x78a85776d330","      FFMA R60, R12, R7, R60","0","0","0","0","0","0","0","0","32","0","-","-","-","0","0","0","0","0","0","0","0","0","-","0","0","0","0","0","0","0","0","0","0","0","0","0","0","0","0","0","0","0","0","0","0","0","0","0","0","0","0","0","0","0","0","0","0","0","0","0","0","0","0"
"0x78a85776d340","      FFMA R61, R13, R4, R61","0","0","0","0","0","0","0","0","32","0","-","-","-","0","0","0","0","0","0","0","0","0","-","0","0","0","0","0","0","0","0","0","0","0","0","0","0","0","0","0","0","0","0","0","0","0","0","0","0","0","0","0","0","0","0","0","0","0","0","0","0","0","0"
"0x78a85776d350","      FFMA R39, R13, R5, R39","0","0","0","0","0","0","0","0","32","0","-","-","-","0","0","0","0","0","0","0","0","0","-","0","0","0","0","0","0","0","0","0","0","0","0","0","0","0","0","0","0","0","0","0","0","0","0","0","0","0","0","0","0","0","0","0","0","0","0","0","0","0","0"
"0x78a85776d360","      FFMA R38, R13, R6, R38","0","0","0","0","0","0","0","0","32","0","-","-","-","0","0","0","0","0","0","0","0","0","-","0","0","0","0","0","0","0","0","0","0","0","0","0","0","0","0","0","0","0","0","0","0","0","0","0","0","0","0","0","0","0","0","0","0","0","0","0","0","0","0"
"0x78a85776d370","      FFMA R42, R13, R7, R42","0","0","0","0","0","0","0","0","32","0","-","-","-","0","0","0","0","0","0","0","0","0","-","0","0","0","0","0","0","0","0","0","0","0","0","0","0","0","0","0","0","0","0","0","0","0","0","0","0","0","0","0","0","0","0","0","0","0","0","0","0","0","0"
"0x78a85776d380","      FFMA R41, R14, R4, R41","0","0","0","0","0","0","0","0","32","0","-","-","-","0","0","0","0","0","0","0","0","0","-","0","0","0","0","0","0","0","0","0","0","0","0","0","0","0","0","0","0","0","0","0","0","0","0","0","0","0","0","0","0","0","0","0","0","0","0","0","0","0","0"
"0x78a85776d390","      FFMA R43, R14, R5, R43","0","0","0","0","0","0","0","0","32","0","-","-","-","0","0","0","0","0","0","0","0","0","-","0","0","0","0","0","0","0","0","0","0","0","0","0","0","0","0","0","0","0","0","0","0","0","0","0","0","0","0","0","0","0","0","0","0","0","0","0","0","0","0"
"0x78a85776d3a0","      FFMA R40, R14, R6, R40","0","0","0","0","0","0","0","0","32","0","-","-","-","0","0","0","0","0","0","0","0","0","-","0","0","0","0","0","0","0","0","0","0","0","0","0","0","0","0","0","0","0","0","0","0","0","0","0","0","0","0","0","0","0","0","0","0","0","0","0","0","0","0"
"0x78a85776d3b0","      FFMA R62, R14, R7, R62","0","0","0","0","0","0","0","0","32","0","-","-","-","0","0","0","0","0","0","0","0","0","-","0","0","0","0","0","0","0","0","0","0","0","0","0","0","0","0","0","0","0","0","0","0","0","0","0","0","0","0","0","0","0","0","0","0","0","0","0","0","0","0"
"0x78a85776d3c0","      FFMA R66, R15, R4, R66","0","0","0","0","0","0","0","0","32","0","-","-","-","0","0","0","0","0","0","0","0","0","-","0","0","0","0","0","0","0","0","0","0","0","0","0","0","0","0","0","0","0","0","0","0","0","0","0","0","0","0","0","0","0","0","0","0","0","0","0","0","0","0"
"0x78a85776d3d0","      FFMA R67, R15, R5, R67","0","0","0","0","0","0","0","0","32","0","-","-","-","0","0","0","0","0","0","0","0","0","-","0","0","0","0","0","0","0","0","0","0","0","0","0","0","0","0","0","0","0","0","0","0","0","0","0","0","0","0","0","0","0","0","0","0","0","0","0","0","0","0"
"0x78a85776d3e0","      FFMA R68, R15, R6, R68","0","0","0","0","0","0","0","0","32","0","-","-","-","0","0","0","0","0","0","0","0","0","-","0","0","0","0","0","0","0","0","0","0","0","0","0","0","0","0","0","0","0","0","0","0","0","0","0","0","0","0","0","0","0","0","0","0","0","0","0","0","0","0"
"0x78a85776d3f0","      FFMA R69, R15, R7, R69","0","0","0","0","0","0","0","0","32","0","-","-","-","0","0","0","0","0","0","0","0","0","-","0","0","0","0","0","0","0","0","0","0","0","0","0","0","0","0","0","0","0","0","0","0","0","0","0","0","0","0","0","0","0","0","0","0","0","0","0","0","0","0"
"0x78a85776d400","      LDCU UR4, c[0x0][0x430]","7","1","7","7056","225792","225792","32","32","0","0","-","-","-","0","0","0","0","0","0","0","0","0","-","0","0","0","0","0","0","0","2","0","0","0","0","0","0","0","0","4","1","0","0","0","0","0","0","1","0","0","0","0","0","0","0","0","0","0","0","0","0","0","0"
"0x78a85776d410","      LDCU.64 UR10, c[0x0][0x428]","0","0","0","7056","225792","225792","32","32","0","0","-","-","-","0","0","0","0","0","0","0","0","0","-","0","0","0","0","0","0","0","0","0","0","0","0","0","0","0","0","0","0","0","0","0","0","0","0","0","0","0","0","0","0","0","0","0","0","0","0","0","0","0","0"
"0x78a85776d420","      LDCU UR5, c[0x0][0x3e8]","1","0","1","7056","225792","225792","32","32","0","0","-","-","-","0","0","0","0","0","0","0","0","0","-","0","0","0","0","0","0","0","0","0","0","0","0","0","0","0","0","0","0","1","0","0","0","0","0","0","0","0","0","0","0","0","0","0","0","0","0","0","0","0","0"
"0x78a85776d430","      ISETP.NE.AND P0, PT, RZ, UR4, PT","7","3","7","7056","225792","225792","32","32","0","0","-","-","-","0","0","0","0","0","0","0","0","0","-","0","0","0","0","0","0","0","0","0","0","0","0","0","0","0","0","0","2","0","5","0","0","0","0","0","0","0","0","0","0","0","0","0","0","0","0","3","0","0","0"
"0x78a85776d440","      MOV R21, UR11","1","0","1","7056","225792","225792","32","32","0","0","-","-","-","0","0","0","0","0","0","0","0","0","-","0","0","0","0","0","0","0","0","0","0","0","0","0","0","0","0","0","0","1","0","0","0","0","0","0","0","0","0","0","0","0","0","0","0","0","0","0","0","0","0"
"0x78a85776d450","@P0   LDC.64 R6, c[0x0][0x420]","5","0","5","7056","225792","0","32","0","32","0","-","-","-","0","0","0","0","0","0","0","0","0","-","0","0","0","0","0","0","0","0","2","0","0","0","0","0","0","0","0","0","0","0","0","0","3","0","0","0","0","0","0","0","0","0","0","0","0","0","0","0","0","0"
"0x78a85776d460","@P0   LDG.E R21, desc[UR24][R6.64]","12","3","12","7056","225792","0","32","0","32","0","","Load","32","0","0","0","0","0","0","0","0","0","","0","0","0","0","0","0","0","0","0","0","0","0","0","0","0","0","0","5","0","7","0","0","0","0","0","0","0","0","0","0","0","0","0","0","0","0","3","0","0","0"
"0x78a85776d470","@P0   LDC.64 R4, c[0x0][0x418]","3","0","3","7056","225792","0","32","0","32","0","-","-","-","0","0","0","0","0","0","0","0","0","-","0","0","0","0","0","0","0","0","0","0","0","0","0","0","0","0","0","0","1","0","0","0","2","0","0","0","0","0","0","0","0","0","0","0","0","0","0","0","0","0"
"0x78a85776d480","      MOV R22, UR10","1","0","1","7056","225792","225792","32","32","0","0","-","-","-","0","0","0","0","0","0","0","0","0","-","0","0","0","0","0","0","0","0","0","0","0","0","0","0","0","0","0","0","1","0","0","0","0","0","0","0","0","0","0","0","0","0","0","0","0","0","0","0","0","0"
"0x78a85776d490","@P0   LDG.E R22, desc[UR24][R4.64]","6","2","6","7056","225792","0","32","0","32","0","","Load","32","0","0","0","0","0","0","0","0","0","","0","0","0","0","0","0","0","0","0","0","0","0","0","0","1","0","0","1","1","3","0","0","0","0","0","0","0","0","0","0","0","0","0","0","0","0","2","0","0","0"
"0x78a85776d4a0","      LEA R24, R2, UR9, 0x2","1","0","1","7056","225792","225792","32","32","0","0","-","-","-","0","0","0","0","0","0","0","0","0","-","0","0","0","0","0","0","0","0","0","0","0","0","0","0","0","0","0","0","1","0","0","0","0","0","0","0","0","0","0","0","0","0","0","0","0","0","0","0","0","0"
"0x78a85776d4b0","      USHF.R.S32.HI UR4, URZ, 0x1f, UR5","1","0","1","7056","225792","225792","32","32","0","0","-","-","-","0","0","0","0","0","0","0","0","0","-","0","0","0","0","0","0","0","0","0","0","0","0","0","0","0","0","0","0","1","0","0","0","0","0","0","0","0","0","0","0","0","0","0","0","0","0","0","0","0","0"
"0x78a85776d4c0","      BSSY.RECONVERGENT B0, 0x78a85776d820","1","0","1","7056","225792","225792","32","32","0","0","-","-","-","0","0","0","0","0","0","0","0","0","-","0","0","0","0","0","0","0","0","0","0","0","0","0","0","0","0","0","0","1","0","0","0","0","0","0","0","0","0","0","0","0","0","0","0","0","0","0","0","0","0"
"0x78a85776d4d0","      LEA R18, R0, UR7, 0x2","0","0","0","7056","225792","225792","32","32","0","0","-","-","-","0","0","0","0","0","0","0","0","0","-","0","0","0","0","0","0","0","0","0","0","0","0","0","0","0","0","0","0","0","0","0","0","0","0","0","0","0","0","0","0","0","0","0","0","0","0","0","0","0","0"
"0x78a85776d4e0","      IMAD.WIDE.U32 R2, R24, UR5, RZ","0","0","0","7056","225792","225792","32","32","0","0","-","-","-","0","0","0","0","0","0","0","0","0","-","0","0","0","0","0","0","0","0","0","0","0","0","0","0","0","0","0","0","0","0","0","0","0","0","0","0","0","0","0","0","0","0","0","0","0","0","0","0","0","0"
"0x78a85776d4f0","      IMAD R3, R24, UR4, R3","4","0","4","7056","225792","225792","32","32","0","0","-","-","-","0","0","0","0","0","0","0","0","0","-","0","0","0","0","0","0","0","0","0","0","0","0","3","0","0","0","0","0","0","0","0","0","1","0","0","0","0","0","0","0","0","0","0","0","0","0","0","0","0","0"
"0x78a85776d500","      FSETP.NEU.AND P2, PT, R21, RZ, PT","2","1","2","7056","225792","225792","32","32","0","0","-","-","-","0","0","0","0","0","0","0","0","0","-","0","0","0","0","0","0","0","0","0","0","0","2","0","0","0","0","0","0","0","0","0","0","0","0","0","0","0","0","1","0","0","0","0","0","0","0","0","0","0","0"
"0x78a85776d510","@!P2  BRA 0x78a85776d700","7","1","7","7056","225792","225792","32","32","0","0","-","-","-","0","0","0","0","0","0","0","0","0","-","0","0","0","0","0","0","0","0","1","0","0","0","0","0","0","0","0","4","0","0","0","0","2","0","0","0","0","0","0","0","0","0","0","0","0","0","0","0","0","1"
"0x78a85776d520","      LDCU.64 UR6, c[0x0][0x380]","0","0","0","0","0","0","0","0","32","0","-","-","-","0","0","0","0","0","0","0","0","0","-","0","0","0","0","0","0","0","0","0","0","0","0","0","0","0","0","0","0","0","0","0","0","0","0","0","0","0","0","0","0","0","0","0","0","0","0","0","0","0","0"
"0x78a85776d530","      IADD3 R20, PT, PT, R18, 0x1, RZ","0","0","0","0","0","0","0","0","32","0","-","-","-","0","0","0","0","0","0","0","0","0","-","0","0","0","0","0","0","0","0","0","0","0","0","0","0","0","0","0","0","0","0","0","0","0","0","0","0","0","0","0","0","0","0","0","0","0","0","0","0","0","0"
"0x78a85776d540","      IADD3 R37, PT, PT, R18, 0x2, RZ","0","0","0","0","0","0","0","0","32","0","-","-","-","0","0","0","0","0","0","0","0","0","-","0","0","0","0","0","0","0","0","0","0","0","0","0","0","0","0","0","0","0","0","0","0","0","0","0","0","0","0","0","0","0","0","0","0","0","0","0","0","0","0"
"0x78a85776d550","      SHF.R.S32.HI R19, RZ, 0x1f, R18","0","0","0","0","0","0","0","0","32","0","-","-","-","0","0","0","0","0","0","0","0","0","-","0","0","0","0","0","0","0","0","0","0","0","0","0","0","0","0","0","0","0","0","0","0","0","0","0","0","0","0","0","0","0","0","0","0","0","0","0","0","0","0"
"0x78a85776d560","      IADD.64 R6, R2, R18","0","0","0","0","0","0","0","0","32","0","-","-","-","0","0","0","0","0","0","0","0","0","-","0","0","0","0","0","0","0","0","0","0","0","0","0","0","0","0","0","0","0","0","0","0","0","0","0","0","0","0","0","0","0","0","0","0","0","0","0","0","0","0"
"0x78a85776d570","      LEA R4, P4, R6, UR26, 0x2","0","0","0","0","0","0","0","0","32","0","-","-","-","0","0","0","0","0","0","0","0","0","-","0","0","0","0","0","0","0","0","0","0","0","0","0","0","0","0","0","0","0","0","0","0","0","0","0","0","0","0","0","0","0","0","0","0","0","0","0","0","0","0"
"0x78a85776d580","      LEA.HI.X R5, R6, UR27, R7, 0x2, P4","0","0","0","0","0","0","0","0","32","0","-","-","-","0","0","0","0","0","0","0","0","0","-","0","0","0","0","0","0","0","0","0","0","0","0","0","0","0","0","0","0","0","0","0","0","0","0","0","0","0","0","0","0","0","0","0","0","0","0","0","0","0","0"
"0x78a85776d590","      ISETP.GE.AND P0, PT, R18, UR6, PT","0","0","0","0","0","0","0","0","32","0","-","-","-","0","0","0","0","0","0","0","0","0","-","0","0","0","0","0","0","0","0","0","0","0","0","0","0","0","0","0","0","0","0","0","0","0","0","0","0","0","0","0","0","0","0","0","0","0","0","0","0","0","0"
"0x78a85776d5a0","      ISETP.GE.AND P1, PT, R20, UR6, PT","0","0","0","0","0","0","0","0","32","0","-","-","-","0","0","0","0","0","0","0","0","0","-","0","0","0","0","0","0","0","0","0","0","0","0","0","0","0","0","0","0","0","0","0","0","0","0","0","0","0","0","0","0","0","0","0","0","0","0","0","0","0","0"
"0x78a85776d5b0","      ISETP.GE.AND P3, PT, R37, UR6, PT","0","0","0","0","0","0","0","0","32","0","-","-","-","0","0","0","0","0","0","0","0","0","-","0","0","0","0","0","0","0","0","0","0","0","0","0","0","0","0","0","0","0","0","0","0","0","0","0","0","0","0","0","0","0","0","0","0","0","0","0","0","0","0"
"0x78a85776d5c0","      ISETP.GE.OR P0, PT, R24, UR7, P0","0","0","0","0","0","0","0","0","32","0","-","-","-","0","0","0","0","0","0","0","0","0","-","0","0","0","0","0","0","0","0","0","0","0","0","0","0","0","0","0","0","0","0","0","0","0","0","0","0","0","0","0","0","0","0","0","0","0","0","0","0","0","0"
"0x78a85776d5d0","      ISETP.GE.OR P1, PT, R24, UR7, P1","0","0","0","0","0","0","0","0","32","0","-","-","-","0","0","0","0","0","0","0","0","0","-","0","0","0","0","0","0","0","0","0","0","0","0","0","0","0","0","0","0","0","0","0","0","0","0","0","0","0","0","0","0","0","0","0","0","0","0","0","0","0","0"
"0x78a85776d5e0","      ISETP.GE.OR P3, PT, R24, UR7, P3","0","0","0","0","0","0","0","0","32","0","-","-","-","0","0","0","0","0","0","0","0","0","-","0","0","0","0","0","0","0","0","0","0","0","0","0","0","0","0","0","0","0","0","0","0","0","0","0","0","0","0","0","0","0","0","0","0","0","0","0","0","0","0"
"0x78a85776d5f0","@!P0  LD.E R7, desc[UR24][R4.64]","0","0","0","0","0","0","0","0","32","0","","","","0","0","0","0","0","0","0","0","0","","0","0","0","0","0","0","0","0","0","0","0","0","0","0","0","0","0","0","0","0","0","0","0","0","0","0","0","0","0","0","0","0","0","0","0","0","0","0","0","0"
"0x78a85776d600","@!P1  LD.E R9, desc[UR24][R4.64+0x4]","0","0","0","0","0","0","0","0","32","0","","","","0","0","0","0","0","0","0","0","0","","0","0","0","0","0","0","0","0","0","0","0","0","0","0","0","0","0","0","0","0","0","0","0","0","0","0","0","0","0","0","0","0","0","0","0","0","0","0","0","0"
"0x78a85776d610","@!P3  LD.E R11, desc[UR24][R4.64+0x8]","0","0","0","0","0","0","0","0","32","0","","","","0","0","0","0","0","0","0","0","0","","0","0","0","0","0","0","0","0","0","0","0","0","0","0","0","0","0","0","0","0","0","0","0","0","0","0","0","0","0","0","0","0","0","0","0","0","0","0","0","0"
"0x78a85776d620","      IADD3 R35, PT, PT, R18, 0x3, RZ","0","0","0","0","0","0","0","0","32","0","-","-","-","0","0","0","0","0","0","0","0","0","-","0","0","0","0","0","0","0","0","0","0","0","0","0","0","0","0","0","0","0","0","0","0","0","0","0","0","0","0","0","0","0","0","0","0","0","0","0","0","0","0"
"0x78a85776d630","@!P0  FMUL R0, R28, R22","0","0","0","0","0","0","0","0","32","0","-","-","-","0","0","0","0","0","0","0","0","0","-","0","0","0","0","0","0","0","0","0","0","0","0","0","0","0","0","0","0","0","0","0","0","0","0","0","0","0","0","0","0","0","0","0","0","0","0","0","0","0","0"
"0x78a85776d640","@!P1  FMUL R6, R51, R22","0","0","0","0","0","0","0","0","32","0","-","-","-","0","0","0","0","0","0","0","0","0","-","0","0","0","0","0","0","0","0","0","0","0","0","0","0","0","0","0","0","0","0","0","0","0","0","0","0","0","0","0","0","0","0","0","0","0","0","0","0","0","0"
"0x78a85776d650","@!P3  FMUL R8, R57, R22","0","0","0","0","0","0","0","0","32","0","-","-","-","0","0","0","0","0","0","0","0","0","-","0","0","0","0","0","0","0","0","0","0","0","0","0","0","0","0","0","0","0","0","0","0","0","0","0","0","0","0","0","0","0","0","0","0","0","0","0","0","0","0"
"0x78a85776d660","      ISETP.GE.AND P4, PT, R35, UR6, PT","0","0","0","0","0","0","0","0","32","0","-","-","-","0","0","0","0","0","0","0","0","0","-","0","0","0","0","0","0","0","0","0","0","0","0","0","0","0","0","0","0","0","0","0","0","0","0","0","0","0","0","0","0","0","0","0","0","0","0","0","0","0","0"
"0x78a85776d670","      ISETP.GE.OR P4, PT, R24, UR7, P4","0","0","0","0","0","0","0","0","32","0","-","-","-","0","0","0","0","0","0","0","0","0","-","0","0","0","0","0","0","0","0","0","0","0","0","0","0","0","0","0","0","0","0","0","0","0","0","0","0","0","0","0","0","0","0","0","0","0","0","0","0","0","0"
"0x78a85776d680","@!P0  FFMA R28, R7, R21, R0","0","0","0","0","0","0","0","0","32","0","-","-","-","0","0","0","0","0","0","0","0","0","-","0","0","0","0","0","0","0","0","0","0","0","0","0","0","0","0","0","0","0","0","0","0","0","0","0","0","0","0","0","0","0","0","0","0","0","0","0","0","0","0"
"0x78a85776d690","@!P1  FFMA R51, R9, R21, R6","0","0","0","0","0","0","0","0","32","0","-","-","-","0","0","0","0","0","0","0","0","0","-","0","0","0","0","0","0","0","0","0","0","0","0","0","0","0","0","0","0","0","0","0","0","0","0","0","0","0","0","0","0","0","0","0","0","0","0","0","0","0","0"
"0x78a85776d6a0","@!P3  FFMA R57, R11, R21, R8","0","0","0","0","0","0","0","0","32","0","-","-","-","0","0","0","0","0","0","0","0","0","-","0","0","0","0","0","0","0","0","0","0","0","0","0","0","0","0","0","0","0","0","0","0","0","0","0","0","0","0","0","0","0","0","0","0","0","0","0","0","0","0"
"0x78a85776d6b0","@P4   BRA 0x78a85776d810","0","0","0","0","0","0","0","0","32","0","-","-","-","0","0","0","0","0","0","0","0","0","-","0","0","0","0","0","0","0","0","0","0","0","0","0","0","0","0","0","0","0","0","0","0","0","0","0","0","0","0","0","0","0","0","0","0","0","0","0","0","0","0"
"0x78a85776d6c0","      LD.E R5, desc[UR24][R4.64+0xc]","0","0","0","0","0","0","0","0","32","0","","","","0","0","0","0","0","0","0","0","0","","0","0","0","0","0","0","0","0","0","0","0","0","0","0","0","0","0","0","0","0","0","0","0","0","0","0","0","0","0","0","0","0","0","0","0","0","0","0","0","0"
"0x78a85776d6d0","      FMUL R0, R45, R22","0","0","0","0","0","0","0","0","32","0","-","-","-","0","0","0","0","0","0","0","0","0","-","0","0","0","0","0","0","0","0","0","0","0","0","0","0","0","0","0","0","0","0","0","0","0","0","0","0","0","0","0","0","0","0","0","0","0","0","0","0","0","0"
"0x78a85776d6e0","      FFMA R45, R5, R21, R0","0","0","0","0","0","0","0","0","32","0","-","-","-","0","0","0","0","0","0","0","0","0","-","0","0","0","0","0","0","0","0","0","0","0","0","0","0","0","0","0","0","0","0","0","0","0","0","0","0","0","0","0","0","0","0","0","0","0","0","0","0","0","0"
"0x78a85776d6f0","      BRA 0x78a85776d810","0","0","0","0","0","0","0","0","32","0","-","-","-","0","0","0","0","0","0","0","0","0","-","0","0","0","0","0","0","0","0","0","0","0","0","0","0","0","0","0","0","0","0","0","0","0","0","0","0","0","0","0","0","0","0","0","0","0","0","0","0","0","0"
"0x78a85776d700","      LDCU.64 UR6, c[0x0][0x380]","10","3","10","7056","225792","225792","32","32","0","0","-","-","-","0","0","0","0","0","0","0","0","0","-","0","0","0","0","0","0","0","4","0","0","0","0","0","0","0","0","5","1","0","0","0","0","0","0","0","0","0","0","0","0","0","0","0","3","0","0","0","0","0","0"
"0x78a85776d710","      IADD3 R20, PT, PT, R18, 0x1, RZ","0","0","0","7056","225792","225792","32","32","0","0","-","-","-","0","0","0","0","0","0","0","0","0","-","0","0","0","0","0","0","0","0","0","0","0","0","0","0","0","0","0","0","0","0","0","0","0","0","0","0","0","0","0","0","0","0","0","0","0","0","0","0","0","0"
"0x78a85776d720","      IADD3 R37, PT, PT, R18, 0x2, RZ","1","1","1","7056","225792","225792","32","32","0","0","-","-","-","0","0","0","0","0","0","0","0","0","-","0","0","0","0","0","0","0","0","0","0","0","0","0","0","0","0","0","0","0","0","0","0","1","0","0","0","0","0","0","0","0","0","0","0","0","0","0","0","0","1"
"0x78a85776d730","      IADD3 R35, PT, PT, R18, 0x3, RZ","1","0","1","7056","225792","225792","32","32","0","0","-","-","-","0","0","0","0","0","0","0","0","0","-","0","0","0","0","0","0","0","0","0","0","0","0","0","0","0","0","0","1","0","0","0","0","0","0","0","0","0","0","0","0","0","0","0","0","0","0","0","0","0","0"
"0x78a85776d740","      FMUL R5, R28, R22","0","0","0","7056","225792","225792","32","32","0","0","-","-","-","0","0","0","0","0","0","0","0","0","-","0","0","0","0","0","0","0","0","0","0","0","0","0","0","0","0","0","0","0","0","0","0","0","0","0","0","0","0","0","0","0","0","0","0","0","0","0","0","0","0"
"0x78a85776d750","      FMUL R0, R51, R22","0","0","0","7056","225792","225792","32","32","0","0","-","-","-","0","0","0","0","0","0","0","0","0","-","0","0","0","0","0","0","0","0","0","0","0","0","0","0","0","0","0","0","0","0","0","0","0","0","0","0","0","0","0","0","0","0","0","0","0","0","0","0","0","0"
"0x78a85776d760","      FMUL R4, R57, R22","1","0","1","7056","225792","225792","32","32","0","0","-","-","-","0","0","0","0","0","0","0","0","0","-","0","0","0","0","0","0","0","0","0","0","0","0","0","0","0","0","0","0","1","0","0","0","0","0","0","0","0","0","0","0","0","0","0","0","0","0","0","0","0","0"
"0x78a85776d770","      FMUL R6, R45, R22","0","0","0","7056","225792","225792","32","32","0","0","-","-","-","0","0","0","0","0","0","0","0","0","-","0","0","0","0","0","0","0","0","0","0","0","0","0","0","0","0","0","0","0","0","0","0","0","0","0","0","0","0","0","0","0","0","0","0","0","0","0","0","0","0"
"0x78a85776d780","      ISETP.GE.AND P0, PT, R24, UR7, PT","2","1","2","7056","225792","225792","32","32","0","0","-","-","-","0","0","0","0","0","0","0","0","0","-","0","0","0","0","0","0","0","0","0","0","0","0","0","0","0","0","0","0","0","2","0","0","0","0","0","0","0","0","0","0","0","0","0","0","0","0","1","0","0","0"
"0x78a85776d790","      ISETP.GE.AND P1, PT, R18, UR6, PT","0","0","0","7056","225792","225792","32","32","0","0","-","-","-","0","0","0","0","0","0","0","0","0","-","0","0","0","0","0","0","0","0","0","0","0","0","0","0","0","0","0","0","0","0","0","0","0","0","0","0","0","0","0","0","0","0","0","0","0","0","0","0","0","0"
"0x78a85776d7a0","      ISETP.GE.AND P3, PT, R20, UR6, PT","0","0","0","7056","225792","225792","32","32","0","0","-","-","-","0","0","0","0","0","0","0","0","0","-","0","0","0","0","0","0","0","0","0","0","0","0","0","0","0","0","0","0","0","0","0","0","0","0","0","0","0","0","0","0","0","0","0","0","0","0","0","0","0","0"
"0x78a85776d7b0","      ISETP.GE.AND P4, PT, R37, UR6, PT","1","0","1","7056","225792","225792","32","32","0","0","-","-","-","0","0","0","0","0","0","0","0","0","-","0","0","0","0","0","0","0","0","0","0","0","0","0","0","0","0","0","0","1","0","0","0","0","0","0","0","0","0","0","0","0","0","0","0","0","0","0","0","0","0"
"0x78a85776d7c0","      ISETP.GE.AND P5, PT, R35, UR6, PT","1","0","1","7056","225792","225792","32","32","0","0","-","-","-","0","0","0","0","0","0","0","0","0","-","0","0","0","0","0","0","0","0","0","0","0","0","0","0","0","0","0","0","1","0","0","0","0","0","0","0","0","0","0","0","0","0","0","0","0","0","0","0","0","0"
"0x78a85776d7d0","@!P0  FSEL R28, R5, R28, !P1","4","0","4","7056","225792","223104","32","31","1","0","-","-","-","0","0","0","0","0","0","0","0","0","-","0","0","0","0","0","0","0","0","0","0","0","0","0","0","0","0","0","2","0","0","0","0","2","0","0","0","0","0","0","0","0","0","0","0","0","0","0","0","0","0"
"0x78a85776d7e0","@!P0  FSEL R51, R0, R51, !P3","0","0","0","7056","225792","223104","32","31","1","0","-","-","-","0","0","0","0","0","0","0","0","0","-","0","0","0","0","0","0","0","0","0","0","0","0","0","0","0","0","0","0","0","0","0","0","0","0","0","0","0","0","0","0","0","0","0","0","0","0","0","0","0","0"
"0x78a85776d7f0","@!P0  FSEL R57, R4, R57, !P4","0","0","0","7056","225792","223104","32","31","1","0","-","-","-","0","0","0","0","0","0","0","0","0","-","0","0","0","0","0","0","0","0","0","0","0","0","0","0","0","0","0","0","0","0","0","0","0","0","0","0","0","0","0","0","0","0","0","0","0","0","0","0","0","0"
"0x78a85776d800","@!P0  FSEL R45, R6, R45, !P5","0","0","0","7056","225792","223104","32","31","1","0","-","-","-","0","0","0","0","0","0","0","0","0","-","0","0","0","0","0","0","0","0","0","0","0","0","0","0","0","0","0","0","0","0","0","0","0","0","0","0","0","0","0","0","0","0","0","0","0","0","0","0","0","0"
"0x78a85776d810","      BSYNC.RECONVERGENT B0","7","2","7","7056","225792","225792","32","32","0","0","-","-","-","0","0","0","0","0","0","0","0","0","-","0","0","0","0","0","0","0","0","0","0","0","0","0","0","0","0","0","2","1","0","0","0","4","0","0","0","0","0","0","0","0","0","0","0","0","0","0","0","0","2"
"0x78a85776d820","      IADD3 R16, PT, PT, R18, 0x20, RZ","6","0","6","7056","225792","225792","32","32","0","0","-","-","-","0","0","0","0","0","0","0","0","0","-","0","0","0","0","0","0","0","3","1","0","0","0","0","0","0","0","0","2","0","0","0","0","0","0","0","0","0","0","0","0","0","0","0","0","0","0","0","0","0","0"
"0x78a85776d830","@P2   BRA 0x78a85776d950","1","0","1","7056","225792","0","32","0","32","0","-","-","-","0","0","0","0","0","0","0","0","0","-","0","0","0","0","0","0","0","0","1","0","0","0","0","0","0","0","0","0","0","0","0","0","0","0","0","0","0","0","0","0","0","0","0","0","0","0","0","0","0","0"
"0x78a85776d840","      ISETP.GE.AND P5, PT, R24, UR7, PT","3","0","3","7056","225792","225792","32","32","0","0","-","-","-","0","0","0","0","0","0","0","0","0","-","0","0","0","0","0","0","0","0","1","0","0","0","0","0","0","0","0","1","0","0","0","0","1","0","0","0","0","0","0","0","0","0","0","0","0","0","0","0","0","0"
"0x78a85776d850","      IADD3 R34, PT, PT, R18, 0x21, RZ","0","0","0","7056","225792","225792","32","32","0","0","-","-","-","0","0","0","0","0","0","0","0","0","-","0","0","0","0","0","0","0","0","0","0","0","0","0","0","0","0","0","0","0","0","0","0","0","0","0","0","0","0","0","0","0","0","0","0","0","0","0","0","0","0"
"0x78a85776d860","      IADD3 R33, PT, PT, R18, 0x22, RZ","3","0","3","7056","225792","225792","32","32","0","0","-","-","-","0","0","0","0","0","0","0","0","0","-","0","0","0","0","0","0","0","0","0","0","0","0","0","0","0","0","0","1","1","0","0","0","1","0","0","0","0","0","0","0","0","0","0","0","0","0","0","0","0","0"
"0x78a85776d870","      IADD3 R32, PT, PT, R18, 0x23, RZ","4","0","4","7056","225792","225792","32","32","0","0","-","-","-","0","0","0","0","0","0","0","0","0","-","0","0","0","0","0","0","0","0","0","0","0","0","0","0","0","0","0","2","0","0","0","0","2","0","0","0","0","0","0","0","0","0","0","0","0","0","0","0","0","0"
"0x78a85776d880","      ISETP.GE.AND P0, PT, R16, UR6, PT","0","0","0","7056","225792","225792","32","32","0","0","-","-","-","0","0","0","0","0","0","0","0","0","-","0","0","0","0","0","0","0","0","0","0","0","0","0","0","0","0","0","0","0","0","0","0","0","0","0","0","0","0","0","0","0","0","0","0","0","0","0","0","0","0"
"0x78a85776d890","      FMUL R3, R48, R22","0","0","0","7056","225792","225792","32","32","0","0","-","-","-","0","0","0","0","0","0","0","0","0","-","0","0","0","0","0","0","0","0","0","0","0","0","0","0","0","0","0","0","0","0","0","0","0","0","0","0","0","0","0","0","0","0","0","0","0","0","0","0","0","0"
"0x78a85776d8a0","      FMUL R0, R61, R22","1","0","1","7056","225792","225792","32","32","0","0","-","-","-","0","0","0","0","0","0","0","0","0","-","0","0","0","0","0","0","0","0","0","0","0","0","0","0","0","0","0","0","1","0","0","0","0","0","0","0","0","0","0","0","0","0","0","0","0","0","0","0","0","0"
"0x78a85776d8b0","      FMUL R2, R41, R22","0","0","0","7056","225792","225792","32","32","0","0","-","-","-","0","0","0","0","0","0","0","0","0","-","0","0","0","0","0","0","0","0","0","0","0","0","0","0","0","0","0","0","0","0","0","0","0","0","0","0","0","0","0","0","0","0","0","0","0","0","0","0","0","0"
"0x78a85776d8c0","      ISETP.GE.AND P1, PT, R34, UR6, PT","1","0","1","7056","225792","225792","32","32","0","0","-","-","-","0","0","0","0","0","0","0","0","0","-","0","0","0","0","0","0","0","0","0","0","0","0","0","0","0","0","0","0","1","0","0","0","0","0","0","0","0","0","0","0","0","0","0","0","0","0","0","0","0","0"
"0x78a85776d8d0","      ISETP.GE.AND P3, PT, R33, UR6, PT","0","0","0","7056","225792","225792","32","32","0","0","-","-","-","0","0","0","0","0","0","0","0","0","-","0","0","0","0","0","0","0","0","0","0","0","0","0","0","0","0","0","0","0","0","0","0","0","0","0","0","0","0","0","0","0","0","0","0","0","0","0","0","0","0"
"0x78a85776d8e0","      ISETP.GE.AND P4, PT, R32, UR6, PT","0","0","0","7056","225792","225792","32","32","0","0","-","-","-","0","0","0","0","0","0","0","0","0","-","0","0","0","0","0","0","0","0","0","0","0","0","0","0","0","0","0","0","0","0","0","0","0","0","0","0","0","0","0","0","0","0","0","0","0","0","0","0","0","0"
"0x78a85776d8f0","      FMUL R5, R66, R22","0","0","0","7056","225792","225792","32","32","0","0","-","-","-","0","0","0","0","0","0","0","0","0","-","0","0","0","0","0","0","0","0","0","0","0","0","0","0","0","0","0","0","0","0","0","0","0","0","0","0","0","0","0","0","0","0","0","0","0","0","0","0","0","0"
"0x78a85776d900","@!P5  FSEL R48, R3, R48, !P0","1","0","1","7056","225792","223104","32","31","1","0","-","-","-","0","0","0","0","0","0","0","0","0","-","0","0","0","0","0","0","0","0","0","0","0","0","0","0","0","0","0","0","1","0","0","0","0","0","0","0","0","0","0","0","0","0","0","0","0","0","0","0","0","0"
"0x78a85776d910","@!P5  FSEL R61, R0, R61, !P1","0","0","0","7056","225792","223104","32","31","1","0","-","-","-","0","0","0","0","0","0","0","0","0","-","0","0","0","0","0","0","0","0","0","0","0","0","0","0","0","0","0","0","0","0","0","0","0","0","0","0","0","0","0","0","0","0","0","0","0","0","0","0","0","0"
"0x78a85776d920","@!P5  FSEL R41, R2, R41, !P3","0","0","0","7056","225792","223104","32","31","1","0","-","-","-","0","0","0","0","0","0","0","0","0","-","0","0","0","0","0","0","0","0","0","0","0","0","0","0","0","0","0","0","0","0","0","0","0","0","0","0","0","0","0","0","0","0","0","0","0","0","0","0","0","0"
"0x78a85776d930","@!P5  FSEL R66, R5, R66, !P4","0","0","0","7056","225792","223104","32","31","1","0","-","-","-","0","0","0","0","0","0","0","0","0","-","0","0","0","0","0","0","0","0","0","0","0","0","0","0","0","0","0","0","0","0","0","0","0","0","0","0","0","0","0","0","0","0","0","0","0","0","0","0","0","0"
"0x78a85776d940","      BRA 0x78a85776dbf0","0","0","0","7056","225792","225792","32","32","0","0","-","-","-","0","0","0","0","0","0","0","0","0","-","0","0","0","0","0","0","0","0","0","0","0","0","0","0","0","0","0","0","0","0","0","0","0","0","0","0","0","0","0","0","0","0","0","0","0","0","0","0","0","0"
"0x78a85776d950","      IADD3 R34, PT, PT, R18, 0x21, RZ","1","0","1","0","0","0","0","0","32","0","-","-","-","0","0","0","0","0","0","0","0","0","-","0","0","0","0","0","0","0","0","0","0","0","0","0","0","0","0","0","0","1","0","0","0","0","0","0","0","0","0","0","0","0","0","0","0","0","0","0","0","0","0"
"0x78a85776d960","      IADD3 R33, PT, PT, R18, 0x22, RZ","0","0","0","0","0","0","0","0","32","0","-","-","-","0","0","0","0","0","0","0","0","0","-","0","0","0","0","0","0","0","0","0","0","0","0","0","0","0","0","0","0","0","0","0","0","0","0","0","0","0","0","0","0","0","0","0","0","0","0","0","0","0","0"
"0x78a85776d970","      ISETP.GE.AND P0, PT, R16, UR6, PT","0","0","0","0","0","0","0","0","32","0","-","-","-","0","0","0","0","0","0","0","0","0","-","0","0","0","0","0","0","0","0","0","0","0","0","0","0","0","0","0","0","0","0","0","0","0","0","0","0","0","0","0","0","0","0","0","0","0","0","0","0","0","0"
"0x78a85776d980","      IADD3 R32, PT, PT, R18, 0x23, RZ","0","0","0","0","0","0","0","0","32","0","-","-","-","0","0","0","0","0","0","0","0","0","-","0","0","0","0","0","0","0","0","0","0","0","0","0","0","0","0","0","0","0","0","0","0","0","0","0","0","0","0","0","0","0","0","0","0","0","0","0","0","0","0"
"0x78a85776d990","      ISETP.GE.AND P1, PT, R34, UR6, PT","0","0","0","0","0","0","0","0","32","0","-","-","-","0","0","0","0","0","0","0","0","0","-","0","0","0","0","0","0","0","0","0","0","0","0","0","0","0","0","0","0","0","0","0","0","0","0","0","0","0","0","0","0","0","0","0","0","0","0","0","0","0","0"
"0x78a85776d9a0","      ISETP.GE.AND P3, PT, R33, UR6, PT","0","0","0","0","0","0","0","0","32","0","-","-","-","0","0","0","0","0","0","0","0","0","-","0","0","0","0","0","0","0","0","0","0","0","0","0","0","0","0","0","0","0","0","0","0","0","0","0","0","0","0","0","0","0","0","0","0","0","0","0","0","0","0"
"0x78a85776d9b0","      ISETP.GE.OR P0, PT, R24, UR7, P0","0","0","0","0","0","0","0","0","32","0","-","-","-","0","0","0","0","0","0","0","0","0","-","0","0","0","0","0","0","0","0","0","0","0","0","0","0","0","0","0","0","0","0","0","0","0","0","0","0","0","0","0","0","0","0","0","0","0","0","0","0","0","0"
"0x78a85776d9c0","      ISETP.GE.AND P4, PT, R32, UR6, PT","0","0","0","0","0","0","0","0","32","0","-","-","-","0","0","0","0","0","0","0","0","0","-","0","0","0","0","0","0","0","0","0","0","0","0","0","0","0","0","0","0","0","0","0","0","0","0","0","0","0","0","0","0","0","0","0","0","0","0","0","0","0","0"
"0x78a85776d9d0","      ISETP.GE.OR P1, PT, R24, UR7, P1","0","0","0","0","0","0","0","0","32","0","-","-","-","0","0","0","0","0","0","0","0","0","-","0","0","0","0","0","0","0","0","0","0","0","0","0","0","0","0","0","0","0","0","0","0","0","0","0","0","0","0","0","0","0","0","0","0","0","0","0","0","0","0"
"0x78a85776d9e0","      ISETP.GE.OR P3, PT, R24, UR7, P3","0","0","0","0","0","0","0","0","32","0","-","-","-","0","0","0","0","0","0","0","0","0","-","0","0","0","0","0","0","0","0","0","0","0","0","0","0","0","0","0","0","0","0","0","0","0","0","0","0","0","0","0","0","0","0","0","0","0","0","0","0","0","0"
"0x78a85776d9f0","      ISETP.GE.OR P4, PT, R24, UR7, P4","0","0","0","0","0","0","0","0","32","0","-","-","-","0","0","0","0","0","0","0","0","0","-","0","0","0","0","0","0","0","0","0","0","0","0","0","0","0","0","0","0","0","0","0","0","0","0","0","0","0","0","0","0","0","0","0","0","0","0","0","0","0","0"
"0x78a85776da00","@!P0  SHF.R.S32.HI R17, RZ, 0x1f, R16","0","0","0","0","0","0","0","0","32","0","-","-","-","0","0","0","0","0","0","0","0","0","-","0","0","0","0","0","0","0","0","0","0","0","0","0","0","0","0","0","0","0","0","0","0","0","0","0","0","0","0","0","0","0","0","0","0","0","0","0","0","0","0"
"0x78a85776da10","@!P1  SHF.R.S32.HI R7, RZ, 0x1f, R34","0","0","0","0","0","0","0","0","32","0","-","-","-","0","0","0","0","0","0","0","0","0","-","0","0","0","0","0","0","0","0","0","0","0","0","0","0","0","0","0","0","0","0","0","0","0","0","0","0","0","0","0","0","0","0","0","0","0","0","0","0","0","0"
"0x78a85776da20","@!P1  MOV R6, R34","0","0","0","0","0","0","0","0","32","0","-","-","-","0","0","0","0","0","0","0","0","0","-","0","0","0","0","0","0","0","0","0","0","0","0","0","0","0","0","0","0","0","0","0","0","0","0","0","0","0","0","0","0","0","0","0","0","0","0","0","0","0","0"
"0x78a85776da30","@!P3  SHF.R.S32.HI R5, RZ, 0x1f, R33","0","0","0","0","0","0","0","0","32","0","-","-","-","0","0","0","0","0","0","0","0","0","-","0","0","0","0","0","0","0","0","0","0","0","0","0","0","0","0","0","0","0","0","0","0","0","0","0","0","0","0","0","0","0","0","0","0","0","0","0","0","0","0"
"0x78a85776da40","@!P0  IADD.64 R14, R2, R16","0","0","0","0","0","0","0","0","32","0","-","-","-","0","0","0","0","0","0","0","0","0","-","0","0","0","0","0","0","0","0","0","0","0","0","0","0","0","0","0","0","0","0","0","0","0","0","0","0","0","0","0","0","0","0","0","0","0","0","0","0","0","0"
"0x78a85776da50","@!P3  MOV R4, R33","0","0","0","0","0","0","0","0","32","0","-","-","-","0","0","0","0","0","0","0","0","0","-","0","0","0","0","0","0","0","0","0","0","0","0","0","0","0","0","0","0","0","0","0","0","0","0","0","0","0","0","0","0","0","0","0","0","0","0","0","0","0","0"
"0x78a85776da60","@!P4  SHF.R.S32.HI R9, RZ, 0x1f, R32","0","0","0","0","0","0","0","0","32","0","-","-","-","0","0","0","0","0","0","0","0","0","-","0","0","0","0","0","0","0","0","0","0","0","0","0","0","0","0","0","0","0","0","0","0","0","0","0","0","0","0","0","0","0","0","0","0","0","0","0","0","0","0"
"0x78a85776da70","@!P1  IADD.64 R12, R2, R6","0","0","0","0","0","0","0","0","32","0","-","-","-","0","0","0","0","0","0","0","0","0","-","0","0","0","0","0","0","0","0","0","0","0","0","0","0","0","0","0","0","0","0","0","0","0","0","0","0","0","0","0","0","0","0","0","0","0","0","0","0","0","0"
"0x78a85776da80","@!P4  MOV R8, R32","0","0","0","0","0","0","0","0","32","0","-","-","-","0","0","0","0","0","0","0","0","0","-","0","0","0","0","0","0","0","0","0","0","0","0","0","0","0","0","0","0","0","0","0","0","0","0","0","0","0","0","0","0","0","0","0","0","0","0","0","0","0","0"
"0x78a85776da90","@!P3  IADD.64 R10, R2, R4","0","0","0","0","0","0","0","0","32","0","-","-","-","0","0","0","0","0","0","0","0","0","-","0","0","0","0","0","0","0","0","0","0","0","0","0","0","0","0","0","0","0","0","0","0","0","0","0","0","0","0","0","0","0","0","0","0","0","0","0","0","0","0"
"0x78a85776daa0","@!P0  LEA R6, P5, R14, UR26, 0x2","0","0","0","0","0","0","0","0","32","0","-","-","-","0","0","0","0","0","0","0","0","0","-","0","0","0","0","0","0","0","0","0","0","0","0","0","0","0","0","0","0","0","0","0","0","0","0","0","0","0","0","0","0","0","0","0","0","0","0","0","0","0","0"
"0x78a85776dab0","@!P4  IADD.64 R2, R2, R8","0","0","0","0","0","0","0","0","32","0","-","-","-","0","0","0","0","0","0","0","0","0","-","0","0","0","0","0","0","0","0","0","0","0","0","0","0","0","0","0","0","0","0","0","0","0","0","0","0","0","0","0","0","0","0","0","0","0","0","0","0","0","0"
"0x78a85776dac0","@!P1  LEA R4, P6, R12, UR26, 0x2","0","0","0","0","0","0","0","0","32","0","-","-","-","0","0","0","0","0","0","0","0","0","-","0","0","0","0","0","0","0","0","0","0","0","0","0","0","0","0","0","0","0","0","0","0","0","0","0","0","0","0","0","0","0","0","0","0","0","0","0","0","0","0"
"0x78a85776dad0","@!P0  LEA.HI.X R7, R14, UR27, R15, 0x2, P5","0","0","0","0","0","0","0","0","32","0","-","-","-","0","0","0","0","0","0","0","0","0","-","0","0","0","0","0","0","0","0","0","0","0","0","0","0","0","0","0","0","0","0","0","0","0","0","0","0","0","0","0","0","0","0","0","0","0","0","0","0","0","0"
"0x78a85776dae0","@!P1  LEA.HI.X R5, R12, UR27, R13, 0x2, P6","0","0","0","0","0","0","0","0","32","0","-","-","-","0","0","0","0","0","0","0","0","0","-","0","0","0","0","0","0","0","0","0","0","0","0","0","0","0","0","0","0","0","0","0","0","0","0","0","0","0","0","0","0","0","0","0","0","0","0","0","0","0","0"
"0x78a85776daf0","@!P3  LEA R12, P5, R10, UR26, 0x2","0","0","0","0","0","0","0","0","32","0","-","-","-","0","0","0","0","0","0","0","0","0","-","0","0","0","0","0","0","0","0","0","0","0","0","0","0","0","0","0","0","0","0","0","0","0","0","0","0","0","0","0","0","0","0","0","0","0","0","0","0","0","0"
"0x78a85776db00","@!P0  LD.E R6, desc[UR24][R6.64]","0","0","0","0","0","0","0","0","32","0","","","","0","0","0","0","0","0","0","0","0","","0","0","0","0","0","0","0","0","0","0","0","0","0","0","0","0","0","0","0","0","0","0","0","0","0","0","0","0","0","0","0","0","0","0","0","0","0","0","0","0"
"0x78a85776db10","@!P4  LEA R8, P6, R2, UR26, 0x2","0","0","0","0","0","0","0","0","32","0","-","-","-","0","0","0","0","0","0","0","0","0","-","0","0","0","0","0","0","0","0","0","0","0","0","0","0","0","0","0","0","0","0","0","0","0","0","0","0","0","0","0","0","0","0","0","0","0","0","0","0","0","0"
"0x78a85776db20","@!P3  LEA.HI.X R13, R10, UR27, R11, 0x2, P5","0","0","0","0","0","0","0","0","32","0","-","-","-","0","0","0","0","0","0","0","0","0","-","0","0","0","0","0","0","0","0","0","0","0","0","0","0","0","0","0","0","0","0","0","0","0","0","0","0","0","0","0","0","0","0","0","0","0","0","0","0","0","0"
"0x78a85776db30","@!P1  LD.E R4, desc[UR24][R4.64]","0","0","0","0","0","0","0","0","32","0","","","","0","0","0","0","0","0","0","0","0","","0","0","0","0","0","0","0","0","0","0","0","0","0","0","0","0","0","0","0","0","0","0","0","0","0","0","0","0","0","0","0","0","0","0","0","0","0","0","0","0"
"0x78a85776db40","@!P4  LEA.HI.X R9, R2, UR27, R3, 0x2, P6","0","0","0","0","0","0","0","0","32","0","-","-","-","0","0","0","0","0","0","0","0","0","-","0","0","0","0","0","0","0","0","0","0","0","0","0","0","0","0","0","0","0","0","0","0","0","0","0","0","0","0","0","0","0","0","0","0","0","0","0","0","0","0"
"0x78a85776db50","@!P3  LD.E R12, desc[UR24][R12.64]","0","0","0","0","0","0","0","0","32","0","","","","0","0","0","0","0","0","0","0","0","","0","0","0","0","0","0","0","0","0","0","0","0","0","0","0","0","0","0","0","0","0","0","0","0","0","0","0","0","0","0","0","0","0","0","0","0","0","0","0","0"
"0x78a85776db60","@!P4  LD.E R8, desc[UR24][R8.64]","0","0","0","0","0","0","0","0","32","0","","","","0","0","0","0","0","0","0","0","0","","0","0","0","0","0","0","0","0","0","0","0","0","0","0","0","0","0","0","0","0","0","0","0","0","0","0","0","0","0","0","0","0","0","0","0","0","0","0","0","0"
"0x78a85776db70","@!P0  FMUL R3, R48, R22","0","0","0","0","0","0","0","0","32","0","-","-","-","0","0","0","0","0","0","0","0","0","-","0","0","0","0","0","0","0","0","0","0","0","0","0","0","0","0","0","0","0","0","0","0","0","0","0","0","0","0","0","0","0","0","0","0","0","0","0","0","0","0"
"0x78a85776db80","@!P1  FMUL R11, R61, R22","0","0","0","0","0","0","0","0","32","0","-","-","-","0","0","0","0","0","0","0","0","0","-","0","0","0","0","0","0","0","0","0","0","0","0","0","0","0","0","0","0","0","0","0","0","0","0","0","0","0","0","0","0","0","0","0","0","0","0","0","0","0","0"
"0x78a85776db90","@!P3  FMUL R15, R41, R22","0","0","0","0","0","0","0","0","32","0","-","-","-","0","0","0","0","0","0","0","0","0","-","0","0","0","0","0","0","0","0","0","0","0","0","0","0","0","0","0","0","0","0","0","0","0","0","0","0","0","0","0","0","0","0","0","0","0","0","0","0","0","0"
"0x78a85776dba0","@!P4  FMUL R23, R66, R22","0","0","0","0","0","0","0","0","32","0","-","-","-","0","0","0","0","0","0","0","0","0","-","0","0","0","0","0","0","0","0","0","0","0","0","0","0","0","0","0","0","0","0","0","0","0","0","0","0","0","0","0","0","0","0","0","0","0","0","0","0","0","0"
"0x78a85776dbb0","@!P0  FFMA R48, R6, R21, R3","0","0","0","0","0","0","0","0","32","0","-","-","-","0","0","0","0","0","0","0","0","0","-","0","0","0","0","0","0","0","0","0","0","0","0","0","0","0","0","0","0","0","0","0","0","0","0","0","0","0","0","0","0","0","0","0","0","0","0","0","0","0","0"
"0x78a85776dbc0","@!P1  FFMA R61, R4, R21, R11","0","0","0","0","0","0","0","0","32","0","-","-","-","0","0","0","0","0","0","0","0","0","-","0","0","0","0","0","0","0","0","0","0","0","0","0","0","0","0","0","0","0","0","0","0","0","0","0","0","0","0","0","0","0","0","0","0","0","0","0","0","0","0"
"0x78a85776dbd0","@!P3  FFMA R41, R12, R21, R15","0","0","0","0","0","0","0","0","32","0","-","-","-","0","0","0","0","0","0","0","0","0","-","0","0","0","0","0","0","0","0","0","0","0","0","0","0","0","0","0","0","0","0","0","0","0","0","0","0","0","0","0","0","0","0","0","0","0","0","0","0","0","0"
"0x78a85776dbe0","@!P4  FFMA R66, R8, R21, R23","0","0","0","0","0","0","0","0","32","0","-","-","-","0","0","0","0","0","0","0","0","0","-","0","0","0","0","0","0","0","0","0","0","0","0","0","0","0","0","0","0","0","0","0","0","0","0","0","0","0","0","0","0","0","0","0","0","0","0","0","0","0","0"
"0x78a85776dbf0","      IADD3 R27, PT, PT, R24, 0x1, RZ","6","0","6","7056","225792","225792","32","32","0","0","-","-","-","0","0","0","0","0","0","0","0","0","-","0","0","0","0","0","0","0","2","1","0","0","0","0","0","0","0","1","2","0","0","0","0","0","0","0","0","0","0","0","0","0","0","0","0","0","0","0","0","0","0"
"0x78a85776dc00","      IMAD.WIDE.U32 R14, R27, UR5, RZ","5","0","5","7056","225792","225792","32","32","0","0","-","-","-","0","0","0","0","0","0","0","0","0","-","0","0","0","0","0","0","0","0","0","0","0","0","0","0","0","0","0","4","0","0","0","0","1","0","0","0","0","0","0","0","0","0","0","0","0","0","0","0","0","0"
"0x78a85776dc10","      IMAD R15, R27, UR4, R15","4","0","4","7056","225792","225792","32","32","0","0","-","-","-","0","0","0","0","0","0","0","0","0","-","0","0","0","0","0","0","0","0","0","0","0","0","1","0","0","0","0","2","1","0","0","0","0","0","0","0","0","0","0","0","0","0","0","0","0","0","0","0","0","0"
"0x78a85776dc20","@P2   BRA 0x78a85776dd10","0","0","0","7056","225792","0","32","0","32","0","-","-","-","0","0","0","0","0","0","0","0","0","-","0","0","0","0","0","0","0","0","0","0","0","0","0","0","0","0","0","0","0","0","0","0","0","0","0","0","0","0","0","0","0","0","0","0","0","0","0","0","0","0"
"0x78a85776dc30","      ISETP.GE.AND P0, PT, R27, UR7, PT","4","0","4","7056","225792","225792","32","32","0","0","-","-","-","0","0","0","0","0","0","0","0","0","-","0","0","0","0","0","0","0","0","1","0","0","0","0","0","0","0","0","1","0","0","0","0","2","0","0","0","0","0","0","0","0","0","0","0","0","0","0","0","0","0"
"0x78a85776dc40","      ISETP.GE.AND P1, PT, R18, UR6, PT","0","0","0","7056","225792","225792","32","32","0","0","-","-","-","0","0","0","0","0","0","0","0","0","-","0","0","0","0","0","0","0","0","0","0","0","0","0","0","0","0","0","0","0","0","0","0","0","0","0","0","0","0","0","0","0","0","0","0","0","0","0","0","0","0"
"0x78a85776dc50","      ISETP.GE.AND P3, PT, R20, UR6, PT","0","0","0","7056","225792","225792","32","32","0","0","-","-","-","0","0","0","0","0","0","0","0","0","-","0","0","0","0","0","0","0","0","0","0","0","0","0","0","0","0","0","0","0","0","0","0","0","0","0","0","0","0","0","0","0","0","0","0","0","0","0","0","0","0"
"0x78a85776dc60","      ISETP.GE.AND P4, PT, R37, UR6, PT","1","0","1","7056","225792","225792","32","32","0","0","-","-","-","0","0","0","0","0","0","0","0","0","-","0","0","0","0","0","0","0","0","0","0","0","0","0","0","0","0","0","0","1","0","0","0","0","0","0","0","0","0","0","0","0","0","0","0","0","0","0","0","0","0"
"0x78a85776dc70","      ISETP.GE.AND P5, PT, R35, UR6, PT","0","0","0","7056","225792","225792","32","32","0","0","-","-","-","0","0","0","0","0","0","0","0","0","-","0","0","0","0","0","0","0","0","0","0","0","0","0","0","0","0","0","0","0","0","0","0","0","0","0","0","0","0","0","0","0","0","0","0","0","0","0","0","0","0"
"0x78a85776dc80","      FMUL R0, R29, R22","0","0","0","7056","225792","225792","32","32","0","0","-","-","-","0","0","0","0","0","0","0","0","0","-","0","0","0","0","0","0","0","0","0","0","0","0","0","0","0","0","0","0","0","0","0","0","0","0","0","0","0","0","0","0","0","0","0","0","0","0","0","0","0","0"
"0x78a85776dc90","      FMUL R3, R52, R22","0","0","0","7056","225792","225792","32","32","0","0","-","-","-","0","0","0","0","0","0","0","0","0","-","0","0","0","0","0","0","0","0","0","0","0","0","0","0","0","0","0","0","0","0","0","0","0","0","0","0","0","0","0","0","0","0","0","0","0","0","0","0","0","0"
"0x78a85776dca0","      FMUL R5, R58, R22","1","0","1","7056","225792","225792","32","32","0","0","-","-","-","0","0","0","0","0","0","0","0","0","-","0","0","0","0","0","0","0","0","0","0","0","0","0","0","0","0","0","0","1","0","0","0","0","0","0","0","0","0","0","0","0","0","0","0","0","0","0","0","0","0"
"0x78a85776dcb0","      FMUL R7, R46, R22","0","0","0","7056","225792","225792","32","32","0","0","-","-","-","0","0","0","0","0","0","0","0","0","-","0","0","0","0","0","0","0","0","0","0","0","0","0","0","0","0","0","0","0","0","0","0","0","0","0","0","0","0","0","0","0","0","0","0","0","0","0","0","0","0"
"0x78a85776dcc0","@!P0  FSEL R29, R0, R29, !P1","6","0","6","7056","225792","223104","32","31","1","0","-","-","-","0","0","0","0","0","0","0","0","0","-","0","0","0","0","0","0","0","0","1","0","0","0","0","0","0","0","0","5","0","0","0","0","0","0","0","0","0","0","0","0","0","0","0","0","0","0","0","0","0","0"
"0x78a85776dcd0","@!P0  FSEL R52, R3, R52, !P3","0","0","0","7056","225792","223104","32","31","1","0","-","-","-","0","0","0","0","0","0","0","0","0","-","0","0","0","0","0","0","0","0","0","0","0","0","0","0","0","0","0","0","0","0","0","0","0","0","0","0","0","0","0","0","0","0","0","0","0","0","0","0","0","0"
"0x78a85776dce0","@!P0  FSEL R58, R5, R58, !P4","0","0","0","7056","225792","223104","32","31","1","0","-","-","-","0","0","0","0","0","0","0","0","0","-","0","0","0","0","0","0","0","0","0","0","0","0","0","0","0","0","0","0","0","0","0","0","0","0","0","0","0","0","0","0","0","0","0","0","0","0","0","0","0","0"
"0x78a85776dcf0","@!P0  FSEL R46, R7, R46, !P5","0","0","0","7056","225792","223104","32","31","1","0","-","-","-","0","0","0","0","0","0","0","0","0","-","0","0","0","0","0","0","0","0","0","0","0","0","0","0","0","0","0","0","0","0","0","0","0","0","0","0","0","0","0","0","0","0","0","0","0","0","0","0","0","0"
"0x78a85776dd00","      BRA 0x78a85776dea0","0","0","0","7056","225792","225792","32","32","0","0","-","-","-","0","0","0","0","0","0","0","0","0","-","0","0","0","0","0","0","0","0","0","0","0","0","0","0","0","0","0","0","0","0","0","0","0","0","0","0","0","0","0","0","0","0","0","0","0","0","0","0","0","0"
"0x78a85776dd10","      SHF.R.S32.HI R5, RZ, 0x1f, R18","1","0","1","0","0","0","0","0","32","0","-","-","-","0","0","0","0","0","0","0","0","0","-","0","0","0","0","0","0","0","0","0","0","0","0","0","0","0","0","0","0","0","0","0","0","1","0","0","0","0","0","0","0","0","0","0","0","0","0","0","0","0","0"
"0x78a85776dd20","      MOV R4, R18","0","0","0","0","0","0","0","0","32","0","-","-","-","0","0","0","0","0","0","0","0","0","-","0","0","0","0","0","0","0","0","0","0","0","0","0","0","0","0","0","0","0","0","0","0","0","0","0","0","0","0","0","0","0","0","0","0","0","0","0","0","0","0"
"0x78a85776dd30","      ISETP.GE.AND P1, PT, R18, UR6, PT","0","0","0","0","0","0","0","0","32","0","-","-","-","0","0","0","0","0","0","0","0","0","-","0","0","0","0","0","0","0","0","0","0","0","0","0","0","0","0","0","0","0","0","0","0","0","0","0","0","0","0","0","0","0","0","0","0","0","0","0","0","0","0"
"0x78a85776dd40","      ISETP.GE.AND P3, PT, R20, UR6, PT","0","0","0","0","0","0","0","0","32","0","-","-","-","0","0","0","0","0","0","0","0","0","-","0","0","0","0","0","0","0","0","0","0","0","0","0","0","0","0","0","0","0","0","0","0","0","0","0","0","0","0","0","0","0","0","0","0","0","0","0","0","0","0"
"0x78a85776dd50","      ISETP.GE.AND P4, PT, R37, UR6, PT","0","0","0","0","0","0","0","0","32","0","-","-","-","0","0","0","0","0","0","0","0","0","-","0","0","0","0","0","0","0","0","0","0","0","0","0","0","0","0","0","0","0","0","0","0","0","0","0","0","0","0","0","0","0","0","0","0","0","0","0","0","0","0"
"0x78a85776dd60","      ISETP.GE.AND P0, PT, R35, UR6, PT","0","0","0","0","0","0","0","0","32","0","-","-","-","0","0","0","0","0","0","0","0","0","-","0","0","0","0","0","0","0","0","0","0","0","0","0","0","0","0","0","0","0","0","0","0","0","0","0","0","0","0","0","0","0","0","0","0","0","0","0","0","0","0"
"0x78a85776dd70","      IADD.64 R4, R4, R14","0","0","0","0","0","0","0","0","32","0","-","-","-","0","0","0","0","0","0","0","0","0","-","0","0","0","0","0","0","0","0","0","0","0","0","0","0","0","0","0","0","0","0","0","0","0","0","0","0","0","0","0","0","0","0","0","0","0","0","0","0","0","0"
"0x78a85776dd80","      ISETP.GE.OR P1, PT, R27, UR7, P1","0","0","0","0","0","0","0","0","32","0","-","-","-","0","0","0","0","0","0","0","0","0","-","0","0","0","0","0","0","0","0","0","0","0","0","0","0","0","0","0","0","0","0","0","0","0","0","0","0","0","0","0","0","0","0","0","0","0","0","0","0","0","0"
"0x78a85776dd90","      ISETP.GE.OR P3, PT, R27, UR7, P3","0","0","0","0","0","0","0","0","32","0","-","-","-","0","0","0","0","0","0","0","0","0","-","0","0","0","0","0","0","0","0","0","0","0","0","0","0","0","0","0","0","0","0","0","0","0","0","0","0","0","0","0","0","0","0","0","0","0","0","0","0","0","0"
"0x78a85776dda0","      ISETP.GE.OR P4, PT, R27, UR7, P4","0","0","0","0","0","0","0","0","32","0","-","-","-","0","0","0","0","0","0","0","0","0","-","0","0","0","0","0","0","0","0","0","0","0","0","0","0","0","0","0","0","0","0","0","0","0","0","0","0","0","0","0","0","0","0","0","0","0","0","0","0","0","0"
"0x78a85776ddb0","      ISETP.GE.OR P0, PT, R27, UR7, P0","0","0","0","0","0","0","0","0","32","0","-","-","-","0","0","0","0","0","0","0","0","0","-","0","0","0","0","0","0","0","0","0","0","0","0","0","0","0","0","0","0","0","0","0","0","0","0","0","0","0","0","0","0","0","0","0","0","0","0","0","0","0","0"
"0x78a85776ddc0","      LEA R2, P5, R4, UR26, 0x2","0","0","0","0","0","0","0","0","32","0","-","-","-","0","0","0","0","0","0","0","0","0","-","0","0","0","0","0","0","0","0","0","0","0","0","0","0","0","0","0","0","0","0","0","0","0","0","0","0","0","0","0","0","0","0","0","0","0","0","0","0","0","0"
"0x78a85776ddd0","      LEA.HI.X R3, R4, UR27, R5, 0x2, P5","0","0","0","0","0","0","0","0","32","0","-","-","-","0","0","0","0","0","0","0","0","0","-","0","0","0","0","0","0","0","0","0","0","0","0","0","0","0","0","0","0","0","0","0","0","0","0","0","0","0","0","0","0","0","0","0","0","0","0","0","0","0","0"
"0x78a85776dde0","@!P1  LD.E R0, desc[UR24][R2.64]","0","0","0","0","0","0","0","0","32","0","","","","0","0","0","0","0","0","0","0","0","","0","0","0","0","0","0","0","0","0","0","0","0","0","0","0","0","0","0","0","0","0","0","0","0","0","0","0","0","0","0","0","0","0","0","0","0","0","0","0","0"
"0x78a85776ddf0","@!P3  LD.E R4, desc[UR24][R2.64+0x4]","0","0","0","0","0","0","0","0","32","0","","","","0","0","0","0","0","0","0","0","0","","0","0","0","0","0","0","0","0","0","0","0","0","0","0","0","0","0","0","0","0","0","0","0","0","0","0","0","0","0","0","0","0","0","0","0","0","0","0","0","0"
"0x78a85776de00","@!P4  LD.E R6, desc[UR24][R2.64+0x8]","0","0","0","0","0","0","0","0","32","0","","","","0","0","0","0","0","0","0","0","0","","0","0","0","0","0","0","0","0","0","0","0","0","0","0","0","0","0","0","0","0","0","0","0","0","0","0","0","0","0","0","0","0","0","0","0","0","0","0","0","0"
"0x78a85776de10","@!P0  LD.E R8, desc[UR24][R2.64+0xc]","0","0","0","0","0","0","0","0","32","0","","","","0","0","0","0","0","0","0","0","0","","0","0","0","0","0","0","0","0","0","0","0","0","0","0","0","0","0","0","0","0","0","0","0","0","0","0","0","0","0","0","0","0","0","0","0","0","0","0","0","0"
"0x78a85776de20","@!P1  FMUL R5, R29, R22","0","0","0","0","0","0","0","0","32","0","-","-","-","0","0","0","0","0","0","0","0","0","-","0","0","0","0","0","0","0","0","0","0","0","0","0","0","0","0","0","0","0","0","0","0","0","0","0","0","0","0","0","0","0","0","0","0","0","0","0","0","0","0"
"0x78a85776de30","@!P3  FMUL R7, R52, R22","0","0","0","0","0","0","0","0","32","0","-","-","-","0","0","0","0","0","0","0","0","0","-","0","0","0","0","0","0","0","0","0","0","0","0","0","0","0","0","0","0","0","0","0","0","0","0","0","0","0","0","0","0","0","0","0","0","0","0","0","0","0","0"
"0x78a85776de40","@!P4  FMUL R9, R58, R22","0","0","0","0","0","0","0","0","32","0","-","-","-","0","0","0","0","0","0","0","0","0","-","0","0","0","0","0","0","0","0","0","0","0","0","0","0","0","0","0","0","0","0","0","0","0","0","0","0","0","0","0","0","0","0","0","0","0","0","0","0","0","0"
"0x78a85776de50","@!P0  FMUL R11, R46, R22","0","0","0","0","0","0","0","0","32","0","-","-","-","0","0","0","0","0","0","0","0","0","-","0","0","0","0","0","0","0","0","0","0","0","0","0","0","0","0","0","0","0","0","0","0","0","0","0","0","0","0","0","0","0","0","0","0","0","0","0","0","0","0"
"0x78a85776de60","@!P1  FFMA R29, R0, R21, R5","0","0","0","0","0","0","0","0","32","0","-","-","-","0","0","0","0","0","0","0","0","0","-","0","0","0","0","0","0","0","0","0","0","0","0","0","0","0","0","0","0","0","0","0","0","0","0","0","0","0","0","0","0","0","0","0","0","0","0","0","0","0","0"
"0x78a85776de70","@!P3  FFMA R52, R4, R21, R7","0","0","0","0","0","0","0","0","32","0","-","-","-","0","0","0","0","0","0","0","0","0","-","0","0","0","0","0","0","0","0","0","0","0","0","0","0","0","0","0","0","0","0","0","0","0","0","0","0","0","0","0","0","0","0","0","0","0","0","0","0","0","0"
"0x78a85776de80","@!P4  FFMA R58, R6, R21, R9","0","0","0","0","0","0","0","0","32","0","-","-","-","0","0","0","0","0","0","0","0","0","-","0","0","0","0","0","0","0","0","0","0","0","0","0","0","0","0","0","0","0","0","0","0","0","0","0","0","0","0","0","0","0","0","0","0","0","0","0","0","0","0"
"0x78a85776de90","@!P0  FFMA R46, R8, R21, R11","0","0","0","0","0","0","0","0","32","0","-","-","-","0","0","0","0","0","0","0","0","0","-","0","0","0","0","0","0","0","0","0","0","0","0","0","0","0","0","0","0","0","0","0","0","0","0","0","0","0","0","0","0","0","0","0","0","0","0","0","0","0","0"
"0x78a85776dea0","@P2   BRA 0x78a85776df90","8","1","8","7056","225792","0","32","0","32","0","-","-","-","0","0","0","0","0","0","0","0","0","-","0","0","0","0","0","0","0","1","0","0","0","0","0","0","0","0","6","1","0","0","0","0","0","0","0","0","0","0","0","0","0","0","0","1","0","0","0","0","0","0"
"0x78a85776deb0","      ISETP.GE.AND P0, PT, R27, UR7, PT","0","0","0","7056","225792","225792","32","32","0","0","-","-","-","0","0","0","0","0","0","0","0","0","-","0","0","0","0","0","0","0","0","0","0","0","0","0","0","0","0","0","0","0","0","0","0","0","0","0","0","0","0","0","0","0","0","0","0","0","0","0","0","0","0"
"0x78a85776dec0","      ISETP.GE.AND P1, PT, R16, UR6, PT","0","0","0","7056","225792","225792","32","32","0","0","-","-","-","0","0","0","0","0","0","0","0","0","-","0","0","0","0","0","0","0","0","0","0","0","0","0","0","0","0","0","0","0","0","0","0","0","0","0","0","0","0","0","0","0","0","0","0","0","0","0","0","0","0"
"0x78a85776ded0","      ISETP.GE.AND P3, PT, R34, UR6, PT","0","0","0","7056","225792","225792","32","32","0","0","-","-","-","0","0","0","0","0","0","0","0","0","-","0","0","0","0","0","0","0","0","0","0","0","0","0","0","0","0","0","0","0","0","0","0","0","0","0","0","0","0","0","0","0","0","0","0","0","0","0","0","0","0"
"0x78a85776dee0","      ISETP.GE.AND P4, PT, R33, UR6, PT","1","0","1","7056","225792","225792","32","32","0","0","-","-","-","0","0","0","0","0","0","0","0","0","-","0","0","0","0","0","0","0","0","0","0","0","0","0","0","0","0","0","0","1","0","0","0","0","0","0","0","0","0","0","0","0","0","0","0","0","0","0","0","0","0"
"0x78a85776def0","      ISETP.GE.AND P5, PT, R32, UR6, PT","0","0","0","7056","225792","225792","32","32","0","0","-","-","-","0","0","0","0","0","0","0","0","0","-","0","0","0","0","0","0","0","0","0","0","0","0","0","0","0","0","0","0","0","0","0","0","0","0","0","0","0","0","0","0","0","0","0","0","0","0","0","0","0","0"
"0x78a85776df00","      FMUL R0, R49, R22","1","0","1","7056","225792","225792","32","32","0","0","-","-","-","0","0","0","0","0","0","0","0","0","-","0","0","0","0","0","0","0","0","0","0","0","0","0","0","0","0","0","1","0","0","0","0","0","0","0","0","0","0","0","0","0","0","0","0","0","0","0","0","0","0"
"0x78a85776df10","      FMUL R2, R39, R22","0","0","0","7056","225792","225792","32","32","0","0","-","-","-","0","0","0","0","0","0","0","0","0","-","0","0","0","0","0","0","0","0","0","0","0","0","0","0","0","0","0","0","0","0","0","0","0","0","0","0","0","0","0","0","0","0","0","0","0","0","0","0","0","0"
"0x78a85776df20","      FMUL R4, R43, R22","0","0","0","7056","225792","225792","32","32","0","0","-","-","-","0","0","0","0","0","0","0","0","0","-","0","0","0","0","0","0","0","0","0","0","0","0","0","0","0","0","0","0","0","0","0","0","0","0","0","0","0","0","0","0","0","0","0","0","0","0","0","0","0","0"
"0x78a85776df30","      FMUL R6, R67, R22","0","0","0","7056","225792","225792","32","32","0","0","-","-","-","0","0","0","0","0","0","0","0","0","-","0","0","0","0","0","0","0","0","0","0","0","0","0","0","0","0","0","0","0","0","0","0","0","0","0","0","0","0","0","0","0","0","0","0","0","0","0","0","0","0"
"0x78a85776df40","@!P0  FSEL R49, R0, R49, !P1","3","0","3","7056","225792","223104","32","31","1","0","-","-","-","0","0","0","0","0","0","0","0","0","-","0","0","0","0","0","0","0","0","0","0","0","0","0","0","0","0","0","0","0","0","0","0","3","0","0","0","0","0","0","0","0","0","0","0","0","0","0","0","0","0"
"0x78a85776df50","@!P0  FSEL R39, R2, R39, !P3","1","0","1","7056","225792","223104","32","31","1","0","-","-","-","0","0","0","0","0","0","0","0","0","-","0","0","0","0","0","0","0","0","0","0","0","0","0","0","0","0","0","0","1","0","0","0","0","0","0","0","0","0","0","0","0","0","0","0","0","0","0","0","0","0"
"0x78a85776df60","@!P0  FSEL R43, R4, R43, !P4","0","0","0","7056","225792","223104","32","31","1","0","-","-","-","0","0","0","0","0","0","0","0","0","-","0","0","0","0","0","0","0","0","0","0","0","0","0","0","0","0","0","0","0","0","0","0","0","0","0","0","0","0","0","0","0","0","0","0","0","0","0","0","0","0"
"0x78a85776df70","@!P0  FSEL R67, R6, R67, !P5","0","0","0","7056","225792","223104","32","31","1","0","-","-","-","0","0","0","0","0","0","0","0","0","-","0","0","0","0","0","0","0","0","0","0","0","0","0","0","0","0","0","0","0","0","0","0","0","0","0","0","0","0","0","0","0","0","0","0","0","0","0","0","0","0"
"0x78a85776df80","      BRA 0x78a85776e210","1","0","1","7056","225792","225792","32","32","0","0","-","-","-","0","0","0","0","0","0","0","0","0","-","0","0","0","0","0","0","0","0","0","0","0","0","0","0","0","0","1","0","0","0","0","0","0","0","0","0","0","0","0","0","0","0","0","0","0","0","0","0","0","0"
"0x78a85776df90","      ISETP.GE.AND P1, PT, R16, UR6, PT","2","0","2","0","0","0","0","0","32","0","-","-","-","0","0","0","0","0","0","0","0","0","-","0","0","0","0","0","0","0","0","0","0","0","0","0","0","0","0","0","0","1","0","0","0","1","0","0","0","0","0","0","0","0","0","0","0","0","0","0","0","0","0"
"0x78a85776dfa0","      ISETP.GE.AND P3, PT, R34, UR6, PT","0","0","0","0","0","0","0","0","32","0","-","-","-","0","0","0","0","0","0","0","0","0","-","0","0","0","0","0","0","0","0","0","0","0","0","0","0","0","0","0","0","0","0","0","0","0","0","0","0","0","0","0","0","0","0","0","0","0","0","0","0","0","0"
"0x78a85776dfb0","      ISETP.GE.AND P4, PT, R33, UR6, PT","0","0","0","0","0","0","0","0","32","0","-","-","-","0","0","0","0","0","0","0","0","0","-","0","0","0","0","0","0","0","0","0","0","0","0","0","0","0","0","0","0","0","0","0","0","0","0","0","0","0","0","0","0","0","0","0","0","0","0","0","0","0","0"
"0x78a85776dfc0","      ISETP.GE.AND P0, PT, R32, UR6, PT","0","0","0","0","0","0","0","0","32","0","-","-","-","0","0","0","0","0","0","0","0","0","-","0","0","0","0","0","0","0","0","0","0","0","0","0","0","0","0","0","0","0","0","0","0","0","0","0","0","0","0","0","0","0","0","0","0","0","0","0","0","0","0"
"0x78a85776dfd0","      ISETP.GE.OR P1, PT, R27, UR7, P1","0","0","0","0","0","0","0","0","32","0","-","-","-","0","0","0","0","0","0","0","0","0","-","0","0","0","0","0","0","0","0","0","0","0","0","0","0","0","0","0","0","0","0","0","0","0","0","0","0","0","0","0","0","0","0","0","0","0","0","0","0","0","0"
"0x78a85776dfe0","      ISETP.GE.OR P3, PT, R27, UR7, P3","0","0","0","0","0","0","0","0","32","0","-","-","-","0","0","0","0","0","0","0","0","0","-","0","0","0","0","0","0","0","0","0","0","0","0","0","0","0","0","0","0","0","0","0","0","0","0","0","0","0","0","0","0","0","0","0","0","0","0","0","0","0","0"
"0x78a85776dff0","      ISETP.GE.OR P4, PT, R27, UR7, P4","0","0","0","0","0","0","0","0","32","0","-","-","-","0","0","0","0","0","0","0","0","0","-","0","0","0","0","0","0","0","0","0","0","0","0","0","0","0","0","0","0","0","0","0","0","0","0","0","0","0","0","0","0","0","0","0","0","0","0","0","0","0","0"
"0x78a85776e000","      ISETP.GE.OR P0, PT, R27, UR7, P0","0","0","0","0","0","0","0","0","32","0","-","-","-","0","0","0","0","0","0","0","0","0","-","0","0","0","0","0","0","0","0","0","0","0","0","0","0","0","0","0","0","0","0","0","0","0","0","0","0","0","0","0","0","0","0","0","0","0","0","0","0","0","0"
"0x78a85776e010","@!P1  SHF.R.S32.HI R13, RZ, 0x1f, R16","0","0","0","0","0","0","0","0","32","0","-","-","-","0","0","0","0","0","0","0","0","0","-","0","0","0","0","0","0","0","0","0","0","0","0","0","0","0","0","0","0","0","0","0","0","0","0","0","0","0","0","0","0","0","0","0","0","0","0","0","0","0","0"
"0x78a85776e020","@!P3  SHF.R.S32.HI R7, RZ, 0x1f, R34","0","0","0","0","0","0","0","0","32","0","-","-","-","0","0","0","0","0","0","0","0","0","-","0","0","0","0","0","0","0","0","0","0","0","0","0","0","0","0","0","0","0","0","0","0","0","0","0","0","0","0","0","0","0","0","0","0","0","0","0","0","0","0"
"0x78a85776e030","@!P1  MOV R12, R16","0","0","0","0","0","0","0","0","32","0","-","-","-","0","0","0","0","0","0","0","0","0","-","0","0","0","0","0","0","0","0","0","0","0","0","0","0","0","0","0","0","0","0","0","0","0","0","0","0","0","0","0","0","0","0","0","0","0","0","0","0","0","0"
"0x78a85776e040","@!P3  MOV R6, R34","0","0","0","0","0","0","0","0","32","0","-","-","-","0","0","0","0","0","0","0","0","0","-","0","0","0","0","0","0","0","0","0","0","0","0","0","0","0","0","0","0","0","0","0","0","0","0","0","0","0","0","0","0","0","0","0","0","0","0","0","0","0","0"
"0x78a85776e050","@!P4  SHF.R.S32.HI R5, RZ, 0x1f, R33","0","0","0","0","0","0","0","0","32","0","-","-","-","0","0","0","0","0","0","0","0","0","-","0","0","0","0","0","0","0","0","0","0","0","0","0","0","0","0","0","0","0","0","0","0","0","0","0","0","0","0","0","0","0","0","0","0","0","0","0","0","0","0"
"0x78a85776e060","@!P4  MOV R4, R33","0","0","0","0","0","0","0","0","32","0","-","-","-","0","0","0","0","0","0","0","0","0","-","0","0","0","0","0","0","0","0","0","0","0","0","0","0","0","0","0","0","0","0","0","0","0","0","0","0","0","0","0","0","0","0","0","0","0","0","0","0","0","0"
"0x78a85776e070","@!P0  SHF.R.S32.HI R3, RZ, 0x1f, R32","0","0","0","0","0","0","0","0","32","0","-","-","-","0","0","0","0","0","0","0","0","0","-","0","0","0","0","0","0","0","0","0","0","0","0","0","0","0","0","0","0","0","0","0","0","0","0","0","0","0","0","0","0","0","0","0","0","0","0","0","0","0","0"
"0x78a85776e080","@!P1  IADD.64 R12, R12, R14","0","0","0","0","0","0","0","0","32","0","-","-","-","0","0","0","0","0","0","0","0","0","-","0","0","0","0","0","0","0","0","0","0","0","0","0","0","0","0","0","0","0","0","0","0","0","0","0","0","0","0","0","0","0","0","0","0","0","0","0","0","0","0"
"0x78a85776e090","@!P3  IADD.64 R10, R6, R14","0","0","0","0","0","0","0","0","32","0","-","-","-","0","0","0","0","0","0","0","0","0","-","0","0","0","0","0","0","0","0","0","0","0","0","0","0","0","0","0","0","0","0","0","0","0","0","0","0","0","0","0","0","0","0","0","0","0","0","0","0","0","0"
"0x78a85776e0a0","@!P0  MOV R2, R32","0","0","0","0","0","0","0","0","32","0","-","-","-","0","0","0","0","0","0","0","0","0","-","0","0","0","0","0","0","0","0","0","0","0","0","0","0","0","0","0","0","0","0","0","0","0","0","0","0","0","0","0","0","0","0","0","0","0","0","0","0","0","0"
"0x78a85776e0b0","@!P4  IADD.64 R8, R4, R14","0","0","0","0","0","0","0","0","32","0","-","-","-","0","0","0","0","0","0","0","0","0","-","0","0","0","0","0","0","0","0","0","0","0","0","0","0","0","0","0","0","0","0","0","0","0","0","0","0","0","0","0","0","0","0","0","0","0","0","0","0","0","0"
"0x78a85776e0c0","@!P1  LEA R6, P5, R12, UR26, 0x2","0","0","0","0","0","0","0","0","32","0","-","-","-","0","0","0","0","0","0","0","0","0","-","0","0","0","0","0","0","0","0","0","0","0","0","0","0","0","0","0","0","0","0","0","0","0","0","0","0","0","0","0","0","0","0","0","0","0","0","0","0","0","0"
"0x78a85776e0d0","@!P0  IADD.64 R14, R2, R14","0","0","0","0","0","0","0","0","32","0","-","-","-","0","0","0","0","0","0","0","0","0","-","0","0","0","0","0","0","0","0","0","0","0","0","0","0","0","0","0","0","0","0","0","0","0","0","0","0","0","0","0","0","0","0","0","0","0","0","0","0","0","0"
"0x78a85776e0e0","@!P3  LEA R4, P6, R10, UR26, 0x2","0","0","0","0","0","0","0","0","32","0","-","-","-","0","0","0","0","0","0","0","0","0","-","0","0","0","0","0","0","0","0","0","0","0","0","0","0","0","0","0","0","0","0","0","0","0","0","0","0","0","0","0","0","0","0","0","0","0","0","0","0","0","0"
"0x78a85776e0f0","@!P1  LEA.HI.X R7, R12, UR27, R13, 0x2, P5","0","0","0","0","0","0","0","0","32","0","-","-","-","0","0","0","0","0","0","0","0","0","-","0","0","0","0","0","0","0","0","0","0","0","0","0","0","0","0","0","0","0","0","0","0","0","0","0","0","0","0","0","0","0","0","0","0","0","0","0","0","0","0"
"0x78a85776e100","@!P3  LEA.HI.X R5, R10, UR27, R11, 0x2, P6","0","0","0","0","0","0","0","0","32","0","-","-","-","0","0","0","0","0","0","0","0","0","-","0","0","0","0","0","0","0","0","0","0","0","0","0","0","0","0","0","0","0","0","0","0","0","0","0","0","0","0","0","0","0","0","0","0","0","0","0","0","0","0"
"0x78a85776e110","@!P4  LEA R10, P5, R8, UR26, 0x2","0","0","0","0","0","0","0","0","32","0","-","-","-","0","0","0","0","0","0","0","0","0","-","0","0","0","0","0","0","0","0","0","0","0","0","0","0","0","0","0","0","0","0","0","0","0","0","0","0","0","0","0","0","0","0","0","0","0","0","0","0","0","0"
"0x78a85776e120","@!P1  LD.E R6, desc[UR24][R6.64]","0","0","0","0","0","0","0","0","32","0","","","","0","0","0","0","0","0","0","0","0","","0","0","0","0","0","0","0","0","0","0","0","0","0","0","0","0","0","0","0","0","0","0","0","0","0","0","0","0","0","0","0","0","0","0","0","0","0","0","0","0"
"0x78a85776e130","@!P0  LEA R2, P6, R14, UR26, 0x2","0","0","0","0","0","0","0","0","32","0","-","-","-","0","0","0","0","0","0","0","0","0","-","0","0","0","0","0","0","0","0","0","0","0","0","0","0","0","0","0","0","0","0","0","0","0","0","0","0","0","0","0","0","0","0","0","0","0","0","0","0","0","0"
"0x78a85776e140","@!P4  LEA.HI.X R11, R8, UR27, R9, 0x2, P5","0","0","0","0","0","0","0","0","32","0","-","-","-","0","0","0","0","0","0","0","0","0","-","0","0","0","0","0","0","0","0","0","0","0","0","0","0","0","0","0","0","0","0","0","0","0","0","0","0","0","0","0","0","0","0","0","0","0","0","0","0","0","0"
"0x78a85776e150","@!P3  LD.E R4, desc[UR24][R4.64]","0","0","0","0","0","0","0","0","32","0","","","","0","0","0","0","0","0","0","0","0","","0","0","0","0","0","0","0","0","0","0","0","0","0","0","0","0","0","0","0","0","0","0","0","0","0","0","0","0","0","0","0","0","0","0","0","0","0","0","0","0"
"0x78a85776e160","@!P0  LEA.HI.X R3, R14, UR27, R15, 0x2, P6","0","0","0","0","0","0","0","0","32","0","-","-","-","0","0","0","0","0","0","0","0","0","-","0","0","0","0","0","0","0","0","0","0","0","0","0","0","0","0","0","0","0","0","0","0","0","0","0","0","0","0","0","0","0","0","0","0","0","0","0","0","0","0"
"0x78a85776e170","@!P4  LD.E R10, desc[UR24][R10.64]","0","0","0","0","0","0","0","0","32","0","","","","0","0","0","0","0","0","0","0","0","","0","0","0","0","0","0","0","0","0","0","0","0","0","0","0","0","0","0","0","0","0","0","0","0","0","0","0","0","0","0","0","0","0","0","0","0","0","0","0","0"
"0x78a85776e180","@!P0  LD.E R2, desc[UR24][R2.64]","0","0","0","0","0","0","0","0","32","0","","","","0","0","0","0","0","0","0","0","0","","0","0","0","0","0","0","0","0","0","0","0","0","0","0","0","0","0","0","0","0","0","0","0","0","0","0","0","0","0","0","0","0","0","0","0","0","0","0","0","0"
"0x78a85776e190","@!P1  FMUL R9, R49, R22","0","0","0","0","0","0","0","0","32","0","-","-","-","0","0","0","0","0","0","0","0","0","-","0","0","0","0","0","0","0","0","0","0","0","0","0","0","0","0","0","0","0","0","0","0","0","0","0","0","0","0","0","0","0","0","0","0","0","0","0","0","0","0"
"0x78a85776e1a0","@!P3  FMUL R13, R39, R22","0","0","0","0","0","0","0","0","32","0","-","-","-","0","0","0","0","0","0","0","0","0","-","0","0","0","0","0","0","0","0","0","0","0","0","0","0","0","0","0","0","0","0","0","0","0","0","0","0","0","0","0","0","0","0","0","0","0","0","0","0","0","0"
"0x78a85776e1b0","@!P4  FMUL R15, R43, R22","0","0","0","0","0","0","0","0","32","0","-","-","-","0","0","0","0","0","0","0","0","0","-","0","0","0","0","0","0","0","0","0","0","0","0","0","0","0","0","0","0","0","0","0","0","0","0","0","0","0","0","0","0","0","0","0","0","0","0","0","0","0","0"
"0x78a85776e1c0","@!P0  FMUL R23, R67, R22","0","0","0","0","0","0","0","0","32","0","-","-","-","0","0","0","0","0","0","0","0","0","-","0","0","0","0","0","0","0","0","0","0","0","0","0","0","0","0","0","0","0","0","0","0","0","0","0","0","0","0","0","0","0","0","0","0","0","0","0","0","0","0"
"0x78a85776e1d0","@!P1  FFMA R49, R6, R21, R9","0","0","0","0","0","0","0","0","32","0","-","-","-","0","0","0","0","0","0","0","0","0","-","0","0","0","0","0","0","0","0","0","0","0","0","0","0","0","0","0","0","0","0","0","0","0","0","0","0","0","0","0","0","0","0","0","0","0","0","0","0","0","0"
"0x78a85776e1e0","@!P3  FFMA R39, R4, R21, R13","0","0","0","0","0","0","0","0","32","0","-","-","-","0","0","0","0","0","0","0","0","0","-","0","0","0","0","0","0","0","0","0","0","0","0","0","0","0","0","0","0","0","0","0","0","0","0","0","0","0","0","0","0","0","0","0","0","0","0","0","0","0","0"
"0x78a85776e1f0","@!P4  FFMA R43, R10, R21, R15","0","0","0","0","0","0","0","0","32","0","-","-","-","0","0","0","0","0","0","0","0","0","-","0","0","0","0","0","0","0","0","0","0","0","0","0","0","0","0","0","0","0","0","0","0","0","0","0","0","0","0","0","0","0","0","0","0","0","0","0","0","0","0"
"0x78a85776e200","@!P0  FFMA R67, R2, R21, R23","0","0","0","0","0","0","0","0","32","0","-","-","-","0","0","0","0","0","0","0","0","0","-","0","0","0","0","0","0","0","0","0","0","0","0","0","0","0","0","0","0","0","0","0","0","0","0","0","0","0","0","0","0","0","0","0","0","0","0","0","0","0","0"
"0x78a85776e210","      IADD3 R26, PT, PT, R24, 0x2, RZ","10","1","10","7056","225792","225792","32","32","0","0","-","-","-","0","0","0","0","0","0","0","0","0","-","0","0","0","0","0","0","0","1","0","0","0","0","0","0","0","0","7","2","0","0","0","0","0","0","1","0","0","0","0","0","0","0","0","0","0","0","0","0","0","0"
"0x78a85776e220","      IMAD.WIDE.U32 R14, R26, UR5, RZ","3","0","3","7056","225792","225792","32","32","0","0","-","-","-","0","0","0","0","0","0","0","0","0","-","0","0","0","0","0","0","0","0","0","0","0","0","1","0","0","0","0","1","0","0","0","0","1","0","0","0","0","0","0","0","0","0","0","0","0","0","0","0","0","0"
"0x78a85776e230","      IMAD R15, R26, UR4, R15","2","0","2","7056","225792","225792","32","32","0","0","-","-","-","0","0","0","0","0","0","0","0","0","-","0","0","0","0","0","0","0","0","0","0","0","0","1","0","0","0","0","1","0","0","0","0","0","0","0","0","0","0","0","0","0","0","0","0","0","0","0","0","0","0"
"0x78a85776e240","@P2   BRA 0x78a85776e330","0","0","0","7056","225792","0","32","0","32","0","-","-","-","0","0","0","0","0","0","0","0","0","-","0","0","0","0","0","0","0","0","0","0","0","0","0","0","0","0","0","0","0","0","0","0","0","0","0","0","0","0","0","0","0","0","0","0","0","0","0","0","0","0"
"0x78a85776e250","      ISETP.GE.AND P0, PT, R26, UR7, PT","5","0","5","7056","225792","225792","32","32","0","0","-","-","-","0","0","0","0","0","0","0","0","0","-","0","0","0","0","0","0","0","0","1","0","0","0","0","0","0","0","0","1","0","0","0","0","3","0","0","0","0","0","0","0","0","0","0","0","0","0","0","0","0","0"
"0x78a85776e260","      ISETP.GE.AND P1, PT, R18, UR6, PT","0","0","0","7056","225792","225792","32","32","0","0","-","-","-","0","0","0","0","0","0","0","0","0","-","0","0","0","0","0","0","0","0","0","0","0","0","0","0","0","0","0","0","0","0","0","0","0","0","0","0","0","0","0","0","0","0","0","0","0","0","0","0","0","0"
"0x78a85776e270","      ISETP.GE.AND P3, PT, R20, UR6, PT","0","0","0","7056","225792","225792","32","32","0","0","-","-","-","0","0","0","0","0","0","0","0","0","-","0","0","0","0","0","0","0","0","0","0","0","0","0","0","0","0","0","0","0","0","0","0","0","0","0","0","0","0","0","0","0","0","0","0","0","0","0","0","0","0"
"0x78a85776e280","      ISETP.GE.AND P4, PT, R37, UR6, PT","0","0","0","7056","225792","225792","32","32","0","0","-","-","-","0","0","0","0","0","0","0","0","0","-","0","0","0","0","0","0","0","0","0","0","0","0","0","0","0","0","0","0","0","0","0","0","0","0","0","0","0","0","0","0","0","0","0","0","0","0","0","0","0","0"
"0x78a85776e290","      ISETP.GE.AND P5, PT, R35, UR6, PT","0","0","0","7056","225792","225792","32","32","0","0","-","-","-","0","0","0","0","0","0","0","0","0","-","0","0","0","0","0","0","0","0","0","0","0","0","0","0","0","0","0","0","0","0","0","0","0","0","0","0","0","0","0","0","0","0","0","0","0","0","0","0","0","0"
"0x78a85776e2a0","      FMUL R3, R30, R22","1","0","1","7056","225792","225792","32","32","0","0","-","-","-","0","0","0","0","0","0","0","0","0","-","0","0","0","0","0","0","0","0","0","0","0","0","0","0","0","0","0","0","1","0","0","0","0","0","0","0","0","0","0","0","0","0","0","0","0","0","0","0","0","0"
"0x78a85776e2b0","      FMUL R0, R53, R22","0","0","0","7056","225792","225792","32","32","0","0","-","-","-","0","0","0","0","0","0","0","0","0","-","0","0","0","0","0","0","0","0","0","0","0","0","0","0","0","0","0","0","0","0","0","0","0","0","0","0","0","0","0","0","0","0","0","0","0","0","0","0","0","0"
"0x78a85776e2c0","      FMUL R2, R59, R22","0","0","0","7056","225792","225792","32","32","0","0","-","-","-","0","0","0","0","0","0","0","0","0","-","0","0","0","0","0","0","0","0","0","0","0","0","0","0","0","0","0","0","0","0","0","0","0","0","0","0","0","0","0","0","0","0","0","0","0","0","0","0","0","0"
"0x78a85776e2d0","      FMUL R5, R44, R22","0","0","0","7056","225792","225792","32","32","0","0","-","-","-","0","0","0","0","0","0","0","0","0","-","0","0","0","0","0","0","0","0","0","0","0","0","0","0","0","0","0","0","0","0","0","0","0","0","0","0","0","0","0","0","0","0","0","0","0","0","0","0","0","0"
"0x78a85776e2e0","@!P0  FSEL R30, R3, R30, !P1","6","0","6","7056","225792","223104","32","31","1","0","-","-","-","0","0","0","0","0","0","0","0","0","-","0","0","0","0","0","0","0","0","0","0","0","0","0","0","0","0","0","5","1","0","0","0","0","0","0","0","0","0","0","0","0","0","0","0","0","0","0","0","0","0"
"0x78a85776e2f0","@!P0  FSEL R53, R0, R53, !P3","0","0","0","7056","225792","223104","32","31","1","0","-","-","-","0","0","0","0","0","0","0","0","0","-","0","0","0","0","0","0","0","0","0","0","0","0","0","0","0","0","0","0","0","0","0","0","0","0","0","0","0","0","0","0","0","0","0","0","0","0","0","0","0","0"
"0x78a85776e300","@!P0  FSEL R59, R2, R59, !P4","0","0","0","7056","225792","223104","32","31","1","0","-","-","-","0","0","0","0","0","0","0","0","0","-","0","0","0","0","0","0","0","0","0","0","0","0","0","0","0","0","0","0","0","0","0","0","0","0","0","0","0","0","0","0","0","0","0","0","0","0","0","0","0","0"
"0x78a85776e310","@!P0  FSEL R44, R5, R44, !P5","0","0","0","7056","225792","223104","32","31","1","0","-","-","-","0","0","0","0","0","0","0","0","0","-","0","0","0","0","0","0","0","0","0","0","0","0","0","0","0","0","0","0","0","0","0","0","0","0","0","0","0","0","0","0","0","0","0","0","0","0","0","0","0","0"
"0x78a85776e320","      BRA 0x78a85776e4c0","0","0","0","7056","225792","225792","32","32","0","0","-","-","-","0","0","0","0","0","0","0","0","0","-","0","0","0","0","0","0","0","0","0","0","0","0","0","0","0","0","0","0","0","0","0","0","0","0","0","0","0","0","0","0","0","0","0","0","0","0","0","0","0","0"
"0x78a85776e330","      SHF.R.S32.HI R5, RZ, 0x1f, R18","0","0","0","0","0","0","0","0","32","0","-","-","-","0","0","0","0","0","0","0","0","0","-","0","0","0","0","0","0","0","0","0","0","0","0","0","0","0","0","0","0","0","0","0","0","0","0","0","0","0","0","0","0","0","0","0","0","0","0","0","0","0","0"
"0x78a85776e340","      MOV R4, R18","0","0","0","0","0","0","0","0","32","0","-","-","-","0","0","0","0","0","0","0","0","0","-","0","0","0","0","0","0","0","0","0","0","0","0","0","0","0","0","0","0","0","0","0","0","0","0","0","0","0","0","0","0","0","0","0","0","0","0","0","0","0","0"
"0x78a85776e350","      ISETP.GE.AND P1, PT, R18, UR6, PT","0","0","0","0","0","0","0","0","32","0","-","-","-","0","0","0","0","0","0","0","0","0","-","0","0","0","0","0","0","0","0","0","0","0","0","0","0","0","0","0","0","0","0","0","0","0","0","0","0","0","0","0","0","0","0","0","0","0","0","0","0","0","0"
"0x78a85776e360","      ISETP.GE.AND P3, PT, R20, UR6, PT","0","0","0","0","0","0","0","0","32","0","-","-","-","0","0","0","0","0","0","0","0","0","-","0","0","0","0","0","0","0","0","0","0","0","0","0","0","0","0","0","0","0","0","0","0","0","0","0","0","0","0","0","0","0","0","0","0","0","0","0","0","0","0"
"0x78a85776e370","      ISETP.GE.AND P4, PT, R37, UR6, PT","0","0","0","0","0","0","0","0","32","0","-","-","-","0","0","0","0","0","0","0","0","0","-","0","0","0","0","0","0","0","0","0","0","0","0","0","0","0","0","0","0","0","0","0","0","0","0","0","0","0","0","0","0","0","0","0","0","0","0","0","0","0","0"
"0x78a85776e380","      ISETP.GE.AND P0, PT, R35, UR6, PT","0","0","0","0","0","0","0","0","32","0","-","-","-","0","0","0","0","0","0","0","0","0","-","0","0","0","0","0","0","0","0","0","0","0","0","0","0","0","0","0","0","0","0","0","0","0","0","0","0","0","0","0","0","0","0","0","0","0","0","0","0","0","0"
"0x78a85776e390","      IADD.64 R4, R4, R14","0","0","0","0","0","0","0","0","32","0","-","-","-","0","0","0","0","0","0","0","0","0","-","0","0","0","0","0","0","0","0","0","0","0","0","0","0","0","0","0","0","0","0","0","0","0","0","0","0","0","0","0","0","0","0","0","0","0","0","0","0","0","0"
"0x78a85776e3a0","      ISETP.GE.OR P1, PT, R26, UR7, P1","0","0","0","0","0","0","0","0","32","0","-","-","-","0","0","0","0","0","0","0","0","0","-","0","0","0","0","0","0","0","0","0","0","0","0","0","0","0","0","0","0","0","0","0","0","0","0","0","0","0","0","0","0","0","0","0","0","0","0","0","0","0","0"
"0x78a85776e3b0","      ISETP.GE.OR P3, PT, R26, UR7, P3","0","0","0","0","0","0","0","0","32","0","-","-","-","0","0","0","0","0","0","0","0","0","-","0","0","0","0","0","0","0","0","0","0","0","0","0","0","0","0","0","0","0","0","0","0","0","0","0","0","0","0","0","0","0","0","0","0","0","0","0","0","0","0"
"0x78a85776e3c0","      ISETP.GE.OR P4, PT, R26, UR7, P4","0","0","0","0","0","0","0","0","32","0","-","-","-","0","0","0","0","0","0","0","0","0","-","0","0","0","0","0","0","0","0","0","0","0","0","0","0","0","0","0","0","0","0","0","0","0","0","0","0","0","0","0","0","0","0","0","0","0","0","0","0","0","0"
"0x78a85776e3d0","      ISETP.GE.OR P0, PT, R26, UR7, P0","0","0","0","0","0","0","0","0","32","0","-","-","-","0","0","0","0","0","0","0","0","0","-","0","0","0","0","0","0","0","0","0","0","0","0","0","0","0","0","0","0","0","0","0","0","0","0","0","0","0","0","0","0","0","0","0","0","0","0","0","0","0","0"
"0x78a85776e3e0","      LEA R2, P5, R4, UR26, 0x2","0","0","0","0","0","0","0","0","32","0","-","-","-","0","0","0","0","0","0","0","0","0","-","0","0","0","0","0","0","0","0","0","0","0","0","0","0","0","0","0","0","0","0","0","0","0","0","0","0","0","0","0","0","0","0","0","0","0","0","0","0","0","0"
"0x78a85776e3f0","      LEA.HI.X R3, R4, UR27, R5, 0x2, P5","0","0","0","0","0","0","0","0","32","0","-","-","-","0","0","0","0","0","0","0","0","0","-","0","0","0","0","0","0","0","0","0","0","0","0","0","0","0","0","0","0","0","0","0","0","0","0","0","0","0","0","0","0","0","0","0","0","0","0","0","0","0","0"
"0x78a85776e400","@!P1  LD.E R0, desc[UR24][R2.64]","0","0","0","0","0","0","0","0","32","0","","","","0","0","0","0","0","0","0","0","0","","0","0","0","0","0","0","0","0","0","0","0","0","0","0","0","0","0","0","0","0","0","0","0","0","0","0","0","0","0","0","0","0","0","0","0","0","0","0","0","0"
"0x78a85776e410","@!P3  LD.E R4, desc[UR24][R2.64+0x4]","0","0","0","0","0","0","0","0","32","0","","","","0","0","0","0","0","0","0","0","0","","0","0","0","0","0","0","0","0","0","0","0","0","0","0","0","0","0","0","0","0","0","0","0","0","0","0","0","0","0","0","0","0","0","0","0","0","0","0","0","0"
"0x78a85776e420","@!P4  LD.E R6, desc[UR24][R2.64+0x8]","0","0","0","0","0","0","0","0","32","0","","","","0","0","0","0","0","0","0","0","0","","0","0","0","0","0","0","0","0","0","0","0","0","0","0","0","0","0","0","0","0","0","0","0","0","0","0","0","0","0","0","0","0","0","0","0","0","0","0","0","0"
"0x78a85776e430","@!P0  LD.E R8, desc[UR24][R2.64+0xc]","0","0","0","0","0","0","0","0","32","0","","","","0","0","0","0","0","0","0","0","0","","0","0","0","0","0","0","0","0","0","0","0","0","0","0","0","0","0","0","0","0","0","0","0","0","0","0","0","0","0","0","0","0","0","0","0","0","0","0","0","0"
"0x78a85776e440","@!P1  FMUL R5, R30, R22","0","0","0","0","0","0","0","0","32","0","-","-","-","0","0","0","0","0","0","0","0","0","-","0","0","0","0","0","0","0","0","0","0","0","0","0","0","0","0","0","0","0","0","0","0","0","0","0","0","0","0","0","0","0","0","0","0","0","0","0","0","0","0"
"0x78a85776e450","@!P3  FMUL R7, R53, R22","0","0","0","0","0","0","0","0","32","0","-","-","-","0","0","0","0","0","0","0","0","0","-","0","0","0","0","0","0","0","0","0","0","0","0","0","0","0","0","0","0","0","0","0","0","0","0","0","0","0","0","0","0","0","0","0","0","0","0","0","0","0","0"
"0x78a85776e460","@!P4  FMUL R9, R59, R22","0","0","0","0","0","0","0","0","32","0","-","-","-","0","0","0","0","0","0","0","0","0","-","0","0","0","0","0","0","0","0","0","0","0","0","0","0","0","0","0","0","0","0","0","0","0","0","0","0","0","0","0","0","0","0","0","0","0","0","0","0","0","0"
"0x78a85776e470","@!P0  FMUL R11, R44, R22","0","0","0","0","0","0","0","0","32","0","-","-","-","0","0","0","0","0","0","0","0","0","-","0","0","0","0","0","0","0","0","0","0","0","0","0","0","0","0","0","0","0","0","0","0","0","0","0","0","0","0","0","0","0","0","0","0","0","0","0","0","0","0"
"0x78a85776e480","@!P1  FFMA R30, R0, R21, R5","0","0","0","0","0","0","0","0","32","0","-","-","-","0","0","0","0","0","0","0","0","0","-","0","0","0","0","0","0","0","0","0","0","0","0","0","0","0","0","0","0","0","0","0","0","0","0","0","0","0","0","0","0","0","0","0","0","0","0","0","0","0","0"
"0x78a85776e490","@!P3  FFMA R53, R4, R21, R7","0","0","0","0","0","0","0","0","32","0","-","-","-","0","0","0","0","0","0","0","0","0","-","0","0","0","0","0","0","0","0","0","0","0","0","0","0","0","0","0","0","0","0","0","0","0","0","0","0","0","0","0","0","0","0","0","0","0","0","0","0","0","0"
"0x78a85776e4a0","@!P4  FFMA R59, R6, R21, R9","0","0","0","0","0","0","0","0","32","0","-","-","-","0","0","0","0","0","0","0","0","0","-","0","0","0","0","0","0","0","0","0","0","0","0","0","0","0","0","0","0","0","0","0","0","0","0","0","0","0","0","0","0","0","0","0","0","0","0","0","0","0","0"
"0x78a85776e4b0","@!P0  FFMA R44, R8, R21, R11","0","0","0","0","0","0","0","0","32","0","-","-","-","0","0","0","0","0","0","0","0","0","-","0","0","0","0","0","0","0","0","0","0","0","0","0","0","0","0","0","0","0","0","0","0","0","0","0","0","0","0","0","0","0","0","0","0","0","0","0","0","0","0"
"0x78a85776e4c0","@P2   BRA 0x78a85776e5b0","4","1","4","7056","225792","0","32","0","32","0","-","-","-","0","0","0","0","0","0","0","0","0","-","0","0","0","0","0","0","0","1","0","0","0","0","0","0","0","0","2","1","0","0","0","0","0","0","1","0","0","0","0","0","0","0","0","0","0","0","0","0","0","0"
"0x78a85776e4d0","      ISETP.GE.AND P0, PT, R26, UR7, PT","3","1","3","7056","225792","225792","32","32","0","0","-","-","-","0","0","0","0","0","0","0","0","0","-","0","0","0","0","0","0","0","0","0","0","0","0","0","0","0","0","0","1","0","0","0","0","2","0","0","0","0","0","0","0","0","0","0","0","0","0","0","0","0","1"
"0x78a85776e4e0","      ISETP.GE.AND P1, PT, R16, UR6, PT","0","0","0","7056","225792","225792","32","32","0","0","-","-","-","0","0","0","0","0","0","0","0","0","-","0","0","0","0","0","0","0","0","0","0","0","0","0","0","0","0","0","0","0","0","0","0","0","0","0","0","0","0","0","0","0","0","0","0","0","0","0","0","0","0"
"0x78a85776e4f0","      ISETP.GE.AND P3, PT, R34, UR6, PT","0","0","0","7056","225792","225792","32","32","0","0","-","-","-","0","0","0","0","0","0","0","0","0","-","0","0","0","0","0","0","0","0","0","0","0","0","0","0","0","0","0","0","0","0","0","0","0","0","0","0","0","0","0","0","0","0","0","0","0","0","0","0","0","0"
"0x78a85776e500","      ISETP.GE.AND P4, PT, R33, UR6, PT","0","0","0","7056","225792","225792","32","32","0","0","-","-","-","0","0","0","0","0","0","0","0","0","-","0","0","0","0","0","0","0","0","0","0","0","0","0","0","0","0","0","0","0","0","0","0","0","0","0","0","0","0","0","0","0","0","0","0","0","0","0","0","0","0"
"0x78a85776e510","      ISETP.GE.AND P5, PT, R32, UR6, PT","0","0","0","7056","225792","225792","32","32","0","0","-","-","-","0","0","0","0","0","0","0","0","0","-","0","0","0","0","0","0","0","0","0","0","0","0","0","0","0","0","0","0","0","0","0","0","0","0","0","0","0","0","0","0","0","0","0","0","0","0","0","0","0","0"
"0x78a85776e520","      FMUL R3, R50, R22","0","0","0","7056","225792","225792","32","32","0","0","-","-","-","0","0","0","0","0","0","0","0","0","-","0","0","0","0","0","0","0","0","0","0","0","0","0","0","0","0","0","0","0","0","0","0","0","0","0","0","0","0","0","0","0","0","0","0","0","0","0","0","0","0"
"0x78a85776e530","      FMUL R5, R38, R22","0","0","0","7056","225792","225792","32","32","0","0","-","-","-","0","0","0","0","0","0","0","0","0","-","0","0","0","0","0","0","0","0","0","0","0","0","0","0","0","0","0","0","0","0","0","0","0","0","0","0","0","0","0","0","0","0","0","0","0","0","0","0","0","0"
"0x78a85776e540","      FMUL R7, R40, R22","0","0","0","7056","225792","225792","32","32","0","0","-","-","-","0","0","0","0","0","0","0","0","0","-","0","0","0","0","0","0","0","0","0","0","0","0","0","0","0","0","0","0","0","0","0","0","0","0","0","0","0","0","0","0","0","0","0","0","0","0","0","0","0","0"
"0x78a85776e550","      FMUL R9, R68, R22","0","0","0","7056","225792","225792","32","32","0","0","-","-","-","0","0","0","0","0","0","0","0","0","-","0","0","0","0","0","0","0","0","0","0","0","0","0","0","0","0","0","0","0","0","0","0","0","0","0","0","0","0","0","0","0","0","0","0","0","0","0","0","0","0"
"0x78a85776e560","@!P0  FSEL R50, R3, R50, !P1","3","1","3","7056","225792","223104","32","31","1","0","-","-","-","0","0","0","0","0","0","0","0","0","-","0","0","0","0","0","0","0","0","0","0","0","0","0","0","0","0","0","0","0","0","0","0","3","0","0","0","0","0","0","0","0","0","0","0","0","0","0","0","0","1"
"0x78a85776e570","@!P0  FSEL R38, R5, R38, !P3","0","0","0","7056","225792","223104","32","31","1","0","-","-","-","0","0","0","0","0","0","0","0","0","-","0","0","0","0","0","0","0","0","0","0","0","0","0","0","0","0","0","0","0","0","0","0","0","0","0","0","0","0","0","0","0","0","0","0","0","0","0","0","0","0"
"0x78a85776e580","@!P0  FSEL R40, R7, R40, !P4","1","0","1","7056","225792","223104","32","31","1","0","-","-","-","0","0","0","0","0","0","0","0","0","-","0","0","0","0","0","0","0","0","0","0","0","0","0","0","0","0","0","1","0","0","0","0","0","0","0","0","0","0","0","0","0","0","0","0","0","0","0","0","0","0"
"0x78a85776e590","@!P0  FSEL R68, R9, R68, !P5","1","0","1","7056","225792","223104","32","31","1","0","-","-","-","0","0","0","0","0","0","0","0","0","-","0","0","0","0","0","0","0","0","0","0","0","0","0","0","0","0","0","0","1","0","0","0","0","0","0","0","0","0","0","0","0","0","0","0","0","0","0","0","0","0"
"0x78a85776e5a0","      BRA 0x78a85776e830","0","0","0","7056","225792","225792","32","32","0","0","-","-","-","0","0","0","0","0","0","0","0","0","-","0","0","0","0","0","0","0","0","0","0","0","0","0","0","0","0","0","0","0","0","0","0","0","0","0","0","0","0","0","0","0","0","0","0","0","0","0","0","0","0"
"0x78a85776e5b0","      ISETP.GE.AND P1, PT, R16, UR6, PT","0","0","0","0","0","0","0","0","32","0","-","-","-","0","0","0","0","0","0","0","0","0","-","0","0","0","0","0","0","0","0","0","0","0","0","0","0","0","0","0","0","0","0","0","0","0","0","0","0","0","0","0","0","0","0","0","0","0","0","0","0","0","0"
"0x78a85776e5c0","      ISETP.GE.AND P3, PT, R34, UR6, PT","0","0","0","0","0","0","0","0","32","0","-","-","-","0","0","0","0","0","0","0","0","0","-","0","0","0","0","0","0","0","0","0","0","0","0","0","0","0","0","0","0","0","0","0","0","0","0","0","0","0","0","0","0","0","0","0","0","0","0","0","0","0","0"
"0x78a85776e5d0","      ISETP.GE.AND P4, PT, R33, UR6, PT","0","0","0","0","0","0","0","0","32","0","-","-","-","0","0","0","0","0","0","0","0","0","-","0","0","0","0","0","0","0","0","0","0","0","0","0","0","0","0","0","0","0","0","0","0","0","0","0","0","0","0","0","0","0","0","0","0","0","0","0","0","0","0"
"0x78a85776e5e0","      ISETP.GE.AND P0, PT, R32, UR6, PT","0","0","0","0","0","0","0","0","32","0","-","-","-","0","0","0","0","0","0","0","0","0","-","0","0","0","0","0","0","0","0","0","0","0","0","0","0","0","0","0","0","0","0","0","0","0","0","0","0","0","0","0","0","0","0","0","0","0","0","0","0","0","0"
"0x78a85776e5f0","      ISETP.GE.OR P1, PT, R26, UR7, P1","0","0","0","0","0","0","0","0","32","0","-","-","-","0","0","0","0","0","0","0","0","0","-","0","0","0","0","0","0","0","0","0","0","0","0","0","0","0","0","0","0","0","0","0","0","0","0","0","0","0","0","0","0","0","0","0","0","0","0","0","0","0","0"
"0x78a85776e600","      ISETP.GE.OR P3, PT, R26, UR7, P3","0","0","0","0","0","0","0","0","32","0","-","-","-","0","0","0","0","0","0","0","0","0","-","0","0","0","0","0","0","0","0","0","0","0","0","0","0","0","0","0","0","0","0","0","0","0","0","0","0","0","0","0","0","0","0","0","0","0","0","0","0","0","0"
"0x78a85776e610","      ISETP.GE.OR P4, PT, R26, UR7, P4","0","0","0","0","0","0","0","0","32","0","-","-","-","0","0","0","0","0","0","0","0","0","-","0","0","0","0","0","0","0","0","0","0","0","0","0","0","0","0","0","0","0","0","0","0","0","0","0","0","0","0","0","0","0","0","0","0","0","0","0","0","0","0"
"0x78a85776e620","      ISETP.GE.OR P0, PT, R26, UR7, P0","0","0","0","0","0","0","0","0","32","0","-","-","-","0","0","0","0","0","0","0","0","0","-","0","0","0","0","0","0","0","0","0","0","0","0","0","0","0","0","0","0","0","0","0","0","0","0","0","0","0","0","0","0","0","0","0","0","0","0","0","0","0","0"
"0x78a85776e630","@!P1  SHF.R.S32.HI R13, RZ, 0x1f, R16","0","0","0","0","0","0","0","0","32","0","-","-","-","0","0","0","0","0","0","0","0","0","-","0","0","0","0","0","0","0","0","0","0","0","0","0","0","0","0","0","0","0","0","0","0","0","0","0","0","0","0","0","0","0","0","0","0","0","0","0","0","0","0"
"0x78a85776e640","@!P3  SHF.R.S32.HI R7, RZ, 0x1f, R34","0","0","0","0","0","0","0","0","32","0","-","-","-","0","0","0","0","0","0","0","0","0","-","0","0","0","0","0","0","0","0","0","0","0","0","0","0","0","0","0","0","0","0","0","0","0","0","0","0","0","0","0","0","0","0","0","0","0","0","0","0","0","0"
"0x78a85776e650","@!P1  MOV R12, R16","0","0","0","0","0","0","0","0","32","0","-","-","-","0","0","0","0","0","0","0","0","0","-","0","0","0","0","0","0","0","0","0","0","0","0","0","0","0","0","0","0","0","0","0","0","0","0","0","0","0","0","0","0","0","0","0","0","0","0","0","0","0","0"
"0x78a85776e660","@!P3  MOV R6, R34","0","0","0","0","0","0","0","0","32","0","-","-","-","0","0","0","0","0","0","0","0","0","-","0","0","0","0","0","0","0","0","0","0","0","0","0","0","0","0","0","0","0","0","0","0","0","0","0","0","0","0","0","0","0","0","0","0","0","0","0","0","0","0"
"0x78a85776e670","@!P4  SHF.R.S32.HI R5, RZ, 0x1f, R33","0","0","0","0","0","0","0","0","32","0","-","-","-","0","0","0","0","0","0","0","0","0","-","0","0","0","0","0","0","0","0","0","0","0","0","0","0","0","0","0","0","0","0","0","0","0","0","0","0","0","0","0","0","0","0","0","0","0","0","0","0","0","0"
"0x78a85776e680","@!P4  MOV R4, R33","0","0","0","0","0","0","0","0","32","0","-","-","-","0","0","0","0","0","0","0","0","0","-","0","0","0","0","0","0","0","0","0","0","0","0","0","0","0","0","0","0","0","0","0","0","0","0","0","0","0","0","0","0","0","0","0","0","0","0","0","0","0","0"
"0x78a85776e690","@!P0  SHF.R.S32.HI R3, RZ, 0x1f, R32","0","0","0","0","0","0","0","0","32","0","-","-","-","0","0","0","0","0","0","0","0","0","-","0","0","0","0","0","0","0","0","0","0","0","0","0","0","0","0","0","0","0","0","0","0","0","0","0","0","0","0","0","0","0","0","0","0","0","0","0","0","0","0"
"0x78a85776e6a0","@!P1  IADD.64 R12, R12, R14","0","0","0","0","0","0","0","0","32","0","-","-","-","0","0","0","0","0","0","0","0","0","-","0","0","0","0","0","0","0","0","0","0","0","0","0","0","0","0","0","0","0","0","0","0","0","0","0","0","0","0","0","0","0","0","0","0","0","0","0","0","0","0"
"0x78a85776e6b0","@!P3  IADD.64 R10, R6, R14","0","0","0","0","0","0","0","0","32","0","-","-","-","0","0","0","0","0","0","0","0","0","-","0","0","0","0","0","0","0","0","0","0","0","0","0","0","0","0","0","0","0","0","0","0","0","0","0","0","0","0","0","0","0","0","0","0","0","0","0","0","0","0"
"0x78a85776e6c0","@!P0  MOV R2, R32","0","0","0","0","0","0","0","0","32","0","-","-","-","0","0","0","0","0","0","0","0","0","-","0","0","0","0","0","0","0","0","0","0","0","0","0","0","0","0","0","0","0","0","0","0","0","0","0","0","0","0","0","0","0","0","0","0","0","0","0","0","0","0"
"0x78a85776e6d0","@!P4  IADD.64 R8, R4, R14","0","0","0","0","0","0","0","0","32","0","-","-","-","0","0","0","0","0","0","0","0","0","-","0","0","0","0","0","0","0","0","0","0","0","0","0","0","0","0","0","0","0","0","0","0","0","0","0","0","0","0","0","0","0","0","0","0","0","0","0","0","0","0"
"0x78a85776e6e0","@!P1  LEA R6, P5, R12, UR26, 0x2","0","0","0","0","0","0","0","0","32","0","-","-","-","0","0","0","0","0","0","0","0","0","-","0","0","0","0","0","0","0","0","0","0","0","0","0","0","0","0","0","0","0","0","0","0","0","0","0","0","0","0","0","0","0","0","0","0","0","0","0","0","0","0"
"0x78a85776e6f0","@!P0  IADD.64 R14, R2, R14","0","0","0","0","0","0","0","0","32","0","-","-","-","0","0","0","0","0","0","0","0","0","-","0","0","0","0","0","0","0","0","0","0","0","0","0","0","0","0","0","0","0","0","0","0","0","0","0","0","0","0","0","0","0","0","0","0","0","0","0","0","0","0"
"0x78a85776e700","@!P3  LEA R4, P6, R10, UR26, 0x2","0","0","0","0","0","0","0","0","32","0","-","-","-","0","0","0","0","0","0","0","0","0","-","0","0","0","0","0","0","0","0","0","0","0","0","0","0","0","0","0","0","0","0","0","0","0","0","0","0","0","0","0","0","0","0","0","0","0","0","0","0","0","0"
"0x78a85776e710","@!P1  LEA.HI.X R7, R12, UR27, R13, 0x2, P5","0","0","0","0","0","0","0","0","32","0","-","-","-","0","0","0","0","0","0","0","0","0","-","0","0","0","0","0","0","0","0","0","0","0","0","0","0","0","0","0","0","0","0","0","0","0","0","0","0","0","0","0","0","0","0","0","0","0","0","0","0","0","0"
"0x78a85776e720","@!P3  LEA.HI.X R5, R10, UR27, R11, 0x2, P6","0","0","0","0","0","0","0","0","32","0","-","-","-","0","0","0","0","0","0","0","0","0","-","0","0","0","0","0","0","0","0","0","0","0","0","0","0","0","0","0","0","0","0","0","0","0","0","0","0","0","0","0","0","0","0","0","0","0","0","0","0","0","0"
"0x78a85776e730","@!P4  LEA R10, P5, R8, UR26, 0x2","0","0","0","0","0","0","0","0","32","0","-","-","-","0","0","0","0","0","0","0","0","0","-","0","0","0","0","0","0","0","0","0","0","0","0","0","0","0","0","0","0","0","0","0","0","0","0","0","0","0","0","0","0","0","0","0","0","0","0","0","0","0","0"
"0x78a85776e740","@!P1  LD.E R6, desc[UR24][R6.64]","0","0","0","0","0","0","0","0","32","0","","","","0","0","0","0","0","0","0","0","0","","0","0","0","0","0","0","0","0","0","0","0","0","0","0","0","0","0","0","0","0","0","0","0","0","0","0","0","0","0","0","0","0","0","0","0","0","0","0","0","0"
"0x78a85776e750","@!P0  LEA R2, P6, R14, UR26, 0x2","0","0","0","0","0","0","0","0","32","0","-","-","-","0","0","0","0","0","0","0","0","0","-","0","0","0","0","0","0","0","0","0","0","0","0","0","0","0","0","0","0","0","0","0","0","0","0","0","0","0","0","0","0","0","0","0","0","0","0","0","0","0","0"
"0x78a85776e760","@!P4  LEA.HI.X R11, R8, UR27, R9, 0x2, P5","0","0","0","0","0","0","0","0","32","0","-","-","-","0","0","0","0","0","0","0","0","0","-","0","0","0","0","0","0","0","0","0","0","0","0","0","0","0","0","0","0","0","0","0","0","0","0","0","0","0","0","0","0","0","0","0","0","0","0","0","0","0","0"
"0x78a85776e770","@!P3  LD.E R4, desc[UR24][R4.64]","0","0","0","0","0","0","0","0","32","0","","","","0","0","0","0","0","0","0","0","0","","0","0","0","0","0","0","0","0","0","0","0","0","0","0","0","0","0","0","0","0","0","0","0","0","0","0","0","0","0","0","0","0","0","0","0","0","0","0","0","0"
"0x78a85776e780","@!P0  LEA.HI.X R3, R14, UR27, R15, 0x2, P6","0","0","0","0","0","0","0","0","32","0","-","-","-","0","0","0","0","0","0","0","0","0","-","0","0","0","0","0","0","0","0","0","0","0","0","0","0","0","0","0","0","0","0","0","0","0","0","0","0","0","0","0","0","0","0","0","0","0","0","0","0","0","0"
"0x78a85776e790","@!P4  LD.E R10, desc[UR24][R10.64]","0","0","0","0","0","0","0","0","32","0","","","","0","0","0","0","0","0","0","0","0","","0","0","0","0","0","0","0","0","0","0","0","0","0","0","0","0","0","0","0","0","0","0","0","0","0","0","0","0","0","0","0","0","0","0","0","0","0","0","0","0"
"0x78a85776e7a0","@!P0  LD.E R2, desc[UR24][R2.64]","0","0","0","0","0","0","0","0","32","0","","","","0","0","0","0","0","0","0","0","0","","0","0","0","0","0","0","0","0","0","0","0","0","0","0","0","0","0","0","0","0","0","0","0","0","0","0","0","0","0","0","0","0","0","0","0","0","0","0","0","0"
"0x78a85776e7b0","@!P1  FMUL R9, R50, R22","0","0","0","0","0","0","0","0","32","0","-","-","-","0","0","0","0","0","0","0","0","0","-","0","0","0","0","0","0","0","0","0","0","0","0","0","0","0","0","0","0","0","0","0","0","0","0","0","0","0","0","0","0","0","0","0","0","0","0","0","0","0","0"
"0x78a85776e7c0","@!P3  FMUL R13, R38, R22","0","0","0","0","0","0","0","0","32","0","-","-","-","0","0","0","0","0","0","0","0","0","-","0","0","0","0","0","0","0","0","0","0","0","0","0","0","0","0","0","0","0","0","0","0","0","0","0","0","0","0","0","0","0","0","0","0","0","0","0","0","0","0"
"0x78a85776e7d0","@!P4  FMUL R15, R40, R22","0","0","0","0","0","0","0","0","32","0","-","-","-","0","0","0","0","0","0","0","0","0","-","0","0","0","0","0","0","0","0","0","0","0","0","0","0","0","0","0","0","0","0","0","0","0","0","0","0","0","0","0","0","0","0","0","0","0","0","0","0","0","0"
"0x78a85776e7e0","@!P0  FMUL R23, R68, R22","0","0","0","0","0","0","0","0","32","0","-","-","-","0","0","0","0","0","0","0","0","0","-","0","0","0","0","0","0","0","0","0","0","0","0","0","0","0","0","0","0","0","0","0","0","0","0","0","0","0","0","0","0","0","0","0","0","0","0","0","0","0","0"
"0x78a85776e7f0","@!P1  FFMA R50, R6, R21, R9","0","0","0","0","0","0","0","0","32","0","-","-","-","0","0","0","0","0","0","0","0","0","-","0","0","0","0","0","0","0","0","0","0","0","0","0","0","0","0","0","0","0","0","0","0","0","0","0","0","0","0","0","0","0","0","0","0","0","0","0","0","0","0"
"0x78a85776e800","@!P3  FFMA R38, R4, R21, R13","0","0","0","0","0","0","0","0","32","0","-","-","-","0","0","0","0","0","0","0","0","0","-","0","0","0","0","0","0","0","0","0","0","0","0","0","0","0","0","0","0","0","0","0","0","0","0","0","0","0","0","0","0","0","0","0","0","0","0","0","0","0","0"
"0x78a85776e810","@!P4  FFMA R40, R10, R21, R15","0","0","0","0","0","0","0","0","32","0","-","-","-","0","0","0","0","0","0","0","0","0","-","0","0","0","0","0","0","0","0","0","0","0","0","0","0","0","0","0","0","0","0","0","0","0","0","0","0","0","0","0","0","0","0","0","0","0","0","0","0","0","0"
"0x78a85776e820","@!P0  FFMA R68, R2, R21, R23","0","0","0","0","0","0","0","0","32","0","-","-","-","0","0","0","0","0","0","0","0","0","-","0","0","0","0","0","0","0","0","0","0","0","0","0","0","0","0","0","0","0","0","0","0","0","0","0","0","0","0","0","0","0","0","0","0","0","0","0","0","0","0"
"0x78a85776e830","      IADD3 R25, PT, PT, R24, 0x3, RZ","1","0","1","7056","225792","225792","32","32","0","0","-","-","-","0","0","0","0","0","0","0","0","0","-","0","0","0","0","0","0","0","0","0","0","0","0","0","0","0","0","0","1","0","0","0","0","0","0","0","0","0","0","0","0","0","0","0","0","0","0","0","0","0","0"
"0x78a85776e840","      IMAD.WIDE.U32 R10, R25, UR5, RZ","2","0","2","7056","225792","225792","32","32","0","0","-","-","-","0","0","0","0","0","0","0","0","0","-","0","0","0","0","0","0","0","0","0","0","0","0","0","0","0","0","0","0","0","0","0","0","2","0","0","0","0","0","0","0","0","0","0","0","0","0","0","0","0","0"
"0x78a85776e850","      IMAD R11, R25, UR4, R11","5","1","5","7056","225792","225792","32","32","0","0","-","-","-","0","0","0","0","0","0","0","0","0","-","0","0","0","0","0","0","0","0","0","0","0","0","1","0","0","0","0","3","0","0","0","0","1","0","0","0","0","0","0","0","0","0","0","0","0","0","0","0","0","1"
"0x78a85776e860","@P2   BRA 0x78a85776e950","0","0","0","7056","225792","0","32","0","32","0","-","-","-","0","0","0","0","0","0","0","0","0","-","0","0","0","0","0","0","0","0","0","0","0","0","0","0","0","0","0","0","0","0","0","0","0","0","0","0","0","0","0","0","0","0","0","0","0","0","0","0","0","0"
"0x78a85776e870","      ISETP.GE.AND P0, PT, R25, UR7, PT","2","0","2","7056","225792","225792","32","32","0","0","-","-","-","0","0","0","0","0","0","0","0","0","-","0","0","0","0","0","0","0","0","0","0","0","0","0","0","0","0","0","0","1","0","0","0","1","0","0","0","0","0","0","0","0","0","0","0","0","0","0","0","0","0"
"0x78a85776e880","      ISETP.GE.AND P1, PT, R18, UR6, PT","1","0","1","7056","225792","225792","32","32","0","0","-","-","-","0","0","0","0","0","0","0","0","0","-","0","0","0","0","0","0","0","0","1","0","0","0","0","0","0","0","0","0","0","0","0","0","0","0","0","0","0","0","0","0","0","0","0","0","0","0","0","0","0","0"
"0x78a85776e890","      ISETP.GE.AND P3, PT, R20, UR6, PT","0","0","0","7056","225792","225792","32","32","0","0","-","-","-","0","0","0","0","0","0","0","0","0","-","0","0","0","0","0","0","0","0","0","0","0","0","0","0","0","0","0","0","0","0","0","0","0","0","0","0","0","0","0","0","0","0","0","0","0","0","0","0","0","0"
"0x78a85776e8a0","      ISETP.GE.AND P4, PT, R37, UR6, PT","0","0","0","7056","225792","225792","32","32","0","0","-","-","-","0","0","0","0","0","0","0","0","0","-","0","0","0","0","0","0","0","0","0","0","0","0","0","0","0","0","0","0","0","0","0","0","0","0","0","0","0","0","0","0","0","0","0","0","0","0","0","0","0","0"
"0x78a85776e8b0","      ISETP.GE.AND P5, PT, R35, UR6, PT","1","0","1","7056","225792","225792","32","32","0","0","-","-","-","0","0","0","0","0","0","0","0","0","-","0","0","0","0","0","0","0","0","0","0","0","0","0","0","0","0","0","0","1","0","0","0","0","0","0","0","0","0","0","0","0","0","0","0","0","0","0","0","0","0"
"0x78a85776e8c0","      FMUL R0, R31, R22","0","0","0","7056","225792","225792","32","32","0","0","-","-","-","0","0","0","0","0","0","0","0","0","-","0","0","0","0","0","0","0","0","0","0","0","0","0","0","0","0","0","0","0","0","0","0","0","0","0","0","0","0","0","0","0","0","0","0","0","0","0","0","0","0"
"0x78a85776e8d0","      FMUL R3, R56, R22","0","0","0","7056","225792","225792","32","32","0","0","-","-","-","0","0","0","0","0","0","0","0","0","-","0","0","0","0","0","0","0","0","0","0","0","0","0","0","0","0","0","0","0","0","0","0","0","0","0","0","0","0","0","0","0","0","0","0","0","0","0","0","0","0"
"0x78a85776e8e0","      FMUL R2, R63, R22","0","0","0","7056","225792","225792","32","32","0","0","-","-","-","0","0","0","0","0","0","0","0","0","-","0","0","0","0","0","0","0","0","0","0","0","0","0","0","0","0","0","0","0","0","0","0","0","0","0","0","0","0","0","0","0","0","0","0","0","0","0","0","0","0"
"0x78a85776e8f0","      FMUL R4, R47, R22","0","0","0","7056","225792","225792","32","32","0","0","-","-","-","0","0","0","0","0","0","0","0","0","-","0","0","0","0","0","0","0","0","0","0","0","0","0","0","0","0","0","0","0","0","0","0","0","0","0","0","0","0","0","0","0","0","0","0","0","0","0","0","0","0"
"0x78a85776e900","@!P0  FSEL R31, R0, R31, !P1","2","0","2","7056","225792","223104","32","31","1","0","-","-","-","0","0","0","0","0","0","0","0","0","-","0","0","0","0","0","0","0","0","0","0","0","0","0","0","0","0","0","2","0","0","0","0","0","0","0","0","0","0","0","0","0","0","0","0","0","0","0","0","0","0"
"0x78a85776e910","@!P0  FSEL R56, R3, R56, !P3","0","0","0","7056","225792","223104","32","31","1","0","-","-","-","0","0","0","0","0","0","0","0","0","-","0","0","0","0","0","0","0","0","0","0","0","0","0","0","0","0","0","0","0","0","0","0","0","0","0","0","0","0","0","0","0","0","0","0","0","0","0","0","0","0"
"0x78a85776e920","@!P0  FSEL R63, R2, R63, !P4","0","0","0","7056","225792","223104","32","31","1","0","-","-","-","0","0","0","0","0","0","0","0","0","-","0","0","0","0","0","0","0","0","0","0","0","0","0","0","0","0","0","0","0","0","0","0","0","0","0","0","0","0","0","0","0","0","0","0","0","0","0","0","0","0"
"0x78a85776e930","@!P0  FSEL R47, R4, R47, !P5","0","0","0","7056","225792","223104","32","31","1","0","-","-","-","0","0","0","0","0","0","0","0","0","-","0","0","0","0","0","0","0","0","0","0","0","0","0","0","0","0","0","0","0","0","0","0","0","0","0","0","0","0","0","0","0","0","0","0","0","0","0","0","0","0"
"0x78a85776e940","      BRA 0x78a85776eae0","0","0","0","7056","225792","225792","32","32","0","0","-","-","-","0","0","0","0","0","0","0","0","0","-","0","0","0","0","0","0","0","0","0","0","0","0","0","0","0","0","0","0","0","0","0","0","0","0","0","0","0","0","0","0","0","0","0","0","0","0","0","0","0","0"
"0x78a85776e950","      SHF.R.S32.HI R5, RZ, 0x1f, R18","2","0","2","0","0","0","0","0","32","0","-","-","-","0","0","0","0","0","0","0","0","0","-","0","0","0","0","0","0","0","0","0","0","0","0","0","0","0","0","0","0","0","0","0","0","2","0","0","0","0","0","0","0","0","0","0","0","0","0","0","0","0","0"
"0x78a85776e960","      MOV R4, R18","0","0","0","0","0","0","0","0","32","0","-","-","-","0","0","0","0","0","0","0","0","0","-","0","0","0","0","0","0","0","0","0","0","0","0","0","0","0","0","0","0","0","0","0","0","0","0","0","0","0","0","0","0","0","0","0","0","0","0","0","0","0","0"
"0x78a85776e970","      ISETP.GE.AND P1, PT, R18, UR6, PT","0","0","0","0","0","0","0","0","32","0","-","-","-","0","0","0","0","0","0","0","0","0","-","0","0","0","0","0","0","0","0","0","0","0","0","0","0","0","0","0","0","0","0","0","0","0","0","0","0","0","0","0","0","0","0","0","0","0","0","0","0","0","0"
"0x78a85776e980","      ISETP.GE.AND P3, PT, R20, UR6, PT","0","0","0","0","0","0","0","0","32","0","-","-","-","0","0","0","0","0","0","0","0","0","-","0","0","0","0","0","0","0","0","0","0","0","0","0","0","0","0","0","0","0","0","0","0","0","0","0","0","0","0","0","0","0","0","0","0","0","0","0","0","0","0"
"0x78a85776e990","      ISETP.GE.AND P4, PT, R37, UR6, PT","0","0","0","0","0","0","0","0","32","0","-","-","-","0","0","0","0","0","0","0","0","0","-","0","0","0","0","0","0","0","0","0","0","0","0","0","0","0","0","0","0","0","0","0","0","0","0","0","0","0","0","0","0","0","0","0","0","0","0","0","0","0","0"
"0x78a85776e9a0","      ISETP.GE.AND P0, PT, R35, UR6, PT","0","0","0","0","0","0","0","0","32","0","-","-","-","0","0","0","0","0","0","0","0","0","-","0","0","0","0","0","0","0","0","0","0","0","0","0","0","0","0","0","0","0","0","0","0","0","0","0","0","0","0","0","0","0","0","0","0","0","0","0","0","0","0"
"0x78a85776e9b0","      IADD.64 R4, R4, R10","0","0","0","0","0","0","0","0","32","0","-","-","-","0","0","0","0","0","0","0","0","0","-","0","0","0","0","0","0","0","0","0","0","0","0","0","0","0","0","0","0","0","0","0","0","0","0","0","0","0","0","0","0","0","0","0","0","0","0","0","0","0","0"
"0x78a85776e9c0","      ISETP.GE.OR P1, PT, R25, UR7, P1","0","0","0","0","0","0","0","0","32","0","-","-","-","0","0","0","0","0","0","0","0","0","-","0","0","0","0","0","0","0","0","0","0","0","0","0","0","0","0","0","0","0","0","0","0","0","0","0","0","0","0","0","0","0","0","0","0","0","0","0","0","0","0"
"0x78a85776e9d0","      ISETP.GE.OR P3, PT, R25, UR7, P3","0","0","0","0","0","0","0","0","32","0","-","-","-","0","0","0","0","0","0","0","0","0","-","0","0","0","0","0","0","0","0","0","0","0","0","0","0","0","0","0","0","0","0","0","0","0","0","0","0","0","0","0","0","0","0","0","0","0","0","0","0","0","0"
"0x78a85776e9e0","      ISETP.GE.OR P4, PT, R25, UR7, P4","0","0","0","0","0","0","0","0","32","0","-","-","-","0","0","0","0","0","0","0","0","0","-","0","0","0","0","0","0","0","0","0","0","0","0","0","0","0","0","0","0","0","0","0","0","0","0","0","0","0","0","0","0","0","0","0","0","0","0","0","0","0","0"
"0x78a85776e9f0","      ISETP.GE.OR P0, PT, R25, UR7, P0","0","0","0","0","0","0","0","0","32","0","-","-","-","0","0","0","0","0","0","0","0","0","-","0","0","0","0","0","0","0","0","0","0","0","0","0","0","0","0","0","0","0","0","0","0","0","0","0","0","0","0","0","0","0","0","0","0","0","0","0","0","0","0"
"0x78a85776ea00","      LEA R2, P5, R4, UR26, 0x2","0","0","0","0","0","0","0","0","32","0","-","-","-","0","0","0","0","0","0","0","0","0","-","0","0","0","0","0","0","0","0","0","0","0","0","0","0","0","0","0","0","0","0","0","0","0","0","0","0","0","0","0","0","0","0","0","0","0","0","0","0","0","0"
"0x78a85776ea10","      LEA.HI.X R3, R4, UR27, R5, 0x2, P5","0","0","0","0","0","0","0","0","32","0","-","-","-","0","0","0","0","0","0","0","0","0","-","0","0","0","0","0","0","0","0","0","0","0","0","0","0","0","0","0","0","0","0","0","0","0","0","0","0","0","0","0","0","0","0","0","0","0","0","0","0","0","0"
"0x78a85776ea20","@!P1  LD.E R0, desc[UR24][R2.64]","0","0","0","0","0","0","0","0","32","0","","","","0","0","0","0","0","0","0","0","0","","0","0","0","0","0","0","0","0","0","0","0","0","0","0","0","0","0","0","0","0","0","0","0","0","0","0","0","0","0","0","0","0","0","0","0","0","0","0","0","0"
"0x78a85776ea30","@!P3  LD.E R4, desc[UR24][R2.64+0x4]","0","0","0","0","0","0","0","0","32","0","","","","0","0","0","0","0","0","0","0","0","","0","0","0","0","0","0","0","0","0","0","0","0","0","0","0","0","0","0","0","0","0","0","0","0","0","0","0","0","0","0","0","0","0","0","0","0","0","0","0","0"
"0x78a85776ea40","@!P4  LD.E R6, desc[UR24][R2.64+0x8]","0","0","0","0","0","0","0","0","32","0","","","","0","0","0","0","0","0","0","0","0","","0","0","0","0","0","0","0","0","0","0","0","0","0","0","0","0","0","0","0","0","0","0","0","0","0","0","0","0","0","0","0","0","0","0","0","0","0","0","0","0"
"0x78a85776ea50","@!P0  LD.E R8, desc[UR24][R2.64+0xc]","0","0","0","0","0","0","0","0","32","0","","","","0","0","0","0","0","0","0","0","0","","0","0","0","0","0","0","0","0","0","0","0","0","0","0","0","0","0","0","0","0","0","0","0","0","0","0","0","0","0","0","0","0","0","0","0","0","0","0","0","0"
"0x78a85776ea60","@!P1  FMUL R5, R31, R22","0","0","0","0","0","0","0","0","32","0","-","-","-","0","0","0","0","0","0","0","0","0","-","0","0","0","0","0","0","0","0","0","0","0","0","0","0","0","0","0","0","0","0","0","0","0","0","0","0","0","0","0","0","0","0","0","0","0","0","0","0","0","0"
"0x78a85776ea70","@!P3  FMUL R7, R56, R22","0","0","0","0","0","0","0","0","32","0","-","-","-","0","0","0","0","0","0","0","0","0","-","0","0","0","0","0","0","0","0","0","0","0","0","0","0","0","0","0","0","0","0","0","0","0","0","0","0","0","0","0","0","0","0","0","0","0","0","0","0","0","0"
"0x78a85776ea80","@!P4  FMUL R9, R63, R22","0","0","0","0","0","0","0","0","32","0","-","-","-","0","0","0","0","0","0","0","0","0","-","0","0","0","0","0","0","0","0","0","0","0","0","0","0","0","0","0","0","0","0","0","0","0","0","0","0","0","0","0","0","0","0","0","0","0","0","0","0","0","0"
"0x78a85776ea90","@!P0  FMUL R13, R47, R22","0","0","0","0","0","0","0","0","32","0","-","-","-","0","0","0","0","0","0","0","0","0","-","0","0","0","0","0","0","0","0","0","0","0","0","0","0","0","0","0","0","0","0","0","0","0","0","0","0","0","0","0","0","0","0","0","0","0","0","0","0","0","0"
"0x78a85776eaa0","@!P1  FFMA R31, R0, R21, R5","0","0","0","0","0","0","0","0","32","0","-","-","-","0","0","0","0","0","0","0","0","0","-","0","0","0","0","0","0","0","0","0","0","0","0","0","0","0","0","0","0","0","0","0","0","0","0","0","0","0","0","0","0","0","0","0","0","0","0","0","0","0","0"
"0x78a85776eab0","@!P3  FFMA R56, R4, R21, R7","0","0","0","0","0","0","0","0","32","0","-","-","-","0","0","0","0","0","0","0","0","0","-","0","0","0","0","0","0","0","0","0","0","0","0","0","0","0","0","0","0","0","0","0","0","0","0","0","0","0","0","0","0","0","0","0","0","0","0","0","0","0","0"
"0x78a85776eac0","@!P4  FFMA R63, R6, R21, R9","0","0","0","0","0","0","0","0","32","0","-","-","-","0","0","0","0","0","0","0","0","0","-","0","0","0","0","0","0","0","0","0","0","0","0","0","0","0","0","0","0","0","0","0","0","0","0","0","0","0","0","0","0","0","0","0","0","0","0","0","0","0","0"
"0x78a85776ead0","@!P0  FFMA R47, R8, R21, R13","0","0","0","0","0","0","0","0","32","0","-","-","-","0","0","0","0","0","0","0","0","0","-","0","0","0","0","0","0","0","0","0","0","0","0","0","0","0","0","0","0","0","0","0","0","0","0","0","0","0","0","0","0","0","0","0","0","0","0","0","0","0","0"
"0x78a85776eae0","@P2   BRA 0x78a85776ebd0","2","1","2","7056","225792","0","32","0","32","0","-","-","-","0","0","0","0","0","0","0","0","0","-","0","0","0","0","0","0","0","1","0","0","0","0","0","0","0","0","1","0","0","0","0","0","0","0","1","0","0","0","0","0","0","0","0","0","0","0","0","0","0","0"
"0x78a85776eaf0","      ISETP.GE.AND P0, PT, R25, UR7, PT","2","0","2","7056","225792","225792","32","32","0","0","-","-","-","0","0","0","0","0","0","0","0","0","-","0","0","0","0","0","0","0","0","0","0","0","0","0","0","0","0","0","1","0","0","0","0","1","0","0","0","0","0","0","0","0","0","0","0","0","0","0","0","0","0"
"0x78a85776eb00","      FMUL R3, R60, R22","0","0","0","7056","225792","225792","32","32","0","0","-","-","-","0","0","0","0","0","0","0","0","0","-","0","0","0","0","0","0","0","0","0","0","0","0","0","0","0","0","0","0","0","0","0","0","0","0","0","0","0","0","0","0","0","0","0","0","0","0","0","0","0","0"
"0x78a85776eb10","      FMUL R5, R42, R22","0","0","0","7056","225792","225792","32","32","0","0","-","-","-","0","0","0","0","0","0","0","0","0","-","0","0","0","0","0","0","0","0","0","0","0","0","0","0","0","0","0","0","0","0","0","0","0","0","0","0","0","0","0","0","0","0","0","0","0","0","0","0","0","0"
"0x78a85776eb20","      FMUL R7, R62, R22","0","0","0","7056","225792","225792","32","32","0","0","-","-","-","0","0","0","0","0","0","0","0","0","-","0","0","0","0","0","0","0","0","0","0","0","0","0","0","0","0","0","0","0","0","0","0","0","0","0","0","0","0","0","0","0","0","0","0","0","0","0","0","0","0"
"0x78a85776eb30","      ISETP.GE.AND P1, PT, R16, UR6, PT","2","0","2","7056","225792","225792","32","32","0","0","-","-","-","0","0","0","0","0","0","0","0","0","-","0","0","0","0","0","0","0","0","0","0","0","0","0","0","0","0","0","0","2","0","0","0","0","0","0","0","0","0","0","0","0","0","0","0","0","0","0","0","0","0"
"0x78a85776eb40","      ISETP.GE.AND P2, PT, R34, UR6, PT","0","0","0","7056","225792","225792","32","32","0","0","-","-","-","0","0","0","0","0","0","0","0","0","-","0","0","0","0","0","0","0","0","0","0","0","0","0","0","0","0","0","0","0","0","0","0","0","0","0","0","0","0","0","0","0","0","0","0","0","0","0","0","0","0"
"0x78a85776eb50","      ISETP.GE.AND P3, PT, R33, UR6, PT","0","0","0","7056","225792","225792","32","32","0","0","-","-","-","0","0","0","0","0","0","0","0","0","-","0","0","0","0","0","0","0","0","0","0","0","0","0","0","0","0","0","0","0","0","0","0","0","0","0","0","0","0","0","0","0","0","0","0","0","0","0","0","0","0"
"0x78a85776eb60","      ISETP.GE.AND P4, PT, R32, UR6, PT","2","0","2","7056","225792","225792","32","32","0","0","-","-","-","0","0","0","0","0","0","0","0","0","-","0","0","0","0","0","0","0","0","0","0","0","0","0","0","0","0","0","0","2","0","0","0","0","0","0","0","0","0","0","0","0","0","0","0","0","0","0","0","0","0"
"0x78a85776eb70","      FMUL R22, R69, R22","0","0","0","7056","225792","225792","32","32","0","0","-","-","-","0","0","0","0","0","0","0","0","0","-","0","0","0","0","0","0","0","0","0","0","0","0","0","0","0","0","0","0","0","0","0","0","0","0","0","0","0","0","0","0","0","0","0","0","0","0","0","0","0","0"
"0x78a85776eb80","@!P0  FSEL R60, R3, R60, !P1","2","0","2","7056","225792","223104","32","31","1","0","-","-","-","0","0","0","0","0","0","0","0","0","-","0","0","0","0","0","0","0","0","1","0","0","0","0","0","0","0","0","0","0","0","0","0","1","0","0","0","0","0","0","0","0","0","0","0","0","0","0","0","0","0"
"0x78a85776eb90","@!P0  FSEL R42, R5, R42, !P2","0","0","0","7056","225792","223104","32","31","1","0","-","-","-","0","0","0","0","0","0","0","0","0","-","0","0","0","0","0","0","0","0","0","0","0","0","0","0","0","0","0","0","0","0","0","0","0","0","0","0","0","0","0","0","0","0","0","0","0","0","0","0","0","0"
"0x78a85776eba0","@!P0  FSEL R62, R7, R62, !P3","0","0","0","7056","225792","223104","32","31","1","0","-","-","-","0","0","0","0","0","0","0","0","0","-","0","0","0","0","0","0","0","0","0","0","0","0","0","0","0","0","0","0","0","0","0","0","0","0","0","0","0","0","0","0","0","0","0","0","0","0","0","0","0","0"
"0x78a85776ebb0","@!P0  FSEL R69, R22, R69, !P4","0","0","0","7056","225792","223104","32","31","1","0","-","-","-","0","0","0","0","0","0","0","0","0","-","0","0","0","0","0","0","0","0","0","0","0","0","0","0","0","0","0","0","0","0","0","0","0","0","0","0","0","0","0","0","0","0","0","0","0","0","0","0","0","0"
"0x78a85776ebc0","      BRA 0x78a85776ee50","0","0","0","7056","225792","225792","32","32","0","0","-","-","-","0","0","0","0","0","0","0","0","0","-","0","0","0","0","0","0","0","0","0","0","0","0","0","0","0","0","0","0","0","0","0","0","0","0","0","0","0","0","0","0","0","0","0","0","0","0","0","0","0","0"
"0x78a85776ebd0","      ISETP.GE.AND P0, PT, R16, UR6, PT","2","1","2","0","0","0","0","0","32","0","-","-","-","0","0","0","0","0","0","0","0","0","-","0","0","0","0","0","0","0","0","0","0","0","0","0","0","0","0","0","0","0","0","0","0","2","0","0","0","0","0","0","0","0","0","0","0","0","0","0","0","0","1"
"0x78a85776ebe0","      ISETP.GE.AND P1, PT, R34, UR6, PT","0","0","0","0","0","0","0","0","32","0","-","-","-","0","0","0","0","0","0","0","0","0","-","0","0","0","0","0","0","0","0","0","0","0","0","0","0","0","0","0","0","0","0","0","0","0","0","0","0","0","0","0","0","0","0","0","0","0","0","0","0","0","0"
"0x78a85776ebf0","      ISETP.GE.AND P2, PT, R33, UR6, PT","0","0","0","0","0","0","0","0","32","0","-","-","-","0","0","0","0","0","0","0","0","0","-","0","0","0","0","0","0","0","0","0","0","0","0","0","0","0","0","0","0","0","0","0","0","0","0","0","0","0","0","0","0","0","0","0","0","0","0","0","0","0","0"
"0x78a85776ec00","      ISETP.GE.AND P3, PT, R32, UR6, PT","0","0","0","0","0","0","0","0","32","0","-","-","-","0","0","0","0","0","0","0","0","0","-","0","0","0","0","0","0","0","0","0","0","0","0","0","0","0","0","0","0","0","0","0","0","0","0","0","0","0","0","0","0","0","0","0","0","0","0","0","0","0","0"
"0x78a85776ec10","      ISETP.GE.OR P0, PT, R25, UR7, P0","0","0","0","0","0","0","0","0","32","0","-","-","-","0","0","0","0","0","0","0","0","0","-","0","0","0","0","0","0","0","0","0","0","0","0","0","0","0","0","0","0","0","0","0","0","0","0","0","0","0","0","0","0","0","0","0","0","0","0","0","0","0","0"
"0x78a85776ec20","      ISETP.GE.OR P1, PT, R25, UR7, P1","0","0","0","0","0","0","0","0","32","0","-","-","-","0","0","0","0","0","0","0","0","0","-","0","0","0","0","0","0","0","0","0","0","0","0","0","0","0","0","0","0","0","0","0","0","0","0","0","0","0","0","0","0","0","0","0","0","0","0","0","0","0","0"
"0x78a85776ec30","      ISETP.GE.OR P2, PT, R25, UR7, P2","0","0","0","0","0","0","0","0","32","0","-","-","-","0","0","0","0","0","0","0","0","0","-","0","0","0","0","0","0","0","0","0","0","0","0","0","0","0","0","0","0","0","0","0","0","0","0","0","0","0","0","0","0","0","0","0","0","0","0","0","0","0","0"
"0x78a85776ec40","      ISETP.GE.OR P3, PT, R25, UR7, P3","0","0","0","0","0","0","0","0","32","0","-","-","-","0","0","0","0","0","0","0","0","0","-","0","0","0","0","0","0","0","0","0","0","0","0","0","0","0","0","0","0","0","0","0","0","0","0","0","0","0","0","0","0","0","0","0","0","0","0","0","0","0","0"
"0x78a85776ec50","@!P0  SHF.R.S32.HI R3, RZ, 0x1f, R16","0","0","0","0","0","0","0","0","32","0","-","-","-","0","0","0","0","0","0","0","0","0","-","0","0","0","0","0","0","0","0","0","0","0","0","0","0","0","0","0","0","0","0","0","0","0","0","0","0","0","0","0","0","0","0","0","0","0","0","0","0","0","0"
"0x78a85776ec60","@!P0  MOV R2, R16","0","0","0","0","0","0","0","0","32","0","-","-","-","0","0","0","0","0","0","0","0","0","-","0","0","0","0","0","0","0","0","0","0","0","0","0","0","0","0","0","0","0","0","0","0","0","0","0","0","0","0","0","0","0","0","0","0","0","0","0","0","0","0"
"0x78a85776ec70","@!P1  SHF.R.S32.HI R9, RZ, 0x1f, R34","0","0","0","0","0","0","0","0","32","0","-","-","-","0","0","0","0","0","0","0","0","0","-","0","0","0","0","0","0","0","0","0","0","0","0","0","0","0","0","0","0","0","0","0","0","0","0","0","0","0","0","0","0","0","0","0","0","0","0","0","0","0","0"
"0x78a85776ec80","@!P2  SHF.R.S32.HI R7, RZ, 0x1f, R33","0","0","0","0","0","0","0","0","32","0","-","-","-","0","0","0","0","0","0","0","0","0","-","0","0","0","0","0","0","0","0","0","0","0","0","0","0","0","0","0","0","0","0","0","0","0","0","0","0","0","0","0","0","0","0","0","0","0","0","0","0","0","0"
"0x78a85776ec90","@!P1  MOV R8, R34","0","0","0","0","0","0","0","0","32","0","-","-","-","0","0","0","0","0","0","0","0","0","-","0","0","0","0","0","0","0","0","0","0","0","0","0","0","0","0","0","0","0","0","0","0","0","0","0","0","0","0","0","0","0","0","0","0","0","0","0","0","0","0"
"0x78a85776eca0","@!P2  MOV R6, R33","0","0","0","0","0","0","0","0","32","0","-","-","-","0","0","0","0","0","0","0","0","0","-","0","0","0","0","0","0","0","0","0","0","0","0","0","0","0","0","0","0","0","0","0","0","0","0","0","0","0","0","0","0","0","0","0","0","0","0","0","0","0","0"
"0x78a85776ecb0","@!P3  SHF.R.S32.HI R5, RZ, 0x1f, R32","0","0","0","0","0","0","0","0","32","0","-","-","-","0","0","0","0","0","0","0","0","0","-","0","0","0","0","0","0","0","0","0","0","0","0","0","0","0","0","0","0","0","0","0","0","0","0","0","0","0","0","0","0","0","0","0","0","0","0","0","0","0","0"
"0x78a85776ecc0","@!P0  IADD.64 R2, R2, R10","0","0","0","0","0","0","0","0","32","0","-","-","-","0","0","0","0","0","0","0","0","0","-","0","0","0","0","0","0","0","0","0","0","0","0","0","0","0","0","0","0","0","0","0","0","0","0","0","0","0","0","0","0","0","0","0","0","0","0","0","0","0","0"
"0x78a85776ecd0","@!P3  MOV R4, R32","0","0","0","0","0","0","0","0","32","0","-","-","-","0","0","0","0","0","0","0","0","0","-","0","0","0","0","0","0","0","0","0","0","0","0","0","0","0","0","0","0","0","0","0","0","0","0","0","0","0","0","0","0","0","0","0","0","0","0","0","0","0","0"
"0x78a85776ece0","@!P1  IADD.64 R14, R8, R10","0","0","0","0","0","0","0","0","32","0","-","-","-","0","0","0","0","0","0","0","0","0","-","0","0","0","0","0","0","0","0","0","0","0","0","0","0","0","0","0","0","0","0","0","0","0","0","0","0","0","0","0","0","0","0","0","0","0","0","0","0","0","0"
"0x78a85776ecf0","@!P2  IADD.64 R12, R6, R10","0","0","0","0","0","0","0","0","32","0","-","-","-","0","0","0","0","0","0","0","0","0","-","0","0","0","0","0","0","0","0","0","0","0","0","0","0","0","0","0","0","0","0","0","0","0","0","0","0","0","0","0","0","0","0","0","0","0","0","0","0","0","0"
"0x78a85776ed00","@!P3  IADD.64 R10, R4, R10","0","0","0","0","0","0","0","0","32","0","-","-","-","0","0","0","0","0","0","0","0","0","-","0","0","0","0","0","0","0","0","0","0","0","0","0","0","0","0","0","0","0","0","0","0","0","0","0","0","0","0","0","0","0","0","0","0","0","0","0","0","0","0"
"0x78a85776ed10","@!P0  LEA R8, P4, R2, UR26, 0x2","0","0","0","0","0","0","0","0","32","0","-","-","-","0","0","0","0","0","0","0","0","0","-","0","0","0","0","0","0","0","0","0","0","0","0","0","0","0","0","0","0","0","0","0","0","0","0","0","0","0","0","0","0","0","0","0","0","0","0","0","0","0","0"
"0x78a85776ed20","@!P2  LEA R4, P5, R12, UR26, 0x2","0","0","0","0","0","0","0","0","32","0","-","-","-","0","0","0","0","0","0","0","0","0","-","0","0","0","0","0","0","0","0","0","0","0","0","0","0","0","0","0","0","0","0","0","0","0","0","0","0","0","0","0","0","0","0","0","0","0","0","0","0","0","0"
"0x78a85776ed30","@!P0  LEA.HI.X R9, R2, UR27, R3, 0x2, P4","0","0","0","0","0","0","0","0","32","0","-","-","-","0","0","0","0","0","0","0","0","0","-","0","0","0","0","0","0","0","0","0","0","0","0","0","0","0","0","0","0","0","0","0","0","0","0","0","0","0","0","0","0","0","0","0","0","0","0","0","0","0","0"
"0x78a85776ed40","@!P1  LEA R6, P4, R14, UR26, 0x2","0","0","0","0","0","0","0","0","32","0","-","-","-","0","0","0","0","0","0","0","0","0","-","0","0","0","0","0","0","0","0","0","0","0","0","0","0","0","0","0","0","0","0","0","0","0","0","0","0","0","0","0","0","0","0","0","0","0","0","0","0","0","0"
"0x78a85776ed50","@!P3  LEA R2, P6, R10, UR26, 0x2","0","0","0","0","0","0","0","0","32","0","-","-","-","0","0","0","0","0","0","0","0","0","-","0","0","0","0","0","0","0","0","0","0","0","0","0","0","0","0","0","0","0","0","0","0","0","0","0","0","0","0","0","0","0","0","0","0","0","0","0","0","0","0"
"0x78a85776ed60","@!P0  LD.E R8, desc[UR24][R8.64]","0","0","0","0","0","0","0","0","32","0","","","","0","0","0","0","0","0","0","0","0","","0","0","0","0","0","0","0","0","0","0","0","0","0","0","0","0","0","0","0","0","0","0","0","0","0","0","0","0","0","0","0","0","0","0","0","0","0","0","0","0"
"0x78a85776ed70","@!P1  LEA.HI.X R7, R14, UR27, R15, 0x2, P4","0","0","0","0","0","0","0","0","32","0","-","-","-","0","0","0","0","0","0","0","0","0","-","0","0","0","0","0","0","0","0","0","0","0","0","0","0","0","0","0","0","0","0","0","0","0","0","0","0","0","0","0","0","0","0","0","0","0","0","0","0","0","0"
"0x78a85776ed80","@!P2  LEA.HI.X R5, R12, UR27, R13, 0x2, P5","0","0","0","0","0","0","0","0","32","0","-","-","-","0","0","0","0","0","0","0","0","0","-","0","0","0","0","0","0","0","0","0","0","0","0","0","0","0","0","0","0","0","0","0","0","0","0","0","0","0","0","0","0","0","0","0","0","0","0","0","0","0","0"
"0x78a85776ed90","@!P3  LEA.HI.X R3, R10, UR27, R11, 0x2, P6","0","0","0","0","0","0","0","0","32","0","-","-","-","0","0","0","0","0","0","0","0","0","-","0","0","0","0","0","0","0","0","0","0","0","0","0","0","0","0","0","0","0","0","0","0","0","0","0","0","0","0","0","0","0","0","0","0","0","0","0","0","0","0"
"0x78a85776eda0","@!P1  LD.E R6, desc[UR24][R6.64]","0","0","0","0","0","0","0","0","32","0","","","","0","0","0","0","0","0","0","0","0","","0","0","0","0","0","0","0","0","0","0","0","0","0","0","0","0","0","0","0","0","0","0","0","0","0","0","0","0","0","0","0","0","0","0","0","0","0","0","0","0"
"0x78a85776edb0","@!P2  LD.E R4, desc[UR24][R4.64]","0","0","0","0","0","0","0","0","32","0","","","","0","0","0","0","0","0","0","0","0","","0","0","0","0","0","0","0","0","0","0","0","0","0","0","0","0","0","0","0","0","0","0","0","0","0","0","0","0","0","0","0","0","0","0","0","0","0","0","0","0"
"0x78a85776edc0","@!P3  LD.E R2, desc[UR24][R2.64]","0","0","0","0","0","0","0","0","32","0","","","","0","0","0","0","0","0","0","0","0","","0","0","0","0","0","0","0","0","0","0","0","0","0","0","0","0","0","0","0","0","0","0","0","0","0","0","0","0","0","0","0","0","0","0","0","0","0","0","0","0"
"0x78a85776edd0","@!P0  FMUL R11, R60, R22","0","0","0","0","0","0","0","0","32","0","-","-","-","0","0","0","0","0","0","0","0","0","-","0","0","0","0","0","0","0","0","0","0","0","0","0","0","0","0","0","0","0","0","0","0","0","0","0","0","0","0","0","0","0","0","0","0","0","0","0","0","0","0"
"0x78a85776ede0","@!P1  FMUL R13, R42, R22","0","0","0","0","0","0","0","0","32","0","-","-","-","0","0","0","0","0","0","0","0","0","-","0","0","0","0","0","0","0","0","0","0","0","0","0","0","0","0","0","0","0","0","0","0","0","0","0","0","0","0","0","0","0","0","0","0","0","0","0","0","0","0"
"0x78a85776edf0","@!P2  FMUL R15, R62, R22","0","0","0","0","0","0","0","0","32","0","-","-","-","0","0","0","0","0","0","0","0","0","-","0","0","0","0","0","0","0","0","0","0","0","0","0","0","0","0","0","0","0","0","0","0","0","0","0","0","0","0","0","0","0","0","0","0","0","0","0","0","0","0"
"0x78a85776ee00","@!P3  FMUL R23, R69, R22","0","0","0","0","0","0","0","0","32","0","-","-","-","0","0","0","0","0","0","0","0","0","-","0","0","0","0","0","0","0","0","0","0","0","0","0","0","0","0","0","0","0","0","0","0","0","0","0","0","0","0","0","0","0","0","0","0","0","0","0","0","0","0"
"0x78a85776ee10","@!P0  FFMA R60, R8, R21, R11","0","0","0","0","0","0","0","0","32","0","-","-","-","0","0","0","0","0","0","0","0","0","-","0","0","0","0","0","0","0","0","0","0","0","0","0","0","0","0","0","0","0","0","0","0","0","0","0","0","0","0","0","0","0","0","0","0","0","0","0","0","0","0"
"0x78a85776ee20","@!P1  FFMA R42, R6, R21, R13","0","0","0","0","0","0","0","0","32","0","-","-","-","0","0","0","0","0","0","0","0","0","-","0","0","0","0","0","0","0","0","0","0","0","0","0","0","0","0","0","0","0","0","0","0","0","0","0","0","0","0","0","0","0","0","0","0","0","0","0","0","0","0"
"0x78a85776ee30","@!P2  FFMA R62, R4, R21, R15","0","0","0","0","0","0","0","0","32","0","-","-","-","0","0","0","0","0","0","0","0","0","-","0","0","0","0","0","0","0","0","0","0","0","0","0","0","0","0","0","0","0","0","0","0","0","0","0","0","0","0","0","0","0","0","0","0","0","0","0","0","0","0"
"0x78a85776ee40","@!P3  FFMA R69, R2, R21, R23","0","0","0","0","0","0","0","0","32","0","-","-","-","0","0","0","0","0","0","0","0","0","-","0","0","0","0","0","0","0","0","0","0","0","0","0","0","0","0","0","0","0","0","0","0","0","0","0","0","0","0","0","0","0","0","0","0","0","0","0","0","0","0"
"0x78a85776ee50","      LDC R0, c[0x0][0x434]","5","1","5","7056","225792","225792","32","32","0","0","-","-","-","0","0","0","0","0","0","0","0","0","-","0","0","0","0","0","0","0","1","1","0","0","0","0","0","0","0","3","0","0","0","0","0","0","0","0","0","0","0","0","0","0","0","0","1","0","0","0","0","0","0"
"0x78a85776ee60","      LDCU UR5, c[0x0][0x408]","0","0","0","7056","225792","225792","32","32","0","0","-","-","-","0","0","0","0","0","0","0","0","0","-","0","0","0","0","0","0","0","0","0","0","0","0","0","0","0","0","0","0","0","0","0","0","0","0","0","0","0","0","0","0","0","0","0","0","0","0","0","0","0","0"
"0x78a85776ee70","      S2UR UR8, SR_CTAID.Z","2","0","2","7056","225792","225792","32","32","0","0","-","-","-","0","0","0","0","0","0","0","0","0","-","0","0","0","0","0","0","0","0","0","0","0","0","0","0","0","0","0","1","0","0","0","0","1","0","0","0","0","0","0","0","0","0","0","0","0","0","0","0","0","0"
"0x78a85776ee80","      USHF.R.S32.HI UR4, URZ, 0x1f, UR5","3","0","3","7056","225792","225792","32","32","0","0","-","-","-","0","0","0","0","0","0","0","0","0","-","0","0","0","0","0","0","0","0","1","0","0","0","0","0","0","0","0","1","0","1","0","0","0","0","0","0","0","0","0","0","0","0","0","0","0","0","0","0","0","0"
"0x78a85776ee90","      R2P PR, R0, 0x6","5","0","5","7056","225792","225792","32","32","0","0","-","-","-","0","0","0","0","0","0","0","0","0","-","0","0","0","0","0","0","0","0","1","0","0","0","0","0","0","0","0","1","0","3","0","0","0","0","0","0","0","0","0","0","0","0","0","0","0","0","0","0","0","0"
"0x78a85776eea0","      FSEL R0, RZ, +QNAN , P1","4","0","4","7056","225792","225792","32","32","0","0","-","-","-","0","0","0","0","0","0","0","0","0","-","0","0","0","0","0","0","0","0","0","0","0","0","0","0","0","0","0","2","2","0","0","0","0","0","0","0","0","0","0","0","0","0","0","0","0","0","0","0","0","0"
"0x78a85776eeb0","@P2   BRA 0x78a8577703b0","1","0","1","7056","225792","0","32","0","32","0","-","-","-","0","0","0","0","0","0","0","0","0","-","0","0","0","0","0","0","0","0","0","0","0","0","0","0","0","0","0","0","0","0","0","0","1","0","0","0","0","0","0","0","0","0","0","0","0","0","0","0","0","0"
"0x78a85776eec0","      ISETP.GE.AND P2, PT, R20, UR6, PT","2","1","2","7056","225792","225792","32","32","0","0","-","-","-","0","0","0","0","0","0","0","0","0","-","0","0","0","0","0","0","0","0","0","0","0","0","0","0","0","0","0","0","1","0","0","0","1","0","0","0","0","0","0","0","0","0","0","0","0","0","0","0","0","1"
"0x78a85776eed0","      ISETP.GE.AND P3, PT, R37, UR6, PT","1","0","1","7056","225792","225792","32","32","0","0","-","-","-","0","0","0","0","0","0","0","0","0","-","0","0","0","0","0","0","0","0","1","0","0","0","0","0","0","0","0","0","0","0","0","0","0","0","0","0","0","0","0","0","0","0","0","0","0","0","0","0","0","0"
"0x78a85776eee0","      IMAD.WIDE.U32 R4, R24, UR5, RZ","1","0","1","7056","225792","225792","32","32","0","0","-","-","-","0","0","0","0","0","0","0","0","0","-","0","0","0","0","0","0","0","0","0","0","0","0","1","0","0","0","0","0","0","0","0","0","0","0","0","0","0","0","0","0","0","0","0","0","0","0","0","0","0","0"
"0x78a85776eef0","      SHF.R.S32.HI R3, RZ, 0x1f, R18","0","0","0","7056","225792","225792","32","32","0","0","-","-","-","0","0","0","0","0","0","0","0","0","-","0","0","0","0","0","0","0","0","0","0","0","0","0","0","0","0","0","0","0","0","0","0","0","0","0","0","0","0","0","0","0","0","0","0","0","0","0","0","0","0"
"0x78a85776ef00","      BSSY.RECONVERGENT B0, 0x78a85776f240","0","0","0","7056","225792","225792","32","32","0","0","-","-","-","0","0","0","0","0","0","0","0","0","-","0","0","0","0","0","0","0","0","0","0","0","0","0","0","0","0","0","0","0","0","0","0","0","0","0","0","0","0","0","0","0","0","0","0","0","0","0","0","0","0"
"0x78a85776ef10","      ISETP.GE.OR P5, PT, R24, UR7, P2","0","0","0","7056","225792","225792","32","32","0","0","-","-","-","0","0","0","0","0","0","0","0","0","-","0","0","0","0","0","0","0","0","0","0","0","0","0","0","0","0","0","0","0","0","0","0","0","0","0","0","0","0","0","0","0","0","0","0","0","0","0","0","0","0"
"0x78a85776ef20","      ISETP.GE.OR P6, PT, R24, UR7, P3","0","0","0","7056","225792","225792","32","32","0","0","-","-","-","0","0","0","0","0","0","0","0","0","-","0","0","0","0","0","0","0","0","0","0","0","0","0","0","0","0","0","0","0","0","0","0","0","0","0","0","0","0","0","0","0","0","0","0","0","0","0","0","0","0"
"0x78a85776ef30","      IMAD R5, R24, UR4, R5","0","0","0","7056","225792","225792","32","32","0","0","-","-","-","0","0","0","0","0","0","0","0","0","-","0","0","0","0","0","0","0","0","0","0","0","0","0","0","0","0","0","0","0","0","0","0","0","0","0","0","0","0","0","0","0","0","0","0","0","0","0","0","0","0"
"0x78a85776ef40","      MOV R2, R18","0","0","0","7056","225792","225792","32","32","0","0","-","-","-","0","0","0","0","0","0","0","0","0","-","0","0","0","0","0","0","0","0","0","0","0","0","0","0","0","0","0","0","0","0","0","0","0","0","0","0","0","0","0","0","0","0","0","0","0","0","0","0","0","0"
"0x78a85776ef50","      ISETP.GE.AND P4, PT, R18, UR6, PT","1","0","1","7056","225792","225792","32","32","0","0","-","-","-","0","0","0","0","0","0","0","0","0","-","0","0","0","0","0","0","0","0","0","0","0","0","0","0","0","0","0","0","1","0","0","0","0","0","0","0","0","0","0","0","0","0","0","0","0","0","0","0","0","0"
"0x78a85776ef60","      IADD.64 R6, R2, R4","3","0","3","7056","225792","225792","32","32","0","0","-","-","-","0","0","0","0","0","0","0","0","0","-","0","0","0","0","0","0","0","0","0","0","0","0","1","0","0","0","0","0","1","0","0","0","1","0","0","0","0","0","0","0","0","0","0","0","0","0","0","0","0","0"
"0x78a85776ef70","@!P5  FSETP.GEU.AND P1, PT, R51, R0, PT","0","0","0","7056","225792","223104","32","31","1","0","-","-","-","0","0","0","0","0","0","0","0","0","-","0","0","0","0","0","0","0","0","0","0","0","0","0","0","0","0","0","0","0","0","0","0","0","0","0","0","0","0","0","0","0","0","0","0","0","0","0","0","0","0"
"0x78a85776ef80","@!P5  FADD R51, RZ, R51","0","0","0","7056","225792","223104","32","31","1","0","-","-","-","0","0","0","0","0","0","0","0","0","-","0","0","0","0","0","0","0","0","0","0","0","0","0","0","0","0","0","0","0","0","0","0","0","0","0","0","0","0","0","0","0","0","0","0","0","0","0","0","0","0"
"0x78a85776ef90","@!P6  FSETP.GEU.AND P0, PT, R57, R0, PT","0","0","0","7056","225792","223104","32","31","1","0","-","-","-","0","0","0","0","0","0","0","0","0","-","0","0","0","0","0","0","0","0","0","0","0","0","0","0","0","0","0","0","0","0","0","0","0","0","0","0","0","0","0","0","0","0","0","0","0","0","0","0","0","0"
"0x78a85776efa0","@!P6  FADD R57, RZ, R57","0","0","0","7056","225792","223104","32","31","1","0","-","-","-","0","0","0","0","0","0","0","0","0","-","0","0","0","0","0","0","0","0","0","0","0","0","0","0","0","0","0","0","0","0","0","0","0","0","0","0","0","0","0","0","0","0","0","0","0","0","0","0","0","0"
"0x78a85776efb0","@!P5  FSEL R51, R0, R51, !P1","1","0","1","7056","225792","223104","32","31","1","0","-","-","-","0","0","0","0","0","0","0","0","0","-","0","0","0","0","0","0","0","0","0","0","0","0","0","0","0","0","0","1","0","0","0","0","0","0","0","0","0","0","0","0","0","0","0","0","0","0","0","0","0","0"
"0x78a85776efc0","      LEA R8, P1, R6, UR28, 0x2","3","0","3","7056","225792","225792","32","32","0","0","-","-","-","0","0","0","0","0","0","0","0","0","-","0","0","0","0","0","0","0","0","0","0","0","0","0","0","0","0","0","1","2","0","0","0","0","0","0","0","0","0","0","0","0","0","0","0","0","0","0","0","0","0"
"0x78a85776efd0","@!P6  FSEL R57, R0, R57, !P0","0","0","0","7056","225792","223104","32","31","1","0","-","-","-","0","0","0","0","0","0","0","0","0","-","0","0","0","0","0","0","0","0","0","0","0","0","0","0","0","0","0","0","0","0","0","0","0","0","0","0","0","0","0","0","0","0","0","0","0","0","0","0","0","0"
"0x78a85776efe0","      ISETP.GE.AND P0, PT, R35, UR6, PT","0","0","0","7056","225792","225792","32","32","0","0","-","-","-","0","0","0","0","0","0","0","0","0","-","0","0","0","0","0","0","0","0","0","0","0","0","0","0","0","0","0","0","0","0","0","0","0","0","0","0","0","0","0","0","0","0","0","0","0","0","0","0","0","0"
"0x78a85776eff0","      LEA.HI.X R9, R6, UR29, R7, 0x2, P1","1","0","1","7056","225792","225792","32","32","0","0","-","-","-","0","0","0","0","0","0","0","0","0","-","0","0","0","0","0","0","0","0","0","0","0","0","0","0","0","0","0","1","0","0","0","0","0","0","0","0","0","0","0","0","0","0","0","0","0","0","0","0","0","0"
"0x78a85776f000","      IMAD.WIDE.U32 R6, R27, UR5, RZ","0","0","0","7056","225792","225792","32","32","0","0","-","-","-","0","0","0","0","0","0","0","0","0","-","0","0","0","0","0","0","0","0","0","0","0","0","0","0","0","0","0","0","0","0","0","0","0","0","0","0","0","0","0","0","0","0","0","0","0","0","0","0","0","0"
"0x78a85776f010","      ISETP.LT.AND P1, PT, R24, UR7, !P4","0","0","0","7056","225792","225792","32","32","0","0","-","-","-","0","0","0","0","0","0","0","0","0","-","0","0","0","0","0","0","0","0","0","0","0","0","0","0","0","0","0","0","0","0","0","0","0","0","0","0","0","0","0","0","0","0","0","0","0","0","0","0","0","0"
"0x78a85776f020","      ISETP.LT.AND P4, PT, R27, UR7, !P4","0","0","0","7056","225792","225792","32","32","0","0","-","-","-","0","0","0","0","0","0","0","0","0","-","0","0","0","0","0","0","0","0","0","0","0","0","0","0","0","0","0","0","0","0","0","0","0","0","0","0","0","0","0","0","0","0","0","0","0","0","0","0","0","0"
"0x78a85776f030","@!P5  ST.E desc[UR24][R8.64+0x4], R51","3","0","3","7056","225792","223104","32","31","1","0","Global","Store","32","27888","0","0","0","0","83664","111552","27888","0","","0","0","0","0","0","0","0","0","0","0","0","0","0","0","0","0","0","2","1","0","0","0","0","0","0","0","0","0","0","0","0","0","0","0","0","0","0","0","0","0"
"0x78a85776f040","      ISETP.GE.OR P5, PT, R24, UR7, P0","0","0","0","7056","225792","225792","32","32","0","0","-","-","-","0","0","0","0","0","0","0","0","0","-","0","0","0","0","0","0","0","0","0","0","0","0","0","0","0","0","0","0","0","0","0","0","0","0","0","0","0","0","0","0","0","0","0","0","0","0","0","0","0","0"
"0x78a85776f050","      IMAD R7, R27, UR4, R7","4","0","4","7056","225792","225792","32","32","0","0","-","-","-","0","0","0","0","0","0","0","0","0","-","0","0","0","0","0","0","0","0","1","0","0","0","2","0","0","0","0","1","0","0","0","0","0","0","0","0","0","0","0","0","0","0","0","0","0","0","0","0","0","0"
"0x78a85776f060","@!P6  ST.E desc[UR24][R8.64+0x8], R57","3","1","3","7056","225792","223104","32","31","1","0","Global","Store","32","27888","0","0","0","0","83664","111552","27888","0","","0","0","0","0","0","0","0","0","0","0","0","0","0","0","0","0","0","2","0","0","0","0","1","0","0","0","0","0","0","0","0","0","0","0","0","0","0","0","0","1"
"0x78a85776f070","      IADD.64 R12, R2, R6","2","0","2","7056","225792","225792","32","32","0","0","-","-","-","0","0","0","0","0","0","0","0","0","-","0","0","0","0","0","0","0","0","0","0","0","0","1","0","0","0","0","1","0","0","0","0","0","0","0","0","0","0","0","0","0","0","0","0","0","0","0","0","0","0"
"0x78a85776f080","@P1   FSETP.GEU.AND P6, PT, R28, R0, PT","0","0","0","7056","225792","223104","32","31","1","0","-","-","-","0","0","0","0","0","0","0","0","0","-","0","0","0","0","0","0","0","0","0","0","0","0","0","0","0","0","0","0","0","0","0","0","0","0","0","0","0","0","0","0","0","0","0","0","0","0","0","0","0","0"
"0x78a85776f090","@P1   FADD R11, RZ, R28","0","0","0","7056","225792","223104","32","31","1","0","-","-","-","0","0","0","0","0","0","0","0","0","-","0","0","0","0","0","0","0","0","0","0","0","0","0","0","0","0","0","0","0","0","0","0","0","0","0","0","0","0","0","0","0","0","0","0","0","0","0","0","0","0"
"0x78a85776f0a0","      LOP3.LUT R28, R28, 0xfffffffd, RZ, 0xc0, !PT","0","0","0","7056","225792","225792","32","32","0","0","-","-","-","0","0","0","0","0","0","0","0","0","-","0","0","0","0","0","0","0","0","0","0","0","0","0","0","0","0","0","0","0","0","0","0","0","0","0","0","0","0","0","0","0","0","0","0","0","0","0","0","0","0"
"0x78a85776f0b0","@P1   FSEL R15, R0, R11, !P6","0","0","0","7056","225792","223104","32","31","1","0","-","-","-","0","0","0","0","0","0","0","0","0","-","0","0","0","0","0","0","0","0","0","0","0","0","0","0","0","0","0","0","0","0","0","0","0","0","0","0","0","0","0","0","0","0","0","0","0","0","0","0","0","0"
"0x78a85776f0c0","@!P5  FSETP.GEU.AND P6, PT, R45, R0, PT","0","0","0","7056","225792","223104","32","31","1","0","-","-","-","0","0","0","0","0","0","0","0","0","-","0","0","0","0","0","0","0","0","0","0","0","0","0","0","0","0","0","0","0","0","0","0","0","0","0","0","0","0","0","0","0","0","0","0","0","0","0","0","0","0"
"0x78a85776f0d0","@!P5  FADD R45, RZ, R45","0","0","0","7056","225792","223104","32","31","1","0","-","-","-","0","0","0","0","0","0","0","0","0","-","0","0","0","0","0","0","0","0","0","0","0","0","0","0","0","0","0","0","0","0","0","0","0","0","0","0","0","0","0","0","0","0","0","0","0","0","0","0","0","0"
"0x78a85776f0e0","@P1   ST.E desc[UR24][R8.64], R15","2","0","2","7056","225792","223104","32","31","1","0","Global","Store","32","27888","0","0","0","0","83664","111552","27888","0","","0","0","0","0","0","0","0","0","0","0","0","0","0","0","0","0","0","2","0","0","0","0","0","0","0","0","0","0","0","0","0","0","0","0","0","0","0","0","0","0"
"0x78a85776f0f0","      ISETP.GE.AND P1, PT, R16, UR6, PT","0","0","0","7056","225792","225792","32","32","0","0","-","-","-","0","0","0","0","0","0","0","0","0","-","0","0","0","0","0","0","0","0","0","0","0","0","0","0","0","0","0","0","0","0","0","0","0","0","0","0","0","0","0","0","0","0","0","0","0","0","0","0","0","0"
"0x78a85776f100","@!P5  FSEL R45, R0, R45, !P6","0","0","0","7056","225792","223104","32","31","1","0","-","-","-","0","0","0","0","0","0","0","0","0","-","0","0","0","0","0","0","0","0","0","0","0","0","0","0","0","0","0","0","0","0","0","0","0","0","0","0","0","0","0","0","0","0","0","0","0","0","0","0","0","0"
"0x78a85776f110","      LEA R10, P6, R12, UR28, 0x2","2","0","2","7056","225792","225792","32","32","0","0","-","-","-","0","0","0","0","0","0","0","0","0","-","0","0","0","0","0","0","0","0","0","0","0","0","2","0","0","0","0","0","0","0","0","0","0","0","0","0","0","0","0","0","0","0","0","0","0","0","0","0","0","0"
"0x78a85776f120","      ISETP.LT.AND P1, PT, R24, UR7, !P1","1","0","1","7056","225792","225792","32","32","0","0","-","-","-","0","0","0","0","0","0","0","0","0","-","0","0","0","0","0","0","0","0","0","0","0","0","0","0","0","0","0","0","1","0","0","0","0","0","0","0","0","0","0","0","0","0","0","0","0","0","0","0","0","0"
"0x78a85776f130","      LEA.HI.X R11, R12, UR29, R13, 0x2, P6","1","0","1","7056","225792","225792","32","32","0","0","-","-","-","0","0","0","0","0","0","0","0","0","-","0","0","0","0","0","0","0","0","0","0","0","0","0","0","0","0","0","1","0","0","0","0","0","0","0","0","0","0","0","0","0","0","0","0","0","0","0","0","0","0"
"0x78a85776f140","@!P5  ST.E desc[UR24][R8.64+0xc], R45","0","0","0","7056","225792","223104","32","31","1","0","Global","Store","32","27888","0","0","0","0","83664","111552","27888","0","","0","0","0","0","0","0","0","0","0","0","0","0","0","0","0","0","0","0","0","0","0","0","0","0","0","0","0","0","0","0","0","0","0","0","0","0","0","0","0","0"
"0x78a85776f150","      ISETP.GE.AND P6, PT, R34, UR6, PT","0","0","0","7056","225792","225792","32","32","0","0","-","-","-","0","0","0","0","0","0","0","0","0","-","0","0","0","0","0","0","0","0","0","0","0","0","0","0","0","0","0","0","0","0","0","0","0","0","0","0","0","0","0","0","0","0","0","0","0","0","0","0","0","0"
"0x78a85776f160","@P4   FSETP.GEU.AND P5, PT, R29, R0, PT","1","0","1","7056","225792","223104","32","31","1","0","-","-","-","0","0","0","0","0","0","0","0","0","-","0","0","0","0","0","0","0","0","0","0","0","0","0","0","0","0","0","0","1","0","0","0","0","0","0","0","0","0","0","0","0","0","0","0","0","0","0","0","0","0"
"0x78a85776f170","@P4   FADD R29, RZ, R29","1","0","1","7056","225792","223104","32","31","1","0","-","-","-","0","0","0","0","0","0","0","0","0","-","0","0","0","0","0","0","0","0","0","0","0","0","0","0","0","0","0","0","1","0","0","0","0","0","0","0","0","0","0","0","0","0","0","0","0","0","0","0","0","0"
"0x78a85776f180","@P6   LOP3.LUT R28, R28, 0x2, RZ, 0xfc, !PT","3","0","3","7056","225792","5376","32","0","32","0","-","-","-","0","0","0","0","0","0","0","0","0","-","0","0","0","0","0","0","0","0","1","0","0","0","0","0","0","0","0","0","0","0","0","0","2","0","0","0","0","0","0","0","0","0","0","0","0","0","0","0","0","0"
"0x78a85776f190","@!P1  BRA 0x78a85776f230","1","0","1","7056","225792","8000","32","1","31","0","-","-","-","0","0","0","0","0","0","0","0","0","-","0","0","0","0","0","0","0","0","0","0","0","1","0","0","0","0","0","0","0","0","0","0","0","0","0","0","0","0","0","0","0","0","0","0","0","0","0","0","0","0"
"0x78a85776f1a0","      SHF.R.S32.HI R13, RZ, 0x1f, R16","1","0","1","6806","217792","217792","32","32","0","0","-","-","-","0","0","0","0","0","0","0","0","0","-","0","0","0","0","0","0","0","0","0","0","0","0","0","0","0","0","0","1","0","0","0","0","0","0","0","0","0","0","0","0","0","0","0","0","0","0","0","0","0","0"
"0x78a85776f1b0","      MOV R12, R16","0","0","0","6806","217792","217792","32","32","0","0","-","-","-","0","0","0","0","0","0","0","0","0","-","0","0","0","0","0","0","0","0","0","0","0","0","0","0","0","0","0","0","0","0","0","0","0","0","0","0","0","0","0","0","0","0","0","0","0","0","0","0","0","0"
"0x78a85776f1c0","      IADD.64 R12, R12, R4","4","1","4","6806","217792","217792","32","32","0","0","-","-","-","0","0","0","0","0","0","0","0","0","-","0","0","0","0","0","0","0","0","1","0","0","0","1","0","0","0","0","1","0","0","0","0","1","0","0","0","0","0","0","0","0","0","0","0","0","0","0","0","0","1"
"0x78a85776f1d0","      LEA R8, P1, R12, UR28, 0x2","0","0","0","6806","217792","217792","32","32","0","0","-","-","-","0","0","0","0","0","0","0","0","0","-","0","0","0","0","0","0","0","0","0","0","0","0","0","0","0","0","0","0","0","0","0","0","0","0","0","0","0","0","0","0","0","0","0","0","0","0","0","0","0","0"
"0x78a85776f1e0","      LEA.HI.X R9, R12, UR29, R13, 0x2, P1","3","1","3","6806","217792","217792","32","32","0","0","-","-","-","0","0","0","0","0","0","0","0","0","-","0","0","0","0","0","0","0","0","0","0","0","0","0","0","0","0","0","0","2","0","0","0","1","0","0","0","0","0","0","0","0","0","0","0","0","0","0","0","0","1"
"0x78a85776f1f0","      FADD R13, RZ, R48","0","0","0","6806","217792","217792","32","32","0","0","-","-","-","0","0","0","0","0","0","0","0","0","-","0","0","0","0","0","0","0","0","0","0","0","0","0","0","0","0","0","0","0","0","0","0","0","0","0","0","0","0","0","0","0","0","0","0","0","0","0","0","0","0"
"0x78a85776f200","      FSETP.GEU.AND P1, PT, R48, R0, PT","0","0","0","6806","217792","217792","32","32","0","0","-","-","-","0","0","0","0","0","0","0","0","0","-","0","0","0","0","0","0","0","0","0","0","0","0","0","0","0","0","0","0","0","0","0","0","0","0","0","0","0","0","0","0","0","0","0","0","0","0","0","0","0","0"
"0x78a85776f210","      FSEL R13, R0, R13, !P1","4","2","4","6806","217792","217792","32","32","0","0","-","-","-","0","0","0","0","0","0","0","0","0","-","0","0","0","0","0","0","0","0","0","0","0","0","0","0","0","0","0","1","0","0","0","0","3","0","0","0","0","0","0","0","0","0","0","0","0","0","0","0","0","2"
"0x78a85776f220","      ST.E desc[UR24][R8.64], R13","5","1","5","6806","217792","217792","32","32","0","0","Global","Store","32","27224","0","0","0","0","81672","108896","27224","0","","0","0","0","0","0","0","0","0","0","0","0","0","0","0","1","0","0","1","0","0","0","0","3","0","0","0","0","0","0","0","0","1","0","0","0","0","0","0","0","0"
"0x78a85776f230","      BSYNC.RECONVERGENT B0","2","0","2","7056","225792","225792","32","32","0","0","-","-","-","0","0","0","0","0","0","0","0","0","-","0","0","0","0","0","0","0","0","0","0","0","0","0","0","0","0","0","0","1","0","0","0","1","0","0","0","0","0","0","0","0","0","0","0","0","0","0","0","0","0"
"0x78a85776f240","@P4   FSEL R29, R0, R29, !P5","2","1","2","7056","225792","223104","32","31","1","0","-","-","-","0","0","0","0","0","0","0","0","0","-","0","0","0","0","0","0","0","1","0","0","0","0","0","0","0","0","0","0","0","0","0","0","1","0","0","0","0","0","0","0","0","0","0","0","0","0","0","0","0","1"
"0x78a85776f250","      ISETP.GE.OR P5, PT, R24, UR7, P6","0","0","0","7056","225792","225792","32","32","0","0","-","-","-","0","0","0","0","0","0","0","0","0","-","0","0","0","0","0","0","0","0","0","0","0","0","0","0","0","0","0","0","0","0","0","0","0","0","0","0","0","0","0","0","0","0","0","0","0","0","0","0","0","0"
"0x78a85776f260","      BSSY.RECONVERGENT B0, 0x78a85776f330","0","0","0","7056","225792","225792","32","32","0","0","-","-","-","0","0","0","0","0","0","0","0","0","-","0","0","0","0","0","0","0","0","0","0","0","0","0","0","0","0","0","0","0","0","0","0","0","0","0","0","0","0","0","0","0","0","0","0","0","0","0","0","0","0"
"0x78a85776f270","      ISETP.GE.AND P1, PT, R33, UR6, PT","1","0","1","7056","225792","225792","32","32","0","0","-","-","-","0","0","0","0","0","0","0","0","0","-","0","0","0","0","0","0","0","0","0","0","0","0","0","0","0","0","0","0","1","0","0","0","0","0","0","0","0","0","0","0","0","0","0","0","0","0","0","0","0","0"
"0x78a85776f280","@P5   BRA 0x78a85776f320","3","0","3","7056","225792","8000","32","1","31","0","-","-","-","0","0","0","0","0","0","0","0","0","-","0","0","0","0","0","0","0","0","0","0","0","0","0","0","0","0","0","0","1","0","0","0","2","0","0","0","0","0","0","0","0","0","0","0","0","0","0","0","0","0"
"0x78a85776f290","      SHF.R.S32.HI R9, RZ, 0x1f, R34","6","4","6","6806","217792","217792","32","32","0","0","-","-","-","0","0","0","0","0","0","0","0","0","-","0","0","0","0","0","0","0","0","0","0","0","3","0","0","0","0","0","1","0","0","0","0","2","0","0","0","0","0","3","0","0","0","0","0","0","0","0","0","0","1"
"0x78a85776f2a0","      MOV R8, R34","1","0","1","6806","217792","217792","32","32","0","0","-","-","-","0","0","0","0","0","0","0","0","0","-","0","0","0","0","0","0","0","0","0","0","0","0","0","0","0","0","0","0","1","0","0","0","0","0","0","0","0","0","0","0","0","0","0","0","0","0","0","0","0","0"
"0x78a85776f2b0","      IADD.64 R12, R8, R4","2","0","2","6806","217792","217792","32","32","0","0","-","-","-","0","0","0","0","0","0","0","0","0","-","0","0","0","0","0","0","0","0","1","0","0","0","1","0","0","0","0","0","0","0","0","0","0","0","0","0","0","0","0","0","0","0","0","0","0","0","0","0","0","0"
"0x78a85776f2c0","      LEA R8, P5, R12, UR28, 0x2","1","1","1","6806","217792","217792","32","32","0","0","-","-","-","0","0","0","0","0","0","0","0","0","-","0","0","0","0","0","0","0","0","0","0","0","0","0","0","0","0","0","0","0","0","0","0","1","0","0","0","0","0","0","0","0","0","0","0","0","0","0","0","0","1"
"0x78a85776f2d0","      LEA.HI.X R9, R12, UR29, R13, 0x2, P5","1","0","1","6806","217792","217792","32","32","0","0","-","-","-","0","0","0","0","0","0","0","0","0","-","0","0","0","0","0","0","0","0","0","0","0","0","0","0","0","0","0","0","0","0","0","0","1","0","0","0","0","0","0","0","0","0","0","0","0","0","0","0","0","0"
"0x78a85776f2e0","      FSETP.GEU.AND P5, PT, R61, R0, PT","1","0","1","6806","217792","217792","32","32","0","0","-","-","-","0","0","0","0","0","0","0","0","0","-","0","0","0","0","0","0","0","0","0","0","0","0","0","0","0","0","0","0","1","0","0","0","0","0","0","0","0","0","0","0","0","0","0","0","0","0","0","0","0","0"
"0x78a85776f2f0","      FADD R61, RZ, R61","0","0","0","6806","217792","217792","32","32","0","0","-","-","-","0","0","0","0","0","0","0","0","0","-","0","0","0","0","0","0","0","0","0","0","0","0","0","0","0","0","0","0","0","0","0","0","0","0","0","0","0","0","0","0","0","0","0","0","0","0","0","0","0","0"
"0x78a85776f300","      FSEL R61, R0, R61, !P5","0","0","0","6806","217792","217792","32","32","0","0","-","-","-","0","0","0","0","0","0","0","0","0","-","0","0","0","0","0","0","0","0","0","0","0","0","0","0","0","0","0","0","0","0","0","0","0","0","0","0","0","0","0","0","0","0","0","0","0","0","0","0","0","0"
"0x78a85776f310","      ST.E desc[UR24][R8.64], R61","2","0","2","6806","217792","217792","32","32","0","0","Global","Store","32","27224","0","0","0","0","81672","108896","27224","0","","0","0","0","0","0","0","0","0","0","0","0","0","0","0","0","0","0","1","0","0","0","0","1","0","0","0","0","0","0","0","0","0","0","0","0","0","0","0","0","0"
"0x78a85776f320","      BSYNC.RECONVERGENT B0","0","0","0","7056","225792","225792","32","32","0","0","-","-","-","0","0","0","0","0","0","0","0","0","-","0","0","0","0","0","0","0","0","0","0","0","0","0","0","0","0","0","0","0","0","0","0","0","0","0","0","0","0","0","0","0","0","0","0","0","0","0","0","0","0"
"0x78a85776f330","      ISETP.GE.OR P5, PT, R24, UR7, P1","1","0","1","7056","225792","225792","32","32","0","0","-","-","-","0","0","0","0","0","0","0","0","0","-","0","0","0","0","0","0","0","0","0","0","0","0","0","0","0","0","0","1","0","0","0","0","0","0","0","0","0","0","0","0","0","0","0","0","0","0","0","0","0","0"
"0x78a85776f340","      BSSY.RECONVERGENT B0, 0x78a85776f400","0","0","0","7056","225792","225792","32","32","0","0","-","-","-","0","0","0","0","0","0","0","0","0","-","0","0","0","0","0","0","0","0","0","0","0","0","0","0","0","0","0","0","0","0","0","0","0","0","0","0","0","0","0","0","0","0","0","0","0","0","0","0","0","0"
"0x78a85776f350","@P5   BRA 0x78a85776f3f0","3","2","3","7056","225792","8000","32","1","31","0","-","-","-","0","0","0","0","0","0","0","0","0","-","0","0","0","0","0","0","0","0","0","0","0","0","0","0","0","0","0","0","0","0","0","0","3","0","0","0","0","0","0","0","0","0","0","0","0","0","0","0","0","2"
"0x78a85776f360","      SHF.R.S32.HI R9, RZ, 0x1f, R33","2","1","2","6806","217792","217792","32","32","0","0","-","-","-","0","0","0","0","0","0","0","0","0","-","0","0","0","0","0","0","0","0","0","0","0","1","0","0","0","0","0","0","0","0","0","0","1","0","0","0","0","0","0","0","0","0","0","0","0","0","0","0","0","1"
"0x78a85776f370","      MOV R8, R33","0","0","0","6806","217792","217792","32","32","0","0","-","-","-","0","0","0","0","0","0","0","0","0","-","0","0","0","0","0","0","0","0","0","0","0","0","0","0","0","0","0","0","0","0","0","0","0","0","0","0","0","0","0","0","0","0","0","0","0","0","0","0","0","0"
"0x78a85776f380","      IADD.64 R12, R8, R4","1","0","1","6806","217792","217792","32","32","0","0","-","-","-","0","0","0","0","0","0","0","0","0","-","0","0","0","0","0","0","0","0","0","0","0","0","0","0","0","0","0","0","1","0","0","0","0","0","0","0","0","0","0","0","0","0","0","0","0","0","0","0","0","0"
"0x78a85776f390","      LEA R8, P5, R12, UR28, 0x2","3","1","3","6806","217792","217792","32","32","0","0","-","-","-","0","0","0","0","0","0","0","0","0","-","0","0","0","0","0","0","0","0","1","0","0","0","0","0","0","0","0","1","0","0","0","0","1","0","0","0","0","0","0","0","0","0","0","0","0","0","0","0","0","1"
"0x78a85776f3a0","      LEA.HI.X R9, R12, UR29, R13, 0x2, P5","0","0","0","6806","217792","217792","32","32","0","0","-","-","-","0","0","0","0","0","0","0","0","0","-","0","0","0","0","0","0","0","0","0","0","0","0","0","0","0","0","0","0","0","0","0","0","0","0","0","0","0","0","0","0","0","0","0","0","0","0","0","0","0","0"
"0x78a85776f3b0","      FSETP.GEU.AND P5, PT, R41, R0, PT","0","0","0","6806","217792","217792","32","32","0","0","-","-","-","0","0","0","0","0","0","0","0","0","-","0","0","0","0","0","0","0","0","0","0","0","0","0","0","0","0","0","0","0","0","0","0","0","0","0","0","0","0","0","0","0","0","0","0","0","0","0","0","0","0"
"0x78a85776f3c0","      FADD R41, RZ, R41","1","0","1","6806","217792","217792","32","32","0","0","-","-","-","0","0","0","0","0","0","0","0","0","-","0","0","0","0","0","0","0","0","0","0","0","0","0","0","0","0","0","0","1","0","0","0","0","0","0","0","0","0","0","0","0","0","0","0","0","0","0","0","0","0"
"0x78a85776f3d0","      FSEL R41, R0, R41, !P5","2","0","2","6806","217792","217792","32","32","0","0","-","-","-","0","0","0","0","0","0","0","0","0","-","0","0","0","0","0","0","0","0","0","0","0","0","0","0","0","0","0","2","0","0","0","0","0","0","0","0","0","0","0","0","0","0","0","0","0","0","0","0","0","0"
"0x78a85776f3e0","      ST.E desc[UR24][R8.64], R41","2","1","2","6806","217792","217792","32","32","0","0","Global","Store","32","27224","0","0","0","0","81672","108896","27224","0","","0","0","0","0","0","0","0","0","0","0","0","0","0","0","1","0","0","1","0","0","0","0","0","0","0","0","0","0","0","0","0","1","0","0","0","0","0","0","0","0"
"0x78a85776f3f0","      BSYNC.RECONVERGENT B0","0","0","0","7056","225792","225792","32","32","0","0","-","-","-","0","0","0","0","0","0","0","0","0","-","0","0","0","0","0","0","0","0","0","0","0","0","0","0","0","0","0","0","0","0","0","0","0","0","0","0","0","0","0","0","0","0","0","0","0","0","0","0","0","0"
"0x78a85776f400","      ISETP.GE.AND P5, PT, R32, UR6, PT","1","0","1","7056","225792","225792","32","32","0","0","-","-","-","0","0","0","0","0","0","0","0","0","-","0","0","0","0","0","0","0","1","0","0","0","0","0","0","0","0","0","0","0","0","0","0","0","0","0","0","0","0","0","0","0","0","0","0","0","0","0","0","0","0"
"0x78a85776f410","      LOP3.LUT R28, R28, 0xffffffdf, RZ, 0xc0, !PT","0","0","0","7056","225792","225792","32","32","0","0","-","-","-","0","0","0","0","0","0","0","0","0","-","0","0","0","0","0","0","0","0","0","0","0","0","0","0","0","0","0","0","0","0","0","0","0","0","0","0","0","0","0","0","0","0","0","0","0","0","0","0","0","0"
"0x78a85776f420","      BSSY.RECONVERGENT B0, 0x78a85776f500","0","0","0","7056","225792","225792","32","32","0","0","-","-","-","0","0","0","0","0","0","0","0","0","-","0","0","0","0","0","0","0","0","0","0","0","0","0","0","0","0","0","0","0","0","0","0","0","0","0","0","0","0","0","0","0","0","0","0","0","0","0","0","0","0"
"0x78a85776f430","@P5   LOP3.LUT R28, R28, 0x20, RZ, 0xfc, !PT","1","1","1","7056","225792","5376","32","0","32","0","-","-","-","0","0","0","0","0","0","0","0","0","-","0","0","0","0","0","0","0","0","0","0","0","0","0","0","0","0","0","0","0","0","0","0","1","0","0","0","0","0","0","0","0","0","0","0","0","0","0","0","0","1"
"0x78a85776f440","      ISETP.GE.OR P5, PT, R24, UR7, P5","0","0","0","7056","225792","225792","32","32","0","0","-","-","-","0","0","0","0","0","0","0","0","0","-","0","0","0","0","0","0","0","0","0","0","0","0","0","0","0","0","0","0","0","0","0","0","0","0","0","0","0","0","0","0","0","0","0","0","0","0","0","0","0","0"
"0x78a85776f450","@P5   BRA 0x78a85776f4f0","3","1","3","7056","225792","8000","32","1","31","0","-","-","-","0","0","0","0","0","0","0","0","0","-","0","0","0","0","0","0","0","0","1","0","0","0","0","0","0","0","0","1","0","0","0","0","1","0","0","0","0","0","0","0","0","0","0","0","0","0","0","0","0","1"
"0x78a85776f460","      SHF.R.S32.HI R9, RZ, 0x1f, R32","1","0","1","6806","217792","217792","32","32","0","0","-","-","-","0","0","0","0","0","0","0","0","0","-","0","0","0","0","0","0","0","0","0","0","0","1","0","0","0","0","0","0","0","0","0","0","0","0","0","0","0","0","0","0","0","0","0","0","0","0","0","0","0","0"
"0x78a85776f470","      MOV R8, R32","2","0","2","6806","217792","217792","32","32","0","0","-","-","-","0","0","0","0","0","0","0","0","0","-","0","0","0","0","0","0","0","0","0","0","0","0","0","0","0","0","0","0","2","0","0","0","0","0","0","0","0","0","0","0","0","0","0","0","0","0","0","0","0","0"
"0x78a85776f480","      IADD.64 R8, R8, R4","0","0","0","6806","217792","217792","32","32","0","0","-","-","-","0","0","0","0","0","0","0","0","0","-","0","0","0","0","0","0","0","0","0","0","0","0","0","0","0","0","0","0","0","0","0","0","0","0","0","0","0","0","0","0","0","0","0","0","0","0","0","0","0","0"
"0x78a85776f490","      LEA R4, P5, R8, UR28, 0x2","1","0","1","6806","217792","217792","32","32","0","0","-","-","-","0","0","0","0","0","0","0","0","0","-","0","0","0","0","0","0","0","0","0","0","0","0","0","0","0","0","0","1","0","0","0","0","0","0","0","0","0","0","0","0","0","0","0","0","0","0","0","0","0","0"
"0x78a85776f4a0","      LEA.HI.X R5, R8, UR29, R9, 0x2, P5","2","1","2","6806","217792","217792","32","32","0","0","-","-","-","0","0","0","0","0","0","0","0","0","-","0","0","0","0","0","0","0","0","0","0","0","0","0","0","0","0","0","1","0","0","0","0","1","0","0","0","0","0","0","0","0","0","0","0","0","0","0","0","0","1"
"0x78a85776f4b0","      FADD R9, RZ, R66","0","0","0","6806","217792","217792","32","32","0","0","-","-","-","0","0","0","0","0","0","0","0","0","-","0","0","0","0","0","0","0","0","0","0","0","0","0","0","0","0","0","0","0","0","0","0","0","0","0","0","0","0","0","0","0","0","0","0","0","0","0","0","0","0"
"0x78a85776f4c0","      FSETP.GEU.AND P5, PT, R66, R0, PT","0","0","0","6806","217792","217792","32","32","0","0","-","-","-","0","0","0","0","0","0","0","0","0","-","0","0","0","0","0","0","0","0","0","0","0","0","0","0","0","0","0","0","0","0","0","0","0","0","0","0","0","0","0","0","0","0","0","0","0","0","0","0","0","0"
"0x78a85776f4d0","      FSEL R9, R0, R9, !P5","1","0","1","6806","217792","217792","32","32","0","0","-","-","-","0","0","0","0","0","0","0","0","0","-","0","0","0","0","0","0","0","0","0","0","0","0","0","0","0","0","0","1","0","0","0","0","0","0","0","0","0","0","0","0","0","0","0","0","0","0","0","0","0","0"
"0x78a85776f4e0","      ST.E desc[UR24][R4.64], R9","3","0","3","6806","217792","217792","32","32","0","0","Global","Store","32","27224","0","0","0","0","81672","108896","27224","0","","0","0","0","0","0","0","0","0","1","0","0","0","0","0","0","0","0","1","0","0","0","0","1","0","0","0","0","0","0","0","0","0","0","0","0","0","0","0","0","0"
"0x78a85776f4f0","      BSYNC.RECONVERGENT B0","1","0","1","7056","225792","225792","32","32","0","0","-","-","-","0","0","0","0","0","0","0","0","0","-","0","0","0","0","0","0","0","0","0","0","0","0","0","0","0","0","0","0","0","0","0","0","1","0","0","0","0","0","0","0","0","0","0","0","0","0","0","0","0","0"
"0x78a85776f500","      ISETP.GE.OR P5, PT, R27, UR7, P2","1","1","1","7056","225792","225792","32","32","0","0","-","-","-","0","0","0","0","0","0","0","0","0","-","0","0","0","0","0","0","0","1","0","0","0","0","0","0","0","0","0","0","0","0","0","0","0","0","1","0","0","0","0","0","0","0","0","0","0","0","0","0","0","0"
"0x78a85776f510","@P4   ST.E desc[UR24][R10.64], R29","0","0","0","7056","225792","223104","32","31","1","0","Global","Store","32","27888","0","0","0","0","83664","111552","27888","0","","0","0","0","0","0","0","0","0","0","0","0","0","0","0","0","0","0","0","0","0","0","0","0","0","0","0","0","0","0","0","0","0","0","0","0","0","0","0","0","0"
"0x78a85776f520","      ISETP.GE.OR P4, PT, R27, UR7, P0","0","0","0","7056","225792","225792","32","32","0","0","-","-","-","0","0","0","0","0","0","0","0","0","-","0","0","0","0","0","0","0","0","0","0","0","0","0","0","0","0","0","0","0","0","0","0","0","0","0","0","0","0","0","0","0","0","0","0","0","0","0","0","0","0"
"0x78a85776f530","      P2R R4, PR, RZ, 0x2","3","3","3","7056","225792","225792","32","32","0","0","-","-","-","0","0","0","0","0","0","0","0","0","-","0","0","0","0","0","0","0","0","0","0","0","3","0","0","0","0","0","0","0","0","0","0","0","0","0","0","0","0","3","0","0","0","0","0","0","0","0","0","0","0"
"0x78a85776f540","      IMAD.WIDE.U32 R8, R25, UR5, RZ","0","0","0","7056","225792","225792","32","32","0","0","-","-","-","0","0","0","0","0","0","0","0","0","-","0","0","0","0","0","0","0","0","0","0","0","0","0","0","0","0","0","0","0","0","0","0","0","0","0","0","0","0","0","0","0","0","0","0","0","0","0","0","0","0"
"0x78a85776f550","      LOP3.LUT R28, R28, 0xffffffef, RZ, 0xc0, !PT","0","0","0","7056","225792","225792","32","32","0","0","-","-","-","0","0","0","0","0","0","0","0","0","-","0","0","0","0","0","0","0","0","0","0","0","0","0","0","0","0","0","0","0","0","0","0","0","0","0","0","0","0","0","0","0","0","0","0","0","0","0","0","0","0"
"0x78a85776f560","      BSSY.RECONVERGENT B0, 0x78a85776f7c0","1","0","1","7056","225792","225792","32","32","0","0","-","-","-","0","0","0","0","0","0","0","0","0","-","0","0","0","0","0","0","0","0","0","0","0","0","0","0","0","0","0","0","1","0","0","0","0","0","0","0","0","0","0","0","0","0","0","0","0","0","0","0","0","0"
"0x78a85776f570","      IMAD R9, R25, UR4, R9","1","0","1","7056","225792","225792","32","32","0","0","-","-","-","0","0","0","0","0","0","0","0","0","-","0","0","0","0","0","0","0","0","0","0","0","0","1","0","0","0","0","0","0","0","0","0","0","0","0","0","0","0","0","0","0","0","0","0","0","0","0","0","0","0"
"0x78a85776f580","@!P5  FADD R5, RZ, R52","4","1","4","7056","225792","223104","32","31","1","0","-","-","-","0","0","0","0","0","0","0","0","0","-","0","0","0","0","0","0","0","0","0","0","0","0","0","0","0","0","0","0","1","0","0","0","3","0","0","0","0","0","0","0","0","0","0","0","0","0","0","0","0","1"
"0x78a85776f590","@!P5  FSETP.GEU.AND P6, PT, R52, R0, PT","0","0","0","7056","225792","223104","32","31","1","0","-","-","-","0","0","0","0","0","0","0","0","0","-","0","0","0","0","0","0","0","0","0","0","0","0","0","0","0","0","0","0","0","0","0","0","0","0","0","0","0","0","0","0","0","0","0","0","0","0","0","0","0","0"
"0x78a85776f5a0","@!P5  FSEL R13, R0, R5, !P6","0","0","0","7056","225792","223104","32","31","1","0","-","-","-","0","0","0","0","0","0","0","0","0","-","0","0","0","0","0","0","0","0","0","0","0","0","0","0","0","0","0","0","0","0","0","0","0","0","0","0","0","0","0","0","0","0","0","0","0","0","0","0","0","0"
"0x78a85776f5b0","      ISETP.GE.OR P6, PT, R27, UR7, P3","0","0","0","7056","225792","225792","32","32","0","0","-","-","-","0","0","0","0","0","0","0","0","0","-","0","0","0","0","0","0","0","0","0","0","0","0","0","0","0","0","0","0","0","0","0","0","0","0","0","0","0","0","0","0","0","0","0","0","0","0","0","0","0","0"
"0x78a85776f5c0","@!P5  ST.E desc[UR24][R10.64+0x4], R13","0","0","0","7056","225792","223104","32","31","1","0","Global","Store","32","27888","0","0","0","0","83664","111552","27888","0","","0","0","0","0","0","0","0","0","0","0","0","0","0","0","0","0","0","0","0","0","0","0","0","0","0","0","0","0","0","0","0","0","0","0","0","0","0","0","0","0"
"0x78a85776f5d0","@!P4  FSETP.GEU.AND P5, PT, R46, R0, PT","1","0","1","7056","225792","223104","32","31","1","0","-","-","-","0","0","0","0","0","0","0","0","0","-","0","0","0","0","0","0","0","0","0","0","0","0","0","0","0","0","0","0","1","0","0","0","0","0","0","0","0","0","0","0","0","0","0","0","0","0","0","0","0","0"
"0x78a85776f5e0","@!P6  FADD R5, RZ, R58","5","0","5","7056","225792","223104","32","31","1","0","-","-","-","0","0","0","0","0","0","0","0","0","-","0","0","0","0","0","0","0","0","1","0","0","0","0","0","0","0","0","3","0","0","0","0","1","0","0","0","0","0","0","0","0","0","0","0","0","0","0","0","0","0"
"0x78a85776f5f0","@!P6  FSETP.GEU.AND P1, PT, R58, R0, PT","0","0","0","7056","225792","223104","32","31","1","0","-","-","-","0","0","0","0","0","0","0","0","0","-","0","0","0","0","0","0","0","0","0","0","0","0","0","0","0","0","0","0","0","0","0","0","0","0","0","0","0","0","0","0","0","0","0","0","0","0","0","0","0","0"
"0x78a85776f600","@!P6  FSEL R15, R0, R5, !P1","2","1","2","7056","225792","223104","32","31","1","0","-","-","-","0","0","0","0","0","0","0","0","0","-","0","0","0","0","0","0","0","0","0","0","0","0","0","0","0","0","0","1","0","0","0","0","1","0","0","0","0","0","0","0","0","0","0","0","0","0","0","0","0","1"
"0x78a85776f610","@!P4  FADD R5, RZ, R46","1","0","1","7056","225792","223104","32","31","1","0","-","-","-","0","0","0","0","0","0","0","0","0","-","0","0","0","0","0","0","0","0","1","0","0","0","0","0","0","0","0","0","0","0","0","0","0","0","0","0","0","0","0","0","0","0","0","0","0","0","0","0","0","0"
"0x78a85776f620","      ISETP.NE.AND P1, PT, R4, RZ, PT","0","0","0","7056","225792","225792","32","32","0","0","-","-","-","0","0","0","0","0","0","0","0","0","-","0","0","0","0","0","0","0","0","0","0","0","0","0","0","0","0","0","0","0","0","0","0","0","0","0","0","0","0","0","0","0","0","0","0","0","0","0","0","0","0"
"0x78a85776f630","@!P6  ST.E desc[UR24][R10.64+0x8], R15","1","1","1","7056","225792","223104","32","31","1","0","Global","Store","32","27888","0","0","0","0","83664","111552","27888","0","","0","0","0","0","0","0","0","0","0","0","0","0","0","0","0","0","0","0","0","0","0","0","1","0","0","0","0","0","0","0","0","0","0","0","0","0","0","0","0","1"
"0x78a85776f640","@!P4  FSEL R21, R0, R5, !P5","0","0","0","7056","225792","223104","32","31","1","0","-","-","-","0","0","0","0","0","0","0","0","0","-","0","0","0","0","0","0","0","0","0","0","0","0","0","0","0","0","0","0","0","0","0","0","0","0","0","0","0","0","0","0","0","0","0","0","0","0","0","0","0","0"
"0x78a85776f650","      IMAD.WIDE.U32 R4, R26, UR5, RZ","1","0","1","7056","225792","225792","32","32","0","0","-","-","-","0","0","0","0","0","0","0","0","0","-","0","0","0","0","0","0","0","0","0","0","0","0","1","0","0","0","0","0","0","0","0","0","0","0","0","0","0","0","0","0","0","0","0","0","0","0","0","0","0","0"
"0x78a85776f660","      ISETP.GE.AND P6, PT, R16, UR6, PT","0","0","0","7056","225792","225792","32","32","0","0","-","-","-","0","0","0","0","0","0","0","0","0","-","0","0","0","0","0","0","0","0","0","0","0","0","0","0","0","0","0","0","0","0","0","0","0","0","0","0","0","0","0","0","0","0","0","0","0","0","0","0","0","0"
"0x78a85776f670","      IMAD R5, R26, UR4, R5","0","0","0","7056","225792","225792","32","32","0","0","-","-","-","0","0","0","0","0","0","0","0","0","-","0","0","0","0","0","0","0","0","0","0","0","0","0","0","0","0","0","0","0","0","0","0","0","0","0","0","0","0","0","0","0","0","0","0","0","0","0","0","0","0"
"0x78a85776f680","@!P4  ST.E desc[UR24][R10.64+0xc], R21","2","1","2","7056","225792","223104","32","31","1","0","Global","Store","32","27888","0","0","0","0","83664","111552","27888","0","","0","0","0","0","0","0","0","0","0","0","0","0","0","0","1","0","0","0","1","0","0","0","0","0","0","0","0","0","0","0","0","1","0","0","0","0","0","0","0","0"
"0x78a85776f690","      IADD.64 R12, R2, R4","1","0","1","7056","225792","225792","32","32","0","0","-","-","-","0","0","0","0","0","0","0","0","0","-","0","0","0","0","0","0","0","0","0","0","0","0","0","0","0","0","0","0","0","0","0","0","1","0","0","0","0","0","0","0","0","0","0","0","0","0","0","0","0","0"
"0x78a85776f6a0","      IADD.64 R14, R2, R8","4","3","4","7056","225792","225792","32","32","0","0","-","-","-","0","0","0","0","0","0","0","0","0","-","0","0","0","0","0","0","0","0","0","0","0","4","0","0","0","0","0","0","0","0","0","0","0","0","0","0","0","0","3","0","0","0","0","0","0","0","0","0","0","0"
"0x78a85776f6b0","      LEA R2, P4, R12, UR28, 0x2","2","0","2","7056","225792","225792","32","32","0","0","-","-","-","0","0","0","0","0","0","0","0","0","-","0","0","0","0","0","0","0","0","0","0","0","0","0","0","0","0","0","1","1","0","0","0","0","0","0","0","0","0","0","0","0","0","0","0","0","0","0","0","0","0"
"0x78a85776f6c0","@P6   LOP3.LUT R28, R28, 0x10, RZ, 0xfc, !PT","2","0","2","7056","225792","5376","32","0","32","0","-","-","-","0","0","0","0","0","0","0","0","0","-","0","0","0","0","0","0","0","0","1","0","0","0","0","0","0","0","0","0","0","0","0","0","1","0","0","0","0","0","0","0","0","0","0","0","0","0","0","0","0","0"
"0x78a85776f6d0","      LEA.HI.X R3, R12, UR29, R13, 0x2, P4","2","0","2","7056","225792","225792","32","32","0","0","-","-","-","0","0","0","0","0","0","0","0","0","-","0","0","0","0","0","0","0","0","0","0","0","0","0","0","0","0","0","2","0","0","0","0","0","0","0","0","0","0","0","0","0","0","0","0","0","0","0","0","0","0"
"0x78a85776f6e0","      LEA R12, P4, R14, UR28, 0x2","0","0","0","7056","225792","225792","32","32","0","0","-","-","-","0","0","0","0","0","0","0","0","0","-","0","0","0","0","0","0","0","0","0","0","0","0","0","0","0","0","0","0","0","0","0","0","0","0","0","0","0","0","0","0","0","0","0","0","0","0","0","0","0","0"
"0x78a85776f6f0","      LEA.HI.X R13, R14, UR29, R15, 0x2, P4","0","0","0","7056","225792","225792","32","32","0","0","-","-","-","0","0","0","0","0","0","0","0","0","-","0","0","0","0","0","0","0","0","0","0","0","0","0","0","0","0","0","0","0","0","0","0","0","0","0","0","0","0","0","0","0","0","0","0","0","0","0","0","0","0"
"0x78a85776f700","      ISETP.GE.OR P4, PT, R27, UR7, P6","1","0","1","7056","225792","225792","32","32","0","0","-","-","-","0","0","0","0","0","0","0","0","0","-","0","0","0","0","0","0","0","0","0","0","0","0","0","0","0","0","0","0","1","0","0","0","0","0","0","0","0","0","0","0","0","0","0","0","0","0","0","0","0","0"
"0x78a85776f710","@P4   BRA 0x78a85776f7b0","7","3","7","7056","225792","8000","32","1","31","0","-","-","-","0","0","0","0","0","0","0","0","0","-","0","0","0","0","0","0","0","0","0","0","0","3","0","0","0","0","0","1","1","0","0","0","2","0","0","0","0","0","2","0","0","0","0","0","0","0","0","0","0","1"
"0x78a85776f720","      SHF.R.S32.HI R15, RZ, 0x1f, R16","3","1","3","6806","217792","217792","32","32","0","0","-","-","-","0","0","0","0","0","0","0","0","0","-","0","0","0","0","0","0","0","0","0","0","0","0","0","0","0","0","0","0","0","0","0","0","3","0","0","0","0","0","0","0","0","0","0","0","0","0","0","0","0","1"
"0x78a85776f730","      MOV R14, R16","0","0","0","6806","217792","217792","32","32","0","0","-","-","-","0","0","0","0","0","0","0","0","0","-","0","0","0","0","0","0","0","0","0","0","0","0","0","0","0","0","0","0","0","0","0","0","0","0","0","0","0","0","0","0","0","0","0","0","0","0","0","0","0","0"
"0x78a85776f740","      IADD.64 R14, R14, R6","3","0","3","6806","217792","217792","32","32","0","0","-","-","-","0","0","0","0","0","0","0","0","0","-","0","0","0","0","0","0","0","0","0","0","0","0","2","0","0","0","0","1","0","0","0","0","0","0","0","0","0","0","0","0","0","0","0","0","0","0","0","0","0","0"
"0x78a85776f750","      LEA R10, P4, R14, UR28, 0x2","6","2","6","6806","217792","217792","32","32","0","0","-","-","-","0","0","0","0","0","0","0","0","0","-","0","0","0","0","0","0","0","0","0","0","0","0","0","0","0","0","0","2","0","0","0","0","4","0","0","0","0","0","0","0","0","0","0","0","0","0","0","0","0","2"
"0x78a85776f760","      LEA.HI.X R11, R14, UR29, R15, 0x2, P4","1","0","1","6806","217792","217792","32","32","0","0","-","-","-","0","0","0","0","0","0","0","0","0","-","0","0","0","0","0","0","0","0","0","0","0","0","0","0","0","0","0","1","0","0","0","0","0","0","0","0","0","0","0","0","0","0","0","0","0","0","0","0","0","0"
"0x78a85776f770","      FADD R15, RZ, R49","0","0","0","6806","217792","217792","32","32","0","0","-","-","-","0","0","0","0","0","0","0","0","0","-","0","0","0","0","0","0","0","0","0","0","0","0","0","0","0","0","0","0","0","0","0","0","0","0","0","0","0","0","0","0","0","0","0","0","0","0","0","0","0","0"
"0x78a85776f780","      FSETP.GEU.AND P4, PT, R49, R0, PT","0","0","0","6806","217792","217792","32","32","0","0","-","-","-","0","0","0","0","0","0","0","0","0","-","0","0","0","0","0","0","0","0","0","0","0","0","0","0","0","0","0","0","0","0","0","0","0","0","0","0","0","0","0","0","0","0","0","0","0","0","0","0","0","0"
"0x78a85776f790","      FSEL R15, R0, R15, !P4","1","0","1","6806","217792","217792","32","32","0","0","-","-","-","0","0","0","0","0","0","0","0","0","-","0","0","0","0","0","0","0","0","1","0","0","0","0","0","0","0","0","0","0","0","0","0","0","0","0","0","0","0","0","0","0","0","0","0","0","0","0","0","0","0"
"0x78a85776f7a0","      ST.E desc[UR24][R10.64], R15","7","4","7","6806","217792","217792","32","32","0","0","Global","Store","32","27224","0","0","0","0","81672","108896","27224","0","","0","0","0","0","0","0","0","0","0","0","0","0","0","0","3","0","0","2","0","0","0","0","2","0","0","0","0","0","0","0","0","3","0","0","0","0","0","0","0","1"
"0x78a85776f7b0","      BSYNC.RECONVERGENT B0","2","1","2","7056","225792","225792","32","32","0","0","-","-","-","0","0","0","0","0","0","0","0","0","-","0","0","0","0","0","0","0","0","0","0","0","0","0","0","0","0","0","0","1","0","0","0","1","0","0","0","0","0","0","0","0","0","0","0","0","0","0","0","0","1"
"0x78a85776f7c0","      LOP3.LUT P4, RZ, R28, 0x2, RZ, 0xc0, !PT","2","1","2","7056","225792","225792","32","32","0","0","-","-","-","0","0","0","0","0","0","0","0","0","-","0","0","0","0","0","0","0","2","0","0","0","0","0","0","0","0","0","0","0","0","0","0","0","0","1","0","0","0","0","0","0","0","0","0","0","0","0","0","0","0"
"0x78a85776f7d0","      BSSY.RECONVERGENT B0, 0x78a85776f890","1","0","1","7056","225792","225792","32","32","0","0","-","-","-","0","0","0","0","0","0","0","0","0","-","0","0","0","0","0","0","0","0","1","0","0","0","0","0","0","0","0","0","0","0","0","0","0","0","0","0","0","0","0","0","0","0","0","0","0","0","0","0","0","0"
"0x78a85776f7e0","      ISETP.GE.OR P4, PT, R27, UR7, P4","2","2","2","7056","225792","225792","32","32","0","0","-","-","-","0","0","0","0","0","0","0","0","0","-","0","0","0","0","0","0","0","0","0","0","0","0","0","0","0","0","0","0","0","0","0","0","2","0","0","0","0","0","0","0","0","0","0","0","0","0","0","0","0","2"
"0x78a85776f7f0","@P4   BRA 0x78a85776f880","4","0","4","7056","225792","8000","32","1","31","0","-","-","-","0","0","0","0","0","0","0","0","0","-","0","0","0","0","0","0","0","0","1","0","0","0","0","0","0","0","0","3","0","0","0","0","0","0","0","0","0","0","0","0","0","0","0","0","0","0","0","0","0","0"
"0x78a85776f800","      SHF.R.S32.HI R35, RZ, 0x1f, R34","1","0","1","6806","217792","217792","32","32","0","0","-","-","-","0","0","0","0","0","0","0","0","0","-","0","0","0","0","0","0","0","0","0","0","0","0","0","0","0","0","0","1","0","0","0","0","0","0","0","0","0","0","0","0","0","0","0","0","0","0","0","0","0","0"
"0x78a85776f810","      IADD.64 R14, R34, R6","5","4","5","6806","217792","217792","32","32","0","0","-","-","-","0","0","0","0","0","0","0","0","0","-","0","0","0","0","0","0","0","0","0","0","0","4","0","0","0","0","0","1","0","0","0","0","0","0","0","0","0","0","4","0","0","0","0","0","0","0","0","0","0","0"
"0x78a85776f820","      LEA R10, P4, R14, UR28, 0x2","4","3","4","6806","217792","217792","32","32","0","0","-","-","-","0","0","0","0","0","0","0","0","0","-","0","0","0","0","0","0","0","0","0","0","0","0","0","0","0","0","0","0","0","0","0","0","4","0","0","0","0","0","0","0","0","0","0","0","0","0","0","0","0","3"
"0x78a85776f830","      LEA.HI.X R11, R14, UR29, R15, 0x2, P4","2","0","2","6806","217792","217792","32","32","0","0","-","-","-","0","0","0","0","0","0","0","0","0","-","0","0","0","0","0","0","0","0","0","0","0","0","0","0","0","0","0","1","0","0","0","0","1","0","0","0","0","0","0","0","0","0","0","0","0","0","0","0","0","0"
"0x78a85776f840","      FADD R15, RZ, R39","0","0","0","6806","217792","217792","32","32","0","0","-","-","-","0","0","0","0","0","0","0","0","0","-","0","0","0","0","0","0","0","0","0","0","0","0","0","0","0","0","0","0","0","0","0","0","0","0","0","0","0","0","0","0","0","0","0","0","0","0","0","0","0","0"
"0x78a85776f850","      FSETP.GEU.AND P4, PT, R39, R0, PT","2","0","2","6806","217792","217792","32","32","0","0","-","-","-","0","0","0","0","0","0","0","0","0","-","0","0","0","0","0","0","0","0","0","0","0","0","0","0","0","0","0","0","2","0","0","0","0","0","0","0","0","0","0","0","0","0","0","0","0","0","0","0","0","0"
"0x78a85776f860","      FSEL R15, R0, R15, !P4","3","0","3","6806","217792","217792","32","32","0","0","-","-","-","0","0","0","0","0","0","0","0","0","-","0","0","0","0","0","0","0","0","0","0","0","0","0","0","0","0","0","2","0","0","0","0","1","0","0","0","0","0","0","0","0","0","0","0","0","0","0","0","0","0"
"0x78a85776f870","      ST.E desc[UR24][R10.64], R15","4","2","4","6806","217792","217792","32","32","0","0","Global","Store","32","27224","0","0","0","0","81672","108896","27224","0","","0","0","0","0","0","0","0","0","0","0","1","0","0","0","1","0","0","0","2","0","0","0","0","0","0","0","0","1","0","0","0","1","0","0","0","0","0","0","0","0"
"0x78a85776f880","      BSYNC.RECONVERGENT B0","1","0","1","7056","225792","225792","32","32","0","0","-","-","-","0","0","0","0","0","0","0","0","0","-","0","0","0","0","0","0","0","0","0","0","0","0","0","0","0","0","0","1","0","0","0","0","0","0","0","0","0","0","0","0","0","0","0","0","0","0","0","0","0","0"
"0x78a85776f890","      ISETP.GE.OR P4, PT, R27, UR7, P1","5","2","5","7056","225792","225792","32","32","0","0","-","-","-","0","0","0","0","0","0","0","0","0","-","0","0","0","0","0","0","0","1","0","0","0","0","0","0","0","0","0","2","0","0","0","0","2","0","1","0","0","0","0","0","0","0","0","0","0","0","0","0","0","1"
"0x78a85776f8a0","      BSSY.RECONVERGENT B0, 0x78a85776f960","0","0","0","7056","225792","225792","32","32","0","0","-","-","-","0","0","0","0","0","0","0","0","0","-","0","0","0","0","0","0","0","0","0","0","0","0","0","0","0","0","0","0","0","0","0","0","0","0","0","0","0","0","0","0","0","0","0","0","0","0","0","0","0","0"
"0x78a85776f8b0","@P4   BRA 0x78a85776f950","5","1","5","7056","225792","8000","32","1","31","0","-","-","-","0","0","0","0","0","0","0","0","0","-","0","0","0","0","0","0","0","0","0","0","0","0","0","0","0","0","0","1","0","0","0","0","4","0","0","0","0","0","0","0","0","0","0","0","0","0","0","0","0","1"
"0x78a85776f8c0","      SHF.R.S32.HI R11, RZ, 0x1f, R33","12","10","12","6806","217792","217792","32","32","0","0","-","-","-","0","0","0","0","0","0","0","0","0","-","0","0","0","0","0","0","0","0","0","0","0","11","0","0","0","0","0","0","1","0","0","0","0","0","0","0","0","0","10","0","0","0","0","0","0","0","0","0","0","0"
"0x78a85776f8d0","      MOV R10, R33","1","0","1","6806","217792","217792","32","32","0","0","-","-","-","0","0","0","0","0","0","0","0","0","-","0","0","0","0","0","0","0","0","1","0","0","0","0","0","0","0","0","0","0","0","0","0","0","0","0","0","0","0","0","0","0","0","0","0","0","0","0","0","0","0"
"0x78a85776f8e0","      IADD.64 R14, R10, R6","5","0","5","6806","217792","217792","32","32","0","0","-","-","-","0","0","0","0","0","0","0","0","0","-","0","0","0","0","0","0","0","0","1","0","0","0","2","0","0","0","0","2","0","0","0","0","0","0","0","0","0","0","0","0","0","0","0","0","0","0","0","0","0","0"
"0x78a85776f8f0","      LEA R10, P4, R14, UR28, 0x2","3","1","3","6806","217792","217792","32","32","0","0","-","-","-","0","0","0","0","0","0","0","0","0","-","0","0","0","0","0","0","0","0","0","0","0","0","0","0","0","0","0","1","1","0","0","0","1","0","0","0","0","0","0","0","0","0","0","0","0","0","0","0","0","1"
"0x78a85776f900","      LEA.HI.X R11, R14, UR29, R15, 0x2, P4","1","0","1","6806","217792","217792","32","32","0","0","-","-","-","0","0","0","0","0","0","0","0","0","-","0","0","0","0","0","0","0","0","0","0","0","0","0","0","0","0","0","1","0","0","0","0","0","0","0","0","0","0","0","0","0","0","0","0","0","0","0","0","0","0"
"0x78a85776f910","      FADD R15, RZ, R43","1","0","1","6806","217792","217792","32","32","0","0","-","-","-","0","0","0","0","0","0","0","0","0","-","0","0","0","0","0","0","0","0","0","0","0","0","0","0","0","0","0","0","1","0","0","0","0","0","0","0","0","0","0","0","0","0","0","0","0","0","0","0","0","0"
"0x78a85776f920","      FSETP.GEU.AND P4, PT, R43, R0, PT","0","0","0","6806","217792","217792","32","32","0","0","-","-","-","0","0","0","0","0","0","0","0","0","-","0","0","0","0","0","0","0","0","0","0","0","0","0","0","0","0","0","0","0","0","0","0","0","0","0","0","0","0","0","0","0","0","0","0","0","0","0","0","0","0"
"0x78a85776f930","      FSEL R15, R0, R15, !P4","1","1","1","6806","217792","217792","32","32","0","0","-","-","-","0","0","0","0","0","0","0","0","0","-","0","0","0","0","0","0","0","0","0","0","0","0","0","0","0","0","0","0","0","0","0","0","1","0","0","0","0","0","0","0","0","0","0","0","0","0","0","0","0","1"
"0x78a85776f940","      ST.E desc[UR24][R10.64], R15","3","2","3","6806","217792","217792","32","32","0","0","Global","Store","32","27224","0","0","0","0","81672","108896","27224","0","","0","0","0","0","0","0","0","0","0","0","0","0","0","0","2","0","0","1","0","0","0","0","0","0","0","0","0","0","0","0","0","2","0","0","0","0","0","0","0","0"
"0x78a85776f950","      BSYNC.RECONVERGENT B0","5","2","5","7056","225792","225792","32","32","0","0","-","-","-","0","0","0","0","0","0","0","0","0","-","0","0","0","0","0","0","0","0","1","0","0","0","0","0","0","0","0","1","0","0","0","0","3","0","0","0","0","0","0","0","0","0","0","0","0","0","0","0","0","2"
"0x78a85776f960","      LOP3.LUT P4, RZ, R28, 0x20, RZ, 0xc0, !PT","8","3","8","7056","225792","225792","32","32","0","0","-","-","-","0","0","0","0","0","0","0","0","0","-","0","0","0","0","0","0","0","5","0","0","0","0","0","0","0","0","0","0","0","0","0","0","3","0","2","0","0","0","0","0","0","0","0","0","0","0","0","0","0","1"
"0x78a85776f970","      BSSY.RECONVERGENT B0, 0x78a85776fa40","0","0","0","7056","225792","225792","32","32","0","0","-","-","-","0","0","0","0","0","0","0","0","0","-","0","0","0","0","0","0","0","0","0","0","0","0","0","0","0","0","0","0","0","0","0","0","0","0","0","0","0","0","0","0","0","0","0","0","0","0","0","0","0","0"
"0x78a85776f980","      ISETP.GE.OR P4, PT, R27, UR7, P4","3","0","3","7056","225792","225792","32","32","0","0","-","-","-","0","0","0","0","0","0","0","0","0","-","0","0","0","0","0","0","0","0","0","0","0","0","0","0","0","0","0","3","0","0","0","0","0","0","0","0","0","0","0","0","0","0","0","0","0","0","0","0","0","0"
"0x78a85776f990","@P4   BRA 0x78a85776fa30","10","4","10","7056","225792","8000","32","1","31","0","-","-","-","0","0","0","0","0","0","0","0","0","-","0","0","0","0","0","0","0","0","0","0","0","0","0","0","0","0","0","3","0","0","0","0","7","0","0","0","0","0","0","0","0","0","0","0","0","0","0","0","0","4"
"0x78a85776f9a0","      SHF.R.S32.HI R11, RZ, 0x1f, R32","11","4","11","6806","217792","217792","32","32","0","0","-","-","-","0","0","0","0","0","0","0","0","0","-","0","0","0","0","0","0","0","0","0","0","0","8","0","0","0","0","0","3","0","0","0","0","0","0","0","0","0","0","4","0","0","0","0","0","0","0","0","0","0","0"
"0x78a85776f9b0","      MOV R10, R32","0","0","0","6806","217792","217792","32","32","0","0","-","-","-","0","0","0","0","0","0","0","0","0","-","0","0","0","0","0","0","0","0","0","0","0","0","0","0","0","0","0","0","0","0","0","0","0","0","0","0","0","0","0","0","0","0","0","0","0","0","0","0","0","0"
"0x78a85776f9c0","      IADD.64 R6, R10, R6","5","1","5","6806","217792","217792","32","32","0","0","-","-","-","0","0","0","0","0","0","0","0","0","-","0","0","0","0","0","0","0","0","1","0","0","0","1","0","0","0","0","1","1","0","0","0","1","0","0","0","0","0","0","0","0","0","0","0","0","0","0","0","0","1"
"0x78a85776f9d0","      LEA R10, P4, R6, UR28, 0x2","6","1","6","6806","217792","217792","32","32","0","0","-","-","-","0","0","0","0","0","0","0","0","0","-","0","0","0","0","0","0","0","0","1","0","0","0","0","0","0","0","0","2","0","0","0","0","3","0","0","0","0","0","0","0","0","0","0","0","0","0","0","0","0","1"
"0x78a85776f9e0","      LEA.HI.X R11, R6, UR29, R7, 0x2, P4","3","1","3","6806","217792","217792","32","32","0","0","-","-","-","0","0","0","0","0","0","0","0","0","-","0","0","0","0","0","0","0","0","0","0","0","0","0","0","0","0","0","2","0","0","0","0","1","0","0","0","0","0","0","0","0","0","0","0","0","0","0","0","0","1"
"0x78a85776f9f0","      FADD R7, RZ, R67","0","0","0","6806","217792","217792","32","32","0","0","-","-","-","0","0","0","0","0","0","0","0","0","-","0","0","0","0","0","0","0","0","0","0","0","0","0","0","0","0","0","0","0","0","0","0","0","0","0","0","0","0","0","0","0","0","0","0","0","0","0","0","0","0"
"0x78a85776fa00","      FSETP.GEU.AND P4, PT, R67, R0, PT","0","0","0","6806","217792","217792","32","32","0","0","-","-","-","0","0","0","0","0","0","0","0","0","-","0","0","0","0","0","0","0","0","0","0","0","0","0","0","0","0","0","0","0","0","0","0","0","0","0","0","0","0","0","0","0","0","0","0","0","0","0","0","0","0"
"0x78a85776fa10","      FSEL R7, R0, R7, !P4","1","0","1","6806","217792","217792","32","32","0","0","-","-","-","0","0","0","0","0","0","0","0","0","-","0","0","0","0","0","0","0","0","0","0","0","0","0","0","0","0","0","1","0","0","0","0","0","0","0","0","0","0","0","0","0","0","0","0","0","0","0","0","0","0"
"0x78a85776fa20","      ST.E desc[UR24][R10.64], R7","8","3","8","6806","217792","217792","32","32","0","0","Global","Store","32","27224","0","0","0","0","81672","108896","27224","0","","0","0","0","0","0","0","0","0","0","0","0","0","0","0","4","0","0","4","0","0","0","0","0","0","0","0","0","0","0","0","0","3","0","0","0","0","0","0","0","0"
"0x78a85776fa30","      BSYNC.RECONVERGENT B0","1","0","1","7056","225792","225792","32","32","0","0","-","-","-","0","0","0","0","0","0","0","0","0","-","0","0","0","0","0","0","0","0","0","0","0","0","0","0","0","0","0","0","1","0","0","0","0","0","0","0","0","0","0","0","0","0","0","0","0","0","0","0","0","0"
"0x78a85776fa40","      ISETP.GE.OR P4, PT, R26, UR7, P2","5","3","5","7056","225792","225792","32","32","0","0","-","-","-","0","0","0","0","0","0","0","0","0","-","0","0","0","0","0","0","0","3","1","0","0","0","0","0","0","0","0","1","0","0","0","0","0","0","3","0","0","0","0","0","0","0","0","0","0","0","0","0","0","0"
"0x78a85776fa50","      P2R R14, PR, RZ, 0x2","1","0","1","7056","225792","225792","32","32","0","0","-","-","-","0","0","0","0","0","0","0","0","0","-","0","0","0","0","0","0","0","0","0","0","0","0","0","0","0","0","0","0","1","0","0","0","0","0","0","0","0","0","0","0","0","0","0","0","0","0","0","0","0","0"
"0x78a85776fa60","      BSSY.RECONVERGENT B0, 0x78a85776fd90","1","0","1","7056","225792","225792","32","32","0","0","-","-","-","0","0","0","0","0","0","0","0","0","-","0","0","0","0","0","0","0","0","0","0","0","0","0","0","0","0","0","0","1","0","0","0","0","0","0","0","0","0","0","0","0","0","0","0","0","0","0","0","0","0"
"0x78a85776fa70","      ISETP.GE.AND P1, PT, R18, UR6, PT","0","0","0","7056","225792","225792","32","32","0","0","-","-","-","0","0","0","0","0","0","0","0","0","-","0","0","0","0","0","0","0","0","0","0","0","0","0","0","0","0","0","0","0","0","0","0","0","0","0","0","0","0","0","0","0","0","0","0","0","0","0","0","0","0"
"0x78a85776fa80","      P2R R10, PR, RZ, 0x8","17","13","17","7056","225792","225792","32","32","0","0","-","-","-","0","0","0","0","0","0","0","0","0","-","0","0","0","0","0","0","0","0","0","0","0","14","0","0","0","0","0","2","1","0","0","0","0","0","0","0","0","0","13","0","0","0","0","0","0","0","0","0","0","0"
"0x78a85776fa90","      P2R R6, PR, RZ, 0x4","1","0","1","7056","225792","225792","32","32","0","0","-","-","-","0","0","0","0","0","0","0","0","0","-","0","0","0","0","0","0","0","0","0","0","0","0","0","0","0","0","0","0","1","0","0","0","0","0","0","0","0","0","0","0","0","0","0","0","0","0","0","0","0","0"
"0x78a85776faa0","@!P4  FADD R7, RZ, R53","3","0","3","7056","225792","223104","32","31","1","0","-","-","-","0","0","0","0","0","0","0","0","0","-","0","0","0","0","0","0","0","0","0","0","0","0","0","0","0","0","0","1","1","0","0","0","1","0","0","0","0","0","0","0","0","0","0","0","0","0","0","0","0","0"
"0x78a85776fab0","@!P4  FSETP.GEU.AND P5, PT, R53, R0, PT","0","0","0","7056","225792","223104","32","31","1","0","-","-","-","0","0","0","0","0","0","0","0","0","-","0","0","0","0","0","0","0","0","0","0","0","0","0","0","0","0","0","0","0","0","0","0","0","0","0","0","0","0","0","0","0","0","0","0","0","0","0","0","0","0"
"0x78a85776fac0","@!P4  FSEL R11, R0, R7, !P5","0","0","0","7056","225792","223104","32","31","1","0","-","-","-","0","0","0","0","0","0","0","0","0","-","0","0","0","0","0","0","0","0","0","0","0","0","0","0","0","0","0","0","0","0","0","0","0","0","0","0","0","0","0","0","0","0","0","0","0","0","0","0","0","0"
"0x78a85776fad0","      ISETP.GE.OR P5, PT, R26, UR7, P3","0","0","0","7056","225792","225792","32","32","0","0","-","-","-","0","0","0","0","0","0","0","0","0","-","0","0","0","0","0","0","0","0","0","0","0","0","0","0","0","0","0","0","0","0","0","0","0","0","0","0","0","0","0","0","0","0","0","0","0","0","0","0","0","0"
"0x78a85776fae0","      ISETP.GE.OR P3, PT, R26, UR7, P1","1","0","1","7056","225792","225792","32","32","0","0","-","-","-","0","0","0","0","0","0","0","0","0","-","0","0","0","0","0","0","0","0","0","0","0","0","0","0","0","0","0","0","1","0","0","0","0","0","0","0","0","0","0","0","0","0","0","0","0","0","0","0","0","0"
"0x78a85776faf0","@!P4  ST.E desc[UR24][R2.64+0x4], R11","5","5","5","7056","225792","223104","32","31","1","0","Global","Store","32","27888","0","0","0","0","83664","111552","27888","0","","0","0","0","0","0","0","0","0","0","0","1","0","0","0","4","0","0","0","0","0","0","0","0","0","0","0","0","1","0","0","0","4","0","0","0","0","0","0","0","0"
"0x78a85776fb00","      ISETP.GE.OR P4, PT, R25, UR7, P1","0","0","0","7056","225792","225792","32","32","0","0","-","-","-","0","0","0","0","0","0","0","0","0","-","0","0","0","0","0","0","0","0","0","0","0","0","0","0","0","0","0","0","0","0","0","0","0","0","0","0","0","0","0","0","0","0","0","0","0","0","0","0","0","0"
"0x78a85776fb10","      ISETP.NE.AND P1, PT, R14, RZ, PT","0","0","0","7056","225792","225792","32","32","0","0","-","-","-","0","0","0","0","0","0","0","0","0","-","0","0","0","0","0","0","0","0","0","0","0","0","0","0","0","0","0","0","0","0","0","0","0","0","0","0","0","0","0","0","0","0","0","0","0","0","0","0","0","0"
"0x78a85776fb20","@!P5  FADD R7, RZ, R59","5","0","5","7056","225792","223104","32","31","1","0","-","-","-","0","0","0","0","0","0","0","0","0","-","0","0","0","0","0","0","0","0","0","0","0","0","0","0","0","0","0","3","0","0","0","0","2","0","0","0","0","0","0","0","0","0","0","0","0","0","0","0","0","0"
"0x78a85776fb30","@!P5  FSETP.GEU.AND P6, PT, R59, R0, PT","1","0","1","7056","225792","223104","32","31","1","0","-","-","-","0","0","0","0","0","0","0","0","0","-","0","0","0","0","0","0","0","0","1","0","0","0","0","0","0","0","0","0","0","0","0","0","0","0","0","0","0","0","0","0","0","0","0","0","0","0","0","0","0","0"
"0x78a85776fb40","@!P4  FADD R21, RZ, R31","3","0","3","7056","225792","223104","32","31","1","0","-","-","-","0","0","0","0","0","0","0","0","0","-","0","0","0","0","0","0","0","0","1","0","0","0","0","0","0","0","0","2","0","0","0","0","0","0","0","0","0","0","0","0","0","0","0","0","0","0","0","0","0","0"
"0x78a85776fb50","@!P5  FSEL R15, R0, R7, !P6","0","0","0","7056","225792","223104","32","31","1","0","-","-","-","0","0","0","0","0","0","0","0","0","-","0","0","0","0","0","0","0","0","0","0","0","0","0","0","0","0","0","0","0","0","0","0","0","0","0","0","0","0","0","0","0","0","0","0","0","0","0","0","0","0"
"0x78a85776fb60","@!P3  FADD R7, RZ, R30","0","0","0","7056","225792","223104","32","31","1","0","-","-","-","0","0","0","0","0","0","0","0","0","-","0","0","0","0","0","0","0","0","0","0","0","0","0","0","0","0","0","0","0","0","0","0","0","0","0","0","0","0","0","0","0","0","0","0","0","0","0","0","0","0"
"0x78a85776fb70","@!P3  FSETP.GEU.AND P6, PT, R30, R0, PT","0","0","0","7056","225792","223104","32","31","1","0","-","-","-","0","0","0","0","0","0","0","0","0","-","0","0","0","0","0","0","0","0","0","0","0","0","0","0","0","0","0","0","0","0","0","0","0","0","0","0","0","0","0","0","0","0","0","0","0","0","0","0","0","0"
"0x78a85776fb80","@!P5  ST.E desc[UR24][R2.64+0x8], R15","5","3","5","7056","225792","223104","32","31","1","0","Global","Store","32","27888","0","0","0","0","83664","111552","27888","0","","0","0","0","0","0","0","0","0","0","0","1","0","0","0","3","0","0","0","0","0","0","0","1","0","0","0","0","1","0","0","0","2","0","0","0","0","0","0","0","0"
"0x78a85776fb90","@!P4  FSETP.GEU.AND P5, PT, R31, R0, PT","1","0","1","7056","225792","223104","32","31","1","0","-","-","-","0","0","0","0","0","0","0","0","0","-","0","0","0","0","0","0","0","0","0","0","0","0","0","0","0","0","0","0","1","0","0","0","0","0","0","0","0","0","0","0","0","0","0","0","0","0","0","0","0","0"
"0x78a85776fba0","@!P3  FSEL R7, R0, R7, !P6","0","0","0","7056","225792","223104","32","31","1","0","-","-","-","0","0","0","0","0","0","0","0","0","-","0","0","0","0","0","0","0","0","0","0","0","0","0","0","0","0","0","0","0","0","0","0","0","0","0","0","0","0","0","0","0","0","0","0","0","0","0","0","0","0"
"0x78a85776fbb0","      ISETP.GE.OR P6, PT, R26, UR7, P0","0","0","0","7056","225792","225792","32","32","0","0","-","-","-","0","0","0","0","0","0","0","0","0","-","0","0","0","0","0","0","0","0","0","0","0","0","0","0","0","0","0","0","0","0","0","0","0","0","0","0","0","0","0","0","0","0","0","0","0","0","0","0","0","0"
"0x78a85776fbc0","@!P4  FSEL R21, R0, R21, !P5","1","0","1","7056","225792","223104","32","31","1","0","-","-","-","0","0","0","0","0","0","0","0","0","-","0","0","0","0","0","0","0","0","0","0","0","0","0","0","0","0","0","0","1","0","0","0","0","0","0","0","0","0","0","0","0","0","0","0","0","0","0","0","0","0"
"0x78a85776fbd0","@!P3  ST.E desc[UR24][R2.64], R7","2","1","2","7056","225792","223104","32","31","1","0","Global","Store","32","27888","0","0","0","0","83664","111552","27888","0","","0","0","0","0","0","0","0","0","0","0","0","0","0","0","1","0","0","0","1","0","0","0","0","0","0","0","0","0","0","0","0","1","0","0","0","0","0","0","0","0"
"0x78a85776fbe0","      ISETP.NE.AND P3, PT, R10, RZ, PT","2","0","2","7056","225792","225792","32","32","0","0","-","-","-","0","0","0","0","0","0","0","0","0","-","0","0","0","0","0","0","0","0","0","0","0","0","0","0","0","0","0","0","2","0","0","0","0","0","0","0","0","0","0","0","0","0","0","0","0","0","0","0","0","0"
"0x78a85776fbf0","      ISETP.GE.OR P3, PT, R25, UR7, P3","2","0","2","7056","225792","225792","32","32","0","0","-","-","-","0","0","0","0","0","0","0","0","0","-","0","0","0","0","0","0","0","0","0","0","0","0","0","0","0","0","0","1","0","0","0","0","1","0","0","0","0","0","0","0","0","0","0","0","0","0","0","0","0","0"
"0x78a85776fc00","@!P6  FADD R19, RZ, R44","1","0","1","7056","225792","223104","32","31","1","0","-","-","-","0","0","0","0","0","0","0","0","0","-","0","0","0","0","0","0","0","0","0","0","0","0","0","0","0","0","0","1","0","0","0","0","0","0","0","0","0","0","0","0","0","0","0","0","0","0","0","0","0","0"
"0x78a85776fc10","@!P6  FSETP.GEU.AND P2, PT, R44, R0, PT","0","0","0","7056","225792","223104","32","31","1","0","-","-","-","0","0","0","0","0","0","0","0","0","-","0","0","0","0","0","0","0","0","0","0","0","0","0","0","0","0","0","0","0","0","0","0","0","0","0","0","0","0","0","0","0","0","0","0","0","0","0","0","0","0"
"0x78a85776fc20","@!P6  FSEL R19, R0, R19, !P2","2","0","2","7056","225792","223104","32","31","1","0","-","-","-","0","0","0","0","0","0","0","0","0","-","0","0","0","0","0","0","0","0","0","0","0","0","0","0","0","0","0","2","0","0","0","0","0","0","0","0","0","0","0","0","0","0","0","0","0","0","0","0","0","0"
"0x78a85776fc30","      ISETP.NE.AND P2, PT, R6, RZ, PT","0","0","0","7056","225792","225792","32","32","0","0","-","-","-","0","0","0","0","0","0","0","0","0","-","0","0","0","0","0","0","0","0","0","0","0","0","0","0","0","0","0","0","0","0","0","0","0","0","0","0","0","0","0","0","0","0","0","0","0","0","0","0","0","0"
"0x78a85776fc40","@!P3  FADD R7, RZ, R63","13","9","13","7056","225792","223104","32","31","1","0","-","-","-","0","0","0","0","0","0","0","0","0","-","0","0","0","0","0","0","0","0","0","0","0","13","0","0","0","0","0","0","0","0","0","0","0","0","0","0","0","0","9","0","0","0","0","0","0","0","0","0","0","0"
"0x78a85776fc50","@!P6  ST.E desc[UR24][R2.64+0xc], R19","2","2","2","7056","225792","223104","32","31","1","0","Global","Store","32","27888","0","0","0","0","83664","111552","27888","0","","0","0","0","0","0","0","0","0","0","0","0","0","0","0","2","0","0","0","0","0","0","0","0","0","0","0","0","0","0","0","0","2","0","0","0","0","0","0","0","0"
"0x78a85776fc60","      ISETP.GE.OR P2, PT, R25, UR7, P2","0","0","0","7056","225792","225792","32","32","0","0","-","-","-","0","0","0","0","0","0","0","0","0","-","0","0","0","0","0","0","0","0","0","0","0","0","0","0","0","0","0","0","0","0","0","0","0","0","0","0","0","0","0","0","0","0","0","0","0","0","0","0","0","0"
"0x78a85776fc70","      LOP3.LUT P6, RZ, R28, 0x10, RZ, 0xc0, !PT","0","0","0","7056","225792","225792","32","32","0","0","-","-","-","0","0","0","0","0","0","0","0","0","-","0","0","0","0","0","0","0","0","0","0","0","0","0","0","0","0","0","0","0","0","0","0","0","0","0","0","0","0","0","0","0","0","0","0","0","0","0","0","0","0"
"0x78a85776fc80","@!P2  FADD R23, RZ, R56","9","1","9","7056","225792","223104","32","31","1","0","-","-","-","0","0","0","0","0","0","0","0","0","-","0","0","0","0","0","0","0","0","0","0","0","0","0","0","0","0","0","3","1","0","0","0","5","0","0","0","0","0","0","0","0","0","0","0","0","0","0","0","0","1"
"0x78a85776fc90","@!P2  FSETP.GEU.AND P5, PT, R56, R0, PT","0","0","0","7056","225792","223104","32","31","1","0","-","-","-","0","0","0","0","0","0","0","0","0","-","0","0","0","0","0","0","0","0","0","0","0","0","0","0","0","0","0","0","0","0","0","0","0","0","0","0","0","0","0","0","0","0","0","0","0","0","0","0","0","0"
"0x78a85776fca0","@!P2  FSEL R23, R0, R23, !P5","3","1","3","7056","225792","223104","32","31","1","0","-","-","-","0","0","0","0","0","0","0","0","0","-","0","0","0","0","0","0","0","0","0","0","0","0","0","0","0","0","0","1","0","0","0","0","2","0","0","0","0","0","0","0","0","0","0","0","0","0","0","0","0","1"
"0x78a85776fcb0","@!P3  FSETP.GEU.AND P5, PT, R63, R0, PT","0","0","0","7056","225792","223104","32","31","1","0","-","-","-","0","0","0","0","0","0","0","0","0","-","0","0","0","0","0","0","0","0","0","0","0","0","0","0","0","0","0","0","0","0","0","0","0","0","0","0","0","0","0","0","0","0","0","0","0","0","0","0","0","0"
"0x78a85776fcc0","@!P3  FSEL R11, R0, R7, !P5","1","0","1","7056","225792","223104","32","31","1","0","-","-","-","0","0","0","0","0","0","0","0","0","-","0","0","0","0","0","0","0","0","0","0","0","0","0","0","0","0","0","0","0","0","0","0","1","0","0","0","0","0","0","0","0","0","0","0","0","0","0","0","0","0"
"0x78a85776fcd0","      ISETP.GE.OR P5, PT, R26, UR7, P6","0","0","0","7056","225792","225792","32","32","0","0","-","-","-","0","0","0","0","0","0","0","0","0","-","0","0","0","0","0","0","0","0","0","0","0","0","0","0","0","0","0","0","0","0","0","0","0","0","0","0","0","0","0","0","0","0","0","0","0","0","0","0","0","0"
"0x78a85776fce0","@P5   BRA 0x78a85776fd80","23","17","23","7056","225792","8000","32","1","31","0","-","-","-","0","0","0","0","0","0","0","0","0","-","0","0","0","0","0","0","0","0","1","0","0","16","0","0","0","0","0","0","0","0","0","0","6","0","0","0","0","0","14","0","0","0","0","0","0","0","0","0","0","3"
"0x78a85776fcf0","      SHF.R.S32.HI R3, RZ, 0x1f, R16","4","1","4","6806","217792","217792","32","32","0","0","-","-","-","0","0","0","0","0","0","0","0","0","-","0","0","0","0","0","0","0","0","0","0","0","0","0","0","0","0","0","1","0","0","0","0","3","0","0","0","0","0","0","0","0","0","0","0","0","0","0","0","0","1"
"0x78a85776fd00","      MOV R2, R16","0","0","0","6806","217792","217792","32","32","0","0","-","-","-","0","0","0","0","0","0","0","0","0","-","0","0","0","0","0","0","0","0","0","0","0","0","0","0","0","0","0","0","0","0","0","0","0","0","0","0","0","0","0","0","0","0","0","0","0","0","0","0","0","0"
"0x78a85776fd10","      IADD.64 R2, R2, R4","0","0","0","6806","217792","217792","32","32","0","0","-","-","-","0","0","0","0","0","0","0","0","0","-","0","0","0","0","0","0","0","0","0","0","0","0","0","0","0","0","0","0","0","0","0","0","0","0","0","0","0","0","0","0","0","0","0","0","0","0","0","0","0","0"
"0x78a85776fd20","      LEA R6, P5, R2, UR28, 0x2","4","2","4","6806","217792","217792","32","32","0","0","-","-","-","0","0","0","0","0","0","0","0","0","-","0","0","0","0","0","0","0","0","0","0","0","0","0","0","0","0","0","2","0","0","0","0","2","0","0","0","0","0","0","0","0","0","0","0","0","0","0","0","0","2"
"0x78a85776fd30","      LEA.HI.X R7, R2, UR29, R3, 0x2, P5","2","2","2","6806","217792","217792","32","32","0","0","-","-","-","0","0","0","0","0","0","0","0","0","-","0","0","0","0","0","0","0","0","0","0","0","0","0","0","0","0","0","0","0","0","0","0","2","0","0","0","0","0","0","0","0","0","0","0","0","0","0","0","0","2"
"0x78a85776fd40","      FADD R3, RZ, R50","2","0","2","6806","217792","217792","32","32","0","0","-","-","-","0","0","0","0","0","0","0","0","0","-","0","0","0","0","0","0","0","0","0","0","0","0","0","0","0","0","0","0","2","0","0","0","0","0","0","0","0","0","0","0","0","0","0","0","0","0","0","0","0","0"
"0x78a85776fd50","      FSETP.GEU.AND P5, PT, R50, R0, PT","0","0","0","6806","217792","217792","32","32","0","0","-","-","-","0","0","0","0","0","0","0","0","0","-","0","0","0","0","0","0","0","0","0","0","0","0","0","0","0","0","0","0","0","0","0","0","0","0","0","0","0","0","0","0","0","0","0","0","0","0","0","0","0","0"
"0x78a85776fd60","      FSEL R3, R0, R3, !P5","1","0","1","6806","217792","217792","32","32","0","0","-","-","-","0","0","0","0","0","0","0","0","0","-","0","0","0","0","0","0","0","0","1","0","0","0","0","0","0","0","0","0","0","0","0","0","0","0","0","0","0","0","0","0","0","0","0","0","0","0","0","0","0","0"
"0x78a85776fd70","      ST.E desc[UR24][R6.64], R3","6","4","6","6806","217792","217792","32","32","0","0","Global","Store","32","27224","0","0","0","0","81672","108896","27224","0","","0","0","0","0","0","0","0","0","0","0","0","0","0","0","3","0","0","1","0","0","0","0","2","0","0","0","0","0","0","0","0","3","0","0","0","0","0","0","0","1"
"0x78a85776fd80","      BSYNC.RECONVERGENT B0","2","0","2","7056","225792","225792","32","32","0","0","-","-","-","0","0","0","0","0","0","0","0","0","-","0","0","0","0","0","0","0","0","0","0","0","0","0","0","0","0","1","0","1","0","0","0","0","0","0","0","0","0","0","0","0","0","0","0","0","0","0","0","0","0"
"0x78a85776fd90","      LOP3.LUT P5, RZ, R28, 0x2, RZ, 0xc0, !PT","5","2","5","7056","225792","225792","32","32","0","0","-","-","-","0","0","0","0","0","0","0","0","0","-","0","0","0","0","0","0","0","2","0","0","0","0","0","0","0","0","0","1","1","0","0","0","1","0","1","0","0","0","0","0","0","0","0","0","0","0","0","0","0","1"
"0x78a85776fda0","      BSSY.RECONVERGENT B0, 0x78a85776fe60","1","0","1","7056","225792","225792","32","32","0","0","-","-","-","0","0","0","0","0","0","0","0","0","-","0","0","0","0","0","0","0","0","0","0","0","0","0","0","0","0","0","0","1","0","0","0","0","0","0","0","0","0","0","0","0","0","0","0","0","0","0","0","0","0"
"0x78a85776fdb0","      ISETP.GE.OR P5, PT, R26, UR7, P5","1","1","1","7056","225792","225792","32","32","0","0","-","-","-","0","0","0","0","0","0","0","0","0","-","0","0","0","0","0","0","0","0","0","0","0","0","0","0","0","0","0","0","0","0","0","0","1","0","0","0","0","0","0","0","0","0","0","0","0","0","0","0","0","1"
"0x78a85776fdc0","@P5   BRA 0x78a85776fe50","4","2","4","7056","225792","8000","32","1","31","0","-","-","-","0","0","0","0","0","0","0","0","0","-","0","0","0","0","0","0","0","0","1","0","0","0","0","0","0","0","0","0","0","0","0","0","3","0","0","0","0","0","0","0","0","0","0","0","0","0","0","0","0","2"
"0x78a85776fdd0","      SHF.R.S32.HI R35, RZ, 0x1f, R34","0","0","0","6806","217792","217792","32","32","0","0","-","-","-","0","0","0","0","0","0","0","0","0","-","0","0","0","0","0","0","0","0","0","0","0","0","0","0","0","0","0","0","0","0","0","0","0","0","0","0","0","0","0","0","0","0","0","0","0","0","0","0","0","0"
"0x78a85776fde0","      IADD.64 R6, R34, R4","10","7","10","6806","217792","217792","32","32","0","0","-","-","-","0","0","0","0","0","0","0","0","0","-","0","0","0","0","0","0","0","0","0","0","0","6","1","0","0","0","0","0","1","0","0","0","2","0","0","0","0","0","5","0","0","0","0","0","0","0","0","0","0","2"
"0x78a85776fdf0","      LEA R2, P5, R6, UR28, 0x2","3","1","3","6806","217792","217792","32","32","0","0","-","-","-","0","0","0","0","0","0","0","0","0","-","0","0","0","0","0","0","0","0","1","0","0","0","0","0","0","0","0","0","1","0","0","0","1","0","0","0","0","0","0","0","0","0","0","0","0","0","0","0","0","1"
"0x78a85776fe00","      LEA.HI.X R3, R6, UR29, R7, 0x2, P5","4","0","4","6806","217792","217792","32","32","0","0","-","-","-","0","0","0","0","0","0","0","0","0","-","0","0","0","0","0","0","0","0","0","0","0","0","0","0","0","0","0","2","0","0","0","0","2","0","0","0","0","0","0","0","0","0","0","0","0","0","0","0","0","0"
"0x78a85776fe10","      FADD R7, RZ, R38","0","0","0","6806","217792","217792","32","32","0","0","-","-","-","0","0","0","0","0","0","0","0","0","-","0","0","0","0","0","0","0","0","0","0","0","0","0","0","0","0","0","0","0","0","0","0","0","0","0","0","0","0","0","0","0","0","0","0","0","0","0","0","0","0"
"0x78a85776fe20","      FSETP.GEU.AND P5, PT, R38, R0, PT","0","0","0","6806","217792","217792","32","32","0","0","-","-","-","0","0","0","0","0","0","0","0","0","-","0","0","0","0","0","0","0","0","0","0","0","0","0","0","0","0","0","0","0","0","0","0","0","0","0","0","0","0","0","0","0","0","0","0","0","0","0","0","0","0"
"0x78a85776fe30","      FSEL R7, R0, R7, !P5","3","1","3","6806","217792","217792","32","32","0","0","-","-","-","0","0","0","0","0","0","0","0","0","-","0","0","0","0","0","0","0","0","0","0","0","0","0","0","0","0","0","0","1","0","0","0","2","0","0","0","0","0","0","0","0","0","0","0","0","0","0","0","0","1"
"0x78a85776fe40","      ST.E desc[UR24][R2.64], R7","6","6","6","6806","217792","217792","32","32","0","0","Global","Store","32","27224","0","0","0","0","81672","108896","27224","0","","0","0","0","0","0","0","0","0","0","0","1","0","0","0","5","0","0","0","0","0","0","0","0","0","0","0","0","1","0","0","0","5","0","0","0","0","0","0","0","0"
"0x78a85776fe50","      BSYNC.RECONVERGENT B0","4","0","4","7056","225792","225792","32","32","0","0","-","-","-","0","0","0","0","0","0","0","0","0","-","0","0","0","0","0","0","0","0","1","0","0","0","0","0","0","0","0","1","1","0","0","0","1","0","0","0","0","0","0","0","0","0","0","0","0","0","0","0","0","0"
"0x78a85776fe60","      ISETP.GE.OR P5, PT, R26, UR7, P1","5","3","5","7056","225792","225792","32","32","0","0","-","-","-","0","0","0","0","0","0","0","0","0","-","0","0","0","0","0","0","0","1","0","0","0","0","0","0","0","0","0","1","0","0","0","0","3","0","1","0","0","0","0","0","0","0","0","0","0","0","0","0","0","2"
"0x78a85776fe70","      BSSY.RECONVERGENT B0, 0x78a85776ff30","0","0","0","7056","225792","225792","32","32","0","0","-","-","-","0","0","0","0","0","0","0","0","0","-","0","0","0","0","0","0","0","0","0","0","0","0","0","0","0","0","0","0","0","0","0","0","0","0","0","0","0","0","0","0","0","0","0","0","0","0","0","0","0","0"
"0x78a85776fe80","@P5   BRA 0x78a85776ff20","6","2","6","7056","225792","8000","32","1","31","0","-","-","-","0","0","0","0","0","0","0","0","0","-","0","0","0","0","0","0","0","0","0","0","0","0","0","0","0","0","0","1","0","0","0","0","5","0","0","0","0","0","0","0","0","0","0","0","0","0","0","0","0","2"
"0x78a85776fe90","      SHF.R.S32.HI R3, RZ, 0x1f, R33","13","11","13","6806","217792","217792","32","32","0","0","-","-","-","0","0","0","0","0","0","0","0","0","-","0","0","0","0","0","0","0","0","0","0","0","12","0","0","0","0","0","1","0","0","0","0","0","0","0","0","0","0","11","0","0","0","0","0","0","0","0","0","0","0"
"0x78a85776fea0","      MOV R2, R33","0","0","0","6806","217792","217792","32","32","0","0","-","-","-","0","0","0","0","0","0","0","0","0","-","0","0","0","0","0","0","0","0","0","0","0","0","0","0","0","0","0","0","0","0","0","0","0","0","0","0","0","0","0","0","0","0","0","0","0","0","0","0","0","0"
"0x78a85776feb0","      IADD.64 R6, R2, R4","1","0","1","6806","217792","217792","32","32","0","0","-","-","-","0","0","0","0","0","0","0","0","0","-","0","0","0","0","0","0","0","0","0","0","0","0","1","0","0","0","0","0","0","0","0","0","0","0","0","0","0","0","0","0","0","0","0","0","0","0","0","0","0","0"
"0x78a85776fec0","      LEA R2, P5, R6, UR28, 0x2","5","4","5","6806","217792","217792","32","32","0","0","-","-","-","0","0","0","0","0","0","0","0","0","-","0","0","0","0","0","0","0","0","0","0","0","0","0","0","0","0","0","1","0","0","0","0","4","0","0","0","0","0","0","0","0","0","0","0","0","0","0","0","0","4"
"0x78a85776fed0","      LEA.HI.X R3, R6, UR29, R7, 0x2, P5","4","0","4","6806","217792","217792","32","32","0","0","-","-","-","0","0","0","0","0","0","0","0","0","-","0","0","0","0","0","0","0","0","0","0","0","0","0","0","0","0","0","4","0","0","0","0","0","0","0","0","0","0","0","0","0","0","0","0","0","0","0","0","0","0"
"0x78a85776fee0","      FADD R7, RZ, R40","0","0","0","6806","217792","217792","32","32","0","0","-","-","-","0","0","0","0","0","0","0","0","0","-","0","0","0","0","0","0","0","0","0","0","0","0","0","0","0","0","0","0","0","0","0","0","0","0","0","0","0","0","0","0","0","0","0","0","0","0","0","0","0","0"
"0x78a85776fef0","      FSETP.GEU.AND P5, PT, R40, R0, PT","1","0","1","6806","217792","217792","32","32","0","0","-","-","-","0","0","0","0","0","0","0","0","0","-","0","0","0","0","0","0","0","0","0","0","0","0","0","0","0","0","0","0","1","0","0","0","0","0","0","0","0","0","0","0","0","0","0","0","0","0","0","0","0","0"
"0x78a85776ff00","      FSEL R7, R0, R7, !P5","4","0","4","6806","217792","217792","32","32","0","0","-","-","-","0","0","0","0","0","0","0","0","0","-","0","0","0","0","0","0","0","0","0","0","0","0","0","0","0","0","0","3","0","0","0","0","1","0","0","0","0","0","0","0","0","0","0","0","0","0","0","0","0","0"
"0x78a85776ff10","      ST.E desc[UR24][R2.64], R7","7","3","7","6806","217792","217792","32","32","0","0","Global","Store","32","27224","0","0","0","0","81672","108896","27224","0","","0","0","0","0","0","0","0","0","0","0","0","0","0","0","3","0","0","3","0","0","0","0","1","0","0","0","0","0","0","0","0","3","0","0","0","0","0","0","0","0"
"0x78a85776ff20","      BSYNC.RECONVERGENT B0","1","1","1","7056","225792","225792","32","32","0","0","-","-","-","0","0","0","0","0","0","0","0","0","-","0","0","0","0","0","0","0","1","0","0","0","0","0","0","0","0","0","0","0","0","0","0","0","0","1","0","0","0","0","0","0","0","0","0","0","0","0","0","0","0"
"0x78a85776ff30","      LOP3.LUT P6, RZ, R28, 0x20, RZ, 0xc0, !PT","3","2","3","7056","225792","225792","32","32","0","0","-","-","-","0","0","0","0","0","0","0","0","0","-","0","0","0","0","0","0","0","3","0","0","0","0","0","0","0","0","0","0","0","0","0","0","0","0","2","0","0","0","0","0","0","0","0","0","0","0","0","0","0","0"
"0x78a85776ff40","      BSSY.RECONVERGENT B0, 0x78a857770010","0","0","0","7056","225792","225792","32","32","0","0","-","-","-","0","0","0","0","0","0","0","0","0","-","0","0","0","0","0","0","0","0","0","0","0","0","0","0","0","0","0","0","0","0","0","0","0","0","0","0","0","0","0","0","0","0","0","0","0","0","0","0","0","0"
"0x78a85776ff50","      ISETP.GE.OR P5, PT, R26, UR7, P6","2","1","2","7056","225792","225792","32","32","0","0","-","-","-","0","0","0","0","0","0","0","0","0","-","0","0","0","0","0","0","0","0","0","0","0","0","0","0","0","0","0","0","0","0","0","0","2","0","0","0","0","0","0","0","0","0","0","0","0","0","0","0","0","1"
"0x78a85776ff60","@P5   BRA 0x78a857770000","4","3","4","7056","225792","8000","32","1","31","0","-","-","-","0","0","0","0","0","0","0","0","0","-","0","0","0","0","0","0","0","0","0","0","0","0","0","0","0","0","0","0","0","0","0","0","4","0","0","0","0","0","0","0","0","0","0","0","0","0","0","0","0","3"
"0x78a85776ff70","      SHF.R.S32.HI R3, RZ, 0x1f, R32","8","7","8","6806","217792","217792","32","32","0","0","-","-","-","0","0","0","0","0","0","0","0","0","-","0","0","0","0","0","0","0","0","0","0","0","6","0","0","0","0","0","1","0","0","0","0","1","0","0","0","0","0","6","0","0","0","0","0","0","0","0","0","0","1"
"0x78a85776ff80","      MOV R2, R32","0","0","0","6806","217792","217792","32","32","0","0","-","-","-","0","0","0","0","0","0","0","0","0","-","0","0","0","0","0","0","0","0","0","0","0","0","0","0","0","0","0","0","0","0","0","0","0","0","0","0","0","0","0","0","0","0","0","0","0","0","0","0","0","0"
"0x78a85776ff90","      IADD.64 R4, R2, R4","2","0","2","6806","217792","217792","32","32","0","0","-","-","-","0","0","0","0","0","0","0","0","0","-","0","0","0","0","0","0","0","0","0","0","0","0","1","0","0","0","0","0","0","0","0","0","1","0","0","0","0","0","0","0","0","0","0","0","0","0","0","0","0","0"
"0x78a85776ffa0","      LEA R2, P5, R4, UR28, 0x2","1","1","1","6806","217792","217792","32","32","0","0","-","-","-","0","0","0","0","0","0","0","0","0","-","0","0","0","0","0","0","0","0","0","0","0","0","0","0","0","0","0","0","0","0","0","0","1","0","0","0","0","0","0","0","0","0","0","0","0","0","0","0","0","1"
"0x78a85776ffb0","      LEA.HI.X R3, R4, UR29, R5, 0x2, P5","3","1","3","6806","217792","217792","32","32","0","0","-","-","-","0","0","0","0","0","0","0","0","0","-","0","0","0","0","0","0","0","0","0","0","0","0","0","0","0","0","0","1","1","0","0","0","1","0","0","0","0","0","0","0","0","0","0","0","0","0","0","0","0","1"
"0x78a85776ffc0","      FADD R5, RZ, R68","0","0","0","6806","217792","217792","32","32","0","0","-","-","-","0","0","0","0","0","0","0","0","0","-","0","0","0","0","0","0","0","0","0","0","0","0","0","0","0","0","0","0","0","0","0","0","0","0","0","0","0","0","0","0","0","0","0","0","0","0","0","0","0","0"
"0x78a85776ffd0","      FSETP.GEU.AND P5, PT, R68, R0, PT","0","0","0","6806","217792","217792","32","32","0","0","-","-","-","0","0","0","0","0","0","0","0","0","-","0","0","0","0","0","0","0","0","0","0","0","0","0","0","0","0","0","0","0","0","0","0","0","0","0","0","0","0","0","0","0","0","0","0","0","0","0","0","0","0"
"0x78a85776ffe0","      FSEL R5, R0, R5, !P5","2","1","2","6806","217792","217792","32","32","0","0","-","-","-","0","0","0","0","0","0","0","0","0","-","0","0","0","0","0","0","0","0","0","0","0","0","0","0","0","0","0","1","0","0","0","0","1","0","0","0","0","0","0","0","0","0","0","0","0","0","0","0","0","1"
"0x78a85776fff0","      ST.E desc[UR24][R2.64], R5","7","6","7","6806","217792","217792","32","32","0","0","Global","Store","32","27224","0","0","0","0","81672","108896","27224","0","","0","0","0","0","0","0","0","0","0","0","1","0","0","0","5","0","0","0","0","0","0","0","1","0","0","0","0","1","0","0","0","4","0","0","0","0","0","0","0","1"
"0x78a857770000","      BSYNC.RECONVERGENT B0","1","1","1","7056","225792","225792","32","32","0","0","-","-","-","0","0","0","0","0","0","0","0","0","-","0","0","0","0","0","0","0","0","0","0","0","0","0","0","0","0","0","0","0","0","0","0","1","0","0","0","0","0","0","0","0","0","0","0","0","0","0","0","0","1"
"0x78a857770010","      ISETP.GE.OR P0, PT, R25, UR7, P0","4","3","4","7056","225792","225792","32","32","0","0","-","-","-","0","0","0","0","0","0","0","0","0","-","0","0","0","0","0","0","0","3","0","0","0","0","0","0","0","0","0","0","1","0","0","0","0","0","3","0","0","0","0","0","0","0","0","0","0","0","0","0","0","0"
"0x78a857770020","@!P4  ST.E desc[UR24][R12.64], R21","5","4","5","7056","225792","223104","32","31","1","0","Global","Store","32","27888","0","0","0","0","83664","111552","27888","0","","0","0","0","0","0","0","0","0","0","0","1","0","0","0","3","0","0","0","1","0","0","0","0","0","0","0","0","1","0","0","0","3","0","0","0","0","0","0","0","0"
"0x78a857770030","      LOP3.LUT P5, RZ, R28, 0x2, RZ, 0xc0, !PT","0","0","0","7056","225792","225792","32","32","0","0","-","-","-","0","0","0","0","0","0","0","0","0","-","0","0","0","0","0","0","0","0","0","0","0","0","0","0","0","0","0","0","0","0","0","0","0","0","0","0","0","0","0","0","0","0","0","0","0","0","0","0","0","0"
"0x78a857770040","      BSSY.RECONVERGENT B0, 0x78a8577701a0","1","0","1","7056","225792","225792","32","32","0","0","-","-","-","0","0","0","0","0","0","0","0","0","-","0","0","0","0","0","0","0","0","0","0","0","0","0","0","0","0","0","0","1","0","0","0","0","0","0","0","0","0","0","0","0","0","0","0","0","0","0","0","0","0"
"0x78a857770050","      ISETP.GE.OR P1, PT, R25, UR7, P1","1","0","1","7056","225792","225792","32","32","0","0","-","-","-","0","0","0","0","0","0","0","0","0","-","0","0","0","0","0","0","0","0","0","0","0","0","0","0","0","0","0","0","1","0","0","0","0","0","0","0","0","0","0","0","0","0","0","0","0","0","0","0","0","0"
"0x78a857770060","@!P2  ST.E desc[UR24][R12.64+0x4], R23","5","4","5","7056","225792","223104","32","31","1","0","Global","Store","32","27888","0","0","0","0","83664","111552","27888","0","","0","0","0","0","0","0","0","0","0","0","0","0","0","0","4","0","0","0","1","0","0","0","0","0","0","0","0","0","0","0","0","4","0","0","0","0","0","0","0","0"
"0x78a857770070","      ISETP.GE.OR P6, PT, R25, UR7, P6","0","0","0","7056","225792","225792","32","32","0","0","-","-","-","0","0","0","0","0","0","0","0","0","-","0","0","0","0","0","0","0","0","0","0","0","0","0","0","0","0","0","0","0","0","0","0","0","0","0","0","0","0","0","0","0","0","0","0","0","0","0","0","0","0"
"0x78a857770080","      ISETP.GE.OR P5, PT, R25, UR7, P5","1","0","1","7056","225792","225792","32","32","0","0","-","-","-","0","0","0","0","0","0","0","0","0","-","0","0","0","0","0","0","0","0","0","0","0","0","0","0","0","0","0","0","1","0","0","0","0","0","0","0","0","0","0","0","0","0","0","0","0","0","0","0","0","0"
"0x78a857770090","@!P3  ST.E desc[UR24][R12.64+0x8], R11","2","1","2","7056","225792","223104","32","31","1","0","Global","Store","32","27888","0","0","0","0","83664","111552","27888","0","","0","0","0","0","0","0","0","0","1","0","1","0","0","0","0","0","0","0","0","0","0","0","0","0","0","0","0","1","0","0","0","0","0","0","0","0","0","0","0","0"
"0x78a8577700a0","@!P0  FADD R3, RZ, R47","8","6","8","7056","225792","223104","32","31","1","0","-","-","-","0","0","0","0","0","0","0","0","0","-","0","0","0","0","0","0","0","0","0","0","0","5","0","0","0","0","0","1","0","0","0","0","2","0","0","0","0","0","4","0","0","0","0","0","0","0","0","0","0","2"
"0x78a8577700b0","@!P0  FSETP.GEU.AND P4, PT, R47, R0, PT","0","0","0","7056","225792","223104","32","31","1","0","-","-","-","0","0","0","0","0","0","0","0","0","-","0","0","0","0","0","0","0","0","0","0","0","0","0","0","0","0","0","0","0","0","0","0","0","0","0","0","0","0","0","0","0","0","0","0","0","0","0","0","0","0"
"0x78a8577700c0","@!P0  FSEL R3, R0, R3, !P4","3","2","3","7056","225792","223104","32","31","1","0","-","-","-","0","0","0","0","0","0","0","0","0","-","0","0","0","0","0","0","0","0","1","0","0","0","0","0","0","0","0","0","0","0","0","0","2","0","0","0","0","0","0","0","0","0","0","0","0","0","0","0","0","2"
"0x78a8577700d0","      LOP3.LUT P4, RZ, R28, 0x10, RZ, 0xc0, !PT","1","0","1","7056","225792","225792","32","32","0","0","-","-","-","0","0","0","0","0","0","0","0","0","-","0","0","0","0","0","0","0","0","0","0","0","0","0","0","0","0","0","0","1","0","0","0","0","0","0","0","0","0","0","0","0","0","0","0","0","0","0","0","0","0"
"0x78a8577700e0","@!P0  ST.E desc[UR24][R12.64+0xc], R3","14","12","14","7056","225792","223104","32","31","1","0","Global","Store","32","27888","0","0","0","0","83664","111552","27888","0","","0","0","0","0","0","0","0","0","0","0","6","0","0","0","6","0","0","1","0","0","0","0","1","0","0","0","0","6","0","0","0","6","0","0","0","0","0","0","0","0"
"0x78a8577700f0","      ISETP.GE.OR P4, PT, R25, UR7, P4","0","0","0","7056","225792","225792","32","32","0","0","-","-","-","0","0","0","0","0","0","0","0","0","-","0","0","0","0","0","0","0","0","0","0","0","0","0","0","0","0","0","0","0","0","0","0","0","0","0","0","0","0","0","0","0","0","0","0","0","0","0","0","0","0"
"0x78a857770100","@P4   BRA 0x78a857770190","31","25","31","7056","225792","8000","32","1","31","0","-","-","-","0","0","0","0","0","0","0","0","0","-","0","0","0","0","0","0","0","0","1","0","0","24","0","0","0","0","0","2","2","0","0","0","2","0","0","0","0","0","24","0","0","0","0","0","0","0","0","0","0","1"
"0x78a857770110","      SHF.R.S32.HI R17, RZ, 0x1f, R16","3","1","3","6806","217792","217792","32","32","0","0","-","-","-","0","0","0","0","0","0","0","0","0","-","0","0","0","0","0","0","0","0","0","0","0","0","0","0","0","0","0","1","0","0","0","0","2","0","0","0","0","0","0","0","0","0","0","0","0","0","0","0","0","1"
"0x78a857770120","      FADD R7, RZ, R60","0","0","0","6806","217792","217792","32","32","0","0","-","-","-","0","0","0","0","0","0","0","0","0","-","0","0","0","0","0","0","0","0","0","0","0","0","0","0","0","0","0","0","0","0","0","0","0","0","0","0","0","0","0","0","0","0","0","0","0","0","0","0","0","0"
"0x78a857770130","      FSETP.GEU.AND P0, PT, R60, R0, PT","0","0","0","6806","217792","217792","32","32","0","0","-","-","-","0","0","0","0","0","0","0","0","0","-","0","0","0","0","0","0","0","0","0","0","0","0","0","0","0","0","0","0","0","0","0","0","0","0","0","0","0","0","0","0","0","0","0","0","0","0","0","0","0","0"
"0x78a857770140","      IADD.64 R2, R16, R8","1","0","1","6806","217792","217792","32","32","0","0","-","-","-","0","0","0","0","0","0","0","0","0","-","0","0","0","0","0","0","0","0","0","0","0","0","0","0","0","0","0","0","1","0","0","0","0","0","0","0","0","0","0","0","0","0","0","0","0","0","0","0","0","0"
"0x78a857770150","      FSEL R7, R0, R7, !P0","0","0","0","6806","217792","217792","32","32","0","0","-","-","-","0","0","0","0","0","0","0","0","0","-","0","0","0","0","0","0","0","0","0","0","0","0","0","0","0","0","0","0","0","0","0","0","0","0","0","0","0","0","0","0","0","0","0","0","0","0","0","0","0","0"
"0x78a857770160","      LEA R4, P2, R2, UR28, 0x2","1","0","1","6806","217792","217792","32","32","0","0","-","-","-","0","0","0","0","0","0","0","0","0","-","0","0","0","0","0","0","0","0","0","0","0","0","0","0","0","0","0","0","0","0","0","0","1","0","0","0","0","0","0","0","0","0","0","0","0","0","0","0","0","0"
"0x78a857770170","      LEA.HI.X R5, R2, UR29, R3, 0x2, P2","1","0","1","6806","217792","217792","32","32","0","0","-","-","-","0","0","0","0","0","0","0","0","0","-","0","0","0","0","0","0","0","0","0","0","0","0","0","0","0","0","0","1","0","0","0","0","0","0","0","0","0","0","0","0","0","0","0","0","0","0","0","0","0","0"
"0x78a857770180","      ST.E desc[UR24][R4.64], R7","8","5","8","6806","217792","217792","32","32","0","0","Global","Store","32","27224","0","0","0","0","81672","108896","27224","0","","0","0","0","0","0","0","0","0","0","0","0","0","0","0","5","0","0","0","1","0","0","0","2","0","0","0","0","0","0","0","0","4","0","0","0","0","0","0","0","1"
"0x78a857770190","      BSYNC.RECONVERGENT B0","1","0","1","7056","225792","225792","32","32","0","0","-","-","-","0","0","0","0","0","0","0","0","0","-","0","0","0","0","0","0","0","0","0","0","0","0","0","0","0","0","0","1","0","0","0","0","0","0","0","0","0","0","0","0","0","0","0","0","0","0","0","0","0","0"
"0x78a8577701a0","      BSSY.RECONVERGENT B0, 0x78a857770250","5","3","5","7056","225792","225792","32","32","0","0","-","-","-","0","0","0","0","0","0","0","0","0","-","0","0","0","0","0","0","0","4","0","0","0","0","0","0","0","0","0","0","1","0","0","0","0","0","3","0","0","0","0","0","0","0","0","0","0","0","0","0","0","0"
"0x78a8577701b0","@P5   BRA 0x78a857770240","1","0","1","7056","225792","8000","32","1","31","0","-","-","-","0","0","0","0","0","0","0","0","0","-","0","0","0","0","0","0","0","0","0","0","0","0","0","0","0","0","0","1","0","0","0","0","0","0","0","0","0","0","0","0","0","0","0","0","0","0","0","0","0","0"
"0x78a8577701c0","      SHF.R.S32.HI R35, RZ, 0x1f, R34","1","1","1","6806","217792","217792","32","32","0","0","-","-","-","0","0","0","0","0","0","0","0","0","-","0","0","0","0","0","0","0","0","0","0","0","0","0","0","0","0","0","0","0","0","0","0","1","0","0","0","0","0","0","0","0","0","0","0","0","0","0","0","0","1"
"0x78a8577701d0","      FADD R7, RZ, R42","13","12","13","6806","217792","217792","32","32","0","0","-","-","-","0","0","0","0","0","0","0","0","0","-","0","0","0","0","0","0","0","0","0","0","0","13","0","0","0","0","0","0","0","0","0","0","0","0","0","0","0","0","12","0","0","0","0","0","0","0","0","0","0","0"
"0x78a8577701e0","      FSETP.GEU.AND P0, PT, R42, R0, PT","0","0","0","6806","217792","217792","32","32","0","0","-","-","-","0","0","0","0","0","0","0","0","0","-","0","0","0","0","0","0","0","0","0","0","0","0","0","0","0","0","0","0","0","0","0","0","0","0","0","0","0","0","0","0","0","0","0","0","0","0","0","0","0","0"
"0x78a8577701f0","      IADD.64 R2, R34, R8","0","0","0","6806","217792","217792","32","32","0","0","-","-","-","0","0","0","0","0","0","0","0","0","-","0","0","0","0","0","0","0","0","0","0","0","0","0","0","0","0","0","0","0","0","0","0","0","0","0","0","0","0","0","0","0","0","0","0","0","0","0","0","0","0"
"0x78a857770200","      FSEL R7, R0, R7, !P0","0","0","0","6806","217792","217792","32","32","0","0","-","-","-","0","0","0","0","0","0","0","0","0","-","0","0","0","0","0","0","0","0","0","0","0","0","0","0","0","0","0","0","0","0","0","0","0","0","0","0","0","0","0","0","0","0","0","0","0","0","0","0","0","0"
"0x78a857770210","      LEA R4, P2, R2, UR28, 0x2","1","1","1","6806","217792","217792","32","32","0","0","-","-","-","0","0","0","0","0","0","0","0","0","-","0","0","0","0","0","0","0","0","0","0","0","0","0","0","0","0","0","0","0","0","0","0","1","0","0","0","0","0","0","0","0","0","0","0","0","0","0","0","0","1"
"0x78a857770220","      LEA.HI.X R5, R2, UR29, R3, 0x2, P2","0","0","0","6806","217792","217792","32","32","0","0","-","-","-","0","0","0","0","0","0","0","0","0","-","0","0","0","0","0","0","0","0","0","0","0","0","0","0","0","0","0","0","0","0","0","0","0","0","0","0","0","0","0","0","0","0","0","0","0","0","0","0","0","0"
"0x78a857770230","      ST.E desc[UR24][R4.64], R7","4","4","4","6806","217792","217792","32","32","0","0","Global","Store","32","27224","0","0","0","0","81672","108896","27224","0","","0","0","0","0","0","0","0","0","0","0","0","0","0","0","4","0","0","0","0","0","0","0","0","0","0","0","0","0","0","0","0","4","0","0","0","0","0","0","0","0"
"0x78a857770240","      BSYNC.RECONVERGENT B0","1","0","1","7056","225792","225792","32","32","0","0","-","-","-","0","0","0","0","0","0","0","0","0","-","0","0","0","0","0","0","0","0","0","0","0","0","0","0","0","0","0","0","0","0","0","0","1","0","0","0","0","0","0","0","0","0","0","0","0","0","0","0","0","0"
"0x78a857770250","      BSSY.RECONVERGENT B0, 0x78a857770310","2","1","2","7056","225792","225792","32","32","0","0","-","-","-","0","0","0","0","0","0","0","0","0","-","0","0","0","0","0","0","0","1","0","0","0","0","0","0","0","0","0","0","0","0","0","0","1","0","0","0","0","0","0","0","0","0","0","0","0","0","0","0","0","1"
"0x78a857770260","@P1   BRA 0x78a857770300","4","3","4","7056","225792","8000","32","1","31","0","-","-","-","0","0","0","0","0","0","0","0","0","-","0","0","0","0","0","0","0","0","0","0","0","0","0","0","0","0","0","1","0","0","0","0","3","0","0","0","0","0","0","0","0","0","0","0","0","0","0","0","0","3"
"0x78a857770270","      SHF.R.S32.HI R3, RZ, 0x1f, R33","4","1","4","6806","217792","217792","32","32","0","0","-","-","-","0","0","0","0","0","0","0","0","0","-","0","0","0","0","0","0","0","0","0","0","0","0","1","0","0","0","0","0","1","0","0","0","2","0","0","0","0","0","0","0","0","0","0","0","0","0","0","0","0","1"
"0x78a857770280","      FADD R7, RZ, R62","11","8","11","6806","217792","217792","32","32","0","0","-","-","-","0","0","0","0","0","0","0","0","0","-","0","0","0","0","0","0","0","0","0","0","0","10","0","0","0","0","0","0","1","0","0","0","0","0","0","0","0","0","8","0","0","0","0","0","0","0","0","0","0","0"
"0x78a857770290","      MOV R2, R33","1","0","1","6806","217792","217792","32","32","0","0","-","-","-","0","0","0","0","0","0","0","0","0","-","0","0","0","0","0","0","0","0","0","0","0","0","0","0","0","0","0","0","1","0","0","0","0","0","0","0","0","0","0","0","0","0","0","0","0","0","0","0","0","0"
"0x78a8577702a0","      FSETP.GEU.AND P0, PT, R62, R0, PT","1","0","1","6806","217792","217792","32","32","0","0","-","-","-","0","0","0","0","0","0","0","0","0","-","0","0","0","0","0","0","0","0","0","0","0","0","0","0","0","0","0","0","1","0","0","0","0","0","0","0","0","0","0","0","0","0","0","0","0","0","0","0","0","0"
"0x78a8577702b0","      IADD.64 R2, R2, R8","0","0","0","6806","217792","217792","32","32","0","0","-","-","-","0","0","0","0","0","0","0","0","0","-","0","0","0","0","0","0","0","0","0","0","0","0","0","0","0","0","0","0","0","0","0","0","0","0","0","0","0","0","0","0","0","0","0","0","0","0","0","0","0","0"
"0x78a8577702c0","      FSEL R7, R0, R7, !P0","0","0","0","6806","217792","217792","32","32","0","0","-","-","-","0","0","0","0","0","0","0","0","0","-","0","0","0","0","0","0","0","0","0","0","0","0","0","0","0","0","0","0","0","0","0","0","0","0","0","0","0","0","0","0","0","0","0","0","0","0","0","0","0","0"
"0x78a8577702d0","      LEA R4, P1, R2, UR28, 0x2","1","0","1","6806","217792","217792","32","32","0","0","-","-","-","0","0","0","0","0","0","0","0","0","-","0","0","0","0","0","0","0","0","0","0","0","0","0","0","0","0","0","1","0","0","0","0","0","0","0","0","0","0","0","0","0","0","0","0","0","0","0","0","0","0"
"0x78a8577702e0","      LEA.HI.X R5, R2, UR29, R3, 0x2, P1","0","0","0","6806","217792","217792","32","32","0","0","-","-","-","0","0","0","0","0","0","0","0","0","-","0","0","0","0","0","0","0","0","0","0","0","0","0","0","0","0","0","0","0","0","0","0","0","0","0","0","0","0","0","0","0","0","0","0","0","0","0","0","0","0"
"0x78a8577702f0","      ST.E desc[UR24][R4.64], R7","3","2","3","6806","217792","217792","32","32","0","0","Global","Store","32","27224","0","0","0","0","81672","108896","27224","0","","0","0","0","0","0","0","0","0","0","0","0","0","0","0","1","0","0","0","0","0","0","0","2","0","0","0","0","0","0","0","0","1","0","0","0","0","0","0","0","1"
"0x78a857770300","      BSYNC.RECONVERGENT B0","1","0","1","7056","225792","225792","32","32","0","0","-","-","-","0","0","0","0","0","0","0","0","0","-","0","0","0","0","0","0","0","0","0","0","0","0","0","0","0","0","0","1","0","0","0","0","0","0","0","0","0","0","0","0","0","0","0","0","0","0","0","0","0","0"
"0x78a857770310","@P6   EXIT","2","2","2","7056","225792","8000","32","1","31","0","-","-","-","0","0","0","0","0","0","0","0","0","-","0","0","0","0","0","0","0","2","0","0","0","0","0","0","0","0","0","0","0","0","0","0","0","0","2","0","0","0","0","0","0","0","0","0","0","0","0","0","0","0"
"0x78a857770320","      SHF.R.S32.HI R33, RZ, 0x1f, R32","5","4","5","6806","217792","217792","32","32","0","0","-","-","-","0","0","0","0","0","0","0","0","0","-","0","0","0","0","0","0","0","1","0","0","0","0","0","0","0","0","0","0","0","0","0","0","4","0","0","0","0","0","0","0","0","0","0","0","0","0","0","0","0","4"
"0x78a857770330","      FSETP.GEU.AND P0, PT, R69, R0, PT","1","0","1","6806","217792","217792","32","32","0","0","-","-","-","0","0","0","0","0","0","0","0","0","-","0","0","0","0","0","0","0","0","0","0","0","0","0","0","0","0","0","0","1","0","0","0","0","0","0","0","0","0","0","0","0","0","0","0","0","0","0","0","0","0"
"0x78a857770340","      FADD R69, RZ, R69","0","0","0","6806","217792","217792","32","32","0","0","-","-","-","0","0","0","0","0","0","0","0","0","-","0","0","0","0","0","0","0","0","0","0","0","0","0","0","0","0","0","0","0","0","0","0","0","0","0","0","0","0","0","0","0","0","0","0","0","0","0","0","0","0"
"0x78a857770350","      IADD.64 R8, R32, R8","1","0","1","6806","217792","217792","32","32","0","0","-","-","-","0","0","0","0","0","0","0","0","0","-","0","0","0","0","0","0","0","0","0","0","0","0","1","0","0","0","0","0","0","0","0","0","0","0","0","0","0","0","0","0","0","0","0","0","0","0","0","0","0","0"
"0x78a857770360","      FSEL R69, R0, R69, !P0","1","1","1","6806","217792","217792","32","32","0","0","-","-","-","0","0","0","0","0","0","0","0","0","-","0","0","0","0","0","0","0","0","0","0","0","0","0","0","0","0","0","0","0","0","0","0","1","0","0","0","0","0","0","0","0","0","0","0","0","0","0","0","0","1"
"0x78a857770370","      LEA R2, P1, R8, UR28, 0x2","0","0","0","6806","217792","217792","32","32","0","0","-","-","-","0","0","0","0","0","0","0","0","0","-","0","0","0","0","0","0","0","0","0","0","0","0","0","0","0","0","0","0","0","0","0","0","0","0","0","0","0","0","0","0","0","0","0","0","0","0","0","0","0","0"
"0x78a857770380","      LEA.HI.X R3, R8, UR29, R9, 0x2, P1","3","1","3","6806","217792","217792","32","32","0","0","-","-","-","0","0","0","0","0","0","0","0","0","-","0","0","0","0","0","0","0","0","0","0","0","0","0","0","0","0","0","1","1","0","0","0","1","0","0","0","0","0","0","0","0","0","0","0","0","0","0","0","0","1"
"0x78a857770390","      ST.E desc[UR24][R2.64], R69","4","4","4","6806","217792","217792","32","32","0","0","Global","Store","32","27224","0","0","0","0","81672","108896","27224","0","","0","0","0","0","0","0","0","0","0","0","2","0","0","0","2","0","0","0","0","0","0","0","0","0","0","0","0","2","0","0","0","2","0","0","0","0","0","0","0","0"
"0x78a8577703a0","      EXIT","0","0","0","6806","217792","217792","32","32","0","0","-","-","-","0","0","0","0","0","0","0","0","0","-","0","0","0","0","0","0","0","0","0","0","0","0","0","0","0","0","0","0","0","0","0","0","0","0","0","0","0","0","0","0","0","0","0","0","0","0","0","0","0","0"
"0x78a8577703b0","      LDC R36, c[0x0][0x438]","32","24","32","0","0","0","0","0","32","0","-","-","-","0","0","0","0","0","0","0","0","0","-","0","0","0","0","0","0","0","1","0","31","0","0","0","0","0","0","0","0","0","0","0","0","0","0","1","0","23","0","0","0","0","0","0","0","0","0","0","0","0","0"
"0x78a8577703c0","      ISETP.GE.AND P2, PT, R24, UR7, PT","0","0","0","0","0","0","0","0","32","0","-","-","-","0","0","0","0","0","0","0","0","0","-","0","0","0","0","0","0","0","0","0","0","0","0","0","0","0","0","0","0","0","0","0","0","0","0","0","0","0","0","0","0","0","0","0","0","0","0","0","0","0","0"
"0x78a8577703d0","      ISETP.GE.OR P3, PT, R18, UR6, P2","0","0","0","0","0","0","0","0","32","0","-","-","-","0","0","0","0","0","0","0","0","0","-","0","0","0","0","0","0","0","0","0","0","0","0","0","0","0","0","0","0","0","0","0","0","0","0","0","0","0","0","0","0","0","0","0","0","0","0","0","0","0","0"
"0x78a8577703e0","      LDC.64 R4, c[0x0][0x448]","0","0","0","0","0","0","0","0","32","0","-","-","-","0","0","0","0","0","0","0","0","0","-","0","0","0","0","0","0","0","0","0","0","0","0","0","0","0","0","0","0","0","0","0","0","0","0","0","0","0","0","0","0","0","0","0","0","0","0","0","0","0","0"
"0x78a8577703f0","      LDC.64 R6, c[0x0][0x440]","0","0","0","0","0","0","0","0","32","0","-","-","-","0","0","0","0","0","0","0","0","0","-","0","0","0","0","0","0","0","0","0","0","0","0","0","0","0","0","0","0","0","0","0","0","0","0","0","0","0","0","0","0","0","0","0","0","0","0","0","0","0","0"
"0x78a857770400","      IMAD R2, R18, R36, RZ","0","0","0","0","0","0","0","0","32","0","-","-","-","0","0","0","0","0","0","0","0","0","-","0","0","0","0","0","0","0","0","0","0","0","0","0","0","0","0","0","0","0","0","0","0","0","0","0","0","0","0","0","0","0","0","0","0","0","0","0","0","0","0"
"0x78a857770410","      SHF.R.S32.HI R3, RZ, 0x1f, R2","0","0","0","0","0","0","0","0","32","0","-","-","-","0","0","0","0","0","0","0","0","0","-","0","0","0","0","0","0","0","0","0","0","0","0","0","0","0","0","0","0","0","0","0","0","0","0","0","0","0","0","0","0","0","0","0","0","0","0","0","0","0","0"
"0x78a857770420","      IMAD R5, R5, UR8, RZ","0","0","0","0","0","0","0","0","32","0","-","-","-","0","0","0","0","0","0","0","0","0","-","0","0","0","0","0","0","0","0","0","0","0","0","0","0","0","0","0","0","0","0","0","0","0","0","0","0","0","0","0","0","0","0","0","0","0","0","0","0","0","0"
"0x78a857770430","      IMAD.WIDE.U32 R2, R4, UR8, R2","0","0","0","0","0","0","0","0","32","0","-","-","-","0","0","0","0","0","0","0","0","0","-","0","0","0","0","0","0","0","0","0","0","0","0","0","0","0","0","0","0","0","0","0","0","0","0","0","0","0","0","0","0","0","0","0","0","0","0","0","0","0","0"
"0x78a857770440","      IADD3 R3, PT, PT, R3, R5, RZ","0","0","0","0","0","0","0","0","32","0","-","-","-","0","0","0","0","0","0","0","0","0","-","0","0","0","0","0","0","0","0","0","0","0","0","0","0","0","0","0","0","0","0","0","0","0","0","0","0","0","0","0","0","0","0","0","0","0","0","0","0","0","0"
"0x78a857770450","      LEA R14, P0, R2, R6, 0x2","0","0","0","0","0","0","0","0","32","0","-","-","-","0","0","0","0","0","0","0","0","0","-","0","0","0","0","0","0","0","0","0","0","0","0","0","0","0","0","0","0","0","0","0","0","0","0","0","0","0","0","0","0","0","0","0","0","0","0","0","0","0","0"
"0x78a857770460","      LEA.HI.X R15, R2, R7, R3, 0x2, P0","0","0","0","0","0","0","0","0","32","0","-","-","-","0","0","0","0","0","0","0","0","0","-","0","0","0","0","0","0","0","0","0","0","0","0","0","0","0","0","0","0","0","0","0","0","0","0","0","0","0","0","0","0","0","0","0","0","0","0","0","0","0","0"
"0x78a857770470","@!P3  LDG.E R21, desc[UR24][R14.64]","0","0","0","0","0","0","0","0","32","0","","","","0","0","0","0","0","0","0","0","0","","0","0","0","0","0","0","0","0","0","0","0","0","0","0","0","0","0","0","0","0","0","0","0","0","0","0","0","0","0","0","0","0","0","0","0","0","0","0","0","0"
"0x78a857770480","      IMAD R12, R18, R36, R36","0","0","0","0","0","0","0","0","32","0","-","-","-","0","0","0","0","0","0","0","0","0","-","0","0","0","0","0","0","0","0","0","0","0","0","0","0","0","0","0","0","0","0","0","0","0","0","0","0","0","0","0","0","0","0","0","0","0","0","0","0","0","0"
"0x78a857770490","      SHF.R.S32.HI R3, RZ, 0x1f, R18","0","0","0","0","0","0","0","0","32","0","-","-","-","0","0","0","0","0","0","0","0","0","-","0","0","0","0","0","0","0","0","0","0","0","0","0","0","0","0","0","0","0","0","0","0","0","0","0","0","0","0","0","0","0","0","0","0","0","0","0","0","0","0"
"0x78a8577704a0","      IMAD.WIDE.U32 R8, R24, UR5, RZ","0","0","0","0","0","0","0","0","32","0","-","-","-","0","0","0","0","0","0","0","0","0","-","0","0","0","0","0","0","0","0","0","0","0","0","0","0","0","0","0","0","0","0","0","0","0","0","0","0","0","0","0","0","0","0","0","0","0","0","0","0","0","0"
"0x78a8577704b0","      MOV R2, R18","0","0","0","0","0","0","0","0","32","0","-","-","-","0","0","0","0","0","0","0","0","0","-","0","0","0","0","0","0","0","0","0","0","0","0","0","0","0","0","0","0","0","0","0","0","0","0","0","0","0","0","0","0","0","0","0","0","0","0","0","0","0","0"
"0x78a8577704c0","      ISETP.GE.AND P0, PT, R20, UR6, PT","0","0","0","0","0","0","0","0","32","0","-","-","-","0","0","0","0","0","0","0","0","0","-","0","0","0","0","0","0","0","0","0","0","0","0","0","0","0","0","0","0","0","0","0","0","0","0","0","0","0","0","0","0","0","0","0","0","0","0","0","0","0","0"
"0x78a8577704d0","      SHF.R.S32.HI R13, RZ, 0x1f, R12","0","0","0","0","0","0","0","0","32","0","-","-","-","0","0","0","0","0","0","0","0","0","-","0","0","0","0","0","0","0","0","0","0","0","0","0","0","0","0","0","0","0","0","0","0","0","0","0","0","0","0","0","0","0","0","0","0","0","0","0","0","0","0"
"0x78a8577704e0","      IMAD R9, R24, UR4, R9","0","0","0","0","0","0","0","0","32","0","-","-","-","0","0","0","0","0","0","0","0","0","-","0","0","0","0","0","0","0","0","0","0","0","0","0","0","0","0","0","0","0","0","0","0","0","0","0","0","0","0","0","0","0","0","0","0","0","0","0","0","0","0"
"0x78a8577704f0","      ISETP.GE.OR P1, PT, R24, UR7, P0","0","0","0","0","0","0","0","0","32","0","-","-","-","0","0","0","0","0","0","0","0","0","-","0","0","0","0","0","0","0","0","0","0","0","0","0","0","0","0","0","0","0","0","0","0","0","0","0","0","0","0","0","0","0","0","0","0","0","0","0","0","0","0"
"0x78a857770500","      IMAD.WIDE.U32 R12, R4, UR8, R12","0","0","0","0","0","0","0","0","32","0","-","-","-","0","0","0","0","0","0","0","0","0","-","0","0","0","0","0","0","0","0","0","0","0","0","0","0","0","0","0","0","0","0","0","0","0","0","0","0","0","0","0","0","0","0","0","0","0","0","0","0","0","0"
"0x78a857770510","      IADD.64 R10, R2, R8","0","0","0","0","0","0","0","0","32","0","-","-","-","0","0","0","0","0","0","0","0","0","-","0","0","0","0","0","0","0","0","0","0","0","0","0","0","0","0","0","0","0","0","0","0","0","0","0","0","0","0","0","0","0","0","0","0","0","0","0","0","0","0"
"0x78a857770520","      IADD3 R13, PT, PT, R5, R13, RZ","0","0","0","0","0","0","0","0","32","0","-","-","-","0","0","0","0","0","0","0","0","0","-","0","0","0","0","0","0","0","0","0","0","0","0","0","0","0","0","0","0","0","0","0","0","0","0","0","0","0","0","0","0","0","0","0","0","0","0","0","0","0","0"
"0x78a857770530","      LEA R20, P6, R10, UR28, 0x2","0","0","0","0","0","0","0","0","32","0","-","-","-","0","0","0","0","0","0","0","0","0","-","0","0","0","0","0","0","0","0","0","0","0","0","0","0","0","0","0","0","0","0","0","0","0","0","0","0","0","0","0","0","0","0","0","0","0","0","0","0","0","0"
"0x78a857770540","      LEA R22, P5, R12, R6, 0x2","0","0","0","0","0","0","0","0","32","0","-","-","-","0","0","0","0","0","0","0","0","0","-","0","0","0","0","0","0","0","0","0","0","0","0","0","0","0","0","0","0","0","0","0","0","0","0","0","0","0","0","0","0","0","0","0","0","0","0","0","0","0","0"
"0x78a857770550","      LEA.HI.X R23, R12, R7, R13, 0x2, P5","0","0","0","0","0","0","0","0","32","0","-","-","-","0","0","0","0","0","0","0","0","0","-","0","0","0","0","0","0","0","0","0","0","0","0","0","0","0","0","0","0","0","0","0","0","0","0","0","0","0","0","0","0","0","0","0","0","0","0","0","0","0","0"
"0x78a857770560","@!P3  FADD R55, R21, R28","0","0","0","0","0","0","0","0","32","0","-","-","-","0","0","0","0","0","0","0","0","0","-","0","0","0","0","0","0","0","0","0","0","0","0","0","0","0","0","0","0","0","0","0","0","0","0","0","0","0","0","0","0","0","0","0","0","0","0","0","0","0","0"
"0x78a857770570","      LEA.HI.X R21, R10, UR29, R11, 0x2, P6","0","0","0","0","0","0","0","0","32","0","-","-","-","0","0","0","0","0","0","0","0","0","-","0","0","0","0","0","0","0","0","0","0","0","0","0","0","0","0","0","0","0","0","0","0","0","0","0","0","0","0","0","0","0","0","0","0","0","0","0","0","0","0"
"0x78a857770580","@!P3  FSETP.GEU.AND P4, PT, R55, R0, PT","0","0","0","0","0","0","0","0","32","0","-","-","-","0","0","0","0","0","0","0","0","0","-","0","0","0","0","0","0","0","0","0","0","0","0","0","0","0","0","0","0","0","0","0","0","0","0","0","0","0","0","0","0","0","0","0","0","0","0","0","0","0","0"
"0x78a857770590","@!P3  FSEL R55, R0, R55, !P4","0","0","0","0","0","0","0","0","32","0","-","-","-","0","0","0","0","0","0","0","0","0","-","0","0","0","0","0","0","0","0","0","0","0","0","0","0","0","0","0","0","0","0","0","0","0","0","0","0","0","0","0","0","0","0","0","0","0","0","0","0","0","0"
"0x78a8577705a0","@!P3  ST.E desc[UR24][R20.64], R55","0","0","0","0","0","0","0","0","32","0","","","","0","0","0","0","0","0","0","0","0","","0","0","0","0","0","0","0","0","0","0","0","0","0","0","0","0","0","0","0","0","0","0","0","0","0","0","0","0","0","0","0","0","0","0","0","0","0","0","0","0"
"0x78a8577705b0","@!P1  LDG.E R12, desc[UR24][R22.64]","0","0","0","0","0","0","0","0","32","0","","","","0","0","0","0","0","0","0","0","0","","0","0","0","0","0","0","0","0","0","0","0","0","0","0","0","0","0","0","0","0","0","0","0","0","0","0","0","0","0","0","0","0","0","0","0","0","0","0","0","0"
"0x78a8577705c0","      IMAD R10, R37, R36, RZ","0","0","0","0","0","0","0","0","32","0","-","-","-","0","0","0","0","0","0","0","0","0","-","0","0","0","0","0","0","0","0","0","0","0","0","0","0","0","0","0","0","0","0","0","0","0","0","0","0","0","0","0","0","0","0","0","0","0","0","0","0","0","0"
"0x78a8577705d0","      ISETP.GE.AND P6, PT, R37, UR6, PT","0","0","0","0","0","0","0","0","32","0","-","-","-","0","0","0","0","0","0","0","0","0","-","0","0","0","0","0","0","0","0","0","0","0","0","0","0","0","0","0","0","0","0","0","0","0","0","0","0","0","0","0","0","0","0","0","0","0","0","0","0","0","0"
"0x78a8577705e0","      LOP3.LUT R28, R28, 0xfffffffe, RZ, 0xc0, !PT","0","0","0","0","0","0","0","0","32","0","-","-","-","0","0","0","0","0","0","0","0","0","-","0","0","0","0","0","0","0","0","0","0","0","0","0","0","0","0","0","0","0","0","0","0","0","0","0","0","0","0","0","0","0","0","0","0","0","0","0","0","0","0"
"0x78a8577705f0","      SHF.R.S32.HI R11, RZ, 0x1f, R10","0","0","0","0","0","0","0","0","32","0","-","-","-","0","0","0","0","0","0","0","0","0","-","0","0","0","0","0","0","0","0","0","0","0","0","0","0","0","0","0","0","0","0","0","0","0","0","0","0","0","0","0","0","0","0","0","0","0","0","0","0","0","0"
"0x78a857770600","      ISETP.GE.OR P3, PT, R24, UR7, P6","0","0","0","0","0","0","0","0","32","0","-","-","-","0","0","0","0","0","0","0","0","0","-","0","0","0","0","0","0","0","0","0","0","0","0","0","0","0","0","0","0","0","0","0","0","0","0","0","0","0","0","0","0","0","0","0","0","0","0","0","0","0","0"
"0x78a857770610","      IMAD.WIDE.U32 R10, R4, UR8, R10","0","0","0","0","0","0","0","0","32","0","-","-","-","0","0","0","0","0","0","0","0","0","-","0","0","0","0","0","0","0","0","0","0","0","0","0","0","0","0","0","0","0","0","0","0","0","0","0","0","0","0","0","0","0","0","0","0","0","0","0","0","0","0"
"0x78a857770620","      BSSY.RECONVERGENT B0, 0x78a857770d60","0","0","0","0","0","0","0","0","32","0","-","-","-","0","0","0","0","0","0","0","0","0","-","0","0","0","0","0","0","0","0","0","0","0","0","0","0","0","0","0","0","0","0","0","0","0","0","0","0","0","0","0","0","0","0","0","0","0","0","0","0","0","0"
"0x78a857770630","@P6   LOP3.LUT R28, R28, 0x1, RZ, 0xfc, !PT","0","0","0","0","0","0","0","0","32","0","-","-","-","0","0","0","0","0","0","0","0","0","-","0","0","0","0","0","0","0","0","0","0","0","0","0","0","0","0","0","0","0","0","0","0","0","0","0","0","0","0","0","0","0","0","0","0","0","0","0","0","0","0"
"0x78a857770640","      IADD3 R11, PT, PT, R5, R11, RZ","0","0","0","0","0","0","0","0","32","0","-","-","-","0","0","0","0","0","0","0","0","0","-","0","0","0","0","0","0","0","0","0","0","0","0","0","0","0","0","0","0","0","0","0","0","0","0","0","0","0","0","0","0","0","0","0","0","0","0","0","0","0","0"
"0x78a857770650","@!P1  FADD R51, R12, R51","0","0","0","0","0","0","0","0","32","0","-","-","-","0","0","0","0","0","0","0","0","0","-","0","0","0","0","0","0","0","0","0","0","0","0","0","0","0","0","0","0","0","0","0","0","0","0","0","0","0","0","0","0","0","0","0","0","0","0","0","0","0","0"
"0x78a857770660","      LEA R12, P5, R10, R6, 0x2","0","0","0","0","0","0","0","0","32","0","-","-","-","0","0","0","0","0","0","0","0","0","-","0","0","0","0","0","0","0","0","0","0","0","0","0","0","0","0","0","0","0","0","0","0","0","0","0","0","0","0","0","0","0","0","0","0","0","0","0","0","0","0"
"0x78a857770670","@!P1  FSETP.GEU.AND P4, PT, R51, R0, PT","0","0","0","0","0","0","0","0","32","0","-","-","-","0","0","0","0","0","0","0","0","0","-","0","0","0","0","0","0","0","0","0","0","0","0","0","0","0","0","0","0","0","0","0","0","0","0","0","0","0","0","0","0","0","0","0","0","0","0","0","0","0","0"
"0x78a857770680","      LEA.HI.X R13, R10, R7, R11, 0x2, P5","0","0","0","0","0","0","0","0","32","0","-","-","-","0","0","0","0","0","0","0","0","0","-","0","0","0","0","0","0","0","0","0","0","0","0","0","0","0","0","0","0","0","0","0","0","0","0","0","0","0","0","0","0","0","0","0","0","0","0","0","0","0","0"
"0x78a857770690","@!P1  FSEL R51, R0, R51, !P4","0","0","0","0","0","0","0","0","32","0","-","-","-","0","0","0","0","0","0","0","0","0","-","0","0","0","0","0","0","0","0","0","0","0","0","0","0","0","0","0","0","0","0","0","0","0","0","0","0","0","0","0","0","0","0","0","0","0","0","0","0","0","0"
"0x78a8577706a0","@!P1  ST.E desc[UR24][R20.64+0x4], R51","0","0","0","0","0","0","0","0","32","0","","","","0","0","0","0","0","0","0","0","0","","0","0","0","0","0","0","0","0","0","0","0","0","0","0","0","0","0","0","0","0","0","0","0","0","0","0","0","0","0","0","0","0","0","0","0","0","0","0","0","0"
"0x78a8577706b0","@!P3  LDG.E R54, desc[UR24][R12.64]","0","0","0","0","0","0","0","0","32","0","","","","0","0","0","0","0","0","0","0","0","","0","0","0","0","0","0","0","0","0","0","0","0","0","0","0","0","0","0","0","0","0","0","0","0","0","0","0","0","0","0","0","0","0","0","0","0","0","0","0","0"
"0x78a8577706c0","      IMAD R10, R35, R36, RZ","0","0","0","0","0","0","0","0","32","0","-","-","-","0","0","0","0","0","0","0","0","0","-","0","0","0","0","0","0","0","0","0","0","0","0","0","0","0","0","0","0","0","0","0","0","0","0","0","0","0","0","0","0","0","0","0","0","0","0","0","0","0","0"
"0x78a8577706d0","      ISETP.GE.AND P1, PT, R35, UR6, PT","0","0","0","0","0","0","0","0","32","0","-","-","-","0","0","0","0","0","0","0","0","0","-","0","0","0","0","0","0","0","0","0","0","0","0","0","0","0","0","0","0","0","0","0","0","0","0","0","0","0","0","0","0","0","0","0","0","0","0","0","0","0","0"
"0x78a8577706e0","      SHF.R.S32.HI R11, RZ, 0x1f, R10","0","0","0","0","0","0","0","0","32","0","-","-","-","0","0","0","0","0","0","0","0","0","-","0","0","0","0","0","0","0","0","0","0","0","0","0","0","0","0","0","0","0","0","0","0","0","0","0","0","0","0","0","0","0","0","0","0","0","0","0","0","0","0"
"0x78a8577706f0","      ISETP.GE.OR P4, PT, R24, UR7, P1","0","0","0","0","0","0","0","0","32","0","-","-","-","0","0","0","0","0","0","0","0","0","-","0","0","0","0","0","0","0","0","0","0","0","0","0","0","0","0","0","0","0","0","0","0","0","0","0","0","0","0","0","0","0","0","0","0","0","0","0","0","0","0"
"0x78a857770700","      IMAD.WIDE.U32 R10, R4, UR8, R10","0","0","0","0","0","0","0","0","32","0","-","-","-","0","0","0","0","0","0","0","0","0","-","0","0","0","0","0","0","0","0","0","0","0","0","0","0","0","0","0","0","0","0","0","0","0","0","0","0","0","0","0","0","0","0","0","0","0","0","0","0","0","0"
"0x78a857770710","      IADD3 R11, PT, PT, R5, R11, RZ","0","0","0","0","0","0","0","0","32","0","-","-","-","0","0","0","0","0","0","0","0","0","-","0","0","0","0","0","0","0","0","0","0","0","0","0","0","0","0","0","0","0","0","0","0","0","0","0","0","0","0","0","0","0","0","0","0","0","0","0","0","0","0"
"0x78a857770720","@!P3  FADD R57, R54, R57","0","0","0","0","0","0","0","0","32","0","-","-","-","0","0","0","0","0","0","0","0","0","-","0","0","0","0","0","0","0","0","0","0","0","0","0","0","0","0","0","0","0","0","0","0","0","0","0","0","0","0","0","0","0","0","0","0","0","0","0","0","0","0"
"0x78a857770730","@!P3  FSETP.GEU.AND P5, PT, R57, R0, PT","0","0","0","0","0","0","0","0","32","0","-","-","-","0","0","0","0","0","0","0","0","0","-","0","0","0","0","0","0","0","0","0","0","0","0","0","0","0","0","0","0","0","0","0","0","0","0","0","0","0","0","0","0","0","0","0","0","0","0","0","0","0","0"
"0x78a857770740","@!P3  FSEL R57, R0, R57, !P5","0","0","0","0","0","0","0","0","32","0","-","-","-","0","0","0","0","0","0","0","0","0","-","0","0","0","0","0","0","0","0","0","0","0","0","0","0","0","0","0","0","0","0","0","0","0","0","0","0","0","0","0","0","0","0","0","0","0","0","0","0","0","0"
"0x78a857770750","      LEA R54, P5, R10, R6, 0x2","0","0","0","0","0","0","0","0","32","0","-","-","-","0","0","0","0","0","0","0","0","0","-","0","0","0","0","0","0","0","0","0","0","0","0","0","0","0","0","0","0","0","0","0","0","0","0","0","0","0","0","0","0","0","0","0","0","0","0","0","0","0","0"
"0x78a857770760","      LEA.HI.X R55, R10, R7, R11, 0x2, P5","0","0","0","0","0","0","0","0","32","0","-","-","-","0","0","0","0","0","0","0","0","0","-","0","0","0","0","0","0","0","0","0","0","0","0","0","0","0","0","0","0","0","0","0","0","0","0","0","0","0","0","0","0","0","0","0","0","0","0","0","0","0","0"
"0x78a857770770","@!P3  ST.E desc[UR24][R20.64+0x8], R57","0","0","0","0","0","0","0","0","32","0","","","","0","0","0","0","0","0","0","0","0","","0","0","0","0","0","0","0","0","0","0","0","0","0","0","0","0","0","0","0","0","0","0","0","0","0","0","0","0","0","0","0","0","0","0","0","0","0","0","0","0"
"0x78a857770780","@!P4  LDG.E R24, desc[UR24][R54.64]","0","0","0","0","0","0","0","0","32","0","","","","0","0","0","0","0","0","0","0","0","","0","0","0","0","0","0","0","0","0","0","0","0","0","0","0","0","0","0","0","0","0","0","0","0","0","0","0","0","0","0","0","0","0","0","0","0","0","0","0","0"
"0x78a857770790","      IMAD R10, R16, R36, RZ","0","0","0","0","0","0","0","0","32","0","-","-","-","0","0","0","0","0","0","0","0","0","-","0","0","0","0","0","0","0","0","0","0","0","0","0","0","0","0","0","0","0","0","0","0","0","0","0","0","0","0","0","0","0","0","0","0","0","0","0","0","0","0"
"0x78a8577707a0","      ISETP.GE.OR P3, PT, R16, UR6, P2","0","0","0","0","0","0","0","0","32","0","-","-","-","0","0","0","0","0","0","0","0","0","-","0","0","0","0","0","0","0","0","0","0","0","0","0","0","0","0","0","0","0","0","0","0","0","0","0","0","0","0","0","0","0","0","0","0","0","0","0","0","0","0"
"0x78a8577707b0","      SHF.R.S32.HI R11, RZ, 0x1f, R10","0","0","0","0","0","0","0","0","32","0","-","-","-","0","0","0","0","0","0","0","0","0","-","0","0","0","0","0","0","0","0","0","0","0","0","0","0","0","0","0","0","0","0","0","0","0","0","0","0","0","0","0","0","0","0","0","0","0","0","0","0","0","0"
"0x78a8577707c0","      IMAD.WIDE.U32 R64, R4, UR8, R10","0","0","0","0","0","0","0","0","32","0","-","-","-","0","0","0","0","0","0","0","0","0","-","0","0","0","0","0","0","0","0","0","0","0","0","0","0","0","0","0","0","0","0","0","0","0","0","0","0","0","0","0","0","0","0","0","0","0","0","0","0","0","0"
"0x78a8577707d0","      IADD3 R11, PT, PT, R5, R65, RZ","0","0","0","0","0","0","0","0","32","0","-","-","-","0","0","0","0","0","0","0","0","0","-","0","0","0","0","0","0","0","0","0","0","0","0","0","0","0","0","0","0","0","0","0","0","0","0","0","0","0","0","0","0","0","0","0","0","0","0","0","0","0","0"
"0x78a8577707e0","@!P4  FADD R45, R24, R45","0","0","0","0","0","0","0","0","32","0","-","-","-","0","0","0","0","0","0","0","0","0","-","0","0","0","0","0","0","0","0","0","0","0","0","0","0","0","0","0","0","0","0","0","0","0","0","0","0","0","0","0","0","0","0","0","0","0","0","0","0","0","0"
"0x78a8577707f0","@!P4  FSETP.GEU.AND P5, PT, R45, R0, PT","0","0","0","0","0","0","0","0","32","0","-","-","-","0","0","0","0","0","0","0","0","0","-","0","0","0","0","0","0","0","0","0","0","0","0","0","0","0","0","0","0","0","0","0","0","0","0","0","0","0","0","0","0","0","0","0","0","0","0","0","0","0","0"
"0x78a857770800","@!P4  FSEL R45, R0, R45, !P5","0","0","0","0","0","0","0","0","32","0","-","-","-","0","0","0","0","0","0","0","0","0","-","0","0","0","0","0","0","0","0","0","0","0","0","0","0","0","0","0","0","0","0","0","0","0","0","0","0","0","0","0","0","0","0","0","0","0","0","0","0","0","0"
"0x78a857770810","      LEA R10, P5, R64, R6, 0x2","0","0","0","0","0","0","0","0","32","0","-","-","-","0","0","0","0","0","0","0","0","0","-","0","0","0","0","0","0","0","0","0","0","0","0","0","0","0","0","0","0","0","0","0","0","0","0","0","0","0","0","0","0","0","0","0","0","0","0","0","0","0","0"
"0x78a857770820","      LEA.HI.X R11, R64, R7, R11, 0x2, P5","0","0","0","0","0","0","0","0","32","0","-","-","-","0","0","0","0","0","0","0","0","0","-","0","0","0","0","0","0","0","0","0","0","0","0","0","0","0","0","0","0","0","0","0","0","0","0","0","0","0","0","0","0","0","0","0","0","0","0","0","0","0","0"
"0x78a857770830","@!P4  ST.E desc[UR24][R20.64+0xc], R45","0","0","0","0","0","0","0","0","32","0","","","","0","0","0","0","0","0","0","0","0","","0","0","0","0","0","0","0","0","0","0","0","0","0","0","0","0","0","0","0","0","0","0","0","0","0","0","0","0","0","0","0","0","0","0","0","0","0","0","0","0"
"0x78a857770840","@!P3  LDG.E R35, desc[UR24][R10.64]","0","0","0","0","0","0","0","0","32","0","","","","0","0","0","0","0","0","0","0","0","","0","0","0","0","0","0","0","0","0","0","0","0","0","0","0","0","0","0","0","0","0","0","0","0","0","0","0","0","0","0","0","0","0","0","0","0","0","0","0","0"
"0x78a857770850","      IMAD R64, R34, R36, RZ","0","0","0","0","0","0","0","0","32","0","-","-","-","0","0","0","0","0","0","0","0","0","-","0","0","0","0","0","0","0","0","0","0","0","0","0","0","0","0","0","0","0","0","0","0","0","0","0","0","0","0","0","0","0","0","0","0","0","0","0","0","0","0"
"0x78a857770860","      SHF.R.S32.HI R65, RZ, 0x1f, R64","0","0","0","0","0","0","0","0","32","0","-","-","-","0","0","0","0","0","0","0","0","0","-","0","0","0","0","0","0","0","0","0","0","0","0","0","0","0","0","0","0","0","0","0","0","0","0","0","0","0","0","0","0","0","0","0","0","0","0","0","0","0","0"
"0x78a857770870","@!P3  SHF.R.S32.HI R21, RZ, 0x1f, R16","0","0","0","0","0","0","0","0","32","0","-","-","-","0","0","0","0","0","0","0","0","0","-","0","0","0","0","0","0","0","0","0","0","0","0","0","0","0","0","0","0","0","0","0","0","0","0","0","0","0","0","0","0","0","0","0","0","0","0","0","0","0","0"
"0x78a857770880","@!P3  MOV R20, R16","0","0","0","0","0","0","0","0","32","0","-","-","-","0","0","0","0","0","0","0","0","0","-","0","0","0","0","0","0","0","0","0","0","0","0","0","0","0","0","0","0","0","0","0","0","0","0","0","0","0","0","0","0","0","0","0","0","0","0","0","0","0","0"
"0x78a857770890","      IMAD.WIDE.U32 R64, R4, UR8, R64","0","0","0","0","0","0","0","0","32","0","-","-","-","0","0","0","0","0","0","0","0","0","-","0","0","0","0","0","0","0","0","0","0","0","0","0","0","0","0","0","0","0","0","0","0","0","0","0","0","0","0","0","0","0","0","0","0","0","0","0","0","0","0"
"0x78a8577708a0","@!P3  IADD.64 R20, R20, R8","0","0","0","0","0","0","0","0","32","0","-","-","-","0","0","0","0","0","0","0","0","0","-","0","0","0","0","0","0","0","0","0","0","0","0","0","0","0","0","0","0","0","0","0","0","0","0","0","0","0","0","0","0","0","0","0","0","0","0","0","0","0","0"
"0x78a8577708b0","@!P3  LEA R70, P4, R20, UR28, 0x2","0","0","0","0","0","0","0","0","32","0","-","-","-","0","0","0","0","0","0","0","0","0","-","0","0","0","0","0","0","0","0","0","0","0","0","0","0","0","0","0","0","0","0","0","0","0","0","0","0","0","0","0","0","0","0","0","0","0","0","0","0","0","0"
"0x78a8577708c0","@!P3  LEA.HI.X R71, R20, UR29, R21, 0x2, P4","0","0","0","0","0","0","0","0","32","0","-","-","-","0","0","0","0","0","0","0","0","0","-","0","0","0","0","0","0","0","0","0","0","0","0","0","0","0","0","0","0","0","0","0","0","0","0","0","0","0","0","0","0","0","0","0","0","0","0","0","0","0","0"
"0x78a8577708d0","      ISETP.GE.OR P4, PT, R34, UR6, P2","0","0","0","0","0","0","0","0","32","0","-","-","-","0","0","0","0","0","0","0","0","0","-","0","0","0","0","0","0","0","0","0","0","0","0","0","0","0","0","0","0","0","0","0","0","0","0","0","0","0","0","0","0","0","0","0","0","0","0","0","0","0","0"
"0x78a8577708e0","      IADD3 R21, PT, PT, R5, R65, RZ","0","0","0","0","0","0","0","0","32","0","-","-","-","0","0","0","0","0","0","0","0","0","-","0","0","0","0","0","0","0","0","0","0","0","0","0","0","0","0","0","0","0","0","0","0","0","0","0","0","0","0","0","0","0","0","0","0","0","0","0","0","0","0"
"0x78a8577708f0","@!P3  FADD R35, R35, R48","0","0","0","0","0","0","0","0","32","0","-","-","-","0","0","0","0","0","0","0","0","0","-","0","0","0","0","0","0","0","0","0","0","0","0","0","0","0","0","0","0","0","0","0","0","0","0","0","0","0","0","0","0","0","0","0","0","0","0","0","0","0","0"
"0x78a857770900","@!P3  FSETP.GEU.AND P5, PT, R35, R0, PT","0","0","0","0","0","0","0","0","32","0","-","-","-","0","0","0","0","0","0","0","0","0","-","0","0","0","0","0","0","0","0","0","0","0","0","0","0","0","0","0","0","0","0","0","0","0","0","0","0","0","0","0","0","0","0","0","0","0","0","0","0","0","0"
"0x78a857770910","@!P3  FSEL R37, R0, R35, !P5","0","0","0","0","0","0","0","0","32","0","-","-","-","0","0","0","0","0","0","0","0","0","-","0","0","0","0","0","0","0","0","0","0","0","0","0","0","0","0","0","0","0","0","0","0","0","0","0","0","0","0","0","0","0","0","0","0","0","0","0","0","0","0"
"0x78a857770920","      LEA R20, P5, R64, R6, 0x2","0","0","0","0","0","0","0","0","32","0","-","-","-","0","0","0","0","0","0","0","0","0","-","0","0","0","0","0","0","0","0","0","0","0","0","0","0","0","0","0","0","0","0","0","0","0","0","0","0","0","0","0","0","0","0","0","0","0","0","0","0","0","0"
"0x78a857770930","      LEA.HI.X R21, R64, R7, R21, 0x2, P5","0","0","0","0","0","0","0","0","32","0","-","-","-","0","0","0","0","0","0","0","0","0","-","0","0","0","0","0","0","0","0","0","0","0","0","0","0","0","0","0","0","0","0","0","0","0","0","0","0","0","0","0","0","0","0","0","0","0","0","0","0","0","0"
"0x78a857770940","@!P3  ST.E desc[UR24][R70.64], R37","0","0","0","0","0","0","0","0","32","0","","","","0","0","0","0","0","0","0","0","0","","0","0","0","0","0","0","0","0","0","0","0","0","0","0","0","0","0","0","0","0","0","0","0","0","0","0","0","0","0","0","0","0","0","0","0","0","0","0","0","0"
"0x78a857770950","@!P4  LDG.E R24, desc[UR24][R20.64]","0","0","0","0","0","0","0","0","32","0","","","","0","0","0","0","0","0","0","0","0","","0","0","0","0","0","0","0","0","0","0","0","0","0","0","0","0","0","0","0","0","0","0","0","0","0","0","0","0","0","0","0","0","0","0","0","0","0","0","0","0"
"0x78a857770960","@!P4  SHF.R.S32.HI R35, RZ, 0x1f, R34","0","0","0","0","0","0","0","0","32","0","-","-","-","0","0","0","0","0","0","0","0","0","-","0","0","0","0","0","0","0","0","0","0","0","0","0","0","0","0","0","0","0","0","0","0","0","0","0","0","0","0","0","0","0","0","0","0","0","0","0","0","0","0"
"0x78a857770970","@!P4  IADD.64 R64, R34, R8","0","0","0","0","0","0","0","0","32","0","-","-","-","0","0","0","0","0","0","0","0","0","-","0","0","0","0","0","0","0","0","0","0","0","0","0","0","0","0","0","0","0","0","0","0","0","0","0","0","0","0","0","0","0","0","0","0","0","0","0","0","0","0"
"0x78a857770980","      IMAD R70, R33, R36, RZ","0","0","0","0","0","0","0","0","32","0","-","-","-","0","0","0","0","0","0","0","0","0","-","0","0","0","0","0","0","0","0","0","0","0","0","0","0","0","0","0","0","0","0","0","0","0","0","0","0","0","0","0","0","0","0","0","0","0","0","0","0","0","0"
"0x78a857770990","@!P4  LEA R72, P5, R64, UR28, 0x2","0","0","0","0","0","0","0","0","32","0","-","-","-","0","0","0","0","0","0","0","0","0","-","0","0","0","0","0","0","0","0","0","0","0","0","0","0","0","0","0","0","0","0","0","0","0","0","0","0","0","0","0","0","0","0","0","0","0","0","0","0","0","0"
"0x78a8577709a0","      SHF.R.S32.HI R71, RZ, 0x1f, R70","0","0","0","0","0","0","0","0","32","0","-","-","-","0","0","0","0","0","0","0","0","0","-","0","0","0","0","0","0","0","0","0","0","0","0","0","0","0","0","0","0","0","0","0","0","0","0","0","0","0","0","0","0","0","0","0","0","0","0","0","0","0","0"
"0x78a8577709b0","@!P4  LEA.HI.X R73, R64, UR29, R65, 0x2, P5","0","0","0","0","0","0","0","0","32","0","-","-","-","0","0","0","0","0","0","0","0","0","-","0","0","0","0","0","0","0","0","0","0","0","0","0","0","0","0","0","0","0","0","0","0","0","0","0","0","0","0","0","0","0","0","0","0","0","0","0","0","0","0"
"0x78a8577709c0","      ISETP.GE.OR P5, PT, R33, UR6, P2","0","0","0","0","0","0","0","0","32","0","-","-","-","0","0","0","0","0","0","0","0","0","-","0","0","0","0","0","0","0","0","0","0","0","0","0","0","0","0","0","0","0","0","0","0","0","0","0","0","0","0","0","0","0","0","0","0","0","0","0","0","0","0"
"0x78a8577709d0","      IMAD.WIDE.U32 R70, R4, UR8, R70","0","0","0","0","0","0","0","0","32","0","-","-","-","0","0","0","0","0","0","0","0","0","-","0","0","0","0","0","0","0","0","0","0","0","0","0","0","0","0","0","0","0","0","0","0","0","0","0","0","0","0","0","0","0","0","0","0","0","0","0","0","0","0"
"0x78a8577709e0","@!P4  FADD R61, R24, R61","0","0","0","0","0","0","0","0","32","0","-","-","-","0","0","0","0","0","0","0","0","0","-","0","0","0","0","0","0","0","0","0","0","0","0","0","0","0","0","0","0","0","0","0","0","0","0","0","0","0","0","0","0","0","0","0","0","0","0","0","0","0","0"
"0x78a8577709f0","      IADD3 R24, PT, PT, R5, R71, RZ","0","0","0","0","0","0","0","0","32","0","-","-","-","0","0","0","0","0","0","0","0","0","-","0","0","0","0","0","0","0","0","0","0","0","0","0","0","0","0","0","0","0","0","0","0","0","0","0","0","0","0","0","0","0","0","0","0","0","0","0","0","0","0"
"0x78a857770a00","@!P4  FSETP.GEU.AND P3, PT, R61, R0, PT","0","0","0","0","0","0","0","0","32","0","-","-","-","0","0","0","0","0","0","0","0","0","-","0","0","0","0","0","0","0","0","0","0","0","0","0","0","0","0","0","0","0","0","0","0","0","0","0","0","0","0","0","0","0","0","0","0","0","0","0","0","0","0"
"0x78a857770a10","@!P4  FSEL R61, R0, R61, !P3","0","0","0","0","0","0","0","0","32","0","-","-","-","0","0","0","0","0","0","0","0","0","-","0","0","0","0","0","0","0","0","0","0","0","0","0","0","0","0","0","0","0","0","0","0","0","0","0","0","0","0","0","0","0","0","0","0","0","0","0","0","0","0"
"0x78a857770a20","      LEA R64, P3, R70, R6, 0x2","0","0","0","0","0","0","0","0","32","0","-","-","-","0","0","0","0","0","0","0","0","0","-","0","0","0","0","0","0","0","0","0","0","0","0","0","0","0","0","0","0","0","0","0","0","0","0","0","0","0","0","0","0","0","0","0","0","0","0","0","0","0","0"
"0x78a857770a30","      LEA.HI.X R65, R70, R7, R24, 0x2, P3","0","0","0","0","0","0","0","0","32","0","-","-","-","0","0","0","0","0","0","0","0","0","-","0","0","0","0","0","0","0","0","0","0","0","0","0","0","0","0","0","0","0","0","0","0","0","0","0","0","0","0","0","0","0","0","0","0","0","0","0","0","0","0"
"0x78a857770a40","@!P4  ST.E desc[UR24][R72.64], R61","0","0","0","0","0","0","0","0","32","0","","","","0","0","0","0","0","0","0","0","0","","0","0","0","0","0","0","0","0","0","0","0","0","0","0","0","0","0","0","0","0","0","0","0","0","0","0","0","0","0","0","0","0","0","0","0","0","0","0","0","0"
"0x78a857770a50","@!P5  LDG.E R24, desc[UR24][R64.64]","0","0","0","0","0","0","0","0","32","0","","","","0","0","0","0","0","0","0","0","0","","0","0","0","0","0","0","0","0","0","0","0","0","0","0","0","0","0","0","0","0","0","0","0","0","0","0","0","0","0","0","0","0","0","0","0","0","0","0","0","0"
"0x78a857770a60","@!P5  SHF.R.S32.HI R37, RZ, 0x1f, R33","0","0","0","0","0","0","0","0","32","0","-","-","-","0","0","0","0","0","0","0","0","0","-","0","0","0","0","0","0","0","0","0","0","0","0","0","0","0","0","0","0","0","0","0","0","0","0","0","0","0","0","0","0","0","0","0","0","0","0","0","0","0","0"
"0x78a857770a70","      IMAD R72, R32, R36, RZ","0","0","0","0","0","0","0","0","32","0","-","-","-","0","0","0","0","0","0","0","0","0","-","0","0","0","0","0","0","0","0","0","0","0","0","0","0","0","0","0","0","0","0","0","0","0","0","0","0","0","0","0","0","0","0","0","0","0","0","0","0","0","0"
"0x78a857770a80","@!P5  MOV R36, R33","0","0","0","0","0","0","0","0","32","0","-","-","-","0","0","0","0","0","0","0","0","0","-","0","0","0","0","0","0","0","0","0","0","0","0","0","0","0","0","0","0","0","0","0","0","0","0","0","0","0","0","0","0","0","0","0","0","0","0","0","0","0","0"
"0x78a857770a90","      SHF.R.S32.HI R73, RZ, 0x1f, R72","0","0","0","0","0","0","0","0","32","0","-","-","-","0","0","0","0","0","0","0","0","0","-","0","0","0","0","0","0","0","0","0","0","0","0","0","0","0","0","0","0","0","0","0","0","0","0","0","0","0","0","0","0","0","0","0","0","0","0","0","0","0","0"
"0x78a857770aa0","@!P5  IADD.64 R70, R36, R8","0","0","0","0","0","0","0","0","32","0","-","-","-","0","0","0","0","0","0","0","0","0","-","0","0","0","0","0","0","0","0","0","0","0","0","0","0","0","0","0","0","0","0","0","0","0","0","0","0","0","0","0","0","0","0","0","0","0","0","0","0","0","0"
"0x78a857770ab0","      IMAD.WIDE.U32 R72, R4, UR8, R72","0","0","0","0","0","0","0","0","32","0","-","-","-","0","0","0","0","0","0","0","0","0","-","0","0","0","0","0","0","0","0","0","0","0","0","0","0","0","0","0","0","0","0","0","0","0","0","0","0","0","0","0","0","0","0","0","0","0","0","0","0","0","0"
"0x78a857770ac0","@!P5  LEA R36, P3, R70, UR28, 0x2","0","0","0","0","0","0","0","0","32","0","-","-","-","0","0","0","0","0","0","0","0","0","-","0","0","0","0","0","0","0","0","0","0","0","0","0","0","0","0","0","0","0","0","0","0","0","0","0","0","0","0","0","0","0","0","0","0","0","0","0","0","0","0"
"0x78a857770ad0","@!P5  LEA.HI.X R37, R70, UR29, R71, 0x2, P3","0","0","0","0","0","0","0","0","32","0","-","-","-","0","0","0","0","0","0","0","0","0","-","0","0","0","0","0","0","0","0","0","0","0","0","0","0","0","0","0","0","0","0","0","0","0","0","0","0","0","0","0","0","0","0","0","0","0","0","0","0","0","0"
"0x78a857770ae0","      ISETP.GE.OR P3, PT, R32, UR6, P2","0","0","0","0","0","0","0","0","32","0","-","-","-","0","0","0","0","0","0","0","0","0","-","0","0","0","0","0","0","0","0","0","0","0","0","0","0","0","0","0","0","0","0","0","0","0","0","0","0","0","0","0","0","0","0","0","0","0","0","0","0","0","0"
"0x78a857770af0","      IADD3 R5, PT, PT, R5, R73, RZ","0","0","0","0","0","0","0","0","32","0","-","-","-","0","0","0","0","0","0","0","0","0","-","0","0","0","0","0","0","0","0","0","0","0","0","0","0","0","0","0","0","0","0","0","0","0","0","0","0","0","0","0","0","0","0","0","0","0","0","0","0","0","0"
"0x78a857770b00","      LEA R6, P4, R72, R6, 0x2","0","0","0","0","0","0","0","0","32","0","-","-","-","0","0","0","0","0","0","0","0","0","-","0","0","0","0","0","0","0","0","0","0","0","0","0","0","0","0","0","0","0","0","0","0","0","0","0","0","0","0","0","0","0","0","0","0","0","0","0","0","0","0"
"0x78a857770b10","      LEA.HI.X R7, R72, R7, R5, 0x2, P4","0","0","0","0","0","0","0","0","32","0","-","-","-","0","0","0","0","0","0","0","0","0","-","0","0","0","0","0","0","0","0","0","0","0","0","0","0","0","0","0","0","0","0","0","0","0","0","0","0","0","0","0","0","0","0","0","0","0","0","0","0","0","0"
"0x78a857770b20","@!P5  FADD R41, R24, R41","0","0","0","0","0","0","0","0","32","0","-","-","-","0","0","0","0","0","0","0","0","0","-","0","0","0","0","0","0","0","0","0","0","0","0","0","0","0","0","0","0","0","0","0","0","0","0","0","0","0","0","0","0","0","0","0","0","0","0","0","0","0","0"
"0x78a857770b30","@!P5  FSETP.GEU.AND P2, PT, R41, R0, PT","0","0","0","0","0","0","0","0","32","0","-","-","-","0","0","0","0","0","0","0","0","0","-","0","0","0","0","0","0","0","0","0","0","0","0","0","0","0","0","0","0","0","0","0","0","0","0","0","0","0","0","0","0","0","0","0","0","0","0","0","0","0","0"
"0x78a857770b40","@!P5  FSEL R41, R0, R41, !P2","0","0","0","0","0","0","0","0","32","0","-","-","-","0","0","0","0","0","0","0","0","0","-","0","0","0","0","0","0","0","0","0","0","0","0","0","0","0","0","0","0","0","0","0","0","0","0","0","0","0","0","0","0","0","0","0","0","0","0","0","0","0","0"
"0x78a857770b50","@!P5  ST.E desc[UR24][R36.64], R41","0","0","0","0","0","0","0","0","32","0","","","","0","0","0","0","0","0","0","0","0","","0","0","0","0","0","0","0","0","0","0","0","0","0","0","0","0","0","0","0","0","0","0","0","0","0","0","0","0","0","0","0","0","0","0","0","0","0","0","0","0"
"0x78a857770b60","@!P3  LDG.E R35, desc[UR24][R6.64]","0","0","0","0","0","0","0","0","32","0","","","","0","0","0","0","0","0","0","0","0","","0","0","0","0","0","0","0","0","0","0","0","0","0","0","0","0","0","0","0","0","0","0","0","0","0","0","0","0","0","0","0","0","0","0","0","0","0","0","0","0"
"0x78a857770b70","@!P3  SHF.R.S32.HI R5, RZ, 0x1f, R32","0","0","0","0","0","0","0","0","32","0","-","-","-","0","0","0","0","0","0","0","0","0","-","0","0","0","0","0","0","0","0","0","0","0","0","0","0","0","0","0","0","0","0","0","0","0","0","0","0","0","0","0","0","0","0","0","0","0","0","0","0","0","0"
"0x78a857770b80","@!P3  MOV R4, R32","0","0","0","0","0","0","0","0","32","0","-","-","-","0","0","0","0","0","0","0","0","0","-","0","0","0","0","0","0","0","0","0","0","0","0","0","0","0","0","0","0","0","0","0","0","0","0","0","0","0","0","0","0","0","0","0","0","0","0","0","0","0","0"
"0x78a857770b90","      ISETP.GE.AND P2, PT, R27, UR7, PT","0","0","0","0","0","0","0","0","32","0","-","-","-","0","0","0","0","0","0","0","0","0","-","0","0","0","0","0","0","0","0","0","0","0","0","0","0","0","0","0","0","0","0","0","0","0","0","0","0","0","0","0","0","0","0","0","0","0","0","0","0","0","0"
"0x78a857770ba0","@!P3  IADD.64 R8, R4, R8","0","0","0","0","0","0","0","0","32","0","-","-","-","0","0","0","0","0","0","0","0","0","-","0","0","0","0","0","0","0","0","0","0","0","0","0","0","0","0","0","0","0","0","0","0","0","0","0","0","0","0","0","0","0","0","0","0","0","0","0","0","0","0"
"0x78a857770bb0","      ISETP.GE.OR P2, PT, R18, UR6, P2","0","0","0","0","0","0","0","0","32","0","-","-","-","0","0","0","0","0","0","0","0","0","-","0","0","0","0","0","0","0","0","0","0","0","0","0","0","0","0","0","0","0","0","0","0","0","0","0","0","0","0","0","0","0","0","0","0","0","0","0","0","0","0"
"0x78a857770bc0","@!P3  LEA R4, P5, R8, UR28, 0x2","0","0","0","0","0","0","0","0","32","0","-","-","-","0","0","0","0","0","0","0","0","0","-","0","0","0","0","0","0","0","0","0","0","0","0","0","0","0","0","0","0","0","0","0","0","0","0","0","0","0","0","0","0","0","0","0","0","0","0","0","0","0","0"
"0x78a857770bd0","@!P3  LEA.HI.X R5, R8, UR29, R9, 0x2, P5","0","0","0","0","0","0","0","0","32","0","-","-","-","0","0","0","0","0","0","0","0","0","-","0","0","0","0","0","0","0","0","0","0","0","0","0","0","0","0","0","0","0","0","0","0","0","0","0","0","0","0","0","0","0","0","0","0","0","0","0","0","0","0"
"0x78a857770be0","@!P3  FADD R35, R35, R66","0","0","0","0","0","0","0","0","32","0","-","-","-","0","0","0","0","0","0","0","0","0","-","0","0","0","0","0","0","0","0","0","0","0","0","0","0","0","0","0","0","0","0","0","0","0","0","0","0","0","0","0","0","0","0","0","0","0","0","0","0","0","0"
"0x78a857770bf0","@!P3  FSETP.GEU.AND P4, PT, R35, R0, PT","0","0","0","0","0","0","0","0","32","0","-","-","-","0","0","0","0","0","0","0","0","0","-","0","0","0","0","0","0","0","0","0","0","0","0","0","0","0","0","0","0","0","0","0","0","0","0","0","0","0","0","0","0","0","0","0","0","0","0","0","0","0","0"
"0x78a857770c00","@!P3  FSEL R35, R0, R35, !P4","0","0","0","0","0","0","0","0","32","0","-","-","-","0","0","0","0","0","0","0","0","0","-","0","0","0","0","0","0","0","0","0","0","0","0","0","0","0","0","0","0","0","0","0","0","0","0","0","0","0","0","0","0","0","0","0","0","0","0","0","0","0","0"
"0x78a857770c10","@!P3  ST.E desc[UR24][R4.64], R35","0","0","0","0","0","0","0","0","32","0","","","","0","0","0","0","0","0","0","0","0","","0","0","0","0","0","0","0","0","0","0","0","0","0","0","0","0","0","0","0","0","0","0","0","0","0","0","0","0","0","0","0","0","0","0","0","0","0","0","0","0"
"0x78a857770c20","@!P2  LDG.E R24, desc[UR24][R14.64]","0","0","0","0","0","0","0","0","32","0","","","","0","0","0","0","0","0","0","0","0","","0","0","0","0","0","0","0","0","0","0","0","0","0","0","0","0","0","0","0","0","0","0","0","0","0","0","0","0","0","0","0","0","0","0","0","0","0","0","0","0"
"0x78a857770c30","      IMAD.WIDE.U32 R8, R27, UR5, RZ","0","0","0","0","0","0","0","0","32","0","-","-","-","0","0","0","0","0","0","0","0","0","-","0","0","0","0","0","0","0","0","0","0","0","0","0","0","0","0","0","0","0","0","0","0","0","0","0","0","0","0","0","0","0","0","0","0","0","0","0","0","0","0"
"0x78a857770c40","      ISETP.GE.OR P4, PT, R27, UR7, P0","0","0","0","0","0","0","0","0","32","0","-","-","-","0","0","0","0","0","0","0","0","0","-","0","0","0","0","0","0","0","0","0","0","0","0","0","0","0","0","0","0","0","0","0","0","0","0","0","0","0","0","0","0","0","0","0","0","0","0","0","0","0","0"
"0x78a857770c50","      IMAD R9, R27, UR4, R9","0","0","0","0","0","0","0","0","32","0","-","-","-","0","0","0","0","0","0","0","0","0","-","0","0","0","0","0","0","0","0","0","0","0","0","0","0","0","0","0","0","0","0","0","0","0","0","0","0","0","0","0","0","0","0","0","0","0","0","0","0","0","0"
"0x78a857770c60","      IADD.64 R4, R2, R8","0","0","0","0","0","0","0","0","32","0","-","-","-","0","0","0","0","0","0","0","0","0","-","0","0","0","0","0","0","0","0","0","0","0","0","0","0","0","0","0","0","0","0","0","0","0","0","0","0","0","0","0","0","0","0","0","0","0","0","0","0","0","0"
"0x78a857770c70","      LEA R36, P5, R4, UR28, 0x2","0","0","0","0","0","0","0","0","32","0","-","-","-","0","0","0","0","0","0","0","0","0","-","0","0","0","0","0","0","0","0","0","0","0","0","0","0","0","0","0","0","0","0","0","0","0","0","0","0","0","0","0","0","0","0","0","0","0","0","0","0","0","0"
"0x78a857770c80","      LEA.HI.X R37, R4, UR29, R5, 0x2, P5","0","0","0","0","0","0","0","0","32","0","-","-","-","0","0","0","0","0","0","0","0","0","-","0","0","0","0","0","0","0","0","0","0","0","0","0","0","0","0","0","0","0","0","0","0","0","0","0","0","0","0","0","0","0","0","0","0","0","0","0","0","0","0"
"0x78a857770c90","      ISETP.GE.OR P5, PT, R27, UR7, P6","0","0","0","0","0","0","0","0","32","0","-","-","-","0","0","0","0","0","0","0","0","0","-","0","0","0","0","0","0","0","0","0","0","0","0","0","0","0","0","0","0","0","0","0","0","0","0","0","0","0","0","0","0","0","0","0","0","0","0","0","0","0","0"
"0x78a857770ca0","@!P2  FADD R29, R24, R29","0","0","0","0","0","0","0","0","32","0","-","-","-","0","0","0","0","0","0","0","0","0","-","0","0","0","0","0","0","0","0","0","0","0","0","0","0","0","0","0","0","0","0","0","0","0","0","0","0","0","0","0","0","0","0","0","0","0","0","0","0","0","0"
"0x78a857770cb0","@!P2  FSETP.GEU.AND P3, PT, R29, R0, PT","0","0","0","0","0","0","0","0","32","0","-","-","-","0","0","0","0","0","0","0","0","0","-","0","0","0","0","0","0","0","0","0","0","0","0","0","0","0","0","0","0","0","0","0","0","0","0","0","0","0","0","0","0","0","0","0","0","0","0","0","0","0","0"
"0x78a857770cc0","@!P2  FSEL R29, R0, R29, !P3","0","0","0","0","0","0","0","0","32","0","-","-","-","0","0","0","0","0","0","0","0","0","-","0","0","0","0","0","0","0","0","0","0","0","0","0","0","0","0","0","0","0","0","0","0","0","0","0","0","0","0","0","0","0","0","0","0","0","0","0","0","0","0"
"0x78a857770cd0","      ISETP.GE.OR P3, PT, R27, UR7, P1","0","0","0","0","0","0","0","0","32","0","-","-","-","0","0","0","0","0","0","0","0","0","-","0","0","0","0","0","0","0","0","0","0","0","0","0","0","0","0","0","0","0","0","0","0","0","0","0","0","0","0","0","0","0","0","0","0","0","0","0","0","0","0"
"0x78a857770ce0","@!P2  ST.E desc[UR24][R36.64], R29","0","0","0","0","0","0","0","0","32","0","","","","0","0","0","0","0","0","0","0","0","","0","0","0","0","0","0","0","0","0","0","0","0","0","0","0","0","0","0","0","0","0","0","0","0","0","0","0","0","0","0","0","0","0","0","0","0","0","0","0","0"
"0x78a857770cf0","@P4   BRA 0x78a857770d50","0","0","0","0","0","0","0","0","32","0","-","-","-","0","0","0","0","0","0","0","0","0","-","0","0","0","0","0","0","0","0","0","0","0","0","0","0","0","0","0","0","0","0","0","0","0","0","0","0","0","0","0","0","0","0","0","0","0","0","0","0","0","0"
"0x78a857770d00","      LDG.E R5, desc[UR24][R22.64]","0","0","0","0","0","0","0","0","32","0","","","","0","0","0","0","0","0","0","0","0","","0","0","0","0","0","0","0","0","0","0","0","0","0","0","0","0","0","0","0","0","0","0","0","0","0","0","0","0","0","0","0","0","0","0","0","0","0","0","0","0"
"0x78a857770d10","      FADD R5, R5, R52","0","0","0","0","0","0","0","0","32","0","-","-","-","0","0","0","0","0","0","0","0","0","-","0","0","0","0","0","0","0","0","0","0","0","0","0","0","0","0","0","0","0","0","0","0","0","0","0","0","0","0","0","0","0","0","0","0","0","0","0","0","0","0"
"0x78a857770d20","      FSETP.GEU.AND P2, PT, R5, R0, PT","0","0","0","0","0","0","0","0","32","0","-","-","-","0","0","0","0","0","0","0","0","0","-","0","0","0","0","0","0","0","0","0","0","0","0","0","0","0","0","0","0","0","0","0","0","0","0","0","0","0","0","0","0","0","0","0","0","0","0","0","0","0","0"
"0x78a857770d30","      FSEL R5, R0, R5, !P2","0","0","0","0","0","0","0","0","32","0","-","-","-","0","0","0","0","0","0","0","0","0","-","0","0","0","0","0","0","0","0","0","0","0","0","0","0","0","0","0","0","0","0","0","0","0","0","0","0","0","0","0","0","0","0","0","0","0","0","0","0","0","0"
"0x78a857770d40","      ST.E desc[UR24][R36.64+0x4], R5","0","0","0","0","0","0","0","0","32","0","","","","0","0","0","0","0","0","0","0","0","","0","0","0","0","0","0","0","0","0","0","0","0","0","0","0","0","0","0","0","0","0","0","0","0","0","0","0","0","0","0","0","0","0","0","0","0","0","0","0","0"
"0x78a857770d50","      BSYNC.RECONVERGENT B0","0","0","0","0","0","0","0","0","32","0","-","-","-","0","0","0","0","0","0","0","0","0","-","0","0","0","0","0","0","0","0","0","0","0","0","0","0","0","0","0","0","0","0","0","0","0","0","0","0","0","0","0","0","0","0","0","0","0","0","0","0","0","0"
"0x78a857770d60","      BSSY.RECONVERGENT B0, 0x78a857770de0","0","0","0","0","0","0","0","0","32","0","-","-","-","0","0","0","0","0","0","0","0","0","-","0","0","0","0","0","0","0","0","0","0","0","0","0","0","0","0","0","0","0","0","0","0","0","0","0","0","0","0","0","0","0","0","0","0","0","0","0","0","0","0"
"0x78a857770d70","@P5   BRA 0x78a857770dd0","0","0","0","0","0","0","0","0","32","0","-","-","-","0","0","0","0","0","0","0","0","0","-","0","0","0","0","0","0","0","0","0","0","0","0","0","0","0","0","0","0","0","0","0","0","0","0","0","0","0","0","0","0","0","0","0","0","0","0","0","0","0","0"
"0x78a857770d80","      LDG.E R5, desc[UR24][R12.64]","0","0","0","0","0","0","0","0","32","0","","","","0","0","0","0","0","0","0","0","0","","0","0","0","0","0","0","0","0","0","0","0","0","0","0","0","0","0","0","0","0","0","0","0","0","0","0","0","0","0","0","0","0","0","0","0","0","0","0","0","0"
"0x78a857770d90","      FADD R5, R5, R58","0","0","0","0","0","0","0","0","32","0","-","-","-","0","0","0","0","0","0","0","0","0","-","0","0","0","0","0","0","0","0","0","0","0","0","0","0","0","0","0","0","0","0","0","0","0","0","0","0","0","0","0","0","0","0","0","0","0","0","0","0","0","0"
"0x78a857770da0","      FSETP.GEU.AND P2, PT, R5, R0, PT","0","0","0","0","0","0","0","0","32","0","-","-","-","0","0","0","0","0","0","0","0","0","-","0","0","0","0","0","0","0","0","0","0","0","0","0","0","0","0","0","0","0","0","0","0","0","0","0","0","0","0","0","0","0","0","0","0","0","0","0","0","0","0"
"0x78a857770db0","      FSEL R5, R0, R5, !P2","0","0","0","0","0","0","0","0","32","0","-","-","-","0","0","0","0","0","0","0","0","0","-","0","0","0","0","0","0","0","0","0","0","0","0","0","0","0","0","0","0","0","0","0","0","0","0","0","0","0","0","0","0","0","0","0","0","0","0","0","0","0","0"
"0x78a857770dc0","      ST.E desc[UR24][R36.64+0x8], R5","0","0","0","0","0","0","0","0","32","0","","","","0","0","0","0","0","0","0","0","0","","0","0","0","0","0","0","0","0","0","0","0","0","0","0","0","0","0","0","0","0","0","0","0","0","0","0","0","0","0","0","0","0","0","0","0","0","0","0","0","0"
"0x78a857770dd0","      BSYNC.RECONVERGENT B0","0","0","0","0","0","0","0","0","32","0","-","-","-","0","0","0","0","0","0","0","0","0","-","0","0","0","0","0","0","0","0","0","0","0","0","0","0","0","0","0","0","0","0","0","0","0","0","0","0","0","0","0","0","0","0","0","0","0","0","0","0","0","0"
"0x78a857770de0","@!P3  LDG.E R5, desc[UR24][R54.64]","0","0","0","0","0","0","0","0","32","0","","","","0","0","0","0","0","0","0","0","0","","0","0","0","0","0","0","0","0","0","0","0","0","0","0","0","0","0","0","0","0","0","0","0","0","0","0","0","0","0","0","0","0","0","0","0","0","0","0","0","0"
"0x78a857770df0","      ISETP.GE.AND P2, PT, R16, UR6, PT","0","0","0","0","0","0","0","0","32","0","-","-","-","0","0","0","0","0","0","0","0","0","-","0","0","0","0","0","0","0","0","0","0","0","0","0","0","0","0","0","0","0","0","0","0","0","0","0","0","0","0","0","0","0","0","0","0","0","0","0","0","0","0"
"0x78a857770e00","      ISETP.GE.OR P4, PT, R27, UR7, P2","0","0","0","0","0","0","0","0","32","0","-","-","-","0","0","0","0","0","0","0","0","0","-","0","0","0","0","0","0","0","0","0","0","0","0","0","0","0","0","0","0","0","0","0","0","0","0","0","0","0","0","0","0","0","0","0","0","0","0","0","0","0","0"
"0x78a857770e10","@!P3  FADD R5, R5, R46","0","0","0","0","0","0","0","0","32","0","-","-","-","0","0","0","0","0","0","0","0","0","-","0","0","0","0","0","0","0","0","0","0","0","0","0","0","0","0","0","0","0","0","0","0","0","0","0","0","0","0","0","0","0","0","0","0","0","0","0","0","0","0"
"0x78a857770e20","@!P3  FSETP.GEU.AND P5, PT, R5, R0, PT","0","0","0","0","0","0","0","0","32","0","-","-","-","0","0","0","0","0","0","0","0","0","-","0","0","0","0","0","0","0","0","0","0","0","0","0","0","0","0","0","0","0","0","0","0","0","0","0","0","0","0","0","0","0","0","0","0","0","0","0","0","0","0"
"0x78a857770e30","@!P3  FSEL R19, R0, R5, !P5","0","0","0","0","0","0","0","0","32","0","-","-","-","0","0","0","0","0","0","0","0","0","-","0","0","0","0","0","0","0","0","0","0","0","0","0","0","0","0","0","0","0","0","0","0","0","0","0","0","0","0","0","0","0","0","0","0","0","0","0","0","0","0"
"0x78a857770e40","@!P3  ST.E desc[UR24][R36.64+0xc], R19","0","0","0","0","0","0","0","0","32","0","","","","0","0","0","0","0","0","0","0","0","","0","0","0","0","0","0","0","0","0","0","0","0","0","0","0","0","0","0","0","0","0","0","0","0","0","0","0","0","0","0","0","0","0","0","0","0","0","0","0","0"
"0x78a857770e50","@!P4  LDG.E R4, desc[UR24][R10.64]","0","0","0","0","0","0","0","0","32","0","","","","0","0","0","0","0","0","0","0","0","","0","0","0","0","0","0","0","0","0","0","0","0","0","0","0","0","0","0","0","0","0","0","0","0","0","0","0","0","0","0","0","0","0","0","0","0","0","0","0","0"
"0x78a857770e60","      ISETP.GE.AND P3, PT, R34, UR6, PT","0","0","0","0","0","0","0","0","32","0","-","-","-","0","0","0","0","0","0","0","0","0","-","0","0","0","0","0","0","0","0","0","0","0","0","0","0","0","0","0","0","0","0","0","0","0","0","0","0","0","0","0","0","0","0","0","0","0","0","0","0","0","0"
"0x78a857770e70","@!P4  SHF.R.S32.HI R37, RZ, 0x1f, R16","0","0","0","0","0","0","0","0","32","0","-","-","-","0","0","0","0","0","0","0","0","0","-","0","0","0","0","0","0","0","0","0","0","0","0","0","0","0","0","0","0","0","0","0","0","0","0","0","0","0","0","0","0","0","0","0","0","0","0","0","0","0","0"
"0x78a857770e80","@!P4  MOV R36, R16","0","0","0","0","0","0","0","0","32","0","-","-","-","0","0","0","0","0","0","0","0","0","-","0","0","0","0","0","0","0","0","0","0","0","0","0","0","0","0","0","0","0","0","0","0","0","0","0","0","0","0","0","0","0","0","0","0","0","0","0","0","0","0"
"0x78a857770e90","@!P4  IADD.64 R36, R36, R8","0","0","0","0","0","0","0","0","32","0","-","-","-","0","0","0","0","0","0","0","0","0","-","0","0","0","0","0","0","0","0","0","0","0","0","0","0","0","0","0","0","0","0","0","0","0","0","0","0","0","0","0","0","0","0","0","0","0","0","0","0","0","0"
"0x78a857770ea0","@!P4  FADD R49, R4, R49","0","0","0","0","0","0","0","0","32","0","-","-","-","0","0","0","0","0","0","0","0","0","-","0","0","0","0","0","0","0","0","0","0","0","0","0","0","0","0","0","0","0","0","0","0","0","0","0","0","0","0","0","0","0","0","0","0","0","0","0","0","0","0"
"0x78a857770eb0","@!P4  FSETP.GEU.AND P5, PT, R49, R0, PT","0","0","0","0","0","0","0","0","32","0","-","-","-","0","0","0","0","0","0","0","0","0","-","0","0","0","0","0","0","0","0","0","0","0","0","0","0","0","0","0","0","0","0","0","0","0","0","0","0","0","0","0","0","0","0","0","0","0","0","0","0","0","0"
"0x78a857770ec0","@!P4  FSEL R29, R0, R49, !P5","0","0","0","0","0","0","0","0","32","0","-","-","-","0","0","0","0","0","0","0","0","0","-","0","0","0","0","0","0","0","0","0","0","0","0","0","0","0","0","0","0","0","0","0","0","0","0","0","0","0","0","0","0","0","0","0","0","0","0","0","0","0","0"
"0x78a857770ed0","@!P4  LEA R4, P5, R36, UR28, 0x2","0","0","0","0","0","0","0","0","32","0","-","-","-","0","0","0","0","0","0","0","0","0","-","0","0","0","0","0","0","0","0","0","0","0","0","0","0","0","0","0","0","0","0","0","0","0","0","0","0","0","0","0","0","0","0","0","0","0","0","0","0","0","0"
"0x78a857770ee0","@!P4  LEA.HI.X R5, R36, UR29, R37, 0x2, P5","0","0","0","0","0","0","0","0","32","0","-","-","-","0","0","0","0","0","0","0","0","0","-","0","0","0","0","0","0","0","0","0","0","0","0","0","0","0","0","0","0","0","0","0","0","0","0","0","0","0","0","0","0","0","0","0","0","0","0","0","0","0","0"
"0x78a857770ef0","      ISETP.GE.OR P5, PT, R27, UR7, P3","0","0","0","0","0","0","0","0","32","0","-","-","-","0","0","0","0","0","0","0","0","0","-","0","0","0","0","0","0","0","0","0","0","0","0","0","0","0","0","0","0","0","0","0","0","0","0","0","0","0","0","0","0","0","0","0","0","0","0","0","0","0","0"
"0x78a857770f00","@!P4  ST.E desc[UR24][R4.64], R29","0","0","0","0","0","0","0","0","32","0","","","","0","0","0","0","0","0","0","0","0","","0","0","0","0","0","0","0","0","0","0","0","0","0","0","0","0","0","0","0","0","0","0","0","0","0","0","0","0","0","0","0","0","0","0","0","0","0","0","0","0"
"0x78a857770f10","@!P5  LDG.E R24, desc[UR24][R20.64]","0","0","0","0","0","0","0","0","32","0","","","","0","0","0","0","0","0","0","0","0","","0","0","0","0","0","0","0","0","0","0","0","0","0","0","0","0","0","0","0","0","0","0","0","0","0","0","0","0","0","0","0","0","0","0","0","0","0","0","0","0"
"0x78a857770f20","      ISETP.GE.AND P6, PT, R33, UR6, PT","0","0","0","0","0","0","0","0","32","0","-","-","-","0","0","0","0","0","0","0","0","0","-","0","0","0","0","0","0","0","0","0","0","0","0","0","0","0","0","0","0","0","0","0","0","0","0","0","0","0","0","0","0","0","0","0","0","0","0","0","0","0","0"
"0x78a857770f30","@!P5  SHF.R.S32.HI R5, RZ, 0x1f, R34","0","0","0","0","0","0","0","0","32","0","-","-","-","0","0","0","0","0","0","0","0","0","-","0","0","0","0","0","0","0","0","0","0","0","0","0","0","0","0","0","0","0","0","0","0","0","0","0","0","0","0","0","0","0","0","0","0","0","0","0","0","0","0"
"0x78a857770f40","@!P5  MOV R4, R34","0","0","0","0","0","0","0","0","32","0","-","-","-","0","0","0","0","0","0","0","0","0","-","0","0","0","0","0","0","0","0","0","0","0","0","0","0","0","0","0","0","0","0","0","0","0","0","0","0","0","0","0","0","0","0","0","0","0","0","0","0","0","0"
"0x78a857770f50","      LOP3.LUT R28, R28, 0xfffffff7, RZ, 0xc0, !PT","0","0","0","0","0","0","0","0","32","0","-","-","-","0","0","0","0","0","0","0","0","0","-","0","0","0","0","0","0","0","0","0","0","0","0","0","0","0","0","0","0","0","0","0","0","0","0","0","0","0","0","0","0","0","0","0","0","0","0","0","0","0","0"
"0x78a857770f60","@!P5  IADD.64 R4, R4, R8","0","0","0","0","0","0","0","0","32","0","-","-","-","0","0","0","0","0","0","0","0","0","-","0","0","0","0","0","0","0","0","0","0","0","0","0","0","0","0","0","0","0","0","0","0","0","0","0","0","0","0","0","0","0","0","0","0","0","0","0","0","0","0"
"0x78a857770f70","@P6   LOP3.LUT R28, R28, 0x8, RZ, 0xfc, !PT","0","0","0","0","0","0","0","0","32","0","-","-","-","0","0","0","0","0","0","0","0","0","-","0","0","0","0","0","0","0","0","0","0","0","0","0","0","0","0","0","0","0","0","0","0","0","0","0","0","0","0","0","0","0","0","0","0","0","0","0","0","0","0"
"0x78a857770f80","@!P5  FADD R39, R24, R39","0","0","0","0","0","0","0","0","32","0","-","-","-","0","0","0","0","0","0","0","0","0","-","0","0","0","0","0","0","0","0","0","0","0","0","0","0","0","0","0","0","0","0","0","0","0","0","0","0","0","0","0","0","0","0","0","0","0","0","0","0","0","0"
"0x78a857770f90","@!P5  FSETP.GEU.AND P4, PT, R39, R0, PT","0","0","0","0","0","0","0","0","32","0","-","-","-","0","0","0","0","0","0","0","0","0","-","0","0","0","0","0","0","0","0","0","0","0","0","0","0","0","0","0","0","0","0","0","0","0","0","0","0","0","0","0","0","0","0","0","0","0","0","0","0","0","0"
"0x78a857770fa0","@!P5  FSEL R39, R0, R39, !P4","0","0","0","0","0","0","0","0","32","0","-","-","-","0","0","0","0","0","0","0","0","0","-","0","0","0","0","0","0","0","0","0","0","0","0","0","0","0","0","0","0","0","0","0","0","0","0","0","0","0","0","0","0","0","0","0","0","0","0","0","0","0","0"
"0x78a857770fb0","@!P5  LEA R48, P4, R4, UR28, 0x2","0","0","0","0","0","0","0","0","32","0","-","-","-","0","0","0","0","0","0","0","0","0","-","0","0","0","0","0","0","0","0","0","0","0","0","0","0","0","0","0","0","0","0","0","0","0","0","0","0","0","0","0","0","0","0","0","0","0","0","0","0","0","0"
"0x78a857770fc0","@!P5  LEA.HI.X R49, R4, UR29, R5, 0x2, P4","0","0","0","0","0","0","0","0","32","0","-","-","-","0","0","0","0","0","0","0","0","0","-","0","0","0","0","0","0","0","0","0","0","0","0","0","0","0","0","0","0","0","0","0","0","0","0","0","0","0","0","0","0","0","0","0","0","0","0","0","0","0","0"
"0x78a857770fd0","      ISETP.GE.OR P4, PT, R27, UR7, P6","0","0","0","0","0","0","0","0","32","0","-","-","-","0","0","0","0","0","0","0","0","0","-","0","0","0","0","0","0","0","0","0","0","0","0","0","0","0","0","0","0","0","0","0","0","0","0","0","0","0","0","0","0","0","0","0","0","0","0","0","0","0","0"
"0x78a857770fe0","@!P5  ST.E desc[UR24][R48.64], R39","0","0","0","0","0","0","0","0","32","0","","","","0","0","0","0","0","0","0","0","0","","0","0","0","0","0","0","0","0","0","0","0","0","0","0","0","0","0","0","0","0","0","0","0","0","0","0","0","0","0","0","0","0","0","0","0","0","0","0","0","0"
"0x78a857770ff0","@!P4  LDG.E R24, desc[UR24][R64.64]","0","0","0","0","0","0","0","0","32","0","","","","0","0","0","0","0","0","0","0","0","","0","0","0","0","0","0","0","0","0","0","0","0","0","0","0","0","0","0","0","0","0","0","0","0","0","0","0","0","0","0","0","0","0","0","0","0","0","0","0","0"
"0x78a857771000","@!P4  SHF.R.S32.HI R5, RZ, 0x1f, R33","0","0","0","0","0","0","0","0","32","0","-","-","-","0","0","0","0","0","0","0","0","0","-","0","0","0","0","0","0","0","0","0","0","0","0","0","0","0","0","0","0","0","0","0","0","0","0","0","0","0","0","0","0","0","0","0","0","0","0","0","0","0","0"
"0x78a857771010","@!P4  MOV R4, R33","0","0","0","0","0","0","0","0","32","0","-","-","-","0","0","0","0","0","0","0","0","0","-","0","0","0","0","0","0","0","0","0","0","0","0","0","0","0","0","0","0","0","0","0","0","0","0","0","0","0","0","0","0","0","0","0","0","0","0","0","0","0","0"
"0x78a857771020","@!P4  IADD.64 R36, R4, R8","0","0","0","0","0","0","0","0","32","0","-","-","-","0","0","0","0","0","0","0","0","0","-","0","0","0","0","0","0","0","0","0","0","0","0","0","0","0","0","0","0","0","0","0","0","0","0","0","0","0","0","0","0","0","0","0","0","0","0","0","0","0","0"
"0x78a857771030","@!P4  LEA R4, P6, R36, UR28, 0x2","0","0","0","0","0","0","0","0","32","0","-","-","-","0","0","0","0","0","0","0","0","0","-","0","0","0","0","0","0","0","0","0","0","0","0","0","0","0","0","0","0","0","0","0","0","0","0","0","0","0","0","0","0","0","0","0","0","0","0","0","0","0","0"
"0x78a857771040","@!P4  LEA.HI.X R5, R36, UR29, R37, 0x2, P6","0","0","0","0","0","0","0","0","32","0","-","-","-","0","0","0","0","0","0","0","0","0","-","0","0","0","0","0","0","0","0","0","0","0","0","0","0","0","0","0","0","0","0","0","0","0","0","0","0","0","0","0","0","0","0","0","0","0","0","0","0","0","0"
"0x78a857771050","      ISETP.GE.AND P6, PT, R32, UR6, PT","0","0","0","0","0","0","0","0","32","0","-","-","-","0","0","0","0","0","0","0","0","0","-","0","0","0","0","0","0","0","0","0","0","0","0","0","0","0","0","0","0","0","0","0","0","0","0","0","0","0","0","0","0","0","0","0","0","0","0","0","0","0","0"
"0x78a857771060","@!P4  FADD R43, R24, R43","0","0","0","0","0","0","0","0","32","0","-","-","-","0","0","0","0","0","0","0","0","0","-","0","0","0","0","0","0","0","0","0","0","0","0","0","0","0","0","0","0","0","0","0","0","0","0","0","0","0","0","0","0","0","0","0","0","0","0","0","0","0","0"
"0x78a857771070","@!P4  FSETP.GEU.AND P5, PT, R43, R0, PT","0","0","0","0","0","0","0","0","32","0","-","-","-","0","0","0","0","0","0","0","0","0","-","0","0","0","0","0","0","0","0","0","0","0","0","0","0","0","0","0","0","0","0","0","0","0","0","0","0","0","0","0","0","0","0","0","0","0","0","0","0","0","0"
"0x78a857771080","@!P4  FSEL R43, R0, R43, !P5","0","0","0","0","0","0","0","0","32","0","-","-","-","0","0","0","0","0","0","0","0","0","-","0","0","0","0","0","0","0","0","0","0","0","0","0","0","0","0","0","0","0","0","0","0","0","0","0","0","0","0","0","0","0","0","0","0","0","0","0","0","0","0"
"0x78a857771090","      ISETP.GE.OR P5, PT, R27, UR7, P6","0","0","0","0","0","0","0","0","32","0","-","-","-","0","0","0","0","0","0","0","0","0","-","0","0","0","0","0","0","0","0","0","0","0","0","0","0","0","0","0","0","0","0","0","0","0","0","0","0","0","0","0","0","0","0","0","0","0","0","0","0","0","0"
"0x78a8577710a0","@!P4  ST.E desc[UR24][R4.64], R43","0","0","0","0","0","0","0","0","32","0","","","","0","0","0","0","0","0","0","0","0","","0","0","0","0","0","0","0","0","0","0","0","0","0","0","0","0","0","0","0","0","0","0","0","0","0","0","0","0","0","0","0","0","0","0","0","0","0","0","0","0"
"0x78a8577710b0","@!P5  LDG.E R24, desc[UR24][R6.64]","0","0","0","0","0","0","0","0","32","0","","","","0","0","0","0","0","0","0","0","0","","0","0","0","0","0","0","0","0","0","0","0","0","0","0","0","0","0","0","0","0","0","0","0","0","0","0","0","0","0","0","0","0","0","0","0","0","0","0","0","0"
"0x78a8577710c0","@!P5  SHF.R.S32.HI R37, RZ, 0x1f, R32","0","0","0","0","0","0","0","0","32","0","-","-","-","0","0","0","0","0","0","0","0","0","-","0","0","0","0","0","0","0","0","0","0","0","0","0","0","0","0","0","0","0","0","0","0","0","0","0","0","0","0","0","0","0","0","0","0","0","0","0","0","0","0"
"0x78a8577710d0","@!P5  MOV R36, R32","0","0","0","0","0","0","0","0","32","0","-","-","-","0","0","0","0","0","0","0","0","0","-","0","0","0","0","0","0","0","0","0","0","0","0","0","0","0","0","0","0","0","0","0","0","0","0","0","0","0","0","0","0","0","0","0","0","0","0","0","0","0","0"
"0x78a8577710e0","      LOP3.LUT R28, R28, 0xfffffffb, RZ, 0xc0, !PT","0","0","0","0","0","0","0","0","32","0","-","-","-","0","0","0","0","0","0","0","0","0","-","0","0","0","0","0","0","0","0","0","0","0","0","0","0","0","0","0","0","0","0","0","0","0","0","0","0","0","0","0","0","0","0","0","0","0","0","0","0","0","0"
"0x78a8577710f0","@!P5  IADD.64 R36, R36, R8","0","0","0","0","0","0","0","0","32","0","-","-","-","0","0","0","0","0","0","0","0","0","-","0","0","0","0","0","0","0","0","0","0","0","0","0","0","0","0","0","0","0","0","0","0","0","0","0","0","0","0","0","0","0","0","0","0","0","0","0","0","0","0"
"0x78a857771100","@P6   LOP3.LUT R28, R28, 0x4, RZ, 0xfc, !PT","0","0","0","0","0","0","0","0","32","0","-","-","-","0","0","0","0","0","0","0","0","0","-","0","0","0","0","0","0","0","0","0","0","0","0","0","0","0","0","0","0","0","0","0","0","0","0","0","0","0","0","0","0","0","0","0","0","0","0","0","0","0","0"
"0x78a857771110","@!P5  LEA R8, P6, R36, UR28, 0x2","0","0","0","0","0","0","0","0","32","0","-","-","-","0","0","0","0","0","0","0","0","0","-","0","0","0","0","0","0","0","0","0","0","0","0","0","0","0","0","0","0","0","0","0","0","0","0","0","0","0","0","0","0","0","0","0","0","0","0","0","0","0","0"
"0x78a857771120","@!P5  LEA.HI.X R9, R36, UR29, R37, 0x2, P6","0","0","0","0","0","0","0","0","32","0","-","-","-","0","0","0","0","0","0","0","0","0","-","0","0","0","0","0","0","0","0","0","0","0","0","0","0","0","0","0","0","0","0","0","0","0","0","0","0","0","0","0","0","0","0","0","0","0","0","0","0","0","0"
"0x78a857771130","      IMAD.WIDE.U32 R36, R26, UR5, RZ","0","0","0","0","0","0","0","0","32","0","-","-","-","0","0","0","0","0","0","0","0","0","-","0","0","0","0","0","0","0","0","0","0","0","0","0","0","0","0","0","0","0","0","0","0","0","0","0","0","0","0","0","0","0","0","0","0","0","0","0","0","0","0"
"0x78a857771140","      IMAD R37, R26, UR4, R37","0","0","0","0","0","0","0","0","32","0","-","-","-","0","0","0","0","0","0","0","0","0","-","0","0","0","0","0","0","0","0","0","0","0","0","0","0","0","0","0","0","0","0","0","0","0","0","0","0","0","0","0","0","0","0","0","0","0","0","0","0","0","0"
"0x78a857771150","      ISETP.GE.AND P6, PT, R18, UR6, PT","0","0","0","0","0","0","0","0","32","0","-","-","-","0","0","0","0","0","0","0","0","0","-","0","0","0","0","0","0","0","0","0","0","0","0","0","0","0","0","0","0","0","0","0","0","0","0","0","0","0","0","0","0","0","0","0","0","0","0","0","0","0","0"
"0x78a857771160","@!P5  FADD R67, R24, R67","0","0","0","0","0","0","0","0","32","0","-","-","-","0","0","0","0","0","0","0","0","0","-","0","0","0","0","0","0","0","0","0","0","0","0","0","0","0","0","0","0","0","0","0","0","0","0","0","0","0","0","0","0","0","0","0","0","0","0","0","0","0","0"
"0x78a857771170","@!P5  FSETP.GEU.AND P4, PT, R67, R0, PT","0","0","0","0","0","0","0","0","32","0","-","-","-","0","0","0","0","0","0","0","0","0","-","0","0","0","0","0","0","0","0","0","0","0","0","0","0","0","0","0","0","0","0","0","0","0","0","0","0","0","0","0","0","0","0","0","0","0","0","0","0","0","0"
"0x78a857771180","@!P5  FSEL R19, R0, R67, !P4","0","0","0","0","0","0","0","0","32","0","-","-","-","0","0","0","0","0","0","0","0","0","-","0","0","0","0","0","0","0","0","0","0","0","0","0","0","0","0","0","0","0","0","0","0","0","0","0","0","0","0","0","0","0","0","0","0","0","0","0","0","0","0"
"0x78a857771190","      IADD.64 R66, R2, R36","0","0","0","0","0","0","0","0","32","0","-","-","-","0","0","0","0","0","0","0","0","0","-","0","0","0","0","0","0","0","0","0","0","0","0","0","0","0","0","0","0","0","0","0","0","0","0","0","0","0","0","0","0","0","0","0","0","0","0","0","0","0","0"
"0x78a8577711a0","      LEA R48, P4, R66, UR28, 0x2","0","0","0","0","0","0","0","0","32","0","-","-","-","0","0","0","0","0","0","0","0","0","-","0","0","0","0","0","0","0","0","0","0","0","0","0","0","0","0","0","0","0","0","0","0","0","0","0","0","0","0","0","0","0","0","0","0","0","0","0","0","0","0"
"0x78a8577711b0","      LEA.HI.X R49, R66, UR29, R67, 0x2, P4","0","0","0","0","0","0","0","0","32","0","-","-","-","0","0","0","0","0","0","0","0","0","-","0","0","0","0","0","0","0","0","0","0","0","0","0","0","0","0","0","0","0","0","0","0","0","0","0","0","0","0","0","0","0","0","0","0","0","0","0","0","0","0"
"0x78a8577711c0","      ISETP.GE.OR P4, PT, R26, UR7, P6","0","0","0","0","0","0","0","0","32","0","-","-","-","0","0","0","0","0","0","0","0","0","-","0","0","0","0","0","0","0","0","0","0","0","0","0","0","0","0","0","0","0","0","0","0","0","0","0","0","0","0","0","0","0","0","0","0","0","0","0","0","0","0"
"0x78a8577711d0","@!P5  ST.E desc[UR24][R8.64], R19","0","0","0","0","0","0","0","0","32","0","","","","0","0","0","0","0","0","0","0","0","","0","0","0","0","0","0","0","0","0","0","0","0","0","0","0","0","0","0","0","0","0","0","0","0","0","0","0","0","0","0","0","0","0","0","0","0","0","0","0","0"
"0x78a8577711e0","@!P4  LDG.E R5, desc[UR24][R14.64]","0","0","0","0","0","0","0","0","32","0","","","","0","0","0","0","0","0","0","0","0","","0","0","0","0","0","0","0","0","0","0","0","0","0","0","0","0","0","0","0","0","0","0","0","0","0","0","0","0","0","0","0","0","0","0","0","0","0","0","0","0"
"0x78a8577711f0","      LOP3.LUT R28, R28, 0xfffffffd, RZ, 0xc0, !PT","0","0","0","0","0","0","0","0","32","0","-","-","-","0","0","0","0","0","0","0","0","0","-","0","0","0","0","0","0","0","0","0","0","0","0","0","0","0","0","0","0","0","0","0","0","0","0","0","0","0","0","0","0","0","0","0","0","0","0","0","0","0","0"
"0x78a857771200","      BSSY.RECONVERGENT B0, 0x78a8577712e0","0","0","0","0","0","0","0","0","32","0","-","-","-","0","0","0","0","0","0","0","0","0","-","0","0","0","0","0","0","0","0","0","0","0","0","0","0","0","0","0","0","0","0","0","0","0","0","0","0","0","0","0","0","0","0","0","0","0","0","0","0","0","0"
"0x78a857771210","@P6   LOP3.LUT R28, R28, 0x2, RZ, 0xfc, !PT","0","0","0","0","0","0","0","0","32","0","-","-","-","0","0","0","0","0","0","0","0","0","-","0","0","0","0","0","0","0","0","0","0","0","0","0","0","0","0","0","0","0","0","0","0","0","0","0","0","0","0","0","0","0","0","0","0","0","0","0","0","0","0"
"0x78a857771220","@!P4  FADD R5, R5, R30","0","0","0","0","0","0","0","0","32","0","-","-","-","0","0","0","0","0","0","0","0","0","-","0","0","0","0","0","0","0","0","0","0","0","0","0","0","0","0","0","0","0","0","0","0","0","0","0","0","0","0","0","0","0","0","0","0","0","0","0","0","0","0"
"0x78a857771230","@!P4  FSETP.GEU.AND P5, PT, R5, R0, PT","0","0","0","0","0","0","0","0","32","0","-","-","-","0","0","0","0","0","0","0","0","0","-","0","0","0","0","0","0","0","0","0","0","0","0","0","0","0","0","0","0","0","0","0","0","0","0","0","0","0","0","0","0","0","0","0","0","0","0","0","0","0","0"
"0x78a857771240","@!P4  FSEL R5, R0, R5, !P5","0","0","0","0","0","0","0","0","32","0","-","-","-","0","0","0","0","0","0","0","0","0","-","0","0","0","0","0","0","0","0","0","0","0","0","0","0","0","0","0","0","0","0","0","0","0","0","0","0","0","0","0","0","0","0","0","0","0","0","0","0","0","0"
"0x78a857771250","@!P4  ST.E desc[UR24][R48.64], R5","0","0","0","0","0","0","0","0","32","0","","","","0","0","0","0","0","0","0","0","0","","0","0","0","0","0","0","0","0","0","0","0","0","0","0","0","0","0","0","0","0","0","0","0","0","0","0","0","0","0","0","0","0","0","0","0","0","0","0","0","0"
"0x78a857771260","      ISETP.GE.OR P4, PT, R26, UR7, P0","0","0","0","0","0","0","0","0","32","0","-","-","-","0","0","0","0","0","0","0","0","0","-","0","0","0","0","0","0","0","0","0","0","0","0","0","0","0","0","0","0","0","0","0","0","0","0","0","0","0","0","0","0","0","0","0","0","0","0","0","0","0","0"
"0x78a857771270","@P4   BRA 0x78a8577712d0","0","0","0","0","0","0","0","0","32","0","-","-","-","0","0","0","0","0","0","0","0","0","-","0","0","0","0","0","0","0","0","0","0","0","0","0","0","0","0","0","0","0","0","0","0","0","0","0","0","0","0","0","0","0","0","0","0","0","0","0","0","0","0"
"0x78a857771280","      LDG.E R4, desc[UR24][R22.64]","0","0","0","0","0","0","0","0","32","0","","","","0","0","0","0","0","0","0","0","0","","0","0","0","0","0","0","0","0","0","0","0","0","0","0","0","0","0","0","0","0","0","0","0","0","0","0","0","0","0","0","0","0","0","0","0","0","0","0","0","0"
"0x78a857771290","      FADD R53, R4, R53","0","0","0","0","0","0","0","0","32","0","-","-","-","0","0","0","0","0","0","0","0","0","-","0","0","0","0","0","0","0","0","0","0","0","0","0","0","0","0","0","0","0","0","0","0","0","0","0","0","0","0","0","0","0","0","0","0","0","0","0","0","0","0"
"0x78a8577712a0","      FSETP.GEU.AND P4, PT, R53, R0, PT","0","0","0","0","0","0","0","0","32","0","-","-","-","0","0","0","0","0","0","0","0","0","-","0","0","0","0","0","0","0","0","0","0","0","0","0","0","0","0","0","0","0","0","0","0","0","0","0","0","0","0","0","0","0","0","0","0","0","0","0","0","0","0"
"0x78a8577712b0","      FSEL R53, R0, R53, !P4","0","0","0","0","0","0","0","0","32","0","-","-","-","0","0","0","0","0","0","0","0","0","-","0","0","0","0","0","0","0","0","0","0","0","0","0","0","0","0","0","0","0","0","0","0","0","0","0","0","0","0","0","0","0","0","0","0","0","0","0","0","0","0"
"0x78a8577712c0","      ST.E desc[UR24][R48.64+0x4], R53","0","0","0","0","0","0","0","0","32","0","","","","0","0","0","0","0","0","0","0","0","","0","0","0","0","0","0","0","0","0","0","0","0","0","0","0","0","0","0","0","0","0","0","0","0","0","0","0","0","0","0","0","0","0","0","0","0","0","0","0","0"
"0x78a8577712d0","      BSYNC.RECONVERGENT B0","0","0","0","0","0","0","0","0","32","0","-","-","-","0","0","0","0","0","0","0","0","0","-","0","0","0","0","0","0","0","0","0","0","0","0","0","0","0","0","0","0","0","0","0","0","0","0","0","0","0","0","0","0","0","0","0","0","0","0","0","0","0","0"
"0x78a8577712e0","      LOP3.LUT P4, RZ, R28, 0x1, RZ, 0xc0, !PT","0","0","0","0","0","0","0","0","32","0","-","-","-","0","0","0","0","0","0","0","0","0","-","0","0","0","0","0","0","0","0","0","0","0","0","0","0","0","0","0","0","0","0","0","0","0","0","0","0","0","0","0","0","0","0","0","0","0","0","0","0","0","0"
"0x78a8577712f0","      BSSY.RECONVERGENT B0, 0x78a857771380","0","0","0","0","0","0","0","0","32","0","-","-","-","0","0","0","0","0","0","0","0","0","-","0","0","0","0","0","0","0","0","0","0","0","0","0","0","0","0","0","0","0","0","0","0","0","0","0","0","0","0","0","0","0","0","0","0","0","0","0","0","0","0"
"0x78a857771300","      ISETP.GE.OR P4, PT, R26, UR7, P4","0","0","0","0","0","0","0","0","32","0","-","-","-","0","0","0","0","0","0","0","0","0","-","0","0","0","0","0","0","0","0","0","0","0","0","0","0","0","0","0","0","0","0","0","0","0","0","0","0","0","0","0","0","0","0","0","0","0","0","0","0","0","0"
"0x78a857771310","@P4   BRA 0x78a857771370","0","0","0","0","0","0","0","0","32","0","-","-","-","0","0","0","0","0","0","0","0","0","-","0","0","0","0","0","0","0","0","0","0","0","0","0","0","0","0","0","0","0","0","0","0","0","0","0","0","0","0","0","0","0","0","0","0","0","0","0","0","0","0"
"0x78a857771320","      LDG.E R4, desc[UR24][R12.64]","0","0","0","0","0","0","0","0","32","0","","","","0","0","0","0","0","0","0","0","0","","0","0","0","0","0","0","0","0","0","0","0","0","0","0","0","0","0","0","0","0","0","0","0","0","0","0","0","0","0","0","0","0","0","0","0","0","0","0","0","0"
"0x78a857771330","      FADD R59, R4, R59","0","0","0","0","0","0","0","0","32","0","-","-","-","0","0","0","0","0","0","0","0","0","-","0","0","0","0","0","0","0","0","0","0","0","0","0","0","0","0","0","0","0","0","0","0","0","0","0","0","0","0","0","0","0","0","0","0","0","0","0","0","0","0"
"0x78a857771340","      FSETP.GEU.AND P4, PT, R59, R0, PT","0","0","0","0","0","0","0","0","32","0","-","-","-","0","0","0","0","0","0","0","0","0","-","0","0","0","0","0","0","0","0","0","0","0","0","0","0","0","0","0","0","0","0","0","0","0","0","0","0","0","0","0","0","0","0","0","0","0","0","0","0","0","0"
"0x78a857771350","      FSEL R59, R0, R59, !P4","0","0","0","0","0","0","0","0","32","0","-","-","-","0","0","0","0","0","0","0","0","0","-","0","0","0","0","0","0","0","0","0","0","0","0","0","0","0","0","0","0","0","0","0","0","0","0","0","0","0","0","0","0","0","0","0","0","0","0","0","0","0","0"
"0x78a857771360","      ST.E desc[UR24][R48.64+0x8], R59","0","0","0","0","0","0","0","0","32","0","","","","0","0","0","0","0","0","0","0","0","","0","0","0","0","0","0","0","0","0","0","0","0","0","0","0","0","0","0","0","0","0","0","0","0","0","0","0","0","0","0","0","0","0","0","0","0","0","0","0","0"
"0x78a857771370","      BSYNC.RECONVERGENT B0","0","0","0","0","0","0","0","0","32","0","-","-","-","0","0","0","0","0","0","0","0","0","-","0","0","0","0","0","0","0","0","0","0","0","0","0","0","0","0","0","0","0","0","0","0","0","0","0","0","0","0","0","0","0","0","0","0","0","0","0","0","0","0"
"0x78a857771380","      ISETP.GE.OR P5, PT, R26, UR7, P1","0","0","0","0","0","0","0","0","32","0","-","-","-","0","0","0","0","0","0","0","0","0","-","0","0","0","0","0","0","0","0","0","0","0","0","0","0","0","0","0","0","0","0","0","0","0","0","0","0","0","0","0","0","0","0","0","0","0","0","0","0","0","0"
"0x78a857771390","@!P5  LDG.E R5, desc[UR24][R54.64]","0","0","0","0","0","0","0","0","32","0","","","","0","0","0","0","0","0","0","0","0","","0","0","0","0","0","0","0","0","0","0","0","0","0","0","0","0","0","0","0","0","0","0","0","0","0","0","0","0","0","0","0","0","0","0","0","0","0","0","0","0"
"0x78a8577713a0","@!P5  FADD R5, R5, R44","0","0","0","0","0","0","0","0","32","0","-","-","-","0","0","0","0","0","0","0","0","0","-","0","0","0","0","0","0","0","0","0","0","0","0","0","0","0","0","0","0","0","0","0","0","0","0","0","0","0","0","0","0","0","0","0","0","0","0","0","0","0","0"
"0x78a8577713b0","@!P5  FSETP.GEU.AND P4, PT, R5, R0, PT","0","0","0","0","0","0","0","0","32","0","-","-","-","0","0","0","0","0","0","0","0","0","-","0","0","0","0","0","0","0","0","0","0","0","0","0","0","0","0","0","0","0","0","0","0","0","0","0","0","0","0","0","0","0","0","0","0","0","0","0","0","0","0"
"0x78a8577713c0","@!P5  FSEL R27, R0, R5, !P4","0","0","0","0","0","0","0","0","32","0","-","-","-","0","0","0","0","0","0","0","0","0","-","0","0","0","0","0","0","0","0","0","0","0","0","0","0","0","0","0","0","0","0","0","0","0","0","0","0","0","0","0","0","0","0","0","0","0","0","0","0","0","0"
"0x78a8577713d0","      ISETP.GE.OR P4, PT, R26, UR7, P2","0","0","0","0","0","0","0","0","32","0","-","-","-","0","0","0","0","0","0","0","0","0","-","0","0","0","0","0","0","0","0","0","0","0","0","0","0","0","0","0","0","0","0","0","0","0","0","0","0","0","0","0","0","0","0","0","0","0","0","0","0","0","0"
"0x78a8577713e0","@!P5  ST.E desc[UR24][R48.64+0xc], R27","0","0","0","0","0","0","0","0","32","0","","","","0","0","0","0","0","0","0","0","0","","0","0","0","0","0","0","0","0","0","0","0","0","0","0","0","0","0","0","0","0","0","0","0","0","0","0","0","0","0","0","0","0","0","0","0","0","0","0","0","0"
"0x78a8577713f0","@!P4  SHF.R.S32.HI R5, RZ, 0x1f, R16","0","0","0","0","0","0","0","0","32","0","-","-","-","0","0","0","0","0","0","0","0","0","-","0","0","0","0","0","0","0","0","0","0","0","0","0","0","0","0","0","0","0","0","0","0","0","0","0","0","0","0","0","0","0","0","0","0","0","0","0","0","0","0"
"0x78a857771400","@!P4  MOV R4, R16","0","0","0","0","0","0","0","0","32","0","-","-","-","0","0","0","0","0","0","0","0","0","-","0","0","0","0","0","0","0","0","0","0","0","0","0","0","0","0","0","0","0","0","0","0","0","0","0","0","0","0","0","0","0","0","0","0","0","0","0","0","0","0"
"0x78a857771410","@!P4  IADD.64 R8, R4, R36","0","0","0","0","0","0","0","0","32","0","-","-","-","0","0","0","0","0","0","0","0","0","-","0","0","0","0","0","0","0","0","0","0","0","0","0","0","0","0","0","0","0","0","0","0","0","0","0","0","0","0","0","0","0","0","0","0","0","0","0","0","0","0"
"0x78a857771420","@!P4  LEA R4, P6, R8, UR28, 0x2","0","0","0","0","0","0","0","0","32","0","-","-","-","0","0","0","0","0","0","0","0","0","-","0","0","0","0","0","0","0","0","0","0","0","0","0","0","0","0","0","0","0","0","0","0","0","0","0","0","0","0","0","0","0","0","0","0","0","0","0","0","0","0"
"0x78a857771430","@!P4  LEA.HI.X R5, R8, UR29, R9, 0x2, P6","0","0","0","0","0","0","0","0","32","0","-","-","-","0","0","0","0","0","0","0","0","0","-","0","0","0","0","0","0","0","0","0","0","0","0","0","0","0","0","0","0","0","0","0","0","0","0","0","0","0","0","0","0","0","0","0","0","0","0","0","0","0","0"
"0x78a857771440","@!P4  LDG.E R9, desc[UR24][R10.64]","0","0","0","0","0","0","0","0","32","0","","","","0","0","0","0","0","0","0","0","0","","0","0","0","0","0","0","0","0","0","0","0","0","0","0","0","0","0","0","0","0","0","0","0","0","0","0","0","0","0","0","0","0","0","0","0","0","0","0","0","0"
"0x78a857771450","@!P4  FADD R9, R9, R50","0","0","0","0","0","0","0","0","32","0","-","-","-","0","0","0","0","0","0","0","0","0","-","0","0","0","0","0","0","0","0","0","0","0","0","0","0","0","0","0","0","0","0","0","0","0","0","0","0","0","0","0","0","0","0","0","0","0","0","0","0","0","0"
"0x78a857771460","@!P4  FSETP.GEU.AND P5, PT, R9, R0, PT","0","0","0","0","0","0","0","0","32","0","-","-","-","0","0","0","0","0","0","0","0","0","-","0","0","0","0","0","0","0","0","0","0","0","0","0","0","0","0","0","0","0","0","0","0","0","0","0","0","0","0","0","0","0","0","0","0","0","0","0","0","0","0"
"0x78a857771470","@!P4  FSEL R29, R0, R9, !P5","0","0","0","0","0","0","0","0","32","0","-","-","-","0","0","0","0","0","0","0","0","0","-","0","0","0","0","0","0","0","0","0","0","0","0","0","0","0","0","0","0","0","0","0","0","0","0","0","0","0","0","0","0","0","0","0","0","0","0","0","0","0","0"
"0x78a857771480","      ISETP.GE.OR P5, PT, R26, UR7, P3","0","0","0","0","0","0","0","0","32","0","-","-","-","0","0","0","0","0","0","0","0","0","-","0","0","0","0","0","0","0","0","0","0","0","0","0","0","0","0","0","0","0","0","0","0","0","0","0","0","0","0","0","0","0","0","0","0","0","0","0","0","0","0"
"0x78a857771490","@!P4  ST.E desc[UR24][R4.64], R29","0","0","0","0","0","0","0","0","32","0","","","","0","0","0","0","0","0","0","0","0","","0","0","0","0","0","0","0","0","0","0","0","0","0","0","0","0","0","0","0","0","0","0","0","0","0","0","0","0","0","0","0","0","0","0","0","0","0","0","0","0"
"0x78a8577714a0","@!P5  SHF.R.S32.HI R35, RZ, 0x1f, R34","0","0","0","0","0","0","0","0","32","0","-","-","-","0","0","0","0","0","0","0","0","0","-","0","0","0","0","0","0","0","0","0","0","0","0","0","0","0","0","0","0","0","0","0","0","0","0","0","0","0","0","0","0","0","0","0","0","0","0","0","0","0","0"
"0x78a8577714b0","@!P5  IADD.64 R18, R34, R36","0","0","0","0","0","0","0","0","32","0","-","-","-","0","0","0","0","0","0","0","0","0","-","0","0","0","0","0","0","0","0","0","0","0","0","0","0","0","0","0","0","0","0","0","0","0","0","0","0","0","0","0","0","0","0","0","0","0","0","0","0","0","0"
"0x78a8577714c0","@!P5  LEA R8, P6, R18, UR28, 0x2","0","0","0","0","0","0","0","0","32","0","-","-","-","0","0","0","0","0","0","0","0","0","-","0","0","0","0","0","0","0","0","0","0","0","0","0","0","0","0","0","0","0","0","0","0","0","0","0","0","0","0","0","0","0","0","0","0","0","0","0","0","0","0"
"0x78a8577714d0","@!P5  LEA.HI.X R9, R18, UR29, R19, 0x2, P6","0","0","0","0","0","0","0","0","32","0","-","-","-","0","0","0","0","0","0","0","0","0","-","0","0","0","0","0","0","0","0","0","0","0","0","0","0","0","0","0","0","0","0","0","0","0","0","0","0","0","0","0","0","0","0","0","0","0","0","0","0","0","0"
"0x78a8577714e0","@!P5  LDG.E R19, desc[UR24][R20.64]","0","0","0","0","0","0","0","0","32","0","","","","0","0","0","0","0","0","0","0","0","","0","0","0","0","0","0","0","0","0","0","0","0","0","0","0","0","0","0","0","0","0","0","0","0","0","0","0","0","0","0","0","0","0","0","0","0","0","0","0","0"
"0x78a8577714f0","      LOP3.LUT P6, RZ, R28, 0x8, RZ, 0xc0, !PT","0","0","0","0","0","0","0","0","32","0","-","-","-","0","0","0","0","0","0","0","0","0","-","0","0","0","0","0","0","0","0","0","0","0","0","0","0","0","0","0","0","0","0","0","0","0","0","0","0","0","0","0","0","0","0","0","0","0","0","0","0","0","0"
"0x78a857771500","@!P5  FADD R19, R19, R38","0","0","0","0","0","0","0","0","32","0","-","-","-","0","0","0","0","0","0","0","0","0","-","0","0","0","0","0","0","0","0","0","0","0","0","0","0","0","0","0","0","0","0","0","0","0","0","0","0","0","0","0","0","0","0","0","0","0","0","0","0","0","0"
"0x78a857771510","@!P5  FSETP.GEU.AND P4, PT, R19, R0, PT","0","0","0","0","0","0","0","0","32","0","-","-","-","0","0","0","0","0","0","0","0","0","-","0","0","0","0","0","0","0","0","0","0","0","0","0","0","0","0","0","0","0","0","0","0","0","0","0","0","0","0","0","0","0","0","0","0","0","0","0","0","0","0"
"0x78a857771520","@!P5  FSEL R27, R0, R19, !P4","0","0","0","0","0","0","0","0","32","0","-","-","-","0","0","0","0","0","0","0","0","0","-","0","0","0","0","0","0","0","0","0","0","0","0","0","0","0","0","0","0","0","0","0","0","0","0","0","0","0","0","0","0","0","0","0","0","0","0","0","0","0","0"
"0x78a857771530","      ISETP.GE.OR P4, PT, R26, UR7, P6","0","0","0","0","0","0","0","0","32","0","-","-","-","0","0","0","0","0","0","0","0","0","-","0","0","0","0","0","0","0","0","0","0","0","0","0","0","0","0","0","0","0","0","0","0","0","0","0","0","0","0","0","0","0","0","0","0","0","0","0","0","0","0"
"0x78a857771540","@!P5  ST.E desc[UR24][R8.64], R27","0","0","0","0","0","0","0","0","32","0","","","","0","0","0","0","0","0","0","0","0","","0","0","0","0","0","0","0","0","0","0","0","0","0","0","0","0","0","0","0","0","0","0","0","0","0","0","0","0","0","0","0","0","0","0","0","0","0","0","0","0"
"0x78a857771550","@!P4  LDG.E R5, desc[UR24][R64.64]","0","0","0","0","0","0","0","0","32","0","","","","0","0","0","0","0","0","0","0","0","","0","0","0","0","0","0","0","0","0","0","0","0","0","0","0","0","0","0","0","0","0","0","0","0","0","0","0","0","0","0","0","0","0","0","0","0","0","0","0","0"
"0x78a857771560","@!P4  SHF.R.S32.HI R19, RZ, 0x1f, R33","0","0","0","0","0","0","0","0","32","0","-","-","-","0","0","0","0","0","0","0","0","0","-","0","0","0","0","0","0","0","0","0","0","0","0","0","0","0","0","0","0","0","0","0","0","0","0","0","0","0","0","0","0","0","0","0","0","0","0","0","0","0","0"
"0x78a857771570","@!P4  MOV R18, R33","0","0","0","0","0","0","0","0","32","0","-","-","-","0","0","0","0","0","0","0","0","0","-","0","0","0","0","0","0","0","0","0","0","0","0","0","0","0","0","0","0","0","0","0","0","0","0","0","0","0","0","0","0","0","0","0","0","0","0","0","0","0","0"
"0x78a857771580","@!P4  IADD.64 R18, R18, R36","0","0","0","0","0","0","0","0","32","0","-","-","-","0","0","0","0","0","0","0","0","0","-","0","0","0","0","0","0","0","0","0","0","0","0","0","0","0","0","0","0","0","0","0","0","0","0","0","0","0","0","0","0","0","0","0","0","0","0","0","0","0","0"
"0x78a857771590","@!P4  LEA R38, P6, R18, UR28, 0x2","0","0","0","0","0","0","0","0","32","0","-","-","-","0","0","0","0","0","0","0","0","0","-","0","0","0","0","0","0","0","0","0","0","0","0","0","0","0","0","0","0","0","0","0","0","0","0","0","0","0","0","0","0","0","0","0","0","0","0","0","0","0","0"
"0x78a8577715a0","@!P4  LEA.HI.X R39, R18, UR29, R19, 0x2, P6","0","0","0","0","0","0","0","0","32","0","-","-","-","0","0","0","0","0","0","0","0","0","-","0","0","0","0","0","0","0","0","0","0","0","0","0","0","0","0","0","0","0","0","0","0","0","0","0","0","0","0","0","0","0","0","0","0","0","0","0","0","0","0"
"0x78a8577715b0","      LOP3.LUT P6, RZ, R28, 0x4, RZ, 0xc0, !PT","0","0","0","0","0","0","0","0","32","0","-","-","-","0","0","0","0","0","0","0","0","0","-","0","0","0","0","0","0","0","0","0","0","0","0","0","0","0","0","0","0","0","0","0","0","0","0","0","0","0","0","0","0","0","0","0","0","0","0","0","0","0","0"
"0x78a8577715c0","@!P4  FADD R5, R5, R40","0","0","0","0","0","0","0","0","32","0","-","-","-","0","0","0","0","0","0","0","0","0","-","0","0","0","0","0","0","0","0","0","0","0","0","0","0","0","0","0","0","0","0","0","0","0","0","0","0","0","0","0","0","0","0","0","0","0","0","0","0","0","0"
"0x78a8577715d0","@!P4  FSETP.GEU.AND P5, PT, R5, R0, PT","0","0","0","0","0","0","0","0","32","0","-","-","-","0","0","0","0","0","0","0","0","0","-","0","0","0","0","0","0","0","0","0","0","0","0","0","0","0","0","0","0","0","0","0","0","0","0","0","0","0","0","0","0","0","0","0","0","0","0","0","0","0","0"
"0x78a8577715e0","@!P4  FSEL R29, R0, R5, !P5","0","0","0","0","0","0","0","0","32","0","-","-","-","0","0","0","0","0","0","0","0","0","-","0","0","0","0","0","0","0","0","0","0","0","0","0","0","0","0","0","0","0","0","0","0","0","0","0","0","0","0","0","0","0","0","0","0","0","0","0","0","0","0"
"0x78a8577715f0","      ISETP.GE.OR P5, PT, R26, UR7, P6","0","0","0","0","0","0","0","0","32","0","-","-","-","0","0","0","0","0","0","0","0","0","-","0","0","0","0","0","0","0","0","0","0","0","0","0","0","0","0","0","0","0","0","0","0","0","0","0","0","0","0","0","0","0","0","0","0","0","0","0","0","0","0"
"0x78a857771600","@!P4  ST.E desc[UR24][R38.64], R29","0","0","0","0","0","0","0","0","32","0","","","","0","0","0","0","0","0","0","0","0","","0","0","0","0","0","0","0","0","0","0","0","0","0","0","0","0","0","0","0","0","0","0","0","0","0","0","0","0","0","0","0","0","0","0","0","0","0","0","0","0"
"0x78a857771610","@!P5  SHF.R.S32.HI R5, RZ, 0x1f, R32","0","0","0","0","0","0","0","0","32","0","-","-","-","0","0","0","0","0","0","0","0","0","-","0","0","0","0","0","0","0","0","0","0","0","0","0","0","0","0","0","0","0","0","0","0","0","0","0","0","0","0","0","0","0","0","0","0","0","0","0","0","0","0"
"0x78a857771620","@!P5  MOV R4, R32","0","0","0","0","0","0","0","0","32","0","-","-","-","0","0","0","0","0","0","0","0","0","-","0","0","0","0","0","0","0","0","0","0","0","0","0","0","0","0","0","0","0","0","0","0","0","0","0","0","0","0","0","0","0","0","0","0","0","0","0","0","0","0"
"0x78a857771630","@!P5  IADD.64 R36, R4, R36","0","0","0","0","0","0","0","0","32","0","-","-","-","0","0","0","0","0","0","0","0","0","-","0","0","0","0","0","0","0","0","0","0","0","0","0","0","0","0","0","0","0","0","0","0","0","0","0","0","0","0","0","0","0","0","0","0","0","0","0","0","0","0"
"0x78a857771640","@!P5  LDG.E R5, desc[UR24][R6.64]","0","0","0","0","0","0","0","0","32","0","","","","0","0","0","0","0","0","0","0","0","","0","0","0","0","0","0","0","0","0","0","0","0","0","0","0","0","0","0","0","0","0","0","0","0","0","0","0","0","0","0","0","0","0","0","0","0","0","0","0","0"
"0x78a857771650","@!P5  LEA R18, P6, R36, UR28, 0x2","0","0","0","0","0","0","0","0","32","0","-","-","-","0","0","0","0","0","0","0","0","0","-","0","0","0","0","0","0","0","0","0","0","0","0","0","0","0","0","0","0","0","0","0","0","0","0","0","0","0","0","0","0","0","0","0","0","0","0","0","0","0","0"
"0x78a857771660","@!P5  LEA.HI.X R19, R36, UR29, R37, 0x2, P6","0","0","0","0","0","0","0","0","32","0","-","-","-","0","0","0","0","0","0","0","0","0","-","0","0","0","0","0","0","0","0","0","0","0","0","0","0","0","0","0","0","0","0","0","0","0","0","0","0","0","0","0","0","0","0","0","0","0","0","0","0","0","0"
"0x78a857771670","@!P5  FADD R5, R5, R68","0","0","0","0","0","0","0","0","32","0","-","-","-","0","0","0","0","0","0","0","0","0","-","0","0","0","0","0","0","0","0","0","0","0","0","0","0","0","0","0","0","0","0","0","0","0","0","0","0","0","0","0","0","0","0","0","0","0","0","0","0","0","0"
"0x78a857771680","@!P5  FSETP.GEU.AND P4, PT, R5, R0, PT","0","0","0","0","0","0","0","0","32","0","-","-","-","0","0","0","0","0","0","0","0","0","-","0","0","0","0","0","0","0","0","0","0","0","0","0","0","0","0","0","0","0","0","0","0","0","0","0","0","0","0","0","0","0","0","0","0","0","0","0","0","0","0"
"0x78a857771690","@!P5  FSEL R27, R0, R5, !P4","0","0","0","0","0","0","0","0","32","0","-","-","-","0","0","0","0","0","0","0","0","0","-","0","0","0","0","0","0","0","0","0","0","0","0","0","0","0","0","0","0","0","0","0","0","0","0","0","0","0","0","0","0","0","0","0","0","0","0","0","0","0","0"
"0x78a8577716a0","      IMAD.WIDE.U32 R4, R25, UR5, RZ","0","0","0","0","0","0","0","0","32","0","-","-","-","0","0","0","0","0","0","0","0","0","-","0","0","0","0","0","0","0","0","0","0","0","0","0","0","0","0","0","0","0","0","0","0","0","0","0","0","0","0","0","0","0","0","0","0","0","0","0","0","0","0"
"0x78a8577716b0","      IMAD R5, R25, UR4, R5","0","0","0","0","0","0","0","0","32","0","-","-","-","0","0","0","0","0","0","0","0","0","-","0","0","0","0","0","0","0","0","0","0","0","0","0","0","0","0","0","0","0","0","0","0","0","0","0","0","0","0","0","0","0","0","0","0","0","0","0","0","0","0"
"0x78a8577716c0","      IADD.64 R8, R2, R4","0","0","0","0","0","0","0","0","32","0","-","-","-","0","0","0","0","0","0","0","0","0","-","0","0","0","0","0","0","0","0","0","0","0","0","0","0","0","0","0","0","0","0","0","0","0","0","0","0","0","0","0","0","0","0","0","0","0","0","0","0","0","0"
"0x78a8577716d0","      LEA R2, P4, R8, UR28, 0x2","0","0","0","0","0","0","0","0","32","0","-","-","-","0","0","0","0","0","0","0","0","0","-","0","0","0","0","0","0","0","0","0","0","0","0","0","0","0","0","0","0","0","0","0","0","0","0","0","0","0","0","0","0","0","0","0","0","0","0","0","0","0","0"
"0x78a8577716e0","      LEA.HI.X R3, R8, UR29, R9, 0x2, P4","0","0","0","0","0","0","0","0","32","0","-","-","-","0","0","0","0","0","0","0","0","0","-","0","0","0","0","0","0","0","0","0","0","0","0","0","0","0","0","0","0","0","0","0","0","0","0","0","0","0","0","0","0","0","0","0","0","0","0","0","0","0","0"
"0x78a8577716f0","      LOP3.LUT P4, RZ, R28, 0x2, RZ, 0xc0, !PT","0","0","0","0","0","0","0","0","32","0","-","-","-","0","0","0","0","0","0","0","0","0","-","0","0","0","0","0","0","0","0","0","0","0","0","0","0","0","0","0","0","0","0","0","0","0","0","0","0","0","0","0","0","0","0","0","0","0","0","0","0","0","0"
"0x78a857771700","      ISETP.GE.OR P4, PT, R25, UR7, P4","0","0","0","0","0","0","0","0","32","0","-","-","-","0","0","0","0","0","0","0","0","0","-","0","0","0","0","0","0","0","0","0","0","0","0","0","0","0","0","0","0","0","0","0","0","0","0","0","0","0","0","0","0","0","0","0","0","0","0","0","0","0","0"
"0x78a857771710","@!P5  ST.E desc[UR24][R18.64], R27","0","0","0","0","0","0","0","0","32","0","","","","0","0","0","0","0","0","0","0","0","","0","0","0","0","0","0","0","0","0","0","0","0","0","0","0","0","0","0","0","0","0","0","0","0","0","0","0","0","0","0","0","0","0","0","0","0","0","0","0","0"
"0x78a857771720","@!P4  LDG.E R14, desc[UR24][R14.64]","0","0","0","0","0","0","0","0","32","0","","","","0","0","0","0","0","0","0","0","0","","0","0","0","0","0","0","0","0","0","0","0","0","0","0","0","0","0","0","0","0","0","0","0","0","0","0","0","0","0","0","0","0","0","0","0","0","0","0","0","0"
"0x78a857771730","      ISETP.GE.OR P0, PT, R25, UR7, P0","0","0","0","0","0","0","0","0","32","0","-","-","-","0","0","0","0","0","0","0","0","0","-","0","0","0","0","0","0","0","0","0","0","0","0","0","0","0","0","0","0","0","0","0","0","0","0","0","0","0","0","0","0","0","0","0","0","0","0","0","0","0","0"
"0x78a857771740","      LOP3.LUT P6, RZ, R28, 0x1, RZ, 0xc0, !PT","0","0","0","0","0","0","0","0","32","0","-","-","-","0","0","0","0","0","0","0","0","0","-","0","0","0","0","0","0","0","0","0","0","0","0","0","0","0","0","0","0","0","0","0","0","0","0","0","0","0","0","0","0","0","0","0","0","0","0","0","0","0","0"
"0x78a857771750","      BSSY.RECONVERGENT B0, 0x78a857771830","0","0","0","0","0","0","0","0","32","0","-","-","-","0","0","0","0","0","0","0","0","0","-","0","0","0","0","0","0","0","0","0","0","0","0","0","0","0","0","0","0","0","0","0","0","0","0","0","0","0","0","0","0","0","0","0","0","0","0","0","0","0","0"
"0x78a857771760","      ISETP.GE.OR P1, PT, R25, UR7, P1","0","0","0","0","0","0","0","0","32","0","-","-","-","0","0","0","0","0","0","0","0","0","-","0","0","0","0","0","0","0","0","0","0","0","0","0","0","0","0","0","0","0","0","0","0","0","0","0","0","0","0","0","0","0","0","0","0","0","0","0","0","0","0"
"0x78a857771770","@!P4  FADD R31, R14, R31","0","0","0","0","0","0","0","0","32","0","-","-","-","0","0","0","0","0","0","0","0","0","-","0","0","0","0","0","0","0","0","0","0","0","0","0","0","0","0","0","0","0","0","0","0","0","0","0","0","0","0","0","0","0","0","0","0","0","0","0","0","0","0"
"0x78a857771780","@!P4  FSETP.GEU.AND P5, PT, R31, R0, PT","0","0","0","0","0","0","0","0","32","0","-","-","-","0","0","0","0","0","0","0","0","0","-","0","0","0","0","0","0","0","0","0","0","0","0","0","0","0","0","0","0","0","0","0","0","0","0","0","0","0","0","0","0","0","0","0","0","0","0","0","0","0","0"
"0x78a857771790","@!P4  FSEL R31, R0, R31, !P5","0","0","0","0","0","0","0","0","32","0","-","-","-","0","0","0","0","0","0","0","0","0","-","0","0","0","0","0","0","0","0","0","0","0","0","0","0","0","0","0","0","0","0","0","0","0","0","0","0","0","0","0","0","0","0","0","0","0","0","0","0","0","0"
"0x78a8577717a0","@!P4  ST.E desc[UR24][R2.64], R31","0","0","0","0","0","0","0","0","32","0","","","","0","0","0","0","0","0","0","0","0","","0","0","0","0","0","0","0","0","0","0","0","0","0","0","0","0","0","0","0","0","0","0","0","0","0","0","0","0","0","0","0","0","0","0","0","0","0","0","0","0"
"0x78a8577717b0","      ISETP.GE.OR P4, PT, R25, UR7, P6","0","0","0","0","0","0","0","0","32","0","-","-","-","0","0","0","0","0","0","0","0","0","-","0","0","0","0","0","0","0","0","0","0","0","0","0","0","0","0","0","0","0","0","0","0","0","0","0","0","0","0","0","0","0","0","0","0","0","0","0","0","0","0"
"0x78a8577717c0","@P0   BRA 0x78a857771820","0","0","0","0","0","0","0","0","32","0","-","-","-","0","0","0","0","0","0","0","0","0","-","0","0","0","0","0","0","0","0","0","0","0","0","0","0","0","0","0","0","0","0","0","0","0","0","0","0","0","0","0","0","0","0","0","0","0","0","0","0","0","0"
"0x78a8577717d0","      LDG.E R23, desc[UR24][R22.64]","0","0","0","0","0","0","0","0","32","0","","","","0","0","0","0","0","0","0","0","0","","0","0","0","0","0","0","0","0","0","0","0","0","0","0","0","0","0","0","0","0","0","0","0","0","0","0","0","0","0","0","0","0","0","0","0","0","0","0","0","0"
"0x78a8577717e0","      FADD R9, R23, R56","0","0","0","0","0","0","0","0","32","0","-","-","-","0","0","0","0","0","0","0","0","0","-","0","0","0","0","0","0","0","0","0","0","0","0","0","0","0","0","0","0","0","0","0","0","0","0","0","0","0","0","0","0","0","0","0","0","0","0","0","0","0","0"
"0x78a8577717f0","      FSETP.GEU.AND P0, PT, R9, R0, PT","0","0","0","0","0","0","0","0","32","0","-","-","-","0","0","0","0","0","0","0","0","0","-","0","0","0","0","0","0","0","0","0","0","0","0","0","0","0","0","0","0","0","0","0","0","0","0","0","0","0","0","0","0","0","0","0","0","0","0","0","0","0","0"
"0x78a857771800","      FSEL R9, R0, R9, !P0","0","0","0","0","0","0","0","0","32","0","-","-","-","0","0","0","0","0","0","0","0","0","-","0","0","0","0","0","0","0","0","0","0","0","0","0","0","0","0","0","0","0","0","0","0","0","0","0","0","0","0","0","0","0","0","0","0","0","0","0","0","0","0"
"0x78a857771810","      ST.E desc[UR24][R2.64+0x4], R9","0","0","0","0","0","0","0","0","32","0","","","","0","0","0","0","0","0","0","0","0","","0","0","0","0","0","0","0","0","0","0","0","0","0","0","0","0","0","0","0","0","0","0","0","0","0","0","0","0","0","0","0","0","0","0","0","0","0","0","0","0"
"0x78a857771820","      BSYNC.RECONVERGENT B0","0","0","0","0","0","0","0","0","32","0","-","-","-","0","0","0","0","0","0","0","0","0","-","0","0","0","0","0","0","0","0","0","0","0","0","0","0","0","0","0","0","0","0","0","0","0","0","0","0","0","0","0","0","0","0","0","0","0","0","0","0","0","0"
"0x78a857771830","      BSSY.RECONVERGENT B0, 0x78a8577718b0","0","0","0","0","0","0","0","0","32","0","-","-","-","0","0","0","0","0","0","0","0","0","-","0","0","0","0","0","0","0","0","0","0","0","0","0","0","0","0","0","0","0","0","0","0","0","0","0","0","0","0","0","0","0","0","0","0","0","0","0","0","0","0"
"0x78a857771840","@P4   BRA 0x78a8577718a0","0","0","0","0","0","0","0","0","32","0","-","-","-","0","0","0","0","0","0","0","0","0","-","0","0","0","0","0","0","0","0","0","0","0","0","0","0","0","0","0","0","0","0","0","0","0","0","0","0","0","0","0","0","0","0","0","0","0","0","0","0","0","0"
"0x78a857771850","      LDG.E R12, desc[UR24][R12.64]","0","0","0","0","0","0","0","0","32","0","","","","0","0","0","0","0","0","0","0","0","","0","0","0","0","0","0","0","0","0","0","0","0","0","0","0","0","0","0","0","0","0","0","0","0","0","0","0","0","0","0","0","0","0","0","0","0","0","0","0","0"
"0x78a857771860","      FADD R63, R12, R63","0","0","0","0","0","0","0","0","32","0","-","-","-","0","0","0","0","0","0","0","0","0","-","0","0","0","0","0","0","0","0","0","0","0","0","0","0","0","0","0","0","0","0","0","0","0","0","0","0","0","0","0","0","0","0","0","0","0","0","0","0","0","0"
"0x78a857771870","      FSETP.GEU.AND P0, PT, R63, R0, PT","0","0","0","0","0","0","0","0","32","0","-","-","-","0","0","0","0","0","0","0","0","0","-","0","0","0","0","0","0","0","0","0","0","0","0","0","0","0","0","0","0","0","0","0","0","0","0","0","0","0","0","0","0","0","0","0","0","0","0","0","0","0","0"
"0x78a857771880","      FSEL R63, R0, R63, !P0","0","0","0","0","0","0","0","0","32","0","-","-","-","0","0","0","0","0","0","0","0","0","-","0","0","0","0","0","0","0","0","0","0","0","0","0","0","0","0","0","0","0","0","0","0","0","0","0","0","0","0","0","0","0","0","0","0","0","0","0","0","0","0"
"0x78a857771890","      ST.E desc[UR24][R2.64+0x8], R63","0","0","0","0","0","0","0","0","32","0","","","","0","0","0","0","0","0","0","0","0","","0","0","0","0","0","0","0","0","0","0","0","0","0","0","0","0","0","0","0","0","0","0","0","0","0","0","0","0","0","0","0","0","0","0","0","0","0","0","0","0"
"0x78a8577718a0","      BSYNC.RECONVERGENT B0","0","0","0","0","0","0","0","0","32","0","-","-","-","0","0","0","0","0","0","0","0","0","-","0","0","0","0","0","0","0","0","0","0","0","0","0","0","0","0","0","0","0","0","0","0","0","0","0","0","0","0","0","0","0","0","0","0","0","0","0","0","0","0"
"0x78a8577718b0","@!P1  LDG.E R54, desc[UR24][R54.64]","0","0","0","0","0","0","0","0","32","0","","","","0","0","0","0","0","0","0","0","0","","0","0","0","0","0","0","0","0","0","0","0","0","0","0","0","0","0","0","0","0","0","0","0","0","0","0","0","0","0","0","0","0","0","0","0","0","0","0","0","0"
"0x78a8577718c0","      ISETP.GE.OR P2, PT, R25, UR7, P2","0","0","0","0","0","0","0","0","32","0","-","-","-","0","0","0","0","0","0","0","0","0","-","0","0","0","0","0","0","0","0","0","0","0","0","0","0","0","0","0","0","0","0","0","0","0","0","0","0","0","0","0","0","0","0","0","0","0","0","0","0","0","0"
"0x78a8577718d0","      LOP3.LUT P5, RZ, R28, 0x8, RZ, 0xc0, !PT","0","0","0","0","0","0","0","0","32","0","-","-","-","0","0","0","0","0","0","0","0","0","-","0","0","0","0","0","0","0","0","0","0","0","0","0","0","0","0","0","0","0","0","0","0","0","0","0","0","0","0","0","0","0","0","0","0","0","0","0","0","0","0"
"0x78a8577718e0","      LOP3.LUT P4, RZ, R28, 0x4, RZ, 0xc0, !PT","0","0","0","0","0","0","0","0","32","0","-","-","-","0","0","0","0","0","0","0","0","0","-","0","0","0","0","0","0","0","0","0","0","0","0","0","0","0","0","0","0","0","0","0","0","0","0","0","0","0","0","0","0","0","0","0","0","0","0","0","0","0","0"
"0x78a8577718f0","@!P1  FADD R47, R54, R47","0","0","0","0","0","0","0","0","32","0","-","-","-","0","0","0","0","0","0","0","0","0","-","0","0","0","0","0","0","0","0","0","0","0","0","0","0","0","0","0","0","0","0","0","0","0","0","0","0","0","0","0","0","0","0","0","0","0","0","0","0","0","0"
"0x78a857771900","@!P1  FSETP.GEU.AND P0, PT, R47, R0, PT","0","0","0","0","0","0","0","0","32","0","-","-","-","0","0","0","0","0","0","0","0","0","-","0","0","0","0","0","0","0","0","0","0","0","0","0","0","0","0","0","0","0","0","0","0","0","0","0","0","0","0","0","0","0","0","0","0","0","0","0","0","0","0"
"0x78a857771910","@!P1  FSEL R47, R0, R47, !P0","0","0","0","0","0","0","0","0","32","0","-","-","-","0","0","0","0","0","0","0","0","0","-","0","0","0","0","0","0","0","0","0","0","0","0","0","0","0","0","0","0","0","0","0","0","0","0","0","0","0","0","0","0","0","0","0","0","0","0","0","0","0","0"
"0x78a857771920","@!P1  ST.E desc[UR24][R2.64+0xc], R47","0","0","0","0","0","0","0","0","32","0","","","","0","0","0","0","0","0","0","0","0","","0","0","0","0","0","0","0","0","0","0","0","0","0","0","0","0","0","0","0","0","0","0","0","0","0","0","0","0","0","0","0","0","0","0","0","0","0","0","0","0"
"0x78a857771930","@!P2  LDG.E R11, desc[UR24][R10.64]","0","0","0","0","0","0","0","0","32","0","","","","0","0","0","0","0","0","0","0","0","","0","0","0","0","0","0","0","0","0","0","0","0","0","0","0","0","0","0","0","0","0","0","0","0","0","0","0","0","0","0","0","0","0","0","0","0","0","0","0","0"
"0x78a857771940","@!P2  SHF.R.S32.HI R17, RZ, 0x1f, R16","0","0","0","0","0","0","0","0","32","0","-","-","-","0","0","0","0","0","0","0","0","0","-","0","0","0","0","0","0","0","0","0","0","0","0","0","0","0","0","0","0","0","0","0","0","0","0","0","0","0","0","0","0","0","0","0","0","0","0","0","0","0","0"
"0x78a857771950","      ISETP.GE.OR P3, PT, R25, UR7, P3","0","0","0","0","0","0","0","0","32","0","-","-","-","0","0","0","0","0","0","0","0","0","-","0","0","0","0","0","0","0","0","0","0","0","0","0","0","0","0","0","0","0","0","0","0","0","0","0","0","0","0","0","0","0","0","0","0","0","0","0","0","0","0"
"0x78a857771960","@!P2  IADD.64 R16, R16, R4","0","0","0","0","0","0","0","0","32","0","-","-","-","0","0","0","0","0","0","0","0","0","-","0","0","0","0","0","0","0","0","0","0","0","0","0","0","0","0","0","0","0","0","0","0","0","0","0","0","0","0","0","0","0","0","0","0","0","0","0","0","0","0"
"0x78a857771970","@!P2  LEA R8, P1, R16, UR28, 0x2","0","0","0","0","0","0","0","0","32","0","-","-","-","0","0","0","0","0","0","0","0","0","-","0","0","0","0","0","0","0","0","0","0","0","0","0","0","0","0","0","0","0","0","0","0","0","0","0","0","0","0","0","0","0","0","0","0","0","0","0","0","0","0"
"0x78a857771980","@!P2  LEA.HI.X R9, R16, UR29, R17, 0x2, P1","0","0","0","0","0","0","0","0","32","0","-","-","-","0","0","0","0","0","0","0","0","0","-","0","0","0","0","0","0","0","0","0","0","0","0","0","0","0","0","0","0","0","0","0","0","0","0","0","0","0","0","0","0","0","0","0","0","0","0","0","0","0","0"
"0x78a857771990","@!P2  FADD R13, R11, R60","0","0","0","0","0","0","0","0","32","0","-","-","-","0","0","0","0","0","0","0","0","0","-","0","0","0","0","0","0","0","0","0","0","0","0","0","0","0","0","0","0","0","0","0","0","0","0","0","0","0","0","0","0","0","0","0","0","0","0","0","0","0","0"
"0x78a8577719a0","@!P2  FSETP.GEU.AND P0, PT, R13, R0, PT","0","0","0","0","0","0","0","0","32","0","-","-","-","0","0","0","0","0","0","0","0","0","-","0","0","0","0","0","0","0","0","0","0","0","0","0","0","0","0","0","0","0","0","0","0","0","0","0","0","0","0","0","0","0","0","0","0","0","0","0","0","0","0"
"0x78a8577719b0","@!P2  FSEL R13, R0, R13, !P0","0","0","0","0","0","0","0","0","32","0","-","-","-","0","0","0","0","0","0","0","0","0","-","0","0","0","0","0","0","0","0","0","0","0","0","0","0","0","0","0","0","0","0","0","0","0","0","0","0","0","0","0","0","0","0","0","0","0","0","0","0","0","0"
"0x78a8577719c0","@!P2  ST.E desc[UR24][R8.64], R13","0","0","0","0","0","0","0","0","32","0","","","","0","0","0","0","0","0","0","0","0","","0","0","0","0","0","0","0","0","0","0","0","0","0","0","0","0","0","0","0","0","0","0","0","0","0","0","0","0","0","0","0","0","0","0","0","0","0","0","0","0"
"0x78a8577719d0","@!P3  LDG.E R21, desc[UR24][R20.64]","0","0","0","0","0","0","0","0","32","0","","","","0","0","0","0","0","0","0","0","0","","0","0","0","0","0","0","0","0","0","0","0","0","0","0","0","0","0","0","0","0","0","0","0","0","0","0","0","0","0","0","0","0","0","0","0","0","0","0","0","0"
"0x78a8577719e0","@!P3  SHF.R.S32.HI R35, RZ, 0x1f, R34","0","0","0","0","0","0","0","0","32","0","-","-","-","0","0","0","0","0","0","0","0","0","-","0","0","0","0","0","0","0","0","0","0","0","0","0","0","0","0","0","0","0","0","0","0","0","0","0","0","0","0","0","0","0","0","0","0","0","0","0","0","0","0"
"0x78a8577719f0","      ISETP.GE.OR P0, PT, R25, UR7, P5","0","0","0","0","0","0","0","0","32","0","-","-","-","0","0","0","0","0","0","0","0","0","-","0","0","0","0","0","0","0","0","0","0","0","0","0","0","0","0","0","0","0","0","0","0","0","0","0","0","0","0","0","0","0","0","0","0","0","0","0","0","0","0"
"0x78a857771a00","@!P3  IADD.64 R34, R34, R4","0","0","0","0","0","0","0","0","32","0","-","-","-","0","0","0","0","0","0","0","0","0","-","0","0","0","0","0","0","0","0","0","0","0","0","0","0","0","0","0","0","0","0","0","0","0","0","0","0","0","0","0","0","0","0","0","0","0","0","0","0","0","0"
"0x78a857771a10","@!P3  LEA R2, P2, R34, UR28, 0x2","0","0","0","0","0","0","0","0","32","0","-","-","-","0","0","0","0","0","0","0","0","0","-","0","0","0","0","0","0","0","0","0","0","0","0","0","0","0","0","0","0","0","0","0","0","0","0","0","0","0","0","0","0","0","0","0","0","0","0","0","0","0","0"
"0x78a857771a20","@!P3  LEA.HI.X R3, R34, UR29, R35, 0x2, P2","0","0","0","0","0","0","0","0","32","0","-","-","-","0","0","0","0","0","0","0","0","0","-","0","0","0","0","0","0","0","0","0","0","0","0","0","0","0","0","0","0","0","0","0","0","0","0","0","0","0","0","0","0","0","0","0","0","0","0","0","0","0","0"
"0x78a857771a30","@!P3  FADD R11, R21, R42","0","0","0","0","0","0","0","0","32","0","-","-","-","0","0","0","0","0","0","0","0","0","-","0","0","0","0","0","0","0","0","0","0","0","0","0","0","0","0","0","0","0","0","0","0","0","0","0","0","0","0","0","0","0","0","0","0","0","0","0","0","0","0"
"0x78a857771a40","@!P3  FSETP.GEU.AND P1, PT, R11, R0, PT","0","0","0","0","0","0","0","0","32","0","-","-","-","0","0","0","0","0","0","0","0","0","-","0","0","0","0","0","0","0","0","0","0","0","0","0","0","0","0","0","0","0","0","0","0","0","0","0","0","0","0","0","0","0","0","0","0","0","0","0","0","0","0"
"0x78a857771a50","@!P3  FSEL R15, R0, R11, !P1","0","0","0","0","0","0","0","0","32","0","-","-","-","0","0","0","0","0","0","0","0","0","-","0","0","0","0","0","0","0","0","0","0","0","0","0","0","0","0","0","0","0","0","0","0","0","0","0","0","0","0","0","0","0","0","0","0","0","0","0","0","0","0"
"0x78a857771a60","@!P3  ST.E desc[UR24][R2.64], R15","0","0","0","0","0","0","0","0","32","0","","","","0","0","0","0","0","0","0","0","0","","0","0","0","0","0","0","0","0","0","0","0","0","0","0","0","0","0","0","0","0","0","0","0","0","0","0","0","0","0","0","0","0","0","0","0","0","0","0","0","0"
"0x78a857771a70","@!P0  LDG.E R65, desc[UR24][R64.64]","0","0","0","0","0","0","0","0","32","0","","","","0","0","0","0","0","0","0","0","0","","0","0","0","0","0","0","0","0","0","0","0","0","0","0","0","0","0","0","0","0","0","0","0","0","0","0","0","0","0","0","0","0","0","0","0","0","0","0","0","0"
"0x78a857771a80","@!P0  SHF.R.S32.HI R9, RZ, 0x1f, R33","0","0","0","0","0","0","0","0","32","0","-","-","-","0","0","0","0","0","0","0","0","0","-","0","0","0","0","0","0","0","0","0","0","0","0","0","0","0","0","0","0","0","0","0","0","0","0","0","0","0","0","0","0","0","0","0","0","0","0","0","0","0","0"
"0x78a857771a90","@!P0  MOV R8, R33","0","0","0","0","0","0","0","0","32","0","-","-","-","0","0","0","0","0","0","0","0","0","-","0","0","0","0","0","0","0","0","0","0","0","0","0","0","0","0","0","0","0","0","0","0","0","0","0","0","0","0","0","0","0","0","0","0","0","0","0","0","0","0"
"0x78a857771aa0","      ISETP.GE.OR P1, PT, R25, UR7, P4","0","0","0","0","0","0","0","0","32","0","-","-","-","0","0","0","0","0","0","0","0","0","-","0","0","0","0","0","0","0","0","0","0","0","0","0","0","0","0","0","0","0","0","0","0","0","0","0","0","0","0","0","0","0","0","0","0","0","0","0","0","0","0"
"0x78a857771ab0","@!P0  IADD.64 R8, R8, R4","0","0","0","0","0","0","0","0","32","0","-","-","-","0","0","0","0","0","0","0","0","0","-","0","0","0","0","0","0","0","0","0","0","0","0","0","0","0","0","0","0","0","0","0","0","0","0","0","0","0","0","0","0","0","0","0","0","0","0","0","0","0","0"
"0x78a857771ac0","@!P0  LEA R10, P3, R8, UR28, 0x2","0","0","0","0","0","0","0","0","32","0","-","-","-","0","0","0","0","0","0","0","0","0","-","0","0","0","0","0","0","0","0","0","0","0","0","0","0","0","0","0","0","0","0","0","0","0","0","0","0","0","0","0","0","0","0","0","0","0","0","0","0","0","0"
"0x78a857771ad0","@!P0  LEA.HI.X R11, R8, UR29, R9, 0x2, P3","0","0","0","0","0","0","0","0","32","0","-","-","-","0","0","0","0","0","0","0","0","0","-","0","0","0","0","0","0","0","0","0","0","0","0","0","0","0","0","0","0","0","0","0","0","0","0","0","0","0","0","0","0","0","0","0","0","0","0","0","0","0","0"
"0x78a857771ae0","@!P0  FADD R13, R65, R62","0","0","0","0","0","0","0","0","32","0","-","-","-","0","0","0","0","0","0","0","0","0","-","0","0","0","0","0","0","0","0","0","0","0","0","0","0","0","0","0","0","0","0","0","0","0","0","0","0","0","0","0","0","0","0","0","0","0","0","0","0","0","0"
"0x78a857771af0","@!P0  FSETP.GEU.AND P2, PT, R13, R0, PT","0","0","0","0","0","0","0","0","32","0","-","-","-","0","0","0","0","0","0","0","0","0","-","0","0","0","0","0","0","0","0","0","0","0","0","0","0","0","0","0","0","0","0","0","0","0","0","0","0","0","0","0","0","0","0","0","0","0","0","0","0","0","0"
"0x78a857771b00","@!P0  FSEL R13, R0, R13, !P2","0","0","0","0","0","0","0","0","32","0","-","-","-","0","0","0","0","0","0","0","0","0","-","0","0","0","0","0","0","0","0","0","0","0","0","0","0","0","0","0","0","0","0","0","0","0","0","0","0","0","0","0","0","0","0","0","0","0","0","0","0","0","0"
"0x78a857771b10","@!P0  ST.E desc[UR24][R10.64], R13","0","0","0","0","0","0","0","0","32","0","","","","0","0","0","0","0","0","0","0","0","","0","0","0","0","0","0","0","0","0","0","0","0","0","0","0","0","0","0","0","0","0","0","0","0","0","0","0","0","0","0","0","0","0","0","0","0","0","0","0","0"
"0x78a857771b20","@P1   EXIT","0","0","0","0","0","0","0","0","32","0","-","-","-","0","0","0","0","0","0","0","0","0","-","0","0","0","0","0","0","0","0","0","0","0","0","0","0","0","0","0","0","0","0","0","0","0","0","0","0","0","0","0","0","0","0","0","0","0","0","0","0","0","0"
"0x78a857771b30","      LDG.E R6, desc[UR24][R6.64]","0","0","0","0","0","0","0","0","32","0","","","","0","0","0","0","0","0","0","0","0","","0","0","0","0","0","0","0","0","0","0","0","0","0","0","0","0","0","0","0","0","0","0","0","0","0","0","0","0","0","0","0","0","0","0","0","0","0","0","0","0"
"0x78a857771b40","      SHF.R.S32.HI R33, RZ, 0x1f, R32","0","0","0","0","0","0","0","0","32","0","-","-","-","0","0","0","0","0","0","0","0","0","-","0","0","0","0","0","0","0","0","0","0","0","0","0","0","0","0","0","0","0","0","0","0","0","0","0","0","0","0","0","0","0","0","0","0","0","0","0","0","0","0"
"0x78a857771b50","      IADD.64 R4, R32, R4","0","0","0","0","0","0","0","0","32","0","-","-","-","0","0","0","0","0","0","0","0","0","-","0","0","0","0","0","0","0","0","0","0","0","0","0","0","0","0","0","0","0","0","0","0","0","0","0","0","0","0","0","0","0","0","0","0","0","0","0","0","0","0"
"0x78a857771b60","      LEA R2, P1, R4, UR28, 0x2","0","0","0","0","0","0","0","0","32","0","-","-","-","0","0","0","0","0","0","0","0","0","-","0","0","0","0","0","0","0","0","0","0","0","0","0","0","0","0","0","0","0","0","0","0","0","0","0","0","0","0","0","0","0","0","0","0","0","0","0","0","0","0"
"0x78a857771b70","      LEA.HI.X R3, R4, UR29, R5, 0x2, P1","0","0","0","0","0","0","0","0","32","0","-","-","-","0","0","0","0","0","0","0","0","0","-","0","0","0","0","0","0","0","0","0","0","0","0","0","0","0","0","0","0","0","0","0","0","0","0","0","0","0","0","0","0","0","0","0","0","0","0","0","0","0","0"
"0x78a857771b80","      FADD R69, R6, R69","0","0","0","0","0","0","0","0","32","0","-","-","-","0","0","0","0","0","0","0","0","0","-","0","0","0","0","0","0","0","0","0","0","0","0","0","0","0","0","0","0","0","0","0","0","0","0","0","0","0","0","0","0","0","0","0","0","0","0","0","0","0","0"
"0x78a857771b90","      FSETP.GEU.AND P0, PT, R69, R0, PT","0","0","0","0","0","0","0","0","32","0","-","-","-","0","0","0","0","0","0","0","0","0","-","0","0","0","0","0","0","0","0","0","0","0","0","0","0","0","0","0","0","0","0","0","0","0","0","0","0","0","0","0","0","0","0","0","0","0","0","0","0","0","0"
"0x78a857771ba0","      FSEL R69, R0, R69, !P0","0","0","0","0","0","0","0","0","32","0","-","-","-","0","0","0","0","0","0","0","0","0","-","0","0","0","0","0","0","0","0","0","0","0","0","0","0","0","0","0","0","0","0","0","0","0","0","0","0","0","0","0","0","0","0","0","0","0","0","0","0","0","0"
"0x78a857771bb0","      ST.E desc[UR24][R2.64], R69","0","0","0","0","0","0","0","0","32","0","","","","0","0","0","0","0","0","0","0","0","","0","0","0","0","0","0","0","0","0","0","0","0","0","0","0","0","0","0","0","0","0","0","0","0","0","0","0","0","0","0","0","0","0","0","0","0","0","0","0","0"
"0x78a857771bc0","      EXIT","0","0","0","0","0","0","0","0","32","0","-","-","-","0","0","0","0","0","0","0","0","0","-","0","0","0","0","0","0","0","0","0","0","0","0","0","0","0","0","0","0","0","0","0","0","0","0","0","0","0","0","0","0","0","0","0","0","0","0","0","0","0","0"
"0x78a857771bd0","      BRA `(.L_x_0) 0x78a857771bd0","0","0","0","0","0","0","0","0","0","0","-","-","-","0","0","0","0","0","0","0","0","0","-","0","0","0","0","0","0","0","0","0","0","0","0","0","0","0","0","0","0","0","0","0","0","0","0","0","0","0","0","0","0","0","0","0","0","0","0","0","0","0","0"
"0x78a857771be0","      NOP","0","0","0","0","0","0","0","0","0","0","-","-","-","0","0","0","0","0","0","0","0","0","-","0","0","0","0","0","0","0","0","0","0","0","0","0","0","0","0","0","0","0","0","0","0","0","0","0","0","0","0","0","0","0","0","0","0","0","0","0","0","0","0"
"0x78a857771bf0","      NOP","0","0","0","0","0","0","0","0","0","0","-","-","-","0","0","0","0","0","0","0","0","0","-","0","0","0","0","0","0","0","0","0","0","0","0","0","0","0","0","0","0","0","0","0","0","0","0","0","0","0","0","0","0","0","0","0","0","0","0","0","0","0","0"
"0x78a857771c00","      NOP","0","0","0","0","0","0","0","0","0","0","-","-","-","0","0","0","0","0","0","0","0","0","-","0","0","0","0","0","0","0","0","0","0","0","0","0","0","0","0","0","0","0","0","0","0","0","0","0","0","0","0","0","0","0","0","0","0","0","0","0","0","0","0"
"0x78a857771c10","      NOP","0","0","0","0","0","0","0","0","0","0","-","-","-","0","0","0","0","0","0","0","0","0","-","0","0","0","0","0","0","0","0","0","0","0","0","0","0","0","0","0","0","0","0","0","0","0","0","0","0","0","0","0","0","0","0","0","0","0","0","0","0","0","0"
"0x78a857771c20","      NOP","0","0","0","0","0","0","0","0","0","0","-","-","-","0","0","0","0","0","0","0","0","0","-","0","0","0","0","0","0","0","0","0","0","0","0","0","0","0","0","0","0","0","0","0","0","0","0","0","0","0","0","0","0","0","0","0","0","0","0","0","0","0","0"
"0x78a857771c30","      NOP","0","0","0","0","0","0","0","0","0","0","-","-","-","0","0","0","0","0","0","0","0","0","-","0","0","0","0","0","0","0","0","0","0","0","0","0","0","0","0","0","0","0","0","0","0","0","0","0","0","0","0","0","0","0","0","0","0","0","0","0","0","0","0"
"0x78a857771c40","      NOP","0","0","0","0","0","0","0","0","0","0","-","-","-","0","0","0","0","0","0","0","0","0","-","0","0","0","0","0","0","0","0","0","0","0","0","0","0","0","0","0","0","0","0","0","0","0","0","0","0","0","0","0","0","0","0","0","0","0","0","0","0","0","0"
"0x78a857771c50","      NOP","0","0","0","0","0","0","0","0","0","0","-","-","-","0","0","0","0","0","0","0","0","0","-","0","0","0","0","0","0","0","0","0","0","0","0","0","0","0","0","0","0","0","0","0","0","0","0","0","0","0","0","0","0","0","0","0","0","0","0","0","0","0","0"
"0x78a857771c60","      NOP","0","0","0","0","0","0","0","0","0","0","-","-","-","0","0","0","0","0","0","0","0","0","-","0","0","0","0","0","0","0","0","0","0","0","0","0","0","0","0","0","0","0","0","0","0","0","0","0","0","0","0","0","0","0","0","0","0","0","0","0","0","0","0"
"0x78a857771c70","      NOP","0","0","0","0","0","0","0","0","0","0","-","-","-","0","0","0","0","0","0","0","0","0","-","0","0","0","0","0","0","0","0","0","0","0","0","0","0","0","0","0","0","0","0","0","0","0","0","0","0","0","0","0","0","0","0","0","0","0","0","0","0","0","0"
