"Kernel Name","void magma_sgemmEx_kernel<float, float, float, (bool)1, (bool)0, (int)6, (int)4, (int)6, (int)3, (int)4>(int, int, int, BatchedTensor, int, BatchedTensor, int, BatchedTensor, int, BatchedTensor, int, int, int, const T1 *, const T1 *, T1, T1, int, cublasLtEpilogue_t, int, const void *, long)",
"Address","Source","Warp Stall Sampling (All Samples)","Warp Stall Sampling (Not-issued Samples)","# Samples","Instructions Executed","Thread Instructions Executed","Predicated-On Thread Instructions Executed","Avg. Threads Executed","Avg. Predicated-On Threads Executed","Avg. Predicated-On Threads Unexecuted","Divergent Branches","Address Space","Access Operation","Access Size","L1 Tag Requests Global","L1 Conflicts Shared N-Way","L1 Wavefronts Shared Excessive","L1 Wavefronts Shared","L1 Wavefronts Shared Ideal","L2 Theoretical Sectors Global Excessive","L2 Theoretical Sectors Global","L2 Theoretical Sectors Global Ideal","L2 Theoretical Sectors Local","L2 Explicit Evict Policies","L2 Explicit Hit Policy Evict First","L2 Explicit Hit Policy Evict Last","L2 Explicit Hit Policy Evict Normal","L2 Explicit Hit Policy Evict Normal Demote","L2 Explicit Miss Policy Evict First","L2 Explicit Miss Policy Evict Normal","stall_barrier","stall_branch_resolving","stall_dispatch","stall_drain","stall_lg","stall_long_sb","stall_math","stall_membar","stall_mio","stall_misc","stall_no_inst","stall_not_selected","stall_selected","stall_short_sb","stall_sleep","stall_tex","stall_wait","stall_barrier (Not Issued)","stall_branch_resolving (Not Issued)","stall_dispatch (Not Issued)","stall_drain (Not Issued)","stall_lg (Not Issued)","stall_long_sb (Not Issued)","stall_math (Not Issued)","stall_membar (Not Issued)","stall_mio (Not Issued)","stall_misc (Not Issued)","stall_no_inst (Not Issued)","stall_not_selected (Not Issued)","stall_selected (Not Issued)","stall_short_sb (Not Issued)","stall_sleeping (Not Issued)","stall_tex (Not Issued)","stall_wait (Not Issued)"
"0x707367768500","      LDC R1, c[0x0][0x37c]","35","12","35","16384","524288","524288","32","32","0","0","-","-","-","0","0","0","0","0","0","0","0","0","-","0","0","0","0","0","0","0","0","5","0","0","0","0","0","0","0","15","15","0","0","0","0","0","0","0","0","0","0","0","0","0","0","0","12","0","0","0","0","0","0"
"0x707367768510","      LDCU.U8 UR10, c[0x0][0x390]","0","0","0","16384","524288","524288","32","32","0","0","-","-","-","0","0","0","0","0","0","0","0","0","-","0","0","0","0","0","0","0","0","0","0","0","0","0","0","0","0","0","0","0","0","0","0","0","0","0","0","0","0","0","0","0","0","0","0","0","0","0","0","0","0"
"0x707367768520","      S2UR UR13, SR_CTAID.Z","4","1","4","16384","524288","524288","32","32","0","0","-","-","-","0","0","0","0","0","0","0","0","0","-","0","0","0","0","0","0","0","0","1","0","0","0","0","0","0","0","0","0","0","0","0","0","3","0","0","0","0","0","0","0","0","0","0","0","0","0","0","0","0","1"
"0x707367768530","      LDCU.U8 UR15, c[0x0][0x3f0]","1","0","1","16384","524288","524288","32","32","0","0","-","-","-","0","0","0","0","0","0","0","0","0","-","0","0","0","0","0","0","0","0","0","0","0","0","0","0","0","0","0","0","1","0","0","0","0","0","0","0","0","0","0","0","0","0","0","0","0","0","0","0","0","0"
"0x707367768540","      LDCU.U8 UR12, c[0x0][0x3b0]","0","0","0","16384","524288","524288","32","32","0","0","-","-","-","0","0","0","0","0","0","0","0","0","-","0","0","0","0","0","0","0","0","0","0","0","0","0","0","0","0","0","0","0","0","0","0","0","0","0","0","0","0","0","0","0","0","0","0","0","0","0","0","0","0"
"0x707367768550","      LDCU.U8 UR14, c[0x0][0x3d0]","0","0","0","16384","524288","524288","32","32","0","0","-","-","-","0","0","0","0","0","0","0","0","0","-","0","0","0","0","0","0","0","0","0","0","0","0","0","0","0","0","0","0","0","0","0","0","0","0","0","0","0","0","0","0","0","0","0","0","0","0","0","0","0","0"
"0x707367768560","      LDCU.64 UR4, c[0x0][0x3a0]","0","0","0","16384","524288","524288","32","32","0","0","-","-","-","0","0","0","0","0","0","0","0","0","-","0","0","0","0","0","0","0","0","0","0","0","0","0","0","0","0","0","0","0","0","0","0","0","0","0","0","0","0","0","0","0","0","0","0","0","0","0","0","0","0"
"0x707367768570","      LDCU.64 UR8, c[0x0][0x3e0]","23","1","23","16384","524288","524288","32","32","0","0","-","-","-","0","0","0","0","0","0","0","0","0","-","0","0","0","0","0","0","0","0","7","0","0","0","0","0","2","0","0","14","0","0","0","0","0","0","0","0","0","0","0","0","0","1","0","0","0","0","0","0","0","0"
"0x707367768580","      LDCU.64 UR24, c[0x0][0x358]","0","0","0","16384","524288","524288","32","32","0","0","-","-","-","0","0","0","0","0","0","0","0","0","-","0","0","0","0","0","0","0","0","0","0","0","0","0","0","0","0","0","0","0","0","0","0","0","0","0","0","0","0","0","0","0","0","0","0","0","0","0","0","0","0"
"0x707367768590","      LDCU.64 UR6, c[0x0][0x3c0]","0","0","0","16384","524288","524288","32","32","0","0","-","-","-","0","0","0","0","0","0","0","0","0","-","0","0","0","0","0","0","0","0","0","0","0","0","0","0","0","0","0","0","0","0","0","0","0","0","0","0","0","0","0","0","0","0","0","0","0","0","0","0","0","0"
"0x7073677685a0","      S2R R0, SR_TID.X","145","29","145","16384","524288","524288","32","32","0","0","-","-","-","0","0","0","0","0","0","0","0","0","-","0","0","0","0","0","0","0","0","20","0","0","0","0","0","41","0","0","84","0","0","0","0","0","0","0","0","0","0","0","0","0","29","0","0","0","0","0","0","0","0"
"0x7073677685b0","      LDC R31, c[0x0][0x3c8]","0","0","0","16384","524288","524288","32","32","0","0","-","-","-","0","0","0","0","0","0","0","0","0","-","0","0","0","0","0","0","0","0","0","0","0","0","0","0","0","0","0","0","0","0","0","0","0","0","0","0","0","0","0","0","0","0","0","0","0","0","0","0","0","0"
"0x7073677685c0","      UISETP.NE.AND UP1, UPT, UR10, URZ, UPT","0","0","0","16384","524288","524288","32","32","0","0","-","-","-","0","0","0","0","0","0","0","0","0","-","0","0","0","0","0","0","0","0","0","0","0","0","0","0","0","0","0","0","0","0","0","0","0","0","0","0","0","0","0","0","0","0","0","0","0","0","0","0","0","0"
"0x7073677685d0","      LDCU.64 UR10, c[0x0][0x400]","1","0","1","16384","524288","524288","32","32","0","0","-","-","-","0","0","0","0","0","0","0","0","0","-","0","0","0","0","0","0","0","0","1","0","0","0","0","0","0","0","0","0","0","0","0","0","0","0","0","0","0","0","0","0","0","0","0","0","0","0","0","0","0","0"
"0x7073677685e0","      UISETP.NE.AND UP4, UPT, UR15, URZ, UPT","1","0","1","16384","524288","524288","32","32","0","0","-","-","-","0","0","0","0","0","0","0","0","0","-","0","0","0","0","0","0","0","0","0","0","0","0","0","0","0","0","0","0","0","1","0","0","0","0","0","0","0","0","0","0","0","0","0","0","0","0","0","0","0","0"
"0x7073677685f0","      UISETP.NE.AND UP2, UPT, UR12, URZ, UPT","0","0","0","16384","524288","524288","32","32","0","0","-","-","-","0","0","0","0","0","0","0","0","0","-","0","0","0","0","0","0","0","0","0","0","0","0","0","0","0","0","0","0","0","0","0","0","0","0","0","0","0","0","0","0","0","0","0","0","0","0","0","0","0","0"
"0x707367768600","      UISETP.NE.AND UP3, UPT, UR14, URZ, UPT","0","0","0","16384","524288","524288","32","32","0","0","-","-","-","0","0","0","0","0","0","0","0","0","-","0","0","0","0","0","0","0","0","0","0","0","0","0","0","0","0","0","0","0","0","0","0","0","0","0","0","0","0","0","0","0","0","0","0","0","0","0","0","0","0"
"0x707367768610","      PLOP3.LUT P0, PT, PT, PT, UP1, 0x80, 0x8","28","0","28","16384","524288","524288","32","32","0","0","-","-","-","0","0","0","0","0","0","0","0","0","-","0","0","0","0","0","0","0","0","3","0","0","0","5","0","0","0","0","19","1","0","0","0","0","0","0","0","0","0","0","0","0","0","0","0","0","0","0","0","0","0"
"0x707367768620","      S2R R2, SR_TID.Y","114","18","114","16384","524288","524288","32","32","0","0","-","-","-","0","0","0","0","0","0","0","0","0","-","0","0","0","0","0","0","0","0","15","0","0","0","0","0","29","0","0","69","1","0","0","0","0","0","0","0","0","0","0","0","0","18","0","0","0","0","0","0","0","0"
"0x707367768630","      LDCU UR22, c[0x0][0x388]","1","0","1","16384","524288","524288","32","32","0","0","-","-","-","0","0","0","0","0","0","0","0","0","-","0","0","0","0","0","0","0","0","1","0","0","0","0","0","0","0","0","0","0","0","0","0","0","0","0","0","0","0","0","0","0","0","0","0","0","0","0","0","0","0"
"0x707367768640","      PLOP3.LUT P3, PT, PT, PT, UP4, 0x80, 0x8","0","0","0","16384","524288","524288","32","32","0","0","-","-","-","0","0","0","0","0","0","0","0","0","-","0","0","0","0","0","0","0","0","0","0","0","0","0","0","0","0","0","0","0","0","0","0","0","0","0","0","0","0","0","0","0","0","0","0","0","0","0","0","0","0"
"0x707367768650","      LDC R27, c[0x0][0x3a8]","0","0","0","16384","524288","524288","32","32","0","0","-","-","-","0","0","0","0","0","0","0","0","0","-","0","0","0","0","0","0","0","0","0","0","0","0","0","0","0","0","0","0","0","0","0","0","0","0","0","0","0","0","0","0","0","0","0","0","0","0","0","0","0","0"
"0x707367768660","      PLOP3.LUT P2, PT, PT, PT, UP3, 0x80, 0x8","0","0","0","16384","524288","524288","32","32","0","0","-","-","-","0","0","0","0","0","0","0","0","0","-","0","0","0","0","0","0","0","0","0","0","0","0","0","0","0","0","0","0","0","0","0","0","0","0","0","0","0","0","0","0","0","0","0","0","0","0","0","0","0","0"
"0x707367768670","@UP1  UMOV UR12, UR13","2","0","2","16384","524288","0","32","0","32","0","-","-","-","0","0","0","0","0","0","0","0","0","-","0","0","0","0","0","0","0","0","0","0","0","0","0","0","0","0","0","0","2","0","0","0","0","0","0","0","0","0","0","0","0","0","0","0","0","0","0","0","0","0"
"0x707367768680","      PLOP3.LUT P1, PT, PT, PT, UP2, 0x80, 0x8","0","0","0","16384","524288","524288","32","32","0","0","-","-","-","0","0","0","0","0","0","0","0","0","-","0","0","0","0","0","0","0","0","0","0","0","0","0","0","0","0","0","0","0","0","0","0","0","0","0","0","0","0","0","0","0","0","0","0","0","0","0","0","0","0"
"0x707367768690","@UP1  UIMAD.WIDE.U32 UR14, UR12, 0x8, UR4","7","1","7","16384","524288","0","32","0","32","0","-","-","-","0","0","0","0","0","0","0","0","0","-","0","0","0","0","0","0","0","0","0","0","0","0","0","0","0","0","0","3","0","4","0","0","0","0","0","0","0","0","0","0","0","0","0","0","0","0","1","0","0","0"
"0x7073677686a0","@!UP1 UMOV UR12, UR13","19","1","19","16384","524288","524288","32","32","0","0","-","-","-","0","0","0","0","0","0","0","0","0","-","0","0","0","0","0","0","0","0","1","0","0","0","0","0","0","0","0","17","0","0","0","0","1","0","0","0","0","0","0","0","0","0","0","0","0","0","0","0","0","1"
"0x7073677686b0","@UP4  UIMAD.WIDE.U32 UR20, UR12, 0x8, UR10","2","0","2","16384","524288","0","32","0","32","0","-","-","-","0","0","0","0","0","0","0","0","0","-","0","0","0","0","0","0","0","0","1","0","0","0","0","0","0","0","0","0","0","0","0","0","1","0","0","0","0","0","0","0","0","0","0","0","0","0","0","0","0","0"
"0x7073677686c0","@UP3  UIMAD.WIDE.U32 UR18, UR12, 0x8, UR8","0","0","0","16384","524288","0","32","0","32","0","-","-","-","0","0","0","0","0","0","0","0","0","-","0","0","0","0","0","0","0","0","0","0","0","0","0","0","0","0","0","0","0","0","0","0","0","0","0","0","0","0","0","0","0","0","0","0","0","0","0","0","0","0"
"0x7073677686d0","@UP2  UIMAD.WIDE.U32 UR16, UR12, 0x8, UR6","0","0","0","16384","524288","0","32","0","32","0","-","-","-","0","0","0","0","0","0","0","0","0","-","0","0","0","0","0","0","0","0","0","0","0","0","0","0","0","0","0","0","0","0","0","0","0","0","0","0","0","0","0","0","0","0","0","0","0","0","0","0","0","0"
"0x7073677686e0","      MOV.64 R4, UR14","1","0","1","16384","524288","524288","32","32","0","0","-","-","-","0","0","0","0","0","0","0","0","0","-","0","0","0","0","0","0","0","0","0","0","0","0","0","0","0","0","0","0","1","0","0","0","0","0","0","0","0","0","0","0","0","0","0","0","0","0","0","0","0","0"
"0x7073677686f0","      MOV.64 R10, UR20","15","1","15","16384","524288","524288","32","32","0","0","-","-","-","0","0","0","0","0","0","0","0","0","-","0","0","0","0","0","0","0","0","1","0","0","0","6","0","0","0","0","6","1","0","0","0","1","0","0","0","0","0","0","0","0","0","0","0","0","0","0","0","0","1"
"0x707367768700","      MOV.64 R8, UR18","0","0","0","16384","524288","524288","32","32","0","0","-","-","-","0","0","0","0","0","0","0","0","0","-","0","0","0","0","0","0","0","0","0","0","0","0","0","0","0","0","0","0","0","0","0","0","0","0","0","0","0","0","0","0","0","0","0","0","0","0","0","0","0","0"
"0x707367768710","      MOV.64 R6, UR16","0","0","0","16384","524288","524288","32","32","0","0","-","-","-","0","0","0","0","0","0","0","0","0","-","0","0","0","0","0","0","0","0","0","0","0","0","0","0","0","0","0","0","0","0","0","0","0","0","0","0","0","0","0","0","0","0","0","0","0","0","0","0","0","0"
"0x707367768720","@P0   LDG.E.64 R4, desc[UR24][R4.64]","60","9","60","16384","524288","0","32","0","32","0","","Load","64","0","0","0","0","0","0","0","0","0","","0","0","0","0","0","0","0","0","8","0","0","0","0","0","16","0","0","36","0","0","0","0","0","0","0","0","0","0","0","0","0","8","0","0","1","0","0","0","0","0"
"0x707367768730","@!UP1 LDCU.64 UR14, c[0x0][0x398]","0","0","0","16384","524288","524288","32","32","0","0","-","-","-","0","0","0","0","0","0","0","0","0","-","0","0","0","0","0","0","0","0","0","0","0","0","0","0","0","0","0","0","0","0","0","0","0","0","0","0","0","0","0","0","0","0","0","0","0","0","0","0","0","0"
"0x707367768740","@P3   LDG.E.64 R10, desc[UR24][R10.64]","57","6","57","16384","524288","0","32","0","32","0","","Load","64","0","0","0","0","0","0","0","0","0","","0","0","0","0","0","0","0","0","10","0","0","0","0","0","14","0","0","33","0","0","0","0","0","0","0","1","0","0","0","0","0","5","0","0","0","0","0","0","0","0"
"0x707367768750","@!UP4 LDCU.64 UR20, c[0x0][0x3f8]","0","0","0","16384","524288","524288","32","32","0","0","-","-","-","0","0","0","0","0","0","0","0","0","-","0","0","0","0","0","0","0","0","0","0","0","0","0","0","0","0","0","0","0","0","0","0","0","0","0","0","0","0","0","0","0","0","0","0","0","0","0","0","0","0"
"0x707367768760","@P2   LDG.E.64 R8, desc[UR24][R8.64]","36","5","36","16384","524288","0","32","0","32","0","","Load","64","0","0","0","0","0","0","0","0","0","","0","0","0","0","0","0","0","0","5","0","1","0","0","0","9","0","0","21","0","0","0","0","0","0","0","0","0","0","0","0","0","5","0","0","0","0","0","0","0","0"
"0x707367768770","      LDCU UR23, c[0x0][0x360]","0","0","0","16384","524288","524288","32","32","0","0","-","-","-","0","0","0","0","0","0","0","0","0","-","0","0","0","0","0","0","0","0","0","0","0","0","0","0","0","0","0","0","0","0","0","0","0","0","0","0","0","0","0","0","0","0","0","0","0","0","0","0","0","0"
"0x707367768780","@P1   LDG.E.64 R6, desc[UR24][R6.64]","29","3","29","16384","524288","0","32","0","32","0","","Load","64","0","0","0","0","0","0","0","0","0","","0","0","0","0","0","0","0","0","2","0","0","0","0","0","6","0","0","20","0","0","0","0","1","0","0","0","0","0","0","0","0","3","0","0","0","0","0","0","0","0"
"0x707367768790","@!UP3 LDCU.64 UR18, c[0x0][0x3d8]","1","0","1","16384","524288","524288","32","32","0","0","-","-","-","0","0","0","0","0","0","0","0","0","-","0","0","0","0","0","0","0","0","0","0","0","0","0","0","0","0","0","0","1","0","0","0","0","0","0","0","0","0","0","0","0","0","0","0","0","0","0","0","0","0"
"0x7073677687a0","      S2UR UR13, SR_CTAID.X","0","0","0","16384","524288","524288","32","32","0","0","-","-","-","0","0","0","0","0","0","0","0","0","-","0","0","0","0","0","0","0","0","0","0","0","0","0","0","0","0","0","0","0","0","0","0","0","0","0","0","0","0","0","0","0","0","0","0","0","0","0","0","0","0"
"0x7073677687b0","@!UP2 LDCU.64 UR16, c[0x0][0x3b8]","1","0","1","16384","524288","524288","32","32","0","0","-","-","-","0","0","0","0","0","0","0","0","0","-","0","0","0","0","0","0","0","0","0","0","0","0","0","0","0","0","0","0","1","0","0","0","0","0","0","0","0","0","0","0","0","0","0","0","0","0","0","0","0","0"
"0x7073677687c0","@!UP1 UIMAD.WIDE.U32 UR4, UR12, UR14, UR4","0","0","0","16384","524288","524288","32","32","0","0","-","-","-","0","0","0","0","0","0","0","0","0","-","0","0","0","0","0","0","0","0","0","0","0","0","0","0","0","0","0","0","0","0","0","0","0","0","0","0","0","0","0","0","0","0","0","0","0","0","0","0","0","0"
"0x7073677687d0","      S2UR UR14, SR_CTAID.Y","22","0","22","16384","524288","524288","32","32","0","0","-","-","-","0","0","0","0","0","0","0","0","0","-","0","0","0","0","0","0","0","0","4","0","0","0","0","0","0","0","0","16","1","0","0","0","1","0","0","0","0","0","0","0","0","0","0","0","0","0","0","0","0","0"
"0x7073677687e0","      UISETP.NE.AND UP0, UPT, UR22, URZ, UPT","0","0","0","16384","524288","524288","32","32","0","0","-","-","-","0","0","0","0","0","0","0","0","0","-","0","0","0","0","0","0","0","0","0","0","0","0","0","0","0","0","0","0","0","0","0","0","0","0","0","0","0","0","0","0","0","0","0","0","0","0","0","0","0","0"
"0x7073677687f0","@!UP4 UIMAD.WIDE.U32 UR10, UR12, UR20, UR10","0","0","0","16384","524288","524288","32","32","0","0","-","-","-","0","0","0","0","0","0","0","0","0","-","0","0","0","0","0","0","0","0","0","0","0","0","0","0","0","0","0","0","0","0","0","0","0","0","0","0","0","0","0","0","0","0","0","0","0","0","0","0","0","0"
"0x707367768800","      IMAD R18, R2, UR23, R0","4","0","4","16384","524288","524288","32","32","0","0","-","-","-","0","0","0","0","0","0","0","0","0","-","0","0","0","0","0","0","0","0","0","0","0","0","3","0","0","0","0","1","0","0","0","0","0","0","0","0","0","0","0","0","0","0","0","0","0","0","0","0","0","0"
"0x707367768810","@!UP3 UIMAD.WIDE.U32 UR8, UR12, UR18, UR8","1","0","1","16384","524288","524288","32","32","0","0","-","-","-","0","0","0","0","0","0","0","0","0","-","0","0","0","0","0","0","0","0","0","0","0","0","0","0","0","0","0","0","1","0","0","0","0","0","0","0","0","0","0","0","0","0","0","0","0","0","0","0","0","0"
"0x707367768820","      SHF.R.U32.HI R23, RZ, 0x4, R18","16","0","16","16384","524288","524288","32","32","0","0","-","-","-","0","0","0","0","0","0","0","0","0","-","0","0","0","0","0","0","0","0","5","0","0","0","2","0","0","0","0","8","0","0","0","0","1","0","0","0","0","0","0","0","0","0","0","0","0","0","0","0","0","0"
"0x707367768830","      LOP3.LUT R18, R18, 0xf, RZ, 0xc0, !PT","0","0","0","16384","524288","524288","32","32","0","0","-","-","-","0","0","0","0","0","0","0","0","0","-","0","0","0","0","0","0","0","0","0","0","0","0","0","0","0","0","0","0","0","0","0","0","0","0","0","0","0","0","0","0","0","0","0","0","0","0","0","0","0","0"
"0x707367768840","@!UP2 UIMAD.WIDE.U32 UR6, UR12, UR16, UR6","1","0","1","16384","524288","524288","32","32","0","0","-","-","-","0","0","0","0","0","0","0","0","0","-","0","0","0","0","0","0","0","0","0","0","0","0","0","0","0","0","0","0","1","0","0","0","0","0","0","0","0","0","0","0","0","0","0","0","0","0","0","0","0","0"
"0x707367768850","      SHF.R.S32.HI R25, RZ, 0x1f, R31","0","0","0","16384","524288","524288","32","32","0","0","-","-","-","0","0","0","0","0","0","0","0","0","-","0","0","0","0","0","0","0","0","0","0","0","0","0","0","0","0","0","0","0","0","0","0","0","0","0","0","0","0","0","0","0","0","0","0","0","0","0","0","0","0"
"0x707367768860","      HFMA2 R19, -RZ, RZ, 0, 0","0","0","0","16384","524288","524288","32","32","0","0","-","-","-","0","0","0","0","0","0","0","0","0","-","0","0","0","0","0","0","0","0","0","0","0","0","0","0","0","0","0","0","0","0","0","0","0","0","0","0","0","0","0","0","0","0","0","0","0","0","0","0","0","0"
"0x707367768870","@!UP1 UIMAD UR15, UR12, UR15, URZ","0","0","0","16384","524288","524288","32","32","0","0","-","-","-","0","0","0","0","0","0","0","0","0","-","0","0","0","0","0","0","0","0","0","0","0","0","0","0","0","0","0","0","0","0","0","0","0","0","0","0","0","0","0","0","0","0","0","0","0","0","0","0","0","0"
"0x707367768880","      BSSY.RECONVERGENT B0, 0x707367769300","0","0","0","16384","524288","524288","32","32","0","0","-","-","-","0","0","0","0","0","0","0","0","0","-","0","0","0","0","0","0","0","0","0","0","0","0","0","0","0","0","0","0","0","0","0","0","0","0","0","0","0","0","0","0","0","0","0","0","0","0","0","0","0","0"
"0x707367768890","      HFMA2 R35, -RZ, RZ, 0, 0","0","0","0","16384","524288","524288","32","32","0","0","-","-","-","0","0","0","0","0","0","0","0","0","-","0","0","0","0","0","0","0","0","0","0","0","0","0","0","0","0","0","0","0","0","0","0","0","0","0","0","0","0","0","0","0","0","0","0","0","0","0","0","0","0"
"0x7073677688a0","      HFMA2 R45, -RZ, RZ, 0, 0","5","0","5","16384","524288","524288","32","32","0","0","-","-","-","0","0","0","0","0","0","0","0","0","-","0","0","0","0","0","0","0","0","0","0","0","0","3","0","0","0","0","1","1","0","0","0","0","0","0","0","0","0","0","0","0","0","0","0","0","0","0","0","0","0"
"0x7073677688b0","      HFMA2 R43, -RZ, RZ, 0, 0","6","0","6","16384","524288","524288","32","32","0","0","-","-","-","0","0","0","0","0","0","0","0","0","-","0","0","0","0","0","0","0","0","0","0","0","0","4","0","0","0","0","2","0","0","0","0","0","0","0","0","0","0","0","0","0","0","0","0","0","0","0","0","0","0"
"0x7073677688c0","      HFMA2 R29, -RZ, RZ, 0, 0","0","0","0","16384","524288","524288","32","32","0","0","-","-","-","0","0","0","0","0","0","0","0","0","-","0","0","0","0","0","0","0","0","0","0","0","0","0","0","0","0","0","0","0","0","0","0","0","0","0","0","0","0","0","0","0","0","0","0","0","0","0","0","0","0"
"0x7073677688d0","      HFMA2 R14, -RZ, RZ, 0, 0","1","0","1","16384","524288","524288","32","32","0","0","-","-","-","0","0","0","0","0","0","0","0","0","-","0","0","0","0","0","0","0","0","0","0","0","0","1","0","0","0","0","0","0","0","0","0","0","0","0","0","0","0","0","0","0","0","0","0","0","0","0","0","0","0"
"0x7073677688e0","      MOV R37, RZ","1","0","1","16384","524288","524288","32","32","0","0","-","-","-","0","0","0","0","0","0","0","0","0","-","0","0","0","0","0","0","0","0","0","0","0","0","0","0","0","0","0","0","1","0","0","0","0","0","0","0","0","0","0","0","0","0","0","0","0","0","0","0","0","0"
"0x7073677688f0","      MOV R41, RZ","1","0","1","16384","524288","524288","32","32","0","0","-","-","-","0","0","0","0","0","0","0","0","0","-","0","0","0","0","0","0","0","0","0","0","0","0","0","0","0","0","0","0","1","0","0","0","0","0","0","0","0","0","0","0","0","0","0","0","0","0","0","0","0","0"
"0x707367768900","      MOV R47, RZ","0","0","0","16384","524288","524288","32","32","0","0","-","-","-","0","0","0","0","0","0","0","0","0","-","0","0","0","0","0","0","0","0","0","0","0","0","0","0","0","0","0","0","0","0","0","0","0","0","0","0","0","0","0","0","0","0","0","0","0","0","0","0","0","0"
"0x707367768910","      MOV R49, RZ","0","0","0","16384","524288","524288","32","32","0","0","-","-","-","0","0","0","0","0","0","0","0","0","-","0","0","0","0","0","0","0","0","0","0","0","0","0","0","0","0","0","0","0","0","0","0","0","0","0","0","0","0","0","0","0","0","0","0","0","0","0","0","0","0"
"0x707367768920","      MOV R3, RZ","0","0","0","16384","524288","524288","32","32","0","0","-","-","-","0","0","0","0","0","0","0","0","0","-","0","0","0","0","0","0","0","0","0","0","0","0","0","0","0","0","0","0","0","0","0","0","0","0","0","0","0","0","0","0","0","0","0","0","0","0","0","0","0","0"
"0x707367768930","@P3   R2UR UR29, R11","4","1","4","16384","524288","0","32","0","32","0","-","-","-","0","0","0","0","0","0","0","0","0","-","0","0","0","0","0","0","0","0","1","0","0","1","1","0","0","0","0","1","0","0","0","0","0","0","0","0","0","0","1","0","0","0","0","0","0","0","0","0","0","0"
"0x707367768940","@P2   R2UR UR27, R9","18","2","18","16384","524288","0","32","0","32","0","-","-","-","0","0","0","0","0","0","0","0","0","-","0","0","0","0","0","0","0","0","2","0","0","3","0","0","0","0","0","12","1","0","0","0","0","0","0","0","0","0","2","0","0","0","0","0","0","0","0","0","0","0"
"0x707367768950","@!UP4 UIMAD UR29, UR12, UR21, UR11","10","1","10","16384","524288","524288","32","32","0","0","-","-","-","0","0","0","0","0","0","0","0","0","-","0","0","0","0","0","0","0","0","1","0","0","0","0","0","0","0","0","5","3","0","0","0","1","0","0","0","0","0","0","0","0","0","0","0","0","0","0","0","0","1"
"0x707367768960","      ULOP3.LUT UP5, UR11, UR22, 0xf, URZ, 0xc0, !UPT","0","0","0","16384","524288","524288","32","32","0","0","-","-","-","0","0","0","0","0","0","0","0","0","-","0","0","0","0","0","0","0","0","0","0","0","0","0","0","0","0","0","0","0","0","0","0","0","0","0","0","0","0","0","0","0","0","0","0","0","0","0","0","0","0"
"0x707367768970","@P1   R2UR UR31, R7","1","0","1","16384","524288","0","32","0","32","0","-","-","-","0","0","0","0","0","0","0","0","0","-","0","0","0","0","0","0","0","0","0","0","0","0","0","0","0","0","0","0","1","0","0","0","0","0","0","0","0","0","0","0","0","0","0","0","0","0","0","0","0","0"
"0x707367768980","@UP0  USEL UR11, UR11, 0x10, UP5","3","0","3","16384","524288","524288","32","32","0","0","-","-","-","0","0","0","0","0","0","0","0","0","-","0","0","0","0","0","0","0","0","3","0","0","0","0","0","0","0","0","0","0","0","0","0","0","0","0","0","0","0","0","0","0","0","0","0","0","0","0","0","0","0"
"0x707367768990","@!UP3 UIMAD UR27, UR12, UR19, UR9","1","0","1","16384","524288","524288","32","32","0","0","-","-","-","0","0","0","0","0","0","0","0","0","-","0","0","0","0","0","0","0","0","0","0","0","0","0","0","0","0","0","0","1","0","0","0","0","0","0","0","0","0","0","0","0","0","0","0","0","0","0","0","0","0"
"0x7073677689a0","@P0   R2UR UR32, R4","0","0","0","16384","524288","0","32","0","32","0","-","-","-","0","0","0","0","0","0","0","0","0","-","0","0","0","0","0","0","0","0","0","0","0","0","0","0","0","0","0","0","0","0","0","0","0","0","0","0","0","0","0","0","0","0","0","0","0","0","0","0","0","0"
"0x7073677689b0","      USHF.L.U32 UR9, UR14, 0x6, URZ","0","0","0","16384","524288","524288","32","32","0","0","-","-","-","0","0","0","0","0","0","0","0","0","-","0","0","0","0","0","0","0","0","0","0","0","0","0","0","0","0","0","0","0","0","0","0","0","0","0","0","0","0","0","0","0","0","0","0","0","0","0","0","0","0"
"0x7073677689c0","@P0   R2UR UR33, R5","0","0","0","16384","524288","0","32","0","32","0","-","-","-","0","0","0","0","0","0","0","0","0","-","0","0","0","0","0","0","0","0","0","0","0","0","0","0","0","0","0","0","0","0","0","0","0","0","0","0","0","0","0","0","0","0","0","0","0","0","0","0","0","0"
"0x7073677689d0","      ISETP.GE.U32.AND P0, PT, R18, UR11, PT","3","0","3","16384","524288","524288","32","32","0","0","-","-","-","0","0","0","0","0","0","0","0","0","-","0","0","0","0","0","0","0","0","1","0","0","0","0","0","0","0","0","1","1","0","0","0","0","0","0","0","0","0","0","0","0","0","0","0","0","0","0","0","0","0"
"0x7073677689e0","@P1   R2UR UR30, R6","1","0","1","16384","524288","0","32","0","32","0","-","-","-","0","0","0","0","0","0","0","0","0","-","0","0","0","0","0","0","0","0","0","0","0","0","0","0","0","0","0","0","1","0","0","0","0","0","0","0","0","0","0","0","0","0","0","0","0","0","0","0","0","0"
"0x7073677689f0","@P2   R2UR UR26, R8","1","0","1","16384","524288","0","32","0","32","0","-","-","-","0","0","0","0","0","0","0","0","0","-","0","0","0","0","0","0","0","0","0","0","0","0","1","0","0","0","0","0","0","0","0","0","0","0","0","0","0","0","0","0","0","0","0","0","0","0","0","0","0","0"
"0x707367768a00","@P3   R2UR UR28, R10","4","0","4","16384","524288","0","32","0","32","0","-","-","-","0","0","0","0","0","0","0","0","0","-","0","0","0","0","0","0","0","0","0","0","0","0","0","0","0","0","0","3","0","0","0","0","1","0","0","0","0","0","0","0","0","0","0","0","0","0","0","0","0","0"
"0x707367768a10","@!UP2 UIMAD UR31, UR12, UR17, UR7","0","0","0","16384","524288","524288","32","32","0","0","-","-","-","0","0","0","0","0","0","0","0","0","-","0","0","0","0","0","0","0","0","0","0","0","0","0","0","0","0","0","0","0","0","0","0","0","0","0","0","0","0","0","0","0","0","0","0","0","0","0","0","0","0"
"0x707367768a20","      USHF.L.U32 UR7, UR13, 0x6, URZ","0","0","0","16384","524288","524288","32","32","0","0","-","-","-","0","0","0","0","0","0","0","0","0","-","0","0","0","0","0","0","0","0","0","0","0","0","0","0","0","0","0","0","0","0","0","0","0","0","0","0","0","0","0","0","0","0","0","0","0","0","0","0","0","0"
"0x707367768a30","      IADD3 R15, PT, PT, R23, UR9, RZ","0","0","0","16384","524288","524288","32","32","0","0","-","-","-","0","0","0","0","0","0","0","0","0","-","0","0","0","0","0","0","0","0","0","0","0","0","0","0","0","0","0","0","0","0","0","0","0","0","0","0","0","0","0","0","0","0","0","0","0","0","0","0","0","0"
"0x707367768a40","@!UP1 UIADD3 UR33, UPT, UPT, UR5, UR15, URZ","0","0","0","16384","524288","524288","32","32","0","0","-","-","-","0","0","0","0","0","0","0","0","0","-","0","0","0","0","0","0","0","0","0","0","0","0","0","0","0","0","0","0","0","0","0","0","0","0","0","0","0","0","0","0","0","0","0","0","0","0","0","0","0","0"
"0x707367768a50","@!UP1 UMOV UR32, UR4","0","0","0","16384","524288","524288","32","32","0","0","-","-","-","0","0","0","0","0","0","0","0","0","-","0","0","0","0","0","0","0","0","0","0","0","0","0","0","0","0","0","0","0","0","0","0","0","0","0","0","0","0","0","0","0","0","0","0","0","0","0","0","0","0"
"0x707367768a60","      IADD3 R36, PT, PT, R23, UR7, RZ","6","0","6","16384","524288","524288","32","32","0","0","-","-","-","0","0","0","0","0","0","0","0","0","-","0","0","0","0","0","0","0","0","0","0","0","0","1","0","0","0","0","5","0","0","0","0","0","0","0","0","0","0","0","0","0","0","0","0","0","0","0","0","0","0"
"0x707367768a70","      IMAD R55, R25, R15, RZ","0","0","0","16384","524288","524288","32","32","0","0","-","-","-","0","0","0","0","0","0","0","0","0","-","0","0","0","0","0","0","0","0","0","0","0","0","0","0","0","0","0","0","0","0","0","0","0","0","0","0","0","0","0","0","0","0","0","0","0","0","0","0","0","0"
"0x707367768a80","      IMAD.WIDE.U32 R12, R15, R31, R18","0","0","0","16384","524288","524288","32","32","0","0","-","-","-","0","0","0","0","0","0","0","0","0","-","0","0","0","0","0","0","0","0","0","0","0","0","0","0","0","0","0","0","0","0","0","0","0","0","0","0","0","0","0","0","0","0","0","0","0","0","0","0","0","0"
"0x707367768a90","@!UP2 UMOV UR30, UR6","1","0","1","16384","524288","524288","32","32","0","0","-","-","-","0","0","0","0","0","0","0","0","0","-","0","0","0","0","0","0","0","0","0","0","0","0","0","0","0","0","0","0","1","0","0","0","0","0","0","0","0","0","0","0","0","0","0","0","0","0","0","0","0","0"
"0x707367768aa0","@!UP3 UMOV UR26, UR8","0","0","0","16384","524288","524288","32","32","0","0","-","-","-","0","0","0","0","0","0","0","0","0","-","0","0","0","0","0","0","0","0","0","0","0","0","0","0","0","0","0","0","0","0","0","0","0","0","0","0","0","0","0","0","0","0","0","0","0","0","0","0","0","0"
"0x707367768ab0","@!UP4 UMOV UR28, UR10","0","0","0","16384","524288","524288","32","32","0","0","-","-","-","0","0","0","0","0","0","0","0","0","-","0","0","0","0","0","0","0","0","0","0","0","0","0","0","0","0","0","0","0","0","0","0","0","0","0","0","0","0","0","0","0","0","0","0","0","0","0","0","0","0"
"0x707367768ac0","      CS2R R4, SRZ","0","0","0","16384","524288","524288","32","32","0","0","-","-","-","0","0","0","0","0","0","0","0","0","-","0","0","0","0","0","0","0","0","0","0","0","0","0","0","0","0","0","0","0","0","0","0","0","0","0","0","0","0","0","0","0","0","0","0","0","0","0","0","0","0"
"0x707367768ad0","      CS2R R6, SRZ","0","0","0","16384","524288","524288","32","32","0","0","-","-","-","0","0","0","0","0","0","0","0","0","-","0","0","0","0","0","0","0","0","0","0","0","0","0","0","0","0","0","0","0","0","0","0","0","0","0","0","0","0","0","0","0","0","0","0","0","0","0","0","0","0"
"0x707367768ae0","      CS2R R8, SRZ","0","0","0","16384","524288","524288","32","32","0","0","-","-","-","0","0","0","0","0","0","0","0","0","-","0","0","0","0","0","0","0","0","0","0","0","0","0","0","0","0","0","0","0","0","0","0","0","0","0","0","0","0","0","0","0","0","0","0","0","0","0","0","0","0"
"0x707367768af0","      IMAD.WIDE R64, R36, R27, R18","0","0","0","16384","524288","524288","32","32","0","0","-","-","-","0","0","0","0","0","0","0","0","0","-","0","0","0","0","0","0","0","0","0","0","0","0","0","0","0","0","0","0","0","0","0","0","0","0","0","0","0","0","0","0","0","0","0","0","0","0","0","0","0","0"
"0x707367768b00","      IADD3 R55, PT, PT, R13, R55, RZ","0","0","0","16384","524288","524288","32","32","0","0","-","-","-","0","0","0","0","0","0","0","0","0","-","0","0","0","0","0","0","0","0","0","0","0","0","0","0","0","0","0","0","0","0","0","0","0","0","0","0","0","0","0","0","0","0","0","0","0","0","0","0","0","0"
"0x707367768b10","@P0   BRA 0x7073677692f0","1","0","1","16384","524288","0","32","0","32","0","-","-","-","0","0","0","0","0","0","0","0","0","-","0","0","0","0","0","0","0","0","0","0","0","0","0","0","0","0","0","0","1","0","0","0","0","0","0","0","0","0","0","0","0","0","0","0","0","0","0","0","0","0"
"0x707367768b20","      LDCU UR5, c[0x0][0x384]","3","1","3","16384","524288","524288","32","32","0","0","-","-","-","0","0","0","0","0","0","0","0","0","-","0","0","0","0","0","0","0","0","1","0","0","0","0","0","0","0","0","0","0","0","0","0","2","0","0","0","0","0","0","0","0","0","0","0","0","0","0","0","0","1"
"0x707367768b30","      IADD3 R3, PT, PT, R15, 0x18, RZ","0","0","0","16384","524288","524288","32","32","0","0","-","-","-","0","0","0","0","0","0","0","0","0","-","0","0","0","0","0","0","0","0","0","0","0","0","0","0","0","0","0","0","0","0","0","0","0","0","0","0","0","0","0","0","0","0","0","0","0","0","0","0","0","0"
"0x707367768b40","      IADD3 R4, PT, PT, R15, 0x30, RZ","1","0","1","16384","524288","524288","32","32","0","0","-","-","-","0","0","0","0","0","0","0","0","0","-","0","0","0","0","0","0","0","0","0","0","0","0","0","0","0","0","0","0","1","0","0","0","0","0","0","0","0","0","0","0","0","0","0","0","0","0","0","0","0","0"
"0x707367768b50","      IADD3 R8, PT, PT, R15, 0x10, RZ","0","0","0","16384","524288","524288","32","32","0","0","-","-","-","0","0","0","0","0","0","0","0","0","-","0","0","0","0","0","0","0","0","0","0","0","0","0","0","0","0","0","0","0","0","0","0","0","0","0","0","0","0","0","0","0","0","0","0","0","0","0","0","0","0"
"0x707367768b60","      LDCU UR4, c[0x0][0x380]","0","0","0","16384","524288","524288","32","32","0","0","-","-","-","0","0","0","0","0","0","0","0","0","-","0","0","0","0","0","0","0","0","0","0","0","0","0","0","0","0","0","0","0","0","0","0","0","0","0","0","0","0","0","0","0","0","0","0","0","0","0","0","0","0"
"0x707367768b70","      ISETP.GE.AND P3, PT, R3, UR5, PT","7","0","7","16384","524288","524288","32","32","0","0","-","-","-","0","0","0","0","0","0","0","0","0","-","0","0","0","0","0","0","0","0","0","0","0","0","0","0","0","0","0","6","0","1","0","0","0","0","0","0","0","0","0","0","0","0","0","0","0","0","0","0","0","0"
"0x707367768b80","      IADD3 R3, PT, PT, R15, 0x28, RZ","0","0","0","16384","524288","524288","32","32","0","0","-","-","-","0","0","0","0","0","0","0","0","0","-","0","0","0","0","0","0","0","0","0","0","0","0","0","0","0","0","0","0","0","0","0","0","0","0","0","0","0","0","0","0","0","0","0","0","0","0","0","0","0","0"
"0x707367768b90","      ISETP.GE.AND P1, PT, R4, UR5, PT","0","0","0","16384","524288","524288","32","32","0","0","-","-","-","0","0","0","0","0","0","0","0","0","-","0","0","0","0","0","0","0","0","0","0","0","0","0","0","0","0","0","0","0","0","0","0","0","0","0","0","0","0","0","0","0","0","0","0","0","0","0","0","0","0"
"0x707367768ba0","      ISETP.GE.AND P0, PT, R8, UR5, PT","0","0","0","16384","524288","524288","32","32","0","0","-","-","-","0","0","0","0","0","0","0","0","0","-","0","0","0","0","0","0","0","0","0","0","0","0","0","0","0","0","0","0","0","0","0","0","0","0","0","0","0","0","0","0","0","0","0","0","0","0","0","0","0","0"
"0x707367768bb0","      ISETP.GE.AND P2, PT, R3, UR5, PT","14","0","14","16384","524288","524288","32","32","0","0","-","-","-","0","0","0","0","0","0","0","0","0","-","0","0","0","0","0","0","0","0","3","0","0","0","0","0","0","0","0","11","0","0","0","0","0","0","0","0","0","0","0","0","0","0","0","0","0","0","0","0","0","0"
"0x707367768bc0","      IADD3 R3, PT, PT, R15, 0x8, RZ","0","0","0","16384","524288","524288","32","32","0","0","-","-","-","0","0","0","0","0","0","0","0","0","-","0","0","0","0","0","0","0","0","0","0","0","0","0","0","0","0","0","0","0","0","0","0","0","0","0","0","0","0","0","0","0","0","0","0","0","0","0","0","0","0"
"0x707367768bd0","      ISETP.GE.AND P4, PT, R3, UR5, PT","7","0","7","16384","524288","524288","32","32","0","0","-","-","-","0","0","0","0","0","0","0","0","0","-","0","0","0","0","0","0","0","0","2","0","0","0","0","0","0","0","0","5","0","0","0","0","0","0","0","0","0","0","0","0","0","0","0","0","0","0","0","0","0","0"
"0x707367768be0","@!P3  MOV R54, R12","0","0","0","16384","524288","524288","32","32","0","0","-","-","-","0","0","0","0","0","0","0","0","0","-","0","0","0","0","0","0","0","0","0","0","0","0","0","0","0","0","0","0","0","0","0","0","0","0","0","0","0","0","0","0","0","0","0","0","0","0","0","0","0","0"
"0x707367768bf0","@!P3  IMAD R3, R25, 0x18, RZ","0","0","0","16384","524288","524288","32","32","0","0","-","-","-","0","0","0","0","0","0","0","0","0","-","0","0","0","0","0","0","0","0","0","0","0","0","0","0","0","0","0","0","0","0","0","0","0","0","0","0","0","0","0","0","0","0","0","0","0","0","0","0","0","0"
"0x707367768c00","@!P1  IMAD R17, R25, 0x30, RZ","0","0","0","16384","524288","524288","32","32","0","0","-","-","-","0","0","0","0","0","0","0","0","0","-","0","0","0","0","0","0","0","0","0","0","0","0","0","0","0","0","0","0","0","0","0","0","0","0","0","0","0","0","0","0","0","0","0","0","0","0","0","0","0","0"
"0x707367768c10","@!P3  IMAD.WIDE.U32 R4, R31, 0x18, R54","2","1","2","16384","524288","524288","32","32","0","0","-","-","-","0","0","0","0","0","0","0","0","0","-","0","0","0","0","0","0","0","0","0","0","0","0","0","0","0","0","0","0","1","0","0","0","1","0","0","0","0","0","0","0","0","0","0","0","0","0","0","0","0","1"
"0x707367768c20","@!P2  MOV R6, R12","1","0","1","16384","524288","524288","32","32","0","0","-","-","-","0","0","0","0","0","0","0","0","0","-","0","0","0","0","0","0","0","0","0","0","0","0","0","0","0","0","0","0","1","0","0","0","0","0","0","0","0","0","0","0","0","0","0","0","0","0","0","0","0","0"
"0x707367768c30","@!P2  MOV R7, R55","0","0","0","16384","524288","524288","32","32","0","0","-","-","-","0","0","0","0","0","0","0","0","0","-","0","0","0","0","0","0","0","0","0","0","0","0","0","0","0","0","0","0","0","0","0","0","0","0","0","0","0","0","0","0","0","0","0","0","0","0","0","0","0","0"
"0x707367768c40","@!P2  IMAD R9, R25, 0x28, RZ","3","0","3","16384","524288","524288","32","32","0","0","-","-","-","0","0","0","0","0","0","0","0","0","-","0","0","0","0","0","0","0","0","2","0","0","0","0","0","0","0","0","1","0","0","0","0","0","0","0","0","0","0","0","0","0","0","0","0","0","0","0","0","0","0"
"0x707367768c50","@!P3  IADD3 R3, PT, PT, R5, R3, RZ","0","0","0","16384","524288","524288","32","32","0","0","-","-","-","0","0","0","0","0","0","0","0","0","-","0","0","0","0","0","0","0","0","0","0","0","0","0","0","0","0","0","0","0","0","0","0","0","0","0","0","0","0","0","0","0","0","0","0","0","0","0","0","0","0"
"0x707367768c60","@!P3  LEA R20, P5, R4, UR30, 0x2","14","0","14","16384","524288","524288","32","32","0","0","-","-","-","0","0","0","0","0","0","0","0","0","-","0","0","0","0","0","0","0","0","3","0","0","0","0","0","0","0","0","10","1","0","0","0","0","0","0","0","0","0","0","0","0","0","0","0","0","0","0","0","0","0"
"0x707367768c70","@!P2  IMAD.WIDE.U32 R6, R31, 0x28, R6","0","0","0","16384","524288","524288","32","32","0","0","-","-","-","0","0","0","0","0","0","0","0","0","-","0","0","0","0","0","0","0","0","0","0","0","0","0","0","0","0","0","0","0","0","0","0","0","0","0","0","0","0","0","0","0","0","0","0","0","0","0","0","0","0"
"0x707367768c80","@!P1  MOV R5, R55","0","0","0","16384","524288","524288","32","32","0","0","-","-","-","0","0","0","0","0","0","0","0","0","-","0","0","0","0","0","0","0","0","0","0","0","0","0","0","0","0","0","0","0","0","0","0","0","0","0","0","0","0","0","0","0","0","0","0","0","0","0","0","0","0"
"0x707367768c90","@!P3  LEA.HI.X R21, R4, UR31, R3, 0x2, P5","2","1","2","16384","524288","524288","32","32","0","0","-","-","-","0","0","0","0","0","0","0","0","0","-","0","0","0","0","0","0","0","0","0","0","0","0","0","0","0","0","0","1","0","0","0","0","1","0","0","0","0","0","0","0","0","0","0","0","0","0","0","0","0","1"
"0x707367768ca0","@!P1  MOV R4, R12","0","0","0","16384","524288","524288","32","32","0","0","-","-","-","0","0","0","0","0","0","0","0","0","-","0","0","0","0","0","0","0","0","0","0","0","0","0","0","0","0","0","0","0","0","0","0","0","0","0","0","0","0","0","0","0","0","0","0","0","0","0","0","0","0"
"0x707367768cb0","@!P2  IADD3 R3, PT, PT, R7, R9, RZ","1","0","1","16384","524288","524288","32","32","0","0","-","-","-","0","0","0","0","0","0","0","0","0","-","0","0","0","0","0","0","0","0","1","0","0","0","0","0","0","0","0","0","0","0","0","0","0","0","0","0","0","0","0","0","0","0","0","0","0","0","0","0","0","0"
"0x707367768cc0","@!P2  LEA R10, P6, R6, UR30, 0x2","2","0","2","16384","524288","524288","32","32","0","0","-","-","-","0","0","0","0","0","0","0","0","0","-","0","0","0","0","0","0","0","0","1","0","0","0","0","0","0","0","0","1","0","0","0","0","0","0","0","0","0","0","0","0","0","0","0","0","0","0","0","0","0","0"
"0x707367768cd0","@!P4  LEA R8, P5, R31, R12, 0x3","0","0","0","16384","524288","524288","32","32","0","0","-","-","-","0","0","0","0","0","0","0","0","0","-","0","0","0","0","0","0","0","0","0","0","0","0","0","0","0","0","0","0","0","0","0","0","0","0","0","0","0","0","0","0","0","0","0","0","0","0","0","0","0","0"
"0x707367768ce0","@!P1  IMAD.WIDE.U32 R4, R31, 0x30, R4","0","0","0","16384","524288","524288","32","32","0","0","-","-","-","0","0","0","0","0","0","0","0","0","-","0","0","0","0","0","0","0","0","0","0","0","0","0","0","0","0","0","0","0","0","0","0","0","0","0","0","0","0","0","0","0","0","0","0","0","0","0","0","0","0"
"0x707367768cf0","@!P2  LEA.HI.X R11, R6, UR31, R3, 0x2, P6","0","0","0","16384","524288","524288","32","32","0","0","-","-","-","0","0","0","0","0","0","0","0","0","-","0","0","0","0","0","0","0","0","0","0","0","0","0","0","0","0","0","0","0","0","0","0","0","0","0","0","0","0","0","0","0","0","0","0","0","0","0","0","0","0"
"0x707367768d00","@!P4  LEA.HI.X R7, R31, R55, R25, 0x3, P5","13","0","13","16384","524288","524288","32","32","0","0","-","-","-","0","0","0","0","0","0","0","0","0","-","0","0","0","0","0","0","0","0","0","0","0","0","1","0","0","0","0","12","0","0","0","0","0","0","0","0","0","0","0","0","0","0","0","0","0","0","0","0","0","0"
"0x707367768d10","@!P1  IADD3 R3, PT, PT, R5, R17, RZ","1","0","1","16384","524288","524288","32","32","0","0","-","-","-","0","0","0","0","0","0","0","0","0","-","0","0","0","0","0","0","0","0","0","0","0","0","0","0","0","0","0","1","0","0","0","0","0","0","0","0","0","0","0","0","0","0","0","0","0","0","0","0","0","0"
"0x707367768d20","@!P1  LEA R16, P6, R4, UR30, 0x2","0","0","0","16384","524288","524288","32","32","0","0","-","-","-","0","0","0","0","0","0","0","0","0","-","0","0","0","0","0","0","0","0","0","0","0","0","0","0","0","0","0","0","0","0","0","0","0","0","0","0","0","0","0","0","0","0","0","0","0","0","0","0","0","0"
"0x707367768d30","      IADD3 R5, PT, PT, R15, 0x20, RZ","2","0","2","16384","524288","524288","32","32","0","0","-","-","-","0","0","0","0","0","0","0","0","0","-","0","0","0","0","0","0","0","0","0","0","0","0","0","0","0","0","0","2","0","0","0","0","0","0","0","0","0","0","0","0","0","0","0","0","0","0","0","0","0","0"
"0x707367768d40","@!P4  LEA R28, P5, R8, UR30, 0x2","1","0","1","16384","524288","524288","32","32","0","0","-","-","-","0","0","0","0","0","0","0","0","0","-","0","0","0","0","0","0","0","0","0","0","0","0","0","0","0","0","0","1","0","0","0","0","0","0","0","0","0","0","0","0","0","0","0","0","0","0","0","0","0","0"
"0x707367768d50","@!P1  LEA.HI.X R17, R4, UR31, R3, 0x2, P6","5","0","5","16384","524288","524288","32","32","0","0","-","-","-","0","0","0","0","0","0","0","0","0","-","0","0","0","0","0","0","0","0","0","0","0","0","0","0","0","0","0","2","3","0","0","0","0","0","0","0","0","0","0","0","0","0","0","0","0","0","0","0","0","0"
"0x707367768d60","@!P4  LEA.HI.X R29, R8, UR31, R7, 0x2, P5","12","0","12","16384","524288","524288","32","32","0","0","-","-","-","0","0","0","0","0","0","0","0","0","-","0","0","0","0","0","0","0","0","6","0","0","0","0","0","0","0","0","5","1","0","0","0","0","0","0","0","0","0","0","0","0","0","0","0","0","0","0","0","0","0"
"0x707367768d70","      CS2R R8, SRZ","0","0","0","16384","524288","524288","32","32","0","0","-","-","-","0","0","0","0","0","0","0","0","0","-","0","0","0","0","0","0","0","0","0","0","0","0","0","0","0","0","0","0","0","0","0","0","0","0","0","0","0","0","0","0","0","0","0","0","0","0","0","0","0","0"
"0x707367768d80","      ISETP.GE.AND P6, PT, R5, UR5, PT","0","0","0","16384","524288","524288","32","32","0","0","-","-","-","0","0","0","0","0","0","0","0","0","-","0","0","0","0","0","0","0","0","0","0","0","0","0","0","0","0","0","0","0","0","0","0","0","0","0","0","0","0","0","0","0","0","0","0","0","0","0","0","0","0"
"0x707367768d90","@!P0  LEA R3, P5, R31, R12, 0x4","2","0","2","16384","524288","524288","32","32","0","0","-","-","-","0","0","0","0","0","0","0","0","0","-","0","0","0","0","0","0","0","0","0","0","0","0","0","0","0","0","0","2","0","0","0","0","0","0","0","0","0","0","0","0","0","0","0","0","0","0","0","0","0","0"
"0x707367768da0","      CS2R R6, SRZ","0","0","0","16384","524288","524288","32","32","0","0","-","-","-","0","0","0","0","0","0","0","0","0","-","0","0","0","0","0","0","0","0","0","0","0","0","0","0","0","0","0","0","0","0","0","0","0","0","0","0","0","0","0","0","0","0","0","0","0","0","0","0","0","0"
"0x707367768db0","@!P0  LEA.HI.X R4, R31, R55, R25, 0x4, P5","6","0","6","16384","524288","524288","32","32","0","0","-","-","-","0","0","0","0","0","0","0","0","0","-","0","0","0","0","0","0","0","0","2","0","0","0","1","0","0","0","0","1","2","0","0","0","0","0","0","0","0","0","0","0","0","0","0","0","0","0","0","0","0","0"
"0x707367768dc0","@!P4  LDG.E.CONSTANT R8, desc[UR24][R28.64]","144","21","144","16384","524288","524288","32","32","0","0","Global","Load","32","32768","0","0","0","0","0","65536","65536","0","","0","0","0","0","0","0","0","0","12","0","0","0","0","0","41","0","0","91","0","0","0","0","0","0","0","0","0","0","0","0","0","21","0","0","0","0","0","0","0","0"
"0x707367768dd0","@!P0  LEA R32, P5, R3, UR30, 0x2","1","0","1","16384","524288","524288","32","32","0","0","-","-","-","0","0","0","0","0","0","0","0","0","-","0","0","0","0","0","0","0","0","1","0","0","0","0","0","0","0","0","0","0","0","0","0","0","0","0","0","0","0","0","0","0","0","0","0","0","0","0","0","0","0"
"0x707367768de0","      MOV R47, RZ","1","0","1","16384","524288","524288","32","32","0","0","-","-","-","0","0","0","0","0","0","0","0","0","-","0","0","0","0","0","0","0","0","0","0","0","0","0","0","0","0","0","0","1","0","0","0","0","0","0","0","0","0","0","0","0","0","0","0","0","0","0","0","0","0"
"0x707367768df0","      MOV R43, RZ","0","0","0","16384","524288","524288","32","32","0","0","-","-","-","0","0","0","0","0","0","0","0","0","-","0","0","0","0","0","0","0","0","0","0","0","0","0","0","0","0","0","0","0","0","0","0","0","0","0","0","0","0","0","0","0","0","0","0","0","0","0","0","0","0"
"0x707367768e00","@!P0  LEA.HI.X R33, R3, UR31, R4, 0x2, P5","3","0","3","16384","524288","524288","32","32","0","0","-","-","-","0","0","0","0","0","0","0","0","0","-","0","0","0","0","0","0","0","0","0","0","0","0","0","0","0","0","0","3","0","0","0","0","0","0","0","0","0","0","0","0","0","0","0","0","0","0","0","0","0","0"
"0x707367768e10","@!P3  LDG.E.CONSTANT R6, desc[UR24][R20.64]","46","5","46","16384","524288","524288","32","32","0","0","Global","Load","32","32768","0","0","0","0","0","65536","65536","0","","0","0","0","0","0","0","0","0","11","0","0","0","0","0","6","0","0","27","2","0","0","0","0","0","0","0","0","0","0","0","0","5","0","0","0","0","0","0","0","0"
"0x707367768e20","      IADD3 R3, PT, PT, R15, 0x38, RZ","0","0","0","16384","524288","524288","32","32","0","0","-","-","-","0","0","0","0","0","0","0","0","0","-","0","0","0","0","0","0","0","0","0","0","0","0","0","0","0","0","0","0","0","0","0","0","0","0","0","0","0","0","0","0","0","0","0","0","0","0","0","0","0","0"
"0x707367768e30","@!P6  LEA R4, P4, R31, R12, 0x5","0","0","0","16384","524288","524288","32","32","0","0","-","-","-","0","0","0","0","0","0","0","0","0","-","0","0","0","0","0","0","0","0","0","0","0","0","0","0","0","0","0","0","0","0","0","0","0","0","0","0","0","0","0","0","0","0","0","0","0","0","0","0","0","0"
"0x707367768e40","@!P0  LDG.E.CONSTANT R7, desc[UR24][R32.64]","33","9","33","16384","524288","524288","32","32","0","0","Global","Load","32","32768","0","0","0","0","0","65536","65536","0","","0","0","0","0","0","0","0","0","3","0","0","0","0","0","13","0","0","17","0","0","0","0","0","0","0","0","0","0","0","0","0","9","0","0","0","0","0","0","0","0"
"0x707367768e50","      ISETP.GE.AND P5, PT, R15, UR5, PT","0","0","0","16384","524288","524288","32","32","0","0","-","-","-","0","0","0","0","0","0","0","0","0","-","0","0","0","0","0","0","0","0","0","0","0","0","0","0","0","0","0","0","0","0","0","0","0","0","0","0","0","0","0","0","0","0","0","0","0","0","0","0","0","0"
"0x707367768e60","      ISETP.GE.AND P0, PT, R3, UR5, PT","2","0","2","16384","524288","524288","32","32","0","0","-","-","-","0","0","0","0","0","0","0","0","0","-","0","0","0","0","0","0","0","0","0","0","0","0","0","0","0","0","0","0","2","0","0","0","0","0","0","0","0","0","0","0","0","0","0","0","0","0","0","0","0","0"
"0x707367768e70","@!P6  LEA.HI.X R5, R31, R55, R25, 0x5, P4","1","0","1","16384","524288","524288","32","32","0","0","-","-","-","0","0","0","0","0","0","0","0","0","-","0","0","0","0","0","0","0","0","0","0","0","0","0","0","0","0","0","1","0","0","0","0","0","0","0","0","0","0","0","0","0","0","0","0","0","0","0","0","0","0"
"0x707367768e80","@!P6  LEA R38, P4, R4, UR30, 0x2","30","0","30","16384","524288","524288","32","32","0","0","-","-","-","0","0","0","0","0","0","0","0","0","-","0","0","0","0","0","0","0","0","1","0","0","0","7","0","0","0","0","22","0","0","0","0","0","0","0","0","0","0","0","0","0","0","0","0","0","0","0","0","0","0"
"0x707367768e90","      IADD3 R3, PT, PT, R36, 0x8, RZ","3","0","3","16384","524288","524288","32","32","0","0","-","-","-","0","0","0","0","0","0","0","0","0","-","0","0","0","0","0","0","0","0","0","0","0","0","0","0","0","0","0","2","0","0","0","0","1","0","0","0","0","0","0","0","0","0","0","0","0","0","0","0","0","0"
"0x707367768ea0","@!P6  LEA.HI.X R39, R4, UR31, R5, 0x2, P4","0","0","0","16384","524288","524288","32","32","0","0","-","-","-","0","0","0","0","0","0","0","0","0","-","0","0","0","0","0","0","0","0","0","0","0","0","0","0","0","0","0","0","0","0","0","0","0","0","0","0","0","0","0","0","0","0","0","0","0","0","0","0","0","0"
"0x707367768eb0","      CS2R R4, SRZ","0","0","0","16384","524288","524288","32","32","0","0","-","-","-","0","0","0","0","0","0","0","0","0","-","0","0","0","0","0","0","0","0","0","0","0","0","0","0","0","0","0","0","0","0","0","0","0","0","0","0","0","0","0","0","0","0","0","0","0","0","0","0","0","0"
"0x707367768ec0","      ISETP.GE.AND P4, PT, R3, UR4, PT","2","0","2","16384","524288","524288","32","32","0","0","-","-","-","0","0","0","0","0","0","0","0","0","-","0","0","0","0","0","0","0","0","1","0","0","0","0","0","0","0","0","0","1","0","0","0","0","0","0","0","0","0","0","0","0","0","0","0","0","0","0","0","0","0"
"0x707367768ed0","@!P0  MOV R28, R12","12","2","12","16384","524288","524288","32","32","0","0","-","-","-","0","0","0","0","0","0","0","0","0","-","0","0","0","0","0","0","0","0","1","0","0","1","0","0","0","0","0","9","0","0","0","0","1","0","0","0","0","0","1","0","0","0","0","0","0","0","0","0","0","1"
"0x707367768ee0","@!P6  LDG.E.CONSTANT R5, desc[UR24][R38.64]","117","18","117","16384","524288","524288","32","32","0","0","Global","Load","32","32768","0","0","0","0","0","65536","65536","0","","0","0","0","0","0","0","0","0","18","0","0","0","0","0","33","0","0","66","0","0","0","0","0","0","0","0","0","0","0","0","0","18","0","0","0","0","0","0","0","0"
"0x707367768ef0","@!P0  MOV R29, R55","0","0","0","16384","524288","524288","32","32","0","0","-","-","-","0","0","0","0","0","0","0","0","0","-","0","0","0","0","0","0","0","0","0","0","0","0","0","0","0","0","0","0","0","0","0","0","0","0","0","0","0","0","0","0","0","0","0","0","0","0","0","0","0","0"
"0x707367768f00","@!P5  LEA R34, P6, R12, UR30, 0x2","1","0","1","16384","524288","524288","32","32","0","0","-","-","-","0","0","0","0","0","0","0","0","0","-","0","0","0","0","0","0","0","0","0","0","0","0","0","0","0","0","0","0","1","0","0","0","0","0","0","0","0","0","0","0","0","0","0","0","0","0","0","0","0","0"
"0x707367768f10","@!P0  IMAD R25, R25, 0x38, RZ","0","0","0","16384","524288","524288","32","32","0","0","-","-","-","0","0","0","0","0","0","0","0","0","-","0","0","0","0","0","0","0","0","0","0","0","0","0","0","0","0","0","0","0","0","0","0","0","0","0","0","0","0","0","0","0","0","0","0","0","0","0","0","0","0"
"0x707367768f20","      IADD3 R3, PT, PT, R36, 0x10, RZ","0","0","0","16384","524288","524288","32","32","0","0","-","-","-","0","0","0","0","0","0","0","0","0","-","0","0","0","0","0","0","0","0","0","0","0","0","0","0","0","0","0","0","0","0","0","0","0","0","0","0","0","0","0","0","0","0","0","0","0","0","0","0","0","0"
"0x707367768f30","      MOV R41, RZ","0","0","0","16384","524288","524288","32","32","0","0","-","-","-","0","0","0","0","0","0","0","0","0","-","0","0","0","0","0","0","0","0","0","0","0","0","0","0","0","0","0","0","0","0","0","0","0","0","0","0","0","0","0","0","0","0","0","0","0","0","0","0","0","0"
"0x707367768f40","@!P5  LEA.HI.X R35, R12, UR31, R55, 0x2, P6","0","0","0","16384","524288","524288","32","32","0","0","-","-","-","0","0","0","0","0","0","0","0","0","-","0","0","0","0","0","0","0","0","0","0","0","0","0","0","0","0","0","0","0","0","0","0","0","0","0","0","0","0","0","0","0","0","0","0","0","0","0","0","0","0"
"0x707367768f50","@!P0  IMAD.WIDE.U32 R30, R31, 0x38, R28","0","0","0","16384","524288","524288","32","32","0","0","-","-","-","0","0","0","0","0","0","0","0","0","-","0","0","0","0","0","0","0","0","0","0","0","0","0","0","0","0","0","0","0","0","0","0","0","0","0","0","0","0","0","0","0","0","0","0","0","0","0","0","0","0"
"0x707367768f60","      MOV R45, RZ","0","0","0","16384","524288","524288","32","32","0","0","-","-","-","0","0","0","0","0","0","0","0","0","-","0","0","0","0","0","0","0","0","0","0","0","0","0","0","0","0","0","0","0","0","0","0","0","0","0","0","0","0","0","0","0","0","0","0","0","0","0","0","0","0"
"0x707367768f70","      ISETP.GE.AND P6, PT, R3, UR4, PT","0","0","0","16384","524288","524288","32","32","0","0","-","-","-","0","0","0","0","0","0","0","0","0","-","0","0","0","0","0","0","0","0","0","0","0","0","0","0","0","0","0","0","0","0","0","0","0","0","0","0","0","0","0","0","0","0","0","0","0","0","0","0","0","0"
"0x707367768f80","      MOV R49, RZ","1","0","1","16384","524288","524288","32","32","0","0","-","-","-","0","0","0","0","0","0","0","0","0","-","0","0","0","0","0","0","0","0","0","0","0","0","0","0","0","0","0","0","1","0","0","0","0","0","0","0","0","0","0","0","0","0","0","0","0","0","0","0","0","0"
"0x707367768f90","@!P5  LDG.E.CONSTANT R9, desc[UR24][R34.64]","20","2","20","16384","524288","524288","32","32","0","0","Global","Load","32","32768","0","0","0","0","0","65536","65536","0","","0","0","0","0","0","0","0","0","4","0","0","0","0","0","2","0","0","14","0","0","0","0","0","0","0","0","0","0","0","0","0","2","0","0","0","0","0","0","0","0"
"0x707367768fa0","@!P0  IADD3 R3, PT, PT, R31, R25, RZ","1","0","1","16384","524288","524288","32","32","0","0","-","-","-","0","0","0","0","0","0","0","0","0","-","0","0","0","0","0","0","0","0","1","0","0","0","0","0","0","0","0","0","0","0","0","0","0","0","0","0","0","0","0","0","0","0","0","0","0","0","0","0","0","0"
"0x707367768fb0","@!P4  IMAD.WIDE R28, R27, 0x8, R64","0","0","0","16384","524288","524288","32","32","0","0","-","-","-","0","0","0","0","0","0","0","0","0","-","0","0","0","0","0","0","0","0","0","0","0","0","0","0","0","0","0","0","0","0","0","0","0","0","0","0","0","0","0","0","0","0","0","0","0","0","0","0","0","0"
"0x707367768fc0","@!P0  LEA R24, P5, R30, UR30, 0x2","0","0","0","16384","524288","524288","32","32","0","0","-","-","-","0","0","0","0","0","0","0","0","0","-","0","0","0","0","0","0","0","0","0","0","0","0","0","0","0","0","0","0","0","0","0","0","0","0","0","0","0","0","0","0","0","0","0","0","0","0","0","0","0","0"
"0x707367768fd0","@!P2  LDG.E.CONSTANT R4, desc[UR24][R10.64]","18","5","18","16384","524288","524288","32","32","0","0","Global","Load","32","32768","0","0","0","0","0","65536","65536","0","","0","0","0","0","0","0","0","0","3","0","0","0","0","0","5","0","0","10","0","0","0","0","0","0","0","0","0","0","0","0","0","5","0","0","0","0","0","0","0","0"
"0x707367768fe0","@!P0  LEA.HI.X R25, R30, UR31, R3, 0x2, P5","3","0","3","16384","524288","524288","32","32","0","0","-","-","-","0","0","0","0","0","0","0","0","0","-","0","0","0","0","0","0","0","0","1","0","0","0","0","0","0","0","0","2","0","0","0","0","0","0","0","0","0","0","0","0","0","0","0","0","0","0","0","0","0","0"
"0x707367768ff0","@!P4  LEA R32, P5, R28, UR32, 0x2","27","0","27","16384","524288","524288","32","32","0","0","-","-","-","0","0","0","0","0","0","0","0","0","-","0","0","0","0","0","0","0","0","2","0","0","0","0","0","0","0","0","24","0","0","0","0","1","0","0","0","0","0","0","0","0","0","0","0","0","0","0","0","0","0"
"0x707367769000","      IADD3 R3, PT, PT, R36, 0x18, RZ","1","1","1","16384","524288","524288","32","32","0","0","-","-","-","0","0","0","0","0","0","0","0","0","-","0","0","0","0","0","0","0","0","1","0","0","0","0","0","0","0","0","0","0","0","0","0","0","0","0","1","0","0","0","0","0","0","0","0","0","0","0","0","0","0"
"0x707367769010","@!P4  LEA.HI.X R33, R28, UR33, R29, 0x2, P5","0","0","0","16384","524288","524288","32","32","0","0","-","-","-","0","0","0","0","0","0","0","0","0","-","0","0","0","0","0","0","0","0","0","0","0","0","0","0","0","0","0","0","0","0","0","0","0","0","0","0","0","0","0","0","0","0","0","0","0","0","0","0","0","0"
"0x707367769020","      MOV R29, RZ","0","0","0","16384","524288","524288","32","32","0","0","-","-","-","0","0","0","0","0","0","0","0","0","-","0","0","0","0","0","0","0","0","0","0","0","0","0","0","0","0","0","0","0","0","0","0","0","0","0","0","0","0","0","0","0","0","0","0","0","0","0","0","0","0"
"0x707367769030","      ISETP.GE.AND P5, PT, R3, UR4, PT","0","0","0","16384","524288","524288","32","32","0","0","-","-","-","0","0","0","0","0","0","0","0","0","-","0","0","0","0","0","0","0","0","0","0","0","0","0","0","0","0","0","0","0","0","0","0","0","0","0","0","0","0","0","0","0","0","0","0","0","0","0","0","0","0"
"0x707367769040","@!P6  IMAD.WIDE R30, R27, 0x10, R64","1","0","1","16384","524288","524288","32","32","0","0","-","-","-","0","0","0","0","0","0","0","0","0","-","0","0","0","0","0","0","0","0","0","0","0","0","1","0","0","0","0","0","0","0","0","0","0","0","0","0","0","0","0","0","0","0","0","0","0","0","0","0","0","0"
"0x707367769050","      IADD3 R3, PT, PT, R36, 0x20, RZ","0","0","0","16384","524288","524288","32","32","0","0","-","-","-","0","0","0","0","0","0","0","0","0","-","0","0","0","0","0","0","0","0","0","0","0","0","0","0","0","0","0","0","0","0","0","0","0","0","0","0","0","0","0","0","0","0","0","0","0","0","0","0","0","0"
"0x707367769060","@!P4  LDG.E.CONSTANT R29, desc[UR24][R32.64]","48","6","48","16384","524288","524288","32","32","0","0","Global","Load","32","32768","0","0","0","0","0","65536","65536","0","","0","0","0","0","0","0","0","0","6","0","0","0","0","0","11","0","0","31","0","0","0","0","0","0","0","1","0","0","0","0","0","5","0","0","0","0","0","0","0","0"
"0x707367769070","@!P6  LEA R34, P4, R30, UR32, 0x2","2","1","2","16384","524288","524288","32","32","0","0","-","-","-","0","0","0","0","0","0","0","0","0","-","0","0","0","0","0","0","0","0","0","0","0","1","0","0","0","0","0","0","1","0","0","0","0","0","0","0","0","0","1","0","0","0","0","0","0","0","0","0","0","0"
"0x707367769080","@!P6  LEA.HI.X R35, R30, UR33, R31, 0x2, P4","14","0","14","16384","524288","524288","32","32","0","0","-","-","-","0","0","0","0","0","0","0","0","0","-","0","0","0","0","0","0","0","0","2","0","0","0","1","0","0","0","0","10","1","0","0","0","0","0","0","0","0","0","0","0","0","0","0","0","0","0","0","0","0","0"
"0x707367769090","      ISETP.GE.AND P4, PT, R3, UR4, PT","0","0","0","16384","524288","524288","32","32","0","0","-","-","-","0","0","0","0","0","0","0","0","0","-","0","0","0","0","0","0","0","0","0","0","0","0","0","0","0","0","0","0","0","0","0","0","0","0","0","0","0","0","0","0","0","0","0","0","0","0","0","0","0","0"
"0x7073677690a0","@!P5  IMAD.WIDE R30, R27, 0x18, R64","8","0","8","16384","524288","524288","32","32","0","0","-","-","-","0","0","0","0","0","0","0","0","0","-","0","0","0","0","0","0","0","0","1","0","0","0","5","0","0","0","0","2","0","0","0","0","0","0","0","0","0","0","0","0","0","0","0","0","0","0","0","0","0","0"
"0x7073677690b0","      IADD3 R3, PT, PT, R36, 0x28, RZ","0","0","0","16384","524288","524288","32","32","0","0","-","-","-","0","0","0","0","0","0","0","0","0","-","0","0","0","0","0","0","0","0","0","0","0","0","0","0","0","0","0","0","0","0","0","0","0","0","0","0","0","0","0","0","0","0","0","0","0","0","0","0","0","0"
"0x7073677690c0","@!P6  LDG.E.CONSTANT R47, desc[UR24][R34.64]","99","15","99","16384","524288","524288","32","32","0","0","Global","Load","32","32768","0","0","0","0","0","65536","65536","0","","0","0","0","0","0","0","0","0","21","0","0","0","0","0","24","0","0","54","0","0","0","0","0","0","0","0","0","0","0","0","0","15","0","0","0","0","0","0","0","0"
"0x7073677690d0","@!P5  LEA R38, P6, R30, UR32, 0x2","0","0","0","16384","524288","524288","32","32","0","0","-","-","-","0","0","0","0","0","0","0","0","0","-","0","0","0","0","0","0","0","0","0","0","0","0","0","0","0","0","0","0","0","0","0","0","0","0","0","0","0","0","0","0","0","0","0","0","0","0","0","0","0","0"
"0x7073677690e0","@!P5  LEA.HI.X R39, R30, UR33, R31, 0x2, P6","12","1","12","16384","524288","524288","32","32","0","0","-","-","-","0","0","0","0","0","0","0","0","0","-","0","0","0","0","0","0","0","0","1","0","0","0","3","0","0","0","0","8","0","0","0","0","0","0","0","0","0","0","0","1","0","0","0","0","0","0","0","0","0","0"
"0x7073677690f0","      ISETP.GE.AND P6, PT, R3, UR4, PT","0","0","0","16384","524288","524288","32","32","0","0","-","-","-","0","0","0","0","0","0","0","0","0","-","0","0","0","0","0","0","0","0","0","0","0","0","0","0","0","0","0","0","0","0","0","0","0","0","0","0","0","0","0","0","0","0","0","0","0","0","0","0","0","0"
"0x707367769100","@!P4  IMAD.WIDE R30, R27, 0x20, R64","0","0","0","16384","524288","524288","32","32","0","0","-","-","-","0","0","0","0","0","0","0","0","0","-","0","0","0","0","0","0","0","0","0","0","0","0","0","0","0","0","0","0","0","0","0","0","0","0","0","0","0","0","0","0","0","0","0","0","0","0","0","0","0","0"
"0x707367769110","      IADD3 R3, PT, PT, R36, 0x30, RZ","0","0","0","16384","524288","524288","32","32","0","0","-","-","-","0","0","0","0","0","0","0","0","0","-","0","0","0","0","0","0","0","0","0","0","0","0","0","0","0","0","0","0","0","0","0","0","0","0","0","0","0","0","0","0","0","0","0","0","0","0","0","0","0","0"
"0x707367769120","@!P5  LDG.E.CONSTANT R43, desc[UR24][R38.64]","75","12","75","16384","524288","524288","32","32","0","0","Global","Load","32","32768","0","0","0","0","0","65536","65536","0","","0","0","0","0","0","0","0","0","11","0","0","0","0","0","19","0","0","45","0","0","0","0","0","0","0","0","0","0","0","0","0","12","0","0","0","0","0","0","0","0"
"0x707367769130","@!P4  LEA R32, P5, R30, UR32, 0x2","0","0","0","16384","524288","524288","32","32","0","0","-","-","-","0","0","0","0","0","0","0","0","0","-","0","0","0","0","0","0","0","0","0","0","0","0","0","0","0","0","0","0","0","0","0","0","0","0","0","0","0","0","0","0","0","0","0","0","0","0","0","0","0","0"
"0x707367769140","@!P4  LEA.HI.X R33, R30, UR33, R31, 0x2, P5","22","0","22","16384","524288","524288","32","32","0","0","-","-","-","0","0","0","0","0","0","0","0","0","-","0","0","0","0","0","0","0","0","3","0","0","0","5","0","0","0","0","13","0","0","0","0","1","0","0","0","0","0","0","0","0","0","0","0","0","0","0","0","0","0"
"0x707367769150","      ISETP.GE.AND P5, PT, R3, UR4, PT","0","0","0","16384","524288","524288","32","32","0","0","-","-","-","0","0","0","0","0","0","0","0","0","-","0","0","0","0","0","0","0","0","0","0","0","0","0","0","0","0","0","0","0","0","0","0","0","0","0","0","0","0","0","0","0","0","0","0","0","0","0","0","0","0"
"0x707367769160","@!P6  IMAD.WIDE R30, R27, 0x28, R64","9","2","9","16384","524288","524288","32","32","0","0","-","-","-","0","0","0","0","0","0","0","0","0","-","0","0","0","0","0","0","0","0","0","0","0","0","4","0","0","0","0","3","0","0","0","0","2","0","0","0","0","0","0","0","0","0","0","0","0","0","0","0","0","2"
"0x707367769170","@!P4  LDG.E.CONSTANT R41, desc[UR24][R32.64]","79","14","79","16384","524288","524288","32","32","0","0","Global","Load","32","32768","0","0","0","0","0","65536","65536","0","","0","0","0","0","0","0","0","0","10","0","0","0","0","0","23","0","0","46","0","0","0","0","0","0","0","0","0","0","0","0","0","14","0","0","0","0","0","0","0","0"
"0x707367769180","@!P6  LEA R34, P4, R30, UR32, 0x2","2","0","2","16384","524288","524288","32","32","0","0","-","-","-","0","0","0","0","0","0","0","0","0","-","0","0","0","0","0","0","0","0","0","0","0","0","0","0","0","0","0","2","0","0","0","0","0","0","0","0","0","0","0","0","0","0","0","0","0","0","0","0","0","0"
"0x707367769190","@!P6  LEA.HI.X R35, R30, UR33, R31, 0x2, P4","13","0","13","16384","524288","524288","32","32","0","0","-","-","-","0","0","0","0","0","0","0","0","0","-","0","0","0","0","0","0","0","0","2","0","0","0","0","0","0","0","0","11","0","0","0","0","0","0","0","0","0","0","0","0","0","0","0","0","0","0","0","0","0","0"
"0x7073677691a0","      ISETP.GE.AND P4, PT, R36, UR4, PT","0","0","0","16384","524288","524288","32","32","0","0","-","-","-","0","0","0","0","0","0","0","0","0","-","0","0","0","0","0","0","0","0","0","0","0","0","0","0","0","0","0","0","0","0","0","0","0","0","0","0","0","0","0","0","0","0","0","0","0","0","0","0","0","0"
"0x7073677691b0","@!P5  IMAD.WIDE R30, R27, 0x30, R64","0","0","0","16384","524288","524288","32","32","0","0","-","-","-","0","0","0","0","0","0","0","0","0","-","0","0","0","0","0","0","0","0","0","0","0","0","0","0","0","0","0","0","0","0","0","0","0","0","0","0","0","0","0","0","0","0","0","0","0","0","0","0","0","0"
"0x7073677691c0","@!P6  LDG.E.CONSTANT R45, desc[UR24][R34.64]","56","2","56","16384","524288","524288","32","32","0","0","Global","Load","32","32768","0","0","0","0","0","65536","65536","0","","0","0","0","0","0","0","0","0","7","0","0","0","0","0","9","0","0","40","0","0","0","0","0","0","0","0","0","0","0","0","0","2","0","0","0","0","0","0","0","0"
"0x7073677691d0","@!P5  LEA R38, P6, R30, UR32, 0x2","0","0","0","16384","524288","524288","32","32","0","0","-","-","-","0","0","0","0","0","0","0","0","0","-","0","0","0","0","0","0","0","0","0","0","0","0","0","0","0","0","0","0","0","0","0","0","0","0","0","0","0","0","0","0","0","0","0","0","0","0","0","0","0","0"
"0x7073677691e0","      IADD3 R3, PT, PT, R36, 0x38, RZ","1","0","1","16384","524288","524288","32","32","0","0","-","-","-","0","0","0","0","0","0","0","0","0","-","0","0","0","0","0","0","0","0","1","0","0","0","0","0","0","0","0","0","0","0","0","0","0","0","0","0","0","0","0","0","0","0","0","0","0","0","0","0","0","0"
"0x7073677691f0","@!P5  LEA.HI.X R39, R30, UR33, R31, 0x2, P6","2","0","2","16384","524288","524288","32","32","0","0","-","-","-","0","0","0","0","0","0","0","0","0","-","0","0","0","0","0","0","0","0","1","0","0","0","0","0","0","0","0","1","0","0","0","0","0","0","0","0","0","0","0","0","0","0","0","0","0","0","0","0","0","0"
"0x707367769200","@!P4  LEA R30, P6, R64, UR32, 0x2","14","0","14","16384","524288","524288","32","32","0","0","-","-","-","0","0","0","0","0","0","0","0","0","-","0","0","0","0","0","0","0","0","3","0","0","0","0","0","0","0","0","11","0","0","0","0","0","0","0","0","0","0","0","0","0","0","0","0","0","0","0","0","0","0"
"0x707367769210","@!P4  LEA.HI.X R31, R64, UR33, R65, 0x2, P6","7","0","7","16384","524288","524288","32","32","0","0","-","-","-","0","0","0","0","0","0","0","0","0","-","0","0","0","0","0","0","0","0","2","0","0","0","1","0","0","0","0","3","1","0","0","0","0","0","0","0","0","0","0","0","0","0","0","0","0","0","0","0","0","0"
"0x707367769220","      ISETP.GE.AND P6, PT, R3, UR4, PT","1","0","1","16384","524288","524288","32","32","0","0","-","-","-","0","0","0","0","0","0","0","0","0","-","0","0","0","0","0","0","0","0","0","0","0","0","0","0","0","0","0","0","1","0","0","0","0","0","0","0","0","0","0","0","0","0","0","0","0","0","0","0","0","0"
"0x707367769230","@!P4  LDG.E.CONSTANT R49, desc[UR24][R30.64]","90","15","90","16384","524288","524288","32","32","0","0","Global","Load","32","32768","0","0","0","0","0","65536","65536","0","","0","0","0","0","0","0","0","0","14","0","0","0","0","0","23","0","0","53","0","0","0","0","0","0","0","0","0","0","0","0","0","15","0","0","0","0","0","0","0","0"
"0x707367769240","      MOV R37, RZ","1","0","1","16384","524288","524288","32","32","0","0","-","-","-","0","0","0","0","0","0","0","0","0","-","0","0","0","0","0","0","0","0","0","0","0","0","0","0","0","0","0","0","1","0","0","0","0","0","0","0","0","0","0","0","0","0","0","0","0","0","0","0","0","0"
"0x707367769250","      MOV R35, RZ","1","0","1","16384","524288","524288","32","32","0","0","-","-","-","0","0","0","0","0","0","0","0","0","-","0","0","0","0","0","0","0","0","0","0","0","0","0","0","0","0","0","0","1","0","0","0","0","0","0","0","0","0","0","0","0","0","0","0","0","0","0","0","0","0"
"0x707367769260","      MOV R3, RZ","1","0","1","16384","524288","524288","32","32","0","0","-","-","-","0","0","0","0","0","0","0","0","0","-","0","0","0","0","0","0","0","0","0","0","0","0","0","0","0","0","0","0","1","0","0","0","0","0","0","0","0","0","0","0","0","0","0","0","0","0","0","0","0","0"
"0x707367769270","      MOV R14, RZ","0","0","0","16384","524288","524288","32","32","0","0","-","-","-","0","0","0","0","0","0","0","0","0","-","0","0","0","0","0","0","0","0","0","0","0","0","0","0","0","0","0","0","0","0","0","0","0","0","0","0","0","0","0","0","0","0","0","0","0","0","0","0","0","0"
"0x707367769280","@!P5  LDG.E.CONSTANT R37, desc[UR24][R38.64]","76","6","76","16384","524288","524288","32","32","0","0","Global","Load","32","32768","0","0","0","0","0","65536","65536","0","","0","0","0","0","0","0","0","0","10","0","0","0","0","0","13","0","0","53","0","0","0","0","0","0","0","0","0","0","0","0","0","6","0","0","0","0","0","0","0","0"
"0x707367769290","@!P6  IMAD.WIDE R26, R27, 0x38, R64","2","0","2","16384","524288","524288","32","32","0","0","-","-","-","0","0","0","0","0","0","0","0","0","-","0","0","0","0","0","0","0","0","0","0","0","0","0","0","0","0","0","2","0","0","0","0","0","0","0","0","0","0","0","0","0","0","0","0","0","0","0","0","0","0"
"0x7073677692a0","@!P1  LDG.E.CONSTANT R3, desc[UR24][R16.64]","20","3","20","16384","524288","524288","32","32","0","0","Global","Load","32","32768","0","0","0","0","0","65536","65536","0","","0","0","0","0","0","0","0","0","0","0","0","0","0","0","5","0","0","14","1","0","0","0","0","0","0","0","0","0","0","0","0","3","0","0","0","0","0","0","0","0"
"0x7073677692b0","@!P6  LEA R32, P4, R26, UR32, 0x2","0","0","0","16384","524288","524288","32","32","0","0","-","-","-","0","0","0","0","0","0","0","0","0","-","0","0","0","0","0","0","0","0","0","0","0","0","0","0","0","0","0","0","0","0","0","0","0","0","0","0","0","0","0","0","0","0","0","0","0","0","0","0","0","0"
"0x7073677692c0","@!P0  LDG.E.CONSTANT R14, desc[UR24][R24.64]","69","7","69","16384","524288","524288","32","32","0","0","Global","Load","32","32768","0","0","0","0","0","65536","65536","0","","0","0","0","0","0","0","0","0","9","0","0","0","0","0","17","0","0","43","0","0","0","0","0","0","0","0","0","0","0","0","0","7","0","0","0","0","0","0","0","0"
"0x7073677692d0","@!P6  LEA.HI.X R33, R26, UR33, R27, 0x2, P4","0","0","0","16384","524288","524288","32","32","0","0","-","-","-","0","0","0","0","0","0","0","0","0","-","0","0","0","0","0","0","0","0","0","0","0","0","0","0","0","0","0","0","0","0","0","0","0","0","0","0","0","0","0","0","0","0","0","0","0","0","0","0","0","0"
"0x7073677692e0","@!P6  LDG.E.CONSTANT R35, desc[UR24][R32.64]","66","6","66","16384","524288","524288","32","32","0","0","Global","Load","32","32768","0","0","0","0","0","65536","65536","0","","0","0","0","0","0","0","0","0","16","0","0","0","0","0","13","0","0","35","1","0","0","0","1","0","0","0","0","0","0","0","0","6","0","0","0","0","0","0","0","0"
"0x7073677692f0","      BSYNC.RECONVERGENT B0","1","0","1","16384","524288","524288","32","32","0","0","-","-","-","0","0","0","0","0","0","0","0","0","-","0","0","0","0","0","0","0","0","0","0","0","0","0","0","0","0","0","1","0","0","0","0","0","0","0","0","0","0","0","0","0","0","0","0","0","0","0","0","0","0"
"0x707367769300","      S2UR UR8, SR_CgaCtaId","8","0","8","16384","524288","524288","32","32","0","0","-","-","-","0","0","0","0","0","0","0","0","0","-","0","0","0","0","0","0","0","5","2","0","0","0","0","0","0","0","0","0","0","0","0","0","1","0","0","0","0","0","0","0","0","0","0","0","0","0","0","0","0","0"
"0x707367769310","      UMOV UR4, 0x400","0","0","0","16384","524288","524288","32","32","0","0","-","-","-","0","0","0","0","0","0","0","0","0","-","0","0","0","0","0","0","0","0","0","0","0","0","0","0","0","0","0","0","0","0","0","0","0","0","0","0","0","0","0","0","0","0","0","0","0","0","0","0","0","0"
"0x707367769320","      IMAD R13, R18, 0x44, R23","0","0","0","16384","524288","524288","32","32","0","0","-","-","-","0","0","0","0","0","0","0","0","0","-","0","0","0","0","0","0","0","0","0","0","0","0","0","0","0","0","0","0","0","0","0","0","0","0","0","0","0","0","0","0","0","0","0","0","0","0","0","0","0","0"
"0x707367769330","      UISETP.GE.AND UP0, UPT, UR22, 0x11, UPT","1","0","1","16384","524288","524288","32","32","0","0","-","-","-","0","0","0","0","0","0","0","0","0","-","0","0","0","0","0","0","0","0","1","0","0","0","0","0","0","0","0","0","0","0","0","0","0","0","0","0","0","0","0","0","0","0","0","0","0","0","0","0","0","0"
"0x707367769340","      MOV R54, R12","0","0","0","16384","524288","524288","32","32","0","0","-","-","-","0","0","0","0","0","0","0","0","0","-","0","0","0","0","0","0","0","0","0","0","0","0","0","0","0","0","0","0","0","0","0","0","0","0","0","0","0","0","0","0","0","0","0","0","0","0","0","0","0","0"
"0x707367769350","      UMOV UR5, URZ","0","0","0","16384","524288","524288","32","32","0","0","-","-","-","0","0","0","0","0","0","0","0","0","-","0","0","0","0","0","0","0","0","0","0","0","0","0","0","0","0","0","0","0","0","0","0","0","0","0","0","0","0","0","0","0","0","0","0","0","0","0","0","0","0"
"0x707367769360","      CS2R R68, SRZ","0","0","0","16384","524288","524288","32","32","0","0","-","-","-","0","0","0","0","0","0","0","0","0","-","0","0","0","0","0","0","0","0","0","0","0","0","0","0","0","0","0","0","0","0","0","0","0","0","0","0","0","0","0","0","0","0","0","0","0","0","0","0","0","0"
"0x707367769370","      CS2R R66, SRZ","0","0","0","16384","524288","524288","32","32","0","0","-","-","-","0","0","0","0","0","0","0","0","0","-","0","0","0","0","0","0","0","0","0","0","0","0","0","0","0","0","0","0","0","0","0","0","0","0","0","0","0","0","0","0","0","0","0","0","0","0","0","0","0","0"
"0x707367769380","      CS2R R62, SRZ","1","0","1","16384","524288","524288","32","32","0","0","-","-","-","0","0","0","0","0","0","0","0","0","-","0","0","0","0","0","0","0","0","0","0","0","0","0","0","0","0","0","0","1","0","0","0","0","0","0","0","0","0","0","0","0","0","0","0","0","0","0","0","0","0"
"0x707367769390","      CS2R R38, SRZ","3","0","3","16384","524288","524288","32","32","0","0","-","-","-","0","0","0","0","0","0","0","0","0","-","0","0","0","0","0","0","0","0","0","0","0","1","0","0","0","0","0","2","0","0","0","0","0","0","0","0","0","0","0","0","0","0","0","0","0","0","0","0","0","0"
"0x7073677693a0","      CS2R R60, SRZ","0","0","0","16384","524288","524288","32","32","0","0","-","-","-","0","0","0","0","0","0","0","0","0","-","0","0","0","0","0","0","0","0","0","0","0","0","0","0","0","0","0","0","0","0","0","0","0","0","0","0","0","0","0","0","0","0","0","0","0","0","0","0","0","0"
"0x7073677693b0","      CS2R R50, SRZ","0","0","0","16384","524288","524288","32","32","0","0","-","-","-","0","0","0","0","0","0","0","0","0","-","0","0","0","0","0","0","0","0","0","0","0","0","0","0","0","0","0","0","0","0","0","0","0","0","0","0","0","0","0","0","0","0","0","0","0","0","0","0","0","0"
"0x7073677693c0","      CS2R R58, SRZ","0","0","0","16384","524288","524288","32","32","0","0","-","-","-","0","0","0","0","0","0","0","0","0","-","0","0","0","0","0","0","0","0","0","0","0","0","0","0","0","0","0","0","0","0","0","0","0","0","0","0","0","0","0","0","0","0","0","0","0","0","0","0","0","0"
"0x7073677693d0","      CS2R R56, SRZ","0","0","0","16384","524288","524288","32","32","0","0","-","-","-","0","0","0","0","0","0","0","0","0","-","0","0","0","0","0","0","0","0","0","0","0","0","0","0","0","0","0","0","0","0","0","0","0","0","0","0","0","0","0","0","0","0","0","0","0","0","0","0","0","0"
"0x7073677693e0","      CS2R R52, SRZ","0","0","0","16384","524288","524288","32","32","0","0","-","-","-","0","0","0","0","0","0","0","0","0","-","0","0","0","0","0","0","0","0","0","0","0","0","0","0","0","0","0","0","0","0","0","0","0","0","0","0","0","0","0","0","0","0","0","0","0","0","0","0","0","0"
"0x7073677693f0","      CS2R R30, SRZ","0","0","0","16384","524288","524288","32","32","0","0","-","-","-","0","0","0","0","0","0","0","0","0","-","0","0","0","0","0","0","0","0","0","0","0","0","0","0","0","0","0","0","0","0","0","0","0","0","0","0","0","0","0","0","0","0","0","0","0","0","0","0","0","0"
"0x707367769400","      ULEA UR6, UR8, UR4, 0x18","6","0","6","16384","524288","524288","32","32","0","0","-","-","-","0","0","0","0","0","0","0","0","0","-","0","0","0","0","0","0","0","0","0","0","0","0","0","0","0","0","1","4","0","1","0","0","0","0","0","0","0","0","0","0","0","0","0","0","0","0","0","0","0","0"
"0x707367769410","      UIADD3 UR4, UPT, UPT, UR4, 0x1100, URZ","0","0","0","16384","524288","524288","32","32","0","0","-","-","-","0","0","0","0","0","0","0","0","0","-","0","0","0","0","0","0","0","0","0","0","0","0","0","0","0","0","0","0","0","0","0","0","0","0","0","0","0","0","0","0","0","0","0","0","0","0","0","0","0","0"
"0x707367769420","      ULEA UR8, UR8, UR4, 0x18","6","0","6","16384","524288","524288","32","32","0","0","-","-","-","0","0","0","0","0","0","0","0","0","-","0","0","0","0","0","0","0","0","1","0","0","0","0","0","0","0","0","5","0","0","0","0","0","0","0","0","0","0","0","0","0","0","0","0","0","0","0","0","0","0"
"0x707367769430","      LEA R10, R13, UR6, 0x2","0","0","0","16384","524288","524288","32","32","0","0","-","-","-","0","0","0","0","0","0","0","0","0","-","0","0","0","0","0","0","0","0","0","0","0","0","0","0","0","0","0","0","0","0","0","0","0","0","0","0","0","0","0","0","0","0","0","0","0","0","0","0","0","0"
"0x707367769440","      UIADD3 UR4, UPT, UPT, -UR11, URZ, URZ","1","0","1","16384","524288","524288","32","32","0","0","-","-","-","0","0","0","0","0","0","0","0","0","-","0","0","0","0","0","0","0","0","0","0","0","0","0","0","0","0","0","0","1","0","0","0","0","0","0","0","0","0","0","0","0","0","0","0","0","0","0","0","0","0"
"0x707367769450","      LEA R13, R13, UR8, 0x2","5","0","5","16384","524288","524288","32","32","0","0","-","-","-","0","0","0","0","0","0","0","0","0","-","0","0","0","0","0","0","0","0","0","0","0","0","1","0","0","0","0","3","0","0","0","0","1","0","0","0","0","0","0","0","0","0","0","0","0","0","0","0","0","0"
"0x707367769460","      STS [R10], R49","190","89","190","16384","524288","524288","32","32","0","0","Shared","Store","32","0","2","16384","32768","16384","0","0","0","0","-","0","0","0","0","0","0","0","0","13","0","0","100","0","0","23","0","0","54","0","0","0","0","0","0","0","0","0","0","70","0","0","19","0","0","0","0","0","0","0","0"
"0x707367769470","      USEL UR4, UR4, 0xfffffff0, UP0","0","0","0","16384","524288","524288","32","32","0","0","-","-","-","0","0","0","0","0","0","0","0","0","-","0","0","0","0","0","0","0","0","0","0","0","0","0","0","0","0","0","0","0","0","0","0","0","0","0","0","0","0","0","0","0","0","0","0","0","0","0","0","0","0"
"0x707367769480","      STS [R10+0x20], R29","74","9","74","16384","524288","524288","32","32","0","0","Shared","Store","32","0","2","16384","32768","16384","0","0","0","0","-","0","0","0","0","0","0","0","0","15","0","0","0","0","0","12","0","0","46","1","0","0","0","0","0","0","0","0","0","0","0","0","9","0","0","0","0","0","0","0","0"
"0x707367769490","      UIADD3 UR10, UPT, UPT, UR4, UR22, URZ","0","0","0","16384","524288","524288","32","32","0","0","-","-","-","0","0","0","0","0","0","0","0","0","-","0","0","0","0","0","0","0","0","0","0","0","0","0","0","0","0","0","0","0","0","0","0","0","0","0","0","0","0","0","0","0","0","0","0","0","0","0","0","0","0"
"0x7073677694a0","      STS [R10+0x40], R47","68","6","68","16384","524288","524288","32","32","0","0","Shared","Store","32","0","2","16384","32768","16384","0","0","0","0","-","0","0","0","0","0","0","0","0","8","0","0","0","0","0","13","0","0","46","1","0","0","0","0","0","0","0","0","0","0","0","0","6","0","0","0","0","0","0","0","0"
"0x7073677694b0","      UISETP.GE.AND UP0, UPT, UR10, 0x1, UPT","0","0","0","16384","524288","524288","32","32","0","0","-","-","-","0","0","0","0","0","0","0","0","0","-","0","0","0","0","0","0","0","0","0","0","0","0","0","0","0","0","0","0","0","0","0","0","0","0","0","0","0","0","0","0","0","0","0","0","0","0","0","0","0","0"
"0x7073677694c0","      UMOV UR4, UR11","0","0","0","16384","524288","524288","32","32","0","0","-","-","-","0","0","0","0","0","0","0","0","0","-","0","0","0","0","0","0","0","0","0","0","0","0","0","0","0","0","0","0","0","0","0","0","0","0","0","0","0","0","0","0","0","0","0","0","0","0","0","0","0","0"
"0x7073677694d0","      CS2R R48, SRZ","10","7","10","16384","524288","524288","32","32","0","0","-","-","-","0","0","0","0","0","0","0","0","0","-","0","0","0","0","0","0","0","0","0","0","0","0","0","0","0","0","0","1","0","9","0","0","0","0","0","0","0","0","0","0","0","0","0","0","0","0","7","0","0","0"
"0x7073677694e0","      STS [R10+0x60], R43","14","2","14","16384","524288","524288","32","32","0","0","Shared","Store","32","0","2","16384","32768","16384","0","0","0","0","-","0","0","0","0","0","0","0","0","2","0","0","0","0","0","3","0","0","9","0","0","0","0","0","0","0","0","0","0","0","0","0","2","0","0","0","0","0","0","0","0"
"0x7073677694f0","      IADD.64 R64, R64, UR4","0","0","0","16384","524288","524288","32","32","0","0","-","-","-","0","0","0","0","0","0","0","0","0","-","0","0","0","0","0","0","0","0","0","0","0","0","0","0","0","0","0","0","0","0","0","0","0","0","0","0","0","0","0","0","0","0","0","0","0","0","0","0","0","0"
"0x707367769500","      IADD.64 R54, R54, UR4","0","0","0","16384","524288","524288","32","32","0","0","-","-","-","0","0","0","0","0","0","0","0","0","-","0","0","0","0","0","0","0","0","0","0","0","0","0","0","0","0","0","0","0","0","0","0","0","0","0","0","0","0","0","0","0","0","0","0","0","0","0","0","0","0"
"0x707367769510","      STS [R10+0x80], R41","23","3","23","16384","524288","524288","32","32","0","0","Shared","Store","32","0","2","16384","32768","16384","0","0","0","0","-","0","0","0","0","0","0","0","0","4","0","0","0","0","0","7","0","0","12","0","0","0","0","0","0","0","0","0","0","0","0","0","3","0","0","0","0","0","0","0","0"
"0x707367769520","      CS2R R46, SRZ","10","0","10","16384","524288","524288","32","32","0","0","-","-","-","0","0","0","0","0","0","0","0","0","-","0","0","0","0","0","0","0","0","0","0","0","0","0","0","0","0","0","7","0","3","0","0","0","0","0","0","0","0","0","0","0","0","0","0","0","0","0","0","0","0"
"0x707367769530","      CS2R R28, SRZ","0","0","0","16384","524288","524288","32","32","0","0","-","-","-","0","0","0","0","0","0","0","0","0","-","0","0","0","0","0","0","0","0","0","0","0","0","0","0","0","0","0","0","0","0","0","0","0","0","0","0","0","0","0","0","0","0","0","0","0","0","0","0","0","0"
"0x707367769540","      STS [R10+0xa0], R45","65","8","65","16384","524288","524288","32","32","0","0","Shared","Store","32","0","2","16384","32768","16384","0","0","0","0","-","0","0","0","0","0","0","0","0","5","0","0","0","0","0","14","0","0","46","0","0","0","0","0","0","0","0","0","0","0","0","0","8","0","0","0","0","0","0","0","0"
"0x707367769550","      CS2R R42, SRZ","0","0","0","16384","524288","524288","32","32","0","0","-","-","-","0","0","0","0","0","0","0","0","0","-","0","0","0","0","0","0","0","0","0","0","0","0","0","0","0","0","0","0","0","0","0","0","0","0","0","0","0","0","0","0","0","0","0","0","0","0","0","0","0","0"
"0x707367769560","      STS [R10+0xc0], R37","56","7","56","16384","524288","524288","32","32","0","0","Shared","Store","32","0","2","16384","32768","16384","0","0","0","0","-","0","0","0","0","0","0","0","0","9","0","0","0","0","0","19","0","0","28","0","0","0","0","0","0","0","0","0","0","0","0","0","7","0","0","0","0","0","0","0","0"
"0x707367769570","      CS2R R40, SRZ","0","0","0","16384","524288","524288","32","32","0","0","-","-","-","0","0","0","0","0","0","0","0","0","-","0","0","0","0","0","0","0","0","0","0","0","0","0","0","0","0","0","0","0","0","0","0","0","0","0","0","0","0","0","0","0","0","0","0","0","0","0","0","0","0"
"0x707367769580","      STS [R10+0xe0], R35","42","5","42","16384","524288","524288","32","32","0","0","Shared","Store","32","0","2","16384","32768","16384","0","0","0","0","-","0","0","0","0","0","0","0","0","5","0","0","0","0","0","13","0","0","24","0","0","0","0","0","0","0","0","0","0","0","0","0","5","0","0","0","0","0","0","0","0"
"0x707367769590","      CS2R R44, SRZ","0","0","0","16384","524288","524288","32","32","0","0","-","-","-","0","0","0","0","0","0","0","0","0","-","0","0","0","0","0","0","0","0","0","0","0","0","0","0","0","0","0","0","0","0","0","0","0","0","0","0","0","0","0","0","0","0","0","0","0","0","0","0","0","0"
"0x7073677695a0","      STS [R13], R9","54","6","54","16384","524288","524288","32","32","0","0","Shared","Store","32","0","2","16384","32768","16384","0","0","0","0","-","0","0","0","0","0","0","0","0","6","0","0","0","0","0","13","0","0","35","0","0","0","0","0","0","0","0","0","0","0","0","0","6","0","0","0","0","0","0","0","0"
"0x7073677695b0","      STS [R13+0x20], R8","33","5","33","16384","524288","524288","32","32","0","0","Shared","Store","32","0","2","16384","32768","16384","0","0","0","0","-","0","0","0","0","0","0","0","0","5","0","0","0","0","0","10","0","0","17","0","0","0","0","1","0","0","0","0","0","0","0","0","5","0","0","0","0","0","0","0","0"
"0x7073677695c0","      STS [R13+0x40], R7","18","2","18","16384","524288","524288","32","32","0","0","Shared","Store","32","0","2","16384","32768","16384","0","0","0","0","-","0","0","0","0","0","0","0","0","1","0","0","0","0","0","3","0","0","14","0","0","0","0","0","0","0","0","0","0","0","0","0","2","0","0","0","0","0","0","0","0"
"0x7073677695d0","      STS [R13+0x60], R6","23","0","23","16384","524288","524288","32","32","0","0","Shared","Store","32","0","2","16384","32768","16384","0","0","0","0","-","0","0","0","0","0","0","0","0","3","0","0","0","0","0","6","0","0","14","0","0","0","0","0","0","0","0","0","0","0","0","0","0","0","0","0","0","0","0","0","0"
"0x7073677695e0","      STS [R13+0x80], R5","21","3","21","16384","524288","524288","32","32","0","0","Shared","Store","32","0","2","16384","32768","16384","0","0","0","0","-","0","0","0","0","0","0","0","0","5","0","0","0","0","0","5","0","0","11","0","0","0","0","0","0","0","0","0","0","0","0","0","3","0","0","0","0","0","0","0","0"
"0x7073677695f0","      STS [R13+0xa0], R4","30","8","30","16384","524288","524288","32","32","0","0","Shared","Store","32","0","2","16384","32768","16384","0","0","0","0","-","0","0","0","0","0","0","0","0","3","0","0","0","0","0","14","0","0","12","0","0","0","0","1","0","0","0","0","0","0","0","0","8","0","0","0","0","0","0","0","0"
"0x707367769600","      STS [R13+0xc0], R3","19","4","19","16384","524288","524288","32","32","0","0","Shared","Store","32","0","2","16384","32768","16384","0","0","0","0","-","0","0","0","0","0","0","0","0","1","0","0","0","0","0","9","0","0","9","0","0","0","0","0","0","0","0","0","0","0","0","0","4","0","0","0","0","0","0","0","0"
"0x707367769610","      STS [R13+0xe0], R14","28","0","28","16384","524288","524288","32","32","0","0","Shared","Store","32","0","2","16384","32768","16384","0","0","0","0","-","0","0","0","0","0","0","0","0","11","0","0","0","0","0","3","0","0","13","1","0","0","0","0","0","0","0","0","0","0","0","0","0","0","0","0","0","0","0","0","0"
"0x707367769620","      BAR.SYNC.DEFER_BLOCKING 0x0","0","0","0","16384","524288","524288","32","32","0","0","-","-","-","0","0","0","0","0","0","0","0","0","-","0","0","0","0","0","0","0","0","0","0","0","0","0","0","0","0","0","0","0","0","0","0","0","0","0","0","0","0","0","0","0","0","0","0","0","0","0","0","0","0"
"0x707367769630","      BRA.U !UP0, 0x70736776c270","746","111","746","16384","524288","524288","32","32","0","0","-","-","-","0","0","0","0","0","0","0","0","0","-","0","0","0","0","0","0","744","0","0","0","0","0","0","0","0","0","0","0","1","0","0","0","1","111","0","0","0","0","0","0","0","0","0","0","0","0","0","0","0","0"
"0x707367769640","      HFMA2 R69, -RZ, RZ, 0, 0","4","0","4","16384","524288","524288","32","32","0","0","-","-","-","0","0","0","0","0","0","0","0","0","-","0","0","0","0","0","0","0","0","0","0","0","0","3","0","0","0","0","0","1","0","0","0","0","0","0","0","0","0","0","0","0","0","0","0","0","0","0","0","0","0"
"0x707367769650","      LDCU UR5, c[0x0][0x380]","0","0","0","16384","524288","524288","32","32","0","0","-","-","-","0","0","0","0","0","0","0","0","0","-","0","0","0","0","0","0","0","0","0","0","0","0","0","0","0","0","0","0","0","0","0","0","0","0","0","0","0","0","0","0","0","0","0","0","0","0","0","0","0","0"
"0x707367769660","      LDCU UR11, c[0x0][0x384]","0","0","0","16384","524288","524288","32","32","0","0","-","-","-","0","0","0","0","0","0","0","0","0","-","0","0","0","0","0","0","0","0","0","0","0","0","0","0","0","0","0","0","0","0","0","0","0","0","0","0","0","0","0","0","0","0","0","0","0","0","0","0","0","0"
"0x707367769670","      S2UR UR8, SR_CgaCtaId","138","22","138","507904","16252928","16252928","32","32","0","0","-","-","-","0","0","0","0","0","0","0","0","0","-","0","0","0","0","0","0","0","16","6","0","0","0","0","0","0","0","82","34","0","0","0","0","0","0","3","0","0","0","0","0","0","0","0","19","0","0","0","0","0","0"
"0x707367769680","      UMOV UR6, 0x400","24","7","24","507904","16252928","16252928","32","32","0","0","-","-","-","0","0","0","0","0","0","0","0","0","-","0","0","0","0","0","0","0","0","5","0","0","0","0","0","0","0","10","4","5","0","0","0","0","0","0","0","0","0","0","0","0","0","0","7","0","0","0","0","0","0"
"0x707367769690","      ISETP.GE.AND P1, PT, R36, UR5, PT","15","1","15","507904","16252928","16252928","32","32","0","0","-","-","-","0","0","0","0","0","0","0","0","0","-","0","0","0","0","0","0","0","0","1","0","0","0","0","0","0","0","0","5","7","2","0","0","0","0","0","0","0","0","0","0","0","0","0","0","0","0","1","0","0","0"
"0x7073677696a0","      UIADD3 UR4, UPT, UPT, UR6, 0x1100, URZ","8","0","8","507904","16252928","16252928","32","32","0","0","-","-","-","0","0","0","0","0","0","0","0","0","-","0","0","0","0","0","0","0","0","0","0","0","0","0","0","0","0","0","0","8","0","0","0","0","0","0","0","0","0","0","0","0","0","0","0","0","0","0","0","0","0"
"0x7073677696b0","      MOV R12, RZ","6","0","6","507904","16252928","16252928","32","32","0","0","-","-","-","0","0","0","0","0","0","0","0","0","-","0","0","0","0","0","0","0","0","0","0","0","0","0","0","0","0","0","0","6","0","0","0","0","0","0","0","0","0","0","0","0","0","0","0","0","0","0","0","0","0"
"0x7073677696c0","@!P1  LEA R16, P0, R64, UR32, 0x2","230","14","230","507904","16252928","16252928","32","32","0","0","-","-","-","0","0","0","0","0","0","0","0","0","-","0","0","0","0","0","0","0","0","26","0","0","0","13","0","0","0","0","118","5","0","0","0","68","0","0","0","0","0","0","2","0","0","0","0","2","0","0","0","0","10"
"0x7073677696d0","@!P1  LEA.HI.X R17, R64, UR33, R65, 0x2, P0","130","4","130","507904","16252928","16252928","32","32","0","0","-","-","-","0","0","0","0","0","0","0","0","0","-","0","0","0","0","0","0","0","0","14","0","0","0","8","0","0","0","0","84","6","0","0","0","18","0","0","1","0","0","0","0","0","0","0","0","0","0","0","0","0","3"
"0x7073677696e0","      ULEA UR6, UR8, UR6, 0x18","36","12","36","507904","16252928","16252928","32","32","0","0","-","-","-","0","0","0","0","0","0","0","0","0","-","0","0","0","0","0","0","0","0","3","0","0","0","0","0","0","0","0","6","9","18","0","0","0","0","0","0","0","0","0","0","0","0","0","0","0","0","12","0","0","0"
"0x7073677696f0","      ULEA UR8, UR8, UR4, 0x18","8","0","8","507904","16252928","16252928","32","32","0","0","-","-","-","0","0","0","0","0","0","0","0","0","-","0","0","0","0","0","0","0","0","2","0","0","0","0","0","0","0","0","0","6","0","0","0","0","0","0","0","0","0","0","0","0","0","0","0","0","0","0","0","0","0"
"0x707367769700","@!P1  LDG.E.CONSTANT R12, desc[UR24][R16.64]","255","56","255","507904","16252928","16252928","32","32","0","0","Global","Load","32","1015808","0","0","0","0","0","2031616","2031616","0","","0","0","0","0","0","0","0","0","32","0","1","0","0","0","73","0","0","126","9","0","0","0","14","0","0","0","0","1","0","0","0","52","0","0","0","0","0","0","0","3"
"0x707367769710","      LEA R11, R0, UR6, 0x4","44","3","44","507904","16252928","16252928","32","32","0","0","-","-","-","0","0","0","0","0","0","0","0","0","-","0","0","0","0","0","0","0","0","4","0","0","0","5","0","0","0","0","21","9","0","0","0","5","0","0","0","0","0","0","1","0","0","0","0","0","0","0","0","0","2"
"0x707367769720","      LEA R37, R2, UR8, 0x4","43","4","43","507904","16252928","16252928","32","32","0","0","-","-","-","0","0","0","0","0","0","0","0","0","-","0","0","0","0","0","0","0","0","2","0","0","0","5","0","0","0","0","18","6","0","0","0","12","0","0","0","0","0","0","1","0","0","0","0","1","0","0","0","0","2"
"0x707367769730","      LDS.128 R32, [R11]","236","39","236","507904","16252928","16252928","32","32","0","0","Shared","Load","128","0","4","0","2031616","2031616","0","0","0","0","-","0","0","0","0","0","0","0","0","20","0","0","0","0","0","58","0","0","142","5","0","0","0","11","0","0","0","0","0","0","0","0","36","0","0","0","0","0","0","0","3"
"0x707367769740","      LDS.128 R20, [R37]","137","26","137","507904","16252928","16252928","32","32","0","0","Shared","Load","128","0","2","0","1015808","1015808","0","0","0","0","-","0","0","0","0","0","0","0","0","16","0","0","0","0","0","37","0","0","57","7","0","0","0","20","0","0","0","0","0","0","0","0","23","0","0","0","0","0","0","0","3"
"0x707367769750","      LDS.128 R24, [R11+0x80]","162","33","162","507904","16252928","16252928","32","32","0","0","Shared","Load","128","0","4","0","2031616","2031616","0","0","0","0","-","0","0","0","0","0","0","0","0","11","0","0","0","0","0","44","0","0","73","6","0","0","0","28","0","0","0","0","0","0","0","0","25","0","0","0","0","0","0","0","8"
"0x707367769760","      LDS.128 R16, [R37+0x110]","153","36","153","507904","16252928","16252928","32","32","0","0","Shared","Load","128","0","2","0","1015808","1015808","0","0","0","0","-","0","0","0","0","0","0","0","0","20","0","0","1","0","0","49","0","0","60","7","0","0","0","16","0","0","0","0","0","0","0","0","30","0","0","0","0","0","0","0","6"
"0x707367769770","      FFMA R70, R32, R20, R28","342","107","342","507904","16252928","16252928","32","32","0","0","-","-","-","0","0","0","0","0","0","0","0","0","-","0","0","0","0","0","0","0","0","7","0","0","0","0","0","0","0","0","38","6","291","0","0","0","0","0","0","0","0","0","0","0","0","0","0","0","0","107","0","0","0"
"0x707367769780","      FFMA R71, R32, R21, R29","7","0","7","507904","16252928","16252928","32","32","0","0","-","-","-","0","0","0","0","0","0","0","0","0","-","0","0","0","0","0","0","0","0","1","0","0","0","0","0","0","0","0","0","6","0","0","0","0","0","0","0","0","0","0","0","0","0","0","0","0","0","0","0","0","0"
"0x707367769790","      FFMA R72, R32, R22, R30","9","0","9","507904","16252928","16252928","32","32","0","0","-","-","-","0","0","0","0","0","0","0","0","0","-","0","0","0","0","0","0","0","0","1","0","0","0","0","0","0","0","0","0","8","0","0","0","0","0","0","0","0","0","0","0","0","0","0","0","0","0","0","0","0","0"
"0x7073677697a0","      FFMA R73, R32, R23, R31","7","0","7","507904","16252928","16252928","32","32","0","0","-","-","-","0","0","0","0","0","0","0","0","0","-","0","0","0","0","0","0","0","0","2","0","0","0","0","0","0","0","0","0","5","0","0","0","0","0","0","0","0","0","0","0","0","0","0","0","0","0","0","0","0","0"
"0x7073677697b0","      LDS.128 R28, [R11+0x110]","186","62","186","507904","16252928","16252928","32","32","0","0","Shared","Load","128","0","4","0","2031616","2031616","0","0","0","0","-","0","0","0","0","0","0","0","0","18","0","0","0","0","0","76","0","0","79","7","0","0","0","6","0","0","1","0","0","0","0","0","58","0","0","0","0","0","0","0","3"
"0x7073677697c0","      FFMA R51, R33, R20, R51","7","0","7","507904","16252928","16252928","32","32","0","0","-","-","-","0","0","0","0","0","0","0","0","0","-","0","0","0","0","0","0","0","0","2","0","0","0","0","0","0","0","0","0","5","0","0","0","0","0","0","0","0","0","0","0","0","0","0","0","0","0","0","0","0","0"
"0x7073677697d0","      FFMA R52, R33, R21, R52","7","0","7","507904","16252928","16252928","32","32","0","0","-","-","-","0","0","0","0","0","0","0","0","0","-","0","0","0","0","0","0","0","0","0","0","0","0","0","0","0","0","0","0","7","0","0","0","0","0","0","0","0","0","0","0","0","0","0","0","0","0","0","0","0","0"
"0x7073677697e0","      FFMA R53, R33, R22, R53","6","0","6","507904","16252928","16252928","32","32","0","0","-","-","-","0","0","0","0","0","0","0","0","0","-","0","0","0","0","0","0","0","0","0","0","0","0","0","0","0","0","0","0","6","0","0","0","0","0","0","0","0","0","0","0","0","0","0","0","0","0","0","0","0","0"
"0x7073677697f0","      FFMA R56, R33, R23, R56","7","0","7","507904","16252928","16252928","32","32","0","0","-","-","-","0","0","0","0","0","0","0","0","0","-","0","0","0","0","0","0","0","0","0","0","0","0","0","0","0","0","0","0","7","0","0","0","0","0","0","0","0","0","0","0","0","0","0","0","0","0","0","0","0","0"
"0x707367769800","      FFMA R57, R34, R20, R57","3","0","3","507904","16252928","16252928","32","32","0","0","-","-","-","0","0","0","0","0","0","0","0","0","-","0","0","0","0","0","0","0","0","0","0","0","0","0","0","0","0","0","0","3","0","0","0","0","0","0","0","0","0","0","0","0","0","0","0","0","0","0","0","0","0"
"0x707367769810","      FFMA R58, R34, R21, R58","9","0","9","507904","16252928","16252928","32","32","0","0","-","-","-","0","0","0","0","0","0","0","0","0","-","0","0","0","0","0","0","0","0","0","0","0","0","0","0","0","0","0","0","9","0","0","0","0","0","0","0","0","0","0","0","0","0","0","0","0","0","0","0","0","0"
"0x707367769820","      FFMA R59, R34, R22, R59","5","0","5","507904","16252928","16252928","32","32","0","0","-","-","-","0","0","0","0","0","0","0","0","0","-","0","0","0","0","0","0","0","0","1","0","0","0","0","0","0","0","0","0","4","0","0","0","0","0","0","0","0","0","0","0","0","0","0","0","0","0","0","0","0","0"
"0x707367769830","      FFMA R63, R34, R23, R63","6","0","6","507904","16252928","16252928","32","32","0","0","-","-","-","0","0","0","0","0","0","0","0","0","-","0","0","0","0","0","0","0","0","0","0","0","0","0","0","0","0","0","0","6","0","0","0","0","0","0","0","0","0","0","0","0","0","0","0","0","0","0","0","0","0"
"0x707367769840","      FFMA R45, R35, R20, R45","4","0","4","507904","16252928","16252928","32","32","0","0","-","-","-","0","0","0","0","0","0","0","0","0","-","0","0","0","0","0","0","0","0","0","0","0","0","0","0","0","0","0","0","4","0","0","0","0","0","0","0","0","0","0","0","0","0","0","0","0","0","0","0","0","0"
"0x707367769850","      FFMA R46, R35, R21, R46","5","0","5","507904","16252928","16252928","32","32","0","0","-","-","-","0","0","0","0","0","0","0","0","0","-","0","0","0","0","0","0","0","0","0","0","0","0","0","0","0","0","0","0","5","0","0","0","0","0","0","0","0","0","0","0","0","0","0","0","0","0","0","0","0","0"
"0x707367769860","      FFMA R44, R35, R22, R44","3","0","3","507904","16252928","16252928","32","32","0","0","-","-","-","0","0","0","0","0","0","0","0","0","-","0","0","0","0","0","0","0","0","0","0","0","0","0","0","0","0","0","0","3","0","0","0","0","0","0","0","0","0","0","0","0","0","0","0","0","0","0","0","0","0"
"0x707367769870","      FFMA R47, R35, R23, R47","4","0","4","507904","16252928","16252928","32","32","0","0","-","-","-","0","0","0","0","0","0","0","0","0","-","0","0","0","0","0","0","0","0","0","0","0","0","0","0","0","0","0","0","4","0","0","0","0","0","0","0","0","0","0","0","0","0","0","0","0","0","0","0","0","0"
"0x707367769880","      LDS.128 R32, [R11+0x190]","186","35","186","507904","16252928","16252928","32","32","0","0","Shared","Load","128","0","4","0","2031616","2031616","0","0","0","0","-","0","0","0","0","0","0","0","0","21","0","0","0","0","0","39","0","7","104","6","0","0","0","9","0","0","0","0","0","0","0","0","28","0","5","1","0","0","0","0","1"
"0x707367769890","      FFMA R48, R24, R20, R48","22","6","22","507904","16252928","16252928","32","32","0","0","-","-","-","0","0","0","0","0","0","0","0","0","-","0","0","0","0","0","0","0","0","2","0","0","0","0","0","0","0","0","4","8","8","0","0","0","0","0","0","0","0","0","0","0","0","0","0","0","0","6","0","0","0"
"0x7073677698a0","      FFMA R49, R24, R21, R49","12","0","12","507904","16252928","16252928","32","32","0","0","-","-","-","0","0","0","0","0","0","0","0","0","-","0","0","0","0","0","0","0","0","3","0","0","0","0","0","0","0","0","0","9","0","0","0","0","0","0","0","0","0","0","0","0","0","0","0","0","0","0","0","0","0"
"0x7073677698b0","      FFMA R50, R24, R22, R50","4","0","4","507904","16252928","16252928","32","32","0","0","-","-","-","0","0","0","0","0","0","0","0","0","-","0","0","0","0","0","0","0","0","1","0","0","0","0","0","0","0","0","0","3","0","0","0","0","0","0","0","0","0","0","0","0","0","0","0","0","0","0","0","0","0"
"0x7073677698c0","      FFMA R60, R24, R23, R60","10","0","10","507904","16252928","16252928","32","32","0","0","-","-","-","0","0","0","0","0","0","0","0","0","-","0","0","0","0","0","0","0","0","2","0","0","0","0","0","0","0","0","0","8","0","0","0","0","0","0","0","0","0","0","0","0","0","0","0","0","0","0","0","0","0"
"0x7073677698d0","      FFMA R61, R25, R20, R61","3","0","3","507904","16252928","16252928","32","32","0","0","-","-","-","0","0","0","0","0","0","0","0","0","-","0","0","0","0","0","0","0","0","0","0","0","0","0","0","0","0","0","0","3","0","0","0","0","0","0","0","0","0","0","0","0","0","0","0","0","0","0","0","0","0"
"0x7073677698e0","      FFMA R39, R25, R21, R39","10","0","10","507904","16252928","16252928","32","32","0","0","-","-","-","0","0","0","0","0","0","0","0","0","-","0","0","0","0","0","0","0","0","2","0","0","0","0","0","0","0","0","0","8","0","0","0","0","0","0","0","0","0","0","0","0","0","0","0","0","0","0","0","0","0"
"0x7073677698f0","      FFMA R38, R25, R22, R38","7","0","7","507904","16252928","16252928","32","32","0","0","-","-","-","0","0","0","0","0","0","0","0","0","-","0","0","0","0","0","0","0","0","0","0","0","0","0","0","0","0","0","0","7","0","0","0","0","0","0","0","0","0","0","0","0","0","0","0","0","0","0","0","0","0"
"0x707367769900","      FFMA R42, R25, R23, R42","9","0","9","507904","16252928","16252928","32","32","0","0","-","-","-","0","0","0","0","0","0","0","0","0","-","0","0","0","0","0","0","0","0","0","0","0","0","0","0","0","0","0","1","8","0","0","0","0","0","0","0","0","0","0","0","0","0","0","0","0","0","0","0","0","0"
"0x707367769910","      FFMA R41, R26, R20, R41","2","0","2","507904","16252928","16252928","32","32","0","0","-","-","-","0","0","0","0","0","0","0","0","0","-","0","0","0","0","0","0","0","0","0","0","0","0","0","0","0","0","0","0","2","0","0","0","0","0","0","0","0","0","0","0","0","0","0","0","0","0","0","0","0","0"
"0x707367769920","      FFMA R43, R26, R21, R43","4","0","4","507904","16252928","16252928","32","32","0","0","-","-","-","0","0","0","0","0","0","0","0","0","-","0","0","0","0","0","0","0","0","0","0","0","0","0","0","0","0","0","0","4","0","0","0","0","0","0","0","0","0","0","0","0","0","0","0","0","0","0","0","0","0"
"0x707367769930","      FFMA R40, R26, R22, R40","14","0","14","507904","16252928","16252928","32","32","0","0","-","-","-","0","0","0","0","0","0","0","0","0","-","0","0","0","0","0","0","0","0","8","0","0","0","0","0","0","0","0","0","6","0","0","0","0","0","0","0","0","0","0","0","0","0","0","0","0","0","0","0","0","0"
"0x707367769940","      FFMA R62, R26, R23, R62","3","0","3","507904","16252928","16252928","32","32","0","0","-","-","-","0","0","0","0","0","0","0","0","0","-","0","0","0","0","0","0","0","0","0","0","0","0","0","0","0","0","0","0","3","0","0","0","0","0","0","0","0","0","0","0","0","0","0","0","0","0","0","0","0","0"
"0x707367769950","      FFMA R66, R27, R20, R66","9","0","9","507904","16252928","16252928","32","32","0","0","-","-","-","0","0","0","0","0","0","0","0","0","-","0","0","0","0","0","0","0","0","0","0","0","0","0","0","0","0","0","0","9","0","0","0","0","0","0","0","0","0","0","0","0","0","0","0","0","0","0","0","0","0"
"0x707367769960","      FFMA R67, R27, R21, R67","7","0","7","507904","16252928","16252928","32","32","0","0","-","-","-","0","0","0","0","0","0","0","0","0","-","0","0","0","0","0","0","0","0","1","0","0","0","0","0","0","0","0","0","6","0","0","0","0","0","0","0","0","0","0","0","0","0","0","0","0","0","0","0","0","0"
"0x707367769970","      FFMA R68, R27, R22, R68","7","0","7","507904","16252928","16252928","32","32","0","0","-","-","-","0","0","0","0","0","0","0","0","0","-","0","0","0","0","0","0","0","0","0","0","0","0","0","0","0","0","0","0","7","0","0","0","0","0","0","0","0","0","0","0","0","0","0","0","0","0","0","0","0","0"
"0x707367769980","      FFMA R69, R27, R23, R69","6","0","6","507904","16252928","16252928","32","32","0","0","-","-","-","0","0","0","0","0","0","0","0","0","-","0","0","0","0","0","0","0","0","0","0","0","0","0","0","0","0","0","2","4","0","0","0","0","0","0","0","0","0","0","0","0","0","0","0","0","0","0","0","0","0"
"0x707367769990","      LDS.128 R20, [R11+0x220]","187","20","187","507904","16252928","16252928","32","32","0","0","Shared","Load","128","0","4","0","2031616","2031616","0","0","0","0","-","0","0","0","0","0","0","0","0","30","0","0","0","0","0","37","0","0","103","6","0","0","0","11","0","0","0","0","0","0","0","0","19","0","0","0","0","0","0","0","1"
"0x7073677699a0","      LDS.128 R24, [R37+0x220]","148","33","148","507904","16252928","16252928","32","32","0","0","Shared","Load","128","0","2","0","1015808","1015808","0","0","0","0","-","0","0","0","0","0","0","0","0","14","0","0","0","0","0","39","0","0","61","8","0","0","0","26","0","0","0","0","0","0","0","0","23","0","0","0","0","0","0","0","10"
"0x7073677699b0","      FFMA R70, R28, R16, R70","179","47","179","507904","16252928","16252928","32","32","0","0","-","-","-","0","0","0","0","0","0","0","0","0","-","0","0","0","0","0","0","0","0","9","0","0","0","0","0","0","0","0","22","6","142","0","0","0","0","0","0","0","0","0","0","0","0","0","0","0","0","47","0","0","0"
"0x7073677699c0","      FFMA R71, R28, R17, R71","6","0","6","507904","16252928","16252928","32","32","0","0","-","-","-","0","0","0","0","0","0","0","0","0","-","0","0","0","0","0","0","0","0","1","0","0","0","0","0","0","0","0","0","5","0","0","0","0","0","0","0","0","0","0","0","0","0","0","0","0","0","0","0","0","0"
"0x7073677699d0","      FFMA R72, R28, R18, R72","9","0","9","507904","16252928","16252928","32","32","0","0","-","-","-","0","0","0","0","0","0","0","0","0","-","0","0","0","0","0","0","0","0","0","0","0","0","0","0","0","0","0","0","9","0","0","0","0","0","0","0","0","0","0","0","0","0","0","0","0","0","0","0","0","0"
"0x7073677699e0","      FFMA R73, R28, R19, R73","5","0","5","507904","16252928","16252928","32","32","0","0","-","-","-","0","0","0","0","0","0","0","0","0","-","0","0","0","0","0","0","0","0","1","0","0","0","0","0","0","0","0","0","4","0","0","0","0","0","0","0","0","0","0","0","0","0","0","0","0","0","0","0","0","0"
"0x7073677699f0","      FFMA R51, R29, R16, R51","6","0","6","507904","16252928","16252928","32","32","0","0","-","-","-","0","0","0","0","0","0","0","0","0","-","0","0","0","0","0","0","0","0","0","0","0","0","0","0","0","0","0","0","6","0","0","0","0","0","0","0","0","0","0","0","0","0","0","0","0","0","0","0","0","0"
"0x707367769a00","      FFMA R52, R29, R17, R52","6","0","6","507904","16252928","16252928","32","32","0","0","-","-","-","0","0","0","0","0","0","0","0","0","-","0","0","0","0","0","0","0","0","1","0","0","0","0","0","0","0","0","1","4","0","0","0","0","0","0","0","0","0","0","0","0","0","0","0","0","0","0","0","0","0"
"0x707367769a10","      FFMA R53, R29, R18, R53","5","0","5","507904","16252928","16252928","32","32","0","0","-","-","-","0","0","0","0","0","0","0","0","0","-","0","0","0","0","0","0","0","0","0","0","0","0","0","0","0","0","0","0","5","0","0","0","0","0","0","0","0","0","0","0","0","0","0","0","0","0","0","0","0","0"
"0x707367769a20","      FFMA R56, R29, R19, R56","7","0","7","507904","16252928","16252928","32","32","0","0","-","-","-","0","0","0","0","0","0","0","0","0","-","0","0","0","0","0","0","0","0","1","0","0","0","0","0","0","0","0","0","6","0","0","0","0","0","0","0","0","0","0","0","0","0","0","0","0","0","0","0","0","0"
"0x707367769a30","      FFMA R57, R30, R16, R57","8","0","8","507904","16252928","16252928","32","32","0","0","-","-","-","0","0","0","0","0","0","0","0","0","-","0","0","0","0","0","0","0","0","3","0","0","0","0","0","0","0","0","0","5","0","0","0","0","0","0","0","0","0","0","0","0","0","0","0","0","0","0","0","0","0"
"0x707367769a40","      FFMA R58, R30, R17, R58","11","0","11","507904","16252928","16252928","32","32","0","0","-","-","-","0","0","0","0","0","0","0","0","0","-","0","0","0","0","0","0","0","0","6","0","0","0","0","0","0","0","0","0","5","0","0","0","0","0","0","0","0","0","0","0","0","0","0","0","0","0","0","0","0","0"
"0x707367769a50","      FFMA R59, R30, R18, R59","7","0","7","507904","16252928","16252928","32","32","0","0","-","-","-","0","0","0","0","0","0","0","0","0","-","0","0","0","0","0","0","0","0","0","0","0","0","0","0","0","0","0","0","7","0","0","0","0","0","0","0","0","0","0","0","0","0","0","0","0","0","0","0","0","0"
"0x707367769a60","      FFMA R63, R30, R19, R63","6","0","6","507904","16252928","16252928","32","32","0","0","-","-","-","0","0","0","0","0","0","0","0","0","-","0","0","0","0","0","0","0","0","1","0","0","0","0","0","0","0","0","0","5","0","0","0","0","0","0","0","0","0","0","0","0","0","0","0","0","0","0","0","0","0"
"0x707367769a70","      FFMA R45, R31, R16, R45","7","0","7","507904","16252928","16252928","32","32","0","0","-","-","-","0","0","0","0","0","0","0","0","0","-","0","0","0","0","0","0","0","0","1","0","0","0","0","0","0","0","0","0","6","0","0","0","0","0","0","0","0","0","0","0","0","0","0","0","0","0","0","0","0","0"
"0x707367769a80","      FFMA R46, R31, R17, R46","14","0","14","507904","16252928","16252928","32","32","0","0","-","-","-","0","0","0","0","0","0","0","0","0","-","0","0","0","0","0","0","0","0","2","0","0","0","0","0","0","0","0","1","11","0","0","0","0","0","0","0","0","0","0","0","0","0","0","0","0","0","0","0","0","0"
"0x707367769a90","      FFMA R44, R31, R18, R44","6","0","6","507904","16252928","16252928","32","32","0","0","-","-","-","0","0","0","0","0","0","0","0","0","-","0","0","0","0","0","0","0","0","0","0","0","0","0","0","0","0","0","0","6","0","0","0","0","0","0","0","0","0","0","0","0","0","0","0","0","0","0","0","0","0"
"0x707367769aa0","      FFMA R47, R31, R19, R47","6","0","6","507904","16252928","16252928","32","32","0","0","-","-","-","0","0","0","0","0","0","0","0","0","-","0","0","0","0","0","0","0","0","0","0","0","0","0","0","0","0","0","0","6","0","0","0","0","0","0","0","0","0","0","0","0","0","0","0","0","0","0","0","0","0"
"0x707367769ab0","      LDS.128 R28, [R11+0x2a0]","179","23","179","507904","16252928","16252928","32","32","0","0","Shared","Load","128","0","4","0","2031616","2031616","0","0","0","0","-","0","0","0","0","0","0","0","0","29","0","0","0","0","0","46","0","0","84","8","0","0","0","12","0","0","1","0","0","0","0","0","22","0","0","0","0","0","0","0","0"
"0x707367769ac0","      FFMA R48, R32, R16, R48","21","4","21","507904","16252928","16252928","32","32","0","0","-","-","-","0","0","0","0","0","0","0","0","0","-","0","0","0","0","0","0","0","0","4","0","0","0","0","0","0","0","0","4","6","7","0","0","0","0","0","0","0","0","0","0","0","0","0","0","0","0","4","0","0","0"
"0x707367769ad0","      FFMA R49, R32, R17, R49","6","0","6","507904","16252928","16252928","32","32","0","0","-","-","-","0","0","0","0","0","0","0","0","0","-","0","0","0","0","0","0","0","0","1","0","0","0","0","0","0","0","0","0","5","0","0","0","0","0","0","0","0","0","0","0","0","0","0","0","0","0","0","0","0","0"
"0x707367769ae0","      FFMA R50, R32, R18, R50","10","0","10","507904","16252928","16252928","32","32","0","0","-","-","-","0","0","0","0","0","0","0","0","0","-","0","0","0","0","0","0","0","0","0","0","0","0","0","0","0","0","0","0","10","0","0","0","0","0","0","0","0","0","0","0","0","0","0","0","0","0","0","0","0","0"
"0x707367769af0","      FFMA R60, R32, R19, R60","9","0","9","507904","16252928","16252928","32","32","0","0","-","-","-","0","0","0","0","0","0","0","0","0","-","0","0","0","0","0","0","0","0","1","0","0","0","0","0","0","0","0","0","8","0","0","0","0","0","0","0","0","0","0","0","0","0","0","0","0","0","0","0","0","0"
"0x707367769b00","      FFMA R61, R33, R16, R61","9","0","9","507904","16252928","16252928","32","32","0","0","-","-","-","0","0","0","0","0","0","0","0","0","-","0","0","0","0","0","0","0","0","0","0","0","0","0","0","0","0","1","0","8","0","0","0","0","0","0","0","0","0","0","0","0","0","0","0","0","0","0","0","0","0"
"0x707367769b10","      FFMA R39, R33, R17, R39","5","0","5","507904","16252928","16252928","32","32","0","0","-","-","-","0","0","0","0","0","0","0","0","0","-","0","0","0","0","0","0","0","0","1","0","0","0","0","0","0","0","0","0","4","0","0","0","0","0","0","0","0","0","0","0","0","0","0","0","0","0","0","0","0","0"
"0x707367769b20","      FFMA R38, R33, R18, R38","4","0","4","507904","16252928","16252928","32","32","0","0","-","-","-","0","0","0","0","0","0","0","0","0","-","0","0","0","0","0","0","0","0","0","0","0","0","0","0","0","0","0","0","4","0","0","0","0","0","0","0","0","0","0","0","0","0","0","0","0","0","0","0","0","0"
"0x707367769b30","      FFMA R42, R33, R19, R42","4","0","4","507904","16252928","16252928","32","32","0","0","-","-","-","0","0","0","0","0","0","0","0","0","-","0","0","0","0","0","0","0","0","0","0","0","0","0","0","0","0","0","0","4","0","0","0","0","0","0","0","0","0","0","0","0","0","0","0","0","0","0","0","0","0"
"0x707367769b40","      FFMA R41, R34, R16, R41","5","0","5","507904","16252928","16252928","32","32","0","0","-","-","-","0","0","0","0","0","0","0","0","0","-","0","0","0","0","0","0","0","0","0","0","0","0","0","0","0","0","0","0","5","0","0","0","0","0","0","0","0","0","0","0","0","0","0","0","0","0","0","0","0","0"
"0x707367769b50","      FFMA R43, R34, R17, R43","4","0","4","507904","16252928","16252928","32","32","0","0","-","-","-","0","0","0","0","0","0","0","0","0","-","0","0","0","0","0","0","0","0","1","0","0","0","0","0","0","0","0","0","3","0","0","0","0","0","0","0","0","0","0","0","0","0","0","0","0","0","0","0","0","0"
"0x707367769b60","      FFMA R40, R34, R18, R40","10","0","10","507904","16252928","16252928","32","32","0","0","-","-","-","0","0","0","0","0","0","0","0","0","-","0","0","0","0","0","0","0","0","5","0","0","0","0","0","0","0","0","0","5","0","0","0","0","0","0","0","0","0","0","0","0","0","0","0","0","0","0","0","0","0"
"0x707367769b70","      FFMA R62, R34, R19, R62","10","0","10","507904","16252928","16252928","32","32","0","0","-","-","-","0","0","0","0","0","0","0","0","0","-","0","0","0","0","0","0","0","0","0","0","0","0","0","0","0","0","0","0","10","0","0","0","0","0","0","0","0","0","0","0","0","0","0","0","0","0","0","0","0","0"
"0x707367769b80","      FFMA R66, R35, R16, R66","5","0","5","507904","16252928","16252928","32","32","0","0","-","-","-","0","0","0","0","0","0","0","0","0","-","0","0","0","0","0","0","0","0","0","0","0","0","0","0","0","0","0","0","5","0","0","0","0","0","0","0","0","0","0","0","0","0","0","0","0","0","0","0","0","0"
"0x707367769b90","      FFMA R67, R35, R17, R67","4","0","4","507904","16252928","16252928","32","32","0","0","-","-","-","0","0","0","0","0","0","0","0","0","-","0","0","0","0","0","0","0","0","2","0","0","0","0","0","0","0","0","0","2","0","0","0","0","0","0","0","0","0","0","0","0","0","0","0","0","0","0","0","0","0"
"0x707367769ba0","      FFMA R68, R35, R18, R68","8","0","8","507904","16252928","16252928","32","32","0","0","-","-","-","0","0","0","0","0","0","0","0","0","-","0","0","0","0","0","0","0","0","0","0","0","0","0","0","0","0","0","0","8","0","0","0","0","0","0","0","0","0","0","0","0","0","0","0","0","0","0","0","0","0"
"0x707367769bb0","      FFMA R69, R35, R19, R69","4","0","4","507904","16252928","16252928","32","32","0","0","-","-","-","0","0","0","0","0","0","0","0","0","-","0","0","0","0","0","0","0","0","0","0","0","0","0","0","0","0","0","0","4","0","0","0","0","0","0","0","0","0","0","0","0","0","0","0","0","0","0","0","0","0"
"0x707367769bc0","      LDS.128 R32, [R11+0x330]","177","26","177","507904","16252928","16252928","32","32","0","0","Shared","Load","128","0","4","0","2031616","2031616","0","0","0","0","-","0","0","0","0","0","0","0","0","18","0","0","0","0","0","37","0","0","106","11","0","0","0","5","0","0","0","0","0","0","0","0","25","0","0","1","0","0","0","0","0"
"0x707367769bd0","      LDS.128 R16, [R37+0x330]","113","29","113","507904","16252928","16252928","32","32","0","0","Shared","Load","128","0","2","0","1015808","1015808","0","0","0","0","-","0","0","0","0","0","0","0","0","8","0","0","0","0","0","37","0","0","46","5","0","0","0","17","0","0","0","0","0","0","0","0","26","0","0","0","0","0","0","0","3"
"0x707367769be0","      FFMA R70, R20, R24, R70","52","9","52","507904","16252928","16252928","32","32","0","0","-","-","-","0","0","0","0","0","0","0","0","0","-","0","0","0","0","0","0","0","0","7","0","0","0","0","0","0","0","0","12","6","27","0","0","0","0","0","0","0","0","0","0","0","0","0","0","0","0","9","0","0","0"
"0x707367769bf0","      FFMA R71, R20, R25, R71","6","0","6","507904","16252928","16252928","32","32","0","0","-","-","-","0","0","0","0","0","0","0","0","0","-","0","0","0","0","0","0","0","0","1","0","0","0","0","0","0","0","0","0","5","0","0","0","0","0","0","0","0","0","0","0","0","0","0","0","0","0","0","0","0","0"
"0x707367769c00","      FFMA R72, R20, R26, R72","6","0","6","507904","16252928","16252928","32","32","0","0","-","-","-","0","0","0","0","0","0","0","0","0","-","0","0","0","0","0","0","0","0","0","0","0","0","0","0","0","0","0","0","6","0","0","0","0","0","0","0","0","0","0","0","0","0","0","0","0","0","0","0","0","0"
"0x707367769c10","      FFMA R73, R20, R27, R73","8","0","8","507904","16252928","16252928","32","32","0","0","-","-","-","0","0","0","0","0","0","0","0","0","-","0","0","0","0","0","0","0","0","1","0","0","0","0","0","0","0","0","0","7","0","0","0","0","0","0","0","0","0","0","0","0","0","0","0","0","0","0","0","0","0"
"0x707367769c20","      FFMA R51, R21, R24, R51","2","0","2","507904","16252928","16252928","32","32","0","0","-","-","-","0","0","0","0","0","0","0","0","0","-","0","0","0","0","0","0","0","0","0","0","0","0","0","0","0","0","0","0","2","0","0","0","0","0","0","0","0","0","0","0","0","0","0","0","0","0","0","0","0","0"
"0x707367769c30","      FFMA R52, R21, R25, R52","6","0","6","507904","16252928","16252928","32","32","0","0","-","-","-","0","0","0","0","0","0","0","0","0","-","0","0","0","0","0","0","0","0","0","0","0","0","0","0","0","0","0","0","6","0","0","0","0","0","0","0","0","0","0","0","0","0","0","0","0","0","0","0","0","0"
"0x707367769c40","      FFMA R53, R21, R26, R53","7","0","7","507904","16252928","16252928","32","32","0","0","-","-","-","0","0","0","0","0","0","0","0","0","-","0","0","0","0","0","0","0","0","0","0","0","0","0","0","0","0","0","0","7","0","0","0","0","0","0","0","0","0","0","0","0","0","0","0","0","0","0","0","0","0"
"0x707367769c50","      FFMA R56, R21, R27, R56","8","0","8","507904","16252928","16252928","32","32","0","0","-","-","-","0","0","0","0","0","0","0","0","0","-","0","0","0","0","0","0","0","0","0","0","0","0","0","0","0","0","0","0","8","0","0","0","0","0","0","0","0","0","0","0","0","0","0","0","0","0","0","0","0","0"
"0x707367769c60","      FFMA R57, R22, R24, R57","8","0","8","507904","16252928","16252928","32","32","0","0","-","-","-","0","0","0","0","0","0","0","0","0","-","0","0","0","0","0","0","0","0","3","0","0","0","0","0","0","0","0","0","5","0","0","0","0","0","0","0","0","0","0","0","0","0","0","0","0","0","0","0","0","0"
"0x707367769c70","      FFMA R58, R22, R25, R58","4","0","4","507904","16252928","16252928","32","32","0","0","-","-","-","0","0","0","0","0","0","0","0","0","-","0","0","0","0","0","0","0","0","3","0","0","0","0","0","0","0","0","0","1","0","0","0","0","0","0","0","0","0","0","0","0","0","0","0","0","0","0","0","0","0"
"0x707367769c80","      FFMA R59, R22, R26, R59","6","0","6","507904","16252928","16252928","32","32","0","0","-","-","-","0","0","0","0","0","0","0","0","0","-","0","0","0","0","0","0","0","0","0","0","0","0","0","0","0","0","2","0","4","0","0","0","0","0","0","0","0","0","0","0","0","0","0","0","0","0","0","0","0","0"
"0x707367769c90","      FFMA R63, R22, R27, R63","6","0","6","507904","16252928","16252928","32","32","0","0","-","-","-","0","0","0","0","0","0","0","0","0","-","0","0","0","0","0","0","0","0","0","0","0","0","0","0","0","0","0","0","6","0","0","0","0","0","0","0","0","0","0","0","0","0","0","0","0","0","0","0","0","0"
"0x707367769ca0","      FFMA R45, R23, R24, R45","10","0","10","507904","16252928","16252928","32","32","0","0","-","-","-","0","0","0","0","0","0","0","0","0","-","0","0","0","0","0","0","0","0","0","0","0","0","0","0","0","0","0","0","10","0","0","0","0","0","0","0","0","0","0","0","0","0","0","0","0","0","0","0","0","0"
"0x707367769cb0","      FFMA R46, R23, R25, R46","8","0","8","507904","16252928","16252928","32","32","0","0","-","-","-","0","0","0","0","0","0","0","0","0","-","0","0","0","0","0","0","0","0","1","0","0","0","0","0","0","0","0","0","7","0","0","0","0","0","0","0","0","0","0","0","0","0","0","0","0","0","0","0","0","0"
"0x707367769cc0","      FFMA R44, R23, R26, R44","7","0","7","507904","16252928","16252928","32","32","0","0","-","-","-","0","0","0","0","0","0","0","0","0","-","0","0","0","0","0","0","0","0","0","0","0","0","0","0","0","0","0","0","7","0","0","0","0","0","0","0","0","0","0","0","0","0","0","0","0","0","0","0","0","0"
"0x707367769cd0","      FFMA R47, R23, R27, R47","1","0","1","507904","16252928","16252928","32","32","0","0","-","-","-","0","0","0","0","0","0","0","0","0","-","0","0","0","0","0","0","0","0","0","0","0","0","0","0","0","0","0","0","1","0","0","0","0","0","0","0","0","0","0","0","0","0","0","0","0","0","0","0","0","0"
"0x707367769ce0","      LDS.128 R20, [R11+0x3b0]","202","31","202","507904","16252928","16252928","32","32","0","0","Shared","Load","128","0","4","0","2031616","2031616","0","0","0","0","-","0","0","0","0","0","0","0","0","33","0","0","0","0","0","49","0","0","109","5","0","0","0","6","0","0","0","0","0","0","0","0","30","0","0","1","0","0","0","0","0"
"0x707367769cf0","      FFMA R48, R28, R24, R48","91","18","91","507904","16252928","16252928","32","32","0","0","-","-","-","0","0","0","0","0","0","0","0","0","-","0","0","0","0","0","0","0","0","6","0","0","0","0","0","0","0","0","13","1","71","0","0","0","0","0","0","0","0","0","0","0","0","0","0","0","0","18","0","0","0"
"0x707367769d00","      FFMA R49, R28, R25, R49","5","1","5","507904","16252928","16252928","32","32","0","0","-","-","-","0","0","0","0","0","0","0","0","0","-","0","0","0","0","0","0","0","0","1","0","0","0","0","0","0","0","1","0","3","0","0","0","0","0","0","0","0","0","0","0","0","0","0","1","0","0","0","0","0","0"
"0x707367769d10","      FFMA R50, R28, R26, R50","7","0","7","507904","16252928","16252928","32","32","0","0","-","-","-","0","0","0","0","0","0","0","0","0","-","0","0","0","0","0","0","0","0","1","0","0","0","0","0","0","0","0","0","6","0","0","0","0","0","0","0","0","0","0","0","0","0","0","0","0","0","0","0","0","0"
"0x707367769d20","      FFMA R60, R28, R27, R60","6","0","6","507904","16252928","16252928","32","32","0","0","-","-","-","0","0","0","0","0","0","0","0","0","-","0","0","0","0","0","0","0","0","0","0","0","0","0","0","0","0","0","0","6","0","0","0","0","0","0","0","0","0","0","0","0","0","0","0","0","0","0","0","0","0"
"0x707367769d30","      FFMA R61, R29, R24, R61","9","0","9","507904","16252928","16252928","32","32","0","0","-","-","-","0","0","0","0","0","0","0","0","0","-","0","0","0","0","0","0","0","0","1","0","0","0","0","0","0","0","0","0","8","0","0","0","0","0","0","0","0","0","0","0","0","0","0","0","0","0","0","0","0","0"
"0x707367769d40","      FFMA R39, R29, R25, R39","3","0","3","507904","16252928","16252928","32","32","0","0","-","-","-","0","0","0","0","0","0","0","0","0","-","0","0","0","0","0","0","0","0","1","0","0","0","0","0","0","0","0","0","2","0","0","0","0","0","0","0","0","0","0","0","0","0","0","0","0","0","0","0","0","0"
"0x707367769d50","      FFMA R38, R29, R26, R38","4","0","4","507904","16252928","16252928","32","32","0","0","-","-","-","0","0","0","0","0","0","0","0","0","-","0","0","0","0","0","0","0","0","0","0","0","0","0","0","0","0","0","0","4","0","0","0","0","0","0","0","0","0","0","0","0","0","0","0","0","0","0","0","0","0"
"0x707367769d60","      FFMA R42, R29, R27, R42","2","0","2","507904","16252928","16252928","32","32","0","0","-","-","-","0","0","0","0","0","0","0","0","0","-","0","0","0","0","0","0","0","0","0","0","0","0","0","0","0","0","0","0","2","0","0","0","0","0","0","0","0","0","0","0","0","0","0","0","0","0","0","0","0","0"
"0x707367769d70","      FFMA R41, R30, R24, R41","6","0","6","507904","16252928","16252928","32","32","0","0","-","-","-","0","0","0","0","0","0","0","0","0","-","0","0","0","0","0","0","0","0","0","0","0","0","0","0","0","0","0","0","6","0","0","0","0","0","0","0","0","0","0","0","0","0","0","0","0","0","0","0","0","0"
"0x707367769d80","      FFMA R43, R30, R25, R43","4","0","4","507904","16252928","16252928","32","32","0","0","-","-","-","0","0","0","0","0","0","0","0","0","-","0","0","0","0","0","0","0","0","1","0","0","0","0","0","0","0","0","0","3","0","0","0","0","0","0","0","0","0","0","0","0","0","0","0","0","0","0","0","0","0"
"0x707367769d90","      FFMA R40, R30, R26, R40","12","0","12","507904","16252928","16252928","32","32","0","0","-","-","-","0","0","0","0","0","0","0","0","0","-","0","0","0","0","0","0","0","0","7","0","0","0","0","0","0","0","0","0","5","0","0","0","0","0","0","0","0","0","0","0","0","0","0","0","0","0","0","0","0","0"
"0x707367769da0","      FFMA R62, R30, R27, R62","4","0","4","507904","16252928","16252928","32","32","0","0","-","-","-","0","0","0","0","0","0","0","0","0","-","0","0","0","0","0","0","0","0","0","0","0","0","0","0","0","0","0","0","4","0","0","0","0","0","0","0","0","0","0","0","0","0","0","0","0","0","0","0","0","0"
"0x707367769db0","      FFMA R66, R31, R24, R66","9","0","9","507904","16252928","16252928","32","32","0","0","-","-","-","0","0","0","0","0","0","0","0","0","-","0","0","0","0","0","0","0","0","0","0","0","0","0","0","0","0","0","0","9","0","0","0","0","0","0","0","0","0","0","0","0","0","0","0","0","0","0","0","0","0"
"0x707367769dc0","      FFMA R67, R31, R25, R67","13","0","13","507904","16252928","16252928","32","32","0","0","-","-","-","0","0","0","0","0","0","0","0","0","-","0","0","0","0","0","0","0","0","0","0","0","0","0","0","0","0","0","0","13","0","0","0","0","0","0","0","0","0","0","0","0","0","0","0","0","0","0","0","0","0"
"0x707367769dd0","      FFMA R68, R31, R26, R68","7","0","7","507904","16252928","16252928","32","32","0","0","-","-","-","0","0","0","0","0","0","0","0","0","-","0","0","0","0","0","0","0","0","2","0","0","0","0","0","0","0","0","0","5","0","0","0","0","0","0","0","0","0","0","0","0","0","0","0","0","0","0","0","0","0"
"0x707367769de0","      FFMA R69, R31, R27, R69","7","0","7","507904","16252928","16252928","32","32","0","0","-","-","-","0","0","0","0","0","0","0","0","0","-","0","0","0","0","0","0","0","0","0","0","0","0","0","0","0","0","0","0","7","0","0","0","0","0","0","0","0","0","0","0","0","0","0","0","0","0","0","0","0","0"
"0x707367769df0","      LDS.128 R24, [R11+0x440]","138","19","138","507904","16252928","16252928","32","32","0","0","Shared","Load","128","0","4","0","2031616","2031616","0","0","0","0","-","0","0","0","0","0","0","0","0","23","0","0","0","0","0","25","0","0","78","6","0","0","0","6","0","0","1","0","0","0","0","0","16","0","0","1","0","0","0","0","1"
"0x707367769e00","      LDS.128 R28, [R37+0x440]","120","26","120","507904","16252928","16252928","32","32","0","0","Shared","Load","128","0","2","0","1015808","1015808","0","0","0","0","-","0","0","0","0","0","0","0","0","14","0","0","0","0","0","36","0","0","42","4","0","0","0","24","0","0","0","0","0","0","0","0","18","0","0","2","0","0","0","0","6"
"0x707367769e10","      FFMA R70, R32, R16, R70","69","16","69","507904","16252928","16252928","32","32","0","0","-","-","-","0","0","0","0","0","0","0","0","0","-","0","0","0","0","0","0","0","0","4","0","0","0","0","0","0","0","0","15","8","42","0","0","0","0","0","0","0","0","0","0","0","0","0","0","0","0","16","0","0","0"
"0x707367769e20","      FFMA R71, R32, R17, R71","7","0","7","507904","16252928","16252928","32","32","0","0","-","-","-","0","0","0","0","0","0","0","0","0","-","0","0","0","0","0","0","0","0","1","0","0","0","0","0","0","0","0","0","6","0","0","0","0","0","0","0","0","0","0","0","0","0","0","0","0","0","0","0","0","0"
"0x707367769e30","      FFMA R72, R32, R18, R72","8","0","8","507904","16252928","16252928","32","32","0","0","-","-","-","0","0","0","0","0","0","0","0","0","-","0","0","0","0","0","0","0","0","0","0","0","0","0","0","0","0","0","0","8","0","0","0","0","0","0","0","0","0","0","0","0","0","0","0","0","0","0","0","0","0"
"0x707367769e40","      FFMA R73, R32, R19, R73","8","0","8","507904","16252928","16252928","32","32","0","0","-","-","-","0","0","0","0","0","0","0","0","0","-","0","0","0","0","0","0","0","0","1","0","0","0","0","0","0","0","0","0","7","0","0","0","0","0","0","0","0","0","0","0","0","0","0","0","0","0","0","0","0","0"
"0x707367769e50","      FFMA R51, R33, R16, R51","5","0","5","507904","16252928","16252928","32","32","0","0","-","-","-","0","0","0","0","0","0","0","0","0","-","0","0","0","0","0","0","0","0","0","0","0","0","0","0","0","0","0","0","5","0","0","0","0","0","0","0","0","0","0","0","0","0","0","0","0","0","0","0","0","0"
"0x707367769e60","      FFMA R52, R33, R17, R52","13","0","13","507904","16252928","16252928","32","32","0","0","-","-","-","0","0","0","0","0","0","0","0","0","-","0","0","0","0","0","0","0","0","0","0","0","0","0","0","0","0","0","0","13","0","0","0","0","0","0","0","0","0","0","0","0","0","0","0","0","0","0","0","0","0"
"0x707367769e70","      FFMA R53, R33, R18, R53","10","0","10","507904","16252928","16252928","32","32","0","0","-","-","-","0","0","0","0","0","0","0","0","0","-","0","0","0","0","0","0","0","0","0","0","0","0","0","0","0","0","0","0","10","0","0","0","0","0","0","0","0","0","0","0","0","0","0","0","0","0","0","0","0","0"
"0x707367769e80","      FFMA R56, R33, R19, R56","2","0","2","507904","16252928","16252928","32","32","0","0","-","-","-","0","0","0","0","0","0","0","0","0","-","0","0","0","0","0","0","0","0","0","0","0","0","0","0","0","0","0","0","2","0","0","0","0","0","0","0","0","0","0","0","0","0","0","0","0","0","0","0","0","0"
"0x707367769e90","      FFMA R57, R34, R16, R57","5","0","5","507904","16252928","16252928","32","32","0","0","-","-","-","0","0","0","0","0","0","0","0","0","-","0","0","0","0","0","0","0","0","0","0","0","0","0","0","0","0","0","0","5","0","0","0","0","0","0","0","0","0","0","0","0","0","0","0","0","0","0","0","0","0"
"0x707367769ea0","      FFMA R58, R34, R17, R58","14","0","14","507904","16252928","16252928","32","32","0","0","-","-","-","0","0","0","0","0","0","0","0","0","-","0","0","0","0","0","0","0","0","6","0","0","0","0","0","0","0","0","0","8","0","0","0","0","0","0","0","0","0","0","0","0","0","0","0","0","0","0","0","0","0"
"0x707367769eb0","      FFMA R59, R34, R18, R59","6","0","6","507904","16252928","16252928","32","32","0","0","-","-","-","0","0","0","0","0","0","0","0","0","-","0","0","0","0","0","0","0","0","0","0","0","0","0","0","0","0","0","0","6","0","0","0","0","0","0","0","0","0","0","0","0","0","0","0","0","0","0","0","0","0"
"0x707367769ec0","      FFMA R63, R34, R19, R63","6","0","6","507904","16252928","16252928","32","32","0","0","-","-","-","0","0","0","0","0","0","0","0","0","-","0","0","0","0","0","0","0","0","0","0","0","0","0","0","0","0","0","0","6","0","0","0","0","0","0","0","0","0","0","0","0","0","0","0","0","0","0","0","0","0"
"0x707367769ed0","      FFMA R45, R35, R16, R45","5","0","5","507904","16252928","16252928","32","32","0","0","-","-","-","0","0","0","0","0","0","0","0","0","-","0","0","0","0","0","0","0","0","0","0","0","0","0","0","0","0","0","0","5","0","0","0","0","0","0","0","0","0","0","0","0","0","0","0","0","0","0","0","0","0"
"0x707367769ee0","      FFMA R46, R35, R17, R46","10","0","10","507904","16252928","16252928","32","32","0","0","-","-","-","0","0","0","0","0","0","0","0","0","-","0","0","0","0","0","0","0","0","2","0","0","0","0","0","0","0","0","0","8","0","0","0","0","0","0","0","0","0","0","0","0","0","0","0","0","0","0","0","0","0"
"0x707367769ef0","      FFMA R44, R35, R18, R44","3","0","3","507904","16252928","16252928","32","32","0","0","-","-","-","0","0","0","0","0","0","0","0","0","-","0","0","0","0","0","0","0","0","1","0","0","0","0","0","0","0","0","0","2","0","0","0","0","0","0","0","0","0","0","0","0","0","0","0","0","0","0","0","0","0"
"0x707367769f00","      FFMA R47, R35, R19, R47","7","0","7","507904","16252928","16252928","32","32","0","0","-","-","-","0","0","0","0","0","0","0","0","0","-","0","0","0","0","0","0","0","0","0","0","0","0","0","0","0","0","2","1","4","0","0","0","0","0","0","0","0","0","0","0","0","0","0","0","0","0","0","0","0","0"
"0x707367769f10","      LDS.128 R32, [R11+0x4c0]","204","28","204","507904","16252928","16252928","32","32","0","0","Shared","Load","128","0","4","0","2031616","2031616","0","0","0","0","-","0","0","0","0","0","0","0","0","24","0","0","0","0","0","46","0","0","112","5","0","0","0","17","0","0","0","0","0","0","0","0","26","0","0","0","0","0","0","0","2"
"0x707367769f20","      FFMA R48, R20, R16, R48","55","16","55","507904","16252928","16252928","32","32","0","0","-","-","-","0","0","0","0","0","0","0","0","0","-","0","0","0","0","0","0","0","0","4","0","0","0","0","0","0","0","0","15","6","30","0","0","0","0","0","0","0","0","0","0","0","0","0","0","0","0","16","0","0","0"
"0x707367769f30","      FFMA R49, R20, R17, R49","4","0","4","507904","16252928","16252928","32","32","0","0","-","-","-","0","0","0","0","0","0","0","0","0","-","0","0","0","0","0","0","0","0","0","0","0","0","0","0","0","0","0","0","4","0","0","0","0","0","0","0","0","0","0","0","0","0","0","0","0","0","0","0","0","0"
"0x707367769f40","      FFMA R50, R20, R18, R50","8","0","8","507904","16252928","16252928","32","32","0","0","-","-","-","0","0","0","0","0","0","0","0","0","-","0","0","0","0","0","0","0","0","1","0","0","0","0","0","0","0","0","0","7","0","0","0","0","0","0","0","0","0","0","0","0","0","0","0","0","0","0","0","0","0"
"0x707367769f50","      FFMA R60, R20, R19, R60","10","0","10","507904","16252928","16252928","32","32","0","0","-","-","-","0","0","0","0","0","0","0","0","0","-","0","0","0","0","0","0","0","0","1","0","0","0","0","0","0","0","0","0","9","0","0","0","0","0","0","0","0","0","0","0","0","0","0","0","0","0","0","0","0","0"
"0x707367769f60","      FFMA R61, R21, R16, R61","7","0","7","507904","16252928","16252928","32","32","0","0","-","-","-","0","0","0","0","0","0","0","0","0","-","0","0","0","0","0","0","0","0","0","0","0","0","0","0","0","0","0","0","7","0","0","0","0","0","0","0","0","0","0","0","0","0","0","0","0","0","0","0","0","0"
"0x707367769f70","      FFMA R39, R21, R17, R39","8","0","8","507904","16252928","16252928","32","32","0","0","-","-","-","0","0","0","0","0","0","0","0","0","-","0","0","0","0","0","0","0","0","1","0","0","0","0","0","0","0","0","0","7","0","0","0","0","0","0","0","0","0","0","0","0","0","0","0","0","0","0","0","0","0"
"0x707367769f80","      FFMA R38, R21, R18, R38","13","0","13","507904","16252928","16252928","32","32","0","0","-","-","-","0","0","0","0","0","0","0","0","0","-","0","0","0","0","0","0","0","0","0","0","0","0","0","0","0","0","1","1","11","0","0","0","0","0","0","0","0","0","0","0","0","0","0","0","0","0","0","0","0","0"
"0x707367769f90","      FFMA R42, R21, R19, R42","8","0","8","507904","16252928","16252928","32","32","0","0","-","-","-","0","0","0","0","0","0","0","0","0","-","0","0","0","0","0","0","0","0","2","0","0","0","0","0","0","0","0","0","6","0","0","0","0","0","0","0","0","0","0","0","0","0","0","0","0","0","0","0","0","0"
"0x707367769fa0","      FFMA R41, R22, R16, R41","2","0","2","507904","16252928","16252928","32","32","0","0","-","-","-","0","0","0","0","0","0","0","0","0","-","0","0","0","0","0","0","0","0","0","0","0","0","0","0","0","0","0","0","2","0","0","0","0","0","0","0","0","0","0","0","0","0","0","0","0","0","0","0","0","0"
"0x707367769fb0","      FFMA R43, R22, R17, R43","7","0","7","507904","16252928","16252928","32","32","0","0","-","-","-","0","0","0","0","0","0","0","0","0","-","0","0","0","0","0","0","0","0","2","0","0","0","0","0","0","0","0","0","5","0","0","0","0","0","0","0","0","0","0","0","0","0","0","0","0","0","0","0","0","0"
"0x707367769fc0","      FFMA R40, R22, R18, R40","11","0","11","507904","16252928","16252928","32","32","0","0","-","-","-","0","0","0","0","0","0","0","0","0","-","0","0","0","0","0","0","0","0","5","0","0","0","0","0","0","0","0","0","6","0","0","0","0","0","0","0","0","0","0","0","0","0","0","0","0","0","0","0","0","0"
"0x707367769fd0","      FFMA R62, R22, R19, R62","9","0","9","507904","16252928","16252928","32","32","0","0","-","-","-","0","0","0","0","0","0","0","0","0","-","0","0","0","0","0","0","0","0","0","0","0","0","0","0","0","0","0","0","9","0","0","0","0","0","0","0","0","0","0","0","0","0","0","0","0","0","0","0","0","0"
"0x707367769fe0","      FFMA R66, R23, R16, R66","5","0","5","507904","16252928","16252928","32","32","0","0","-","-","-","0","0","0","0","0","0","0","0","0","-","0","0","0","0","0","0","0","0","0","0","0","0","0","0","0","0","0","0","5","0","0","0","0","0","0","0","0","0","0","0","0","0","0","0","0","0","0","0","0","0"
"0x707367769ff0","      FFMA R67, R23, R17, R67","9","0","9","507904","16252928","16252928","32","32","0","0","-","-","-","0","0","0","0","0","0","0","0","0","-","0","0","0","0","0","0","0","0","1","0","0","0","0","0","0","0","0","0","8","0","0","0","0","0","0","0","0","0","0","0","0","0","0","0","0","0","0","0","0","0"
"0x70736776a000","      FFMA R68, R23, R18, R68","6","0","6","507904","16252928","16252928","32","32","0","0","-","-","-","0","0","0","0","0","0","0","0","0","-","0","0","0","0","0","0","0","0","0","0","0","0","0","0","0","0","2","0","4","0","0","0","0","0","0","0","0","0","0","0","0","0","0","0","0","0","0","0","0","0"
"0x70736776a010","      FFMA R69, R23, R19, R69","2","0","2","507904","16252928","16252928","32","32","0","0","-","-","-","0","0","0","0","0","0","0","0","0","-","0","0","0","0","0","0","0","0","0","0","0","0","0","0","0","0","0","0","2","0","0","0","0","0","0","0","0","0","0","0","0","0","0","0","0","0","0","0","0","0"
"0x70736776a020","      LDS.128 R16, [R11+0x550]","157","13","157","507904","16252928","16252928","32","32","0","0","Shared","Load","128","0","4","0","2031616","2031616","0","0","0","0","-","0","0","0","0","0","0","0","0","27","0","0","0","0","0","23","0","0","97","5","0","0","0","5","0","0","0","0","0","0","0","0","11","0","0","1","0","0","0","0","1"
"0x70736776a030","      LDS.128 R20, [R37+0x550]","127","33","127","507904","16252928","16252928","32","32","0","0","Shared","Load","128","0","2","0","1015808","1015808","0","0","0","0","-","0","0","0","0","0","0","0","0","9","0","0","0","0","0","36","0","0","62","2","0","0","0","18","0","0","0","0","0","0","0","0","23","0","0","1","0","0","0","0","9"
"0x70736776a040","      FFMA R70, R24, R28, R70","106","29","106","507904","16252928","16252928","32","32","0","0","-","-","-","0","0","0","0","0","0","0","0","0","-","0","0","0","0","0","0","0","0","6","0","0","0","0","0","0","0","0","17","3","80","0","0","0","0","0","0","0","0","0","0","0","0","0","0","0","0","29","0","0","0"
"0x70736776a050","      FFMA R71, R24, R29, R71","13","0","13","507904","16252928","16252928","32","32","0","0","-","-","-","0","0","0","0","0","0","0","0","0","-","0","0","0","0","0","0","0","0","2","0","0","0","0","0","0","0","0","0","11","0","0","0","0","0","0","0","0","0","0","0","0","0","0","0","0","0","0","0","0","0"
"0x70736776a060","      FFMA R72, R24, R30, R72","3","0","3","507904","16252928","16252928","32","32","0","0","-","-","-","0","0","0","0","0","0","0","0","0","-","0","0","0","0","0","0","0","0","0","0","0","0","0","0","0","0","0","0","3","0","0","0","0","0","0","0","0","0","0","0","0","0","0","0","0","0","0","0","0","0"
"0x70736776a070","      FFMA R73, R24, R31, R73","7","0","7","507904","16252928","16252928","32","32","0","0","-","-","-","0","0","0","0","0","0","0","0","0","-","0","0","0","0","0","0","0","0","0","0","0","0","0","0","0","0","0","0","7","0","0","0","0","0","0","0","0","0","0","0","0","0","0","0","0","0","0","0","0","0"
"0x70736776a080","      FFMA R51, R25, R28, R51","7","0","7","507904","16252928","16252928","32","32","0","0","-","-","-","0","0","0","0","0","0","0","0","0","-","0","0","0","0","0","0","0","0","1","0","0","0","0","0","0","0","1","0","5","0","0","0","0","0","0","0","0","0","0","0","0","0","0","0","0","0","0","0","0","0"
"0x70736776a090","      FFMA R52, R25, R29, R52","3","0","3","507904","16252928","16252928","32","32","0","0","-","-","-","0","0","0","0","0","0","0","0","0","-","0","0","0","0","0","0","0","0","1","0","0","0","0","0","0","0","0","0","2","0","0","0","0","0","0","0","0","0","0","0","0","0","0","0","0","0","0","0","0","0"
"0x70736776a0a0","      FFMA R53, R25, R30, R53","8","0","8","507904","16252928","16252928","32","32","0","0","-","-","-","0","0","0","0","0","0","0","0","0","-","0","0","0","0","0","0","0","0","0","0","0","0","0","0","0","0","0","0","8","0","0","0","0","0","0","0","0","0","0","0","0","0","0","0","0","0","0","0","0","0"
"0x70736776a0b0","      FFMA R56, R25, R31, R56","8","0","8","507904","16252928","16252928","32","32","0","0","-","-","-","0","0","0","0","0","0","0","0","0","-","0","0","0","0","0","0","0","0","0","0","0","0","0","0","0","0","0","0","8","0","0","0","0","0","0","0","0","0","0","0","0","0","0","0","0","0","0","0","0","0"
"0x70736776a0c0","      FFMA R57, R26, R28, R57","3","0","3","507904","16252928","16252928","32","32","0","0","-","-","-","0","0","0","0","0","0","0","0","0","-","0","0","0","0","0","0","0","0","1","0","0","0","0","0","0","0","0","0","2","0","0","0","0","0","0","0","0","0","0","0","0","0","0","0","0","0","0","0","0","0"
"0x70736776a0d0","      FFMA R58, R26, R29, R58","10","0","10","507904","16252928","16252928","32","32","0","0","-","-","-","0","0","0","0","0","0","0","0","0","-","0","0","0","0","0","0","0","0","5","0","0","0","0","0","0","0","0","0","5","0","0","0","0","0","0","0","0","0","0","0","0","0","0","0","0","0","0","0","0","0"
"0x70736776a0e0","      FFMA R59, R26, R30, R59","2","0","2","507904","16252928","16252928","32","32","0","0","-","-","-","0","0","0","0","0","0","0","0","0","-","0","0","0","0","0","0","0","0","1","0","0","0","0","0","0","0","0","0","1","0","0","0","0","0","0","0","0","0","0","0","0","0","0","0","0","0","0","0","0","0"
"0x70736776a0f0","      FFMA R63, R26, R31, R63","4","0","4","507904","16252928","16252928","32","32","0","0","-","-","-","0","0","0","0","0","0","0","0","0","-","0","0","0","0","0","0","0","0","0","0","0","0","0","0","0","0","0","0","4","0","0","0","0","0","0","0","0","0","0","0","0","0","0","0","0","0","0","0","0","0"
"0x70736776a100","      FFMA R45, R27, R28, R45","4","0","4","507904","16252928","16252928","32","32","0","0","-","-","-","0","0","0","0","0","0","0","0","0","-","0","0","0","0","0","0","0","0","0","0","0","0","0","0","0","0","0","0","4","0","0","0","0","0","0","0","0","0","0","0","0","0","0","0","0","0","0","0","0","0"
"0x70736776a110","      FFMA R46, R27, R29, R46","4","0","4","507904","16252928","16252928","32","32","0","0","-","-","-","0","0","0","0","0","0","0","0","0","-","0","0","0","0","0","0","0","0","0","0","0","0","0","0","0","0","0","0","4","0","0","0","0","0","0","0","0","0","0","0","0","0","0","0","0","0","0","0","0","0"
"0x70736776a120","      FFMA R44, R27, R30, R44","16","0","16","507904","16252928","16252928","32","32","0","0","-","-","-","0","0","0","0","0","0","0","0","0","-","0","0","0","0","0","0","0","0","0","0","0","0","0","0","0","0","0","0","16","0","0","0","0","0","0","0","0","0","0","0","0","0","0","0","0","0","0","0","0","0"
"0x70736776a130","      FFMA R47, R27, R31, R47","5","0","5","507904","16252928","16252928","32","32","0","0","-","-","-","0","0","0","0","0","0","0","0","0","-","0","0","0","0","0","0","0","0","0","0","0","0","0","0","0","0","0","0","5","0","0","0","0","0","0","0","0","0","0","0","0","0","0","0","0","0","0","0","0","0"
"0x70736776a140","      LDS.128 R24, [R11+0x5d0]","181","17","181","507904","16252928","16252928","32","32","0","0","Shared","Load","128","0","4","0","2031616","2031616","0","0","0","0","-","0","0","0","0","0","0","0","0","27","0","0","0","0","0","32","0","0","106","5","0","0","0","11","0","0","1","0","0","0","0","0","16","0","0","0","0","0","0","0","0"
"0x70736776a150","      FFMA R48, R32, R28, R48","54","19","54","507904","16252928","16252928","32","32","0","0","-","-","-","0","0","0","0","0","0","0","0","0","-","0","0","0","0","0","0","0","0","3","0","0","0","0","0","0","0","0","8","8","35","0","0","0","0","0","1","0","0","0","0","0","0","0","0","0","0","18","0","0","0"
"0x70736776a160","      FFMA R49, R32, R29, R49","9","0","9","507904","16252928","16252928","32","32","0","0","-","-","-","0","0","0","0","0","0","0","0","0","-","0","0","0","0","0","0","0","0","0","0","0","0","0","0","0","0","0","0","9","0","0","0","0","0","0","0","0","0","0","0","0","0","0","0","0","0","0","0","0","0"
"0x70736776a170","      FFMA R50, R32, R30, R50","7","0","7","507904","16252928","16252928","32","32","0","0","-","-","-","0","0","0","0","0","0","0","0","0","-","0","0","0","0","0","0","0","0","1","0","0","0","0","0","0","0","0","0","6","0","0","0","0","0","0","0","0","0","0","0","0","0","0","0","0","0","0","0","0","0"
"0x70736776a180","      FFMA R60, R32, R31, R60","9","0","9","507904","16252928","16252928","32","32","0","0","-","-","-","0","0","0","0","0","0","0","0","0","-","0","0","0","0","0","0","0","0","2","0","0","0","0","0","0","0","0","0","7","0","0","0","0","0","0","0","0","0","0","0","0","0","0","0","0","0","0","0","0","0"
"0x70736776a190","      FFMA R61, R33, R28, R61","9","0","9","507904","16252928","16252928","32","32","0","0","-","-","-","0","0","0","0","0","0","0","0","0","-","0","0","0","0","0","0","0","0","1","0","0","0","0","0","0","0","0","0","8","0","0","0","0","0","0","0","0","0","0","0","0","0","0","0","0","0","0","0","0","0"
"0x70736776a1a0","      FFMA R39, R33, R29, R39","9","0","9","507904","16252928","16252928","32","32","0","0","-","-","-","0","0","0","0","0","0","0","0","0","-","0","0","0","0","0","0","0","0","1","0","0","0","0","0","0","0","0","0","8","0","0","0","0","0","0","0","0","0","0","0","0","0","0","0","0","0","0","0","0","0"
"0x70736776a1b0","      FFMA R38, R33, R30, R38","4","0","4","507904","16252928","16252928","32","32","0","0","-","-","-","0","0","0","0","0","0","0","0","0","-","0","0","0","0","0","0","0","0","1","0","0","0","0","0","0","0","0","0","3","0","0","0","0","0","0","0","0","0","0","0","0","0","0","0","0","0","0","0","0","0"
"0x70736776a1c0","      FFMA R42, R33, R31, R42","7","0","7","507904","16252928","16252928","32","32","0","0","-","-","-","0","0","0","0","0","0","0","0","0","-","0","0","0","0","0","0","0","0","1","0","0","0","0","0","0","0","0","0","6","0","0","0","0","0","0","0","0","0","0","0","0","0","0","0","0","0","0","0","0","0"
"0x70736776a1d0","      FFMA R41, R34, R28, R41","8","0","8","507904","16252928","16252928","32","32","0","0","-","-","-","0","0","0","0","0","0","0","0","0","-","0","0","0","0","0","0","0","0","0","0","0","0","0","0","0","0","0","0","8","0","0","0","0","0","0","0","0","0","0","0","0","0","0","0","0","0","0","0","0","0"
"0x70736776a1e0","      FFMA R43, R34, R29, R43","9","0","9","507904","16252928","16252928","32","32","0","0","-","-","-","0","0","0","0","0","0","0","0","0","-","0","0","0","0","0","0","0","0","3","0","0","0","0","0","0","0","0","0","6","0","0","0","0","0","0","0","0","0","0","0","0","0","0","0","0","0","0","0","0","0"
"0x70736776a1f0","      FFMA R40, R34, R30, R40","5","0","5","507904","16252928","16252928","32","32","0","0","-","-","-","0","0","0","0","0","0","0","0","0","-","0","0","0","0","0","0","0","0","2","0","0","0","0","0","0","0","0","0","3","0","0","0","0","0","0","0","0","0","0","0","0","0","0","0","0","0","0","0","0","0"
"0x70736776a200","      FFMA R62, R34, R31, R62","8","0","8","507904","16252928","16252928","32","32","0","0","-","-","-","0","0","0","0","0","0","0","0","0","-","0","0","0","0","0","0","0","0","0","0","0","0","0","0","0","0","2","0","6","0","0","0","0","0","0","0","0","0","0","0","0","0","0","0","0","0","0","0","0","0"
"0x70736776a210","      FFMA R66, R35, R28, R66","7","0","7","507904","16252928","16252928","32","32","0","0","-","-","-","0","0","0","0","0","0","0","0","0","-","0","0","0","0","0","0","0","0","0","0","0","0","0","0","0","0","0","0","7","0","0","0","0","0","0","0","0","0","0","0","0","0","0","0","0","0","0","0","0","0"
"0x70736776a220","      FFMA R67, R35, R29, R67","5","0","5","507904","16252928","16252928","32","32","0","0","-","-","-","0","0","0","0","0","0","0","0","0","-","0","0","0","0","0","0","0","0","0","0","0","0","0","0","0","0","0","0","5","0","0","0","0","0","0","0","0","0","0","0","0","0","0","0","0","0","0","0","0","0"
"0x70736776a230","      FFMA R68, R35, R30, R68","11","0","11","507904","16252928","16252928","32","32","0","0","-","-","-","0","0","0","0","0","0","0","0","0","-","0","0","0","0","0","0","0","0","2","0","0","0","0","0","0","0","0","0","9","0","0","0","0","0","0","0","0","0","0","0","0","0","0","0","0","0","0","0","0","0"
"0x70736776a240","      FFMA R69, R35, R31, R69","10","0","10","507904","16252928","16252928","32","32","0","0","-","-","-","0","0","0","0","0","0","0","0","0","-","0","0","0","0","0","0","0","0","0","0","0","0","0","0","0","0","0","0","10","0","0","0","0","0","0","0","0","0","0","0","0","0","0","0","0","0","0","0","0","0"
"0x70736776a250","      LDS.128 R32, [R11+0x660]","166","24","166","507904","16252928","16252928","32","32","0","0","Shared","Load","128","0","4","0","2031616","2031616","0","0","0","0","-","0","0","0","0","0","0","0","0","41","0","0","0","0","0","28","0","0","86","5","0","0","0","6","0","0","3","0","0","0","0","0","21","0","0","0","0","0","0","0","0"
"0x70736776a260","      LDS.128 R28, [R37+0x660]","129","35","129","507904","16252928","16252928","32","32","0","0","Shared","Load","128","0","2","0","1015808","1015808","0","0","0","0","-","0","0","0","0","0","0","0","0","10","0","0","0","0","0","46","0","0","44","6","0","0","0","23","0","0","0","0","0","0","0","0","33","0","0","0","0","0","0","0","2"
"0x70736776a270","      FFMA R70, R16, R20, R70","59","16","59","507904","16252928","16252928","32","32","0","0","-","-","-","0","0","0","0","0","0","0","0","0","-","0","0","0","0","0","0","0","0","4","0","0","0","0","0","0","0","0","12","8","35","0","0","0","0","0","0","0","0","0","0","0","0","0","0","0","0","16","0","0","0"
"0x70736776a280","      FFMA R71, R16, R21, R71","8","0","8","507904","16252928","16252928","32","32","0","0","-","-","-","0","0","0","0","0","0","0","0","0","-","0","0","0","0","0","0","0","0","0","0","0","0","0","0","0","0","1","0","7","0","0","0","0","0","0","0","0","0","0","0","0","0","0","0","0","0","0","0","0","0"
"0x70736776a290","      FFMA R72, R16, R22, R72","9","0","9","507904","16252928","16252928","32","32","0","0","-","-","-","0","0","0","0","0","0","0","0","0","-","0","0","0","0","0","0","0","0","2","0","0","0","0","0","0","0","0","0","7","0","0","0","0","0","0","0","0","0","0","0","0","0","0","0","0","0","0","0","0","0"
"0x70736776a2a0","      FFMA R73, R16, R23, R73","10","0","10","507904","16252928","16252928","32","32","0","0","-","-","-","0","0","0","0","0","0","0","0","0","-","0","0","0","0","0","0","0","0","0","0","0","0","0","0","0","0","0","0","10","0","0","0","0","0","0","0","0","0","0","0","0","0","0","0","0","0","0","0","0","0"
"0x70736776a2b0","      FFMA R51, R17, R20, R51","2","0","2","507904","16252928","16252928","32","32","0","0","-","-","-","0","0","0","0","0","0","0","0","0","-","0","0","0","0","0","0","0","0","0","0","0","0","0","0","0","0","0","0","2","0","0","0","0","0","0","0","0","0","0","0","0","0","0","0","0","0","0","0","0","0"
"0x70736776a2c0","      FFMA R52, R17, R21, R52","11","0","11","507904","16252928","16252928","32","32","0","0","-","-","-","0","0","0","0","0","0","0","0","0","-","0","0","0","0","0","0","0","0","2","0","0","0","0","0","0","0","0","0","9","0","0","0","0","0","0","0","0","0","0","0","0","0","0","0","0","0","0","0","0","0"
"0x70736776a2d0","      FFMA R53, R17, R22, R53","7","0","7","507904","16252928","16252928","32","32","0","0","-","-","-","0","0","0","0","0","0","0","0","0","-","0","0","0","0","0","0","0","0","0","0","0","0","0","0","0","0","0","0","7","0","0","0","0","0","0","0","0","0","0","0","0","0","0","0","0","0","0","0","0","0"
"0x70736776a2e0","      FFMA R56, R17, R23, R56","7","0","7","507904","16252928","16252928","32","32","0","0","-","-","-","0","0","0","0","0","0","0","0","0","-","0","0","0","0","0","0","0","0","0","0","0","0","0","0","0","0","0","0","7","0","0","0","0","0","0","0","0","0","0","0","0","0","0","0","0","0","0","0","0","0"
"0x70736776a2f0","      FFMA R57, R18, R20, R57","10","0","10","507904","16252928","16252928","32","32","0","0","-","-","-","0","0","0","0","0","0","0","0","0","-","0","0","0","0","0","0","0","0","1","0","0","0","0","0","0","0","0","0","9","0","0","0","0","0","0","0","0","0","0","0","0","0","0","0","0","0","0","0","0","0"
"0x70736776a300","      FFMA R58, R18, R21, R58","9","0","9","507904","16252928","16252928","32","32","0","0","-","-","-","0","0","0","0","0","0","0","0","0","-","0","0","0","0","0","0","0","0","3","0","0","0","0","0","0","0","1","0","5","0","0","0","0","0","0","0","0","0","0","0","0","0","0","0","0","0","0","0","0","0"
"0x70736776a310","      FFMA R59, R18, R22, R59","14","0","14","507904","16252928","16252928","32","32","0","0","-","-","-","0","0","0","0","0","0","0","0","0","-","0","0","0","0","0","0","0","0","1","0","0","0","0","0","0","0","0","0","13","0","0","0","0","0","0","0","0","0","0","0","0","0","0","0","0","0","0","0","0","0"
"0x70736776a320","      FFMA R63, R18, R23, R63","5","0","5","507904","16252928","16252928","32","32","0","0","-","-","-","0","0","0","0","0","0","0","0","0","-","0","0","0","0","0","0","0","0","0","0","0","0","0","0","0","0","0","0","5","0","0","0","0","0","0","0","0","0","0","0","0","0","0","0","0","0","0","0","0","0"
"0x70736776a330","      FFMA R45, R19, R20, R45","8","0","8","507904","16252928","16252928","32","32","0","0","-","-","-","0","0","0","0","0","0","0","0","0","-","0","0","0","0","0","0","0","0","1","0","0","0","0","0","0","0","0","0","7","0","0","0","0","0","0","0","0","0","0","0","0","0","0","0","0","0","0","0","0","0"
"0x70736776a340","      FFMA R46, R19, R21, R46","7","0","7","507904","16252928","16252928","32","32","0","0","-","-","-","0","0","0","0","0","0","0","0","0","-","0","0","0","0","0","0","0","0","0","0","0","0","0","0","0","0","0","0","7","0","0","0","0","0","0","0","0","0","0","0","0","0","0","0","0","0","0","0","0","0"
"0x70736776a350","      FFMA R44, R19, R22, R44","10","0","10","507904","16252928","16252928","32","32","0","0","-","-","-","0","0","0","0","0","0","0","0","0","-","0","0","0","0","0","0","0","0","0","0","0","0","0","0","0","0","0","0","10","0","0","0","0","0","0","0","0","0","0","0","0","0","0","0","0","0","0","0","0","0"
"0x70736776a360","      FFMA R47, R19, R23, R47","7","0","7","507904","16252928","16252928","32","32","0","0","-","-","-","0","0","0","0","0","0","0","0","0","-","0","0","0","0","0","0","0","0","0","0","0","0","0","0","0","0","0","0","7","0","0","0","0","0","0","0","0","0","0","0","0","0","0","0","0","0","0","0","0","0"
"0x70736776a370","      LDS.128 R16, [R11+0x6e0]","213","29","213","507904","16252928","16252928","32","32","0","0","Shared","Load","128","0","4","0","2031616","2031616","0","0","0","0","-","0","0","0","0","0","0","0","0","28","0","0","0","0","0","40","0","0","127","5","0","0","0","13","0","0","0","0","0","0","0","0","28","0","0","0","0","0","0","0","1"
"0x70736776a380","      FFMA R48, R24, R20, R48","65","14","65","507904","16252928","16252928","32","32","0","0","-","-","-","0","0","0","0","0","0","0","0","0","-","0","0","0","0","0","0","0","0","4","0","0","0","0","0","0","0","6","8","7","40","0","0","0","0","0","0","0","0","0","0","0","0","0","3","0","0","11","0","0","0"
"0x70736776a390","      FFMA R49, R24, R21, R49","7","0","7","507904","16252928","16252928","32","32","0","0","-","-","-","0","0","0","0","0","0","0","0","0","-","0","0","0","0","0","0","0","0","0","0","0","0","0","0","0","0","0","0","7","0","0","0","0","0","0","0","0","0","0","0","0","0","0","0","0","0","0","0","0","0"
"0x70736776a3a0","      FFMA R50, R24, R22, R50","7","0","7","507904","16252928","16252928","32","32","0","0","-","-","-","0","0","0","0","0","0","0","0","0","-","0","0","0","0","0","0","0","0","2","0","0","0","0","0","0","0","0","0","5","0","0","0","0","0","0","0","0","0","0","0","0","0","0","0","0","0","0","0","0","0"
"0x70736776a3b0","      FFMA R60, R24, R23, R60","7","0","7","507904","16252928","16252928","32","32","0","0","-","-","-","0","0","0","0","0","0","0","0","0","-","0","0","0","0","0","0","0","0","0","0","0","0","0","0","0","0","0","0","7","0","0","0","0","0","0","0","0","0","0","0","0","0","0","0","0","0","0","0","0","0"
"0x70736776a3c0","      FFMA R61, R25, R20, R61","5","0","5","507904","16252928","16252928","32","32","0","0","-","-","-","0","0","0","0","0","0","0","0","0","-","0","0","0","0","0","0","0","0","0","0","0","0","0","0","0","0","0","0","5","0","0","0","0","0","0","0","0","0","0","0","0","0","0","0","0","0","0","0","0","0"
"0x70736776a3d0","      FFMA R39, R25, R21, R39","6","0","6","507904","16252928","16252928","32","32","0","0","-","-","-","0","0","0","0","0","0","0","0","0","-","0","0","0","0","0","0","0","0","1","0","0","0","0","0","0","0","0","0","5","0","0","0","0","0","0","0","0","0","0","0","0","0","0","0","0","0","0","0","0","0"
"0x70736776a3e0","      FFMA R38, R25, R22, R38","4","0","4","507904","16252928","16252928","32","32","0","0","-","-","-","0","0","0","0","0","0","0","0","0","-","0","0","0","0","0","0","0","0","0","0","0","0","0","0","0","0","0","0","4","0","0","0","0","0","0","0","0","0","0","0","0","0","0","0","0","0","0","0","0","0"
"0x70736776a3f0","      FFMA R42, R25, R23, R42","4","0","4","507904","16252928","16252928","32","32","0","0","-","-","-","0","0","0","0","0","0","0","0","0","-","0","0","0","0","0","0","0","0","0","0","0","0","0","0","0","0","0","0","4","0","0","0","0","0","0","0","0","0","0","0","0","0","0","0","0","0","0","0","0","0"
"0x70736776a400","      FFMA R41, R26, R20, R41","6","0","6","507904","16252928","16252928","32","32","0","0","-","-","-","0","0","0","0","0","0","0","0","0","-","0","0","0","0","0","0","0","0","0","0","0","0","0","0","0","0","0","1","5","0","0","0","0","0","0","0","0","0","0","0","0","0","0","0","0","0","0","0","0","0"
"0x70736776a410","      FFMA R43, R26, R21, R43","9","0","9","507904","16252928","16252928","32","32","0","0","-","-","-","0","0","0","0","0","0","0","0","0","-","0","0","0","0","0","0","0","0","2","0","0","0","0","0","0","0","0","0","7","0","0","0","0","0","0","0","0","0","0","0","0","0","0","0","0","0","0","0","0","0"
"0x70736776a420","      FFMA R40, R26, R22, R40","14","0","14","507904","16252928","16252928","32","32","0","0","-","-","-","0","0","0","0","0","0","0","0","0","-","0","0","0","0","0","0","0","0","6","0","0","0","0","0","0","0","0","0","8","0","0","0","0","0","0","0","0","0","0","0","0","0","0","0","0","0","0","0","0","0"
"0x70736776a430","      FFMA R62, R26, R23, R62","5","0","5","507904","16252928","16252928","32","32","0","0","-","-","-","0","0","0","0","0","0","0","0","0","-","0","0","0","0","0","0","0","0","0","0","0","0","0","0","0","0","0","0","5","0","0","0","0","0","0","0","0","0","0","0","0","0","0","0","0","0","0","0","0","0"
"0x70736776a440","      FFMA R66, R27, R20, R66","9","0","9","507904","16252928","16252928","32","32","0","0","-","-","-","0","0","0","0","0","0","0","0","0","-","0","0","0","0","0","0","0","0","1","0","0","0","0","0","0","0","0","0","8","0","0","0","0","0","0","0","0","0","0","0","0","0","0","0","0","0","0","0","0","0"
"0x70736776a450","      FFMA R67, R27, R21, R67","7","0","7","507904","16252928","16252928","32","32","0","0","-","-","-","0","0","0","0","0","0","0","0","0","-","0","0","0","0","0","0","0","0","1","0","0","0","0","0","0","0","0","0","6","0","0","0","0","0","0","0","0","0","0","0","0","0","0","0","0","0","0","0","0","0"
"0x70736776a460","      FFMA R68, R27, R22, R68","6","0","6","507904","16252928","16252928","32","32","0","0","-","-","-","0","0","0","0","0","0","0","0","0","-","0","0","0","0","0","0","0","0","0","0","0","0","0","0","0","0","0","0","6","0","0","0","0","0","0","0","0","0","0","0","0","0","0","0","0","0","0","0","0","0"
"0x70736776a470","      FFMA R69, R27, R23, R69","8","0","8","507904","16252928","16252928","32","32","0","0","-","-","-","0","0","0","0","0","0","0","0","0","-","0","0","0","0","0","0","0","0","0","0","0","0","0","0","0","0","0","0","8","0","0","0","0","0","0","0","0","0","0","0","0","0","0","0","0","0","0","0","0","0"
"0x70736776a480","      LDS.128 R24, [R11+0x770]","167","21","167","507904","16252928","16252928","32","32","0","0","Shared","Load","128","0","4","0","2031616","2031616","0","0","0","0","-","0","0","0","0","0","0","0","0","22","0","0","0","0","0","30","0","8","95","9","0","0","0","3","0","0","1","0","0","0","0","0","16","0","2","2","0","0","0","0","0"
"0x70736776a490","      LDS.128 R20, [R37+0x770]","138","37","138","507904","16252928","16252928","32","32","0","0","Shared","Load","128","0","2","0","1015808","1015808","0","0","0","0","-","0","0","0","0","0","0","0","0","10","0","0","0","0","0","40","0","0","63","5","0","0","0","20","0","0","0","0","0","0","0","0","30","0","0","0","0","0","0","0","7"
"0x70736776a4a0","      FFMA R70, R32, R28, R70","52","12","52","507904","16252928","16252928","32","32","0","0","-","-","-","0","0","0","0","0","0","0","0","0","-","0","0","0","0","0","0","0","0","3","0","0","0","0","0","0","0","0","10","6","33","0","0","0","0","0","0","0","0","0","0","0","0","0","0","0","0","12","0","0","0"
"0x70736776a4b0","      FFMA R71, R32, R29, R71","8","0","8","507904","16252928","16252928","32","32","0","0","-","-","-","0","0","0","0","0","0","0","0","0","-","0","0","0","0","0","0","0","0","1","0","0","0","0","0","0","0","0","0","7","0","0","0","0","0","0","0","0","0","0","0","0","0","0","0","0","0","0","0","0","0"
"0x70736776a4c0","      FFMA R72, R32, R30, R72","8","0","8","507904","16252928","16252928","32","32","0","0","-","-","-","0","0","0","0","0","0","0","0","0","-","0","0","0","0","0","0","0","0","2","0","0","0","0","0","0","0","0","0","6","0","0","0","0","0","0","0","0","0","0","0","0","0","0","0","0","0","0","0","0","0"
"0x70736776a4d0","      FFMA R73, R32, R31, R73","7","0","7","507904","16252928","16252928","32","32","0","0","-","-","-","0","0","0","0","0","0","0","0","0","-","0","0","0","0","0","0","0","0","2","0","0","0","0","0","0","0","0","0","5","0","0","0","0","0","0","0","0","0","0","0","0","0","0","0","0","0","0","0","0","0"
"0x70736776a4e0","      FFMA R51, R33, R28, R51","4","0","4","507904","16252928","16252928","32","32","0","0","-","-","-","0","0","0","0","0","0","0","0","0","-","0","0","0","0","0","0","0","0","0","0","0","0","0","0","0","0","0","0","4","0","0","0","0","0","0","0","0","0","0","0","0","0","0","0","0","0","0","0","0","0"
"0x70736776a4f0","      FFMA R52, R33, R29, R52","8","0","8","507904","16252928","16252928","32","32","0","0","-","-","-","0","0","0","0","0","0","0","0","0","-","0","0","0","0","0","0","0","0","1","0","0","0","0","0","0","0","0","0","7","0","0","0","0","0","0","0","0","0","0","0","0","0","0","0","0","0","0","0","0","0"
"0x70736776a500","      FFMA R53, R33, R30, R53","6","0","6","507904","16252928","16252928","32","32","0","0","-","-","-","0","0","0","0","0","0","0","0","0","-","0","0","0","0","0","0","0","0","1","0","0","0","0","0","0","0","0","0","5","0","0","0","0","0","0","0","0","0","0","0","0","0","0","0","0","0","0","0","0","0"
"0x70736776a510","      FFMA R56, R33, R31, R56","6","0","6","507904","16252928","16252928","32","32","0","0","-","-","-","0","0","0","0","0","0","0","0","0","-","0","0","0","0","0","0","0","0","0","0","0","0","0","0","0","0","0","0","6","0","0","0","0","0","0","0","0","0","0","0","0","0","0","0","0","0","0","0","0","0"
"0x70736776a520","      FFMA R57, R34, R28, R57","10","0","10","507904","16252928","16252928","32","32","0","0","-","-","-","0","0","0","0","0","0","0","0","0","-","0","0","0","0","0","0","0","0","1","0","0","0","0","0","0","0","0","0","9","0","0","0","0","0","0","0","0","0","0","0","0","0","0","0","0","0","0","0","0","0"
"0x70736776a530","      FFMA R58, R34, R29, R58","11","0","11","507904","16252928","16252928","32","32","0","0","-","-","-","0","0","0","0","0","0","0","0","0","-","0","0","0","0","0","0","0","0","7","0","0","0","0","0","0","0","0","0","4","0","0","0","0","0","0","0","0","0","0","0","0","0","0","0","0","0","0","0","0","0"
"0x70736776a540","      FFMA R59, R34, R30, R59","3","0","3","507904","16252928","16252928","32","32","0","0","-","-","-","0","0","0","0","0","0","0","0","0","-","0","0","0","0","0","0","0","0","0","0","0","0","0","0","0","0","0","0","3","0","0","0","0","0","0","0","0","0","0","0","0","0","0","0","0","0","0","0","0","0"
"0x70736776a550","      FFMA R63, R34, R31, R63","6","0","6","507904","16252928","16252928","32","32","0","0","-","-","-","0","0","0","0","0","0","0","0","0","-","0","0","0","0","0","0","0","0","0","0","0","0","0","0","0","0","0","0","6","0","0","0","0","0","0","0","0","0","0","0","0","0","0","0","0","0","0","0","0","0"
"0x70736776a560","      FFMA R45, R35, R28, R45","6","0","6","507904","16252928","16252928","32","32","0","0","-","-","-","0","0","0","0","0","0","0","0","0","-","0","0","0","0","0","0","0","0","1","0","0","0","0","0","0","0","0","0","5","0","0","0","0","0","0","0","0","0","0","0","0","0","0","0","0","0","0","0","0","0"
"0x70736776a570","      FFMA R46, R35, R29, R46","9","0","9","507904","16252928","16252928","32","32","0","0","-","-","-","0","0","0","0","0","0","0","0","0","-","0","0","0","0","0","0","0","0","3","0","0","0","0","0","0","0","0","0","6","0","0","0","0","0","0","0","0","0","0","0","0","0","0","0","0","0","0","0","0","0"
"0x70736776a580","      FFMA R44, R35, R30, R44","6","0","6","507904","16252928","16252928","32","32","0","0","-","-","-","0","0","0","0","0","0","0","0","0","-","0","0","0","0","0","0","0","0","0","0","0","0","0","0","0","0","1","0","5","0","0","0","0","0","0","0","0","0","0","0","0","0","0","0","0","0","0","0","0","0"
"0x70736776a590","      FFMA R47, R35, R31, R47","11","0","11","507904","16252928","16252928","32","32","0","0","-","-","-","0","0","0","0","0","0","0","0","0","-","0","0","0","0","0","0","0","0","1","0","0","0","0","0","0","0","0","0","10","0","0","0","0","0","0","0","0","0","0","0","0","0","0","0","0","0","0","0","0","0"
"0x70736776a5a0","      LDS.128 R32, [R11+0x7f0]","221","34","221","507904","16252928","16252928","32","32","0","0","Shared","Load","128","0","4","0","2031616","2031616","0","0","0","0","-","0","0","0","0","0","0","0","0","39","0","0","0","0","0","53","0","0","103","9","0","0","0","17","0","0","1","0","0","0","0","0","33","0","0","0","0","0","0","0","0"
"0x70736776a5b0","      FFMA R48, R16, R28, R48","35","5","35","507904","16252928","16252928","32","32","0","0","-","-","-","0","0","0","0","0","0","0","0","0","-","0","0","0","0","0","0","0","0","2","0","0","0","0","0","0","0","0","9","0","24","0","0","0","0","0","0","0","0","0","0","0","0","0","0","0","0","5","0","0","0"
"0x70736776a5c0","      FFMA R49, R16, R29, R49","9","0","9","507904","16252928","16252928","32","32","0","0","-","-","-","0","0","0","0","0","0","0","0","0","-","0","0","0","0","0","0","0","0","1","0","0","0","0","0","0","0","0","0","8","0","0","0","0","0","0","0","0","0","0","0","0","0","0","0","0","0","0","0","0","0"
"0x70736776a5d0","      FFMA R50, R16, R30, R50","6","0","6","507904","16252928","16252928","32","32","0","0","-","-","-","0","0","0","0","0","0","0","0","0","-","0","0","0","0","0","0","0","0","2","0","0","0","0","0","0","0","0","0","4","0","0","0","0","0","0","0","0","0","0","0","0","0","0","0","0","0","0","0","0","0"
"0x70736776a5e0","      FFMA R60, R16, R31, R60","6","0","6","507904","16252928","16252928","32","32","0","0","-","-","-","0","0","0","0","0","0","0","0","0","-","0","0","0","0","0","0","0","0","1","0","0","0","0","0","0","0","0","0","5","0","0","0","0","0","0","0","0","0","0","0","0","0","0","0","0","0","0","0","0","0"
"0x70736776a5f0","      FFMA R61, R17, R28, R61","6","0","6","507904","16252928","16252928","32","32","0","0","-","-","-","0","0","0","0","0","0","0","0","0","-","0","0","0","0","0","0","0","0","0","0","0","0","0","0","0","0","0","0","6","0","0","0","0","0","0","0","0","0","0","0","0","0","0","0","0","0","0","0","0","0"
"0x70736776a600","      FFMA R39, R17, R29, R39","8","0","8","507904","16252928","16252928","32","32","0","0","-","-","-","0","0","0","0","0","0","0","0","0","-","0","0","0","0","0","0","0","0","2","0","0","0","0","0","0","0","0","0","6","0","0","0","0","0","0","0","0","0","0","0","0","0","0","0","0","0","0","0","0","0"
"0x70736776a610","      FFMA R38, R17, R30, R38","5","0","5","507904","16252928","16252928","32","32","0","0","-","-","-","0","0","0","0","0","0","0","0","0","-","0","0","0","0","0","0","0","0","0","0","0","0","0","0","0","0","0","0","5","0","0","0","0","0","0","0","0","0","0","0","0","0","0","0","0","0","0","0","0","0"
"0x70736776a620","      FFMA R42, R17, R31, R42","2","0","2","507904","16252928","16252928","32","32","0","0","-","-","-","0","0","0","0","0","0","0","0","0","-","0","0","0","0","0","0","0","0","0","0","0","0","0","0","0","0","0","0","2","0","0","0","0","0","0","0","0","0","0","0","0","0","0","0","0","0","0","0","0","0"
"0x70736776a630","      FFMA R41, R18, R28, R41","7","0","7","507904","16252928","16252928","32","32","0","0","-","-","-","0","0","0","0","0","0","0","0","0","-","0","0","0","0","0","0","0","0","0","0","0","0","0","0","0","0","0","0","7","0","0","0","0","0","0","0","0","0","0","0","0","0","0","0","0","0","0","0","0","0"
"0x70736776a640","      FFMA R43, R18, R29, R43","15","0","15","507904","16252928","16252928","32","32","0","0","-","-","-","0","0","0","0","0","0","0","0","0","-","0","0","0","0","0","0","0","0","3","0","0","0","0","0","0","0","0","0","12","0","0","0","0","0","0","0","0","0","0","0","0","0","0","0","0","0","0","0","0","0"
"0x70736776a650","      FFMA R40, R18, R30, R40","7","0","7","507904","16252928","16252928","32","32","0","0","-","-","-","0","0","0","0","0","0","0","0","0","-","0","0","0","0","0","0","0","0","2","0","0","0","0","0","0","0","0","0","5","0","0","0","0","0","0","0","0","0","0","0","0","0","0","0","0","0","0","0","0","0"
"0x70736776a660","      FFMA R62, R18, R31, R62","9","0","9","507904","16252928","16252928","32","32","0","0","-","-","-","0","0","0","0","0","0","0","0","0","-","0","0","0","0","0","0","0","0","0","0","0","0","0","0","0","0","0","0","9","0","0","0","0","0","0","0","0","0","0","0","0","0","0","0","0","0","0","0","0","0"
"0x70736776a670","      FFMA R66, R19, R28, R66","7","0","7","507904","16252928","16252928","32","32","0","0","-","-","-","0","0","0","0","0","0","0","0","0","-","0","0","0","0","0","0","0","0","0","0","0","0","0","0","0","0","0","0","7","0","0","0","0","0","0","0","0","0","0","0","0","0","0","0","0","0","0","0","0","0"
"0x70736776a680","      FFMA R67, R19, R29, R67","9","0","9","507904","16252928","16252928","32","32","0","0","-","-","-","0","0","0","0","0","0","0","0","0","-","0","0","0","0","0","0","0","0","0","0","0","0","0","0","0","0","0","0","9","0","0","0","0","0","0","0","0","0","0","0","0","0","0","0","0","0","0","0","0","0"
"0x70736776a690","      FFMA R68, R19, R30, R68","9","0","9","507904","16252928","16252928","32","32","0","0","-","-","-","0","0","0","0","0","0","0","0","0","-","0","0","0","0","0","0","0","0","1","0","0","0","0","0","0","0","0","0","8","0","0","0","0","0","0","0","0","0","0","0","0","0","0","0","0","0","0","0","0","0"
"0x70736776a6a0","      FFMA R69, R19, R31, R69","6","0","6","507904","16252928","16252928","32","32","0","0","-","-","-","0","0","0","0","0","0","0","0","0","-","0","0","0","0","0","0","0","0","1","0","0","0","0","0","0","0","0","0","5","0","0","0","0","0","0","0","0","0","0","0","0","0","0","0","0","0","0","0","0","0"
"0x70736776a6b0","      LDS.128 R28, [R11+0x880]","186","27","186","507904","16252928","16252928","32","32","0","0","Shared","Load","128","0","4","0","2031616","2031616","0","0","0","0","-","0","0","0","0","0","0","0","0","29","0","0","0","0","0","39","0","0","107","4","0","0","0","7","0","0","0","0","0","0","0","0","26","0","0","1","0","0","0","0","0"
"0x70736776a6c0","      LDS.128 R16, [R37+0x880]","134","37","134","507904","16252928","16252928","32","32","0","0","Shared","Load","128","0","2","0","1015808","1015808","0","0","0","0","-","0","0","0","0","0","0","0","0","17","0","0","0","0","0","44","0","0","51","6","0","0","0","16","0","0","0","0","0","0","0","0","28","0","0","1","0","0","0","0","8"
"0x70736776a6d0","      FFMA R70, R24, R20, R70","86","19","86","507904","16252928","16252928","32","32","0","0","-","-","-","0","0","0","0","0","0","0","0","0","-","0","0","0","0","0","0","0","0","4","0","0","0","0","0","0","0","0","17","5","60","0","0","0","0","0","0","0","0","0","0","0","0","0","0","0","0","19","0","0","0"
"0x70736776a6e0","      FFMA R71, R24, R21, R71","8","0","8","507904","16252928","16252928","32","32","0","0","-","-","-","0","0","0","0","0","0","0","0","0","-","0","0","0","0","0","0","0","0","0","0","0","0","0","0","0","0","0","0","8","0","0","0","0","0","0","0","0","0","0","0","0","0","0","0","0","0","0","0","0","0"
"0x70736776a6f0","      FFMA R72, R24, R22, R72","7","0","7","507904","16252928","16252928","32","32","0","0","-","-","-","0","0","0","0","0","0","0","0","0","-","0","0","0","0","0","0","0","0","0","0","0","0","0","0","0","0","0","0","7","0","0","0","0","0","0","0","0","0","0","0","0","0","0","0","0","0","0","0","0","0"
"0x70736776a700","      FFMA R73, R24, R23, R73","9","0","9","507904","16252928","16252928","32","32","0","0","-","-","-","0","0","0","0","0","0","0","0","0","-","0","0","0","0","0","0","0","0","0","0","0","0","0","0","0","0","0","0","9","0","0","0","0","0","0","0","0","0","0","0","0","0","0","0","0","0","0","0","0","0"
"0x70736776a710","      FFMA R51, R25, R20, R51","5","0","5","507904","16252928","16252928","32","32","0","0","-","-","-","0","0","0","0","0","0","0","0","0","-","0","0","0","0","0","0","0","0","1","0","0","0","0","0","0","0","0","0","4","0","0","0","0","0","0","0","0","0","0","0","0","0","0","0","0","0","0","0","0","0"
"0x70736776a720","      FFMA R52, R25, R21, R52","11","0","11","507904","16252928","16252928","32","32","0","0","-","-","-","0","0","0","0","0","0","0","0","0","-","0","0","0","0","0","0","0","0","2","0","0","0","0","0","0","0","0","0","9","0","0","0","0","0","0","0","0","0","0","0","0","0","0","0","0","0","0","0","0","0"
"0x70736776a730","      FFMA R53, R25, R22, R53","5","0","5","507904","16252928","16252928","32","32","0","0","-","-","-","0","0","0","0","0","0","0","0","0","-","0","0","0","0","0","0","0","0","0","0","0","0","0","0","0","0","0","0","5","0","0","0","0","0","0","0","0","0","0","0","0","0","0","0","0","0","0","0","0","0"
"0x70736776a740","      FFMA R56, R25, R23, R56","3","0","3","507904","16252928","16252928","32","32","0","0","-","-","-","0","0","0","0","0","0","0","0","0","-","0","0","0","0","0","0","0","0","0","0","0","0","0","0","0","0","0","0","3","0","0","0","0","0","0","0","0","0","0","0","0","0","0","0","0","0","0","0","0","0"
"0x70736776a750","      FFMA R57, R26, R20, R57","6","0","6","507904","16252928","16252928","32","32","0","0","-","-","-","0","0","0","0","0","0","0","0","0","-","0","0","0","0","0","0","0","0","2","0","0","0","0","0","0","0","0","0","4","0","0","0","0","0","0","0","0","0","0","0","0","0","0","0","0","0","0","0","0","0"
"0x70736776a760","      FFMA R58, R26, R21, R58","14","0","14","507904","16252928","16252928","32","32","0","0","-","-","-","0","0","0","0","0","0","0","0","0","-","0","0","0","0","0","0","0","0","9","0","0","0","0","0","0","0","0","0","5","0","0","0","0","0","0","0","0","0","0","0","0","0","0","0","0","0","0","0","0","0"
"0x70736776a770","      FFMA R59, R26, R22, R59","5","0","5","507904","16252928","16252928","32","32","0","0","-","-","-","0","0","0","0","0","0","0","0","0","-","0","0","0","0","0","0","0","0","0","0","0","0","0","0","0","0","0","0","5","0","0","0","0","0","0","0","0","0","0","0","0","0","0","0","0","0","0","0","0","0"
"0x70736776a780","      FFMA R63, R26, R23, R63","2","0","2","507904","16252928","16252928","32","32","0","0","-","-","-","0","0","0","0","0","0","0","0","0","-","0","0","0","0","0","0","0","0","0","0","0","0","0","0","0","0","0","0","2","0","0","0","0","0","0","0","0","0","0","0","0","0","0","0","0","0","0","0","0","0"
"0x70736776a790","      FFMA R45, R27, R20, R45","4","0","4","507904","16252928","16252928","32","32","0","0","-","-","-","0","0","0","0","0","0","0","0","0","-","0","0","0","0","0","0","0","0","0","0","0","0","0","0","0","0","0","0","4","0","0","0","0","0","0","0","0","0","0","0","0","0","0","0","0","0","0","0","0","0"
"0x70736776a7a0","      FFMA R46, R27, R21, R46","5","0","5","507904","16252928","16252928","32","32","0","0","-","-","-","0","0","0","0","0","0","0","0","0","-","0","0","0","0","0","0","0","0","0","0","0","0","0","0","0","0","0","0","5","0","0","0","0","0","0","0","0","0","0","0","0","0","0","0","0","0","0","0","0","0"
"0x70736776a7b0","      FFMA R44, R27, R22, R44","6","0","6","507904","16252928","16252928","32","32","0","0","-","-","-","0","0","0","0","0","0","0","0","0","-","0","0","0","0","0","0","0","0","0","0","0","0","0","0","0","0","0","0","6","0","0","0","0","0","0","0","0","0","0","0","0","0","0","0","0","0","0","0","0","0"
"0x70736776a7c0","      FFMA R47, R27, R23, R47","7","0","7","507904","16252928","16252928","32","32","0","0","-","-","-","0","0","0","0","0","0","0","0","0","-","0","0","0","0","0","0","0","0","1","0","0","0","0","0","0","0","0","0","6","0","0","0","0","0","0","0","0","0","0","0","0","0","0","0","0","0","0","0","0","0"
"0x70736776a7d0","      LDS.128 R24, [R11+0x900]","214","22","214","507904","16252928","16252928","32","32","0","0","Shared","Load","128","0","4","0","2031616","2031616","0","0","0","0","-","0","0","0","0","0","0","0","0","43","0","0","0","0","0","35","0","0","117","10","0","0","0","9","0","0","1","0","0","0","0","0","21","0","0","0","0","0","0","0","0"
"0x70736776a7e0","      FFMA R48, R32, R20, R48","45","6","45","507904","16252928","16252928","32","32","0","0","-","-","-","0","0","0","0","0","0","0","0","0","-","0","0","0","0","0","0","0","0","5","0","0","0","0","0","0","0","0","7","6","27","0","0","0","0","0","0","0","0","0","0","0","0","0","0","0","0","6","0","0","0"
"0x70736776a7f0","      FFMA R49, R32, R21, R49","7","0","7","507904","16252928","16252928","32","32","0","0","-","-","-","0","0","0","0","0","0","0","0","0","-","0","0","0","0","0","0","0","0","0","0","0","0","0","0","0","0","0","0","7","0","0","0","0","0","0","0","0","0","0","0","0","0","0","0","0","0","0","0","0","0"
"0x70736776a800","      FFMA R50, R32, R22, R50","10","0","10","507904","16252928","16252928","32","32","0","0","-","-","-","0","0","0","0","0","0","0","0","0","-","0","0","0","0","0","0","0","0","2","0","0","0","0","0","0","0","1","0","7","0","0","0","0","0","0","0","0","0","0","0","0","0","0","0","0","0","0","0","0","0"
"0x70736776a810","      FFMA R60, R32, R23, R60","8","0","8","507904","16252928","16252928","32","32","0","0","-","-","-","0","0","0","0","0","0","0","0","0","-","0","0","0","0","0","0","0","0","0","0","0","0","0","0","0","0","0","0","8","0","0","0","0","0","0","0","0","0","0","0","0","0","0","0","0","0","0","0","0","0"
"0x70736776a820","      FFMA R61, R33, R20, R61","5","0","5","507904","16252928","16252928","32","32","0","0","-","-","-","0","0","0","0","0","0","0","0","0","-","0","0","0","0","0","0","0","0","0","0","0","0","0","0","0","0","0","0","5","0","0","0","0","0","0","0","0","0","0","0","0","0","0","0","0","0","0","0","0","0"
"0x70736776a830","      FFMA R39, R33, R21, R39","9","0","9","507904","16252928","16252928","32","32","0","0","-","-","-","0","0","0","0","0","0","0","0","0","-","0","0","0","0","0","0","0","0","0","0","0","0","0","0","0","0","0","0","9","0","0","0","0","0","0","0","0","0","0","0","0","0","0","0","0","0","0","0","0","0"
"0x70736776a840","      FFMA R38, R33, R22, R38","6","0","6","507904","16252928","16252928","32","32","0","0","-","-","-","0","0","0","0","0","0","0","0","0","-","0","0","0","0","0","0","0","0","0","0","0","0","0","0","0","0","0","0","6","0","0","0","0","0","0","0","0","0","0","0","0","0","0","0","0","0","0","0","0","0"
"0x70736776a850","      FFMA R42, R33, R23, R42","6","0","6","507904","16252928","16252928","32","32","0","0","-","-","-","0","0","0","0","0","0","0","0","0","-","0","0","0","0","0","0","0","0","0","0","0","0","0","0","0","0","0","0","6","0","0","0","0","0","0","0","0","0","0","0","0","0","0","0","0","0","0","0","0","0"
"0x70736776a860","      FFMA R41, R34, R20, R41","7","0","7","507904","16252928","16252928","32","32","0","0","-","-","-","0","0","0","0","0","0","0","0","0","-","0","0","0","0","0","0","0","0","0","0","0","0","0","0","0","0","0","0","7","0","0","0","0","0","0","0","0","0","0","0","0","0","0","0","0","0","0","0","0","0"
"0x70736776a870","      FFMA R43, R34, R21, R43","8","0","8","507904","16252928","16252928","32","32","0","0","-","-","-","0","0","0","0","0","0","0","0","0","-","0","0","0","0","0","0","0","0","3","0","0","0","0","0","0","0","0","0","5","0","0","0","0","0","0","0","0","0","0","0","0","0","0","0","0","0","0","0","0","0"
"0x70736776a880","      FFMA R40, R34, R22, R40","11","0","11","507904","16252928","16252928","32","32","0","0","-","-","-","0","0","0","0","0","0","0","0","0","-","0","0","0","0","0","0","0","0","5","0","0","0","0","0","0","0","2","0","4","0","0","0","0","0","0","0","0","0","0","0","0","0","0","0","0","0","0","0","0","0"
"0x70736776a890","      FFMA R62, R34, R23, R62","5","0","5","507904","16252928","16252928","32","32","0","0","-","-","-","0","0","0","0","0","0","0","0","0","-","0","0","0","0","0","0","0","0","0","0","0","0","0","0","0","0","0","0","5","0","0","0","0","0","0","0","0","0","0","0","0","0","0","0","0","0","0","0","0","0"
"0x70736776a8a0","      FFMA R66, R35, R20, R66","4","0","4","507904","16252928","16252928","32","32","0","0","-","-","-","0","0","0","0","0","0","0","0","0","-","0","0","0","0","0","0","0","0","0","0","0","0","0","0","0","0","0","0","4","0","0","0","0","0","0","0","0","0","0","0","0","0","0","0","0","0","0","0","0","0"
"0x70736776a8b0","      FFMA R67, R35, R21, R67","11","0","11","507904","16252928","16252928","32","32","0","0","-","-","-","0","0","0","0","0","0","0","0","0","-","0","0","0","0","0","0","0","0","3","0","0","0","0","0","0","0","0","0","8","0","0","0","0","0","0","0","0","0","0","0","0","0","0","0","0","0","0","0","0","0"
"0x70736776a8c0","      FFMA R68, R35, R22, R68","14","0","14","507904","16252928","16252928","32","32","0","0","-","-","-","0","0","0","0","0","0","0","0","0","-","0","0","0","0","0","0","0","0","1","0","0","0","0","0","0","0","0","0","13","0","0","0","0","0","0","0","0","0","0","0","0","0","0","0","0","0","0","0","0","0"
"0x70736776a8d0","      FFMA R69, R35, R23, R69","4","0","4","507904","16252928","16252928","32","32","0","0","-","-","-","0","0","0","0","0","0","0","0","0","-","0","0","0","0","0","0","0","0","0","0","0","0","0","0","0","0","0","0","4","0","0","0","0","0","0","0","0","0","0","0","0","0","0","0","0","0","0","0","0","0"
"0x70736776a8e0","      LDS.128 R32, [R11+0x990]","148","14","148","507904","16252928","16252928","32","32","0","0","Shared","Load","128","0","4","0","2031616","2031616","0","0","0","0","-","0","0","0","0","0","0","0","0","16","0","0","0","0","0","23","0","0","101","2","0","0","0","6","0","0","1","0","0","0","0","0","13","0","0","0","0","0","0","0","0"
"0x70736776a8f0","      LDS.128 R20, [R37+0x990]","113","30","113","507904","16252928","16252928","32","32","0","0","Shared","Load","128","0","2","0","1015808","1015808","0","0","0","0","-","0","0","0","0","0","0","0","0","13","0","0","0","0","0","39","0","0","34","9","0","0","0","18","0","0","0","0","0","0","0","0","28","0","0","0","0","0","0","0","2"
"0x70736776a900","      FFMA R70, R28, R16, R70","72","12","72","507904","16252928","16252928","32","32","0","0","-","-","-","0","0","0","0","0","0","0","0","0","-","0","0","0","0","0","0","0","0","4","0","0","0","0","0","0","0","0","15","4","49","0","0","0","0","0","0","0","0","0","0","0","0","0","0","0","0","12","0","0","0"
"0x70736776a910","      FFMA R71, R28, R17, R71","5","0","5","507904","16252928","16252928","32","32","0","0","-","-","-","0","0","0","0","0","0","0","0","0","-","0","0","0","0","0","0","0","0","2","0","0","0","0","0","0","0","0","0","3","0","0","0","0","0","0","0","0","0","0","0","0","0","0","0","0","0","0","0","0","0"
"0x70736776a920","      FFMA R72, R28, R18, R72","10","0","10","507904","16252928","16252928","32","32","0","0","-","-","-","0","0","0","0","0","0","0","0","0","-","0","0","0","0","0","0","0","0","1","0","0","0","0","0","0","0","0","0","9","0","0","0","0","0","0","0","0","0","0","0","0","0","0","0","0","0","0","0","0","0"
"0x70736776a930","      FFMA R73, R28, R19, R73","8","0","8","507904","16252928","16252928","32","32","0","0","-","-","-","0","0","0","0","0","0","0","0","0","-","0","0","0","0","0","0","0","0","2","0","0","0","0","0","0","0","0","1","5","0","0","0","0","0","0","0","0","0","0","0","0","0","0","0","0","0","0","0","0","0"
"0x70736776a940","      FFMA R51, R29, R16, R51","8","0","8","507904","16252928","16252928","32","32","0","0","-","-","-","0","0","0","0","0","0","0","0","0","-","0","0","0","0","0","0","0","0","0","0","0","0","0","0","0","0","0","0","8","0","0","0","0","0","0","0","0","0","0","0","0","0","0","0","0","0","0","0","0","0"
"0x70736776a950","      FFMA R52, R29, R17, R52","7","0","7","507904","16252928","16252928","32","32","0","0","-","-","-","0","0","0","0","0","0","0","0","0","-","0","0","0","0","0","0","0","0","1","0","0","0","0","0","0","0","0","0","6","0","0","0","0","0","0","0","0","0","0","0","0","0","0","0","0","0","0","0","0","0"
"0x70736776a960","      FFMA R53, R29, R18, R53","12","0","12","507904","16252928","16252928","32","32","0","0","-","-","-","0","0","0","0","0","0","0","0","0","-","0","0","0","0","0","0","0","0","0","0","0","0","0","0","0","0","0","0","12","0","0","0","0","0","0","0","0","0","0","0","0","0","0","0","0","0","0","0","0","0"
"0x70736776a970","      FFMA R56, R29, R19, R56","5","0","5","507904","16252928","16252928","32","32","0","0","-","-","-","0","0","0","0","0","0","0","0","0","-","0","0","0","0","0","0","0","0","0","0","0","0","0","0","0","0","0","0","5","0","0","0","0","0","0","0","0","0","0","0","0","0","0","0","0","0","0","0","0","0"
"0x70736776a980","      FFMA R57, R30, R16, R57","10","0","10","507904","16252928","16252928","32","32","0","0","-","-","-","0","0","0","0","0","0","0","0","0","-","0","0","0","0","0","0","0","0","1","0","0","0","0","0","0","0","2","0","7","0","0","0","0","0","0","0","0","0","0","0","0","0","0","0","0","0","0","0","0","0"
"0x70736776a990","      FFMA R58, R30, R17, R58","13","0","13","507904","16252928","16252928","32","32","0","0","-","-","-","0","0","0","0","0","0","0","0","0","-","0","0","0","0","0","0","0","0","9","0","0","0","0","0","0","0","0","0","4","0","0","0","0","0","0","0","0","0","0","0","0","0","0","0","0","0","0","0","0","0"
"0x70736776a9a0","      FFMA R59, R30, R18, R59","8","0","8","507904","16252928","16252928","32","32","0","0","-","-","-","0","0","0","0","0","0","0","0","0","-","0","0","0","0","0","0","0","0","2","0","0","0","0","0","0","0","0","0","6","0","0","0","0","0","0","0","0","0","0","0","0","0","0","0","0","0","0","0","0","0"
"0x70736776a9b0","      FFMA R63, R30, R19, R63","10","0","10","507904","16252928","16252928","32","32","0","0","-","-","-","0","0","0","0","0","0","0","0","0","-","0","0","0","0","0","0","0","0","0","0","0","0","0","0","0","0","0","0","10","0","0","0","0","0","0","0","0","0","0","0","0","0","0","0","0","0","0","0","0","0"
"0x70736776a9c0","      FFMA R45, R31, R16, R45","11","0","11","507904","16252928","16252928","32","32","0","0","-","-","-","0","0","0","0","0","0","0","0","0","-","0","0","0","0","0","0","0","0","2","0","0","0","0","0","0","0","0","0","9","0","0","0","0","0","0","0","0","0","0","0","0","0","0","0","0","0","0","0","0","0"
"0x70736776a9d0","      FFMA R46, R31, R17, R46","3","0","3","507904","16252928","16252928","32","32","0","0","-","-","-","0","0","0","0","0","0","0","0","0","-","0","0","0","0","0","0","0","0","0","0","0","0","0","0","0","0","0","0","3","0","0","0","0","0","0","0","0","0","0","0","0","0","0","0","0","0","0","0","0","0"
"0x70736776a9e0","      FFMA R44, R31, R18, R44","6","0","6","507904","16252928","16252928","32","32","0","0","-","-","-","0","0","0","0","0","0","0","0","0","-","0","0","0","0","0","0","0","0","0","0","0","0","0","0","0","0","0","0","6","0","0","0","0","0","0","0","0","0","0","0","0","0","0","0","0","0","0","0","0","0"
"0x70736776a9f0","      FFMA R47, R31, R19, R47","7","0","7","507904","16252928","16252928","32","32","0","0","-","-","-","0","0","0","0","0","0","0","0","0","-","0","0","0","0","0","0","0","0","0","0","0","0","0","0","0","0","0","0","7","0","0","0","0","0","0","0","0","0","0","0","0","0","0","0","0","0","0","0","0","0"
"0x70736776aa00","      LDS.128 R28, [R11+0xa10]","198","23","198","507904","16252928","16252928","32","32","0","0","Shared","Load","128","0","4","0","2031616","2031616","0","0","0","0","-","0","0","0","0","0","0","0","0","33","0","0","0","0","0","35","0","5","110","3","0","0","0","12","0","0","1","0","0","0","0","0","22","0","0","0","0","0","0","0","0"
"0x70736776aa10","      FFMA R48, R24, R16, R48","50","8","50","507904","16252928","16252928","32","32","0","0","-","-","-","0","0","0","0","0","0","0","0","0","-","0","0","0","0","0","0","0","0","6","0","0","0","0","0","0","0","0","7","7","30","0","0","0","0","0","1","0","0","0","0","0","0","0","0","0","0","7","0","0","0"
"0x70736776aa20","      FFMA R49, R24, R17, R49","8","0","8","507904","16252928","16252928","32","32","0","0","-","-","-","0","0","0","0","0","0","0","0","0","-","0","0","0","0","0","0","0","0","3","0","0","0","0","0","0","0","0","0","5","0","0","0","0","0","0","0","0","0","0","0","0","0","0","0","0","0","0","0","0","0"
"0x70736776aa30","      FFMA R50, R24, R18, R50","3","0","3","507904","16252928","16252928","32","32","0","0","-","-","-","0","0","0","0","0","0","0","0","0","-","0","0","0","0","0","0","0","0","1","0","0","0","0","0","0","0","0","0","2","0","0","0","0","0","0","0","0","0","0","0","0","0","0","0","0","0","0","0","0","0"
"0x70736776aa40","      FFMA R60, R24, R19, R60","4","0","4","507904","16252928","16252928","32","32","0","0","-","-","-","0","0","0","0","0","0","0","0","0","-","0","0","0","0","0","0","0","0","1","0","0","0","0","0","0","0","0","0","3","0","0","0","0","0","0","0","0","0","0","0","0","0","0","0","0","0","0","0","0","0"
"0x70736776aa50","      FFMA R61, R25, R16, R61","7","0","7","507904","16252928","16252928","32","32","0","0","-","-","-","0","0","0","0","0","0","0","0","0","-","0","0","0","0","0","0","0","0","0","0","0","0","0","0","0","0","0","0","7","0","0","0","0","0","0","0","0","0","0","0","0","0","0","0","0","0","0","0","0","0"
"0x70736776aa60","      FFMA R39, R25, R17, R39","10","0","10","507904","16252928","16252928","32","32","0","0","-","-","-","0","0","0","0","0","0","0","0","0","-","0","0","0","0","0","0","0","0","3","0","0","0","0","0","0","0","0","0","7","0","0","0","0","0","0","0","0","0","0","0","0","0","0","0","0","0","0","0","0","0"
"0x70736776aa70","      FFMA R38, R25, R18, R38","10","0","10","507904","16252928","16252928","32","32","0","0","-","-","-","0","0","0","0","0","0","0","0","0","-","0","0","0","0","0","0","0","0","0","0","0","0","0","0","0","0","0","0","10","0","0","0","0","0","0","0","0","0","0","0","0","0","0","0","0","0","0","0","0","0"
"0x70736776aa80","      FFMA R42, R25, R19, R42","6","0","6","507904","16252928","16252928","32","32","0","0","-","-","-","0","0","0","0","0","0","0","0","0","-","0","0","0","0","0","0","0","0","1","0","0","0","0","0","0","0","2","1","2","0","0","0","0","0","0","0","0","0","0","0","0","0","0","0","0","0","0","0","0","0"
"0x70736776aa90","      FFMA R41, R26, R16, R41","9","0","9","507904","16252928","16252928","32","32","0","0","-","-","-","0","0","0","0","0","0","0","0","0","-","0","0","0","0","0","0","0","0","0","0","0","0","0","0","0","0","0","0","9","0","0","0","0","0","0","0","0","0","0","0","0","0","0","0","0","0","0","0","0","0"
"0x70736776aaa0","      FFMA R43, R26, R17, R43","8","0","8","507904","16252928","16252928","32","32","0","0","-","-","-","0","0","0","0","0","0","0","0","0","-","0","0","0","0","0","0","0","0","2","0","0","0","0","0","0","0","0","0","6","0","0","0","0","0","0","0","0","0","0","0","0","0","0","0","0","0","0","0","0","0"
"0x70736776aab0","      FFMA R40, R26, R18, R40","16","0","16","507904","16252928","16252928","32","32","0","0","-","-","-","0","0","0","0","0","0","0","0","0","-","0","0","0","0","0","0","0","0","6","0","0","0","0","0","0","0","0","0","10","0","0","0","0","0","0","0","0","0","0","0","0","0","0","0","0","0","0","0","0","0"
"0x70736776aac0","      FFMA R62, R26, R19, R62","6","0","6","507904","16252928","16252928","32","32","0","0","-","-","-","0","0","0","0","0","0","0","0","0","-","0","0","0","0","0","0","0","0","0","0","0","0","0","0","0","0","0","0","6","0","0","0","0","0","0","0","0","0","0","0","0","0","0","0","0","0","0","0","0","0"
"0x70736776aad0","      FFMA R66, R27, R16, R66","5","0","5","507904","16252928","16252928","32","32","0","0","-","-","-","0","0","0","0","0","0","0","0","0","-","0","0","0","0","0","0","0","0","0","0","0","0","0","0","0","0","0","0","5","0","0","0","0","0","0","0","0","0","0","0","0","0","0","0","0","0","0","0","0","0"
"0x70736776aae0","      FFMA R67, R27, R17, R67","3","0","3","507904","16252928","16252928","32","32","0","0","-","-","-","0","0","0","0","0","0","0","0","0","-","0","0","0","0","0","0","0","0","1","0","0","0","0","0","0","0","0","0","2","0","0","0","0","0","0","0","0","0","0","0","0","0","0","0","0","0","0","0","0","0"
"0x70736776aaf0","      FFMA R68, R27, R18, R68","7","0","7","507904","16252928","16252928","32","32","0","0","-","-","-","0","0","0","0","0","0","0","0","0","-","0","0","0","0","0","0","0","0","1","0","0","0","0","0","0","0","0","0","6","0","0","0","0","0","0","0","0","0","0","0","0","0","0","0","0","0","0","0","0","0"
"0x70736776ab00","      FFMA R69, R27, R19, R69","8","0","8","507904","16252928","16252928","32","32","0","0","-","-","-","0","0","0","0","0","0","0","0","0","-","0","0","0","0","0","0","0","0","1","0","0","0","0","0","0","0","0","0","7","0","0","0","0","0","0","0","0","0","0","0","0","0","0","0","0","0","0","0","0","0"
"0x70736776ab10","      LDS.128 R24, [R11+0xaa0]","150","13","150","507904","16252928","16252928","32","32","0","0","Shared","Load","128","0","4","0","2031616","2031616","0","0","0","0","-","0","0","0","0","0","0","0","0","21","0","0","0","0","0","27","0","0","90","4","0","0","0","8","0","0","0","0","0","0","0","0","13","0","0","0","0","0","0","0","0"
"0x70736776ab20","      LDS.128 R16, [R37+0xaa0]","106","24","106","507904","16252928","16252928","32","32","0","0","Shared","Load","128","0","2","0","1015808","1015808","0","0","0","0","-","0","0","0","0","0","0","0","0","7","0","0","0","0","0","31","0","0","46","4","0","0","0","18","0","0","0","0","0","0","0","0","19","0","0","0","0","0","0","0","5"
"0x70736776ab30","      FFMA R70, R32, R20, R70","59","12","59","507904","16252928","16252928","32","32","0","0","-","-","-","0","0","0","0","0","0","0","0","0","-","0","0","0","0","0","0","0","0","8","0","0","0","0","0","0","0","0","15","6","30","0","0","0","0","0","0","0","0","0","0","0","0","0","0","0","0","12","0","0","0"
"0x70736776ab40","      FFMA R71, R32, R21, R71","14","0","14","507904","16252928","16252928","32","32","0","0","-","-","-","0","0","0","0","0","0","0","0","0","-","0","0","0","0","0","0","0","0","4","0","0","0","0","0","0","0","0","0","10","0","0","0","0","0","0","0","0","0","0","0","0","0","0","0","0","0","0","0","0","0"
"0x70736776ab50","      FFMA R72, R32, R22, R72","9","0","9","507904","16252928","16252928","32","32","0","0","-","-","-","0","0","0","0","0","0","0","0","0","-","0","0","0","0","0","0","0","0","2","0","0","0","0","0","0","0","0","0","7","0","0","0","0","0","0","0","0","0","0","0","0","0","0","0","0","0","0","0","0","0"
"0x70736776ab60","      FFMA R73, R32, R23, R73","10","0","10","507904","16252928","16252928","32","32","0","0","-","-","-","0","0","0","0","0","0","0","0","0","-","0","0","0","0","0","0","0","0","1","0","0","0","0","0","0","0","0","0","9","0","0","0","0","0","0","0","0","0","0","0","0","0","0","0","0","0","0","0","0","0"
"0x70736776ab70","      FFMA R51, R33, R20, R51","6","0","6","507904","16252928","16252928","32","32","0","0","-","-","-","0","0","0","0","0","0","0","0","0","-","0","0","0","0","0","0","0","0","1","0","0","0","0","0","0","0","0","0","5","0","0","0","0","0","0","0","0","0","0","0","0","0","0","0","0","0","0","0","0","0"
"0x70736776ab80","      FFMA R52, R33, R21, R52","10","0","10","507904","16252928","16252928","32","32","0","0","-","-","-","0","0","0","0","0","0","0","0","0","-","0","0","0","0","0","0","0","0","1","0","0","0","0","0","0","0","2","0","7","0","0","0","0","0","0","0","0","0","0","0","0","0","0","0","0","0","0","0","0","0"
"0x70736776ab90","      FFMA R53, R33, R22, R53","12","0","12","507904","16252928","16252928","32","32","0","0","-","-","-","0","0","0","0","0","0","0","0","0","-","0","0","0","0","0","0","0","0","1","0","0","0","0","0","0","0","0","0","11","0","0","0","0","0","0","0","0","0","0","0","0","0","0","0","0","0","0","0","0","0"
"0x70736776aba0","      FFMA R56, R33, R23, R56","5","0","5","507904","16252928","16252928","32","32","0","0","-","-","-","0","0","0","0","0","0","0","0","0","-","0","0","0","0","0","0","0","0","0","0","0","0","0","0","0","0","0","0","5","0","0","0","0","0","0","0","0","0","0","0","0","0","0","0","0","0","0","0","0","0"
"0x70736776abb0","      FFMA R57, R34, R20, R57","6","0","6","507904","16252928","16252928","32","32","0","0","-","-","-","0","0","0","0","0","0","0","0","0","-","0","0","0","0","0","0","0","0","2","0","0","0","0","0","0","0","0","0","4","0","0","0","0","0","0","0","0","0","0","0","0","0","0","0","0","0","0","0","0","0"
"0x70736776abc0","      FFMA R58, R34, R21, R58","10","0","10","507904","16252928","16252928","32","32","0","0","-","-","-","0","0","0","0","0","0","0","0","0","-","0","0","0","0","0","0","0","0","5","0","0","0","0","0","0","0","0","0","5","0","0","0","0","0","0","0","0","0","0","0","0","0","0","0","0","0","0","0","0","0"
"0x70736776abd0","      FFMA R59, R34, R22, R59","9","0","9","507904","16252928","16252928","32","32","0","0","-","-","-","0","0","0","0","0","0","0","0","0","-","0","0","0","0","0","0","0","0","0","0","0","0","0","0","0","0","0","0","9","0","0","0","0","0","0","0","0","0","0","0","0","0","0","0","0","0","0","0","0","0"
"0x70736776abe0","      FFMA R63, R34, R23, R63","6","0","6","507904","16252928","16252928","32","32","0","0","-","-","-","0","0","0","0","0","0","0","0","0","-","0","0","0","0","0","0","0","0","1","0","0","0","0","0","0","0","0","0","5","0","0","0","0","0","0","0","0","0","0","0","0","0","0","0","0","0","0","0","0","0"
"0x70736776abf0","      FFMA R45, R35, R20, R45","6","0","6","507904","16252928","16252928","32","32","0","0","-","-","-","0","0","0","0","0","0","0","0","0","-","0","0","0","0","0","0","0","0","0","0","0","0","0","0","0","0","0","0","6","0","0","0","0","0","0","0","0","0","0","0","0","0","0","0","0","0","0","0","0","0"
"0x70736776ac00","      FFMA R46, R35, R21, R46","5","0","5","507904","16252928","16252928","32","32","0","0","-","-","-","0","0","0","0","0","0","0","0","0","-","0","0","0","0","0","0","0","0","1","0","0","0","0","0","0","0","0","0","4","0","0","0","0","0","0","0","0","0","0","0","0","0","0","0","0","0","0","0","0","0"
"0x70736776ac10","      FFMA R44, R35, R22, R44","2","0","2","507904","16252928","16252928","32","32","0","0","-","-","-","0","0","0","0","0","0","0","0","0","-","0","0","0","0","0","0","0","0","0","0","0","0","0","0","0","0","0","0","2","0","0","0","0","0","0","0","0","0","0","0","0","0","0","0","0","0","0","0","0","0"
"0x70736776ac20","      FFMA R47, R35, R23, R47","7","0","7","507904","16252928","16252928","32","32","0","0","-","-","-","0","0","0","0","0","0","0","0","0","-","0","0","0","0","0","0","0","0","0","0","0","0","0","0","0","0","0","0","7","0","0","0","0","0","0","0","0","0","0","0","0","0","0","0","0","0","0","0","0","0"
"0x70736776ac30","      LDS.128 R32, [R11+0xb20]","178","19","178","507904","16252928","16252928","32","32","0","0","Shared","Load","128","0","4","0","2031616","2031616","0","0","0","0","-","0","0","0","0","0","0","0","0","27","0","0","0","0","0","33","0","0","95","8","0","0","0","15","0","0","0","0","0","0","0","0","17","0","0","0","0","0","0","0","2"
"0x70736776ac40","      FFMA R48, R28, R20, R48","61","6","61","507904","16252928","16252928","32","32","0","0","-","-","-","0","0","0","0","0","0","0","0","0","-","0","0","0","0","0","0","0","0","5","0","0","0","0","0","0","0","0","15","6","35","0","0","0","0","0","0","0","0","0","0","0","0","0","0","0","0","6","0","0","0"
"0x70736776ac50","      FFMA R49, R28, R21, R49","8","0","8","507904","16252928","16252928","32","32","0","0","-","-","-","0","0","0","0","0","0","0","0","0","-","0","0","0","0","0","0","0","0","2","0","0","0","0","0","0","0","0","0","6","0","0","0","0","0","0","0","0","0","0","0","0","0","0","0","0","0","0","0","0","0"
"0x70736776ac60","      FFMA R50, R28, R22, R50","6","0","6","507904","16252928","16252928","32","32","0","0","-","-","-","0","0","0","0","0","0","0","0","0","-","0","0","0","0","0","0","0","0","0","0","0","0","0","0","0","0","0","0","6","0","0","0","0","0","0","0","0","0","0","0","0","0","0","0","0","0","0","0","0","0"
"0x70736776ac70","      FFMA R60, R28, R23, R60","9","0","9","507904","16252928","16252928","32","32","0","0","-","-","-","0","0","0","0","0","0","0","0","0","-","0","0","0","0","0","0","0","0","0","0","0","0","0","0","0","0","0","0","9","0","0","0","0","0","0","0","0","0","0","0","0","0","0","0","0","0","0","0","0","0"
"0x70736776ac80","      IADD3 R28, PT, PT, R36, 0x8, RZ","10","0","10","507904","16252928","16252928","32","32","0","0","-","-","-","0","0","0","0","0","0","0","0","0","-","0","0","0","0","0","0","0","0","1","0","0","0","0","0","0","0","0","1","8","0","0","0","0","0","0","0","0","0","0","0","0","0","0","0","0","0","0","0","0","0"
"0x70736776ac90","      FFMA R61, R29, R20, R61","5","0","5","507904","16252928","16252928","32","32","0","0","-","-","-","0","0","0","0","0","0","0","0","0","-","0","0","0","0","0","0","0","0","1","0","0","0","0","0","0","0","0","0","4","0","0","0","0","0","0","0","0","0","0","0","0","0","0","0","0","0","0","0","0","0"
"0x70736776aca0","      FFMA R39, R29, R21, R39","4","0","4","507904","16252928","16252928","32","32","0","0","-","-","-","0","0","0","0","0","0","0","0","0","-","0","0","0","0","0","0","0","0","0","0","0","0","0","0","0","0","0","0","4","0","0","0","0","0","0","0","0","0","0","0","0","0","0","0","0","0","0","0","0","0"
"0x70736776acb0","      FFMA R38, R29, R22, R38","8","0","8","507904","16252928","16252928","32","32","0","0","-","-","-","0","0","0","0","0","0","0","0","0","-","0","0","0","0","0","0","0","0","1","0","0","0","0","0","0","0","0","0","7","0","0","0","0","0","0","0","0","0","0","0","0","0","0","0","0","0","0","0","0","0"
"0x70736776acc0","      FFMA R42, R29, R23, R42","8","0","8","507904","16252928","16252928","32","32","0","0","-","-","-","0","0","0","0","0","0","0","0","0","-","0","0","0","0","0","0","0","0","0","0","0","0","0","0","0","0","0","0","8","0","0","0","0","0","0","0","0","0","0","0","0","0","0","0","0","0","0","0","0","0"
"0x70736776acd0","      FFMA R41, R30, R20, R41","5","0","5","507904","16252928","16252928","32","32","0","0","-","-","-","0","0","0","0","0","0","0","0","0","-","0","0","0","0","0","0","0","0","1","0","0","0","0","0","0","0","0","0","4","0","0","0","0","0","0","0","0","0","0","0","0","0","0","0","0","0","0","0","0","0"
"0x70736776ace0","      FFMA R43, R30, R21, R43","6","0","6","507904","16252928","16252928","32","32","0","0","-","-","-","0","0","0","0","0","0","0","0","0","-","0","0","0","0","0","0","0","0","0","0","0","0","0","0","0","0","0","0","6","0","0","0","0","0","0","0","0","0","0","0","0","0","0","0","0","0","0","0","0","0"
"0x70736776acf0","      FFMA R40, R30, R22, R40","4","0","4","507904","16252928","16252928","32","32","0","0","-","-","-","0","0","0","0","0","0","0","0","0","-","0","0","0","0","0","0","0","0","1","0","0","0","0","0","0","0","0","0","3","0","0","0","0","0","0","0","0","0","0","0","0","0","0","0","0","0","0","0","0","0"
"0x70736776ad00","      FFMA R62, R30, R23, R62","10","2","10","507904","16252928","16252928","32","32","0","0","-","-","-","0","0","0","0","0","0","0","0","0","-","0","0","0","0","0","0","0","0","1","0","0","0","0","0","0","0","1","0","8","0","0","0","0","0","0","1","0","0","0","0","0","0","0","1","0","0","0","0","0","0"
"0x70736776ad10","      FFMA R66, R31, R20, R66","6","0","6","507904","16252928","16252928","32","32","0","0","-","-","-","0","0","0","0","0","0","0","0","0","-","0","0","0","0","0","0","0","0","0","0","0","0","0","0","0","0","0","0","6","0","0","0","0","0","0","0","0","0","0","0","0","0","0","0","0","0","0","0","0","0"
"0x70736776ad20","      ISETP.GE.AND P4, PT, R28, UR5, PT","20","0","20","507904","16252928","16252928","32","32","0","0","-","-","-","0","0","0","0","0","0","0","0","0","-","0","0","0","0","0","0","0","0","12","0","0","0","0","0","0","0","0","0","8","0","0","0","0","0","0","0","0","0","0","0","0","0","0","0","0","0","0","0","0","0"
"0x70736776ad30","      FFMA R67, R31, R21, R67","9","0","9","507904","16252928","16252928","32","32","0","0","-","-","-","0","0","0","0","0","0","0","0","0","-","0","0","0","0","0","0","0","0","0","0","0","0","0","0","0","0","0","0","9","0","0","0","0","0","0","0","0","0","0","0","0","0","0","0","0","0","0","0","0","0"
"0x70736776ad40","      FFMA R68, R31, R22, R68","6","0","6","507904","16252928","16252928","32","32","0","0","-","-","-","0","0","0","0","0","0","0","0","0","-","0","0","0","0","0","0","0","0","0","0","0","0","0","0","0","0","0","0","6","0","0","0","0","0","0","0","0","0","0","0","0","0","0","0","0","0","0","0","0","0"
"0x70736776ad50","      FFMA R74, R31, R23, R69","12","0","12","507904","16252928","16252928","32","32","0","0","-","-","-","0","0","0","0","0","0","0","0","0","-","0","0","0","0","0","0","0","0","0","0","0","0","0","0","0","0","0","0","12","0","0","0","0","0","0","0","0","0","0","0","0","0","0","0","0","0","0","0","0","0"
"0x70736776ad60","      LDS.128 R20, [R11+0xbb0]","140","14","140","507904","16252928","16252928","32","32","0","0","Shared","Load","128","0","4","0","2031616","2031616","0","0","0","0","-","0","0","0","0","0","0","0","0","24","0","0","0","0","0","19","0","0","78","5","0","0","0","14","0","0","0","0","0","0","0","0","13","0","0","1","0","0","0","0","0"
"0x70736776ad70","      FFMA R75, R24, R16, R70","124","20","124","507904","16252928","16252928","32","32","0","0","-","-","-","0","0","0","0","0","0","0","0","0","-","0","0","0","0","0","0","0","0","8","0","0","0","0","0","0","0","0","21","6","89","0","0","0","0","0","0","0","0","0","0","0","0","0","0","0","0","20","0","0","0"
"0x70736776ad80","      FFMA R71, R24, R17, R71","3","0","3","507904","16252928","16252928","32","32","0","0","-","-","-","0","0","0","0","0","0","0","0","0","-","0","0","0","0","0","0","0","0","1","0","0","0","0","0","0","0","0","0","2","0","0","0","0","0","0","0","0","0","0","0","0","0","0","0","0","0","0","0","0","0"
"0x70736776ad90","      FFMA R72, R24, R18, R72","3","0","3","507904","16252928","16252928","32","32","0","0","-","-","-","0","0","0","0","0","0","0","0","0","-","0","0","0","0","0","0","0","0","0","0","0","0","0","0","0","0","0","0","3","0","0","0","0","0","0","0","0","0","0","0","0","0","0","0","0","0","0","0","0","0"
"0x70736776ada0","      FFMA R77, R24, R19, R73","7","0","7","507904","16252928","16252928","32","32","0","0","-","-","-","0","0","0","0","0","0","0","0","0","-","0","0","0","0","0","0","0","0","0","0","0","0","0","0","0","0","0","0","7","0","0","0","0","0","0","0","0","0","0","0","0","0","0","0","0","0","0","0","0","0"
"0x70736776adb0","      IADD3 R24, PT, PT, R36, 0x10, RZ","13","0","13","507904","16252928","16252928","32","32","0","0","-","-","-","0","0","0","0","0","0","0","0","0","-","0","0","0","0","0","0","0","0","2","0","0","0","0","0","0","0","0","0","11","0","0","0","0","0","0","0","0","0","0","0","0","0","0","0","0","0","0","0","0","0"
"0x70736776adc0","      LDS.128 R28, [R37+0xbb0]","44","14","44","507904","16252928","16252928","32","32","0","0","Shared","Load","128","0","2","0","1015808","1015808","0","0","0","0","-","0","0","0","0","0","0","0","0","5","0","0","0","0","0","15","0","0","13","11","0","0","0","0","0","0","0","0","0","0","0","0","14","0","0","0","0","0","0","0","0"
"0x70736776add0","      ISETP.GE.AND P3, PT, R24, UR5, PT","51","3","51","507904","16252928","16252928","32","32","0","0","-","-","-","0","0","0","0","0","0","0","0","0","-","0","0","0","0","0","0","0","0","4","0","0","0","0","0","0","0","0","28","7","0","0","0","12","0","0","0","0","0","0","0","0","0","0","0","0","0","0","0","0","3"
"0x70736776ade0","      IADD3 R24, PT, PT, R36, 0x18, RZ","14","0","14","507904","16252928","16252928","32","32","0","0","-","-","-","0","0","0","0","0","0","0","0","0","-","0","0","0","0","0","0","0","0","3","0","0","0","0","0","0","0","0","8","3","0","0","0","0","0","0","0","0","0","0","0","0","0","0","0","0","0","0","0","0","0"
"0x70736776adf0","      FFMA R45, R27, R16, R45","6","0","6","507904","16252928","16252928","32","32","0","0","-","-","-","0","0","0","0","0","0","0","0","0","-","0","0","0","0","0","0","0","0","1","0","0","0","0","0","0","0","0","0","5","0","0","0","0","0","0","0","0","0","0","0","0","0","0","0","0","0","0","0","0","0"
"0x70736776ae00","      FFMA R46, R27, R17, R46","11","0","11","507904","16252928","16252928","32","32","0","0","-","-","-","0","0","0","0","0","0","0","0","0","-","0","0","0","0","0","0","0","0","1","0","0","0","0","0","0","0","0","0","10","0","0","0","0","0","0","0","0","0","0","0","0","0","0","0","0","0","0","0","0","0"
"0x70736776ae10","      FFMA R44, R27, R18, R44","11","0","11","507904","16252928","16252928","32","32","0","0","-","-","-","0","0","0","0","0","0","0","0","0","-","0","0","0","0","0","0","0","0","0","0","0","0","0","0","0","0","0","0","11","0","0","0","0","0","0","0","0","0","0","0","0","0","0","0","0","0","0","0","0","0"
"0x70736776ae20","      FFMA R47, R27, R19, R47","5","0","5","507904","16252928","16252928","32","32","0","0","-","-","-","0","0","0","0","0","0","0","0","0","-","0","0","0","0","0","0","0","0","1","0","0","0","0","0","0","0","0","0","4","0","0","0","0","0","0","0","0","0","0","0","0","0","0","0","0","0","0","0","0","0"
"0x70736776ae30","      ISETP.GE.AND P2, PT, R24, UR5, PT","6","0","6","507904","16252928","16252928","32","32","0","0","-","-","-","0","0","0","0","0","0","0","0","0","-","0","0","0","0","0","0","0","0","0","0","0","0","0","0","0","0","0","0","6","0","0","0","0","0","0","0","0","0","0","0","0","0","0","0","0","0","0","0","0","0"
"0x70736776ae40","@!P4  LDC R27, c[0x0][0x3a8]","7","0","7","507904","16252928","16252928","32","32","0","0","-","-","-","0","0","0","0","0","0","0","0","0","-","0","0","0","0","0","0","0","0","0","0","0","0","0","0","0","0","0","0","7","0","0","0","0","0","0","0","0","0","0","0","0","0","0","0","0","0","0","0","0","0"
"0x70736776ae50","      IADD3 R24, PT, PT, R36, 0x20, RZ","8","0","8","507904","16252928","16252928","32","32","0","0","-","-","-","0","0","0","0","0","0","0","0","0","-","0","0","0","0","0","0","0","0","0","0","0","0","0","0","0","0","0","0","8","0","0","0","0","0","0","0","0","0","0","0","0","0","0","0","0","0","0","0","0","0"
"0x70736776ae60","      FFMA R57, R26, R16, R57","13","0","13","507904","16252928","16252928","32","32","0","0","-","-","-","0","0","0","0","0","0","0","0","0","-","0","0","0","0","0","0","0","0","5","0","0","0","0","0","0","0","0","0","8","0","0","0","0","0","0","0","0","0","0","0","0","0","0","0","0","0","0","0","0","0"
"0x70736776ae70","      FFMA R58, R26, R17, R58","5","0","5","507904","16252928","16252928","32","32","0","0","-","-","-","0","0","0","0","0","0","0","0","0","-","0","0","0","0","0","0","0","0","0","0","0","0","0","0","0","0","0","0","5","0","0","0","0","0","0","0","0","0","0","0","0","0","0","0","0","0","0","0","0","0"
"0x70736776ae80","      FFMA R59, R26, R18, R59","15","1","15","507904","16252928","16252928","32","32","0","0","-","-","-","0","0","0","0","0","0","0","0","0","-","0","0","0","0","0","0","0","0","1","0","0","0","0","0","0","0","3","4","7","0","0","0","0","0","0","0","0","0","0","0","0","0","0","1","0","0","0","0","0","0"
"0x70736776ae90","      FFMA R63, R26, R19, R63","13","0","13","507904","16252928","16252928","32","32","0","0","-","-","-","0","0","0","0","0","0","0","0","0","-","0","0","0","0","0","0","0","0","1","0","0","0","0","0","0","0","0","0","12","0","0","0","0","0","0","0","0","0","0","0","0","0","0","0","0","0","0","0","0","0"
"0x70736776aea0","      FFMA R48, R32, R16, R48","70","4","70","507904","16252928","16252928","32","32","0","0","-","-","-","0","0","0","0","0","0","0","0","0","-","0","0","0","0","0","0","0","0","4","0","0","0","0","0","0","0","0","17","5","44","0","0","0","0","0","0","0","0","0","0","0","0","0","0","0","0","4","0","0","0"
"0x70736776aeb0","      FFMA R49, R32, R17, R49","7","0","7","507904","16252928","16252928","32","32","0","0","-","-","-","0","0","0","0","0","0","0","0","0","-","0","0","0","0","0","0","0","0","1","0","0","0","0","0","0","0","0","0","6","0","0","0","0","0","0","0","0","0","0","0","0","0","0","0","0","0","0","0","0","0"
"0x70736776aec0","@!P3  LDC R26, c[0x0][0x3a8]","2","0","2","507904","16252928","16252928","32","32","0","0","-","-","-","0","0","0","0","0","0","0","0","0","-","0","0","0","0","0","0","0","0","0","0","0","0","0","0","0","0","0","0","2","0","0","0","0","0","0","0","0","0","0","0","0","0","0","0","0","0","0","0","0","0"
"0x70736776aed0","      FFMA R50, R32, R18, R50","10","0","10","507904","16252928","16252928","32","32","0","0","-","-","-","0","0","0","0","0","0","0","0","0","-","0","0","0","0","0","0","0","0","0","0","0","0","0","0","0","0","0","0","10","0","0","0","0","0","0","0","0","0","0","0","0","0","0","0","0","0","0","0","0","0"
"0x70736776aee0","      FFMA R60, R32, R19, R60","12","0","12","507904","16252928","16252928","32","32","0","0","-","-","-","0","0","0","0","0","0","0","0","0","-","0","0","0","0","0","0","0","0","1","0","0","0","0","0","0","0","0","0","11","0","0","0","0","0","0","0","0","0","0","0","0","0","0","0","0","0","0","0","0","0"
"0x70736776aef0","      ISETP.GE.AND P1, PT, R24, UR5, PT","8","0","8","507904","16252928","16252928","32","32","0","0","-","-","-","0","0","0","0","0","0","0","0","0","-","0","0","0","0","0","0","0","0","6","0","0","0","0","0","0","0","0","0","2","0","0","0","0","0","0","0","0","0","0","0","0","0","0","0","0","0","0","0","0","0"
"0x70736776af00","@!P2  LDC R32, c[0x0][0x3a8]","123","2","123","507904","16252928","16252928","32","32","0","0","-","-","-","0","0","0","0","0","0","0","0","0","-","0","0","0","0","0","0","0","0","24","0","0","0","0","0","0","0","2","76","5","0","0","0","16","0","0","0","0","0","0","0","0","0","0","0","1","0","0","0","0","1"
"0x70736776af10","      FFMA R51, R25, R16, R51","4","0","4","507904","16252928","16252928","32","32","0","0","-","-","-","0","0","0","0","0","0","0","0","0","-","0","0","0","0","0","0","0","0","2","0","0","0","0","0","0","0","0","0","2","0","0","0","0","0","0","0","0","0","0","0","0","0","0","0","0","0","0","0","0","0"
"0x70736776af20","      FFMA R52, R25, R17, R52","9","0","9","507904","16252928","16252928","32","32","0","0","-","-","-","0","0","0","0","0","0","0","0","0","-","0","0","0","0","0","0","0","0","1","0","0","0","0","0","0","0","0","0","8","0","0","0","0","0","0","0","0","0","0","0","0","0","0","0","0","0","0","0","0","0"
"0x70736776af30","      FFMA R53, R25, R18, R53","9","0","9","507904","16252928","16252928","32","32","0","0","-","-","-","0","0","0","0","0","0","0","0","0","-","0","0","0","0","0","0","0","0","1","0","0","0","0","0","0","0","0","0","8","0","0","0","0","0","0","0","0","0","0","0","0","0","0","0","0","0","0","0","0","0"
"0x70736776af40","      FFMA R56, R25, R19, R56","3","0","3","507904","16252928","16252928","32","32","0","0","-","-","-","0","0","0","0","0","0","0","0","0","-","0","0","0","0","0","0","0","0","0","0","0","0","0","0","0","0","0","0","3","0","0","0","0","0","0","0","0","0","0","0","0","0","0","0","0","0","0","0","0","0"
"0x70736776af50","      IADD3 R25, PT, PT, R36, 0x28, RZ","2","0","2","507904","16252928","16252928","32","32","0","0","-","-","-","0","0","0","0","0","0","0","0","0","-","0","0","0","0","0","0","0","0","0","0","0","0","0","0","0","0","0","0","2","0","0","0","0","0","0","0","0","0","0","0","0","0","0","0","0","0","0","0","0","0"
"0x70736776af60","      FFMA R61, R33, R16, R61","5","0","5","507904","16252928","16252928","32","32","0","0","-","-","-","0","0","0","0","0","0","0","0","0","-","0","0","0","0","0","0","0","0","0","0","0","0","0","0","0","0","0","0","5","0","0","0","0","0","0","0","0","0","0","0","0","0","0","0","0","0","0","0","0","0"
"0x70736776af70","      FFMA R70, R33, R18, R38","6","0","6","507904","16252928","16252928","32","32","0","0","-","-","-","0","0","0","0","0","0","0","0","0","-","0","0","0","0","0","0","0","0","0","0","0","0","0","0","0","0","0","0","6","0","0","0","0","0","0","0","0","0","0","0","0","0","0","0","0","0","0","0","0","0"
"0x70736776af80","      FFMA R42, R33, R19, R42","12","0","12","507904","16252928","16252928","32","32","0","0","-","-","-","0","0","0","0","0","0","0","0","0","-","0","0","0","0","0","0","0","0","0","0","0","0","0","0","0","0","1","0","11","0","0","0","0","0","0","0","0","0","0","0","0","0","0","0","0","0","0","0","0","0"
"0x70736776af90","      FFMA R41, R34, R16, R41","8","0","8","507904","16252928","16252928","32","32","0","0","-","-","-","0","0","0","0","0","0","0","0","0","-","0","0","0","0","0","0","0","0","0","0","0","0","0","0","0","0","0","0","8","0","0","0","0","0","0","0","0","0","0","0","0","0","0","0","0","0","0","0","0","0"
"0x70736776afa0","      ISETP.GE.AND P0, PT, R25, UR5, PT","7","0","7","507904","16252928","16252928","32","32","0","0","-","-","-","0","0","0","0","0","0","0","0","0","-","0","0","0","0","0","0","0","0","0","0","0","0","0","0","0","0","0","0","7","0","0","0","0","0","0","0","0","0","0","0","0","0","0","0","0","0","0","0","0","0"
"0x70736776afb0","      FFMA R40, R34, R18, R40","7","0","7","507904","16252928","16252928","32","32","0","0","-","-","-","0","0","0","0","0","0","0","0","0","-","0","0","0","0","0","0","0","0","0","0","0","0","0","0","0","0","0","0","7","0","0","0","0","0","0","0","0","0","0","0","0","0","0","0","0","0","0","0","0","0"
"0x70736776afc0","      FFMA R24, R34, R19, R62","6","0","6","507904","16252928","16252928","32","32","0","0","-","-","-","0","0","0","0","0","0","0","0","0","-","0","0","0","0","0","0","0","0","1","0","0","0","0","0","0","0","0","0","5","0","0","0","0","0","0","0","0","0","0","0","0","0","0","0","0","0","0","0","0","0"
"0x70736776afd0","      FFMA R25, R35, R16, R66","7","0","7","507904","16252928","16252928","32","32","0","0","-","-","-","0","0","0","0","0","0","0","0","0","-","0","0","0","0","0","0","0","0","0","0","0","0","0","0","0","0","0","0","7","0","0","0","0","0","0","0","0","0","0","0","0","0","0","0","0","0","0","0","0","0"
"0x70736776afe0","      FFMA R68, R35, R18, R68","16","0","16","507904","16252928","16252928","32","32","0","0","-","-","-","0","0","0","0","0","0","0","0","0","-","0","0","0","0","0","0","0","0","11","0","0","0","0","0","0","0","0","0","5","0","0","0","0","0","0","0","0","0","0","0","0","0","0","0","0","0","0","0","0","0"
"0x70736776aff0","      FFMA R76, R35, R19, R74","5","0","5","507904","16252928","16252928","32","32","0","0","-","-","-","0","0","0","0","0","0","0","0","0","-","0","0","0","0","0","0","0","0","0","0","0","0","0","0","0","0","0","0","5","0","0","0","0","0","0","0","0","0","0","0","0","0","0","0","0","0","0","0","0","0"
"0x70736776b000","@!P1  LDC R16, c[0x0][0x3a8]","10","0","10","507904","16252928","16252928","32","32","0","0","-","-","-","0","0","0","0","0","0","0","0","0","-","0","0","0","0","0","0","0","0","0","0","0","0","0","0","0","0","1","2","7","0","0","0","0","0","0","0","0","0","0","0","0","0","0","0","0","0","0","0","0","0"
"0x70736776b010","@!P4  IMAD.WIDE R18, R27, 0x8, R64","11","0","11","507904","16252928","16252928","32","32","0","0","-","-","-","0","0","0","0","0","0","0","0","0","-","0","0","0","0","0","0","0","0","0","0","0","0","0","0","0","0","0","0","11","0","0","0","0","0","0","0","0","0","0","0","0","0","0","0","0","0","0","0","0","0"
"0x70736776b020","      FFMA R73, R20, R30, R72","231","12","231","507904","16252928","16252928","32","32","0","0","-","-","-","0","0","0","0","0","0","0","0","0","-","0","0","0","0","0","0","0","0","22","0","0","0","0","0","0","0","0","84","5","82","0","0","38","0","0","0","0","0","0","0","0","0","0","0","0","0","12","0","0","0"
"0x70736776b030","      FFMA R75, R20, R28, R75","13","0","13","507904","16252928","16252928","32","32","0","0","-","-","-","0","0","0","0","0","0","0","0","0","-","0","0","0","0","0","0","0","0","2","0","0","0","0","0","0","0","0","0","11","0","0","0","0","0","0","0","0","0","0","0","0","0","0","0","0","0","0","0","0","0"
"0x70736776b040","      FFMA R74, R20, R29, R71","3","0","3","507904","16252928","16252928","32","32","0","0","-","-","-","0","0","0","0","0","0","0","0","0","-","0","0","0","0","0","0","0","0","0","0","0","0","0","0","0","0","0","0","3","0","0","0","0","0","0","0","0","0","0","0","0","0","0","0","0","0","0","0","0","0"
"0x70736776b050","      FFMA R72, R20, R31, R77","1","0","1","507904","16252928","16252928","32","32","0","0","-","-","-","0","0","0","0","0","0","0","0","0","-","0","0","0","0","0","0","0","0","0","0","0","0","0","0","0","0","0","0","1","0","0","0","0","0","0","0","0","0","0","0","0","0","0","0","0","0","0","0","0","0"
"0x70736776b060","@!P4  LEA R20, P5, R18, UR32, 0x2","3","0","3","507904","16252928","16252928","32","32","0","0","-","-","-","0","0","0","0","0","0","0","0","0","-","0","0","0","0","0","0","0","0","0","0","0","0","0","0","0","0","0","0","3","0","0","0","0","0","0","0","0","0","0","0","0","0","0","0","0","0","0","0","0","0"
"0x70736776b070","      FFMA R43, R34, R17, R43","4","0","4","507904","16252928","16252928","32","32","0","0","-","-","-","0","0","0","0","0","0","0","0","0","-","0","0","0","0","0","0","0","0","1","0","0","0","0","0","0","0","0","0","3","0","0","0","0","0","0","0","0","0","0","0","0","0","0","0","0","0","0","0","0","0"
"0x70736776b080","      FFMA R69, R35, R17, R67","12","2","12","507904","16252928","16252928","32","32","0","0","-","-","-","0","0","0","0","0","0","0","0","0","-","0","0","0","0","0","0","0","0","0","0","0","0","0","0","0","0","2","0","10","0","0","0","0","0","0","0","0","0","0","0","0","0","0","2","0","0","0","0","0","0"
"0x70736776b090","      FFMA R51, R21, R28, R51","9","0","9","507904","16252928","16252928","32","32","0","0","-","-","-","0","0","0","0","0","0","0","0","0","-","0","0","0","0","0","0","0","0","1","0","0","0","0","0","0","0","0","0","8","0","0","0","0","0","0","0","0","0","0","0","0","0","0","0","0","0","0","0","0","0"
"0x70736776b0a0","      FFMA R52, R21, R29, R52","6","0","6","507904","16252928","16252928","32","32","0","0","-","-","-","0","0","0","0","0","0","0","0","0","-","0","0","0","0","0","0","0","0","4","0","0","0","0","0","0","0","0","0","2","0","0","0","0","0","0","0","0","0","0","0","0","0","0","0","0","0","0","0","0","0"
"0x70736776b0b0","      FFMA R53, R21, R30, R53","9","0","9","507904","16252928","16252928","32","32","0","0","-","-","-","0","0","0","0","0","0","0","0","0","-","0","0","0","0","0","0","0","0","0","0","0","0","0","0","0","0","0","0","9","0","0","0","0","0","0","0","0","0","0","0","0","0","0","0","0","0","0","0","0","0"
"0x70736776b0c0","      FFMA R56, R21, R31, R56","3","0","3","507904","16252928","16252928","32","32","0","0","-","-","-","0","0","0","0","0","0","0","0","0","-","0","0","0","0","0","0","0","0","0","0","0","0","0","0","0","0","0","0","3","0","0","0","0","0","0","0","0","0","0","0","0","0","0","0","0","0","0","0","0","0"
"0x70736776b0d0","      CS2R R34, SRZ","11","0","11","507904","16252928","16252928","32","32","0","0","-","-","-","0","0","0","0","0","0","0","0","0","-","0","0","0","0","0","0","0","0","6","0","0","0","0","0","0","0","0","0","5","0","0","0","0","0","0","0","0","0","0","0","0","0","0","0","0","0","0","0","0","0"
"0x70736776b0e0","@!P3  IMAD.WIDE R26, R26, 0x10, R64","17","0","17","507904","16252928","16252928","32","32","0","0","-","-","-","0","0","0","0","0","0","0","0","0","-","0","0","0","0","0","0","0","0","9","0","0","0","1","0","0","0","0","0","7","0","0","0","0","0","0","0","0","0","0","0","0","0","0","0","0","0","0","0","0","0"
"0x70736776b0f0","@!P4  LEA.HI.X R21, R18, UR33, R19, 0x2, P5","10","0","10","507904","16252928","16252928","32","32","0","0","-","-","-","0","0","0","0","0","0","0","0","0","-","0","0","0","0","0","0","0","0","1","0","0","0","0","0","0","0","0","0","9","0","0","0","0","0","0","0","0","0","0","0","0","0","0","0","0","0","0","0","0","0"
"0x70736776b100","      FFMA R39, R33, R17, R39","165","1","165","507904","16252928","16252928","32","32","0","0","-","-","-","0","0","0","0","0","0","0","0","0","-","0","0","0","0","0","0","0","0","36","0","0","0","0","0","0","0","0","109","7","0","0","0","13","0","0","0","0","0","0","0","0","0","0","0","1","0","0","0","0","0"
"0x70736776b110","@!P2  IMAD.WIDE R32, R32, 0x18, R64","15","0","15","507904","16252928","16252928","32","32","0","0","-","-","-","0","0","0","0","0","0","0","0","0","-","0","0","0","0","0","0","0","0","5","0","0","0","0","0","0","0","0","1","9","0","0","0","0","0","0","0","0","0","0","0","0","0","0","0","0","0","0","0","0","0"
"0x70736776b120","@!P3  LEA R66, P6, R26, UR32, 0x2","2","0","2","507904","16252928","16252928","32","32","0","0","-","-","-","0","0","0","0","0","0","0","0","0","-","0","0","0","0","0","0","0","0","0","0","0","0","0","0","0","0","0","0","2","0","0","0","0","0","0","0","0","0","0","0","0","0","0","0","0","0","0","0","0","0"
"0x70736776b130","@!P4  LDG.E.CONSTANT R35, desc[UR24][R20.64]","67","17","67","507904","16252928","16252928","32","32","0","0","Global","Load","32","1015808","0","0","0","0","0","2031616","2031616","0","","0","0","0","0","0","0","0","0","7","0","0","0","0","0","22","0","0","29","9","0","0","0","0","0","0","0","0","0","0","0","0","16","0","0","1","0","0","0","0","0"
"0x70736776b140","@!P2  LEA R18, P5, R32, UR32, 0x2","5","0","5","507904","16252928","16252928","32","32","0","0","-","-","-","0","0","0","0","0","0","0","0","0","-","0","0","0","0","0","0","0","0","0","0","0","0","0","0","0","0","0","0","5","0","0","0","0","0","0","0","0","0","0","0","0","0","0","0","0","0","0","0","0","0"
"0x70736776b150","@!P3  LEA.HI.X R67, R26, UR33, R27, 0x2, P6","73","5","73","507904","16252928","16252928","32","32","0","0","-","-","-","0","0","0","0","0","0","0","0","0","-","0","0","0","0","0","0","0","0","19","0","0","0","3","0","0","0","0","30","8","0","0","0","13","0","0","2","0","0","0","0","0","0","0","0","1","0","0","0","0","2"
"0x70736776b160","@!P0  LDC R20, c[0x0][0x3a8]","146","21","146","507904","16252928","16252928","32","32","0","0","-","-","-","0","0","0","0","0","0","0","0","0","-","0","0","0","0","0","0","0","0","27","0","0","49","0","0","0","0","0","63","7","0","0","0","0","0","0","0","0","0","21","0","0","0","0","0","0","0","0","0","0","0"
"0x70736776b170","@!P2  LEA.HI.X R19, R32, UR33, R33, 0x2, P5","7","0","7","507904","16252928","16252928","32","32","0","0","-","-","-","0","0","0","0","0","0","0","0","0","-","0","0","0","0","0","0","0","0","1","0","0","0","0","0","0","0","0","0","6","0","0","0","0","0","0","0","0","0","0","0","0","0","0","0","0","0","0","0","0","0"
"0x70736776b180","      CS2R R32, SRZ","7","0","7","507904","16252928","16252928","32","32","0","0","-","-","-","0","0","0","0","0","0","0","0","0","-","0","0","0","0","0","0","0","0","1","0","0","0","0","0","0","0","0","0","6","0","0","0","0","0","0","0","0","0","0","0","0","0","0","0","0","0","0","0","0","0"
"0x70736776b190","@!P3  LDG.E.CONSTANT R34, desc[UR24][R66.64]","120","18","120","507904","16252928","16252928","32","32","0","0","Global","Load","32","1015808","0","0","0","0","0","2031616","2031616","0","","0","0","0","0","0","0","0","0","8","0","1","0","0","0","30","0","0","70","8","0","0","0","3","0","0","0","0","1","0","0","0","16","0","0","0","0","0","0","0","1"
"0x70736776b1a0","      IADD3 R26, PT, PT, R36, 0x30, RZ","10","0","10","507904","16252928","16252928","32","32","0","0","-","-","-","0","0","0","0","0","0","0","0","0","-","0","0","0","0","0","0","0","0","1","0","0","0","0","0","0","0","0","0","9","0","0","0","0","0","0","0","0","0","0","0","0","0","0","0","0","0","0","0","0","0"
"0x70736776b1b0","@!P2  LDG.E.CONSTANT R33, desc[UR24][R18.64]","188","25","188","507904","16252928","16252928","32","32","0","0","Global","Load","32","1015808","0","0","0","0","0","2031616","2031616","0","","0","0","0","0","0","0","0","0","30","0","1","0","0","0","45","0","0","98","4","0","0","0","10","0","0","0","0","1","0","0","0","23","0","0","0","0","0","0","0","1"
"0x70736776b1c0","      ISETP.GE.AND P4, PT, R26, UR5, PT","31","3","31","507904","16252928","16252928","32","32","0","0","-","-","-","0","0","0","0","0","0","0","0","0","-","0","0","0","0","0","0","0","0","6","0","0","0","0","0","0","0","0","13","3","0","0","0","9","0","0","0","0","0","0","0","0","0","0","0","0","0","0","0","0","3"
"0x70736776b1d0","@!P1  IMAD.WIDE R66, R16, 0x20, R64","104","15","104","507904","16252928","16252928","32","32","0","0","-","-","-","0","0","0","0","0","0","0","0","0","-","0","0","0","0","0","0","0","0","10","0","0","25","26","0","0","0","0","38","5","0","0","0","0","0","0","0","0","0","13","2","0","0","0","0","0","0","0","0","0","0"
"0x70736776b1e0","      LDS.128 R16, [R11+0xc30]","178","22","178","507904","16252928","16252928","32","32","0","0","Shared","Load","128","0","4","0","2031616","2031616","0","0","0","0","-","0","0","0","0","0","0","0","0","22","0","0","38","0","0","19","0","0","88","8","0","0","0","3","0","0","0","0","0","13","0","0","8","0","0","0","0","0","0","0","1"
"0x70736776b1f0","@!P1  LEA R26, P2, R66, UR32, 0x2","15","0","15","507904","16252928","16252928","32","32","0","0","-","-","-","0","0","0","0","0","0","0","0","0","-","0","0","0","0","0","0","0","0","6","0","0","0","0","0","0","0","0","0","9","0","0","0","0","0","0","0","0","0","0","0","0","0","0","0","0","0","0","0","0","0"
"0x70736776b200","@!P1  LEA.HI.X R27, R66, UR33, R67, 0x2, P2","157","1","157","507904","16252928","16252928","32","32","0","0","-","-","-","0","0","0","0","0","0","0","0","0","-","0","0","0","0","0","0","0","0","19","0","0","0","13","0","0","0","0","102","5","0","0","0","18","0","0","0","0","0","0","0","0","0","0","0","0","0","0","0","0","1"
"0x70736776b210","      IADD3 R21, PT, PT, R36, 0x38, RZ","46","1","46","507904","16252928","16252928","32","32","0","0","-","-","-","0","0","0","0","0","0","0","0","0","-","0","0","0","0","0","0","0","0","7","0","0","0","3","0","0","0","0","22","8","0","0","0","6","0","0","0","0","0","0","0","0","0","0","0","0","0","0","0","0","1"
"0x70736776b220","@!P1  LDG.E.CONSTANT R32, desc[UR24][R26.64]","210","36","210","507904","16252928","16252928","32","32","0","0","Global","Load","32","1015808","0","0","0","0","0","2031616","2031616","0","","0","0","0","0","0","0","0","0","28","0","0","0","0","0","51","0","0","111","5","0","0","0","15","0","0","0","0","0","0","0","0","32","0","0","0","0","0","0","0","4"
"0x70736776b230","      ISETP.GE.AND P5, PT, R21, UR5, PT","35","1","35","507904","16252928","16252928","32","32","0","0","-","-","-","0","0","0","0","0","0","0","0","0","-","0","0","0","0","0","0","0","0","5","0","0","0","0","0","0","0","0","17","2","0","0","0","11","0","0","0","0","0","0","0","0","0","0","0","0","0","0","0","0","1"
"0x70736776b240","      IADD3 R21, PT, PT, R15, 0x10, RZ","19","0","19","507904","16252928","16252928","32","32","0","0","-","-","-","0","0","0","0","0","0","0","0","0","-","0","0","0","0","0","0","0","0","2","0","0","0","4","0","0","0","0","7","6","0","0","0","0","0","0","0","0","0","0","0","0","0","0","0","0","0","0","0","0","0"
"0x70736776b250","      FFMA R57, R22, R28, R57","7","0","7","507904","16252928","16252928","32","32","0","0","-","-","-","0","0","0","0","0","0","0","0","0","-","0","0","0","0","0","0","0","0","0","0","0","0","0","0","0","0","0","0","7","0","0","0","0","0","0","0","0","0","0","0","0","0","0","0","0","0","0","0","0","0"
"0x70736776b260","      FFMA R58, R22, R29, R58","7","0","7","507904","16252928","16252928","32","32","0","0","-","-","-","0","0","0","0","0","0","0","0","0","-","0","0","0","0","0","0","0","0","2","0","0","0","0","0","0","0","0","0","5","0","0","0","0","0","0","0","0","0","0","0","0","0","0","0","0","0","0","0","0","0"
"0x70736776b270","      FFMA R59, R22, R30, R59","7","0","7","507904","16252928","16252928","32","32","0","0","-","-","-","0","0","0","0","0","0","0","0","0","-","0","0","0","0","0","0","0","0","1","0","0","0","0","0","0","0","0","0","6","0","0","0","0","0","0","0","0","0","0","0","0","0","0","0","0","0","0","0","0","0"
"0x70736776b280","@!P0  IMAD.WIDE R26, R20, 0x28, R64","210","25","210","507904","16252928","16252928","32","32","0","0","-","-","-","0","0","0","0","0","0","0","0","0","-","0","0","0","0","0","0","0","0","21","0","0","91","45","0","0","0","0","47","6","0","0","0","0","0","0","0","0","0","25","0","0","0","0","0","0","0","0","0","0","0"
"0x70736776b290","      FFMA R63, R22, R31, R63","126","5","126","507904","16252928","16252928","32","32","0","0","-","-","-","0","0","0","0","0","0","0","0","0","-","0","0","0","0","0","0","0","0","19","0","0","0","0","0","0","0","0","81","8","0","0","0","18","0","0","0","0","0","0","0","0","0","0","0","1","0","0","0","0","4"
"0x70736776b2a0","      FFMA R45, R23, R28, R45","12","0","12","507904","16252928","16252928","32","32","0","0","-","-","-","0","0","0","0","0","0","0","0","0","-","0","0","0","0","0","0","0","0","5","0","0","0","0","0","0","0","0","0","7","0","0","0","0","0","0","0","0","0","0","0","0","0","0","0","0","0","0","0","0","0"
"0x70736776b2b0","@!P4  LDC R22, c[0x0][0x3a8]","8","0","8","507904","16252928","16252928","32","32","0","0","-","-","-","0","0","0","0","0","0","0","0","0","-","0","0","0","0","0","0","0","0","1","0","0","0","0","0","0","0","0","0","7","0","0","0","0","0","0","0","0","0","0","0","0","0","0","0","0","0","0","0","0","0"
"0x70736776b2c0","      FFMA R46, R23, R29, R46","5","0","5","507904","16252928","16252928","32","32","0","0","-","-","-","0","0","0","0","0","0","0","0","0","-","0","0","0","0","0","0","0","0","2","0","0","0","0","0","0","0","0","0","3","0","0","0","0","0","0","0","0","0","0","0","0","0","0","0","0","0","0","0","0","0"
"0x70736776b2d0","@!P0  LEA R20, P2, R26, UR32, 0x2","5","0","5","507904","16252928","16252928","32","32","0","0","-","-","-","0","0","0","0","0","0","0","0","0","-","0","0","0","0","0","0","0","0","0","0","0","0","0","0","0","0","0","0","5","0","0","0","0","0","0","0","0","0","0","0","0","0","0","0","0","0","0","0","0","0"
"0x70736776b2e0","      FFMA R44, R23, R30, R44","11","0","11","507904","16252928","16252928","32","32","0","0","-","-","-","0","0","0","0","0","0","0","0","0","-","0","0","0","0","0","0","0","0","0","0","0","0","0","0","0","0","0","0","11","0","0","0","0","0","0","0","0","0","0","0","0","0","0","0","0","0","0","0","0","0"
"0x70736776b2f0","      FFMA R47, R23, R31, R47","13","0","13","507904","16252928","16252928","32","32","0","0","-","-","-","0","0","0","0","0","0","0","0","0","-","0","0","0","0","0","0","0","0","6","0","0","0","0","0","0","0","0","0","7","0","0","0","0","0","0","0","0","0","0","0","0","0","0","0","0","0","0","0","0","0"
"0x70736776b300","      IADD3 R23, PT, PT, R15, 0x8, RZ","4","0","4","507904","16252928","16252928","32","32","0","0","-","-","-","0","0","0","0","0","0","0","0","0","-","0","0","0","0","0","0","0","0","0","0","0","0","0","0","0","0","0","0","4","0","0","0","0","0","0","0","0","0","0","0","0","0","0","0","0","0","0","0","0","0"
"0x70736776b310","      ISETP.GE.AND P3, PT, R21, UR11, PT","5","0","5","507904","16252928","16252928","32","32","0","0","-","-","-","0","0","0","0","0","0","0","0","0","-","0","0","0","0","0","0","0","0","0","0","0","0","0","0","0","0","0","0","5","0","0","0","0","0","0","0","0","0","0","0","0","0","0","0","0","0","0","0","0","0"
"0x70736776b320","      MOV R38, RZ","9","0","9","507904","16252928","16252928","32","32","0","0","-","-","-","0","0","0","0","0","0","0","0","0","-","0","0","0","0","0","0","0","0","0","0","0","0","0","0","0","0","0","0","9","0","0","0","0","0","0","0","0","0","0","0","0","0","0","0","0","0","0","0","0","0"
"0x70736776b330","@!P0  LEA.HI.X R21, R26, UR33, R27, 0x2, P2","79","2","79","507904","16252928","16252928","32","32","0","0","-","-","-","0","0","0","0","0","0","0","0","0","-","0","0","0","0","0","0","0","0","7","0","0","0","10","0","0","0","0","54","8","0","0","0","0","0","0","0","0","0","0","0","0","0","0","0","2","0","0","0","0","0"
"0x70736776b340","      ISETP.GE.AND P1, PT, R23, UR11, PT","106","1","106","507904","16252928","16252928","32","32","0","0","-","-","-","0","0","0","0","0","0","0","0","0","-","0","0","0","0","0","0","0","0","17","0","0","0","0","0","0","0","0","78","5","0","0","0","6","0","0","0","0","0","0","0","0","0","0","0","0","0","0","0","0","1"
"0x70736776b350","@!P0  LDG.E.CONSTANT R38, desc[UR24][R20.64]","255","44","255","507904","16252928","16252928","32","32","0","0","Global","Load","32","1015808","0","0","0","0","0","2031616","2031616","0","","0","0","0","0","0","0","0","0","31","0","1","0","0","0","61","0","0","141","7","0","0","0","14","0","0","1","0","1","0","0","0","37","0","0","1","0","0","0","0","4"
"0x70736776b360","      IADD3 R23, PT, PT, R15, 0x18, RZ","8","0","8","507904","16252928","16252928","32","32","0","0","-","-","-","0","0","0","0","0","0","0","0","0","-","0","0","0","0","0","0","0","0","1","0","0","0","0","0","0","0","0","0","7","0","0","0","0","0","0","0","0","0","0","0","0","0","0","0","0","0","0","0","0","0"
"0x70736776b370","@!P5  LDC R20, c[0x0][0x3a8]","238","34","238","507904","16252928","16252928","32","32","0","0","-","-","-","0","0","0","0","0","0","0","0","0","-","0","0","0","0","0","0","0","0","25","0","0","116","0","0","0","0","0","93","4","0","0","0","0","0","0","0","0","0","33","0","0","0","0","0","1","0","0","0","0","0"
"0x70736776b380","      ISETP.GE.AND P2, PT, R23, UR11, PT","58","8","58","507904","16252928","16252928","32","32","0","0","-","-","-","0","0","0","0","0","0","0","0","0","-","0","0","0","0","0","0","0","0","7","0","0","0","0","0","0","0","0","29","1","0","0","0","21","0","0","0","0","0","0","0","0","0","0","0","0","0","0","0","0","8"
"0x70736776b390","@!P4  IMAD.WIDE R22, R22, 0x30, R64","32","1","32","507904","16252928","16252928","32","32","0","0","-","-","-","0","0","0","0","0","0","0","0","0","-","0","0","0","0","0","0","0","0","5","0","0","0","10","0","0","0","0","14","3","0","0","0","0","0","0","0","0","0","0","1","0","0","0","0","0","0","0","0","0","0"
"0x70736776b3a0","      FFMA R41, R18, R28, R41","119","5","119","507904","16252928","16252928","32","32","0","0","-","-","-","0","0","0","0","0","0","0","0","0","-","0","0","0","0","0","0","0","0","16","0","0","0","0","0","0","0","0","68","6","0","0","0","29","0","0","0","0","0","0","0","0","0","0","0","0","0","0","0","0","5"
"0x70736776b3b0","      FFMA R43, R18, R29, R43","13","0","13","507904","16252928","16252928","32","32","0","0","-","-","-","0","0","0","0","0","0","0","0","0","-","0","0","0","0","0","0","0","0","8","0","0","0","0","0","0","0","0","0","5","0","0","0","0","0","0","0","0","0","0","0","0","0","0","0","0","0","0","0","0","0"
"0x70736776b3c0","@!P1  LDC R21, c[0x0][0x3c8]","6","0","6","507904","16252928","16252928","32","32","0","0","-","-","-","0","0","0","0","0","0","0","0","0","-","0","0","0","0","0","0","0","0","0","0","0","0","0","0","0","0","0","0","6","0","0","0","0","0","0","0","0","0","0","0","0","0","0","0","0","0","0","0","0","0"
"0x70736776b3d0","      FFMA R62, R18, R30, R40","9","0","9","507904","16252928","16252928","32","32","0","0","-","-","-","0","0","0","0","0","0","0","0","0","-","0","0","0","0","0","0","0","0","1","0","0","0","0","0","0","0","0","0","8","0","0","0","0","0","0","0","0","0","0","0","0","0","0","0","0","0","0","0","0","0"
"0x70736776b3e0","      FFMA R66, R18, R31, R24","5","0","5","507904","16252928","16252928","32","32","0","0","-","-","-","0","0","0","0","0","0","0","0","0","-","0","0","0","0","0","0","0","0","0","0","0","0","0","0","0","0","0","0","5","0","0","0","0","0","0","0","0","0","0","0","0","0","0","0","0","0","0","0","0","0"
"0x70736776b3f0","      FFMA R48, R16, R28, R48","5","0","5","507904","16252928","16252928","32","32","0","0","-","-","-","0","0","0","0","0","0","0","0","0","-","0","0","0","0","0","0","0","0","0","0","0","0","0","0","0","0","0","0","5","0","0","0","0","0","0","0","0","0","0","0","0","0","0","0","0","0","0","0","0","0"
"0x70736776b400","      FFMA R49, R16, R29, R49","4","0","4","507904","16252928","16252928","32","32","0","0","-","-","-","0","0","0","0","0","0","0","0","0","-","0","0","0","0","0","0","0","0","1","0","0","0","0","0","0","0","0","0","3","0","0","0","0","0","0","0","0","0","0","0","0","0","0","0","0","0","0","0","0","0"
"0x70736776b410","      FFMA R50, R16, R30, R50","6","0","6","507904","16252928","16252928","32","32","0","0","-","-","-","0","0","0","0","0","0","0","0","0","-","0","0","0","0","0","0","0","0","0","0","0","0","0","0","0","0","0","0","6","0","0","0","0","0","0","0","0","0","0","0","0","0","0","0","0","0","0","0","0","0"
"0x70736776b420","@!P3  LDC R18, c[0x0][0x3c8]","122","7","122","507904","16252928","16252928","32","32","0","0","-","-","-","0","0","0","0","0","0","0","0","0","-","0","0","0","0","0","0","0","0","32","0","0","0","0","0","0","0","0","61","9","0","0","0","20","0","0","3","0","0","0","0","0","0","0","0","0","0","0","0","0","4"
"0x70736776b430","      FFMA R60, R16, R31, R60","11","0","11","507904","16252928","16252928","32","32","0","0","-","-","-","0","0","0","0","0","0","0","0","0","-","0","0","0","0","0","0","0","0","4","0","0","0","0","0","0","0","0","0","7","0","0","0","0","0","0","0","0","0","0","0","0","0","0","0","0","0","0","0","0","0"
"0x70736776b440","@!P4  LEA R16, P0, R22, UR32, 0x2","10","0","10","507904","16252928","16252928","32","32","0","0","-","-","-","0","0","0","0","0","0","0","0","0","-","0","0","0","0","0","0","0","0","2","0","0","0","0","0","0","0","0","0","8","0","0","0","0","0","0","0","0","0","0","0","0","0","0","0","0","0","0","0","0","0"
"0x70736776b450","      FFMA R71, R17, R29, R39","6","0","6","507904","16252928","16252928","32","32","0","0","-","-","-","0","0","0","0","0","0","0","0","0","-","0","0","0","0","0","0","0","0","0","0","0","0","0","0","0","0","0","0","6","0","0","0","0","0","0","0","0","0","0","0","0","0","0","0","0","0","0","0","0","0"
"0x70736776b460","      FFMA R61, R17, R28, R61","8","0","8","507904","16252928","16252928","32","32","0","0","-","-","-","0","0","0","0","0","0","0","0","0","-","0","0","0","0","0","0","0","0","0","0","0","0","0","0","0","0","0","0","8","0","0","0","0","0","0","0","0","0","0","0","0","0","0","0","0","0","0","0","0","0"
"0x70736776b470","      FFMA R70, R17, R30, R70","4","0","4","507904","16252928","16252928","32","32","0","0","-","-","-","0","0","0","0","0","0","0","0","0","-","0","0","0","0","0","0","0","0","0","0","0","0","0","0","0","0","0","0","4","0","0","0","0","0","0","0","0","0","0","0","0","0","0","0","0","0","0","0","0","0"
"0x70736776b480","      FFMA R42, R17, R31, R42","8","0","8","507904","16252928","16252928","32","32","0","0","-","-","-","0","0","0","0","0","0","0","0","0","-","0","0","0","0","0","0","0","0","0","0","0","0","0","0","0","0","0","0","8","0","0","0","0","0","0","0","0","0","0","0","0","0","0","0","0","0","0","0","0","0"
"0x70736776b490","@!P2  LDC R24, c[0x0][0x3c8]","50","3","50","507904","16252928","16252928","32","32","0","0","-","-","-","0","0","0","0","0","0","0","0","0","-","0","0","0","0","0","0","0","0","5","0","0","0","0","0","0","0","0","30","3","0","0","0","12","0","0","0","0","0","0","0","0","0","0","0","0","0","0","0","0","3"
"0x70736776b4a0","      MOV R39, RZ","10","0","10","507904","16252928","16252928","32","32","0","0","-","-","-","0","0","0","0","0","0","0","0","0","-","0","0","0","0","0","0","0","0","6","0","0","0","0","0","0","0","0","0","4","0","0","0","0","0","0","0","0","0","0","0","0","0","0","0","0","0","0","0","0","0"
"0x70736776b4b0","@!P4  LEA.HI.X R17, R22, UR33, R23, 0x2, P0","4","0","4","507904","16252928","16252928","32","32","0","0","-","-","-","0","0","0","0","0","0","0","0","0","-","0","0","0","0","0","0","0","0","0","0","0","0","0","0","0","0","0","0","4","0","0","0","0","0","0","0","0","0","0","0","0","0","0","0","0","0","0","0","0","0"
"0x70736776b4c0","@!P5  IMAD.WIDE R22, R20, 0x38, R64","3","0","3","507904","16252928","16252928","32","32","0","0","-","-","-","0","0","0","0","0","0","0","0","0","-","0","0","0","0","0","0","0","0","1","0","0","0","0","0","0","0","0","0","2","0","0","0","0","0","0","0","0","0","0","0","0","0","0","0","0","0","0","0","0","0"
"0x70736776b4d0","      IADD3 R26, PT, PT, R15, 0x20, RZ","9","0","9","507904","16252928","16252928","32","32","0","0","-","-","-","0","0","0","0","0","0","0","0","0","-","0","0","0","0","0","0","0","0","0","0","0","0","0","0","0","0","0","0","9","0","0","0","0","0","0","0","0","0","0","0","0","0","0","0","0","0","0","0","0","0"
"0x70736776b4e0","@!P4  LDG.E.CONSTANT R39, desc[UR24][R16.64]","251","41","251","507904","16252928","16252928","32","32","0","0","Global","Load","32","1015808","0","0","0","0","0","2031616","2031616","0","","0","0","0","0","0","0","0","0","35","0","1","0","0","0","61","0","0","133","8","0","0","0","13","0","0","1","0","1","0","0","0","36","0","0","0","0","0","0","0","3"
"0x70736776b4f0","      ISETP.GE.AND P0, PT, R26, UR11, PT","47","0","47","507904","16252928","16252928","32","32","0","0","-","-","-","0","0","0","0","0","0","0","0","0","-","0","0","0","0","0","0","0","0","2","0","0","0","0","0","0","0","0","26","9","0","0","0","10","0","0","0","0","0","0","0","0","0","0","0","0","0","0","0","0","0"
"0x70736776b500","      MOV R40, RZ","7","0","7","507904","16252928","16252928","32","32","0","0","-","-","-","0","0","0","0","0","0","0","0","0","-","0","0","0","0","0","0","0","0","3","0","0","0","0","0","0","0","0","0","4","0","0","0","0","0","0","0","0","0","0","0","0","0","0","0","0","0","0","0","0","0"
"0x70736776b510","@!P1  IMAD.WIDE R20, R21, 0x8, R54","22","0","22","507904","16252928","16252928","32","32","0","0","-","-","-","0","0","0","0","0","0","0","0","0","-","0","0","0","0","0","0","0","0","3","0","0","0","6","0","0","0","0","5","8","0","0","0","0","0","0","0","0","0","0","0","0","0","0","0","0","0","0","0","0","0"
"0x70736776b520","@!P5  LEA R16, P4, R22, UR32, 0x2","191","32","191","507904","16252928","16252928","32","32","0","0","-","-","-","0","0","0","0","0","0","0","0","0","-","0","0","0","0","0","0","0","0","20","0","0","80","6","0","0","0","0","78","7","0","0","0","0","0","0","0","0","0","31","1","0","0","0","0","0","0","0","0","0","0"
"0x70736776b530","@!P5  LEA.HI.X R17, R22, UR33, R23, 0x2, P4","175","5","175","507904","16252928","16252928","32","32","0","0","-","-","-","0","0","0","0","0","0","0","0","0","-","0","0","0","0","0","0","0","0","26","0","0","0","15","0","0","0","0","104","10","0","0","0","20","0","0","1","0","0","0","0","0","0","0","0","1","0","0","0","0","3"
"0x70736776b540","      FFMA R67, R19, R28, R25","13","0","13","507904","16252928","16252928","32","32","0","0","-","-","-","0","0","0","0","0","0","0","0","0","-","0","0","0","0","0","0","0","0","3","0","0","0","0","0","0","0","0","0","10","0","0","0","0","0","0","0","0","0","0","0","0","0","0","0","0","0","0","0","0","0"
"0x70736776b550","      IADD3 R25, PT, PT, R15, 0x28, RZ","8","0","8","507904","16252928","16252928","32","32","0","0","-","-","-","0","0","0","0","0","0","0","0","0","-","0","0","0","0","0","0","0","0","1","0","0","0","0","0","0","0","0","0","7","0","0","0","0","0","0","0","0","0","0","0","0","0","0","0","0","0","0","0","0","0"
"0x70736776b560","@!P3  IMAD.WIDE R22, R18, 0x10, R54","5","0","5","507904","16252928","16252928","32","32","0","0","-","-","-","0","0","0","0","0","0","0","0","0","-","0","0","0","0","0","0","0","0","0","0","0","0","1","0","0","0","0","0","4","0","0","0","0","0","0","0","0","0","0","0","0","0","0","0","0","0","0","0","0","0"
"0x70736776b570","@!P0  LDC R26, c[0x0][0x3c8]","110","1","110","507904","16252928","16252928","32","32","0","0","-","-","-","0","0","0","0","0","0","0","0","0","-","0","0","0","0","0","0","0","0","17","0","0","0","0","0","0","0","0","77","7","0","0","0","9","0","0","0","0","0","0","0","0","0","0","0","0","0","0","0","0","1"
"0x70736776b580","@!P5  LDG.E.CONSTANT R40, desc[UR24][R16.64]","123","37","123","507904","16252928","16252928","32","32","0","0","Global","Load","32","1015808","0","0","0","0","0","2031616","2031616","0","","0","0","0","0","0","0","0","0","15","0","0","0","0","0","57","0","0","43","8","0","0","0","0","0","0","0","0","0","0","0","0","37","0","0","0","0","0","0","0","0"
"0x70736776b590","      IADD3 R18, PT, PT, R15, 0x30, RZ","10","0","10","507904","16252928","16252928","32","32","0","0","-","-","-","0","0","0","0","0","0","0","0","0","-","0","0","0","0","0","0","0","0","6","0","0","0","0","0","0","0","0","0","4","0","0","0","0","0","0","0","0","0","0","0","0","0","0","0","0","0","0","0","0","0"
"0x70736776b5a0","      ISETP.GE.AND P4, PT, R25, UR11, PT","9","0","9","507904","16252928","16252928","32","32","0","0","-","-","-","0","0","0","0","0","0","0","0","0","-","0","0","0","0","0","0","0","0","5","0","0","0","0","0","0","0","0","0","4","0","0","0","0","0","0","0","0","0","0","0","0","0","0","0","0","0","0","0","0","0"
"0x70736776b5b0","@!P2  IMAD.WIDE R24, R24, 0x18, R54","44","0","44","507904","16252928","16252928","32","32","0","0","-","-","-","0","0","0","0","0","0","0","0","0","-","0","0","0","0","0","0","0","0","5","0","0","0","20","0","0","0","0","15","4","0","0","0","0","0","0","0","0","0","0","0","0","0","0","0","0","0","0","0","0","0"
"0x70736776b5c0","@!P1  LEA R16, P5, R20, UR30, 0x2","204","31","204","507904","16252928","16252928","32","32","0","0","-","-","-","0","0","0","0","0","0","0","0","0","-","0","0","0","0","0","0","0","0","23","0","0","69","7","0","0","0","0","95","10","0","0","0","0","0","0","1","0","0","29","0","0","0","0","0","1","0","0","0","0","0"
"0x70736776b5d0","@!P1  LEA.HI.X R17, R20, UR31, R21, 0x2, P5","149","9","149","507904","16252928","16252928","32","32","0","0","-","-","-","0","0","0","0","0","0","0","0","0","-","0","0","0","0","0","0","0","0","24","0","0","0","7","0","0","0","0","94","4","0","0","0","20","0","0","1","0","0","0","1","0","0","0","0","0","0","0","0","0","7"
"0x70736776b5e0","@!P3  LEA R20, P6, R22, UR30, 0x2","48","2","48","507904","16252928","16252928","32","32","0","0","-","-","-","0","0","0","0","0","0","0","0","0","-","0","0","0","0","0","0","0","0","6","0","0","0","2","0","0","0","0","30","4","0","0","0","6","0","0","0","0","0","0","0","0","0","0","0","0","0","0","0","0","2"
"0x70736776b5f0","      ISETP.GE.AND P5, PT, R18, UR11, PT","6","0","6","507904","16252928","16252928","32","32","0","0","-","-","-","0","0","0","0","0","0","0","0","0","-","0","0","0","0","0","0","0","0","2","0","0","0","0","0","0","0","0","0","4","0","0","0","0","0","0","0","0","0","0","0","0","0","0","0","0","0","0","0","0","0"
"0x70736776b600","      FFMA R69, R19, R29, R69","9","0","9","507904","16252928","16252928","32","32","0","0","-","-","-","0","0","0","0","0","0","0","0","0","-","0","0","0","0","0","0","0","0","1","0","0","0","0","0","0","0","0","0","8","0","0","0","0","0","0","0","0","0","0","0","0","0","0","0","0","0","0","0","0","0"
"0x70736776b610","@!P3  LEA.HI.X R21, R22, UR31, R23, 0x2, P6","58","1","58","507904","16252928","16252928","32","32","0","0","-","-","-","0","0","0","0","0","0","0","0","0","-","0","0","0","0","0","0","0","0","8","0","0","0","3","0","0","0","0","27","11","0","0","0","9","0","0","0","0","0","0","0","0","0","0","0","0","0","0","0","0","1"
"0x70736776b620","      FFMA R68, R19, R30, R68","5","0","5","507904","16252928","16252928","32","32","0","0","-","-","-","0","0","0","0","0","0","0","0","0","-","0","0","0","0","0","0","0","0","0","0","0","0","0","0","0","0","0","0","5","0","0","0","0","0","0","0","0","0","0","0","0","0","0","0","0","0","0","0","0","0"
"0x70736776b630","@!P2  LEA R18, P6, R24, UR30, 0x2","8","0","8","507904","16252928","16252928","32","32","0","0","-","-","-","0","0","0","0","0","0","0","0","0","-","0","0","0","0","0","0","0","0","1","0","0","0","0","0","0","0","0","0","7","0","0","0","0","0","0","0","0","0","0","0","0","0","0","0","0","0","0","0","0","0"
"0x70736776b640","      FFMA R76, R19, R31, R76","2","0","2","507904","16252928","16252928","32","32","0","0","-","-","-","0","0","0","0","0","0","0","0","0","-","0","0","0","0","0","0","0","0","0","0","0","0","0","0","0","0","0","0","2","0","0","0","0","0","0","0","0","0","0","0","0","0","0","0","0","0","0","0","0","0"
"0x70736776b650","@!P4  LDC R29, c[0x0][0x3c8]","9","0","9","507904","16252928","16252928","32","32","0","0","-","-","-","0","0","0","0","0","0","0","0","0","-","0","0","0","0","0","0","0","0","1","0","0","0","0","0","0","0","0","0","8","0","0","0","0","0","0","0","0","0","0","0","0","0","0","0","0","0","0","0","0","0"
"0x70736776b660","@!P1  LDG.E.CONSTANT R8, desc[UR24][R16.64]","64","21","64","507904","16252928","16252928","32","32","0","0","Global","Load","32","1015808","0","0","0","0","0","2031616","2031616","0","","0","0","0","0","0","0","0","0","3","0","0","0","0","0","26","0","0","26","9","0","0","0","0","0","0","0","0","0","0","0","0","21","0","0","0","0","0","0","0","0"
"0x70736776b670","@!P2  LEA.HI.X R19, R24, UR31, R25, 0x2, P6","8","0","8","507904","16252928","16252928","32","32","0","0","-","-","-","0","0","0","0","0","0","0","0","0","-","0","0","0","0","0","0","0","0","0","0","0","0","0","0","0","0","0","0","8","0","0","0","0","0","0","0","0","0","0","0","0","0","0","0","0","0","0","0","0","0"
"0x70736776b680","      IADD3 R24, PT, PT, R15, 0x38, RZ","113","3","113","507904","16252928","16252928","32","32","0","0","-","-","-","0","0","0","0","0","0","0","0","0","-","0","0","0","0","0","0","0","0","21","0","0","0","7","0","0","0","0","75","4","0","0","0","6","0","0","0","0","0","0","2","0","0","0","0","0","0","0","0","0","1"
"0x70736776b690","@!P0  IMAD.WIDE R26, R26, 0x20, R54","7","0","7","507904","16252928","16252928","32","32","0","0","-","-","-","0","0","0","0","0","0","0","0","0","-","0","0","0","0","0","0","0","0","1","0","0","0","0","0","0","0","0","0","6","0","0","0","0","0","0","0","0","0","0","0","0","0","0","0","0","0","0","0","0","0"
"0x70736776b6a0","@!P3  LDG.E.CONSTANT R7, desc[UR24][R20.64]","119","41","119","507904","16252928","16252928","32","32","0","0","Global","Load","32","1015808","0","0","0","0","0","2031616","2031616","0","","0","0","0","0","0","0","0","0","11","0","3","0","0","0","54","0","0","45","6","0","0","0","0","0","0","0","0","2","0","0","0","38","0","0","1","0","0","0","0","0"
"0x70736776b6b0","@!P5  LDC R31, c[0x0][0x3c8]","39","0","39","507904","16252928","16252928","32","32","0","0","-","-","-","0","0","0","0","0","0","0","0","0","-","0","0","0","0","0","0","0","0","7","0","0","0","0","0","0","0","0","25","4","0","0","0","3","0","0","0","0","0","0","0","0","0","0","0","0","0","0","0","0","0"
"0x70736776b6c0","      ISETP.GE.AND P1, PT, R24, UR11, PT","5","0","5","507904","16252928","16252928","32","32","0","0","-","-","-","0","0","0","0","0","0","0","0","0","-","0","0","0","0","0","0","0","0","2","0","0","0","0","0","0","0","0","0","3","0","0","0","0","0","0","0","0","0","0","0","0","0","0","0","0","0","0","0","0","0"
"0x70736776b6d0","@!P2  LDG.E.CONSTANT R6, desc[UR24][R18.64]","80","23","80","507904","16252928","16252928","32","32","0","0","Global","Load","32","1015808","0","0","0","0","0","2031616","2031616","0","","0","0","0","0","0","0","0","0","10","0","1","0","0","0","30","0","0","35","4","0","0","0","0","0","0","0","0","0","0","0","0","23","0","0","0","0","0","0","0","0"
"0x70736776b6e0","@!P0  LEA R24, P2, R26, UR30, 0x2","6","0","6","507904","16252928","16252928","32","32","0","0","-","-","-","0","0","0","0","0","0","0","0","0","-","0","0","0","0","0","0","0","0","0","0","0","0","0","0","0","0","0","0","6","0","0","0","0","0","0","0","0","0","0","0","0","0","0","0","0","0","0","0","0","0"
"0x70736776b6f0","@!P0  LEA.HI.X R25, R26, UR31, R27, 0x2, P2","153","6","153","507904","16252928","16252928","32","32","0","0","-","-","-","0","0","0","0","0","0","0","0","0","-","0","0","0","0","0","0","0","0","27","0","0","0","18","0","0","0","0","85","7","0","0","0","16","0","0","0","0","0","0","3","0","0","0","0","0","0","0","0","0","3"
"0x70736776b700","      LDS.128 R20, [R11+0xcc0]","219","75","219","507904","16252928","16252928","32","32","0","0","Shared","Load","128","0","4","0","2031616","2031616","0","0","0","0","-","0","0","0","0","0","0","0","0","18","0","0","89","0","0","43","0","0","69","0","0","0","0","0","0","0","1","0","0","42","0","0","31","0","0","1","0","0","0","0","0"
"0x70736776b710","@!P0  LDG.E.CONSTANT R5, desc[UR24][R24.64]","146","29","146","507904","16252928","16252928","32","32","0","0","Global","Load","32","1015808","0","0","0","0","0","2031616","2031616","0","","0","0","0","0","0","0","0","0","12","0","1","0","0","0","39","0","0","64","8","0","0","0","22","0","0","1","0","0","0","0","0","23","0","0","0","0","0","0","0","5"
"0x70736776b720","@!P1  LDC R28, c[0x0][0x3c8]","49","3","49","507904","16252928","16252928","32","32","0","0","-","-","-","0","0","0","0","0","0","0","0","0","-","0","0","0","0","0","0","0","0","5","0","0","0","0","0","0","0","0","22","9","0","0","0","13","0","0","0","0","0","0","0","0","0","0","0","0","0","0","0","0","3"
"0x70736776b730","      LDS.128 R16, [R37+0xcc0]","124","24","124","507904","16252928","16252928","32","32","0","0","Shared","Load","128","0","2","0","1015808","1015808","0","0","0","0","-","0","0","0","0","0","0","0","0","10","0","0","0","0","0","43","0","0","52","10","0","0","0","9","0","0","0","0","0","0","0","0","21","0","0","1","0","0","0","0","2"
"0x70736776b740","@!P4  IMAD.WIDE R24, R29, 0x28, R54","149","46","149","507904","16252928","16252928","32","32","0","0","-","-","-","0","0","0","0","0","0","0","0","0","-","0","0","0","0","0","0","0","0","7","0","0","85","32","0","0","0","0","21","4","0","0","0","0","0","0","0","0","0","43","3","0","0","0","0","0","0","0","0","0","0"
"0x70736776b750","@!P5  IMAD.WIDE R30, R31, 0x30, R54","146","4","146","507904","16252928","16252928","32","32","0","0","-","-","-","0","0","0","0","0","0","0","0","0","-","0","0","0","0","0","0","0","0","23","0","0","0","50","0","0","0","0","52","4","0","0","0","17","0","0","0","0","0","0","0","0","0","0","0","0","0","0","0","0","4"
"0x70736776b760","@!P4  LEA R26, P0, R24, UR30, 0x2","14","0","14","507904","16252928","16252928","32","32","0","0","-","-","-","0","0","0","0","0","0","0","0","0","-","0","0","0","0","0","0","0","0","8","0","0","0","0","0","0","0","0","0","6","0","0","0","0","0","0","0","0","0","0","0","0","0","0","0","0","0","0","0","0","0"
"0x70736776b770","@!P4  LEA.HI.X R27, R24, UR31, R25, 0x2, P0","144","17","144","507904","16252928","16252928","32","32","0","0","-","-","-","0","0","0","0","0","0","0","0","0","-","0","0","0","0","0","0","0","0","29","0","0","0","11","0","0","0","0","74","6","0","0","0","24","0","0","9","0","0","0","1","0","0","0","0","0","0","0","0","0","7"
"0x70736776b780","@!P5  LEA R24, P0, R30, UR30, 0x2","43","5","43","507904","16252928","16252928","32","32","0","0","-","-","-","0","0","0","0","0","0","0","0","0","-","0","0","0","0","0","0","0","0","5","0","0","0","1","0","0","0","0","21","6","0","0","0","10","0","0","0","0","0","0","1","0","0","0","0","0","0","0","0","0","4"
"0x70736776b790","@!P4  LDG.E.CONSTANT R4, desc[UR24][R26.64]","255","60","255","507904","16252928","16252928","32","32","0","0","Global","Load","32","1015808","0","0","0","0","0","2031616","2031616","0","","0","0","0","0","0","0","0","0","26","0","2","0","0","0","80","0","0","126","4","0","0","0","17","0","0","0","0","2","0","0","0","52","0","0","0","0","0","0","0","6"
"0x70736776b7a0","@!P5  LEA.HI.X R25, R30, UR31, R31, 0x2, P0","3","0","3","507904","16252928","16252928","32","32","0","0","-","-","-","0","0","0","0","0","0","0","0","0","-","0","0","0","0","0","0","0","0","1","0","0","0","0","0","0","0","0","0","2","0","0","0","0","0","0","0","0","0","0","0","0","0","0","0","0","0","0","0","0","0"
"0x70736776b7b0","      ISETP.GE.AND P2, PT, R15, UR11, PT","6","0","6","507904","16252928","16252928","32","32","0","0","-","-","-","0","0","0","0","0","0","0","0","0","-","0","0","0","0","0","0","0","0","0","0","0","0","0","0","0","0","0","0","6","0","0","0","0","0","0","0","0","0","0","0","0","0","0","0","0","0","0","0","0","0"
"0x70736776b7c0","@!P5  LDG.E.CONSTANT R3, desc[UR24][R24.64]","216","47","216","507904","16252928","16252928","32","32","0","0","Global","Load","32","1015808","0","0","0","0","0","2031616","2031616","0","","0","0","0","0","0","0","0","0","29","0","0","0","0","0","56","0","0","100","6","0","0","0","25","0","0","0","0","0","0","0","0","38","0","0","1","0","0","0","0","8"
"0x70736776b7d0","@!P1  IMAD.WIDE R26, R28, 0x38, R54","165","43","165","507904","16252928","16252928","32","32","0","0","-","-","-","0","0","0","0","0","0","0","0","0","-","0","0","0","0","0","0","0","0","5","0","0","95","25","0","0","0","0","35","5","0","0","0","0","0","0","1","0","0","42","0","0","0","0","0","0","0","0","0","0","0"
"0x70736776b7e0","      LDS.128 R28, [R11+0xd40]","221","41","221","507904","16252928","16252928","32","32","0","0","Shared","Load","128","0","4","0","2031616","2031616","0","0","0","0","-","0","0","0","0","0","0","0","0","33","0","0","0","0","0","55","0","0","116","3","0","0","0","14","0","0","1","0","0","0","0","0","34","0","0","0","0","0","0","0","6"
"0x70736776b7f0","@!P1  LEA R24, P0, R26, UR30, 0x2","78","8","78","507904","16252928","16252928","32","32","0","0","-","-","-","0","0","0","0","0","0","0","0","0","-","0","0","0","0","0","0","0","0","7","0","0","29","3","0","0","0","0","33","6","0","0","0","0","0","0","0","0","0","8","0","0","0","0","0","0","0","0","0","0","0"
"0x70736776b800","@!P1  LEA.HI.X R25, R26, UR31, R27, 0x2, P0","130","5","130","507904","16252928","16252928","32","32","0","0","-","-","-","0","0","0","0","0","0","0","0","0","-","0","0","0","0","0","0","0","0","13","0","0","0","9","0","0","0","0","75","12","0","0","0","21","0","0","0","0","0","0","0","0","0","0","0","0","0","0","0","0","5"
"0x70736776b810","@!P1  LDG.E.CONSTANT R14, desc[UR24][R24.64]","216","61","216","507904","16252928","16252928","32","32","0","0","Global","Load","32","1015808","0","0","0","0","0","2031616","2031616","0","","0","0","0","0","0","0","0","0","22","0","1","0","0","0","82","0","0","89","5","0","0","0","17","0","0","0","0","0","0","0","0","56","0","0","1","0","0","0","0","4"
"0x70736776b820","@!P2  LEA R24, P0, R54, UR30, 0x2","295","74","295","507904","16252928","16252928","32","32","0","0","-","-","-","0","0","0","0","0","0","0","0","0","-","0","0","0","0","0","0","0","0","14","0","0","200","8","0","0","0","0","55","4","0","0","0","14","0","0","1","0","0","69","0","0","0","0","0","0","0","0","0","0","4"
"0x70736776b830","@!P2  LEA.HI.X R25, R54, UR31, R55, 0x2, P0","147","7","147","507904","16252928","16252928","32","32","0","0","-","-","-","0","0","0","0","0","0","0","0","0","-","0","0","0","0","0","0","0","0","15","0","0","0","9","0","0","0","0","88","7","0","0","0","28","0","0","0","0","0","0","0","0","0","0","0","1","0","0","0","0","6"
"0x70736776b840","@!P2  LDG.E.CONSTANT R9, desc[UR24][R24.64]","257","69","257","507904","16252928","16252928","32","32","0","0","Global","Load","32","1015808","0","0","0","0","0","2031616","2031616","0","","0","0","0","0","0","0","0","0","21","0","0","0","0","0","81","0","0","121","4","0","0","0","30","0","0","2","0","0","0","0","0","57","0","0","1","0","0","0","0","9"
"0x70736776b850","      FFMA R75, R20, R16, R75","45","30","45","507904","16252928","16252928","32","32","0","0","-","-","-","0","0","0","0","0","0","0","0","0","-","0","0","0","0","0","0","0","0","2","0","0","37","0","0","0","0","0","0","6","0","0","0","0","0","0","0","0","0","30","0","0","0","0","0","0","0","0","0","0","0"
"0x70736776b860","      FFMA R74, R20, R17, R74","6","0","6","507904","16252928","16252928","32","32","0","0","-","-","-","0","0","0","0","0","0","0","0","0","-","0","0","0","0","0","0","0","0","1","0","0","0","0","0","0","0","0","0","5","0","0","0","0","0","0","0","0","0","0","0","0","0","0","0","0","0","0","0","0","0"
"0x70736776b870","      FFMA R73, R20, R18, R73","11","0","11","507904","16252928","16252928","32","32","0","0","-","-","-","0","0","0","0","0","0","0","0","0","-","0","0","0","0","0","0","0","0","1","0","0","0","0","0","0","0","0","0","10","0","0","0","0","0","0","0","0","0","0","0","0","0","0","0","0","0","0","0","0","0"
"0x70736776b880","      FFMA R72, R20, R19, R72","7","0","7","507904","16252928","16252928","32","32","0","0","-","-","-","0","0","0","0","0","0","0","0","0","-","0","0","0","0","0","0","0","0","0","0","0","0","0","0","0","0","0","0","7","0","0","0","0","0","0","0","0","0","0","0","0","0","0","0","0","0","0","0","0","0"
"0x70736776b890","      FFMA R51, R21, R16, R51","6","0","6","507904","16252928","16252928","32","32","0","0","-","-","-","0","0","0","0","0","0","0","0","0","-","0","0","0","0","0","0","0","0","0","0","0","0","0","0","0","0","0","0","6","0","0","0","0","0","0","0","0","0","0","0","0","0","0","0","0","0","0","0","0","0"
"0x70736776b8a0","      FFMA R52, R21, R17, R52","8","0","8","507904","16252928","16252928","32","32","0","0","-","-","-","0","0","0","0","0","0","0","0","0","-","0","0","0","0","0","0","0","0","0","0","0","0","0","0","0","0","0","0","8","0","0","0","0","0","0","0","0","0","0","0","0","0","0","0","0","0","0","0","0","0"
"0x70736776b8b0","      FFMA R53, R21, R18, R53","5","0","5","507904","16252928","16252928","32","32","0","0","-","-","-","0","0","0","0","0","0","0","0","0","-","0","0","0","0","0","0","0","0","0","0","0","0","0","0","0","0","0","0","5","0","0","0","0","0","0","0","0","0","0","0","0","0","0","0","0","0","0","0","0","0"
"0x70736776b8c0","      FFMA R56, R21, R19, R56","7","0","7","507904","16252928","16252928","32","32","0","0","-","-","-","0","0","0","0","0","0","0","0","0","-","0","0","0","0","0","0","0","0","0","0","0","0","0","0","0","0","0","0","7","0","0","0","0","0","0","0","0","0","0","0","0","0","0","0","0","0","0","0","0","0"
"0x70736776b8d0","      FFMA R57, R22, R16, R57","7","0","7","507904","16252928","16252928","32","32","0","0","-","-","-","0","0","0","0","0","0","0","0","0","-","0","0","0","0","0","0","0","0","0","0","0","0","0","0","0","0","0","0","7","0","0","0","0","0","0","0","0","0","0","0","0","0","0","0","0","0","0","0","0","0"
"0x70736776b8e0","      FFMA R58, R22, R17, R58","7","0","7","507904","16252928","16252928","32","32","0","0","-","-","-","0","0","0","0","0","0","0","0","0","-","0","0","0","0","0","0","0","0","3","0","0","0","0","0","0","0","0","0","4","0","0","0","0","0","0","0","0","0","0","0","0","0","0","0","0","0","0","0","0","0"
"0x70736776b8f0","      FFMA R59, R22, R18, R59","7","0","7","507904","16252928","16252928","32","32","0","0","-","-","-","0","0","0","0","0","0","0","0","0","-","0","0","0","0","0","0","0","0","0","0","0","0","0","0","0","0","0","0","7","0","0","0","0","0","0","0","0","0","0","0","0","0","0","0","0","0","0","0","0","0"
"0x70736776b900","      FFMA R63, R22, R19, R63","6","0","6","507904","16252928","16252928","32","32","0","0","-","-","-","0","0","0","0","0","0","0","0","0","-","0","0","0","0","0","0","0","0","0","0","0","0","0","0","0","0","0","0","6","0","0","0","0","0","0","0","0","0","0","0","0","0","0","0","0","0","0","0","0","0"
"0x70736776b910","      FFMA R45, R23, R16, R45","6","0","6","507904","16252928","16252928","32","32","0","0","-","-","-","0","0","0","0","0","0","0","0","0","-","0","0","0","0","0","0","0","0","1","0","0","0","0","0","0","0","0","0","5","0","0","0","0","0","0","0","0","0","0","0","0","0","0","0","0","0","0","0","0","0"
"0x70736776b920","      FFMA R46, R23, R17, R46","7","0","7","507904","16252928","16252928","32","32","0","0","-","-","-","0","0","0","0","0","0","0","0","0","-","0","0","0","0","0","0","0","0","2","0","0","0","0","0","0","0","0","0","5","0","0","0","0","0","0","0","0","0","0","0","0","0","0","0","0","0","0","0","0","0"
"0x70736776b930","      FFMA R44, R23, R18, R44","6","0","6","507904","16252928","16252928","32","32","0","0","-","-","-","0","0","0","0","0","0","0","0","0","-","0","0","0","0","0","0","0","0","0","0","0","0","0","0","0","0","0","0","6","0","0","0","0","0","0","0","0","0","0","0","0","0","0","0","0","0","0","0","0","0"
"0x70736776b940","      FFMA R47, R23, R19, R47","7","0","7","507904","16252928","16252928","32","32","0","0","-","-","-","0","0","0","0","0","0","0","0","0","-","0","0","0","0","0","0","0","0","0","0","0","0","0","0","0","0","0","0","7","0","0","0","0","0","0","0","0","0","0","0","0","0","0","0","0","0","0","0","0","0"
"0x70736776b950","      LDS.128 R24, [R11+0xdd0]","204","32","204","507904","16252928","16252928","32","32","0","0","Shared","Load","128","0","4","0","2031616","2031616","0","0","0","0","-","0","0","0","0","0","0","0","0","13","0","0","96","0","0","22","0","0","64","9","0","0","0","0","0","0","0","0","0","18","0","0","14","0","0","0","0","0","0","0","0"
"0x70736776b960","      FFMA R48, R28, R16, R48","6","0","6","507904","16252928","16252928","32","32","0","0","-","-","-","0","0","0","0","0","0","0","0","0","-","0","0","0","0","0","0","0","0","2","0","0","0","0","0","0","0","0","0","3","1","0","0","0","0","0","0","0","0","0","0","0","0","0","0","0","0","0","0","0","0"
"0x70736776b970","      FFMA R49, R28, R17, R49","11","0","11","507904","16252928","16252928","32","32","0","0","-","-","-","0","0","0","0","0","0","0","0","0","-","0","0","0","0","0","0","0","0","0","0","0","0","0","0","0","0","0","0","11","0","0","0","0","0","0","0","0","0","0","0","0","0","0","0","0","0","0","0","0","0"
"0x70736776b980","      FFMA R50, R28, R18, R50","12","0","12","507904","16252928","16252928","32","32","0","0","-","-","-","0","0","0","0","0","0","0","0","0","-","0","0","0","0","0","0","0","0","1","0","0","0","0","0","0","0","4","6","1","0","0","0","0","0","0","0","0","0","0","0","0","0","0","0","0","0","0","0","0","0"
"0x70736776b990","      LDS.128 R20, [R37+0xdd0]","36","14","36","507904","16252928","16252928","32","32","0","0","Shared","Load","128","0","2","0","1015808","1015808","0","0","0","0","-","0","0","0","0","0","0","0","0","3","0","0","0","0","0","20","0","0","9","4","0","0","0","0","0","0","0","0","0","0","0","0","14","0","0","0","0","0","0","0","0"
"0x70736776b9a0","      FFMA R60, R28, R19, R60","5","0","5","507904","16252928","16252928","32","32","0","0","-","-","-","0","0","0","0","0","0","0","0","0","-","0","0","0","0","0","0","0","0","0","0","0","0","0","0","0","0","0","0","5","0","0","0","0","0","0","0","0","0","0","0","0","0","0","0","0","0","0","0","0","0"
"0x70736776b9b0","      FFMA R61, R29, R16, R61","9","0","9","507904","16252928","16252928","32","32","0","0","-","-","-","0","0","0","0","0","0","0","0","0","-","0","0","0","0","0","0","0","0","2","0","0","0","0","0","0","0","0","0","7","0","0","0","0","0","0","0","0","0","0","0","0","0","0","0","0","0","0","0","0","0"
"0x70736776b9c0","      FFMA R71, R29, R17, R71","4","0","4","507904","16252928","16252928","32","32","0","0","-","-","-","0","0","0","0","0","0","0","0","0","-","0","0","0","0","0","0","0","0","0","0","0","0","0","0","0","0","0","0","4","0","0","0","0","0","0","0","0","0","0","0","0","0","0","0","0","0","0","0","0","0"
"0x70736776b9d0","      FFMA R70, R29, R18, R70","7","0","7","507904","16252928","16252928","32","32","0","0","-","-","-","0","0","0","0","0","0","0","0","0","-","0","0","0","0","0","0","0","0","0","0","0","0","0","0","0","0","0","0","7","0","0","0","0","0","0","0","0","0","0","0","0","0","0","0","0","0","0","0","0","0"
"0x70736776b9e0","      FFMA R42, R29, R19, R42","6","0","6","507904","16252928","16252928","32","32","0","0","-","-","-","0","0","0","0","0","0","0","0","0","-","0","0","0","0","0","0","0","0","0","0","0","0","0","0","0","0","0","0","6","0","0","0","0","0","0","0","0","0","0","0","0","0","0","0","0","0","0","0","0","0"
"0x70736776b9f0","      FFMA R41, R30, R16, R41","11","0","11","507904","16252928","16252928","32","32","0","0","-","-","-","0","0","0","0","0","0","0","0","0","-","0","0","0","0","0","0","0","0","0","0","0","0","0","0","0","0","0","0","11","0","0","0","0","0","0","0","0","0","0","0","0","0","0","0","0","0","0","0","0","0"
"0x70736776ba00","      FFMA R43, R30, R17, R43","2","0","2","507904","16252928","16252928","32","32","0","0","-","-","-","0","0","0","0","0","0","0","0","0","-","0","0","0","0","0","0","0","0","0","0","0","0","0","0","0","0","0","0","2","0","0","0","0","0","0","0","0","0","0","0","0","0","0","0","0","0","0","0","0","0"
"0x70736776ba10","      FFMA R62, R30, R18, R62","7","0","7","507904","16252928","16252928","32","32","0","0","-","-","-","0","0","0","0","0","0","0","0","0","-","0","0","0","0","0","0","0","0","3","0","0","0","0","0","0","0","0","0","4","0","0","0","0","0","0","0","0","0","0","0","0","0","0","0","0","0","0","0","0","0"
"0x70736776ba20","      FFMA R66, R30, R19, R66","5","0","5","507904","16252928","16252928","32","32","0","0","-","-","-","0","0","0","0","0","0","0","0","0","-","0","0","0","0","0","0","0","0","0","0","0","0","0","0","0","0","0","0","5","0","0","0","0","0","0","0","0","0","0","0","0","0","0","0","0","0","0","0","0","0"
"0x70736776ba30","      FFMA R67, R31, R16, R67","2","0","2","507904","16252928","16252928","32","32","0","0","-","-","-","0","0","0","0","0","0","0","0","0","-","0","0","0","0","0","0","0","0","0","0","0","0","0","0","0","0","0","0","2","0","0","0","0","0","0","0","0","0","0","0","0","0","0","0","0","0","0","0","0","0"
"0x70736776ba40","      FFMA R69, R31, R17, R69","3","0","3","507904","16252928","16252928","32","32","0","0","-","-","-","0","0","0","0","0","0","0","0","0","-","0","0","0","0","0","0","0","0","0","0","0","0","0","0","0","0","0","0","3","0","0","0","0","0","0","0","0","0","0","0","0","0","0","0","0","0","0","0","0","0"
"0x70736776ba50","      FFMA R68, R31, R18, R68","7","0","7","507904","16252928","16252928","32","32","0","0","-","-","-","0","0","0","0","0","0","0","0","0","-","0","0","0","0","0","0","0","0","3","0","0","0","0","0","0","0","0","0","4","0","0","0","0","0","0","0","0","0","0","0","0","0","0","0","0","0","0","0","0","0"
"0x70736776ba60","      FFMA R76, R31, R19, R76","4","0","4","507904","16252928","16252928","32","32","0","0","-","-","-","0","0","0","0","0","0","0","0","0","-","0","0","0","0","0","0","0","0","1","0","0","0","0","0","0","0","0","0","3","0","0","0","0","0","0","0","0","0","0","0","0","0","0","0","0","0","0","0","0","0"
"0x70736776ba70","      LDS.128 R16, [R11+0xe50]","166","22","166","507904","16252928","16252928","32","32","0","0","Shared","Load","128","0","4","0","2031616","2031616","0","0","0","0","-","0","0","0","0","0","0","0","0","22","0","0","0","0","0","31","0","0","92","7","0","0","0","14","0","0","0","0","0","0","0","0","21","0","0","0","0","0","0","0","1"
"0x70736776ba80","      LDS.128 R28, [R37+0xee0]","137","31","137","507904","16252928","16252928","32","32","0","0","Shared","Load","128","0","2","0","1015808","1015808","0","0","0","0","-","0","0","0","0","0","0","0","0","9","0","0","0","0","0","38","0","0","54","9","0","0","0","27","0","0","0","0","0","0","0","0","24","0","0","0","0","0","0","0","7"
"0x70736776ba90","      FFMA R75, R24, R20, R75","284","78","284","507904","16252928","16252928","32","32","0","0","-","-","-","0","0","0","0","0","0","0","0","0","-","0","0","0","0","0","0","0","0","11","0","0","0","0","0","0","0","0","30","5","238","0","0","0","0","0","0","0","0","0","0","0","0","0","0","0","0","78","0","0","0"
"0x70736776baa0","      FFMA R74, R24, R21, R74","8","0","8","507904","16252928","16252928","32","32","0","0","-","-","-","0","0","0","0","0","0","0","0","0","-","0","0","0","0","0","0","0","0","1","0","0","0","0","0","0","0","0","0","7","0","0","0","0","0","0","0","0","0","0","0","0","0","0","0","0","0","0","0","0","0"
"0x70736776bab0","      FFMA R73, R24, R22, R73","6","0","6","507904","16252928","16252928","32","32","0","0","-","-","-","0","0","0","0","0","0","0","0","0","-","0","0","0","0","0","0","0","0","1","0","0","0","0","0","0","0","0","0","5","0","0","0","0","0","0","0","0","0","0","0","0","0","0","0","0","0","0","0","0","0"
"0x70736776bac0","      FFMA R72, R24, R23, R72","10","0","10","507904","16252928","16252928","32","32","0","0","-","-","-","0","0","0","0","0","0","0","0","0","-","0","0","0","0","0","0","0","0","1","0","0","0","0","0","0","0","0","0","9","0","0","0","0","0","0","0","0","0","0","0","0","0","0","0","0","0","0","0","0","0"
"0x70736776bad0","      FFMA R51, R25, R20, R51","8","0","8","507904","16252928","16252928","32","32","0","0","-","-","-","0","0","0","0","0","0","0","0","0","-","0","0","0","0","0","0","0","0","2","0","0","0","0","0","0","0","0","0","6","0","0","0","0","0","0","0","0","0","0","0","0","0","0","0","0","0","0","0","0","0"
"0x70736776bae0","      FFMA R52, R25, R21, R52","7","0","7","507904","16252928","16252928","32","32","0","0","-","-","-","0","0","0","0","0","0","0","0","0","-","0","0","0","0","0","0","0","0","0","0","0","0","0","0","0","0","0","0","7","0","0","0","0","0","0","0","0","0","0","0","0","0","0","0","0","0","0","0","0","0"
"0x70736776baf0","      FFMA R53, R25, R22, R53","11","0","11","507904","16252928","16252928","32","32","0","0","-","-","-","0","0","0","0","0","0","0","0","0","-","0","0","0","0","0","0","0","0","0","0","0","0","0","0","0","0","0","0","11","0","0","0","0","0","0","0","0","0","0","0","0","0","0","0","0","0","0","0","0","0"
"0x70736776bb00","      FFMA R56, R25, R23, R56","11","0","11","507904","16252928","16252928","32","32","0","0","-","-","-","0","0","0","0","0","0","0","0","0","-","0","0","0","0","0","0","0","0","2","0","0","0","0","0","0","0","0","0","9","0","0","0","0","0","0","0","0","0","0","0","0","0","0","0","0","0","0","0","0","0"
"0x70736776bb10","      FFMA R57, R26, R20, R57","8","0","8","507904","16252928","16252928","32","32","0","0","-","-","-","0","0","0","0","0","0","0","0","0","-","0","0","0","0","0","0","0","0","0","0","0","0","0","0","0","0","0","0","8","0","0","0","0","0","0","0","0","0","0","0","0","0","0","0","0","0","0","0","0","0"
"0x70736776bb20","      FFMA R58, R26, R21, R58","7","0","7","507904","16252928","16252928","32","32","0","0","-","-","-","0","0","0","0","0","0","0","0","0","-","0","0","0","0","0","0","0","0","3","0","0","0","0","0","0","0","0","0","4","0","0","0","0","0","0","0","0","0","0","0","0","0","0","0","0","0","0","0","0","0"
"0x70736776bb30","      FFMA R59, R26, R22, R59","4","0","4","507904","16252928","16252928","32","32","0","0","-","-","-","0","0","0","0","0","0","0","0","0","-","0","0","0","0","0","0","0","0","0","0","0","0","0","0","0","0","0","0","4","0","0","0","0","0","0","0","0","0","0","0","0","0","0","0","0","0","0","0","0","0"
"0x70736776bb40","      FFMA R63, R26, R23, R63","15","0","15","507904","16252928","16252928","32","32","0","0","-","-","-","0","0","0","0","0","0","0","0","0","-","0","0","0","0","0","0","0","0","1","0","0","0","0","0","0","0","0","0","14","0","0","0","0","0","0","0","0","0","0","0","0","0","0","0","0","0","0","0","0","0"
"0x70736776bb50","      FFMA R45, R27, R20, R45","8","0","8","507904","16252928","16252928","32","32","0","0","-","-","-","0","0","0","0","0","0","0","0","0","-","0","0","0","0","0","0","0","0","0","0","0","0","0","0","0","0","0","0","8","0","0","0","0","0","0","0","0","0","0","0","0","0","0","0","0","0","0","0","0","0"
"0x70736776bb60","      FFMA R46, R27, R21, R46","4","0","4","507904","16252928","16252928","32","32","0","0","-","-","-","0","0","0","0","0","0","0","0","0","-","0","0","0","0","0","0","0","0","0","0","0","0","0","0","0","0","0","0","4","0","0","0","0","0","0","0","0","0","0","0","0","0","0","0","0","0","0","0","0","0"
"0x70736776bb70","      FFMA R44, R27, R22, R44","4","0","4","507904","16252928","16252928","32","32","0","0","-","-","-","0","0","0","0","0","0","0","0","0","-","0","0","0","0","0","0","0","0","0","0","0","0","0","0","0","0","0","0","4","0","0","0","0","0","0","0","0","0","0","0","0","0","0","0","0","0","0","0","0","0"
"0x70736776bb80","      FFMA R47, R27, R23, R47","13","0","13","507904","16252928","16252928","32","32","0","0","-","-","-","0","0","0","0","0","0","0","0","0","-","0","0","0","0","0","0","0","0","0","0","0","0","0","0","0","0","1","0","12","0","0","0","0","0","0","0","0","0","0","0","0","0","0","0","0","0","0","0","0","0"
"0x70736776bb90","      FFMA R48, R16, R20, R48","157","20","157","507904","16252928","16252928","32","32","0","0","-","-","-","0","0","0","0","0","0","0","0","0","-","0","0","0","0","0","0","0","0","6","0","0","0","0","0","0","0","0","41","4","106","0","0","0","0","0","0","0","0","0","0","0","0","0","0","0","0","20","0","0","0"
"0x70736776bba0","      LDS.128 R24, [R11+0xee0]","96","43","96","507904","16252928","16252928","32","32","0","0","Shared","Load","128","0","4","0","2031616","2031616","0","0","0","0","-","0","0","0","0","0","0","0","0","8","0","0","0","0","0","50","0","0","31","7","0","0","0","0","0","0","0","0","0","0","0","0","43","0","0","0","0","0","0","0","0"
"0x70736776bbb0","      FFMA R49, R16, R21, R49","8","0","8","507904","16252928","16252928","32","32","0","0","-","-","-","0","0","0","0","0","0","0","0","0","-","0","0","0","0","0","0","0","0","0","0","0","0","0","0","0","0","0","0","8","0","0","0","0","0","0","0","0","0","0","0","0","0","0","0","0","0","0","0","0","0"
"0x70736776bbc0","      FFMA R50, R16, R22, R50","3","0","3","507904","16252928","16252928","32","32","0","0","-","-","-","0","0","0","0","0","0","0","0","0","-","0","0","0","0","0","0","0","0","0","0","0","0","0","0","0","0","0","0","3","0","0","0","0","0","0","0","0","0","0","0","0","0","0","0","0","0","0","0","0","0"
"0x70736776bbd0","      FFMA R60, R16, R23, R60","5","0","5","507904","16252928","16252928","32","32","0","0","-","-","-","0","0","0","0","0","0","0","0","0","-","0","0","0","0","0","0","0","0","1","0","0","0","0","0","0","0","0","0","4","0","0","0","0","0","0","0","0","0","0","0","0","0","0","0","0","0","0","0","0","0"
"0x70736776bbe0","      FFMA R61, R17, R20, R61","9","0","9","507904","16252928","16252928","32","32","0","0","-","-","-","0","0","0","0","0","0","0","0","0","-","0","0","0","0","0","0","0","0","1","0","0","0","0","0","0","0","0","0","8","0","0","0","0","0","0","0","0","0","0","0","0","0","0","0","0","0","0","0","0","0"
"0x70736776bbf0","      FFMA R71, R17, R21, R71","7","0","7","507904","16252928","16252928","32","32","0","0","-","-","-","0","0","0","0","0","0","0","0","0","-","0","0","0","0","0","0","0","0","0","0","0","0","0","0","0","0","0","0","7","0","0","0","0","0","0","0","0","0","0","0","0","0","0","0","0","0","0","0","0","0"
"0x70736776bc00","      FFMA R70, R17, R22, R70","11","0","11","507904","16252928","16252928","32","32","0","0","-","-","-","0","0","0","0","0","0","0","0","0","-","0","0","0","0","0","0","0","0","1","0","0","0","0","0","0","0","2","1","7","0","0","0","0","0","0","0","0","0","0","0","0","0","0","0","0","0","0","0","0","0"
"0x70736776bc10","      FFMA R42, R17, R23, R42","5","0","5","507904","16252928","16252928","32","32","0","0","-","-","-","0","0","0","0","0","0","0","0","0","-","0","0","0","0","0","0","0","0","0","0","0","0","0","0","0","0","0","0","5","0","0","0","0","0","0","0","0","0","0","0","0","0","0","0","0","0","0","0","0","0"
"0x70736776bc20","      FFMA R41, R18, R20, R41","3","0","3","507904","16252928","16252928","32","32","0","0","-","-","-","0","0","0","0","0","0","0","0","0","-","0","0","0","0","0","0","0","0","0","0","0","0","0","0","0","0","0","0","3","0","0","0","0","0","0","0","0","0","0","0","0","0","0","0","0","0","0","0","0","0"
"0x70736776bc30","      FFMA R43, R18, R21, R43","9","0","9","507904","16252928","16252928","32","32","0","0","-","-","-","0","0","0","0","0","0","0","0","0","-","0","0","0","0","0","0","0","0","3","0","0","0","0","0","0","0","0","0","6","0","0","0","0","0","0","0","0","0","0","0","0","0","0","0","0","0","0","0","0","0"
"0x70736776bc40","      FFMA R62, R18, R22, R62","8","0","8","507904","16252928","16252928","32","32","0","0","-","-","-","0","0","0","0","0","0","0","0","0","-","0","0","0","0","0","0","0","0","3","0","0","0","0","0","0","0","0","0","5","0","0","0","0","0","0","0","0","0","0","0","0","0","0","0","0","0","0","0","0","0"
"0x70736776bc50","      FFMA R66, R18, R23, R66","9","0","9","507904","16252928","16252928","32","32","0","0","-","-","-","0","0","0","0","0","0","0","0","0","-","0","0","0","0","0","0","0","0","0","0","0","0","0","0","0","0","0","0","9","0","0","0","0","0","0","0","0","0","0","0","0","0","0","0","0","0","0","0","0","0"
"0x70736776bc60","      FFMA R67, R19, R20, R67","5","0","5","507904","16252928","16252928","32","32","0","0","-","-","-","0","0","0","0","0","0","0","0","0","-","0","0","0","0","0","0","0","0","0","0","0","0","0","0","0","0","0","0","5","0","0","0","0","0","0","0","0","0","0","0","0","0","0","0","0","0","0","0","0","0"
"0x70736776bc70","      FFMA R69, R19, R21, R69","2","0","2","507904","16252928","16252928","32","32","0","0","-","-","-","0","0","0","0","0","0","0","0","0","-","0","0","0","0","0","0","0","0","0","0","0","0","0","0","0","0","0","0","2","0","0","0","0","0","0","0","0","0","0","0","0","0","0","0","0","0","0","0","0","0"
"0x70736776bc80","      FFMA R68, R19, R22, R68","5","0","5","507904","16252928","16252928","32","32","0","0","-","-","-","0","0","0","0","0","0","0","0","0","-","0","0","0","0","0","0","0","0","1","0","0","0","0","0","0","0","0","0","4","0","0","0","0","0","0","0","0","0","0","0","0","0","0","0","0","0","0","0","0","0"
"0x70736776bc90","      FFMA R76, R19, R23, R76","4","0","4","507904","16252928","16252928","32","32","0","0","-","-","-","0","0","0","0","0","0","0","0","0","-","0","0","0","0","0","0","0","0","0","0","0","0","0","0","0","0","0","0","4","0","0","0","0","0","0","0","0","0","0","0","0","0","0","0","0","0","0","0","0","0"
"0x70736776bca0","      LDS.128 R16, [R11+0xf60]","186","21","186","507904","16252928","16252928","32","32","0","0","Shared","Load","128","0","4","0","2031616","2031616","0","0","0","0","-","0","0","0","0","0","0","0","0","28","0","0","0","0","0","35","0","0","109","7","0","0","0","7","0","0","0","0","0","0","0","0","19","0","0","0","0","0","0","0","2"
"0x70736776bcb0","      LDS.128 R20, [R11+0xff0]","173","31","173","507904","16252928","16252928","32","32","0","0","Shared","Load","128","0","4","0","2031616","2031616","0","0","0","0","-","0","0","0","0","0","0","0","0","23","0","0","0","0","0","41","0","0","78","8","0","0","0","23","0","0","1","0","0","0","0","0","23","0","0","1","0","0","0","0","6"
"0x70736776bcc0","      FFMA R75, R24, R28, R75","305","81","305","507904","16252928","16252928","32","32","0","0","-","-","-","0","0","0","0","0","0","0","0","0","-","0","0","0","0","0","0","0","0","13","0","0","0","0","0","0","0","0","39","6","247","0","0","0","0","0","0","0","0","0","0","0","0","0","0","1","0","80","0","0","0"
"0x70736776bcd0","      FFMA R74, R24, R29, R74","10","0","10","507904","16252928","16252928","32","32","0","0","-","-","-","0","0","0","0","0","0","0","0","0","-","0","0","0","0","0","0","0","0","0","0","0","0","0","0","0","0","0","0","10","0","0","0","0","0","0","0","0","0","0","0","0","0","0","0","0","0","0","0","0","0"
"0x70736776bce0","      FFMA R73, R24, R30, R73","8","0","8","507904","16252928","16252928","32","32","0","0","-","-","-","0","0","0","0","0","0","0","0","0","-","0","0","0","0","0","0","0","0","1","0","0","0","0","0","0","0","0","0","7","0","0","0","0","0","0","0","0","0","0","0","0","0","0","0","0","0","0","0","0","0"
"0x70736776bcf0","      FFMA R72, R24, R31, R72","6","0","6","507904","16252928","16252928","32","32","0","0","-","-","-","0","0","0","0","0","0","0","0","0","-","0","0","0","0","0","0","0","0","0","0","0","0","0","0","0","0","0","0","6","0","0","0","0","0","0","0","0","0","0","0","0","0","0","0","0","0","0","0","0","0"
"0x70736776bd00","      FFMA R51, R25, R28, R51","7","0","7","507904","16252928","16252928","32","32","0","0","-","-","-","0","0","0","0","0","0","0","0","0","-","0","0","0","0","0","0","0","0","1","0","0","0","0","0","0","0","0","0","6","0","0","0","0","0","0","0","0","0","0","0","0","0","0","0","0","0","0","0","0","0"
"0x70736776bd10","      FFMA R52, R25, R29, R52","9","0","9","507904","16252928","16252928","32","32","0","0","-","-","-","0","0","0","0","0","0","0","0","0","-","0","0","0","0","0","0","0","0","0","0","0","0","0","0","0","0","0","0","9","0","0","0","0","0","0","0","0","0","0","0","0","0","0","0","0","0","0","0","0","0"
"0x70736776bd20","      FFMA R53, R25, R30, R53","10","0","10","507904","16252928","16252928","32","32","0","0","-","-","-","0","0","0","0","0","0","0","0","0","-","0","0","0","0","0","0","0","0","0","0","0","0","0","0","0","0","0","0","10","0","0","0","0","0","0","0","0","0","0","0","0","0","0","0","0","0","0","0","0","0"
"0x70736776bd30","      FFMA R56, R25, R31, R56","11","0","11","507904","16252928","16252928","32","32","0","0","-","-","-","0","0","0","0","0","0","0","0","0","-","0","0","0","0","0","0","0","0","0","0","0","0","0","0","0","0","0","0","11","0","0","0","0","0","0","0","0","0","0","0","0","0","0","0","0","0","0","0","0","0"
"0x70736776bd40","      FFMA R57, R26, R28, R57","3","0","3","507904","16252928","16252928","32","32","0","0","-","-","-","0","0","0","0","0","0","0","0","0","-","0","0","0","0","0","0","0","0","0","0","0","0","0","0","0","0","0","0","3","0","0","0","0","0","0","0","0","0","0","0","0","0","0","0","0","0","0","0","0","0"
"0x70736776bd50","      FFMA R58, R26, R29, R58","8","0","8","507904","16252928","16252928","32","32","0","0","-","-","-","0","0","0","0","0","0","0","0","0","-","0","0","0","0","0","0","0","0","3","0","0","0","0","0","0","0","0","0","5","0","0","0","0","0","0","0","0","0","0","0","0","0","0","0","0","0","0","0","0","0"
"0x70736776bd60","      FFMA R59, R26, R30, R59","5","0","5","507904","16252928","16252928","32","32","0","0","-","-","-","0","0","0","0","0","0","0","0","0","-","0","0","0","0","0","0","0","0","0","0","0","0","0","0","0","0","0","0","5","0","0","0","0","0","0","0","0","0","0","0","0","0","0","0","0","0","0","0","0","0"
"0x70736776bd70","      FFMA R63, R26, R31, R63","11","0","11","507904","16252928","16252928","32","32","0","0","-","-","-","0","0","0","0","0","0","0","0","0","-","0","0","0","0","0","0","0","0","0","0","0","0","0","0","0","0","0","0","11","0","0","0","0","0","0","0","0","0","0","0","0","0","0","0","0","0","0","0","0","0"
"0x70736776bd80","      FFMA R45, R27, R28, R45","7","0","7","507904","16252928","16252928","32","32","0","0","-","-","-","0","0","0","0","0","0","0","0","0","-","0","0","0","0","0","0","0","0","1","0","0","0","0","0","0","0","1","0","5","0","0","0","0","0","0","0","0","0","0","0","0","0","0","0","0","0","0","0","0","0"
"0x70736776bd90","      FFMA R46, R27, R29, R46","8","0","8","507904","16252928","16252928","32","32","0","0","-","-","-","0","0","0","0","0","0","0","0","0","-","0","0","0","0","0","0","0","0","1","0","0","0","0","0","0","0","0","0","7","0","0","0","0","0","0","0","0","0","0","0","0","0","0","0","0","0","0","0","0","0"
"0x70736776bda0","      FFMA R44, R27, R30, R44","4","0","4","507904","16252928","16252928","32","32","0","0","-","-","-","0","0","0","0","0","0","0","0","0","-","0","0","0","0","0","0","0","0","0","0","0","0","0","0","0","0","0","0","4","0","0","0","0","0","0","0","0","0","0","0","0","0","0","0","0","0","0","0","0","0"
"0x70736776bdb0","      FFMA R47, R27, R31, R47","12","0","12","507904","16252928","16252928","32","32","0","0","-","-","-","0","0","0","0","0","0","0","0","0","-","0","0","0","0","0","0","0","0","0","0","0","0","0","0","0","0","0","0","12","0","0","0","0","0","0","0","0","0","0","0","0","0","0","0","0","0","0","0","0","0"
"0x70736776bdc0","      LDS.128 R24, [R37+0xff0]","181","22","181","507904","16252928","16252928","32","32","0","0","Shared","Load","128","0","2","0","1015808","1015808","0","0","0","0","-","0","0","0","0","0","0","0","0","27","0","0","0","0","0","36","0","0","98","4","0","0","0","16","0","0","0","0","0","0","0","0","21","0","0","0","0","0","0","0","1"
"0x70736776bdd0","      FFMA R48, R16, R28, R48","52","12","52","507904","16252928","16252928","32","32","0","0","-","-","-","0","0","0","0","0","0","0","0","0","-","0","0","0","0","0","0","0","0","3","0","0","0","0","0","0","0","0","14","12","23","0","0","0","0","0","0","0","0","0","0","0","0","0","0","0","0","12","0","0","0"
"0x70736776bde0","      FFMA R49, R16, R29, R49","8","0","8","507904","16252928","16252928","32","32","0","0","-","-","-","0","0","0","0","0","0","0","0","0","-","0","0","0","0","0","0","0","0","0","0","0","0","0","0","0","0","0","0","8","0","0","0","0","0","0","0","0","0","0","0","0","0","0","0","0","0","0","0","0","0"
"0x70736776bdf0","      FFMA R50, R16, R30, R50","8","0","8","507904","16252928","16252928","32","32","0","0","-","-","-","0","0","0","0","0","0","0","0","0","-","0","0","0","0","0","0","0","0","0","0","0","0","0","0","0","0","0","0","8","0","0","0","0","0","0","0","0","0","0","0","0","0","0","0","0","0","0","0","0","0"
"0x70736776be00","      FFMA R60, R16, R31, R60","7","0","7","507904","16252928","16252928","32","32","0","0","-","-","-","0","0","0","0","0","0","0","0","0","-","0","0","0","0","0","0","0","0","0","0","0","0","0","0","0","0","2","3","2","0","0","0","0","0","0","0","0","0","0","0","0","0","0","0","0","0","0","0","0","0"
"0x70736776be10","      FFMA R61, R17, R28, R61","6","0","6","507904","16252928","16252928","32","32","0","0","-","-","-","0","0","0","0","0","0","0","0","0","-","0","0","0","0","0","0","0","0","0","0","0","0","0","0","0","0","0","0","6","0","0","0","0","0","0","0","0","0","0","0","0","0","0","0","0","0","0","0","0","0"
"0x70736776be20","      FFMA R71, R17, R29, R71","7","0","7","507904","16252928","16252928","32","32","0","0","-","-","-","0","0","0","0","0","0","0","0","0","-","0","0","0","0","0","0","0","0","1","0","0","0","0","0","0","0","0","0","6","0","0","0","0","0","0","0","0","0","0","0","0","0","0","0","0","0","0","0","0","0"
"0x70736776be30","      FFMA R70, R17, R30, R70","3","0","3","507904","16252928","16252928","32","32","0","0","-","-","-","0","0","0","0","0","0","0","0","0","-","0","0","0","0","0","0","0","0","0","0","0","0","0","0","0","0","0","0","3","0","0","0","0","0","0","0","0","0","0","0","0","0","0","0","0","0","0","0","0","0"
"0x70736776be40","      FFMA R37, R19, R29, R69","212","44","212","507904","16252928","16252928","32","32","0","0","-","-","-","0","0","0","0","0","0","0","0","0","-","0","0","0","0","0","0","0","0","16","0","0","0","0","0","0","0","0","62","9","125","0","0","0","0","0","0","0","0","0","0","0","0","0","0","1","0","43","0","0","0"
"0x70736776be50","      FFMA R42, R17, R31, R42","7","0","7","507904","16252928","16252928","32","32","0","0","-","-","-","0","0","0","0","0","0","0","0","0","-","0","0","0","0","0","0","0","0","0","0","0","0","0","0","0","0","0","0","7","0","0","0","0","0","0","0","0","0","0","0","0","0","0","0","0","0","0","0","0","0"
"0x70736776be60","      FFMA R41, R18, R28, R41","9","0","9","507904","16252928","16252928","32","32","0","0","-","-","-","0","0","0","0","0","0","0","0","0","-","0","0","0","0","0","0","0","0","3","0","0","0","0","0","0","0","0","0","6","0","0","0","0","0","0","0","0","0","0","0","0","0","0","0","0","0","0","0","0","0"
"0x70736776be70","      FFMA R43, R18, R29, R43","10","0","10","507904","16252928","16252928","32","32","0","0","-","-","-","0","0","0","0","0","0","0","0","0","-","0","0","0","0","0","0","0","0","4","0","0","0","0","0","0","0","0","0","6","0","0","0","0","0","0","0","0","0","0","0","0","0","0","0","0","0","0","0","0","0"
"0x70736776be80","      FFMA R62, R18, R30, R62","11","0","11","507904","16252928","16252928","32","32","0","0","-","-","-","0","0","0","0","0","0","0","0","0","-","0","0","0","0","0","0","0","0","1","0","0","0","0","0","0","0","1","0","9","0","0","0","0","0","0","0","0","0","0","0","0","0","0","0","0","0","0","0","0","0"
"0x70736776be90","      FFMA R66, R18, R31, R66","10","0","10","507904","16252928","16252928","32","32","0","0","-","-","-","0","0","0","0","0","0","0","0","0","-","0","0","0","0","0","0","0","0","5","0","0","0","0","0","0","0","0","0","5","0","0","0","0","0","0","0","0","0","0","0","0","0","0","0","0","0","0","0","0","0"
"0x70736776bea0","      FFMA R67, R19, R28, R67","11","0","11","507904","16252928","16252928","32","32","0","0","-","-","-","0","0","0","0","0","0","0","0","0","-","0","0","0","0","0","0","0","0","7","0","0","0","0","0","0","0","0","0","4","0","0","0","0","0","0","0","0","0","0","0","0","0","0","0","0","0","0","0","0","0"
"0x70736776beb0","      FFMA R68, R19, R30, R68","5","0","5","507904","16252928","16252928","32","32","0","0","-","-","-","0","0","0","0","0","0","0","0","0","-","0","0","0","0","0","0","0","0","0","0","0","0","0","0","0","0","0","0","5","0","0","0","0","0","0","0","0","0","0","0","0","0","0","0","0","0","0","0","0","0"
"0x70736776bec0","      FFMA R69, R19, R31, R76","10","0","10","507904","16252928","16252928","32","32","0","0","-","-","-","0","0","0","0","0","0","0","0","0","-","0","0","0","0","0","0","0","0","7","0","0","0","0","0","0","0","0","0","3","0","0","0","0","0","0","0","0","0","0","0","0","0","0","0","0","0","0","0","0","0"
"0x70736776bed0","      LDS.128 R16, [R11+0x1070]","163","26","163","507904","16252928","16252928","32","32","0","0","Shared","Load","128","0","4","0","2031616","2031616","0","0","0","0","-","0","0","0","0","0","0","0","0","31","0","0","0","0","0","34","0","0","88","7","0","0","0","3","0","0","0","0","0","0","0","0","22","0","0","2","0","0","0","0","2"
"0x70736776bee0","      BAR.SYNC.DEFER_BLOCKING 0x0","5","0","5","507904","16252928","16252928","32","32","0","0","-","-","-","0","0","0","0","0","0","0","0","0","-","0","0","0","0","0","0","0","0","0","0","0","0","0","0","0","0","0","0","5","0","0","0","0","0","0","0","0","0","0","0","0","0","0","0","0","0","0","0","0","0"
"0x70736776bef0","      UISETP.GT.U32.AND UP0, UPT, UR10, 0x10, UPT","14","0","14","507904","16252928","16252928","32","32","0","0","-","-","-","0","0","0","0","0","0","0","0","0","-","0","0","0","0","0","0","0","0","5","0","0","0","0","0","0","0","0","0","9","0","0","0","0","0","0","0","0","0","0","0","0","0","0","0","0","0","0","0","0","0"
"0x70736776bf00","      UIADD3 UR4, UPT, UPT, UR10, -0x10, URZ","9","0","9","507904","16252928","16252928","32","32","0","0","-","-","-","0","0","0","0","0","0","0","0","0","-","0","0","0","0","0","0","0","0","0","0","0","0","0","0","0","0","0","1","8","0","0","0","0","0","0","0","0","0","0","0","0","0","0","0","0","0","0","0","0","0"
"0x70736776bf10","      IADD.64 R64, R64, 0x10","3","0","3","507904","16252928","16252928","32","32","0","0","-","-","-","0","0","0","0","0","0","0","0","0","-","0","0","0","0","0","0","0","0","0","0","0","0","0","0","0","0","0","0","3","0","0","0","0","0","0","0","0","0","0","0","0","0","0","0","0","0","0","0","0","0"
"0x70736776bf20","      STS [R10], R12","1850","312","1850","507904","16252928","16252928","32","32","0","0","Shared","Store","32","0","2","507904","1015808","507904","0","0","0","0","-","0","0","0","0","0","0","1660","0","23","0","0","0","0","0","37","0","0","114","1","0","0","0","15","288","0","0","0","0","0","0","0","16","0","0","0","0","0","0","0","8"
"0x70736776bf30","      STS [R10+0x20], R35","139","36","139","507904","16252928","16252928","32","32","0","0","Shared","Store","32","0","2","507904","1015808","507904","0","0","0","0","-","0","0","0","0","0","0","0","0","12","0","0","0","0","0","45","0","0","53","5","0","0","0","24","0","0","0","0","0","0","0","0","29","0","0","0","0","0","0","0","7"
"0x70736776bf40","      STS [R10+0x40], R34","155","36","155","507904","16252928","16252928","32","32","0","0","Shared","Store","32","0","2","507904","1015808","507904","0","0","0","0","-","0","0","0","0","0","0","0","0","12","0","0","0","0","0","53","0","0","60","7","0","0","0","23","0","0","1","0","0","0","0","0","32","0","0","0","0","0","0","0","3"
"0x70736776bf50","      STS [R10+0x60], R33","137","37","137","507904","16252928","16252928","32","32","0","0","Shared","Store","32","0","2","507904","1015808","507904","0","0","0","0","-","0","0","0","0","0","0","0","0","8","0","0","0","0","0","53","0","0","49","6","0","0","0","21","0","0","0","0","0","0","0","0","31","0","0","0","0","0","0","0","6"
"0x70736776bf60","      STS [R10+0x80], R32","153","53","153","507904","16252928","16252928","32","32","0","0","Shared","Store","32","0","2","507904","1015808","507904","0","0","0","0","-","0","0","0","0","0","0","0","0","11","0","0","4","0","0","54","0","0","54","8","0","0","0","22","0","0","1","0","0","4","0","0","39","0","0","0","0","0","0","0","9"
"0x70736776bf70","      STS [R10+0xa0], R38","141","50","141","507904","16252928","16252928","32","32","0","0","Shared","Store","32","0","2","507904","1015808","507904","0","0","0","0","-","0","0","0","0","0","0","0","0","11","0","0","0","0","0","68","0","0","42","4","0","0","0","16","0","0","0","0","0","0","0","0","45","0","0","0","0","0","0","0","5"
"0x70736776bf80","      STS [R10+0xc0], R39","133","48","133","507904","16252928","16252928","32","32","0","0","Shared","Store","32","0","2","507904","1015808","507904","0","0","0","0","-","0","0","0","0","0","0","0","0","16","0","0","0","0","0","54","0","0","37","10","0","0","0","16","0","0","1","0","0","0","0","0","39","0","0","0","0","0","0","0","8"
"0x70736776bf90","      STS [R10+0xe0], R40","348","165","348","507904","16252928","16252928","32","32","0","0","Shared","Store","32","0","2","507904","1015808","507904","0","0","0","0","-","0","0","0","0","0","0","0","0","11","0","0","226","0","0","47","0","0","47","5","0","0","0","12","0","0","0","0","0","124","0","0","36","0","0","0","0","0","0","0","5"
"0x70736776bfa0","      STS [R13+0x20], R8","144","59","144","507904","16252928","16252928","32","32","0","0","Shared","Store","32","0","2","507904","1015808","507904","0","0","0","0","-","0","0","0","0","0","0","0","0","11","0","0","0","0","0","53","0","0","45","4","0","0","0","31","0","0","0","0","0","0","0","0","38","0","0","0","0","0","0","0","21"
"0x70736776bfb0","      STS [R13+0x40], R7","152","55","152","507904","16252928","16252928","32","32","0","0","Shared","Store","32","0","2","507904","1015808","507904","0","0","0","0","-","0","0","0","0","0","0","0","0","16","0","0","0","0","0","64","0","0","43","3","0","0","0","26","0","0","0","0","0","0","0","0","43","0","0","0","0","0","0","0","12"
"0x70736776bfc0","      STS [R13+0x60], R6","149","46","149","507904","16252928","16252928","32","32","0","0","Shared","Store","32","0","2","507904","1015808","507904","0","0","0","0","-","0","0","0","0","0","0","0","0","8","0","0","0","0","0","52","0","0","56","12","0","0","0","21","0","0","0","0","0","0","0","0","35","0","0","0","0","0","0","0","11"
"0x70736776bfd0","      STS [R13+0x80], R5","152","59","152","507904","16252928","16252928","32","32","0","0","Shared","Store","32","0","2","507904","1015808","507904","0","0","0","0","-","0","0","0","0","0","0","0","0","9","0","0","0","0","0","63","0","0","50","7","0","0","0","23","0","0","0","0","0","0","0","0","48","0","0","0","0","0","0","0","11"
"0x70736776bfe0","      FFMA R40, R18, R26, R62","22","12","22","507904","16252928","16252928","32","32","0","0","-","-","-","0","0","0","0","0","0","0","0","0","-","0","0","0","0","0","0","0","0","0","0","0","0","0","0","0","0","0","0","9","13","0","0","0","0","0","0","0","0","0","0","0","0","0","0","0","0","12","0","0","0"
"0x70736776bff0","      FFMA R62, R18, R27, R66","2","0","2","507904","16252928","16252928","32","32","0","0","-","-","-","0","0","0","0","0","0","0","0","0","-","0","0","0","0","0","0","0","0","1","0","0","0","0","0","0","0","0","0","1","0","0","0","0","0","0","0","0","0","0","0","0","0","0","0","0","0","0","0","0","0"
"0x70736776c000","      IADD.64 R54, R54, 0x10","57","5","57","507904","16252928","16252928","32","32","0","0","-","-","-","0","0","0","0","0","0","0","0","0","-","0","0","0","0","0","0","0","0","3","0","0","0","30","0","0","0","0","19","5","0","0","0","0","0","0","0","0","0","0","5","0","0","0","0","0","0","0","0","0","0"
"0x70736776c010","      STS [R13+0xa0], R4","148","44","148","507904","16252928","16252928","32","32","0","0","Shared","Store","32","0","2","507904","1015808","507904","0","0","0","0","-","0","0","0","0","0","0","0","0","16","0","0","0","0","0","45","0","0","75","3","0","0","0","9","0","0","1","0","0","0","0","0","34","0","0","0","0","0","0","0","9"
"0x70736776c020","      STS [R13+0xc0], R3","119","40","119","507904","16252928","16252928","32","32","0","0","Shared","Store","32","0","2","507904","1015808","507904","0","0","0","0","-","0","0","0","0","0","0","0","0","15","0","0","0","0","0","43","0","0","38","3","0","0","0","20","0","0","1","0","0","0","0","0","32","0","0","0","0","0","0","0","7"
"0x70736776c030","      STS [R13+0xe0], R14","150","61","150","507904","16252928","16252928","32","32","0","0","Shared","Store","32","0","2","507904","1015808","507904","0","0","0","0","-","0","0","0","0","0","0","0","0","13","0","0","0","0","0","57","0","0","50","5","0","0","0","25","0","0","0","0","0","0","0","0","44","0","0","1","0","0","0","0","16"
"0x70736776c040","      STS [R13], R9","135","54","135","507904","16252928","16252928","32","32","0","0","Shared","Store","32","0","2","507904","1015808","507904","0","0","0","0","-","0","0","0","0","0","0","0","0","14","0","0","0","0","0","51","0","0","42","8","0","0","0","20","0","0","0","0","0","0","0","0","40","0","0","0","0","0","0","0","14"
"0x70736776c050","      FFMA R66, R19, R24, R67","12","0","12","507904","16252928","16252928","32","32","0","0","-","-","-","0","0","0","0","0","0","0","0","0","-","0","0","0","0","0","0","0","0","2","0","0","0","0","0","0","0","0","0","10","0","0","0","0","0","0","0","0","0","0","0","0","0","0","0","0","0","0","0","0","0"
"0x70736776c060","      FFMA R28, R20, R24, R75","9","0","9","507904","16252928","16252928","32","32","0","0","-","-","-","0","0","0","0","0","0","0","0","0","-","0","0","0","0","0","0","0","0","0","0","0","0","0","0","0","0","0","0","9","0","0","0","0","0","0","0","0","0","0","0","0","0","0","0","0","0","0","0","0","0"
"0x70736776c070","      FFMA R29, R20, R25, R74","8","0","8","507904","16252928","16252928","32","32","0","0","-","-","-","0","0","0","0","0","0","0","0","0","-","0","0","0","0","0","0","0","0","0","0","0","0","0","0","0","0","0","0","8","0","0","0","0","0","0","0","0","0","0","0","0","0","0","0","0","0","0","0","0","0"
"0x70736776c080","      FFMA R30, R20, R26, R73","6","0","6","507904","16252928","16252928","32","32","0","0","-","-","-","0","0","0","0","0","0","0","0","0","-","0","0","0","0","0","0","0","0","1","0","0","0","0","0","0","0","0","0","5","0","0","0","0","0","0","0","0","0","0","0","0","0","0","0","0","0","0","0","0","0"
"0x70736776c090","      FFMA R31, R20, R27, R72","4","0","4","507904","16252928","16252928","32","32","0","0","-","-","-","0","0","0","0","0","0","0","0","0","-","0","0","0","0","0","0","0","0","0","0","0","0","0","0","0","0","0","0","4","0","0","0","0","0","0","0","0","0","0","0","0","0","0","0","0","0","0","0","0","0"
"0x70736776c0a0","      FFMA R51, R21, R24, R51","4","0","4","507904","16252928","16252928","32","32","0","0","-","-","-","0","0","0","0","0","0","0","0","0","-","0","0","0","0","0","0","0","0","0","0","0","0","0","0","0","0","0","0","4","0","0","0","0","0","0","0","0","0","0","0","0","0","0","0","0","0","0","0","0","0"
"0x70736776c0b0","      FFMA R52, R21, R25, R52","4","0","4","507904","16252928","16252928","32","32","0","0","-","-","-","0","0","0","0","0","0","0","0","0","-","0","0","0","0","0","0","0","0","0","0","0","0","0","0","0","0","0","0","4","0","0","0","0","0","0","0","0","0","0","0","0","0","0","0","0","0","0","0","0","0"
"0x70736776c0c0","      FFMA R53, R21, R26, R53","4","0","4","507904","16252928","16252928","32","32","0","0","-","-","-","0","0","0","0","0","0","0","0","0","-","0","0","0","0","0","0","0","0","1","0","0","0","0","0","0","0","0","0","3","0","0","0","0","0","0","0","0","0","0","0","0","0","0","0","0","0","0","0","0","0"
"0x70736776c0d0","      FFMA R56, R21, R27, R56","3","0","3","507904","16252928","16252928","32","32","0","0","-","-","-","0","0","0","0","0","0","0","0","0","-","0","0","0","0","0","0","0","0","0","0","0","0","0","0","0","0","0","0","3","0","0","0","0","0","0","0","0","0","0","0","0","0","0","0","0","0","0","0","0","0"
"0x70736776c0e0","      FFMA R57, R22, R24, R57","12","0","12","507904","16252928","16252928","32","32","0","0","-","-","-","0","0","0","0","0","0","0","0","0","-","0","0","0","0","0","0","0","0","0","0","0","0","0","0","0","0","0","0","12","0","0","0","0","0","0","0","0","0","0","0","0","0","0","0","0","0","0","0","0","0"
"0x70736776c0f0","      FFMA R58, R22, R25, R58","12","0","12","507904","16252928","16252928","32","32","0","0","-","-","-","0","0","0","0","0","0","0","0","0","-","0","0","0","0","0","0","0","0","6","0","0","0","0","0","0","0","0","0","6","0","0","0","0","0","0","0","0","0","0","0","0","0","0","0","0","0","0","0","0","0"
"0x70736776c100","      FFMA R59, R22, R26, R59","4","0","4","507904","16252928","16252928","32","32","0","0","-","-","-","0","0","0","0","0","0","0","0","0","-","0","0","0","0","0","0","0","0","0","0","0","0","0","0","0","0","0","0","4","0","0","0","0","0","0","0","0","0","0","0","0","0","0","0","0","0","0","0","0","0"
"0x70736776c110","      FFMA R63, R22, R27, R63","7","0","7","507904","16252928","16252928","32","32","0","0","-","-","-","0","0","0","0","0","0","0","0","0","-","0","0","0","0","0","0","0","0","2","0","0","0","0","0","0","0","0","0","5","0","0","0","0","0","0","0","0","0","0","0","0","0","0","0","0","0","0","0","0","0"
"0x70736776c120","      FFMA R45, R23, R24, R45","8","0","8","507904","16252928","16252928","32","32","0","0","-","-","-","0","0","0","0","0","0","0","0","0","-","0","0","0","0","0","0","0","0","0","0","0","0","0","0","0","0","0","0","8","0","0","0","0","0","0","0","0","0","0","0","0","0","0","0","0","0","0","0","0","0"
"0x70736776c130","      FFMA R46, R23, R25, R46","10","0","10","507904","16252928","16252928","32","32","0","0","-","-","-","0","0","0","0","0","0","0","0","0","-","0","0","0","0","0","0","0","0","4","0","0","0","0","0","0","0","0","0","6","0","0","0","0","0","0","0","0","0","0","0","0","0","0","0","0","0","0","0","0","0"
"0x70736776c140","      FFMA R44, R23, R26, R44","9","0","9","507904","16252928","16252928","32","32","0","0","-","-","-","0","0","0","0","0","0","0","0","0","-","0","0","0","0","0","0","0","0","2","0","0","0","0","0","0","0","0","0","7","0","0","0","0","0","0","0","0","0","0","0","0","0","0","0","0","0","0","0","0","0"
"0x70736776c150","      FFMA R47, R23, R27, R47","5","0","5","507904","16252928","16252928","32","32","0","0","-","-","-","0","0","0","0","0","0","0","0","0","-","0","0","0","0","0","0","0","0","0","0","0","0","0","0","0","0","0","0","5","0","0","0","0","0","0","0","0","0","0","0","0","0","0","0","0","0","0","0","0","0"
"0x70736776c160","      FFMA R48, R16, R24, R48","22","0","22","507904","16252928","16252928","32","32","0","0","-","-","-","0","0","0","0","0","0","0","0","0","-","0","0","0","0","0","0","0","0","13","0","0","0","0","0","0","0","0","0","9","0","0","0","0","0","0","0","0","0","0","0","0","0","0","0","0","0","0","0","0","0"
"0x70736776c170","      FFMA R49, R16, R25, R49","17","0","17","507904","16252928","16252928","32","32","0","0","-","-","-","0","0","0","0","0","0","0","0","0","-","0","0","0","0","0","0","0","0","9","0","0","0","0","0","0","0","0","0","8","0","0","0","0","0","0","0","0","0","0","0","0","0","0","0","0","0","0","0","0","0"
"0x70736776c180","      FFMA R50, R16, R26, R50","21","0","21","507904","16252928","16252928","32","32","0","0","-","-","-","0","0","0","0","0","0","0","0","0","-","0","0","0","0","0","0","0","0","4","0","0","0","0","0","0","0","2","6","9","0","0","0","0","0","0","0","0","0","0","0","0","0","0","0","0","0","0","0","0","0"
"0x70736776c190","      FFMA R60, R16, R27, R60","6","0","6","507904","16252928","16252928","32","32","0","0","-","-","-","0","0","0","0","0","0","0","0","0","-","0","0","0","0","0","0","0","0","1","0","0","0","0","0","0","0","0","0","5","0","0","0","0","0","0","0","0","0","0","0","0","0","0","0","0","0","0","0","0","0"
"0x70736776c1a0","      FFMA R61, R17, R24, R61","8","0","8","507904","16252928","16252928","32","32","0","0","-","-","-","0","0","0","0","0","0","0","0","0","-","0","0","0","0","0","0","0","0","2","0","0","0","0","0","0","0","0","0","6","0","0","0","0","0","0","0","0","0","0","0","0","0","0","0","0","0","0","0","0","0"
"0x70736776c1b0","      FFMA R39, R17, R25, R71","9","0","9","507904","16252928","16252928","32","32","0","0","-","-","-","0","0","0","0","0","0","0","0","0","-","0","0","0","0","0","0","0","0","6","0","0","0","0","0","0","0","0","0","3","0","0","0","0","0","0","0","0","0","0","0","0","0","0","0","0","0","0","0","0","0"
"0x70736776c1c0","      FFMA R38, R17, R26, R70","4","0","4","507904","16252928","16252928","32","32","0","0","-","-","-","0","0","0","0","0","0","0","0","0","-","0","0","0","0","0","0","0","0","0","0","0","0","0","0","0","0","0","0","4","0","0","0","0","0","0","0","0","0","0","0","0","0","0","0","0","0","0","0","0","0"
"0x70736776c1d0","      FFMA R42, R17, R27, R42","6","0","6","507904","16252928","16252928","32","32","0","0","-","-","-","0","0","0","0","0","0","0","0","0","-","0","0","0","0","0","0","0","0","1","0","0","0","0","0","0","0","0","0","5","0","0","0","0","0","0","0","0","0","0","0","0","0","0","0","0","0","0","0","0","0"
"0x70736776c1e0","      FFMA R41, R18, R24, R41","5","0","5","507904","16252928","16252928","32","32","0","0","-","-","-","0","0","0","0","0","0","0","0","0","-","0","0","0","0","0","0","0","0","1","0","0","0","0","0","0","0","0","0","4","0","0","0","0","0","0","0","0","0","0","0","0","0","0","0","0","0","0","0","0","0"
"0x70736776c1f0","      FFMA R43, R18, R25, R43","5","0","5","507904","16252928","16252928","32","32","0","0","-","-","-","0","0","0","0","0","0","0","0","0","-","0","0","0","0","0","0","0","0","2","0","0","0","0","0","0","0","0","0","3","0","0","0","0","0","0","0","0","0","0","0","0","0","0","0","0","0","0","0","0","0"
"0x70736776c200","      FFMA R67, R19, R25, R37","17","0","17","507904","16252928","16252928","32","32","0","0","-","-","-","0","0","0","0","0","0","0","0","0","-","0","0","0","0","0","0","0","0","5","0","0","0","0","0","0","0","1","1","10","0","0","0","0","0","0","0","0","0","0","0","0","0","0","0","0","0","0","0","0","0"
"0x70736776c210","      FFMA R68, R19, R26, R68","4","0","4","507904","16252928","16252928","32","32","0","0","-","-","-","0","0","0","0","0","0","0","0","0","-","0","0","0","0","0","0","0","0","0","0","0","0","0","0","0","0","0","0","4","0","0","0","0","0","0","0","0","0","0","0","0","0","0","0","0","0","0","0","0","0"
"0x70736776c220","      FFMA R69, R19, R27, R69","10","0","10","507904","16252928","16252928","32","32","0","0","-","-","-","0","0","0","0","0","0","0","0","0","-","0","0","0","0","0","0","0","0","0","0","0","0","0","0","0","0","0","0","10","0","0","0","0","0","0","0","0","0","0","0","0","0","0","0","0","0","0","0","0","0"
"0x70736776c230","      UMOV UR10, UR4","12","0","12","507904","16252928","16252928","32","32","0","0","-","-","-","0","0","0","0","0","0","0","0","0","-","0","0","0","0","0","0","0","0","1","0","0","0","0","0","0","0","0","0","11","0","0","0","0","0","0","0","0","0","0","0","0","0","0","0","0","0","0","0","0","0"
"0x70736776c240","      BAR.SYNC.DEFER_BLOCKING 0x0","3","0","3","507904","16252928","16252928","32","32","0","0","-","-","-","0","0","0","0","0","0","0","0","0","-","0","0","0","0","0","0","0","0","1","0","0","0","0","0","0","0","0","0","2","0","0","0","0","0","0","0","0","0","0","0","0","0","0","0","0","0","0","0","0","0"
"0x70736776c250","      BRA.U UP0, 0x707367769670","705","111","705","507904","16252928","16252928","32","32","0","0","-","-","-","0","0","0","0","0","0","0","0","0","-","0","0","0","0","0","0","599","0","14","0","0","0","0","0","0","0","0","50","8","1","0","0","33","107","0","0","0","0","0","0","0","0","0","0","0","0","0","0","0","4"
"0x70736776c260","      UMOV UR10, UR4","35","5","35","16384","524288","524288","32","32","0","0","-","-","-","0","0","0","0","0","0","0","0","0","-","0","0","0","0","0","0","0","0","0","0","0","0","0","0","0","0","0","2","3","0","0","0","30","0","0","0","0","0","0","0","0","0","0","0","1","0","0","0","0","4"
"0x70736776c270","      UISETP.GE.AND UP0, UPT, UR10, -0xf, UPT","4","0","4","16384","524288","524288","32","32","0","0","-","-","-","0","0","0","0","0","0","0","0","0","-","0","0","0","0","0","0","0","0","2","0","0","0","0","0","0","0","0","2","0","0","0","0","0","0","0","0","0","0","0","0","0","0","0","0","0","0","0","0","0","0"
"0x70736776c280","      BRA.U !UP0, 0x70736776d400","14","1","14","16384","524288","524288","32","32","0","0","-","-","-","0","0","0","0","0","0","0","0","0","-","0","0","0","0","0","0","0","0","1","0","0","0","0","0","0","0","0","9","1","0","0","0","3","0","0","0","0","0","0","0","0","0","0","0","0","0","0","0","0","1"
"0x70736776c290","      UIADD3 UR4, UPT, UPT, UR10, 0xf, URZ","1","0","1","16384","524288","524288","32","32","0","0","-","-","-","0","0","0","0","0","0","0","0","0","-","0","0","0","0","0","0","0","0","1","0","0","0","0","0","0","0","0","0","0","0","0","0","0","0","0","0","0","0","0","0","0","0","0","0","0","0","0","0","0","0"
"0x70736776c2a0","      ULOP3.LUT UR5, UR10, 0x3, URZ, 0xc0, !UPT","0","0","0","16384","524288","524288","32","32","0","0","-","-","-","0","0","0","0","0","0","0","0","0","-","0","0","0","0","0","0","0","0","0","0","0","0","0","0","0","0","0","0","0","0","0","0","0","0","0","0","0","0","0","0","0","0","0","0","0","0","0","0","0","0"
"0x70736776c2b0","      MOV R32, R2","0","0","0","16384","524288","524288","32","32","0","0","-","-","-","0","0","0","0","0","0","0","0","0","-","0","0","0","0","0","0","0","0","0","0","0","0","0","0","0","0","0","0","0","0","0","0","0","0","0","0","0","0","0","0","0","0","0","0","0","0","0","0","0","0"
"0x70736776c2c0","      MOV R3, R0","0","0","0","16384","524288","524288","32","32","0","0","-","-","-","0","0","0","0","0","0","0","0","0","-","0","0","0","0","0","0","0","0","0","0","0","0","0","0","0","0","0","0","0","0","0","0","0","0","0","0","0","0","0","0","0","0","0","0","0","0","0","0","0","0"
"0x70736776c2d0","      UISETP.GE.U32.AND UP0, UPT, UR4, 0x3, UPT","0","0","0","16384","524288","524288","32","32","0","0","-","-","-","0","0","0","0","0","0","0","0","0","-","0","0","0","0","0","0","0","0","0","0","0","0","0","0","0","0","0","0","0","0","0","0","0","0","0","0","0","0","0","0","0","0","0","0","0","0","0","0","0","0"
"0x70736776c2e0","      UISETP.NE.AND UP1, UPT, UR5, URZ, UPT","0","0","0","16384","524288","524288","32","32","0","0","-","-","-","0","0","0","0","0","0","0","0","0","-","0","0","0","0","0","0","0","0","0","0","0","0","0","0","0","0","0","0","0","0","0","0","0","0","0","0","0","0","0","0","0","0","0","0","0","0","0","0","0","0"
"0x70736776c2f0","      BRA.U !UP0, 0x70736776ccb0","6","0","6","16384","524288","524288","32","32","0","0","-","-","-","0","0","0","0","0","0","0","0","0","-","0","0","0","0","0","0","0","0","0","0","0","0","0","0","0","0","0","5","0","0","0","0","1","0","0","0","0","0","0","0","0","0","0","0","0","0","0","0","0","0"
"0x70736776c300","      LEA R34, R0, UR6, 0x4","7","1","7","16384","524288","524288","32","32","0","0","-","-","-","0","0","0","0","0","0","0","0","0","-","0","0","0","0","0","0","0","0","0","0","0","0","0","0","0","0","0","2","1","0","0","0","4","0","0","0","0","0","0","0","0","0","0","0","0","0","0","0","0","1"
"0x70736776c310","      ULOP3.LUT UR4, UR10, 0xfffffffc, URZ, 0xc0, !UPT","2","0","2","16384","524288","524288","32","32","0","0","-","-","-","0","0","0","0","0","0","0","0","0","-","0","0","0","0","0","0","0","0","0","0","0","0","0","0","0","0","0","0","2","0","0","0","0","0","0","0","0","0","0","0","0","0","0","0","0","0","0","0","0","0"
"0x70736776c320","      LEA R33, R2, UR8, 0x4","0","0","0","16384","524288","524288","32","32","0","0","-","-","-","0","0","0","0","0","0","0","0","0","-","0","0","0","0","0","0","0","0","0","0","0","0","0","0","0","0","0","0","0","0","0","0","0","0","0","0","0","0","0","0","0","0","0","0","0","0","0","0","0","0"
"0x70736776c330","      MOV R32, R2","0","0","0","16384","524288","524288","32","32","0","0","-","-","-","0","0","0","0","0","0","0","0","0","-","0","0","0","0","0","0","0","0","0","0","0","0","0","0","0","0","0","0","0","0","0","0","0","0","0","0","0","0","0","0","0","0","0","0","0","0","0","0","0","0"
"0x70736776c340","      MOV R3, R0","1","0","1","16384","524288","524288","32","32","0","0","-","-","-","0","0","0","0","0","0","0","0","0","-","0","0","0","0","0","0","0","0","0","0","0","0","0","0","0","0","0","0","1","0","0","0","0","0","0","0","0","0","0","0","0","0","0","0","0","0","0","0","0","0"
"0x70736776c350","      IADD3 R34, PT, PT, R34, 0x220, RZ","1","0","1","16384","524288","524288","32","32","0","0","-","-","-","0","0","0","0","0","0","0","0","0","-","0","0","0","0","0","0","0","0","0","0","0","0","1","0","0","0","0","0","0","0","0","0","0","0","0","0","0","0","0","0","0","0","0","0","0","0","0","0","0","0"
"0x70736776c360","      IADD3 R33, PT, PT, R33, 0x220, RZ","4","0","4","16384","524288","524288","32","32","0","0","-","-","-","0","0","0","0","0","0","0","0","0","-","0","0","0","0","0","0","0","0","1","0","0","0","0","0","0","0","0","2","0","0","0","0","1","0","0","0","0","0","0","0","0","0","0","0","0","0","0","0","0","0"
"0x70736776c370","      UIADD3 UR4, UPT, UPT, -UR4, URZ, URZ","0","0","0","16384","524288","524288","32","32","0","0","-","-","-","0","0","0","0","0","0","0","0","0","-","0","0","0","0","0","0","0","0","0","0","0","0","0","0","0","0","0","0","0","0","0","0","0","0","0","0","0","0","0","0","0","0","0","0","0","0","0","0","0","0"
"0x70736776c380","      LDS.128 R4, [R34+-0x220]","24","4","24","65536","2097152","2097152","32","32","0","0","Shared","Load","128","0","4","0","262144","262144","0","0","0","0","-","0","0","0","0","0","0","0","7","1","0","0","0","0","0","2","0","9","3","0","0","0","0","2","0","1","0","0","0","0","0","0","0","0","1","0","0","0","0","0","2"
"0x70736776c390","      UIADD3 UR4, UPT, UPT, UR4, 0x4, URZ","1","0","1","65536","2097152","2097152","32","32","0","0","-","-","-","0","0","0","0","0","0","0","0","0","-","0","0","0","0","0","0","0","0","1","0","0","0","0","0","0","0","0","0","0","0","0","0","0","0","0","0","0","0","0","0","0","0","0","0","0","0","0","0","0","0"
"0x70736776c3a0","      IADD3 R32, PT, PT, R32, 0x44, RZ","1","0","1","65536","2097152","2097152","32","32","0","0","-","-","-","0","0","0","0","0","0","0","0","0","-","0","0","0","0","0","0","0","0","0","0","0","0","0","0","0","0","0","0","1","0","0","0","0","0","0","0","0","0","0","0","0","0","0","0","0","0","0","0","0","0"
"0x70736776c3b0","      IADD3 R3, PT, PT, R3, 0x44, RZ","15","2","15","65536","2097152","2097152","32","32","0","0","-","-","-","0","0","0","0","0","0","0","0","0","-","0","0","0","0","0","0","0","0","2","0","0","0","1","0","0","0","0","6","3","0","0","0","3","0","0","0","0","0","0","1","0","0","0","0","0","0","0","0","0","1"
"0x70736776c3c0","      LDS.128 R8, [R33+-0x220]","2","0","2","65536","2097152","2097152","32","32","0","0","Shared","Load","128","0","2","0","131072","131072","0","0","0","0","-","0","0","0","0","0","0","0","0","2","0","0","0","0","0","0","0","0","0","0","0","0","0","0","0","0","0","0","0","0","0","0","0","0","0","0","0","0","0","0","0"
"0x70736776c3d0","      UISETP.NE.AND UP0, UPT, UR4, 0x10, UPT","2","0","2","65536","2097152","2097152","32","32","0","0","-","-","-","0","0","0","0","0","0","0","0","0","-","0","0","0","0","0","0","0","0","0","0","0","0","0","0","0","0","0","0","2","0","0","0","0","0","0","0","0","0","0","0","0","0","0","0","0","0","0","0","0","0"
"0x70736776c3e0","      LDS.128 R12, [R34+-0x1a0]","19","4","19","65536","2097152","2097152","32","32","0","0","Shared","Load","128","0","4","0","262144","262144","0","0","0","0","-","0","0","0","0","0","0","0","0","3","0","0","0","0","0","2","0","0","7","1","0","0","0","6","0","0","0","0","0","0","0","0","2","0","0","0","0","0","0","0","2"
"0x70736776c3f0","      LDS.128 R16, [R34+-0x110]","13","3","13","65536","2097152","2097152","32","32","0","0","Shared","Load","128","0","4","0","262144","262144","0","0","0","0","-","0","0","0","0","0","0","0","0","0","0","0","0","0","0","3","0","0","8","1","0","0","0","1","0","0","0","0","0","0","0","0","3","0","0","0","0","0","0","0","0"
"0x70736776c400","      LDS.128 R20, [R33+-0x110]","20","9","20","65536","2097152","2097152","32","32","0","0","Shared","Load","128","0","2","0","131072","131072","0","0","0","0","-","0","0","0","0","0","0","0","0","2","0","0","0","0","0","5","0","0","5","2","0","0","0","6","0","0","0","0","0","0","0","0","5","0","0","0","0","0","0","0","4"
"0x70736776c410","      LDS.128 R24, [R34+-0x90]","14","8","14","65536","2097152","2097152","32","32","0","0","Shared","Load","128","0","4","0","262144","262144","0","0","0","0","-","0","0","0","0","0","0","0","0","0","0","0","0","0","0","6","0","0","5","0","0","0","0","3","0","0","0","0","0","0","0","0","5","0","0","0","0","0","0","0","3"
"0x70736776c420","      FFMA R45, R7, R8, R45","33","14","33","65536","2097152","2097152","32","32","0","0","-","-","-","0","0","0","0","0","0","0","0","0","-","0","0","0","0","0","0","0","0","1","0","0","0","0","0","0","0","0","4","3","25","0","0","0","0","0","0","0","0","0","0","0","0","0","0","0","0","14","0","0","0"
"0x70736776c430","      FFMA R46, R7, R9, R46","0","0","0","65536","2097152","2097152","32","32","0","0","-","-","-","0","0","0","0","0","0","0","0","0","-","0","0","0","0","0","0","0","0","0","0","0","0","0","0","0","0","0","0","0","0","0","0","0","0","0","0","0","0","0","0","0","0","0","0","0","0","0","0","0","0"
"0x70736776c440","      FFMA R44, R7, R10, R44","0","0","0","65536","2097152","2097152","32","32","0","0","-","-","-","0","0","0","0","0","0","0","0","0","-","0","0","0","0","0","0","0","0","0","0","0","0","0","0","0","0","0","0","0","0","0","0","0","0","0","0","0","0","0","0","0","0","0","0","0","0","0","0","0","0"
"0x70736776c450","      FFMA R35, R4, R8, R28","4","0","4","65536","2097152","2097152","32","32","0","0","-","-","-","0","0","0","0","0","0","0","0","0","-","0","0","0","0","0","0","0","0","0","0","0","0","0","0","0","0","0","0","4","0","0","0","0","0","0","0","0","0","0","0","0","0","0","0","0","0","0","0","0","0"
"0x70736776c460","      FFMA R54, R4, R9, R29","2","0","2","65536","2097152","2097152","32","32","0","0","-","-","-","0","0","0","0","0","0","0","0","0","-","0","0","0","0","0","0","0","0","0","0","0","0","0","0","0","0","0","0","2","0","0","0","0","0","0","0","0","0","0","0","0","0","0","0","0","0","0","0","0","0"
"0x70736776c470","      FFMA R55, R4, R10, R30","2","0","2","65536","2097152","2097152","32","32","0","0","-","-","-","0","0","0","0","0","0","0","0","0","-","0","0","0","0","0","0","0","0","0","0","0","0","0","0","0","0","0","0","2","0","0","0","0","0","0","0","0","0","0","0","0","0","0","0","0","0","0","0","0","0"
"0x70736776c480","      FFMA R51, R5, R8, R51","1","0","1","65536","2097152","2097152","32","32","0","0","-","-","-","0","0","0","0","0","0","0","0","0","-","0","0","0","0","0","0","0","0","0","0","0","0","0","0","0","0","0","0","1","0","0","0","0","0","0","0","0","0","0","0","0","0","0","0","0","0","0","0","0","0"
"0x70736776c490","      FFMA R52, R5, R9, R52","1","0","1","65536","2097152","2097152","32","32","0","0","-","-","-","0","0","0","0","0","0","0","0","0","-","0","0","0","0","0","0","0","0","1","0","0","0","0","0","0","0","0","0","0","0","0","0","0","0","0","0","0","0","0","0","0","0","0","0","0","0","0","0","0","0"
"0x70736776c4a0","      FFMA R53, R5, R10, R53","3","0","3","65536","2097152","2097152","32","32","0","0","-","-","-","0","0","0","0","0","0","0","0","0","-","0","0","0","0","0","0","0","0","2","0","0","0","0","0","0","0","0","0","1","0","0","0","0","0","0","0","0","0","0","0","0","0","0","0","0","0","0","0","0","0"
"0x70736776c4b0","      FFMA R57, R6, R8, R57","2","0","2","65536","2097152","2097152","32","32","0","0","-","-","-","0","0","0","0","0","0","0","0","0","-","0","0","0","0","0","0","0","0","0","0","0","0","0","0","0","0","0","0","2","0","0","0","0","0","0","0","0","0","0","0","0","0","0","0","0","0","0","0","0","0"
"0x70736776c4c0","      FFMA R58, R6, R9, R58","0","0","0","65536","2097152","2097152","32","32","0","0","-","-","-","0","0","0","0","0","0","0","0","0","-","0","0","0","0","0","0","0","0","0","0","0","0","0","0","0","0","0","0","0","0","0","0","0","0","0","0","0","0","0","0","0","0","0","0","0","0","0","0","0","0"
"0x70736776c4d0","      FFMA R59, R6, R10, R59","0","0","0","65536","2097152","2097152","32","32","0","0","-","-","-","0","0","0","0","0","0","0","0","0","-","0","0","0","0","0","0","0","0","0","0","0","0","0","0","0","0","0","0","0","0","0","0","0","0","0","0","0","0","0","0","0","0","0","0","0","0","0","0","0","0"
"0x70736776c4e0","      FFMA R7, R7, R11, R47","0","0","0","65536","2097152","2097152","32","32","0","0","-","-","-","0","0","0","0","0","0","0","0","0","-","0","0","0","0","0","0","0","0","0","0","0","0","0","0","0","0","0","0","0","0","0","0","0","0","0","0","0","0","0","0","0","0","0","0","0","0","0","0","0","0"
"0x70736776c4f0","      FFMA R4, R4, R11, R31","1","0","1","65536","2097152","2097152","32","32","0","0","-","-","-","0","0","0","0","0","0","0","0","0","-","0","0","0","0","0","0","0","0","0","0","0","0","0","0","0","0","0","0","1","0","0","0","0","0","0","0","0","0","0","0","0","0","0","0","0","0","0","0","0","0"
"0x70736776c500","      FFMA R5, R5, R11, R56","2","0","2","65536","2097152","2097152","32","32","0","0","-","-","-","0","0","0","0","0","0","0","0","0","-","0","0","0","0","0","0","0","0","2","0","0","0","0","0","0","0","0","0","0","0","0","0","0","0","0","0","0","0","0","0","0","0","0","0","0","0","0","0","0","0"
"0x70736776c510","      FFMA R6, R6, R11, R63","0","0","0","65536","2097152","2097152","32","32","0","0","-","-","-","0","0","0","0","0","0","0","0","0","-","0","0","0","0","0","0","0","0","0","0","0","0","0","0","0","0","0","0","0","0","0","0","0","0","0","0","0","0","0","0","0","0","0","0","0","0","0","0","0","0"
"0x70736776c520","      FFMA R48, R12, R8, R48","13","0","13","65536","2097152","2097152","32","32","0","0","-","-","-","0","0","0","0","0","0","0","0","0","-","0","0","0","0","0","0","0","0","1","0","0","0","0","0","0","0","0","5","1","6","0","0","0","0","0","0","0","0","0","0","0","0","0","0","0","0","0","0","0","0"
"0x70736776c530","      FFMA R49, R12, R9, R49","5","0","5","65536","2097152","2097152","32","32","0","0","-","-","-","0","0","0","0","0","0","0","0","0","-","0","0","0","0","0","0","0","0","2","0","0","0","0","0","0","0","0","0","3","0","0","0","0","0","0","0","0","0","0","0","0","0","0","0","0","0","0","0","0","0"
"0x70736776c540","      FFMA R50, R12, R10, R50","0","0","0","65536","2097152","2097152","32","32","0","0","-","-","-","0","0","0","0","0","0","0","0","0","-","0","0","0","0","0","0","0","0","0","0","0","0","0","0","0","0","0","0","0","0","0","0","0","0","0","0","0","0","0","0","0","0","0","0","0","0","0","0","0","0"
"0x70736776c550","      FFMA R60, R12, R11, R60","0","0","0","65536","2097152","2097152","32","32","0","0","-","-","-","0","0","0","0","0","0","0","0","0","-","0","0","0","0","0","0","0","0","0","0","0","0","0","0","0","0","0","0","0","0","0","0","0","0","0","0","0","0","0","0","0","0","0","0","0","0","0","0","0","0"
"0x70736776c560","      FFMA R47, R13, R9, R39","1","0","1","65536","2097152","2097152","32","32","0","0","-","-","-","0","0","0","0","0","0","0","0","0","-","0","0","0","0","0","0","0","0","0","0","0","0","0","0","0","0","0","0","1","0","0","0","0","0","0","0","0","0","0","0","0","0","0","0","0","0","0","0","0","0"
"0x70736776c570","      FFMA R61, R13, R8, R61","0","0","0","65536","2097152","2097152","32","32","0","0","-","-","-","0","0","0","0","0","0","0","0","0","-","0","0","0","0","0","0","0","0","0","0","0","0","0","0","0","0","0","0","0","0","0","0","0","0","0","0","0","0","0","0","0","0","0","0","0","0","0","0","0","0"
"0x70736776c580","      FFMA R56, R13, R10, R38","4","0","4","65536","2097152","2097152","32","32","0","0","-","-","-","0","0","0","0","0","0","0","0","0","-","0","0","0","0","0","0","0","0","0","0","0","0","0","0","0","0","2","1","1","0","0","0","0","0","0","0","0","0","0","0","0","0","0","0","0","0","0","0","0","0"
"0x70736776c590","      FFMA R42, R13, R11, R42","2","0","2","65536","2097152","2097152","32","32","0","0","-","-","-","0","0","0","0","0","0","0","0","0","-","0","0","0","0","0","0","0","0","0","0","0","0","0","0","0","0","0","0","2","0","0","0","0","0","0","0","0","0","0","0","0","0","0","0","0","0","0","0","0","0"
"0x70736776c5a0","      FFMA R41, R14, R8, R41","2","0","2","65536","2097152","2097152","32","32","0","0","-","-","-","0","0","0","0","0","0","0","0","0","-","0","0","0","0","0","0","0","0","0","0","0","0","0","0","0","0","0","0","2","0","0","0","0","0","0","0","0","0","0","0","0","0","0","0","0","0","0","0","0","0"
"0x70736776c5b0","      FFMA R43, R14, R9, R43","1","0","1","65536","2097152","2097152","32","32","0","0","-","-","-","0","0","0","0","0","0","0","0","0","-","0","0","0","0","0","0","0","0","0","0","0","0","0","0","0","0","0","0","1","0","0","0","0","0","0","0","0","0","0","0","0","0","0","0","0","0","0","0","0","0"
"0x70736776c5c0","      FFMA R40, R14, R10, R40","1","0","1","65536","2097152","2097152","32","32","0","0","-","-","-","0","0","0","0","0","0","0","0","0","-","0","0","0","0","0","0","0","0","0","0","0","0","0","0","0","0","0","0","1","0","0","0","0","0","0","0","0","0","0","0","0","0","0","0","0","0","0","0","0","0"
"0x70736776c5d0","      FFMA R62, R14, R11, R62","0","0","0","65536","2097152","2097152","32","32","0","0","-","-","-","0","0","0","0","0","0","0","0","0","-","0","0","0","0","0","0","0","0","0","0","0","0","0","0","0","0","0","0","0","0","0","0","0","0","0","0","0","0","0","0","0","0","0","0","0","0","0","0","0","0"
"0x70736776c5e0","      LDS.128 R28, [R34]","0","0","0","65536","2097152","2097152","32","32","0","0","Shared","Load","128","0","4","0","262144","262144","0","0","0","0","-","0","0","0","0","0","0","0","0","0","0","0","0","0","0","0","0","0","0","0","0","0","0","0","0","0","0","0","0","0","0","0","0","0","0","0","0","0","0","0","0"
"0x70736776c5f0","      FFMA R8, R15, R8, R66","2","0","2","65536","2097152","2097152","32","32","0","0","-","-","-","0","0","0","0","0","0","0","0","0","-","0","0","0","0","0","0","0","0","2","0","0","0","0","0","0","0","0","0","0","0","0","0","0","0","0","0","0","0","0","0","0","0","0","0","0","0","0","0","0","0"
"0x70736776c600","      FFMA R9, R15, R9, R67","5","0","5","65536","2097152","2097152","32","32","0","0","-","-","-","0","0","0","0","0","0","0","0","0","-","0","0","0","0","0","0","0","0","0","0","0","0","0","0","0","0","1","0","4","0","0","0","0","0","0","0","0","0","0","0","0","0","0","0","0","0","0","0","0","0"
"0x70736776c610","      FFMA R10, R15, R10, R68","3","0","3","65536","2097152","2097152","32","32","0","0","-","-","-","0","0","0","0","0","0","0","0","0","-","0","0","0","0","0","0","0","0","0","0","0","0","0","0","0","0","0","0","3","0","0","0","0","0","0","0","0","0","0","0","0","0","0","0","0","0","0","0","0","0"
"0x70736776c620","      LDS.128 R36, [R33]","0","0","0","65536","2097152","2097152","32","32","0","0","Shared","Load","128","0","2","0","131072","131072","0","0","0","0","-","0","0","0","0","0","0","0","0","0","0","0","0","0","0","0","0","0","0","0","0","0","0","0","0","0","0","0","0","0","0","0","0","0","0","0","0","0","0","0","0"
"0x70736776c630","      FFMA R11, R15, R11, R69","3","0","3","65536","2097152","2097152","32","32","0","0","-","-","-","0","0","0","0","0","0","0","0","0","-","0","0","0","0","0","0","0","0","0","0","0","0","0","0","0","0","0","0","3","0","0","0","0","0","0","0","0","0","0","0","0","0","0","0","0","0","0","0","0","0"
"0x70736776c640","      FFMA R35, R16, R20, R35","21","4","21","65536","2097152","2097152","32","32","0","0","-","-","-","0","0","0","0","0","0","0","0","0","-","0","0","0","0","0","0","0","0","2","0","0","0","0","0","0","0","0","4","2","13","0","0","0","0","0","0","0","0","0","0","0","0","0","0","0","0","4","0","0","0"
"0x70736776c650","      FFMA R54, R16, R21, R54","4","0","4","65536","2097152","2097152","32","32","0","0","-","-","-","0","0","0","0","0","0","0","0","0","-","0","0","0","0","0","0","0","0","1","0","0","0","0","0","0","0","0","0","3","0","0","0","0","0","0","0","0","0","0","0","0","0","0","0","0","0","0","0","0","0"
"0x70736776c660","      LDS.128 R12, [R34+0x80]","3","1","3","65536","2097152","2097152","32","32","0","0","Shared","Load","128","0","4","0","262144","262144","0","0","0","0","-","0","0","0","0","0","0","0","0","0","0","0","0","0","0","1","0","0","1","1","0","0","0","0","0","0","0","0","0","0","0","0","1","0","0","0","0","0","0","0","0"
"0x70736776c670","      FFMA R55, R16, R22, R55","0","0","0","65536","2097152","2097152","32","32","0","0","-","-","-","0","0","0","0","0","0","0","0","0","-","0","0","0","0","0","0","0","0","0","0","0","0","0","0","0","0","0","0","0","0","0","0","0","0","0","0","0","0","0","0","0","0","0","0","0","0","0","0","0","0"
"0x70736776c680","      FFMA R51, R17, R20, R51","1","0","1","65536","2097152","2097152","32","32","0","0","-","-","-","0","0","0","0","0","0","0","0","0","-","0","0","0","0","0","0","0","0","0","0","0","0","0","0","0","0","1","0","0","0","0","0","0","0","0","0","0","0","0","0","0","0","0","0","0","0","0","0","0","0"
"0x70736776c690","      FFMA R52, R17, R21, R52","4","0","4","65536","2097152","2097152","32","32","0","0","-","-","-","0","0","0","0","0","0","0","0","0","-","0","0","0","0","0","0","0","0","2","0","0","0","0","0","0","0","0","0","2","0","0","0","0","0","0","0","0","0","0","0","0","0","0","0","0","0","0","0","0","0"
"0x70736776c6a0","      FFMA R53, R17, R22, R53","1","0","1","65536","2097152","2097152","32","32","0","0","-","-","-","0","0","0","0","0","0","0","0","0","-","0","0","0","0","0","0","0","0","1","0","0","0","0","0","0","0","0","0","0","0","0","0","0","0","0","0","0","0","0","0","0","0","0","0","0","0","0","0","0","0"
"0x70736776c6b0","      FFMA R57, R18, R20, R57","2","0","2","65536","2097152","2097152","32","32","0","0","-","-","-","0","0","0","0","0","0","0","0","0","-","0","0","0","0","0","0","0","0","0","0","0","0","0","0","0","0","0","0","2","0","0","0","0","0","0","0","0","0","0","0","0","0","0","0","0","0","0","0","0","0"
"0x70736776c6c0","      FFMA R58, R18, R21, R58","1","0","1","65536","2097152","2097152","32","32","0","0","-","-","-","0","0","0","0","0","0","0","0","0","-","0","0","0","0","0","0","0","0","0","0","0","0","0","0","0","0","0","0","1","0","0","0","0","0","0","0","0","0","0","0","0","0","0","0","0","0","0","0","0","0"
"0x70736776c6d0","      FFMA R59, R18, R22, R59","1","0","1","65536","2097152","2097152","32","32","0","0","-","-","-","0","0","0","0","0","0","0","0","0","-","0","0","0","0","0","0","0","0","0","0","0","0","0","0","0","0","0","0","1","0","0","0","0","0","0","0","0","0","0","0","0","0","0","0","0","0","0","0","0","0"
"0x70736776c6e0","      FFMA R63, R19, R20, R45","0","0","0","65536","2097152","2097152","32","32","0","0","-","-","-","0","0","0","0","0","0","0","0","0","-","0","0","0","0","0","0","0","0","0","0","0","0","0","0","0","0","0","0","0","0","0","0","0","0","0","0","0","0","0","0","0","0","0","0","0","0","0","0","0","0"
"0x70736776c6f0","      FFMA R64, R19, R21, R46","1","0","1","65536","2097152","2097152","32","32","0","0","-","-","-","0","0","0","0","0","0","0","0","0","-","0","0","0","0","0","0","0","0","0","0","0","0","0","0","0","0","0","0","1","0","0","0","0","0","0","0","0","0","0","0","0","0","0","0","0","0","0","0","0","0"
"0x70736776c700","      FFMA R65, R19, R22, R44","5","0","5","65536","2097152","2097152","32","32","0","0","-","-","-","0","0","0","0","0","0","0","0","0","-","0","0","0","0","0","0","0","0","1","0","0","0","0","0","0","0","0","2","2","0","0","0","0","0","0","0","0","0","0","0","0","0","0","0","0","0","0","0","0","0"
"0x70736776c710","      FFMA R48, R24, R20, R48","7","1","7","65536","2097152","2097152","32","32","0","0","-","-","-","0","0","0","0","0","0","0","0","0","-","0","0","0","0","0","0","0","0","1","0","0","0","0","0","0","0","0","2","0","4","0","0","0","0","0","0","0","0","0","0","0","0","0","0","0","0","1","0","0","0"
"0x70736776c720","      FFMA R49, R24, R21, R49","3","0","3","65536","2097152","2097152","32","32","0","0","-","-","-","0","0","0","0","0","0","0","0","0","-","0","0","0","0","0","0","0","0","1","0","0","0","0","0","0","0","0","0","2","0","0","0","0","0","0","0","0","0","0","0","0","0","0","0","0","0","0","0","0","0"
"0x70736776c730","      FFMA R50, R24, R22, R50","1","0","1","65536","2097152","2097152","32","32","0","0","-","-","-","0","0","0","0","0","0","0","0","0","-","0","0","0","0","0","0","0","0","0","0","0","0","0","0","0","0","0","0","1","0","0","0","0","0","0","0","0","0","0","0","0","0","0","0","0","0","0","0","0","0"
"0x70736776c740","      FFMA R60, R24, R23, R60","4","0","4","65536","2097152","2097152","32","32","0","0","-","-","-","0","0","0","0","0","0","0","0","0","-","0","0","0","0","0","0","0","0","1","0","0","0","0","0","0","0","0","0","3","0","0","0","0","0","0","0","0","0","0","0","0","0","0","0","0","0","0","0","0","0"
"0x70736776c750","      FFMA R16, R16, R23, R4","1","0","1","65536","2097152","2097152","32","32","0","0","-","-","-","0","0","0","0","0","0","0","0","0","-","0","0","0","0","0","0","0","0","1","0","0","0","0","0","0","0","0","0","0","0","0","0","0","0","0","0","0","0","0","0","0","0","0","0","0","0","0","0","0","0"
"0x70736776c760","      FFMA R17, R17, R23, R5","2","0","2","65536","2097152","2097152","32","32","0","0","-","-","-","0","0","0","0","0","0","0","0","0","-","0","0","0","0","0","0","0","0","1","0","0","0","0","0","0","0","0","0","1","0","0","0","0","0","0","0","0","0","0","0","0","0","0","0","0","0","0","0","0","0"
"0x70736776c770","      FFMA R18, R18, R23, R6","1","0","1","65536","2097152","2097152","32","32","0","0","-","-","-","0","0","0","0","0","0","0","0","0","-","0","0","0","0","0","0","0","0","0","0","0","0","0","0","0","0","0","0","1","0","0","0","0","0","0","0","0","0","0","0","0","0","0","0","0","0","0","0","0","0"
"0x70736776c780","      FFMA R19, R19, R23, R7","2","0","2","65536","2097152","2097152","32","32","0","0","-","-","-","0","0","0","0","0","0","0","0","0","-","0","0","0","0","0","0","0","0","0","0","0","0","0","0","0","0","0","1","1","0","0","0","0","0","0","0","0","0","0","0","0","0","0","0","0","0","0","0","0","0"
"0x70736776c790","      FFMA R24, R25, R21, R47","0","0","0","65536","2097152","2097152","32","32","0","0","-","-","-","0","0","0","0","0","0","0","0","0","-","0","0","0","0","0","0","0","0","0","0","0","0","0","0","0","0","0","0","0","0","0","0","0","0","0","0","0","0","0","0","0","0","0","0","0","0","0","0","0","0"
"0x70736776c7a0","      FFMA R61, R25, R20, R61","3","0","3","65536","2097152","2097152","32","32","0","0","-","-","-","0","0","0","0","0","0","0","0","0","-","0","0","0","0","0","0","0","0","2","0","0","0","0","0","0","0","0","0","1","0","0","0","0","0","0","0","0","0","0","0","0","0","0","0","0","0","0","0","0","0"
"0x70736776c7b0","      FFMA R56, R25, R22, R56","1","0","1","65536","2097152","2097152","32","32","0","0","-","-","-","0","0","0","0","0","0","0","0","0","-","0","0","0","0","0","0","0","0","0","0","0","0","0","0","0","0","0","0","1","0","0","0","0","0","0","0","0","0","0","0","0","0","0","0","0","0","0","0","0","0"
"0x70736776c7c0","      FFMA R42, R25, R23, R42","0","0","0","65536","2097152","2097152","32","32","0","0","-","-","-","0","0","0","0","0","0","0","0","0","-","0","0","0","0","0","0","0","0","0","0","0","0","0","0","0","0","0","0","0","0","0","0","0","0","0","0","0","0","0","0","0","0","0","0","0","0","0","0","0","0"
"0x70736776c7d0","      LDS.128 R44, [R34+0x110]","0","0","0","65536","2097152","2097152","32","32","0","0","Shared","Load","128","0","4","0","262144","262144","0","0","0","0","-","0","0","0","0","0","0","0","0","0","0","0","0","0","0","0","0","0","0","0","0","0","0","0","0","0","0","0","0","0","0","0","0","0","0","0","0","0","0","0","0"
"0x70736776c7e0","      FFMA R41, R26, R20, R41","3","0","3","65536","2097152","2097152","32","32","0","0","-","-","-","0","0","0","0","0","0","0","0","0","-","0","0","0","0","0","0","0","0","2","0","0","0","0","0","0","0","0","0","1","0","0","0","0","0","0","0","0","0","0","0","0","0","0","0","0","0","0","0","0","0"
"0x70736776c7f0","      FFMA R43, R26, R21, R43","1","0","1","65536","2097152","2097152","32","32","0","0","-","-","-","0","0","0","0","0","0","0","0","0","-","0","0","0","0","0","0","0","0","1","0","0","0","0","0","0","0","0","0","0","0","0","0","0","0","0","0","0","0","0","0","0","0","0","0","0","0","0","0","0","0"
"0x70736776c800","      FFMA R40, R26, R22, R40","1","0","1","65536","2097152","2097152","32","32","0","0","-","-","-","0","0","0","0","0","0","0","0","0","-","0","0","0","0","0","0","0","0","0","0","0","0","0","0","0","0","0","1","0","0","0","0","0","0","0","0","0","0","0","0","0","0","0","0","0","0","0","0","0","0"
"0x70736776c810","      LDS.128 R4, [R33+0x110]","4","0","4","65536","2097152","2097152","32","32","0","0","Shared","Load","128","0","2","0","131072","131072","0","0","0","0","-","0","0","0","0","0","0","0","0","1","0","0","0","0","0","0","0","0","0","3","0","0","0","0","0","0","0","0","0","0","0","0","0","0","0","0","0","0","0","0","0"
"0x70736776c820","      FFMA R62, R26, R23, R62","5","0","5","65536","2097152","2097152","32","32","0","0","-","-","-","0","0","0","0","0","0","0","0","0","-","0","0","0","0","0","0","0","0","0","0","0","0","0","0","0","0","0","0","5","0","0","0","0","0","0","0","0","0","0","0","0","0","0","0","0","0","0","0","0","0"
"0x70736776c830","      FFMA R20, R27, R20, R8","0","0","0","65536","2097152","2097152","32","32","0","0","-","-","-","0","0","0","0","0","0","0","0","0","-","0","0","0","0","0","0","0","0","0","0","0","0","0","0","0","0","0","0","0","0","0","0","0","0","0","0","0","0","0","0","0","0","0","0","0","0","0","0","0","0"
"0x70736776c840","      FFMA R21, R27, R21, R9","1","0","1","65536","2097152","2097152","32","32","0","0","-","-","-","0","0","0","0","0","0","0","0","0","-","0","0","0","0","0","0","0","0","0","0","0","0","0","0","0","0","0","0","1","0","0","0","0","0","0","0","0","0","0","0","0","0","0","0","0","0","0","0","0","0"
"0x70736776c850","      FFMA R22, R27, R22, R10","0","0","0","65536","2097152","2097152","32","32","0","0","-","-","-","0","0","0","0","0","0","0","0","0","-","0","0","0","0","0","0","0","0","0","0","0","0","0","0","0","0","0","0","0","0","0","0","0","0","0","0","0","0","0","0","0","0","0","0","0","0","0","0","0","0"
"0x70736776c860","      FFMA R23, R27, R23, R11","1","0","1","65536","2097152","2097152","32","32","0","0","-","-","-","0","0","0","0","0","0","0","0","0","-","0","0","0","0","0","0","0","0","0","0","0","0","0","0","0","0","0","0","1","0","0","0","0","0","0","0","0","0","0","0","0","0","0","0","0","0","0","0","0","0"
"0x70736776c870","      LDS.128 R8, [R34+0x190]","10","0","10","65536","2097152","2097152","32","32","0","0","Shared","Load","128","0","4","0","262144","262144","0","0","0","0","-","0","0","0","0","0","0","0","0","1","0","0","0","0","0","0","0","0","8","1","0","0","0","0","0","0","0","0","0","0","0","0","0","0","0","0","0","0","0","0","0"
"0x70736776c880","      IADD3 R33, PT, PT, R33, 0x440, RZ","24","9","24","65536","2097152","2097152","32","32","0","0","-","-","-","0","0","0","0","0","0","0","0","0","-","0","0","0","0","0","0","0","0","1","0","0","0","3","0","0","0","0","3","1","16","0","0","0","0","0","1","0","0","0","1","0","0","0","0","0","0","7","0","0","0"
"0x70736776c890","      FFMA R35, R28, R36, R35","5","0","5","65536","2097152","2097152","32","32","0","0","-","-","-","0","0","0","0","0","0","0","0","0","-","0","0","0","0","0","0","0","0","0","0","0","0","0","0","0","0","0","0","1","4","0","0","0","0","0","0","0","0","0","0","0","0","0","0","0","0","0","0","0","0"
"0x70736776c8a0","      FFMA R54, R28, R37, R54","1","0","1","65536","2097152","2097152","32","32","0","0","-","-","-","0","0","0","0","0","0","0","0","0","-","0","0","0","0","0","0","0","0","1","0","0","0","0","0","0","0","0","0","0","0","0","0","0","0","0","0","0","0","0","0","0","0","0","0","0","0","0","0","0","0"
"0x70736776c8b0","      FFMA R55, R28, R38, R55","1","0","1","65536","2097152","2097152","32","32","0","0","-","-","-","0","0","0","0","0","0","0","0","0","-","0","0","0","0","0","0","0","0","1","0","0","0","0","0","0","0","0","0","0","0","0","0","0","0","0","0","0","0","0","0","0","0","0","0","0","0","0","0","0","0"
"0x70736776c8c0","      FFMA R16, R28, R39, R16","1","0","1","65536","2097152","2097152","32","32","0","0","-","-","-","0","0","0","0","0","0","0","0","0","-","0","0","0","0","0","0","0","0","0","0","0","0","0","0","0","0","0","0","1","0","0","0","0","0","0","0","0","0","0","0","0","0","0","0","0","0","0","0","0","0"
"0x70736776c8d0","      FFMA R51, R29, R36, R51","0","0","0","65536","2097152","2097152","32","32","0","0","-","-","-","0","0","0","0","0","0","0","0","0","-","0","0","0","0","0","0","0","0","0","0","0","0","0","0","0","0","0","0","0","0","0","0","0","0","0","0","0","0","0","0","0","0","0","0","0","0","0","0","0","0"
"0x70736776c8e0","      FFMA R52, R29, R37, R52","1","0","1","65536","2097152","2097152","32","32","0","0","-","-","-","0","0","0","0","0","0","0","0","0","-","0","0","0","0","0","0","0","0","0","0","0","0","0","0","0","0","0","0","1","0","0","0","0","0","0","0","0","0","0","0","0","0","0","0","0","0","0","0","0","0"
"0x70736776c8f0","      FFMA R53, R29, R38, R53","0","0","0","65536","2097152","2097152","32","32","0","0","-","-","-","0","0","0","0","0","0","0","0","0","-","0","0","0","0","0","0","0","0","0","0","0","0","0","0","0","0","0","0","0","0","0","0","0","0","0","0","0","0","0","0","0","0","0","0","0","0","0","0","0","0"
"0x70736776c900","      FFMA R17, R29, R39, R17","0","0","0","65536","2097152","2097152","32","32","0","0","-","-","-","0","0","0","0","0","0","0","0","0","-","0","0","0","0","0","0","0","0","0","0","0","0","0","0","0","0","0","0","0","0","0","0","0","0","0","0","0","0","0","0","0","0","0","0","0","0","0","0","0","0"
"0x70736776c910","      FFMA R57, R30, R36, R57","2","0","2","65536","2097152","2097152","32","32","0","0","-","-","-","0","0","0","0","0","0","0","0","0","-","0","0","0","0","0","0","0","0","0","0","0","0","0","0","0","0","0","0","2","0","0","0","0","0","0","0","0","0","0","0","0","0","0","0","0","0","0","0","0","0"
"0x70736776c920","      FFMA R58, R30, R37, R58","1","0","1","65536","2097152","2097152","32","32","0","0","-","-","-","0","0","0","0","0","0","0","0","0","-","0","0","0","0","0","0","0","0","0","0","0","0","0","0","0","0","0","0","1","0","0","0","0","0","0","0","0","0","0","0","0","0","0","0","0","0","0","0","0","0"
"0x70736776c930","      FFMA R59, R30, R38, R59","0","0","0","65536","2097152","2097152","32","32","0","0","-","-","-","0","0","0","0","0","0","0","0","0","-","0","0","0","0","0","0","0","0","0","0","0","0","0","0","0","0","0","0","0","0","0","0","0","0","0","0","0","0","0","0","0","0","0","0","0","0","0","0","0","0"
"0x70736776c940","      FFMA R25, R30, R39, R18","1","0","1","65536","2097152","2097152","32","32","0","0","-","-","-","0","0","0","0","0","0","0","0","0","-","0","0","0","0","0","0","0","0","0","0","0","0","0","0","0","0","0","0","1","0","0","0","0","0","0","0","0","0","0","0","0","0","0","0","0","0","0","0","0","0"
"0x70736776c950","      FFMA R18, R31, R36, R63","3","0","3","65536","2097152","2097152","32","32","0","0","-","-","-","0","0","0","0","0","0","0","0","0","-","0","0","0","0","0","0","0","0","2","0","0","0","0","0","0","0","0","0","1","0","0","0","0","0","0","0","0","0","0","0","0","0","0","0","0","0","0","0","0","0"
"0x70736776c960","      FFMA R64, R31, R37, R64","1","0","1","65536","2097152","2097152","32","32","0","0","-","-","-","0","0","0","0","0","0","0","0","0","-","0","0","0","0","0","0","0","0","1","0","0","0","0","0","0","0","0","0","0","0","0","0","0","0","0","0","0","0","0","0","0","0","0","0","0","0","0","0","0","0"
"0x70736776c970","      FFMA R65, R31, R38, R65","0","0","0","65536","2097152","2097152","32","32","0","0","-","-","-","0","0","0","0","0","0","0","0","0","-","0","0","0","0","0","0","0","0","0","0","0","0","0","0","0","0","0","0","0","0","0","0","0","0","0","0","0","0","0","0","0","0","0","0","0","0","0","0","0","0"
"0x70736776c980","      FFMA R48, R12, R36, R48","5","0","5","65536","2097152","2097152","32","32","0","0","-","-","-","0","0","0","0","0","0","0","0","0","-","0","0","0","0","0","0","0","0","0","0","0","0","0","0","0","0","0","2","0","3","0","0","0","0","0","0","0","0","0","0","0","0","0","0","0","0","0","0","0","0"
"0x70736776c990","      FFMA R49, R12, R37, R49","2","0","2","65536","2097152","2097152","32","32","0","0","-","-","-","0","0","0","0","0","0","0","0","0","-","0","0","0","0","0","0","0","0","0","0","0","0","0","0","0","0","0","0","2","0","0","0","0","0","0","0","0","0","0","0","0","0","0","0","0","0","0","0","0","0"
"0x70736776c9a0","      FFMA R50, R12, R38, R50","3","0","3","65536","2097152","2097152","32","32","0","0","-","-","-","0","0","0","0","0","0","0","0","0","-","0","0","0","0","0","0","0","0","1","0","0","0","0","0","0","0","0","0","2","0","0","0","0","0","0","0","0","0","0","0","0","0","0","0","0","0","0","0","0","0"
"0x70736776c9b0","      FFMA R60, R12, R39, R60","3","0","3","65536","2097152","2097152","32","32","0","0","-","-","-","0","0","0","0","0","0","0","0","0","-","0","0","0","0","0","0","0","0","0","0","0","0","0","0","0","0","0","0","3","0","0","0","0","0","0","0","0","0","0","0","0","0","0","0","0","0","0","0","0","0"
"0x70736776c9c0","      FFMA R19, R31, R39, R19","0","0","0","65536","2097152","2097152","32","32","0","0","-","-","-","0","0","0","0","0","0","0","0","0","-","0","0","0","0","0","0","0","0","0","0","0","0","0","0","0","0","0","0","0","0","0","0","0","0","0","0","0","0","0","0","0","0","0","0","0","0","0","0","0","0"
"0x70736776c9d0","      FFMA R61, R13, R36, R61","1","0","1","65536","2097152","2097152","32","32","0","0","-","-","-","0","0","0","0","0","0","0","0","0","-","0","0","0","0","0","0","0","0","0","0","0","0","0","0","0","0","0","0","1","0","0","0","0","0","0","0","0","0","0","0","0","0","0","0","0","0","0","0","0","0"
"0x70736776c9e0","      FFMA R24, R13, R37, R24","0","0","0","65536","2097152","2097152","32","32","0","0","-","-","-","0","0","0","0","0","0","0","0","0","-","0","0","0","0","0","0","0","0","0","0","0","0","0","0","0","0","0","0","0","0","0","0","0","0","0","0","0","0","0","0","0","0","0","0","0","0","0","0","0","0"
"0x70736776c9f0","      FFMA R12, R13, R38, R56","0","0","0","65536","2097152","2097152","32","32","0","0","-","-","-","0","0","0","0","0","0","0","0","0","-","0","0","0","0","0","0","0","0","0","0","0","0","0","0","0","0","0","0","0","0","0","0","0","0","0","0","0","0","0","0","0","0","0","0","0","0","0","0","0","0"
"0x70736776ca00","      FFMA R42, R13, R39, R42","0","0","0","65536","2097152","2097152","32","32","0","0","-","-","-","0","0","0","0","0","0","0","0","0","-","0","0","0","0","0","0","0","0","0","0","0","0","0","0","0","0","0","0","0","0","0","0","0","0","0","0","0","0","0","0","0","0","0","0","0","0","0","0","0","0"
"0x70736776ca10","      FFMA R41, R14, R36, R41","0","0","0","65536","2097152","2097152","32","32","0","0","-","-","-","0","0","0","0","0","0","0","0","0","-","0","0","0","0","0","0","0","0","0","0","0","0","0","0","0","0","0","0","0","0","0","0","0","0","0","0","0","0","0","0","0","0","0","0","0","0","0","0","0","0"
"0x70736776ca20","      FFMA R43, R14, R37, R43","3","0","3","65536","2097152","2097152","32","32","0","0","-","-","-","0","0","0","0","0","0","0","0","0","-","0","0","0","0","0","0","0","0","2","0","0","0","0","0","0","0","0","0","1","0","0","0","0","0","0","0","0","0","0","0","0","0","0","0","0","0","0","0","0","0"
"0x70736776ca30","      FFMA R40, R14, R38, R40","0","0","0","65536","2097152","2097152","32","32","0","0","-","-","-","0","0","0","0","0","0","0","0","0","-","0","0","0","0","0","0","0","0","0","0","0","0","0","0","0","0","0","0","0","0","0","0","0","0","0","0","0","0","0","0","0","0","0","0","0","0","0","0","0","0"
"0x70736776ca40","      FFMA R62, R14, R39, R62","1","0","1","65536","2097152","2097152","32","32","0","0","-","-","-","0","0","0","0","0","0","0","0","0","-","0","0","0","0","0","0","0","0","0","0","0","0","0","0","0","0","0","0","1","0","0","0","0","0","0","0","0","0","0","0","0","0","0","0","0","0","0","0","0","0"
"0x70736776ca50","      FFMA R20, R15, R36, R20","0","0","0","65536","2097152","2097152","32","32","0","0","-","-","-","0","0","0","0","0","0","0","0","0","-","0","0","0","0","0","0","0","0","0","0","0","0","0","0","0","0","0","0","0","0","0","0","0","0","0","0","0","0","0","0","0","0","0","0","0","0","0","0","0","0"
"0x70736776ca60","      FFMA R21, R15, R37, R21","0","0","0","65536","2097152","2097152","32","32","0","0","-","-","-","0","0","0","0","0","0","0","0","0","-","0","0","0","0","0","0","0","0","0","0","0","0","0","0","0","0","0","0","0","0","0","0","0","0","0","0","0","0","0","0","0","0","0","0","0","0","0","0","0","0"
"0x70736776ca70","      FFMA R22, R15, R38, R22","4","0","4","65536","2097152","2097152","32","32","0","0","-","-","-","0","0","0","0","0","0","0","0","0","-","0","0","0","0","0","0","0","0","1","0","0","0","0","0","0","0","0","0","3","0","0","0","0","0","0","0","0","0","0","0","0","0","0","0","0","0","0","0","0","0"
"0x70736776ca80","      FFMA R23, R15, R39, R23","2","0","2","65536","2097152","2097152","32","32","0","0","-","-","-","0","0","0","0","0","0","0","0","0","-","0","0","0","0","0","0","0","0","0","0","0","0","0","0","0","0","0","0","2","0","0","0","0","0","0","0","0","0","0","0","0","0","0","0","0","0","0","0","0","0"
"0x70736776ca90","      FFMA R28, R44, R4, R35","10","0","10","65536","2097152","2097152","32","32","0","0","-","-","-","0","0","0","0","0","0","0","0","0","-","0","0","0","0","0","0","0","0","1","0","0","0","0","0","0","0","0","4","0","5","0","0","0","0","0","0","0","0","0","0","0","0","0","0","0","0","0","0","0","0"
"0x70736776caa0","      FFMA R29, R44, R5, R54","2","0","2","65536","2097152","2097152","32","32","0","0","-","-","-","0","0","0","0","0","0","0","0","0","-","0","0","0","0","0","0","0","0","0","0","0","0","0","0","0","0","0","0","2","0","0","0","0","0","0","0","0","0","0","0","0","0","0","0","0","0","0","0","0","0"
"0x70736776cab0","      FFMA R30, R44, R6, R55","2","0","2","65536","2097152","2097152","32","32","0","0","-","-","-","0","0","0","0","0","0","0","0","0","-","0","0","0","0","0","0","0","0","1","0","0","0","0","0","0","0","0","0","1","0","0","0","0","0","0","0","0","0","0","0","0","0","0","0","0","0","0","0","0","0"
"0x70736776cac0","      FFMA R31, R44, R7, R16","3","0","3","65536","2097152","2097152","32","32","0","0","-","-","-","0","0","0","0","0","0","0","0","0","-","0","0","0","0","0","0","0","0","0","0","0","0","0","0","0","0","0","0","3","0","0","0","0","0","0","0","0","0","0","0","0","0","0","0","0","0","0","0","0","0"
"0x70736776cad0","      FFMA R51, R45, R4, R51","1","0","1","65536","2097152","2097152","32","32","0","0","-","-","-","0","0","0","0","0","0","0","0","0","-","0","0","0","0","0","0","0","0","0","0","0","0","0","0","0","0","0","0","1","0","0","0","0","0","0","0","0","0","0","0","0","0","0","0","0","0","0","0","0","0"
"0x70736776cae0","      FFMA R52, R45, R5, R52","0","0","0","65536","2097152","2097152","32","32","0","0","-","-","-","0","0","0","0","0","0","0","0","0","-","0","0","0","0","0","0","0","0","0","0","0","0","0","0","0","0","0","0","0","0","0","0","0","0","0","0","0","0","0","0","0","0","0","0","0","0","0","0","0","0"
"0x70736776caf0","      FFMA R53, R45, R6, R53","2","0","2","65536","2097152","2097152","32","32","0","0","-","-","-","0","0","0","0","0","0","0","0","0","-","0","0","0","0","0","0","0","0","0","0","0","0","0","0","0","0","0","0","2","0","0","0","0","0","0","0","0","0","0","0","0","0","0","0","0","0","0","0","0","0"
"0x70736776cb00","      FFMA R56, R45, R7, R17","5","0","5","65536","2097152","2097152","32","32","0","0","-","-","-","0","0","0","0","0","0","0","0","0","-","0","0","0","0","0","0","0","0","0","0","0","0","0","0","0","0","1","2","2","0","0","0","0","0","0","0","0","0","0","0","0","0","0","0","0","0","0","0","0","0"
"0x70736776cb10","      FFMA R57, R46, R4, R57","1","0","1","65536","2097152","2097152","32","32","0","0","-","-","-","0","0","0","0","0","0","0","0","0","-","0","0","0","0","0","0","0","0","0","0","0","0","0","0","0","0","0","0","1","0","0","0","0","0","0","0","0","0","0","0","0","0","0","0","0","0","0","0","0","0"
"0x70736776cb20","      FFMA R58, R46, R5, R58","0","0","0","65536","2097152","2097152","32","32","0","0","-","-","-","0","0","0","0","0","0","0","0","0","-","0","0","0","0","0","0","0","0","0","0","0","0","0","0","0","0","0","0","0","0","0","0","0","0","0","0","0","0","0","0","0","0","0","0","0","0","0","0","0","0"
"0x70736776cb30","      FFMA R59, R46, R6, R59","2","0","2","65536","2097152","2097152","32","32","0","0","-","-","-","0","0","0","0","0","0","0","0","0","-","0","0","0","0","0","0","0","0","0","0","0","0","0","0","0","0","0","0","2","0","0","0","0","0","0","0","0","0","0","0","0","0","0","0","0","0","0","0","0","0"
"0x70736776cb40","      FFMA R63, R46, R7, R25","0","0","0","65536","2097152","2097152","32","32","0","0","-","-","-","0","0","0","0","0","0","0","0","0","-","0","0","0","0","0","0","0","0","0","0","0","0","0","0","0","0","0","0","0","0","0","0","0","0","0","0","0","0","0","0","0","0","0","0","0","0","0","0","0","0"
"0x70736776cb50","      FFMA R45, R47, R4, R18","2","0","2","65536","2097152","2097152","32","32","0","0","-","-","-","0","0","0","0","0","0","0","0","0","-","0","0","0","0","0","0","0","0","0","0","0","0","0","0","0","0","0","0","2","0","0","0","0","0","0","0","0","0","0","0","0","0","0","0","0","0","0","0","0","0"
"0x70736776cb60","      FFMA R46, R47, R5, R64","2","0","2","65536","2097152","2097152","32","32","0","0","-","-","-","0","0","0","0","0","0","0","0","0","-","0","0","0","0","0","0","0","0","0","0","0","0","0","0","0","0","0","0","2","0","0","0","0","0","0","0","0","0","0","0","0","0","0","0","0","0","0","0","0","0"
"0x70736776cb70","      FFMA R44, R47, R6, R65","4","0","4","65536","2097152","2097152","32","32","0","0","-","-","-","0","0","0","0","0","0","0","0","0","-","0","0","0","0","0","0","0","0","0","0","0","0","0","0","0","0","0","0","4","0","0","0","0","0","0","0","0","0","0","0","0","0","0","0","0","0","0","0","0","0"
"0x70736776cb80","      FFMA R47, R47, R7, R19","3","0","3","65536","2097152","2097152","32","32","0","0","-","-","-","0","0","0","0","0","0","0","0","0","-","0","0","0","0","0","0","0","0","1","0","0","0","0","0","0","0","0","1","1","0","0","0","0","0","0","0","0","0","0","0","0","0","0","0","0","0","0","0","0","0"
"0x70736776cb90","      FFMA R48, R8, R4, R48","10","0","10","65536","2097152","2097152","32","32","0","0","-","-","-","0","0","0","0","0","0","0","0","0","-","0","0","0","0","0","0","0","0","2","0","0","0","0","0","0","0","0","4","0","4","0","0","0","0","0","0","0","0","0","0","0","0","0","0","0","0","0","0","0","0"
"0x70736776cba0","      FFMA R49, R8, R5, R49","2","0","2","65536","2097152","2097152","32","32","0","0","-","-","-","0","0","0","0","0","0","0","0","0","-","0","0","0","0","0","0","0","0","0","0","0","0","0","0","0","0","0","0","2","0","0","0","0","0","0","0","0","0","0","0","0","0","0","0","0","0","0","0","0","0"
"0x70736776cbb0","      FFMA R50, R8, R6, R50","0","0","0","65536","2097152","2097152","32","32","0","0","-","-","-","0","0","0","0","0","0","0","0","0","-","0","0","0","0","0","0","0","0","0","0","0","0","0","0","0","0","0","0","0","0","0","0","0","0","0","0","0","0","0","0","0","0","0","0","0","0","0","0","0","0"
"0x70736776cbc0","      FFMA R60, R8, R7, R60","2","0","2","65536","2097152","2097152","32","32","0","0","-","-","-","0","0","0","0","0","0","0","0","0","-","0","0","0","0","0","0","0","0","0","0","0","0","0","0","0","0","0","0","2","0","0","0","0","0","0","0","0","0","0","0","0","0","0","0","0","0","0","0","0","0"
"0x70736776cbd0","      FFMA R61, R9, R4, R61","2","0","2","65536","2097152","2097152","32","32","0","0","-","-","-","0","0","0","0","0","0","0","0","0","-","0","0","0","0","0","0","0","0","1","0","0","0","0","0","0","0","0","0","1","0","0","0","0","0","0","0","0","0","0","0","0","0","0","0","0","0","0","0","0","0"
"0x70736776cbe0","      FFMA R39, R9, R5, R24","3","0","3","65536","2097152","2097152","32","32","0","0","-","-","-","0","0","0","0","0","0","0","0","0","-","0","0","0","0","0","0","0","0","0","0","0","0","0","0","0","0","0","0","3","0","0","0","0","0","0","0","0","0","0","0","0","0","0","0","0","0","0","0","0","0"
"0x70736776cbf0","      FFMA R38, R9, R6, R12","1","0","1","65536","2097152","2097152","32","32","0","0","-","-","-","0","0","0","0","0","0","0","0","0","-","0","0","0","0","0","0","0","0","1","0","0","0","0","0","0","0","0","0","0","0","0","0","0","0","0","0","0","0","0","0","0","0","0","0","0","0","0","0","0","0"
"0x70736776cc00","      FFMA R42, R9, R7, R42","1","0","1","65536","2097152","2097152","32","32","0","0","-","-","-","0","0","0","0","0","0","0","0","0","-","0","0","0","0","0","0","0","0","0","0","0","0","0","0","0","0","1","0","0","0","0","0","0","0","0","0","0","0","0","0","0","0","0","0","0","0","0","0","0","0"
"0x70736776cc10","      FFMA R41, R10, R4, R41","1","0","1","65536","2097152","2097152","32","32","0","0","-","-","-","0","0","0","0","0","0","0","0","0","-","0","0","0","0","0","0","0","0","0","0","0","0","0","0","0","0","0","0","1","0","0","0","0","0","0","0","0","0","0","0","0","0","0","0","0","0","0","0","0","0"
"0x70736776cc20","      FFMA R43, R10, R5, R43","1","0","1","65536","2097152","2097152","32","32","0","0","-","-","-","0","0","0","0","0","0","0","0","0","-","0","0","0","0","0","0","0","0","0","0","0","0","0","0","0","0","0","0","1","0","0","0","0","0","0","0","0","0","0","0","0","0","0","0","0","0","0","0","0","0"
"0x70736776cc30","      FFMA R40, R10, R6, R40","0","0","0","65536","2097152","2097152","32","32","0","0","-","-","-","0","0","0","0","0","0","0","0","0","-","0","0","0","0","0","0","0","0","0","0","0","0","0","0","0","0","0","0","0","0","0","0","0","0","0","0","0","0","0","0","0","0","0","0","0","0","0","0","0","0"
"0x70736776cc40","      FFMA R62, R10, R7, R62","3","0","3","65536","2097152","2097152","32","32","0","0","-","-","-","0","0","0","0","0","0","0","0","0","-","0","0","0","0","0","0","0","0","2","0","0","0","0","0","0","0","0","0","1","0","0","0","0","0","0","0","0","0","0","0","0","0","0","0","0","0","0","0","0","0"
"0x70736776cc50","      FFMA R66, R11, R4, R20","2","0","2","65536","2097152","2097152","32","32","0","0","-","-","-","0","0","0","0","0","0","0","0","0","-","0","0","0","0","0","0","0","0","0","0","0","0","0","0","0","0","0","0","2","0","0","0","0","0","0","0","0","0","0","0","0","0","0","0","0","0","0","0","0","0"
"0x70736776cc60","      FFMA R67, R11, R5, R21","4","0","4","65536","2097152","2097152","32","32","0","0","-","-","-","0","0","0","0","0","0","0","0","0","-","0","0","0","0","0","0","0","0","1","0","0","0","0","0","0","0","0","0","3","0","0","0","0","0","0","0","0","0","0","0","0","0","0","0","0","0","0","0","0","0"
"0x70736776cc70","      FFMA R68, R11, R6, R22","2","0","2","65536","2097152","2097152","32","32","0","0","-","-","-","0","0","0","0","0","0","0","0","0","-","0","0","0","0","0","0","0","0","0","0","0","0","0","0","0","0","0","0","2","0","0","0","0","0","0","0","0","0","0","0","0","0","0","0","0","0","0","0","0","0"
"0x70736776cc80","      FFMA R69, R11, R7, R23","2","0","2","65536","2097152","2097152","32","32","0","0","-","-","-","0","0","0","0","0","0","0","0","0","-","0","0","0","0","0","0","0","0","0","0","0","0","0","0","0","0","0","1","1","0","0","0","0","0","0","0","0","0","0","0","0","0","0","0","0","0","0","0","0","0"
"0x70736776cc90","      IADD3 R34, PT, PT, R34, 0x440, RZ","0","0","0","65536","2097152","2097152","32","32","0","0","-","-","-","0","0","0","0","0","0","0","0","0","-","0","0","0","0","0","0","0","0","0","0","0","0","0","0","0","0","0","0","0","0","0","0","0","0","0","0","0","0","0","0","0","0","0","0","0","0","0","0","0","0"
"0x70736776cca0","      BRA.U UP0, 0x70736776c380","3","0","3","65536","2097152","2097152","32","32","0","0","-","-","-","0","0","0","0","0","0","0","0","0","-","0","0","0","0","0","0","0","0","1","0","0","0","0","0","0","0","0","0","2","0","0","0","0","0","0","0","0","0","0","0","0","0","0","0","0","0","0","0","0","0"
"0x70736776ccb0","      BRA.U !UP1, 0x70736776d400","9","1","9","16384","524288","524288","32","32","0","0","-","-","-","0","0","0","0","0","0","0","0","0","-","0","0","0","0","0","0","0","0","0","0","0","0","0","0","0","0","0","5","1","0","0","0","3","0","0","0","0","0","0","0","0","0","0","0","0","0","0","0","0","1"
"0x70736776ccc0","      UISETP.NE.AND UP0, UPT, UR5, 0x1, UPT","2","1","2","0","0","0","0","0","32","0","-","-","-","0","0","0","0","0","0","0","0","0","-","0","0","0","0","0","0","0","0","0","0","0","0","0","0","0","0","0","0","1","0","0","0","1","0","0","0","0","0","0","0","0","0","0","0","0","0","0","0","0","1"
"0x70736776ccd0","      ULOP3.LUT UR10, UR10, 0x1, URZ, 0xc0, !UPT","0","0","0","0","0","0","0","0","32","0","-","-","-","0","0","0","0","0","0","0","0","0","-","0","0","0","0","0","0","0","0","0","0","0","0","0","0","0","0","0","0","0","0","0","0","0","0","0","0","0","0","0","0","0","0","0","0","0","0","0","0","0","0"
"0x70736776cce0","      UISETP.NE.U32.AND UP1, UPT, UR10, 0x1, UPT","0","0","0","0","0","0","0","0","32","0","-","-","-","0","0","0","0","0","0","0","0","0","-","0","0","0","0","0","0","0","0","0","0","0","0","0","0","0","0","0","0","0","0","0","0","0","0","0","0","0","0","0","0","0","0","0","0","0","0","0","0","0","0"
"0x70736776ccf0","      BRA.U !UP0, 0x70736776d1a0","0","0","0","0","0","0","0","0","32","0","-","-","-","0","0","0","0","0","0","0","0","0","-","0","0","0","0","0","0","0","0","0","0","0","0","0","0","0","0","0","0","0","0","0","0","0","0","0","0","0","0","0","0","0","0","0","0","0","0","0","0","0","0"
"0x70736776cd00","      LEA R33, R3, UR6, 0x4","0","0","0","0","0","0","0","0","32","0","-","-","-","0","0","0","0","0","0","0","0","0","-","0","0","0","0","0","0","0","0","0","0","0","0","0","0","0","0","0","0","0","0","0","0","0","0","0","0","0","0","0","0","0","0","0","0","0","0","0","0","0","0"
"0x70736776cd10","      LEA R34, R32, UR8, 0x4","0","0","0","0","0","0","0","0","32","0","-","-","-","0","0","0","0","0","0","0","0","0","-","0","0","0","0","0","0","0","0","0","0","0","0","0","0","0","0","0","0","0","0","0","0","0","0","0","0","0","0","0","0","0","0","0","0","0","0","0","0","0","0"
"0x70736776cd20","      IADD3 R3, PT, PT, R3, 0x22, RZ","0","0","0","0","0","0","0","0","32","0","-","-","-","0","0","0","0","0","0","0","0","0","-","0","0","0","0","0","0","0","0","0","0","0","0","0","0","0","0","0","0","0","0","0","0","0","0","0","0","0","0","0","0","0","0","0","0","0","0","0","0","0","0"
"0x70736776cd30","      LDS.128 R4, [R33]","0","0","0","0","0","0","0","0","32","0","","","","0","0","0","0","0","0","0","0","0","-","0","0","0","0","0","0","0","0","0","0","0","0","0","0","0","0","0","0","0","0","0","0","0","0","0","0","0","0","0","0","0","0","0","0","0","0","0","0","0","0"
"0x70736776cd40","      IADD3 R32, PT, PT, R32, 0x22, RZ","0","0","0","0","0","0","0","0","32","0","-","-","-","0","0","0","0","0","0","0","0","0","-","0","0","0","0","0","0","0","0","0","0","0","0","0","0","0","0","0","0","0","0","0","0","0","0","0","0","0","0","0","0","0","0","0","0","0","0","0","0","0","0"
"0x70736776cd50","      LDS.128 R8, [R34]","0","0","0","0","0","0","0","0","32","0","","","","0","0","0","0","0","0","0","0","0","-","0","0","0","0","0","0","0","0","0","0","0","0","0","0","0","0","0","0","0","0","0","0","0","0","0","0","0","0","0","0","0","0","0","0","0","0","0","0","0","0"
"0x70736776cd60","      LDS.128 R12, [R33+0x80]","0","0","0","0","0","0","0","0","32","0","","","","0","0","0","0","0","0","0","0","0","-","0","0","0","0","0","0","0","0","0","0","0","0","0","0","0","0","0","0","0","0","0","0","0","0","0","0","0","0","0","0","0","0","0","0","0","0","0","0","0","0"
"0x70736776cd70","      LDS.128 R16, [R34+0x110]","0","0","0","0","0","0","0","0","32","0","","","","0","0","0","0","0","0","0","0","0","-","0","0","0","0","0","0","0","0","0","0","0","0","0","0","0","0","0","0","0","0","0","0","0","0","0","0","0","0","0","0","0","0","0","0","0","0","0","0","0","0"
"0x70736776cd80","      LDS.128 R20, [R33+0x110]","0","0","0","0","0","0","0","0","32","0","","","","0","0","0","0","0","0","0","0","0","-","0","0","0","0","0","0","0","0","0","0","0","0","0","0","0","0","0","0","0","0","0","0","0","0","0","0","0","0","0","0","0","0","0","0","0","0","0","0","0","0"
"0x70736776cd90","      LDS.128 R24, [R33+0x190]","0","0","0","0","0","0","0","0","32","0","","","","0","0","0","0","0","0","0","0","0","-","0","0","0","0","0","0","0","0","0","0","0","0","0","0","0","0","0","0","0","0","0","0","0","0","0","0","0","0","0","0","0","0","0","0","0","0","0","0","0","0"
"0x70736776cda0","      FFMA R28, R4, R8, R28","0","0","0","0","0","0","0","0","32","0","-","-","-","0","0","0","0","0","0","0","0","0","-","0","0","0","0","0","0","0","0","0","0","0","0","0","0","0","0","0","0","0","0","0","0","0","0","0","0","0","0","0","0","0","0","0","0","0","0","0","0","0","0"
"0x70736776cdb0","      FFMA R29, R4, R9, R29","0","0","0","0","0","0","0","0","32","0","-","-","-","0","0","0","0","0","0","0","0","0","-","0","0","0","0","0","0","0","0","0","0","0","0","0","0","0","0","0","0","0","0","0","0","0","0","0","0","0","0","0","0","0","0","0","0","0","0","0","0","0","0"
"0x70736776cdc0","      FFMA R30, R4, R10, R30","0","0","0","0","0","0","0","0","32","0","-","-","-","0","0","0","0","0","0","0","0","0","-","0","0","0","0","0","0","0","0","0","0","0","0","0","0","0","0","0","0","0","0","0","0","0","0","0","0","0","0","0","0","0","0","0","0","0","0","0","0","0","0"
"0x70736776cdd0","      FFMA R31, R4, R11, R31","0","0","0","0","0","0","0","0","32","0","-","-","-","0","0","0","0","0","0","0","0","0","-","0","0","0","0","0","0","0","0","0","0","0","0","0","0","0","0","0","0","0","0","0","0","0","0","0","0","0","0","0","0","0","0","0","0","0","0","0","0","0","0"
"0x70736776cde0","      FFMA R51, R5, R8, R51","0","0","0","0","0","0","0","0","32","0","-","-","-","0","0","0","0","0","0","0","0","0","-","0","0","0","0","0","0","0","0","0","0","0","0","0","0","0","0","0","0","0","0","0","0","0","0","0","0","0","0","0","0","0","0","0","0","0","0","0","0","0","0"
"0x70736776cdf0","      FFMA R52, R5, R9, R52","0","0","0","0","0","0","0","0","32","0","-","-","-","0","0","0","0","0","0","0","0","0","-","0","0","0","0","0","0","0","0","0","0","0","0","0","0","0","0","0","0","0","0","0","0","0","0","0","0","0","0","0","0","0","0","0","0","0","0","0","0","0","0"
"0x70736776ce00","      FFMA R53, R5, R10, R53","0","0","0","0","0","0","0","0","32","0","-","-","-","0","0","0","0","0","0","0","0","0","-","0","0","0","0","0","0","0","0","0","0","0","0","0","0","0","0","0","0","0","0","0","0","0","0","0","0","0","0","0","0","0","0","0","0","0","0","0","0","0","0"
"0x70736776ce10","      FFMA R56, R5, R11, R56","0","0","0","0","0","0","0","0","32","0","-","-","-","0","0","0","0","0","0","0","0","0","-","0","0","0","0","0","0","0","0","0","0","0","0","0","0","0","0","0","0","0","0","0","0","0","0","0","0","0","0","0","0","0","0","0","0","0","0","0","0","0","0"
"0x70736776ce20","      FFMA R57, R6, R8, R57","0","0","0","0","0","0","0","0","32","0","-","-","-","0","0","0","0","0","0","0","0","0","-","0","0","0","0","0","0","0","0","0","0","0","0","0","0","0","0","0","0","0","0","0","0","0","0","0","0","0","0","0","0","0","0","0","0","0","0","0","0","0","0"
"0x70736776ce30","      FFMA R58, R6, R9, R58","0","0","0","0","0","0","0","0","32","0","-","-","-","0","0","0","0","0","0","0","0","0","-","0","0","0","0","0","0","0","0","0","0","0","0","0","0","0","0","0","0","0","0","0","0","0","0","0","0","0","0","0","0","0","0","0","0","0","0","0","0","0","0"
"0x70736776ce40","      FFMA R59, R6, R10, R59","0","0","0","0","0","0","0","0","32","0","-","-","-","0","0","0","0","0","0","0","0","0","-","0","0","0","0","0","0","0","0","0","0","0","0","0","0","0","0","0","0","0","0","0","0","0","0","0","0","0","0","0","0","0","0","0","0","0","0","0","0","0","0"
"0x70736776ce50","      FFMA R63, R6, R11, R63","0","0","0","0","0","0","0","0","32","0","-","-","-","0","0","0","0","0","0","0","0","0","-","0","0","0","0","0","0","0","0","0","0","0","0","0","0","0","0","0","0","0","0","0","0","0","0","0","0","0","0","0","0","0","0","0","0","0","0","0","0","0","0"
"0x70736776ce60","      FFMA R45, R7, R8, R45","0","0","0","0","0","0","0","0","32","0","-","-","-","0","0","0","0","0","0","0","0","0","-","0","0","0","0","0","0","0","0","0","0","0","0","0","0","0","0","0","0","0","0","0","0","0","0","0","0","0","0","0","0","0","0","0","0","0","0","0","0","0","0"
"0x70736776ce70","      FFMA R46, R7, R9, R46","0","0","0","0","0","0","0","0","32","0","-","-","-","0","0","0","0","0","0","0","0","0","-","0","0","0","0","0","0","0","0","0","0","0","0","0","0","0","0","0","0","0","0","0","0","0","0","0","0","0","0","0","0","0","0","0","0","0","0","0","0","0","0"
"0x70736776ce80","      FFMA R44, R7, R10, R44","0","0","0","0","0","0","0","0","32","0","-","-","-","0","0","0","0","0","0","0","0","0","-","0","0","0","0","0","0","0","0","0","0","0","0","0","0","0","0","0","0","0","0","0","0","0","0","0","0","0","0","0","0","0","0","0","0","0","0","0","0","0","0"
"0x70736776ce90","      FFMA R47, R7, R11, R47","0","0","0","0","0","0","0","0","32","0","-","-","-","0","0","0","0","0","0","0","0","0","-","0","0","0","0","0","0","0","0","0","0","0","0","0","0","0","0","0","0","0","0","0","0","0","0","0","0","0","0","0","0","0","0","0","0","0","0","0","0","0","0"
"0x70736776cea0","      FFMA R48, R12, R8, R48","0","0","0","0","0","0","0","0","32","0","-","-","-","0","0","0","0","0","0","0","0","0","-","0","0","0","0","0","0","0","0","0","0","0","0","0","0","0","0","0","0","0","0","0","0","0","0","0","0","0","0","0","0","0","0","0","0","0","0","0","0","0","0"
"0x70736776ceb0","      FFMA R49, R12, R9, R49","0","0","0","0","0","0","0","0","32","0","-","-","-","0","0","0","0","0","0","0","0","0","-","0","0","0","0","0","0","0","0","0","0","0","0","0","0","0","0","0","0","0","0","0","0","0","0","0","0","0","0","0","0","0","0","0","0","0","0","0","0","0","0"
"0x70736776cec0","      FFMA R50, R12, R10, R50","0","0","0","0","0","0","0","0","32","0","-","-","-","0","0","0","0","0","0","0","0","0","-","0","0","0","0","0","0","0","0","0","0","0","0","0","0","0","0","0","0","0","0","0","0","0","0","0","0","0","0","0","0","0","0","0","0","0","0","0","0","0","0"
"0x70736776ced0","      FFMA R60, R12, R11, R60","0","0","0","0","0","0","0","0","32","0","-","-","-","0","0","0","0","0","0","0","0","0","-","0","0","0","0","0","0","0","0","0","0","0","0","0","0","0","0","0","0","0","0","0","0","0","0","0","0","0","0","0","0","0","0","0","0","0","0","0","0","0","0"
"0x70736776cee0","      FFMA R61, R13, R8, R61","0","0","0","0","0","0","0","0","32","0","-","-","-","0","0","0","0","0","0","0","0","0","-","0","0","0","0","0","0","0","0","0","0","0","0","0","0","0","0","0","0","0","0","0","0","0","0","0","0","0","0","0","0","0","0","0","0","0","0","0","0","0","0"
"0x70736776cef0","      FFMA R39, R13, R9, R39","0","0","0","0","0","0","0","0","32","0","-","-","-","0","0","0","0","0","0","0","0","0","-","0","0","0","0","0","0","0","0","0","0","0","0","0","0","0","0","0","0","0","0","0","0","0","0","0","0","0","0","0","0","0","0","0","0","0","0","0","0","0","0"
"0x70736776cf00","      FFMA R38, R13, R10, R38","0","0","0","0","0","0","0","0","32","0","-","-","-","0","0","0","0","0","0","0","0","0","-","0","0","0","0","0","0","0","0","0","0","0","0","0","0","0","0","0","0","0","0","0","0","0","0","0","0","0","0","0","0","0","0","0","0","0","0","0","0","0","0"
"0x70736776cf10","      FFMA R42, R13, R11, R42","0","0","0","0","0","0","0","0","32","0","-","-","-","0","0","0","0","0","0","0","0","0","-","0","0","0","0","0","0","0","0","0","0","0","0","0","0","0","0","0","0","0","0","0","0","0","0","0","0","0","0","0","0","0","0","0","0","0","0","0","0","0","0"
"0x70736776cf20","      FFMA R41, R14, R8, R41","0","0","0","0","0","0","0","0","32","0","-","-","-","0","0","0","0","0","0","0","0","0","-","0","0","0","0","0","0","0","0","0","0","0","0","0","0","0","0","0","0","0","0","0","0","0","0","0","0","0","0","0","0","0","0","0","0","0","0","0","0","0","0"
"0x70736776cf30","      FFMA R43, R14, R9, R43","0","0","0","0","0","0","0","0","32","0","-","-","-","0","0","0","0","0","0","0","0","0","-","0","0","0","0","0","0","0","0","0","0","0","0","0","0","0","0","0","0","0","0","0","0","0","0","0","0","0","0","0","0","0","0","0","0","0","0","0","0","0","0"
"0x70736776cf40","      FFMA R40, R14, R10, R40","0","0","0","0","0","0","0","0","32","0","-","-","-","0","0","0","0","0","0","0","0","0","-","0","0","0","0","0","0","0","0","0","0","0","0","0","0","0","0","0","0","0","0","0","0","0","0","0","0","0","0","0","0","0","0","0","0","0","0","0","0","0","0"
"0x70736776cf50","      FFMA R62, R14, R11, R62","0","0","0","0","0","0","0","0","32","0","-","-","-","0","0","0","0","0","0","0","0","0","-","0","0","0","0","0","0","0","0","0","0","0","0","0","0","0","0","0","0","0","0","0","0","0","0","0","0","0","0","0","0","0","0","0","0","0","0","0","0","0","0"
"0x70736776cf60","      FFMA R66, R15, R8, R66","0","0","0","0","0","0","0","0","32","0","-","-","-","0","0","0","0","0","0","0","0","0","-","0","0","0","0","0","0","0","0","0","0","0","0","0","0","0","0","0","0","0","0","0","0","0","0","0","0","0","0","0","0","0","0","0","0","0","0","0","0","0","0"
"0x70736776cf70","      FFMA R67, R15, R9, R67","0","0","0","0","0","0","0","0","32","0","-","-","-","0","0","0","0","0","0","0","0","0","-","0","0","0","0","0","0","0","0","0","0","0","0","0","0","0","0","0","0","0","0","0","0","0","0","0","0","0","0","0","0","0","0","0","0","0","0","0","0","0","0"
"0x70736776cf80","      FFMA R68, R15, R10, R68","0","0","0","0","0","0","0","0","32","0","-","-","-","0","0","0","0","0","0","0","0","0","-","0","0","0","0","0","0","0","0","0","0","0","0","0","0","0","0","0","0","0","0","0","0","0","0","0","0","0","0","0","0","0","0","0","0","0","0","0","0","0","0"
"0x70736776cf90","      FFMA R69, R15, R11, R69","0","0","0","0","0","0","0","0","32","0","-","-","-","0","0","0","0","0","0","0","0","0","-","0","0","0","0","0","0","0","0","0","0","0","0","0","0","0","0","0","0","0","0","0","0","0","0","0","0","0","0","0","0","0","0","0","0","0","0","0","0","0","0"
"0x70736776cfa0","      FFMA R28, R20, R16, R28","0","0","0","0","0","0","0","0","32","0","-","-","-","0","0","0","0","0","0","0","0","0","-","0","0","0","0","0","0","0","0","0","0","0","0","0","0","0","0","0","0","0","0","0","0","0","0","0","0","0","0","0","0","0","0","0","0","0","0","0","0","0","0"
"0x70736776cfb0","      FFMA R29, R20, R17, R29","0","0","0","0","0","0","0","0","32","0","-","-","-","0","0","0","0","0","0","0","0","0","-","0","0","0","0","0","0","0","0","0","0","0","0","0","0","0","0","0","0","0","0","0","0","0","0","0","0","0","0","0","0","0","0","0","0","0","0","0","0","0","0"
"0x70736776cfc0","      FFMA R30, R20, R18, R30","0","0","0","0","0","0","0","0","32","0","-","-","-","0","0","0","0","0","0","0","0","0","-","0","0","0","0","0","0","0","0","0","0","0","0","0","0","0","0","0","0","0","0","0","0","0","0","0","0","0","0","0","0","0","0","0","0","0","0","0","0","0","0"
"0x70736776cfd0","      FFMA R31, R20, R19, R31","0","0","0","0","0","0","0","0","32","0","-","-","-","0","0","0","0","0","0","0","0","0","-","0","0","0","0","0","0","0","0","0","0","0","0","0","0","0","0","0","0","0","0","0","0","0","0","0","0","0","0","0","0","0","0","0","0","0","0","0","0","0","0"
"0x70736776cfe0","      FFMA R51, R21, R16, R51","0","0","0","0","0","0","0","0","32","0","-","-","-","0","0","0","0","0","0","0","0","0","-","0","0","0","0","0","0","0","0","0","0","0","0","0","0","0","0","0","0","0","0","0","0","0","0","0","0","0","0","0","0","0","0","0","0","0","0","0","0","0","0"
"0x70736776cff0","      FFMA R52, R21, R17, R52","0","0","0","0","0","0","0","0","32","0","-","-","-","0","0","0","0","0","0","0","0","0","-","0","0","0","0","0","0","0","0","0","0","0","0","0","0","0","0","0","0","0","0","0","0","0","0","0","0","0","0","0","0","0","0","0","0","0","0","0","0","0","0"
"0x70736776d000","      FFMA R53, R21, R18, R53","0","0","0","0","0","0","0","0","32","0","-","-","-","0","0","0","0","0","0","0","0","0","-","0","0","0","0","0","0","0","0","0","0","0","0","0","0","0","0","0","0","0","0","0","0","0","0","0","0","0","0","0","0","0","0","0","0","0","0","0","0","0","0"
"0x70736776d010","      FFMA R56, R21, R19, R56","0","0","0","0","0","0","0","0","32","0","-","-","-","0","0","0","0","0","0","0","0","0","-","0","0","0","0","0","0","0","0","0","0","0","0","0","0","0","0","0","0","0","0","0","0","0","0","0","0","0","0","0","0","0","0","0","0","0","0","0","0","0","0"
"0x70736776d020","      FFMA R57, R22, R16, R57","0","0","0","0","0","0","0","0","32","0","-","-","-","0","0","0","0","0","0","0","0","0","-","0","0","0","0","0","0","0","0","0","0","0","0","0","0","0","0","0","0","0","0","0","0","0","0","0","0","0","0","0","0","0","0","0","0","0","0","0","0","0","0"
"0x70736776d030","      FFMA R58, R22, R17, R58","0","0","0","0","0","0","0","0","32","0","-","-","-","0","0","0","0","0","0","0","0","0","-","0","0","0","0","0","0","0","0","0","0","0","0","0","0","0","0","0","0","0","0","0","0","0","0","0","0","0","0","0","0","0","0","0","0","0","0","0","0","0","0"
"0x70736776d040","      FFMA R59, R22, R18, R59","0","0","0","0","0","0","0","0","32","0","-","-","-","0","0","0","0","0","0","0","0","0","-","0","0","0","0","0","0","0","0","0","0","0","0","0","0","0","0","0","0","0","0","0","0","0","0","0","0","0","0","0","0","0","0","0","0","0","0","0","0","0","0"
"0x70736776d050","      FFMA R63, R22, R19, R63","0","0","0","0","0","0","0","0","32","0","-","-","-","0","0","0","0","0","0","0","0","0","-","0","0","0","0","0","0","0","0","0","0","0","0","0","0","0","0","0","0","0","0","0","0","0","0","0","0","0","0","0","0","0","0","0","0","0","0","0","0","0","0"
"0x70736776d060","      FFMA R45, R23, R16, R45","0","0","0","0","0","0","0","0","32","0","-","-","-","0","0","0","0","0","0","0","0","0","-","0","0","0","0","0","0","0","0","0","0","0","0","0","0","0","0","0","0","0","0","0","0","0","0","0","0","0","0","0","0","0","0","0","0","0","0","0","0","0","0"
"0x70736776d070","      FFMA R46, R23, R17, R46","0","0","0","0","0","0","0","0","32","0","-","-","-","0","0","0","0","0","0","0","0","0","-","0","0","0","0","0","0","0","0","0","0","0","0","0","0","0","0","0","0","0","0","0","0","0","0","0","0","0","0","0","0","0","0","0","0","0","0","0","0","0","0"
"0x70736776d080","      FFMA R44, R23, R18, R44","0","0","0","0","0","0","0","0","32","0","-","-","-","0","0","0","0","0","0","0","0","0","-","0","0","0","0","0","0","0","0","0","0","0","0","0","0","0","0","0","0","0","0","0","0","0","0","0","0","0","0","0","0","0","0","0","0","0","0","0","0","0","0"
"0x70736776d090","      FFMA R47, R23, R19, R47","0","0","0","0","0","0","0","0","32","0","-","-","-","0","0","0","0","0","0","0","0","0","-","0","0","0","0","0","0","0","0","0","0","0","0","0","0","0","0","0","0","0","0","0","0","0","0","0","0","0","0","0","0","0","0","0","0","0","0","0","0","0","0"
"0x70736776d0a0","      FFMA R48, R24, R16, R48","0","0","0","0","0","0","0","0","32","0","-","-","-","0","0","0","0","0","0","0","0","0","-","0","0","0","0","0","0","0","0","0","0","0","0","0","0","0","0","0","0","0","0","0","0","0","0","0","0","0","0","0","0","0","0","0","0","0","0","0","0","0","0"
"0x70736776d0b0","      FFMA R49, R24, R17, R49","0","0","0","0","0","0","0","0","32","0","-","-","-","0","0","0","0","0","0","0","0","0","-","0","0","0","0","0","0","0","0","0","0","0","0","0","0","0","0","0","0","0","0","0","0","0","0","0","0","0","0","0","0","0","0","0","0","0","0","0","0","0","0"
"0x70736776d0c0","      FFMA R50, R24, R18, R50","0","0","0","0","0","0","0","0","32","0","-","-","-","0","0","0","0","0","0","0","0","0","-","0","0","0","0","0","0","0","0","0","0","0","0","0","0","0","0","0","0","0","0","0","0","0","0","0","0","0","0","0","0","0","0","0","0","0","0","0","0","0","0"
"0x70736776d0d0","      FFMA R60, R24, R19, R60","0","0","0","0","0","0","0","0","32","0","-","-","-","0","0","0","0","0","0","0","0","0","-","0","0","0","0","0","0","0","0","0","0","0","0","0","0","0","0","0","0","0","0","0","0","0","0","0","0","0","0","0","0","0","0","0","0","0","0","0","0","0","0"
"0x70736776d0e0","      FFMA R61, R25, R16, R61","0","0","0","0","0","0","0","0","32","0","-","-","-","0","0","0","0","0","0","0","0","0","-","0","0","0","0","0","0","0","0","0","0","0","0","0","0","0","0","0","0","0","0","0","0","0","0","0","0","0","0","0","0","0","0","0","0","0","0","0","0","0","0"
"0x70736776d0f0","      FFMA R39, R25, R17, R39","0","0","0","0","0","0","0","0","32","0","-","-","-","0","0","0","0","0","0","0","0","0","-","0","0","0","0","0","0","0","0","0","0","0","0","0","0","0","0","0","0","0","0","0","0","0","0","0","0","0","0","0","0","0","0","0","0","0","0","0","0","0","0"
"0x70736776d100","      FFMA R38, R25, R18, R38","0","0","0","0","0","0","0","0","32","0","-","-","-","0","0","0","0","0","0","0","0","0","-","0","0","0","0","0","0","0","0","0","0","0","0","0","0","0","0","0","0","0","0","0","0","0","0","0","0","0","0","0","0","0","0","0","0","0","0","0","0","0","0"
"0x70736776d110","      FFMA R42, R25, R19, R42","0","0","0","0","0","0","0","0","32","0","-","-","-","0","0","0","0","0","0","0","0","0","-","0","0","0","0","0","0","0","0","0","0","0","0","0","0","0","0","0","0","0","0","0","0","0","0","0","0","0","0","0","0","0","0","0","0","0","0","0","0","0","0"
"0x70736776d120","      FFMA R41, R26, R16, R41","0","0","0","0","0","0","0","0","32","0","-","-","-","0","0","0","0","0","0","0","0","0","-","0","0","0","0","0","0","0","0","0","0","0","0","0","0","0","0","0","0","0","0","0","0","0","0","0","0","0","0","0","0","0","0","0","0","0","0","0","0","0","0"
"0x70736776d130","      FFMA R43, R26, R17, R43","0","0","0","0","0","0","0","0","32","0","-","-","-","0","0","0","0","0","0","0","0","0","-","0","0","0","0","0","0","0","0","0","0","0","0","0","0","0","0","0","0","0","0","0","0","0","0","0","0","0","0","0","0","0","0","0","0","0","0","0","0","0","0"
"0x70736776d140","      FFMA R40, R26, R18, R40","0","0","0","0","0","0","0","0","32","0","-","-","-","0","0","0","0","0","0","0","0","0","-","0","0","0","0","0","0","0","0","0","0","0","0","0","0","0","0","0","0","0","0","0","0","0","0","0","0","0","0","0","0","0","0","0","0","0","0","0","0","0","0"
"0x70736776d150","      FFMA R62, R26, R19, R62","0","0","0","0","0","0","0","0","32","0","-","-","-","0","0","0","0","0","0","0","0","0","-","0","0","0","0","0","0","0","0","0","0","0","0","0","0","0","0","0","0","0","0","0","0","0","0","0","0","0","0","0","0","0","0","0","0","0","0","0","0","0","0"
"0x70736776d160","      FFMA R66, R27, R16, R66","0","0","0","0","0","0","0","0","32","0","-","-","-","0","0","0","0","0","0","0","0","0","-","0","0","0","0","0","0","0","0","0","0","0","0","0","0","0","0","0","0","0","0","0","0","0","0","0","0","0","0","0","0","0","0","0","0","0","0","0","0","0","0"
"0x70736776d170","      FFMA R67, R27, R17, R67","0","0","0","0","0","0","0","0","32","0","-","-","-","0","0","0","0","0","0","0","0","0","-","0","0","0","0","0","0","0","0","0","0","0","0","0","0","0","0","0","0","0","0","0","0","0","0","0","0","0","0","0","0","0","0","0","0","0","0","0","0","0","0"
"0x70736776d180","      FFMA R68, R27, R18, R68","0","0","0","0","0","0","0","0","32","0","-","-","-","0","0","0","0","0","0","0","0","0","-","0","0","0","0","0","0","0","0","0","0","0","0","0","0","0","0","0","0","0","0","0","0","0","0","0","0","0","0","0","0","0","0","0","0","0","0","0","0","0","0"
"0x70736776d190","      FFMA R69, R27, R19, R69","0","0","0","0","0","0","0","0","32","0","-","-","-","0","0","0","0","0","0","0","0","0","-","0","0","0","0","0","0","0","0","0","0","0","0","0","0","0","0","0","0","0","0","0","0","0","0","0","0","0","0","0","0","0","0","0","0","0","0","0","0","0","0"
"0x70736776d1a0","      BRA.U UP1, 0x70736776d400","0","0","0","0","0","0","0","0","32","0","-","-","-","0","0","0","0","0","0","0","0","0","-","0","0","0","0","0","0","0","0","0","0","0","0","0","0","0","0","0","0","0","0","0","0","0","0","0","0","0","0","0","0","0","0","0","0","0","0","0","0","0","0"
"0x70736776d1b0","      LEA R4, R32, UR8, 0x4","0","0","0","0","0","0","0","0","32","0","-","-","-","0","0","0","0","0","0","0","0","0","-","0","0","0","0","0","0","0","0","0","0","0","0","0","0","0","0","0","0","0","0","0","0","0","0","0","0","0","0","0","0","0","0","0","0","0","0","0","0","0","0"
"0x70736776d1c0","      LEA R3, R3, UR6, 0x4","0","0","0","0","0","0","0","0","32","0","-","-","-","0","0","0","0","0","0","0","0","0","-","0","0","0","0","0","0","0","0","0","0","0","0","0","0","0","0","0","0","0","0","0","0","0","0","0","0","0","0","0","0","0","0","0","0","0","0","0","0","0","0"
"0x70736776d1d0","      LDS.128 R4, [R4]","0","0","0","0","0","0","0","0","32","0","","","","0","0","0","0","0","0","0","0","0","-","0","0","0","0","0","0","0","0","0","0","0","0","0","0","0","0","0","0","0","0","0","0","0","0","0","0","0","0","0","0","0","0","0","0","0","0","0","0","0","0"
"0x70736776d1e0","      LDS.128 R8, [R3]","0","0","0","0","0","0","0","0","32","0","","","","0","0","0","0","0","0","0","0","0","-","0","0","0","0","0","0","0","0","0","0","0","0","0","0","0","0","0","0","0","0","0","0","0","0","0","0","0","0","0","0","0","0","0","0","0","0","0","0","0","0"
"0x70736776d1f0","      LDS.128 R12, [R3+0x80]","0","0","0","0","0","0","0","0","32","0","","","","0","0","0","0","0","0","0","0","0","-","0","0","0","0","0","0","0","0","0","0","0","0","0","0","0","0","0","0","0","0","0","0","0","0","0","0","0","0","0","0","0","0","0","0","0","0","0","0","0","0"
"0x70736776d200","      FFMA R28, R8, R4, R28","0","0","0","0","0","0","0","0","32","0","-","-","-","0","0","0","0","0","0","0","0","0","-","0","0","0","0","0","0","0","0","0","0","0","0","0","0","0","0","0","0","0","0","0","0","0","0","0","0","0","0","0","0","0","0","0","0","0","0","0","0","0","0"
"0x70736776d210","      FFMA R29, R8, R5, R29","0","0","0","0","0","0","0","0","32","0","-","-","-","0","0","0","0","0","0","0","0","0","-","0","0","0","0","0","0","0","0","0","0","0","0","0","0","0","0","0","0","0","0","0","0","0","0","0","0","0","0","0","0","0","0","0","0","0","0","0","0","0","0"
"0x70736776d220","      FFMA R30, R8, R6, R30","0","0","0","0","0","0","0","0","32","0","-","-","-","0","0","0","0","0","0","0","0","0","-","0","0","0","0","0","0","0","0","0","0","0","0","0","0","0","0","0","0","0","0","0","0","0","0","0","0","0","0","0","0","0","0","0","0","0","0","0","0","0","0"
"0x70736776d230","      FFMA R31, R8, R7, R31","0","0","0","0","0","0","0","0","32","0","-","-","-","0","0","0","0","0","0","0","0","0","-","0","0","0","0","0","0","0","0","0","0","0","0","0","0","0","0","0","0","0","0","0","0","0","0","0","0","0","0","0","0","0","0","0","0","0","0","0","0","0","0"
"0x70736776d240","      FFMA R51, R9, R4, R51","0","0","0","0","0","0","0","0","32","0","-","-","-","0","0","0","0","0","0","0","0","0","-","0","0","0","0","0","0","0","0","0","0","0","0","0","0","0","0","0","0","0","0","0","0","0","0","0","0","0","0","0","0","0","0","0","0","0","0","0","0","0","0"
"0x70736776d250","      FFMA R52, R9, R5, R52","0","0","0","0","0","0","0","0","32","0","-","-","-","0","0","0","0","0","0","0","0","0","-","0","0","0","0","0","0","0","0","0","0","0","0","0","0","0","0","0","0","0","0","0","0","0","0","0","0","0","0","0","0","0","0","0","0","0","0","0","0","0","0"
"0x70736776d260","      FFMA R53, R9, R6, R53","0","0","0","0","0","0","0","0","32","0","-","-","-","0","0","0","0","0","0","0","0","0","-","0","0","0","0","0","0","0","0","0","0","0","0","0","0","0","0","0","0","0","0","0","0","0","0","0","0","0","0","0","0","0","0","0","0","0","0","0","0","0","0"
"0x70736776d270","      FFMA R56, R9, R7, R56","0","0","0","0","0","0","0","0","32","0","-","-","-","0","0","0","0","0","0","0","0","0","-","0","0","0","0","0","0","0","0","0","0","0","0","0","0","0","0","0","0","0","0","0","0","0","0","0","0","0","0","0","0","0","0","0","0","0","0","0","0","0","0"
"0x70736776d280","      FFMA R57, R10, R4, R57","0","0","0","0","0","0","0","0","32","0","-","-","-","0","0","0","0","0","0","0","0","0","-","0","0","0","0","0","0","0","0","0","0","0","0","0","0","0","0","0","0","0","0","0","0","0","0","0","0","0","0","0","0","0","0","0","0","0","0","0","0","0","0"
"0x70736776d290","      FFMA R58, R10, R5, R58","0","0","0","0","0","0","0","0","32","0","-","-","-","0","0","0","0","0","0","0","0","0","-","0","0","0","0","0","0","0","0","0","0","0","0","0","0","0","0","0","0","0","0","0","0","0","0","0","0","0","0","0","0","0","0","0","0","0","0","0","0","0","0"
"0x70736776d2a0","      FFMA R59, R10, R6, R59","0","0","0","0","0","0","0","0","32","0","-","-","-","0","0","0","0","0","0","0","0","0","-","0","0","0","0","0","0","0","0","0","0","0","0","0","0","0","0","0","0","0","0","0","0","0","0","0","0","0","0","0","0","0","0","0","0","0","0","0","0","0","0"
"0x70736776d2b0","      FFMA R63, R10, R7, R63","0","0","0","0","0","0","0","0","32","0","-","-","-","0","0","0","0","0","0","0","0","0","-","0","0","0","0","0","0","0","0","0","0","0","0","0","0","0","0","0","0","0","0","0","0","0","0","0","0","0","0","0","0","0","0","0","0","0","0","0","0","0","0"
"0x70736776d2c0","      FFMA R45, R11, R4, R45","0","0","0","0","0","0","0","0","32","0","-","-","-","0","0","0","0","0","0","0","0","0","-","0","0","0","0","0","0","0","0","0","0","0","0","0","0","0","0","0","0","0","0","0","0","0","0","0","0","0","0","0","0","0","0","0","0","0","0","0","0","0","0"
"0x70736776d2d0","      FFMA R46, R11, R5, R46","0","0","0","0","0","0","0","0","32","0","-","-","-","0","0","0","0","0","0","0","0","0","-","0","0","0","0","0","0","0","0","0","0","0","0","0","0","0","0","0","0","0","0","0","0","0","0","0","0","0","0","0","0","0","0","0","0","0","0","0","0","0","0"
"0x70736776d2e0","      FFMA R44, R11, R6, R44","0","0","0","0","0","0","0","0","32","0","-","-","-","0","0","0","0","0","0","0","0","0","-","0","0","0","0","0","0","0","0","0","0","0","0","0","0","0","0","0","0","0","0","0","0","0","0","0","0","0","0","0","0","0","0","0","0","0","0","0","0","0","0"
"0x70736776d2f0","      FFMA R47, R11, R7, R47","0","0","0","0","0","0","0","0","32","0","-","-","-","0","0","0","0","0","0","0","0","0","-","0","0","0","0","0","0","0","0","0","0","0","0","0","0","0","0","0","0","0","0","0","0","0","0","0","0","0","0","0","0","0","0","0","0","0","0","0","0","0","0"
"0x70736776d300","      FFMA R48, R12, R4, R48","0","0","0","0","0","0","0","0","32","0","-","-","-","0","0","0","0","0","0","0","0","0","-","0","0","0","0","0","0","0","0","0","0","0","0","0","0","0","0","0","0","0","0","0","0","0","0","0","0","0","0","0","0","0","0","0","0","0","0","0","0","0","0"
"0x70736776d310","      FFMA R49, R12, R5, R49","0","0","0","0","0","0","0","0","32","0","-","-","-","0","0","0","0","0","0","0","0","0","-","0","0","0","0","0","0","0","0","0","0","0","0","0","0","0","0","0","0","0","0","0","0","0","0","0","0","0","0","0","0","0","0","0","0","0","0","0","0","0","0"
"0x70736776d320","      FFMA R50, R12, R6, R50","0","0","0","0","0","0","0","0","32","0","-","-","-","0","0","0","0","0","0","0","0","0","-","0","0","0","0","0","0","0","0","0","0","0","0","0","0","0","0","0","0","0","0","0","0","0","0","0","0","0","0","0","0","0","0","0","0","0","0","0","0","0","0"
"0x70736776d330","      FFMA R60, R12, R7, R60","0","0","0","0","0","0","0","0","32","0","-","-","-","0","0","0","0","0","0","0","0","0","-","0","0","0","0","0","0","0","0","0","0","0","0","0","0","0","0","0","0","0","0","0","0","0","0","0","0","0","0","0","0","0","0","0","0","0","0","0","0","0","0"
"0x70736776d340","      FFMA R61, R13, R4, R61","0","0","0","0","0","0","0","0","32","0","-","-","-","0","0","0","0","0","0","0","0","0","-","0","0","0","0","0","0","0","0","0","0","0","0","0","0","0","0","0","0","0","0","0","0","0","0","0","0","0","0","0","0","0","0","0","0","0","0","0","0","0","0"
"0x70736776d350","      FFMA R39, R13, R5, R39","0","0","0","0","0","0","0","0","32","0","-","-","-","0","0","0","0","0","0","0","0","0","-","0","0","0","0","0","0","0","0","0","0","0","0","0","0","0","0","0","0","0","0","0","0","0","0","0","0","0","0","0","0","0","0","0","0","0","0","0","0","0","0"
"0x70736776d360","      FFMA R38, R13, R6, R38","0","0","0","0","0","0","0","0","32","0","-","-","-","0","0","0","0","0","0","0","0","0","-","0","0","0","0","0","0","0","0","0","0","0","0","0","0","0","0","0","0","0","0","0","0","0","0","0","0","0","0","0","0","0","0","0","0","0","0","0","0","0","0"
"0x70736776d370","      FFMA R42, R13, R7, R42","0","0","0","0","0","0","0","0","32","0","-","-","-","0","0","0","0","0","0","0","0","0","-","0","0","0","0","0","0","0","0","0","0","0","0","0","0","0","0","0","0","0","0","0","0","0","0","0","0","0","0","0","0","0","0","0","0","0","0","0","0","0","0"
"0x70736776d380","      FFMA R41, R14, R4, R41","0","0","0","0","0","0","0","0","32","0","-","-","-","0","0","0","0","0","0","0","0","0","-","0","0","0","0","0","0","0","0","0","0","0","0","0","0","0","0","0","0","0","0","0","0","0","0","0","0","0","0","0","0","0","0","0","0","0","0","0","0","0","0"
"0x70736776d390","      FFMA R43, R14, R5, R43","0","0","0","0","0","0","0","0","32","0","-","-","-","0","0","0","0","0","0","0","0","0","-","0","0","0","0","0","0","0","0","0","0","0","0","0","0","0","0","0","0","0","0","0","0","0","0","0","0","0","0","0","0","0","0","0","0","0","0","0","0","0","0"
"0x70736776d3a0","      FFMA R40, R14, R6, R40","0","0","0","0","0","0","0","0","32","0","-","-","-","0","0","0","0","0","0","0","0","0","-","0","0","0","0","0","0","0","0","0","0","0","0","0","0","0","0","0","0","0","0","0","0","0","0","0","0","0","0","0","0","0","0","0","0","0","0","0","0","0","0"
"0x70736776d3b0","      FFMA R62, R14, R7, R62","0","0","0","0","0","0","0","0","32","0","-","-","-","0","0","0","0","0","0","0","0","0","-","0","0","0","0","0","0","0","0","0","0","0","0","0","0","0","0","0","0","0","0","0","0","0","0","0","0","0","0","0","0","0","0","0","0","0","0","0","0","0","0"
"0x70736776d3c0","      FFMA R66, R15, R4, R66","0","0","0","0","0","0","0","0","32","0","-","-","-","0","0","0","0","0","0","0","0","0","-","0","0","0","0","0","0","0","0","0","0","0","0","0","0","0","0","0","0","0","0","0","0","0","0","0","0","0","0","0","0","0","0","0","0","0","0","0","0","0","0"
"0x70736776d3d0","      FFMA R67, R15, R5, R67","0","0","0","0","0","0","0","0","32","0","-","-","-","0","0","0","0","0","0","0","0","0","-","0","0","0","0","0","0","0","0","0","0","0","0","0","0","0","0","0","0","0","0","0","0","0","0","0","0","0","0","0","0","0","0","0","0","0","0","0","0","0","0"
"0x70736776d3e0","      FFMA R68, R15, R6, R68","0","0","0","0","0","0","0","0","32","0","-","-","-","0","0","0","0","0","0","0","0","0","-","0","0","0","0","0","0","0","0","0","0","0","0","0","0","0","0","0","0","0","0","0","0","0","0","0","0","0","0","0","0","0","0","0","0","0","0","0","0","0","0"
"0x70736776d3f0","      FFMA R69, R15, R7, R69","0","0","0","0","0","0","0","0","32","0","-","-","-","0","0","0","0","0","0","0","0","0","-","0","0","0","0","0","0","0","0","0","0","0","0","0","0","0","0","0","0","0","0","0","0","0","0","0","0","0","0","0","0","0","0","0","0","0","0","0","0","0","0"
"0x70736776d400","      LDCU UR4, c[0x0][0x430]","9","2","9","16384","524288","524288","32","32","0","0","-","-","-","0","0","0","0","0","0","0","0","0","-","0","0","0","0","0","0","0","3","0","0","0","0","0","0","0","0","5","1","0","0","0","0","0","0","0","0","0","0","0","0","0","0","0","2","0","0","0","0","0","0"
"0x70736776d410","      LDCU.64 UR10, c[0x0][0x428]","0","0","0","16384","524288","524288","32","32","0","0","-","-","-","0","0","0","0","0","0","0","0","0","-","0","0","0","0","0","0","0","0","0","0","0","0","0","0","0","0","0","0","0","0","0","0","0","0","0","0","0","0","0","0","0","0","0","0","0","0","0","0","0","0"
"0x70736776d420","      LDCU UR5, c[0x0][0x3e8]","1","0","1","16384","524288","524288","32","32","0","0","-","-","-","0","0","0","0","0","0","0","0","0","-","0","0","0","0","0","0","0","0","0","0","0","0","0","0","0","0","0","0","1","0","0","0","0","0","0","0","0","0","0","0","0","0","0","0","0","0","0","0","0","0"
"0x70736776d430","      ISETP.NE.AND P0, PT, RZ, UR4, PT","5","2","5","16384","524288","524288","32","32","0","0","-","-","-","0","0","0","0","0","0","0","0","0","-","0","0","0","0","0","0","0","0","1","0","0","0","0","0","0","0","0","1","0","3","0","0","0","0","0","0","0","0","0","0","0","0","0","0","0","0","2","0","0","0"
"0x70736776d440","      MOV R21, UR11","0","0","0","16384","524288","524288","32","32","0","0","-","-","-","0","0","0","0","0","0","0","0","0","-","0","0","0","0","0","0","0","0","0","0","0","0","0","0","0","0","0","0","0","0","0","0","0","0","0","0","0","0","0","0","0","0","0","0","0","0","0","0","0","0"
"0x70736776d450","@P0   LDC.64 R6, c[0x0][0x420]","7","0","7","16384","524288","0","32","0","32","0","-","-","-","0","0","0","0","0","0","0","0","0","-","0","0","0","0","0","0","0","0","0","0","0","0","0","0","0","0","0","2","1","0","0","0","4","0","0","0","0","0","0","0","0","0","0","0","0","0","0","0","0","0"
"0x70736776d460","@P0   LDG.E R21, desc[UR24][R6.64]","17","2","17","16384","524288","0","32","0","32","0","","Load","32","0","0","0","0","0","0","0","0","0","","0","0","0","0","0","0","0","0","2","0","0","0","0","0","0","0","0","2","0","13","0","0","0","0","0","0","0","0","0","0","0","0","0","0","0","0","2","0","0","0"
"0x70736776d470","@P0   LDC.64 R4, c[0x0][0x418]","5","1","5","16384","524288","0","32","0","32","0","-","-","-","0","0","0","0","0","0","0","0","0","-","0","0","0","0","0","0","0","0","0","0","0","0","0","0","0","0","0","3","0","0","0","0","2","0","0","0","0","0","0","0","0","0","0","0","0","0","0","0","0","1"
"0x70736776d480","      MOV R22, UR10","0","0","0","16384","524288","524288","32","32","0","0","-","-","-","0","0","0","0","0","0","0","0","0","-","0","0","0","0","0","0","0","0","0","0","0","0","0","0","0","0","0","0","0","0","0","0","0","0","0","0","0","0","0","0","0","0","0","0","0","0","0","0","0","0"
"0x70736776d490","@P0   LDG.E R22, desc[UR24][R4.64]","9","1","9","16384","524288","0","32","0","32","0","","Load","32","0","0","0","0","0","0","0","0","0","","0","0","0","0","0","0","0","0","1","0","0","0","0","0","0","0","0","4","0","4","0","0","0","0","0","0","0","0","0","0","0","0","0","0","0","0","1","0","0","0"
"0x70736776d4a0","      LEA R24, R2, UR9, 0x2","1","0","1","16384","524288","524288","32","32","0","0","-","-","-","0","0","0","0","0","0","0","0","0","-","0","0","0","0","0","0","0","0","0","0","0","0","0","0","0","0","0","0","1","0","0","0","0","0","0","0","0","0","0","0","0","0","0","0","0","0","0","0","0","0"
"0x70736776d4b0","      USHF.R.S32.HI UR4, URZ, 0x1f, UR5","0","0","0","16384","524288","524288","32","32","0","0","-","-","-","0","0","0","0","0","0","0","0","0","-","0","0","0","0","0","0","0","0","0","0","0","0","0","0","0","0","0","0","0","0","0","0","0","0","0","0","0","0","0","0","0","0","0","0","0","0","0","0","0","0"
"0x70736776d4c0","      BSSY.RECONVERGENT B0, 0x70736776d820","0","0","0","16384","524288","524288","32","32","0","0","-","-","-","0","0","0","0","0","0","0","0","0","-","0","0","0","0","0","0","0","0","0","0","0","0","0","0","0","0","0","0","0","0","0","0","0","0","0","0","0","0","0","0","0","0","0","0","0","0","0","0","0","0"
"0x70736776d4d0","      LEA R18, R0, UR7, 0x2","0","0","0","16384","524288","524288","32","32","0","0","-","-","-","0","0","0","0","0","0","0","0","0","-","0","0","0","0","0","0","0","0","0","0","0","0","0","0","0","0","0","0","0","0","0","0","0","0","0","0","0","0","0","0","0","0","0","0","0","0","0","0","0","0"
"0x70736776d4e0","      IMAD.WIDE.U32 R2, R24, UR5, RZ","2","0","2","16384","524288","524288","32","32","0","0","-","-","-","0","0","0","0","0","0","0","0","0","-","0","0","0","0","0","0","0","0","0","0","0","0","0","0","0","0","0","1","0","0","0","0","1","0","0","0","0","0","0","0","0","0","0","0","0","0","0","0","0","0"
"0x70736776d4f0","      IMAD R3, R24, UR4, R3","6","1","6","16384","524288","524288","32","32","0","0","-","-","-","0","0","0","0","0","0","0","0","0","-","0","0","0","0","0","0","0","0","1","0","0","0","1","0","0","0","0","2","0","0","0","0","2","0","0","0","0","0","0","0","0","0","0","0","0","0","0","0","0","1"
"0x70736776d500","      FSETP.NEU.AND P2, PT, R21, RZ, PT","4","1","4","16384","524288","524288","32","32","0","0","-","-","-","0","0","0","0","0","0","0","0","0","-","0","0","0","0","0","0","0","0","1","0","0","3","0","0","0","0","0","0","0","0","0","0","0","0","0","0","0","0","1","0","0","0","0","0","0","0","0","0","0","0"
"0x70736776d510","@!P2  BRA 0x70736776d700","8","4","8","16384","524288","524288","32","32","0","0","-","-","-","0","0","0","0","0","0","0","0","0","-","0","0","0","0","0","0","0","0","1","0","0","0","0","0","0","0","0","1","0","0","0","0","6","0","0","0","0","0","0","0","0","0","0","0","0","0","0","0","0","4"
"0x70736776d520","      LDCU.64 UR6, c[0x0][0x380]","4","0","4","0","0","0","0","0","32","0","-","-","-","0","0","0","0","0","0","0","0","0","-","0","0","0","0","0","0","0","0","0","0","0","0","0","0","0","0","0","0","1","0","0","0","3","0","0","0","0","0","0","0","0","0","0","0","0","0","0","0","0","0"
"0x70736776d530","      IADD3 R20, PT, PT, R18, 0x1, RZ","0","0","0","0","0","0","0","0","32","0","-","-","-","0","0","0","0","0","0","0","0","0","-","0","0","0","0","0","0","0","0","0","0","0","0","0","0","0","0","0","0","0","0","0","0","0","0","0","0","0","0","0","0","0","0","0","0","0","0","0","0","0","0"
"0x70736776d540","      IADD3 R37, PT, PT, R18, 0x2, RZ","0","0","0","0","0","0","0","0","32","0","-","-","-","0","0","0","0","0","0","0","0","0","-","0","0","0","0","0","0","0","0","0","0","0","0","0","0","0","0","0","0","0","0","0","0","0","0","0","0","0","0","0","0","0","0","0","0","0","0","0","0","0","0"
"0x70736776d550","      SHF.R.S32.HI R19, RZ, 0x1f, R18","0","0","0","0","0","0","0","0","32","0","-","-","-","0","0","0","0","0","0","0","0","0","-","0","0","0","0","0","0","0","0","0","0","0","0","0","0","0","0","0","0","0","0","0","0","0","0","0","0","0","0","0","0","0","0","0","0","0","0","0","0","0","0"
"0x70736776d560","      IADD.64 R6, R2, R18","0","0","0","0","0","0","0","0","32","0","-","-","-","0","0","0","0","0","0","0","0","0","-","0","0","0","0","0","0","0","0","0","0","0","0","0","0","0","0","0","0","0","0","0","0","0","0","0","0","0","0","0","0","0","0","0","0","0","0","0","0","0","0"
"0x70736776d570","      LEA R4, P4, R6, UR26, 0x2","0","0","0","0","0","0","0","0","32","0","-","-","-","0","0","0","0","0","0","0","0","0","-","0","0","0","0","0","0","0","0","0","0","0","0","0","0","0","0","0","0","0","0","0","0","0","0","0","0","0","0","0","0","0","0","0","0","0","0","0","0","0","0"
"0x70736776d580","      LEA.HI.X R5, R6, UR27, R7, 0x2, P4","0","0","0","0","0","0","0","0","32","0","-","-","-","0","0","0","0","0","0","0","0","0","-","0","0","0","0","0","0","0","0","0","0","0","0","0","0","0","0","0","0","0","0","0","0","0","0","0","0","0","0","0","0","0","0","0","0","0","0","0","0","0","0"
"0x70736776d590","      ISETP.GE.AND P0, PT, R18, UR6, PT","0","0","0","0","0","0","0","0","32","0","-","-","-","0","0","0","0","0","0","0","0","0","-","0","0","0","0","0","0","0","0","0","0","0","0","0","0","0","0","0","0","0","0","0","0","0","0","0","0","0","0","0","0","0","0","0","0","0","0","0","0","0","0"
"0x70736776d5a0","      ISETP.GE.AND P1, PT, R20, UR6, PT","0","0","0","0","0","0","0","0","32","0","-","-","-","0","0","0","0","0","0","0","0","0","-","0","0","0","0","0","0","0","0","0","0","0","0","0","0","0","0","0","0","0","0","0","0","0","0","0","0","0","0","0","0","0","0","0","0","0","0","0","0","0","0"
"0x70736776d5b0","      ISETP.GE.AND P3, PT, R37, UR6, PT","0","0","0","0","0","0","0","0","32","0","-","-","-","0","0","0","0","0","0","0","0","0","-","0","0","0","0","0","0","0","0","0","0","0","0","0","0","0","0","0","0","0","0","0","0","0","0","0","0","0","0","0","0","0","0","0","0","0","0","0","0","0","0"
"0x70736776d5c0","      ISETP.GE.OR P0, PT, R24, UR7, P0","0","0","0","0","0","0","0","0","32","0","-","-","-","0","0","0","0","0","0","0","0","0","-","0","0","0","0","0","0","0","0","0","0","0","0","0","0","0","0","0","0","0","0","0","0","0","0","0","0","0","0","0","0","0","0","0","0","0","0","0","0","0","0"
"0x70736776d5d0","      ISETP.GE.OR P1, PT, R24, UR7, P1","0","0","0","0","0","0","0","0","32","0","-","-","-","0","0","0","0","0","0","0","0","0","-","0","0","0","0","0","0","0","0","0","0","0","0","0","0","0","0","0","0","0","0","0","0","0","0","0","0","0","0","0","0","0","0","0","0","0","0","0","0","0","0"
"0x70736776d5e0","      ISETP.GE.OR P3, PT, R24, UR7, P3","0","0","0","0","0","0","0","0","32","0","-","-","-","0","0","0","0","0","0","0","0","0","-","0","0","0","0","0","0","0","0","0","0","0","0","0","0","0","0","0","0","0","0","0","0","0","0","0","0","0","0","0","0","0","0","0","0","0","0","0","0","0","0"
"0x70736776d5f0","@!P0  LD.E R7, desc[UR24][R4.64]","0","0","0","0","0","0","0","0","32","0","","","","0","0","0","0","0","0","0","0","0","","0","0","0","0","0","0","0","0","0","0","0","0","0","0","0","0","0","0","0","0","0","0","0","0","0","0","0","0","0","0","0","0","0","0","0","0","0","0","0","0"
"0x70736776d600","@!P1  LD.E R9, desc[UR24][R4.64+0x4]","0","0","0","0","0","0","0","0","32","0","","","","0","0","0","0","0","0","0","0","0","","0","0","0","0","0","0","0","0","0","0","0","0","0","0","0","0","0","0","0","0","0","0","0","0","0","0","0","0","0","0","0","0","0","0","0","0","0","0","0","0"
"0x70736776d610","@!P3  LD.E R11, desc[UR24][R4.64+0x8]","0","0","0","0","0","0","0","0","32","0","","","","0","0","0","0","0","0","0","0","0","","0","0","0","0","0","0","0","0","0","0","0","0","0","0","0","0","0","0","0","0","0","0","0","0","0","0","0","0","0","0","0","0","0","0","0","0","0","0","0","0"
"0x70736776d620","      IADD3 R35, PT, PT, R18, 0x3, RZ","0","0","0","0","0","0","0","0","32","0","-","-","-","0","0","0","0","0","0","0","0","0","-","0","0","0","0","0","0","0","0","0","0","0","0","0","0","0","0","0","0","0","0","0","0","0","0","0","0","0","0","0","0","0","0","0","0","0","0","0","0","0","0"
"0x70736776d630","@!P0  FMUL R0, R28, R22","0","0","0","0","0","0","0","0","32","0","-","-","-","0","0","0","0","0","0","0","0","0","-","0","0","0","0","0","0","0","0","0","0","0","0","0","0","0","0","0","0","0","0","0","0","0","0","0","0","0","0","0","0","0","0","0","0","0","0","0","0","0","0"
"0x70736776d640","@!P1  FMUL R6, R51, R22","0","0","0","0","0","0","0","0","32","0","-","-","-","0","0","0","0","0","0","0","0","0","-","0","0","0","0","0","0","0","0","0","0","0","0","0","0","0","0","0","0","0","0","0","0","0","0","0","0","0","0","0","0","0","0","0","0","0","0","0","0","0","0"
"0x70736776d650","@!P3  FMUL R8, R57, R22","0","0","0","0","0","0","0","0","32","0","-","-","-","0","0","0","0","0","0","0","0","0","-","0","0","0","0","0","0","0","0","0","0","0","0","0","0","0","0","0","0","0","0","0","0","0","0","0","0","0","0","0","0","0","0","0","0","0","0","0","0","0","0"
"0x70736776d660","      ISETP.GE.AND P4, PT, R35, UR6, PT","0","0","0","0","0","0","0","0","32","0","-","-","-","0","0","0","0","0","0","0","0","0","-","0","0","0","0","0","0","0","0","0","0","0","0","0","0","0","0","0","0","0","0","0","0","0","0","0","0","0","0","0","0","0","0","0","0","0","0","0","0","0","0"
"0x70736776d670","      ISETP.GE.OR P4, PT, R24, UR7, P4","0","0","0","0","0","0","0","0","32","0","-","-","-","0","0","0","0","0","0","0","0","0","-","0","0","0","0","0","0","0","0","0","0","0","0","0","0","0","0","0","0","0","0","0","0","0","0","0","0","0","0","0","0","0","0","0","0","0","0","0","0","0","0"
"0x70736776d680","@!P0  FFMA R28, R7, R21, R0","0","0","0","0","0","0","0","0","32","0","-","-","-","0","0","0","0","0","0","0","0","0","-","0","0","0","0","0","0","0","0","0","0","0","0","0","0","0","0","0","0","0","0","0","0","0","0","0","0","0","0","0","0","0","0","0","0","0","0","0","0","0","0"
"0x70736776d690","@!P1  FFMA R51, R9, R21, R6","0","0","0","0","0","0","0","0","32","0","-","-","-","0","0","0","0","0","0","0","0","0","-","0","0","0","0","0","0","0","0","0","0","0","0","0","0","0","0","0","0","0","0","0","0","0","0","0","0","0","0","0","0","0","0","0","0","0","0","0","0","0","0"
"0x70736776d6a0","@!P3  FFMA R57, R11, R21, R8","0","0","0","0","0","0","0","0","32","0","-","-","-","0","0","0","0","0","0","0","0","0","-","0","0","0","0","0","0","0","0","0","0","0","0","0","0","0","0","0","0","0","0","0","0","0","0","0","0","0","0","0","0","0","0","0","0","0","0","0","0","0","0"
"0x70736776d6b0","@P4   BRA 0x70736776d810","0","0","0","0","0","0","0","0","32","0","-","-","-","0","0","0","0","0","0","0","0","0","-","0","0","0","0","0","0","0","0","0","0","0","0","0","0","0","0","0","0","0","0","0","0","0","0","0","0","0","0","0","0","0","0","0","0","0","0","0","0","0","0"
"0x70736776d6c0","      LD.E R5, desc[UR24][R4.64+0xc]","0","0","0","0","0","0","0","0","32","0","","","","0","0","0","0","0","0","0","0","0","","0","0","0","0","0","0","0","0","0","0","0","0","0","0","0","0","0","0","0","0","0","0","0","0","0","0","0","0","0","0","0","0","0","0","0","0","0","0","0","0"
"0x70736776d6d0","      FMUL R0, R45, R22","0","0","0","0","0","0","0","0","32","0","-","-","-","0","0","0","0","0","0","0","0","0","-","0","0","0","0","0","0","0","0","0","0","0","0","0","0","0","0","0","0","0","0","0","0","0","0","0","0","0","0","0","0","0","0","0","0","0","0","0","0","0","0"
"0x70736776d6e0","      FFMA R45, R5, R21, R0","0","0","0","0","0","0","0","0","32","0","-","-","-","0","0","0","0","0","0","0","0","0","-","0","0","0","0","0","0","0","0","0","0","0","0","0","0","0","0","0","0","0","0","0","0","0","0","0","0","0","0","0","0","0","0","0","0","0","0","0","0","0","0"
"0x70736776d6f0","      BRA 0x70736776d810","0","0","0","0","0","0","0","0","32","0","-","-","-","0","0","0","0","0","0","0","0","0","-","0","0","0","0","0","0","0","0","0","0","0","0","0","0","0","0","0","0","0","0","0","0","0","0","0","0","0","0","0","0","0","0","0","0","0","0","0","0","0","0"
"0x70736776d700","      LDCU.64 UR6, c[0x0][0x380]","11","1","11","16384","524288","524288","32","32","0","0","-","-","-","0","0","0","0","0","0","0","0","0","-","0","0","0","0","0","0","0","2","1","0","0","0","0","0","0","0","5","3","0","0","0","0","0","0","0","0","0","0","0","0","0","0","0","1","0","0","0","0","0","0"
"0x70736776d710","      IADD3 R20, PT, PT, R18, 0x1, RZ","0","0","0","16384","524288","524288","32","32","0","0","-","-","-","0","0","0","0","0","0","0","0","0","-","0","0","0","0","0","0","0","0","0","0","0","0","0","0","0","0","0","0","0","0","0","0","0","0","0","0","0","0","0","0","0","0","0","0","0","0","0","0","0","0"
"0x70736776d720","      IADD3 R37, PT, PT, R18, 0x2, RZ","0","0","0","16384","524288","524288","32","32","0","0","-","-","-","0","0","0","0","0","0","0","0","0","-","0","0","0","0","0","0","0","0","0","0","0","0","0","0","0","0","0","0","0","0","0","0","0","0","0","0","0","0","0","0","0","0","0","0","0","0","0","0","0","0"
"0x70736776d730","      IADD3 R35, PT, PT, R18, 0x3, RZ","5","0","5","16384","524288","524288","32","32","0","0","-","-","-","0","0","0","0","0","0","0","0","0","-","0","0","0","0","0","0","0","0","0","0","0","0","1","0","0","0","0","3","0","0","0","0","1","0","0","0","0","0","0","0","0","0","0","0","0","0","0","0","0","0"
"0x70736776d740","      FMUL R5, R28, R22","0","0","0","16384","524288","524288","32","32","0","0","-","-","-","0","0","0","0","0","0","0","0","0","-","0","0","0","0","0","0","0","0","0","0","0","0","0","0","0","0","0","0","0","0","0","0","0","0","0","0","0","0","0","0","0","0","0","0","0","0","0","0","0","0"
"0x70736776d750","      FMUL R0, R51, R22","2","0","2","16384","524288","524288","32","32","0","0","-","-","-","0","0","0","0","0","0","0","0","0","-","0","0","0","0","0","0","0","0","1","0","0","0","0","0","0","0","0","0","1","0","0","0","0","0","0","0","0","0","0","0","0","0","0","0","0","0","0","0","0","0"
"0x70736776d760","      FMUL R4, R57, R22","0","0","0","16384","524288","524288","32","32","0","0","-","-","-","0","0","0","0","0","0","0","0","0","-","0","0","0","0","0","0","0","0","0","0","0","0","0","0","0","0","0","0","0","0","0","0","0","0","0","0","0","0","0","0","0","0","0","0","0","0","0","0","0","0"
"0x70736776d770","      FMUL R6, R45, R22","1","0","1","16384","524288","524288","32","32","0","0","-","-","-","0","0","0","0","0","0","0","0","0","-","0","0","0","0","0","0","0","0","0","0","0","0","0","0","0","0","0","0","1","0","0","0","0","0","0","0","0","0","0","0","0","0","0","0","0","0","0","0","0","0"
"0x70736776d780","      ISETP.GE.AND P0, PT, R24, UR7, PT","2","0","2","16384","524288","524288","32","32","0","0","-","-","-","0","0","0","0","0","0","0","0","0","-","0","0","0","0","0","0","0","0","0","0","0","0","0","0","0","0","0","2","0","0","0","0","0","0","0","0","0","0","0","0","0","0","0","0","0","0","0","0","0","0"
"0x70736776d790","      ISETP.GE.AND P1, PT, R18, UR6, PT","0","0","0","16384","524288","524288","32","32","0","0","-","-","-","0","0","0","0","0","0","0","0","0","-","0","0","0","0","0","0","0","0","0","0","0","0","0","0","0","0","0","0","0","0","0","0","0","0","0","0","0","0","0","0","0","0","0","0","0","0","0","0","0","0"
"0x70736776d7a0","      ISETP.GE.AND P3, PT, R20, UR6, PT","1","0","1","16384","524288","524288","32","32","0","0","-","-","-","0","0","0","0","0","0","0","0","0","-","0","0","0","0","0","0","0","0","0","0","0","0","0","0","0","0","0","0","1","0","0","0","0","0","0","0","0","0","0","0","0","0","0","0","0","0","0","0","0","0"
"0x70736776d7b0","      ISETP.GE.AND P4, PT, R37, UR6, PT","1","0","1","16384","524288","524288","32","32","0","0","-","-","-","0","0","0","0","0","0","0","0","0","-","0","0","0","0","0","0","0","0","0","0","0","0","0","0","0","0","0","0","1","0","0","0","0","0","0","0","0","0","0","0","0","0","0","0","0","0","0","0","0","0"
"0x70736776d7c0","      ISETP.GE.AND P5, PT, R35, UR6, PT","0","0","0","16384","524288","524288","32","32","0","0","-","-","-","0","0","0","0","0","0","0","0","0","-","0","0","0","0","0","0","0","0","0","0","0","0","0","0","0","0","0","0","0","0","0","0","0","0","0","0","0","0","0","0","0","0","0","0","0","0","0","0","0","0"
"0x70736776d7d0","@!P0  FSEL R28, R5, R28, !P1","5","2","5","16384","524288","524288","32","32","0","0","-","-","-","0","0","0","0","0","0","0","0","0","-","0","0","0","0","0","0","0","0","1","0","0","0","0","0","0","0","0","2","0","0","0","0","2","0","0","0","0","0","0","0","0","0","0","0","0","0","0","0","0","2"
"0x70736776d7e0","@!P0  FSEL R51, R0, R51, !P3","0","0","0","16384","524288","524288","32","32","0","0","-","-","-","0","0","0","0","0","0","0","0","0","-","0","0","0","0","0","0","0","0","0","0","0","0","0","0","0","0","0","0","0","0","0","0","0","0","0","0","0","0","0","0","0","0","0","0","0","0","0","0","0","0"
"0x70736776d7f0","@!P0  FSEL R57, R4, R57, !P4","1","0","1","16384","524288","524288","32","32","0","0","-","-","-","0","0","0","0","0","0","0","0","0","-","0","0","0","0","0","0","0","0","0","0","0","0","0","0","0","0","0","0","1","0","0","0","0","0","0","0","0","0","0","0","0","0","0","0","0","0","0","0","0","0"
"0x70736776d800","@!P0  FSEL R45, R6, R45, !P5","1","0","1","16384","524288","524288","32","32","0","0","-","-","-","0","0","0","0","0","0","0","0","0","-","0","0","0","0","0","0","0","0","0","0","0","0","0","0","0","0","0","0","1","0","0","0","0","0","0","0","0","0","0","0","0","0","0","0","0","0","0","0","0","0"
"0x70736776d810","      BSYNC.RECONVERGENT B0","4","0","4","16384","524288","524288","32","32","0","0","-","-","-","0","0","0","0","0","0","0","0","0","-","0","0","0","0","0","0","0","0","1","0","0","0","0","0","0","0","0","1","0","0","0","0","2","0","0","0","0","0","0","0","0","0","0","0","0","0","0","0","0","0"
"0x70736776d820","      IADD3 R16, PT, PT, R18, 0x20, RZ","4","1","4","16384","524288","524288","32","32","0","0","-","-","-","0","0","0","0","0","0","0","0","0","-","0","0","0","0","0","0","0","3","0","0","0","0","0","0","0","0","0","1","0","0","0","0","0","0","1","0","0","0","0","0","0","0","0","0","0","0","0","0","0","0"
"0x70736776d830","@P2   BRA 0x70736776d950","0","0","0","16384","524288","0","32","0","32","0","-","-","-","0","0","0","0","0","0","0","0","0","-","0","0","0","0","0","0","0","0","0","0","0","0","0","0","0","0","0","0","0","0","0","0","0","0","0","0","0","0","0","0","0","0","0","0","0","0","0","0","0","0"
"0x70736776d840","      ISETP.GE.AND P5, PT, R24, UR7, PT","3","0","3","16384","524288","524288","32","32","0","0","-","-","-","0","0","0","0","0","0","0","0","0","-","0","0","0","0","0","0","0","0","0","0","0","0","0","0","0","0","0","1","0","0","0","0","2","0","0","0","0","0","0","0","0","0","0","0","0","0","0","0","0","0"
"0x70736776d850","      IADD3 R34, PT, PT, R18, 0x21, RZ","2","0","2","16384","524288","524288","32","32","0","0","-","-","-","0","0","0","0","0","0","0","0","0","-","0","0","0","0","0","0","0","0","0","0","0","0","0","0","0","0","0","0","2","0","0","0","0","0","0","0","0","0","0","0","0","0","0","0","0","0","0","0","0","0"
"0x70736776d860","      IADD3 R33, PT, PT, R18, 0x22, RZ","1","0","1","16384","524288","524288","32","32","0","0","-","-","-","0","0","0","0","0","0","0","0","0","-","0","0","0","0","0","0","0","0","0","0","0","0","0","0","0","0","0","1","0","0","0","0","0","0","0","0","0","0","0","0","0","0","0","0","0","0","0","0","0","0"
"0x70736776d870","      IADD3 R32, PT, PT, R18, 0x23, RZ","1","0","1","16384","524288","524288","32","32","0","0","-","-","-","0","0","0","0","0","0","0","0","0","-","0","0","0","0","0","0","0","0","1","0","0","0","0","0","0","0","0","0","0","0","0","0","0","0","0","0","0","0","0","0","0","0","0","0","0","0","0","0","0","0"
"0x70736776d880","      ISETP.GE.AND P0, PT, R16, UR6, PT","0","0","0","16384","524288","524288","32","32","0","0","-","-","-","0","0","0","0","0","0","0","0","0","-","0","0","0","0","0","0","0","0","0","0","0","0","0","0","0","0","0","0","0","0","0","0","0","0","0","0","0","0","0","0","0","0","0","0","0","0","0","0","0","0"
"0x70736776d890","      FMUL R3, R48, R22","0","0","0","16384","524288","524288","32","32","0","0","-","-","-","0","0","0","0","0","0","0","0","0","-","0","0","0","0","0","0","0","0","0","0","0","0","0","0","0","0","0","0","0","0","0","0","0","0","0","0","0","0","0","0","0","0","0","0","0","0","0","0","0","0"
"0x70736776d8a0","      FMUL R0, R61, R22","0","0","0","16384","524288","524288","32","32","0","0","-","-","-","0","0","0","0","0","0","0","0","0","-","0","0","0","0","0","0","0","0","0","0","0","0","0","0","0","0","0","0","0","0","0","0","0","0","0","0","0","0","0","0","0","0","0","0","0","0","0","0","0","0"
"0x70736776d8b0","      FMUL R2, R41, R22","0","0","0","16384","524288","524288","32","32","0","0","-","-","-","0","0","0","0","0","0","0","0","0","-","0","0","0","0","0","0","0","0","0","0","0","0","0","0","0","0","0","0","0","0","0","0","0","0","0","0","0","0","0","0","0","0","0","0","0","0","0","0","0","0"
"0x70736776d8c0","      ISETP.GE.AND P1, PT, R34, UR6, PT","1","0","1","16384","524288","524288","32","32","0","0","-","-","-","0","0","0","0","0","0","0","0","0","-","0","0","0","0","0","0","0","0","0","0","0","0","0","0","0","0","0","0","1","0","0","0","0","0","0","0","0","0","0","0","0","0","0","0","0","0","0","0","0","0"
"0x70736776d8d0","      ISETP.GE.AND P3, PT, R33, UR6, PT","0","0","0","16384","524288","524288","32","32","0","0","-","-","-","0","0","0","0","0","0","0","0","0","-","0","0","0","0","0","0","0","0","0","0","0","0","0","0","0","0","0","0","0","0","0","0","0","0","0","0","0","0","0","0","0","0","0","0","0","0","0","0","0","0"
"0x70736776d8e0","      ISETP.GE.AND P4, PT, R32, UR6, PT","0","0","0","16384","524288","524288","32","32","0","0","-","-","-","0","0","0","0","0","0","0","0","0","-","0","0","0","0","0","0","0","0","0","0","0","0","0","0","0","0","0","0","0","0","0","0","0","0","0","0","0","0","0","0","0","0","0","0","0","0","0","0","0","0"
"0x70736776d8f0","      FMUL R5, R66, R22","0","0","0","16384","524288","524288","32","32","0","0","-","-","-","0","0","0","0","0","0","0","0","0","-","0","0","0","0","0","0","0","0","0","0","0","0","0","0","0","0","0","0","0","0","0","0","0","0","0","0","0","0","0","0","0","0","0","0","0","0","0","0","0","0"
"0x70736776d900","@!P5  FSEL R48, R3, R48, !P0","0","0","0","16384","524288","524288","32","32","0","0","-","-","-","0","0","0","0","0","0","0","0","0","-","0","0","0","0","0","0","0","0","0","0","0","0","0","0","0","0","0","0","0","0","0","0","0","0","0","0","0","0","0","0","0","0","0","0","0","0","0","0","0","0"
"0x70736776d910","@!P5  FSEL R61, R0, R61, !P1","0","0","0","16384","524288","524288","32","32","0","0","-","-","-","0","0","0","0","0","0","0","0","0","-","0","0","0","0","0","0","0","0","0","0","0","0","0","0","0","0","0","0","0","0","0","0","0","0","0","0","0","0","0","0","0","0","0","0","0","0","0","0","0","0"
"0x70736776d920","@!P5  FSEL R41, R2, R41, !P3","0","0","0","16384","524288","524288","32","32","0","0","-","-","-","0","0","0","0","0","0","0","0","0","-","0","0","0","0","0","0","0","0","0","0","0","0","0","0","0","0","0","0","0","0","0","0","0","0","0","0","0","0","0","0","0","0","0","0","0","0","0","0","0","0"
"0x70736776d930","@!P5  FSEL R66, R5, R66, !P4","2","0","2","16384","524288","524288","32","32","0","0","-","-","-","0","0","0","0","0","0","0","0","0","-","0","0","0","0","0","0","0","0","0","0","0","0","0","0","0","0","0","2","0","0","0","0","0","0","0","0","0","0","0","0","0","0","0","0","0","0","0","0","0","0"
"0x70736776d940","      BRA 0x70736776dbf0","0","0","0","16384","524288","524288","32","32","0","0","-","-","-","0","0","0","0","0","0","0","0","0","-","0","0","0","0","0","0","0","0","0","0","0","0","0","0","0","0","0","0","0","0","0","0","0","0","0","0","0","0","0","0","0","0","0","0","0","0","0","0","0","0"
"0x70736776d950","      IADD3 R34, PT, PT, R18, 0x21, RZ","2","1","2","0","0","0","0","0","32","0","-","-","-","0","0","0","0","0","0","0","0","0","-","0","0","0","0","0","0","0","0","0","0","0","0","0","0","0","0","0","0","1","0","0","0","1","0","0","0","0","0","0","0","0","0","0","0","0","0","0","0","0","1"
"0x70736776d960","      IADD3 R33, PT, PT, R18, 0x22, RZ","0","0","0","0","0","0","0","0","32","0","-","-","-","0","0","0","0","0","0","0","0","0","-","0","0","0","0","0","0","0","0","0","0","0","0","0","0","0","0","0","0","0","0","0","0","0","0","0","0","0","0","0","0","0","0","0","0","0","0","0","0","0","0"
"0x70736776d970","      ISETP.GE.AND P0, PT, R16, UR6, PT","0","0","0","0","0","0","0","0","32","0","-","-","-","0","0","0","0","0","0","0","0","0","-","0","0","0","0","0","0","0","0","0","0","0","0","0","0","0","0","0","0","0","0","0","0","0","0","0","0","0","0","0","0","0","0","0","0","0","0","0","0","0","0"
"0x70736776d980","      IADD3 R32, PT, PT, R18, 0x23, RZ","0","0","0","0","0","0","0","0","32","0","-","-","-","0","0","0","0","0","0","0","0","0","-","0","0","0","0","0","0","0","0","0","0","0","0","0","0","0","0","0","0","0","0","0","0","0","0","0","0","0","0","0","0","0","0","0","0","0","0","0","0","0","0"
"0x70736776d990","      ISETP.GE.AND P1, PT, R34, UR6, PT","0","0","0","0","0","0","0","0","32","0","-","-","-","0","0","0","0","0","0","0","0","0","-","0","0","0","0","0","0","0","0","0","0","0","0","0","0","0","0","0","0","0","0","0","0","0","0","0","0","0","0","0","0","0","0","0","0","0","0","0","0","0","0"
"0x70736776d9a0","      ISETP.GE.AND P3, PT, R33, UR6, PT","0","0","0","0","0","0","0","0","32","0","-","-","-","0","0","0","0","0","0","0","0","0","-","0","0","0","0","0","0","0","0","0","0","0","0","0","0","0","0","0","0","0","0","0","0","0","0","0","0","0","0","0","0","0","0","0","0","0","0","0","0","0","0"
"0x70736776d9b0","      ISETP.GE.OR P0, PT, R24, UR7, P0","0","0","0","0","0","0","0","0","32","0","-","-","-","0","0","0","0","0","0","0","0","0","-","0","0","0","0","0","0","0","0","0","0","0","0","0","0","0","0","0","0","0","0","0","0","0","0","0","0","0","0","0","0","0","0","0","0","0","0","0","0","0","0"
"0x70736776d9c0","      ISETP.GE.AND P4, PT, R32, UR6, PT","0","0","0","0","0","0","0","0","32","0","-","-","-","0","0","0","0","0","0","0","0","0","-","0","0","0","0","0","0","0","0","0","0","0","0","0","0","0","0","0","0","0","0","0","0","0","0","0","0","0","0","0","0","0","0","0","0","0","0","0","0","0","0"
"0x70736776d9d0","      ISETP.GE.OR P1, PT, R24, UR7, P1","0","0","0","0","0","0","0","0","32","0","-","-","-","0","0","0","0","0","0","0","0","0","-","0","0","0","0","0","0","0","0","0","0","0","0","0","0","0","0","0","0","0","0","0","0","0","0","0","0","0","0","0","0","0","0","0","0","0","0","0","0","0","0"
"0x70736776d9e0","      ISETP.GE.OR P3, PT, R24, UR7, P3","0","0","0","0","0","0","0","0","32","0","-","-","-","0","0","0","0","0","0","0","0","0","-","0","0","0","0","0","0","0","0","0","0","0","0","0","0","0","0","0","0","0","0","0","0","0","0","0","0","0","0","0","0","0","0","0","0","0","0","0","0","0","0"
"0x70736776d9f0","      ISETP.GE.OR P4, PT, R24, UR7, P4","0","0","0","0","0","0","0","0","32","0","-","-","-","0","0","0","0","0","0","0","0","0","-","0","0","0","0","0","0","0","0","0","0","0","0","0","0","0","0","0","0","0","0","0","0","0","0","0","0","0","0","0","0","0","0","0","0","0","0","0","0","0","0"
"0x70736776da00","@!P0  SHF.R.S32.HI R17, RZ, 0x1f, R16","0","0","0","0","0","0","0","0","32","0","-","-","-","0","0","0","0","0","0","0","0","0","-","0","0","0","0","0","0","0","0","0","0","0","0","0","0","0","0","0","0","0","0","0","0","0","0","0","0","0","0","0","0","0","0","0","0","0","0","0","0","0","0"
"0x70736776da10","@!P1  SHF.R.S32.HI R7, RZ, 0x1f, R34","0","0","0","0","0","0","0","0","32","0","-","-","-","0","0","0","0","0","0","0","0","0","-","0","0","0","0","0","0","0","0","0","0","0","0","0","0","0","0","0","0","0","0","0","0","0","0","0","0","0","0","0","0","0","0","0","0","0","0","0","0","0","0"
"0x70736776da20","@!P1  MOV R6, R34","0","0","0","0","0","0","0","0","32","0","-","-","-","0","0","0","0","0","0","0","0","0","-","0","0","0","0","0","0","0","0","0","0","0","0","0","0","0","0","0","0","0","0","0","0","0","0","0","0","0","0","0","0","0","0","0","0","0","0","0","0","0","0"
"0x70736776da30","@!P3  SHF.R.S32.HI R5, RZ, 0x1f, R33","0","0","0","0","0","0","0","0","32","0","-","-","-","0","0","0","0","0","0","0","0","0","-","0","0","0","0","0","0","0","0","0","0","0","0","0","0","0","0","0","0","0","0","0","0","0","0","0","0","0","0","0","0","0","0","0","0","0","0","0","0","0","0"
"0x70736776da40","@!P0  IADD.64 R14, R2, R16","0","0","0","0","0","0","0","0","32","0","-","-","-","0","0","0","0","0","0","0","0","0","-","0","0","0","0","0","0","0","0","0","0","0","0","0","0","0","0","0","0","0","0","0","0","0","0","0","0","0","0","0","0","0","0","0","0","0","0","0","0","0","0"
"0x70736776da50","@!P3  MOV R4, R33","0","0","0","0","0","0","0","0","32","0","-","-","-","0","0","0","0","0","0","0","0","0","-","0","0","0","0","0","0","0","0","0","0","0","0","0","0","0","0","0","0","0","0","0","0","0","0","0","0","0","0","0","0","0","0","0","0","0","0","0","0","0","0"
"0x70736776da60","@!P4  SHF.R.S32.HI R9, RZ, 0x1f, R32","0","0","0","0","0","0","0","0","32","0","-","-","-","0","0","0","0","0","0","0","0","0","-","0","0","0","0","0","0","0","0","0","0","0","0","0","0","0","0","0","0","0","0","0","0","0","0","0","0","0","0","0","0","0","0","0","0","0","0","0","0","0","0"
"0x70736776da70","@!P1  IADD.64 R12, R2, R6","0","0","0","0","0","0","0","0","32","0","-","-","-","0","0","0","0","0","0","0","0","0","-","0","0","0","0","0","0","0","0","0","0","0","0","0","0","0","0","0","0","0","0","0","0","0","0","0","0","0","0","0","0","0","0","0","0","0","0","0","0","0","0"
"0x70736776da80","@!P4  MOV R8, R32","0","0","0","0","0","0","0","0","32","0","-","-","-","0","0","0","0","0","0","0","0","0","-","0","0","0","0","0","0","0","0","0","0","0","0","0","0","0","0","0","0","0","0","0","0","0","0","0","0","0","0","0","0","0","0","0","0","0","0","0","0","0","0"
"0x70736776da90","@!P3  IADD.64 R10, R2, R4","0","0","0","0","0","0","0","0","32","0","-","-","-","0","0","0","0","0","0","0","0","0","-","0","0","0","0","0","0","0","0","0","0","0","0","0","0","0","0","0","0","0","0","0","0","0","0","0","0","0","0","0","0","0","0","0","0","0","0","0","0","0","0"
"0x70736776daa0","@!P0  LEA R6, P5, R14, UR26, 0x2","0","0","0","0","0","0","0","0","32","0","-","-","-","0","0","0","0","0","0","0","0","0","-","0","0","0","0","0","0","0","0","0","0","0","0","0","0","0","0","0","0","0","0","0","0","0","0","0","0","0","0","0","0","0","0","0","0","0","0","0","0","0","0"
"0x70736776dab0","@!P4  IADD.64 R2, R2, R8","0","0","0","0","0","0","0","0","32","0","-","-","-","0","0","0","0","0","0","0","0","0","-","0","0","0","0","0","0","0","0","0","0","0","0","0","0","0","0","0","0","0","0","0","0","0","0","0","0","0","0","0","0","0","0","0","0","0","0","0","0","0","0"
"0x70736776dac0","@!P1  LEA R4, P6, R12, UR26, 0x2","0","0","0","0","0","0","0","0","32","0","-","-","-","0","0","0","0","0","0","0","0","0","-","0","0","0","0","0","0","0","0","0","0","0","0","0","0","0","0","0","0","0","0","0","0","0","0","0","0","0","0","0","0","0","0","0","0","0","0","0","0","0","0"
"0x70736776dad0","@!P0  LEA.HI.X R7, R14, UR27, R15, 0x2, P5","0","0","0","0","0","0","0","0","32","0","-","-","-","0","0","0","0","0","0","0","0","0","-","0","0","0","0","0","0","0","0","0","0","0","0","0","0","0","0","0","0","0","0","0","0","0","0","0","0","0","0","0","0","0","0","0","0","0","0","0","0","0","0"
"0x70736776dae0","@!P1  LEA.HI.X R5, R12, UR27, R13, 0x2, P6","0","0","0","0","0","0","0","0","32","0","-","-","-","0","0","0","0","0","0","0","0","0","-","0","0","0","0","0","0","0","0","0","0","0","0","0","0","0","0","0","0","0","0","0","0","0","0","0","0","0","0","0","0","0","0","0","0","0","0","0","0","0","0"
"0x70736776daf0","@!P3  LEA R12, P5, R10, UR26, 0x2","0","0","0","0","0","0","0","0","32","0","-","-","-","0","0","0","0","0","0","0","0","0","-","0","0","0","0","0","0","0","0","0","0","0","0","0","0","0","0","0","0","0","0","0","0","0","0","0","0","0","0","0","0","0","0","0","0","0","0","0","0","0","0"
"0x70736776db00","@!P0  LD.E R6, desc[UR24][R6.64]","0","0","0","0","0","0","0","0","32","0","","","","0","0","0","0","0","0","0","0","0","","0","0","0","0","0","0","0","0","0","0","0","0","0","0","0","0","0","0","0","0","0","0","0","0","0","0","0","0","0","0","0","0","0","0","0","0","0","0","0","0"
"0x70736776db10","@!P4  LEA R8, P6, R2, UR26, 0x2","0","0","0","0","0","0","0","0","32","0","-","-","-","0","0","0","0","0","0","0","0","0","-","0","0","0","0","0","0","0","0","0","0","0","0","0","0","0","0","0","0","0","0","0","0","0","0","0","0","0","0","0","0","0","0","0","0","0","0","0","0","0","0"
"0x70736776db20","@!P3  LEA.HI.X R13, R10, UR27, R11, 0x2, P5","0","0","0","0","0","0","0","0","32","0","-","-","-","0","0","0","0","0","0","0","0","0","-","0","0","0","0","0","0","0","0","0","0","0","0","0","0","0","0","0","0","0","0","0","0","0","0","0","0","0","0","0","0","0","0","0","0","0","0","0","0","0","0"
"0x70736776db30","@!P1  LD.E R4, desc[UR24][R4.64]","0","0","0","0","0","0","0","0","32","0","","","","0","0","0","0","0","0","0","0","0","","0","0","0","0","0","0","0","0","0","0","0","0","0","0","0","0","0","0","0","0","0","0","0","0","0","0","0","0","0","0","0","0","0","0","0","0","0","0","0","0"
"0x70736776db40","@!P4  LEA.HI.X R9, R2, UR27, R3, 0x2, P6","0","0","0","0","0","0","0","0","32","0","-","-","-","0","0","0","0","0","0","0","0","0","-","0","0","0","0","0","0","0","0","0","0","0","0","0","0","0","0","0","0","0","0","0","0","0","0","0","0","0","0","0","0","0","0","0","0","0","0","0","0","0","0"
"0x70736776db50","@!P3  LD.E R12, desc[UR24][R12.64]","0","0","0","0","0","0","0","0","32","0","","","","0","0","0","0","0","0","0","0","0","","0","0","0","0","0","0","0","0","0","0","0","0","0","0","0","0","0","0","0","0","0","0","0","0","0","0","0","0","0","0","0","0","0","0","0","0","0","0","0","0"
"0x70736776db60","@!P4  LD.E R8, desc[UR24][R8.64]","0","0","0","0","0","0","0","0","32","0","","","","0","0","0","0","0","0","0","0","0","","0","0","0","0","0","0","0","0","0","0","0","0","0","0","0","0","0","0","0","0","0","0","0","0","0","0","0","0","0","0","0","0","0","0","0","0","0","0","0","0"
"0x70736776db70","@!P0  FMUL R3, R48, R22","0","0","0","0","0","0","0","0","32","0","-","-","-","0","0","0","0","0","0","0","0","0","-","0","0","0","0","0","0","0","0","0","0","0","0","0","0","0","0","0","0","0","0","0","0","0","0","0","0","0","0","0","0","0","0","0","0","0","0","0","0","0","0"
"0x70736776db80","@!P1  FMUL R11, R61, R22","0","0","0","0","0","0","0","0","32","0","-","-","-","0","0","0","0","0","0","0","0","0","-","0","0","0","0","0","0","0","0","0","0","0","0","0","0","0","0","0","0","0","0","0","0","0","0","0","0","0","0","0","0","0","0","0","0","0","0","0","0","0","0"
"0x70736776db90","@!P3  FMUL R15, R41, R22","0","0","0","0","0","0","0","0","32","0","-","-","-","0","0","0","0","0","0","0","0","0","-","0","0","0","0","0","0","0","0","0","0","0","0","0","0","0","0","0","0","0","0","0","0","0","0","0","0","0","0","0","0","0","0","0","0","0","0","0","0","0","0"
"0x70736776dba0","@!P4  FMUL R23, R66, R22","0","0","0","0","0","0","0","0","32","0","-","-","-","0","0","0","0","0","0","0","0","0","-","0","0","0","0","0","0","0","0","0","0","0","0","0","0","0","0","0","0","0","0","0","0","0","0","0","0","0","0","0","0","0","0","0","0","0","0","0","0","0","0"
"0x70736776dbb0","@!P0  FFMA R48, R6, R21, R3","0","0","0","0","0","0","0","0","32","0","-","-","-","0","0","0","0","0","0","0","0","0","-","0","0","0","0","0","0","0","0","0","0","0","0","0","0","0","0","0","0","0","0","0","0","0","0","0","0","0","0","0","0","0","0","0","0","0","0","0","0","0","0"
"0x70736776dbc0","@!P1  FFMA R61, R4, R21, R11","0","0","0","0","0","0","0","0","32","0","-","-","-","0","0","0","0","0","0","0","0","0","-","0","0","0","0","0","0","0","0","0","0","0","0","0","0","0","0","0","0","0","0","0","0","0","0","0","0","0","0","0","0","0","0","0","0","0","0","0","0","0","0"
"0x70736776dbd0","@!P3  FFMA R41, R12, R21, R15","0","0","0","0","0","0","0","0","32","0","-","-","-","0","0","0","0","0","0","0","0","0","-","0","0","0","0","0","0","0","0","0","0","0","0","0","0","0","0","0","0","0","0","0","0","0","0","0","0","0","0","0","0","0","0","0","0","0","0","0","0","0","0"
"0x70736776dbe0","@!P4  FFMA R66, R8, R21, R23","0","0","0","0","0","0","0","0","32","0","-","-","-","0","0","0","0","0","0","0","0","0","-","0","0","0","0","0","0","0","0","0","0","0","0","0","0","0","0","0","0","0","0","0","0","0","0","0","0","0","0","0","0","0","0","0","0","0","0","0","0","0","0"
"0x70736776dbf0","      IADD3 R27, PT, PT, R24, 0x1, RZ","5","0","5","16384","524288","524288","32","32","0","0","-","-","-","0","0","0","0","0","0","0","0","0","-","0","0","0","0","0","0","0","1","1","0","0","0","0","0","0","0","1","2","0","0","0","0","0","0","0","0","0","0","0","0","0","0","0","0","0","0","0","0","0","0"
"0x70736776dc00","      IMAD.WIDE.U32 R14, R27, UR5, RZ","2","0","2","16384","524288","524288","32","32","0","0","-","-","-","0","0","0","0","0","0","0","0","0","-","0","0","0","0","0","0","0","0","0","0","0","0","0","0","0","0","0","1","0","0","0","0","1","0","0","0","0","0","0","0","0","0","0","0","0","0","0","0","0","0"
"0x70736776dc10","      IMAD R15, R27, UR4, R15","4","0","4","16384","524288","524288","32","32","0","0","-","-","-","0","0","0","0","0","0","0","0","0","-","0","0","0","0","0","0","0","0","0","0","0","0","2","0","0","0","0","2","0","0","0","0","0","0","0","0","0","0","0","0","0","0","0","0","0","0","0","0","0","0"
"0x70736776dc20","@P2   BRA 0x70736776dd10","0","0","0","16384","524288","0","32","0","32","0","-","-","-","0","0","0","0","0","0","0","0","0","-","0","0","0","0","0","0","0","0","0","0","0","0","0","0","0","0","0","0","0","0","0","0","0","0","0","0","0","0","0","0","0","0","0","0","0","0","0","0","0","0"
"0x70736776dc30","      ISETP.GE.AND P0, PT, R27, UR7, PT","3","0","3","16384","524288","524288","32","32","0","0","-","-","-","0","0","0","0","0","0","0","0","0","-","0","0","0","0","0","0","0","0","0","0","0","0","0","0","0","0","0","2","1","0","0","0","0","0","0","0","0","0","0","0","0","0","0","0","0","0","0","0","0","0"
"0x70736776dc40","      ISETP.GE.AND P1, PT, R18, UR6, PT","1","0","1","16384","524288","524288","32","32","0","0","-","-","-","0","0","0","0","0","0","0","0","0","-","0","0","0","0","0","0","0","0","0","0","0","0","0","0","0","0","0","0","1","0","0","0","0","0","0","0","0","0","0","0","0","0","0","0","0","0","0","0","0","0"
"0x70736776dc50","      ISETP.GE.AND P3, PT, R20, UR6, PT","0","0","0","16384","524288","524288","32","32","0","0","-","-","-","0","0","0","0","0","0","0","0","0","-","0","0","0","0","0","0","0","0","0","0","0","0","0","0","0","0","0","0","0","0","0","0","0","0","0","0","0","0","0","0","0","0","0","0","0","0","0","0","0","0"
"0x70736776dc60","      ISETP.GE.AND P4, PT, R37, UR6, PT","1","0","1","16384","524288","524288","32","32","0","0","-","-","-","0","0","0","0","0","0","0","0","0","-","0","0","0","0","0","0","0","0","0","0","0","0","0","0","0","0","0","0","1","0","0","0","0","0","0","0","0","0","0","0","0","0","0","0","0","0","0","0","0","0"
"0x70736776dc70","      ISETP.GE.AND P5, PT, R35, UR6, PT","0","0","0","16384","524288","524288","32","32","0","0","-","-","-","0","0","0","0","0","0","0","0","0","-","0","0","0","0","0","0","0","0","0","0","0","0","0","0","0","0","0","0","0","0","0","0","0","0","0","0","0","0","0","0","0","0","0","0","0","0","0","0","0","0"
"0x70736776dc80","      FMUL R0, R29, R22","0","0","0","16384","524288","524288","32","32","0","0","-","-","-","0","0","0","0","0","0","0","0","0","-","0","0","0","0","0","0","0","0","0","0","0","0","0","0","0","0","0","0","0","0","0","0","0","0","0","0","0","0","0","0","0","0","0","0","0","0","0","0","0","0"
"0x70736776dc90","      FMUL R3, R52, R22","0","0","0","16384","524288","524288","32","32","0","0","-","-","-","0","0","0","0","0","0","0","0","0","-","0","0","0","0","0","0","0","0","0","0","0","0","0","0","0","0","0","0","0","0","0","0","0","0","0","0","0","0","0","0","0","0","0","0","0","0","0","0","0","0"
"0x70736776dca0","      FMUL R5, R58, R22","0","0","0","16384","524288","524288","32","32","0","0","-","-","-","0","0","0","0","0","0","0","0","0","-","0","0","0","0","0","0","0","0","0","0","0","0","0","0","0","0","0","0","0","0","0","0","0","0","0","0","0","0","0","0","0","0","0","0","0","0","0","0","0","0"
"0x70736776dcb0","      FMUL R7, R46, R22","0","0","0","16384","524288","524288","32","32","0","0","-","-","-","0","0","0","0","0","0","0","0","0","-","0","0","0","0","0","0","0","0","0","0","0","0","0","0","0","0","0","0","0","0","0","0","0","0","0","0","0","0","0","0","0","0","0","0","0","0","0","0","0","0"
"0x70736776dcc0","@!P0  FSEL R29, R0, R29, !P1","3","0","3","16384","524288","524288","32","32","0","0","-","-","-","0","0","0","0","0","0","0","0","0","-","0","0","0","0","0","0","0","0","1","0","0","0","0","0","0","0","0","1","0","0","0","0","1","0","0","0","0","0","0","0","0","0","0","0","0","0","0","0","0","0"
"0x70736776dcd0","@!P0  FSEL R52, R3, R52, !P3","0","0","0","16384","524288","524288","32","32","0","0","-","-","-","0","0","0","0","0","0","0","0","0","-","0","0","0","0","0","0","0","0","0","0","0","0","0","0","0","0","0","0","0","0","0","0","0","0","0","0","0","0","0","0","0","0","0","0","0","0","0","0","0","0"
"0x70736776dce0","@!P0  FSEL R58, R5, R58, !P4","0","0","0","16384","524288","524288","32","32","0","0","-","-","-","0","0","0","0","0","0","0","0","0","-","0","0","0","0","0","0","0","0","0","0","0","0","0","0","0","0","0","0","0","0","0","0","0","0","0","0","0","0","0","0","0","0","0","0","0","0","0","0","0","0"
"0x70736776dcf0","@!P0  FSEL R46, R7, R46, !P5","0","0","0","16384","524288","524288","32","32","0","0","-","-","-","0","0","0","0","0","0","0","0","0","-","0","0","0","0","0","0","0","0","0","0","0","0","0","0","0","0","0","0","0","0","0","0","0","0","0","0","0","0","0","0","0","0","0","0","0","0","0","0","0","0"
"0x70736776dd00","      BRA 0x70736776dea0","0","0","0","16384","524288","524288","32","32","0","0","-","-","-","0","0","0","0","0","0","0","0","0","-","0","0","0","0","0","0","0","0","0","0","0","0","0","0","0","0","0","0","0","0","0","0","0","0","0","0","0","0","0","0","0","0","0","0","0","0","0","0","0","0"
"0x70736776dd10","      SHF.R.S32.HI R5, RZ, 0x1f, R18","2","0","2","0","0","0","0","0","32","0","-","-","-","0","0","0","0","0","0","0","0","0","-","0","0","0","0","0","0","0","0","0","0","0","0","0","0","0","0","0","0","1","0","0","0","1","0","0","0","0","0","0","0","0","0","0","0","0","0","0","0","0","0"
"0x70736776dd20","      MOV R4, R18","0","0","0","0","0","0","0","0","32","0","-","-","-","0","0","0","0","0","0","0","0","0","-","0","0","0","0","0","0","0","0","0","0","0","0","0","0","0","0","0","0","0","0","0","0","0","0","0","0","0","0","0","0","0","0","0","0","0","0","0","0","0","0"
"0x70736776dd30","      ISETP.GE.AND P1, PT, R18, UR6, PT","0","0","0","0","0","0","0","0","32","0","-","-","-","0","0","0","0","0","0","0","0","0","-","0","0","0","0","0","0","0","0","0","0","0","0","0","0","0","0","0","0","0","0","0","0","0","0","0","0","0","0","0","0","0","0","0","0","0","0","0","0","0","0"
"0x70736776dd40","      ISETP.GE.AND P3, PT, R20, UR6, PT","0","0","0","0","0","0","0","0","32","0","-","-","-","0","0","0","0","0","0","0","0","0","-","0","0","0","0","0","0","0","0","0","0","0","0","0","0","0","0","0","0","0","0","0","0","0","0","0","0","0","0","0","0","0","0","0","0","0","0","0","0","0","0"
"0x70736776dd50","      ISETP.GE.AND P4, PT, R37, UR6, PT","0","0","0","0","0","0","0","0","32","0","-","-","-","0","0","0","0","0","0","0","0","0","-","0","0","0","0","0","0","0","0","0","0","0","0","0","0","0","0","0","0","0","0","0","0","0","0","0","0","0","0","0","0","0","0","0","0","0","0","0","0","0","0"
"0x70736776dd60","      ISETP.GE.AND P0, PT, R35, UR6, PT","0","0","0","0","0","0","0","0","32","0","-","-","-","0","0","0","0","0","0","0","0","0","-","0","0","0","0","0","0","0","0","0","0","0","0","0","0","0","0","0","0","0","0","0","0","0","0","0","0","0","0","0","0","0","0","0","0","0","0","0","0","0","0"
"0x70736776dd70","      IADD.64 R4, R4, R14","0","0","0","0","0","0","0","0","32","0","-","-","-","0","0","0","0","0","0","0","0","0","-","0","0","0","0","0","0","0","0","0","0","0","0","0","0","0","0","0","0","0","0","0","0","0","0","0","0","0","0","0","0","0","0","0","0","0","0","0","0","0","0"
"0x70736776dd80","      ISETP.GE.OR P1, PT, R27, UR7, P1","0","0","0","0","0","0","0","0","32","0","-","-","-","0","0","0","0","0","0","0","0","0","-","0","0","0","0","0","0","0","0","0","0","0","0","0","0","0","0","0","0","0","0","0","0","0","0","0","0","0","0","0","0","0","0","0","0","0","0","0","0","0","0"
"0x70736776dd90","      ISETP.GE.OR P3, PT, R27, UR7, P3","0","0","0","0","0","0","0","0","32","0","-","-","-","0","0","0","0","0","0","0","0","0","-","0","0","0","0","0","0","0","0","0","0","0","0","0","0","0","0","0","0","0","0","0","0","0","0","0","0","0","0","0","0","0","0","0","0","0","0","0","0","0","0"
"0x70736776dda0","      ISETP.GE.OR P4, PT, R27, UR7, P4","0","0","0","0","0","0","0","0","32","0","-","-","-","0","0","0","0","0","0","0","0","0","-","0","0","0","0","0","0","0","0","0","0","0","0","0","0","0","0","0","0","0","0","0","0","0","0","0","0","0","0","0","0","0","0","0","0","0","0","0","0","0","0"
"0x70736776ddb0","      ISETP.GE.OR P0, PT, R27, UR7, P0","0","0","0","0","0","0","0","0","32","0","-","-","-","0","0","0","0","0","0","0","0","0","-","0","0","0","0","0","0","0","0","0","0","0","0","0","0","0","0","0","0","0","0","0","0","0","0","0","0","0","0","0","0","0","0","0","0","0","0","0","0","0","0"
"0x70736776ddc0","      LEA R2, P5, R4, UR26, 0x2","0","0","0","0","0","0","0","0","32","0","-","-","-","0","0","0","0","0","0","0","0","0","-","0","0","0","0","0","0","0","0","0","0","0","0","0","0","0","0","0","0","0","0","0","0","0","0","0","0","0","0","0","0","0","0","0","0","0","0","0","0","0","0"
"0x70736776ddd0","      LEA.HI.X R3, R4, UR27, R5, 0x2, P5","0","0","0","0","0","0","0","0","32","0","-","-","-","0","0","0","0","0","0","0","0","0","-","0","0","0","0","0","0","0","0","0","0","0","0","0","0","0","0","0","0","0","0","0","0","0","0","0","0","0","0","0","0","0","0","0","0","0","0","0","0","0","0"
"0x70736776dde0","@!P1  LD.E R0, desc[UR24][R2.64]","0","0","0","0","0","0","0","0","32","0","","","","0","0","0","0","0","0","0","0","0","","0","0","0","0","0","0","0","0","0","0","0","0","0","0","0","0","0","0","0","0","0","0","0","0","0","0","0","0","0","0","0","0","0","0","0","0","0","0","0","0"
"0x70736776ddf0","@!P3  LD.E R4, desc[UR24][R2.64+0x4]","0","0","0","0","0","0","0","0","32","0","","","","0","0","0","0","0","0","0","0","0","","0","0","0","0","0","0","0","0","0","0","0","0","0","0","0","0","0","0","0","0","0","0","0","0","0","0","0","0","0","0","0","0","0","0","0","0","0","0","0","0"
"0x70736776de00","@!P4  LD.E R6, desc[UR24][R2.64+0x8]","0","0","0","0","0","0","0","0","32","0","","","","0","0","0","0","0","0","0","0","0","","0","0","0","0","0","0","0","0","0","0","0","0","0","0","0","0","0","0","0","0","0","0","0","0","0","0","0","0","0","0","0","0","0","0","0","0","0","0","0","0"
"0x70736776de10","@!P0  LD.E R8, desc[UR24][R2.64+0xc]","0","0","0","0","0","0","0","0","32","0","","","","0","0","0","0","0","0","0","0","0","","0","0","0","0","0","0","0","0","0","0","0","0","0","0","0","0","0","0","0","0","0","0","0","0","0","0","0","0","0","0","0","0","0","0","0","0","0","0","0","0"
"0x70736776de20","@!P1  FMUL R5, R29, R22","0","0","0","0","0","0","0","0","32","0","-","-","-","0","0","0","0","0","0","0","0","0","-","0","0","0","0","0","0","0","0","0","0","0","0","0","0","0","0","0","0","0","0","0","0","0","0","0","0","0","0","0","0","0","0","0","0","0","0","0","0","0","0"
"0x70736776de30","@!P3  FMUL R7, R52, R22","0","0","0","0","0","0","0","0","32","0","-","-","-","0","0","0","0","0","0","0","0","0","-","0","0","0","0","0","0","0","0","0","0","0","0","0","0","0","0","0","0","0","0","0","0","0","0","0","0","0","0","0","0","0","0","0","0","0","0","0","0","0","0"
"0x70736776de40","@!P4  FMUL R9, R58, R22","0","0","0","0","0","0","0","0","32","0","-","-","-","0","0","0","0","0","0","0","0","0","-","0","0","0","0","0","0","0","0","0","0","0","0","0","0","0","0","0","0","0","0","0","0","0","0","0","0","0","0","0","0","0","0","0","0","0","0","0","0","0","0"
"0x70736776de50","@!P0  FMUL R11, R46, R22","0","0","0","0","0","0","0","0","32","0","-","-","-","0","0","0","0","0","0","0","0","0","-","0","0","0","0","0","0","0","0","0","0","0","0","0","0","0","0","0","0","0","0","0","0","0","0","0","0","0","0","0","0","0","0","0","0","0","0","0","0","0","0"
"0x70736776de60","@!P1  FFMA R29, R0, R21, R5","0","0","0","0","0","0","0","0","32","0","-","-","-","0","0","0","0","0","0","0","0","0","-","0","0","0","0","0","0","0","0","0","0","0","0","0","0","0","0","0","0","0","0","0","0","0","0","0","0","0","0","0","0","0","0","0","0","0","0","0","0","0","0"
"0x70736776de70","@!P3  FFMA R52, R4, R21, R7","0","0","0","0","0","0","0","0","32","0","-","-","-","0","0","0","0","0","0","0","0","0","-","0","0","0","0","0","0","0","0","0","0","0","0","0","0","0","0","0","0","0","0","0","0","0","0","0","0","0","0","0","0","0","0","0","0","0","0","0","0","0","0"
"0x70736776de80","@!P4  FFMA R58, R6, R21, R9","0","0","0","0","0","0","0","0","32","0","-","-","-","0","0","0","0","0","0","0","0","0","-","0","0","0","0","0","0","0","0","0","0","0","0","0","0","0","0","0","0","0","0","0","0","0","0","0","0","0","0","0","0","0","0","0","0","0","0","0","0","0","0"
"0x70736776de90","@!P0  FFMA R46, R8, R21, R11","0","0","0","0","0","0","0","0","32","0","-","-","-","0","0","0","0","0","0","0","0","0","-","0","0","0","0","0","0","0","0","0","0","0","0","0","0","0","0","0","0","0","0","0","0","0","0","0","0","0","0","0","0","0","0","0","0","0","0","0","0","0","0"
"0x70736776dea0","@P2   BRA 0x70736776df90","4","2","4","16384","524288","0","32","0","32","0","-","-","-","0","0","0","0","0","0","0","0","0","-","0","0","0","0","0","0","0","0","0","0","0","0","0","0","0","0","4","0","0","0","0","0","0","0","0","0","0","0","0","0","0","0","0","2","0","0","0","0","0","0"
"0x70736776deb0","      ISETP.GE.AND P0, PT, R27, UR7, PT","1","0","1","16384","524288","524288","32","32","0","0","-","-","-","0","0","0","0","0","0","0","0","0","-","0","0","0","0","0","0","0","0","0","0","0","0","0","0","0","0","0","0","0","0","0","0","1","0","0","0","0","0","0","0","0","0","0","0","0","0","0","0","0","0"
"0x70736776dec0","      ISETP.GE.AND P1, PT, R16, UR6, PT","0","0","0","16384","524288","524288","32","32","0","0","-","-","-","0","0","0","0","0","0","0","0","0","-","0","0","0","0","0","0","0","0","0","0","0","0","0","0","0","0","0","0","0","0","0","0","0","0","0","0","0","0","0","0","0","0","0","0","0","0","0","0","0","0"
"0x70736776ded0","      ISETP.GE.AND P3, PT, R34, UR6, PT","0","0","0","16384","524288","524288","32","32","0","0","-","-","-","0","0","0","0","0","0","0","0","0","-","0","0","0","0","0","0","0","0","0","0","0","0","0","0","0","0","0","0","0","0","0","0","0","0","0","0","0","0","0","0","0","0","0","0","0","0","0","0","0","0"
"0x70736776dee0","      ISETP.GE.AND P4, PT, R33, UR6, PT","0","0","0","16384","524288","524288","32","32","0","0","-","-","-","0","0","0","0","0","0","0","0","0","-","0","0","0","0","0","0","0","0","0","0","0","0","0","0","0","0","0","0","0","0","0","0","0","0","0","0","0","0","0","0","0","0","0","0","0","0","0","0","0","0"
"0x70736776def0","      ISETP.GE.AND P5, PT, R32, UR6, PT","0","0","0","16384","524288","524288","32","32","0","0","-","-","-","0","0","0","0","0","0","0","0","0","-","0","0","0","0","0","0","0","0","0","0","0","0","0","0","0","0","0","0","0","0","0","0","0","0","0","0","0","0","0","0","0","0","0","0","0","0","0","0","0","0"
"0x70736776df00","      FMUL R0, R49, R22","0","0","0","16384","524288","524288","32","32","0","0","-","-","-","0","0","0","0","0","0","0","0","0","-","0","0","0","0","0","0","0","0","0","0","0","0","0","0","0","0","0","0","0","0","0","0","0","0","0","0","0","0","0","0","0","0","0","0","0","0","0","0","0","0"
"0x70736776df10","      FMUL R2, R39, R22","0","0","0","16384","524288","524288","32","32","0","0","-","-","-","0","0","0","0","0","0","0","0","0","-","0","0","0","0","0","0","0","0","0","0","0","0","0","0","0","0","0","0","0","0","0","0","0","0","0","0","0","0","0","0","0","0","0","0","0","0","0","0","0","0"
"0x70736776df20","      FMUL R4, R43, R22","1","0","1","16384","524288","524288","32","32","0","0","-","-","-","0","0","0","0","0","0","0","0","0","-","0","0","0","0","0","0","0","0","0","0","0","0","0","0","0","0","0","0","1","0","0","0","0","0","0","0","0","0","0","0","0","0","0","0","0","0","0","0","0","0"
"0x70736776df30","      FMUL R6, R67, R22","0","0","0","16384","524288","524288","32","32","0","0","-","-","-","0","0","0","0","0","0","0","0","0","-","0","0","0","0","0","0","0","0","0","0","0","0","0","0","0","0","0","0","0","0","0","0","0","0","0","0","0","0","0","0","0","0","0","0","0","0","0","0","0","0"
"0x70736776df40","@!P0  FSEL R49, R0, R49, !P1","5","1","5","16384","524288","524288","32","32","0","0","-","-","-","0","0","0","0","0","0","0","0","0","-","0","0","0","0","0","0","0","0","0","0","0","0","0","0","0","0","0","4","0","0","0","0","1","0","0","0","0","0","0","0","0","0","0","0","0","0","0","0","0","1"
"0x70736776df50","@!P0  FSEL R39, R2, R39, !P3","0","0","0","16384","524288","524288","32","32","0","0","-","-","-","0","0","0","0","0","0","0","0","0","-","0","0","0","0","0","0","0","0","0","0","0","0","0","0","0","0","0","0","0","0","0","0","0","0","0","0","0","0","0","0","0","0","0","0","0","0","0","0","0","0"
"0x70736776df60","@!P0  FSEL R43, R4, R43, !P4","0","0","0","16384","524288","524288","32","32","0","0","-","-","-","0","0","0","0","0","0","0","0","0","-","0","0","0","0","0","0","0","0","0","0","0","0","0","0","0","0","0","0","0","0","0","0","0","0","0","0","0","0","0","0","0","0","0","0","0","0","0","0","0","0"
"0x70736776df70","@!P0  FSEL R67, R6, R67, !P5","0","0","0","16384","524288","524288","32","32","0","0","-","-","-","0","0","0","0","0","0","0","0","0","-","0","0","0","0","0","0","0","0","0","0","0","0","0","0","0","0","0","0","0","0","0","0","0","0","0","0","0","0","0","0","0","0","0","0","0","0","0","0","0","0"
"0x70736776df80","      BRA 0x70736776e210","0","0","0","16384","524288","524288","32","32","0","0","-","-","-","0","0","0","0","0","0","0","0","0","-","0","0","0","0","0","0","0","0","0","0","0","0","0","0","0","0","0","0","0","0","0","0","0","0","0","0","0","0","0","0","0","0","0","0","0","0","0","0","0","0"
"0x70736776df90","      ISETP.GE.AND P1, PT, R16, UR6, PT","0","0","0","0","0","0","0","0","32","0","-","-","-","0","0","0","0","0","0","0","0","0","-","0","0","0","0","0","0","0","0","0","0","0","0","0","0","0","0","0","0","0","0","0","0","0","0","0","0","0","0","0","0","0","0","0","0","0","0","0","0","0","0"
"0x70736776dfa0","      ISETP.GE.AND P3, PT, R34, UR6, PT","0","0","0","0","0","0","0","0","32","0","-","-","-","0","0","0","0","0","0","0","0","0","-","0","0","0","0","0","0","0","0","0","0","0","0","0","0","0","0","0","0","0","0","0","0","0","0","0","0","0","0","0","0","0","0","0","0","0","0","0","0","0","0"
"0x70736776dfb0","      ISETP.GE.AND P4, PT, R33, UR6, PT","0","0","0","0","0","0","0","0","32","0","-","-","-","0","0","0","0","0","0","0","0","0","-","0","0","0","0","0","0","0","0","0","0","0","0","0","0","0","0","0","0","0","0","0","0","0","0","0","0","0","0","0","0","0","0","0","0","0","0","0","0","0","0"
"0x70736776dfc0","      ISETP.GE.AND P0, PT, R32, UR6, PT","0","0","0","0","0","0","0","0","32","0","-","-","-","0","0","0","0","0","0","0","0","0","-","0","0","0","0","0","0","0","0","0","0","0","0","0","0","0","0","0","0","0","0","0","0","0","0","0","0","0","0","0","0","0","0","0","0","0","0","0","0","0","0"
"0x70736776dfd0","      ISETP.GE.OR P1, PT, R27, UR7, P1","0","0","0","0","0","0","0","0","32","0","-","-","-","0","0","0","0","0","0","0","0","0","-","0","0","0","0","0","0","0","0","0","0","0","0","0","0","0","0","0","0","0","0","0","0","0","0","0","0","0","0","0","0","0","0","0","0","0","0","0","0","0","0"
"0x70736776dfe0","      ISETP.GE.OR P3, PT, R27, UR7, P3","0","0","0","0","0","0","0","0","32","0","-","-","-","0","0","0","0","0","0","0","0","0","-","0","0","0","0","0","0","0","0","0","0","0","0","0","0","0","0","0","0","0","0","0","0","0","0","0","0","0","0","0","0","0","0","0","0","0","0","0","0","0","0"
"0x70736776dff0","      ISETP.GE.OR P4, PT, R27, UR7, P4","0","0","0","0","0","0","0","0","32","0","-","-","-","0","0","0","0","0","0","0","0","0","-","0","0","0","0","0","0","0","0","0","0","0","0","0","0","0","0","0","0","0","0","0","0","0","0","0","0","0","0","0","0","0","0","0","0","0","0","0","0","0","0"
"0x70736776e000","      ISETP.GE.OR P0, PT, R27, UR7, P0","0","0","0","0","0","0","0","0","32","0","-","-","-","0","0","0","0","0","0","0","0","0","-","0","0","0","0","0","0","0","0","0","0","0","0","0","0","0","0","0","0","0","0","0","0","0","0","0","0","0","0","0","0","0","0","0","0","0","0","0","0","0","0"
"0x70736776e010","@!P1  SHF.R.S32.HI R13, RZ, 0x1f, R16","0","0","0","0","0","0","0","0","32","0","-","-","-","0","0","0","0","0","0","0","0","0","-","0","0","0","0","0","0","0","0","0","0","0","0","0","0","0","0","0","0","0","0","0","0","0","0","0","0","0","0","0","0","0","0","0","0","0","0","0","0","0","0"
"0x70736776e020","@!P3  SHF.R.S32.HI R7, RZ, 0x1f, R34","0","0","0","0","0","0","0","0","32","0","-","-","-","0","0","0","0","0","0","0","0","0","-","0","0","0","0","0","0","0","0","0","0","0","0","0","0","0","0","0","0","0","0","0","0","0","0","0","0","0","0","0","0","0","0","0","0","0","0","0","0","0","0"
"0x70736776e030","@!P1  MOV R12, R16","0","0","0","0","0","0","0","0","32","0","-","-","-","0","0","0","0","0","0","0","0","0","-","0","0","0","0","0","0","0","0","0","0","0","0","0","0","0","0","0","0","0","0","0","0","0","0","0","0","0","0","0","0","0","0","0","0","0","0","0","0","0","0"
"0x70736776e040","@!P3  MOV R6, R34","0","0","0","0","0","0","0","0","32","0","-","-","-","0","0","0","0","0","0","0","0","0","-","0","0","0","0","0","0","0","0","0","0","0","0","0","0","0","0","0","0","0","0","0","0","0","0","0","0","0","0","0","0","0","0","0","0","0","0","0","0","0","0"
"0x70736776e050","@!P4  SHF.R.S32.HI R5, RZ, 0x1f, R33","0","0","0","0","0","0","0","0","32","0","-","-","-","0","0","0","0","0","0","0","0","0","-","0","0","0","0","0","0","0","0","0","0","0","0","0","0","0","0","0","0","0","0","0","0","0","0","0","0","0","0","0","0","0","0","0","0","0","0","0","0","0","0"
"0x70736776e060","@!P4  MOV R4, R33","0","0","0","0","0","0","0","0","32","0","-","-","-","0","0","0","0","0","0","0","0","0","-","0","0","0","0","0","0","0","0","0","0","0","0","0","0","0","0","0","0","0","0","0","0","0","0","0","0","0","0","0","0","0","0","0","0","0","0","0","0","0","0"
"0x70736776e070","@!P0  SHF.R.S32.HI R3, RZ, 0x1f, R32","0","0","0","0","0","0","0","0","32","0","-","-","-","0","0","0","0","0","0","0","0","0","-","0","0","0","0","0","0","0","0","0","0","0","0","0","0","0","0","0","0","0","0","0","0","0","0","0","0","0","0","0","0","0","0","0","0","0","0","0","0","0","0"
"0x70736776e080","@!P1  IADD.64 R12, R12, R14","0","0","0","0","0","0","0","0","32","0","-","-","-","0","0","0","0","0","0","0","0","0","-","0","0","0","0","0","0","0","0","0","0","0","0","0","0","0","0","0","0","0","0","0","0","0","0","0","0","0","0","0","0","0","0","0","0","0","0","0","0","0","0"
"0x70736776e090","@!P3  IADD.64 R10, R6, R14","0","0","0","0","0","0","0","0","32","0","-","-","-","0","0","0","0","0","0","0","0","0","-","0","0","0","0","0","0","0","0","0","0","0","0","0","0","0","0","0","0","0","0","0","0","0","0","0","0","0","0","0","0","0","0","0","0","0","0","0","0","0","0"
"0x70736776e0a0","@!P0  MOV R2, R32","0","0","0","0","0","0","0","0","32","0","-","-","-","0","0","0","0","0","0","0","0","0","-","0","0","0","0","0","0","0","0","0","0","0","0","0","0","0","0","0","0","0","0","0","0","0","0","0","0","0","0","0","0","0","0","0","0","0","0","0","0","0","0"
"0x70736776e0b0","@!P4  IADD.64 R8, R4, R14","0","0","0","0","0","0","0","0","32","0","-","-","-","0","0","0","0","0","0","0","0","0","-","0","0","0","0","0","0","0","0","0","0","0","0","0","0","0","0","0","0","0","0","0","0","0","0","0","0","0","0","0","0","0","0","0","0","0","0","0","0","0","0"
"0x70736776e0c0","@!P1  LEA R6, P5, R12, UR26, 0x2","0","0","0","0","0","0","0","0","32","0","-","-","-","0","0","0","0","0","0","0","0","0","-","0","0","0","0","0","0","0","0","0","0","0","0","0","0","0","0","0","0","0","0","0","0","0","0","0","0","0","0","0","0","0","0","0","0","0","0","0","0","0","0"
"0x70736776e0d0","@!P0  IADD.64 R14, R2, R14","0","0","0","0","0","0","0","0","32","0","-","-","-","0","0","0","0","0","0","0","0","0","-","0","0","0","0","0","0","0","0","0","0","0","0","0","0","0","0","0","0","0","0","0","0","0","0","0","0","0","0","0","0","0","0","0","0","0","0","0","0","0","0"
"0x70736776e0e0","@!P3  LEA R4, P6, R10, UR26, 0x2","0","0","0","0","0","0","0","0","32","0","-","-","-","0","0","0","0","0","0","0","0","0","-","0","0","0","0","0","0","0","0","0","0","0","0","0","0","0","0","0","0","0","0","0","0","0","0","0","0","0","0","0","0","0","0","0","0","0","0","0","0","0","0"
"0x70736776e0f0","@!P1  LEA.HI.X R7, R12, UR27, R13, 0x2, P5","0","0","0","0","0","0","0","0","32","0","-","-","-","0","0","0","0","0","0","0","0","0","-","0","0","0","0","0","0","0","0","0","0","0","0","0","0","0","0","0","0","0","0","0","0","0","0","0","0","0","0","0","0","0","0","0","0","0","0","0","0","0","0"
"0x70736776e100","@!P3  LEA.HI.X R5, R10, UR27, R11, 0x2, P6","0","0","0","0","0","0","0","0","32","0","-","-","-","0","0","0","0","0","0","0","0","0","-","0","0","0","0","0","0","0","0","0","0","0","0","0","0","0","0","0","0","0","0","0","0","0","0","0","0","0","0","0","0","0","0","0","0","0","0","0","0","0","0"
"0x70736776e110","@!P4  LEA R10, P5, R8, UR26, 0x2","0","0","0","0","0","0","0","0","32","0","-","-","-","0","0","0","0","0","0","0","0","0","-","0","0","0","0","0","0","0","0","0","0","0","0","0","0","0","0","0","0","0","0","0","0","0","0","0","0","0","0","0","0","0","0","0","0","0","0","0","0","0","0"
"0x70736776e120","@!P1  LD.E R6, desc[UR24][R6.64]","0","0","0","0","0","0","0","0","32","0","","","","0","0","0","0","0","0","0","0","0","","0","0","0","0","0","0","0","0","0","0","0","0","0","0","0","0","0","0","0","0","0","0","0","0","0","0","0","0","0","0","0","0","0","0","0","0","0","0","0","0"
"0x70736776e130","@!P0  LEA R2, P6, R14, UR26, 0x2","0","0","0","0","0","0","0","0","32","0","-","-","-","0","0","0","0","0","0","0","0","0","-","0","0","0","0","0","0","0","0","0","0","0","0","0","0","0","0","0","0","0","0","0","0","0","0","0","0","0","0","0","0","0","0","0","0","0","0","0","0","0","0"
"0x70736776e140","@!P4  LEA.HI.X R11, R8, UR27, R9, 0x2, P5","0","0","0","0","0","0","0","0","32","0","-","-","-","0","0","0","0","0","0","0","0","0","-","0","0","0","0","0","0","0","0","0","0","0","0","0","0","0","0","0","0","0","0","0","0","0","0","0","0","0","0","0","0","0","0","0","0","0","0","0","0","0","0"
"0x70736776e150","@!P3  LD.E R4, desc[UR24][R4.64]","0","0","0","0","0","0","0","0","32","0","","","","0","0","0","0","0","0","0","0","0","","0","0","0","0","0","0","0","0","0","0","0","0","0","0","0","0","0","0","0","0","0","0","0","0","0","0","0","0","0","0","0","0","0","0","0","0","0","0","0","0"
"0x70736776e160","@!P0  LEA.HI.X R3, R14, UR27, R15, 0x2, P6","0","0","0","0","0","0","0","0","32","0","-","-","-","0","0","0","0","0","0","0","0","0","-","0","0","0","0","0","0","0","0","0","0","0","0","0","0","0","0","0","0","0","0","0","0","0","0","0","0","0","0","0","0","0","0","0","0","0","0","0","0","0","0"
"0x70736776e170","@!P4  LD.E R10, desc[UR24][R10.64]","0","0","0","0","0","0","0","0","32","0","","","","0","0","0","0","0","0","0","0","0","","0","0","0","0","0","0","0","0","0","0","0","0","0","0","0","0","0","0","0","0","0","0","0","0","0","0","0","0","0","0","0","0","0","0","0","0","0","0","0","0"
"0x70736776e180","@!P0  LD.E R2, desc[UR24][R2.64]","0","0","0","0","0","0","0","0","32","0","","","","0","0","0","0","0","0","0","0","0","","0","0","0","0","0","0","0","0","0","0","0","0","0","0","0","0","0","0","0","0","0","0","0","0","0","0","0","0","0","0","0","0","0","0","0","0","0","0","0","0"
"0x70736776e190","@!P1  FMUL R9, R49, R22","0","0","0","0","0","0","0","0","32","0","-","-","-","0","0","0","0","0","0","0","0","0","-","0","0","0","0","0","0","0","0","0","0","0","0","0","0","0","0","0","0","0","0","0","0","0","0","0","0","0","0","0","0","0","0","0","0","0","0","0","0","0","0"
"0x70736776e1a0","@!P3  FMUL R13, R39, R22","0","0","0","0","0","0","0","0","32","0","-","-","-","0","0","0","0","0","0","0","0","0","-","0","0","0","0","0","0","0","0","0","0","0","0","0","0","0","0","0","0","0","0","0","0","0","0","0","0","0","0","0","0","0","0","0","0","0","0","0","0","0","0"
"0x70736776e1b0","@!P4  FMUL R15, R43, R22","0","0","0","0","0","0","0","0","32","0","-","-","-","0","0","0","0","0","0","0","0","0","-","0","0","0","0","0","0","0","0","0","0","0","0","0","0","0","0","0","0","0","0","0","0","0","0","0","0","0","0","0","0","0","0","0","0","0","0","0","0","0","0"
"0x70736776e1c0","@!P0  FMUL R23, R67, R22","0","0","0","0","0","0","0","0","32","0","-","-","-","0","0","0","0","0","0","0","0","0","-","0","0","0","0","0","0","0","0","0","0","0","0","0","0","0","0","0","0","0","0","0","0","0","0","0","0","0","0","0","0","0","0","0","0","0","0","0","0","0","0"
"0x70736776e1d0","@!P1  FFMA R49, R6, R21, R9","0","0","0","0","0","0","0","0","32","0","-","-","-","0","0","0","0","0","0","0","0","0","-","0","0","0","0","0","0","0","0","0","0","0","0","0","0","0","0","0","0","0","0","0","0","0","0","0","0","0","0","0","0","0","0","0","0","0","0","0","0","0","0"
"0x70736776e1e0","@!P3  FFMA R39, R4, R21, R13","0","0","0","0","0","0","0","0","32","0","-","-","-","0","0","0","0","0","0","0","0","0","-","0","0","0","0","0","0","0","0","0","0","0","0","0","0","0","0","0","0","0","0","0","0","0","0","0","0","0","0","0","0","0","0","0","0","0","0","0","0","0","0"
"0x70736776e1f0","@!P4  FFMA R43, R10, R21, R15","0","0","0","0","0","0","0","0","32","0","-","-","-","0","0","0","0","0","0","0","0","0","-","0","0","0","0","0","0","0","0","0","0","0","0","0","0","0","0","0","0","0","0","0","0","0","0","0","0","0","0","0","0","0","0","0","0","0","0","0","0","0","0"
"0x70736776e200","@!P0  FFMA R67, R2, R21, R23","0","0","0","0","0","0","0","0","32","0","-","-","-","0","0","0","0","0","0","0","0","0","-","0","0","0","0","0","0","0","0","0","0","0","0","0","0","0","0","0","0","0","0","0","0","0","0","0","0","0","0","0","0","0","0","0","0","0","0","0","0","0","0"
"0x70736776e210","      IADD3 R26, PT, PT, R24, 0x2, RZ","11","2","11","16384","524288","524288","32","32","0","0","-","-","-","0","0","0","0","0","0","0","0","0","-","0","0","0","0","0","0","0","1","0","0","0","0","0","0","0","0","8","2","0","0","0","0","0","0","0","0","0","0","0","0","0","0","0","2","0","0","0","0","0","0"
"0x70736776e220","      IMAD.WIDE.U32 R14, R26, UR5, RZ","2","0","2","16384","524288","524288","32","32","0","0","-","-","-","0","0","0","0","0","0","0","0","0","-","0","0","0","0","0","0","0","0","1","0","0","0","1","0","0","0","0","0","0","0","0","0","0","0","0","0","0","0","0","0","0","0","0","0","0","0","0","0","0","0"
"0x70736776e230","      IMAD R15, R26, UR4, R15","8","1","8","16384","524288","524288","32","32","0","0","-","-","-","0","0","0","0","0","0","0","0","0","-","0","0","0","0","0","0","0","0","2","0","0","0","3","0","0","0","0","1","0","0","0","0","2","0","0","0","0","0","0","1","0","0","0","0","0","0","0","0","0","0"
"0x70736776e240","@P2   BRA 0x70736776e330","1","0","1","16384","524288","0","32","0","32","0","-","-","-","0","0","0","0","0","0","0","0","0","-","0","0","0","0","0","0","0","0","1","0","0","0","0","0","0","0","0","0","0","0","0","0","0","0","0","0","0","0","0","0","0","0","0","0","0","0","0","0","0","0"
"0x70736776e250","      ISETP.GE.AND P0, PT, R26, UR7, PT","5","0","5","16384","524288","524288","32","32","0","0","-","-","-","0","0","0","0","0","0","0","0","0","-","0","0","0","0","0","0","0","0","2","0","0","0","0","0","0","0","0","2","1","0","0","0","0","0","0","0","0","0","0","0","0","0","0","0","0","0","0","0","0","0"
"0x70736776e260","      ISETP.GE.AND P1, PT, R18, UR6, PT","1","0","1","16384","524288","524288","32","32","0","0","-","-","-","0","0","0","0","0","0","0","0","0","-","0","0","0","0","0","0","0","0","0","0","0","0","0","0","0","0","0","0","1","0","0","0","0","0","0","0","0","0","0","0","0","0","0","0","0","0","0","0","0","0"
"0x70736776e270","      ISETP.GE.AND P3, PT, R20, UR6, PT","1","0","1","16384","524288","524288","32","32","0","0","-","-","-","0","0","0","0","0","0","0","0","0","-","0","0","0","0","0","0","0","0","0","0","0","0","0","0","0","0","0","0","1","0","0","0","0","0","0","0","0","0","0","0","0","0","0","0","0","0","0","0","0","0"
"0x70736776e280","      ISETP.GE.AND P4, PT, R37, UR6, PT","0","0","0","16384","524288","524288","32","32","0","0","-","-","-","0","0","0","0","0","0","0","0","0","-","0","0","0","0","0","0","0","0","0","0","0","0","0","0","0","0","0","0","0","0","0","0","0","0","0","0","0","0","0","0","0","0","0","0","0","0","0","0","0","0"
"0x70736776e290","      ISETP.GE.AND P5, PT, R35, UR6, PT","0","0","0","16384","524288","524288","32","32","0","0","-","-","-","0","0","0","0","0","0","0","0","0","-","0","0","0","0","0","0","0","0","0","0","0","0","0","0","0","0","0","0","0","0","0","0","0","0","0","0","0","0","0","0","0","0","0","0","0","0","0","0","0","0"
"0x70736776e2a0","      FMUL R3, R30, R22","0","0","0","16384","524288","524288","32","32","0","0","-","-","-","0","0","0","0","0","0","0","0","0","-","0","0","0","0","0","0","0","0","0","0","0","0","0","0","0","0","0","0","0","0","0","0","0","0","0","0","0","0","0","0","0","0","0","0","0","0","0","0","0","0"
"0x70736776e2b0","      FMUL R0, R53, R22","0","0","0","16384","524288","524288","32","32","0","0","-","-","-","0","0","0","0","0","0","0","0","0","-","0","0","0","0","0","0","0","0","0","0","0","0","0","0","0","0","0","0","0","0","0","0","0","0","0","0","0","0","0","0","0","0","0","0","0","0","0","0","0","0"
"0x70736776e2c0","      FMUL R2, R59, R22","0","0","0","16384","524288","524288","32","32","0","0","-","-","-","0","0","0","0","0","0","0","0","0","-","0","0","0","0","0","0","0","0","0","0","0","0","0","0","0","0","0","0","0","0","0","0","0","0","0","0","0","0","0","0","0","0","0","0","0","0","0","0","0","0"
"0x70736776e2d0","      FMUL R5, R44, R22","0","0","0","16384","524288","524288","32","32","0","0","-","-","-","0","0","0","0","0","0","0","0","0","-","0","0","0","0","0","0","0","0","0","0","0","0","0","0","0","0","0","0","0","0","0","0","0","0","0","0","0","0","0","0","0","0","0","0","0","0","0","0","0","0"
"0x70736776e2e0","@!P0  FSEL R30, R3, R30, !P1","5","0","5","16384","524288","524288","32","32","0","0","-","-","-","0","0","0","0","0","0","0","0","0","-","0","0","0","0","0","0","0","0","0","0","0","0","0","0","0","0","0","5","0","0","0","0","0","0","0","0","0","0","0","0","0","0","0","0","0","0","0","0","0","0"
"0x70736776e2f0","@!P0  FSEL R53, R0, R53, !P3","0","0","0","16384","524288","524288","32","32","0","0","-","-","-","0","0","0","0","0","0","0","0","0","-","0","0","0","0","0","0","0","0","0","0","0","0","0","0","0","0","0","0","0","0","0","0","0","0","0","0","0","0","0","0","0","0","0","0","0","0","0","0","0","0"
"0x70736776e300","@!P0  FSEL R59, R2, R59, !P4","2","0","2","16384","524288","524288","32","32","0","0","-","-","-","0","0","0","0","0","0","0","0","0","-","0","0","0","0","0","0","0","0","0","0","0","0","0","0","0","0","0","0","2","0","0","0","0","0","0","0","0","0","0","0","0","0","0","0","0","0","0","0","0","0"
"0x70736776e310","@!P0  FSEL R44, R5, R44, !P5","0","0","0","16384","524288","524288","32","32","0","0","-","-","-","0","0","0","0","0","0","0","0","0","-","0","0","0","0","0","0","0","0","0","0","0","0","0","0","0","0","0","0","0","0","0","0","0","0","0","0","0","0","0","0","0","0","0","0","0","0","0","0","0","0"
"0x70736776e320","      BRA 0x70736776e4c0","0","0","0","16384","524288","524288","32","32","0","0","-","-","-","0","0","0","0","0","0","0","0","0","-","0","0","0","0","0","0","0","0","0","0","0","0","0","0","0","0","0","0","0","0","0","0","0","0","0","0","0","0","0","0","0","0","0","0","0","0","0","0","0","0"
"0x70736776e330","      SHF.R.S32.HI R5, RZ, 0x1f, R18","3","0","3","0","0","0","0","0","32","0","-","-","-","0","0","0","0","0","0","0","0","0","-","0","0","0","0","0","0","0","1","0","0","0","0","0","0","0","0","0","0","1","0","0","0","1","0","0","0","0","0","0","0","0","0","0","0","0","0","0","0","0","0"
"0x70736776e340","      MOV R4, R18","0","0","0","0","0","0","0","0","32","0","-","-","-","0","0","0","0","0","0","0","0","0","-","0","0","0","0","0","0","0","0","0","0","0","0","0","0","0","0","0","0","0","0","0","0","0","0","0","0","0","0","0","0","0","0","0","0","0","0","0","0","0","0"
"0x70736776e350","      ISETP.GE.AND P1, PT, R18, UR6, PT","0","0","0","0","0","0","0","0","32","0","-","-","-","0","0","0","0","0","0","0","0","0","-","0","0","0","0","0","0","0","0","0","0","0","0","0","0","0","0","0","0","0","0","0","0","0","0","0","0","0","0","0","0","0","0","0","0","0","0","0","0","0","0"
"0x70736776e360","      ISETP.GE.AND P3, PT, R20, UR6, PT","0","0","0","0","0","0","0","0","32","0","-","-","-","0","0","0","0","0","0","0","0","0","-","0","0","0","0","0","0","0","0","0","0","0","0","0","0","0","0","0","0","0","0","0","0","0","0","0","0","0","0","0","0","0","0","0","0","0","0","0","0","0","0"
"0x70736776e370","      ISETP.GE.AND P4, PT, R37, UR6, PT","0","0","0","0","0","0","0","0","32","0","-","-","-","0","0","0","0","0","0","0","0","0","-","0","0","0","0","0","0","0","0","0","0","0","0","0","0","0","0","0","0","0","0","0","0","0","0","0","0","0","0","0","0","0","0","0","0","0","0","0","0","0","0"
"0x70736776e380","      ISETP.GE.AND P0, PT, R35, UR6, PT","0","0","0","0","0","0","0","0","32","0","-","-","-","0","0","0","0","0","0","0","0","0","-","0","0","0","0","0","0","0","0","0","0","0","0","0","0","0","0","0","0","0","0","0","0","0","0","0","0","0","0","0","0","0","0","0","0","0","0","0","0","0","0"
"0x70736776e390","      IADD.64 R4, R4, R14","0","0","0","0","0","0","0","0","32","0","-","-","-","0","0","0","0","0","0","0","0","0","-","0","0","0","0","0","0","0","0","0","0","0","0","0","0","0","0","0","0","0","0","0","0","0","0","0","0","0","0","0","0","0","0","0","0","0","0","0","0","0","0"
"0x70736776e3a0","      ISETP.GE.OR P1, PT, R26, UR7, P1","0","0","0","0","0","0","0","0","32","0","-","-","-","0","0","0","0","0","0","0","0","0","-","0","0","0","0","0","0","0","0","0","0","0","0","0","0","0","0","0","0","0","0","0","0","0","0","0","0","0","0","0","0","0","0","0","0","0","0","0","0","0","0"
"0x70736776e3b0","      ISETP.GE.OR P3, PT, R26, UR7, P3","0","0","0","0","0","0","0","0","32","0","-","-","-","0","0","0","0","0","0","0","0","0","-","0","0","0","0","0","0","0","0","0","0","0","0","0","0","0","0","0","0","0","0","0","0","0","0","0","0","0","0","0","0","0","0","0","0","0","0","0","0","0","0"
"0x70736776e3c0","      ISETP.GE.OR P4, PT, R26, UR7, P4","0","0","0","0","0","0","0","0","32","0","-","-","-","0","0","0","0","0","0","0","0","0","-","0","0","0","0","0","0","0","0","0","0","0","0","0","0","0","0","0","0","0","0","0","0","0","0","0","0","0","0","0","0","0","0","0","0","0","0","0","0","0","0"
"0x70736776e3d0","      ISETP.GE.OR P0, PT, R26, UR7, P0","0","0","0","0","0","0","0","0","32","0","-","-","-","0","0","0","0","0","0","0","0","0","-","0","0","0","0","0","0","0","0","0","0","0","0","0","0","0","0","0","0","0","0","0","0","0","0","0","0","0","0","0","0","0","0","0","0","0","0","0","0","0","0"
"0x70736776e3e0","      LEA R2, P5, R4, UR26, 0x2","0","0","0","0","0","0","0","0","32","0","-","-","-","0","0","0","0","0","0","0","0","0","-","0","0","0","0","0","0","0","0","0","0","0","0","0","0","0","0","0","0","0","0","0","0","0","0","0","0","0","0","0","0","0","0","0","0","0","0","0","0","0","0"
"0x70736776e3f0","      LEA.HI.X R3, R4, UR27, R5, 0x2, P5","0","0","0","0","0","0","0","0","32","0","-","-","-","0","0","0","0","0","0","0","0","0","-","0","0","0","0","0","0","0","0","0","0","0","0","0","0","0","0","0","0","0","0","0","0","0","0","0","0","0","0","0","0","0","0","0","0","0","0","0","0","0","0"
"0x70736776e400","@!P1  LD.E R0, desc[UR24][R2.64]","0","0","0","0","0","0","0","0","32","0","","","","0","0","0","0","0","0","0","0","0","","0","0","0","0","0","0","0","0","0","0","0","0","0","0","0","0","0","0","0","0","0","0","0","0","0","0","0","0","0","0","0","0","0","0","0","0","0","0","0","0"
"0x70736776e410","@!P3  LD.E R4, desc[UR24][R2.64+0x4]","0","0","0","0","0","0","0","0","32","0","","","","0","0","0","0","0","0","0","0","0","","0","0","0","0","0","0","0","0","0","0","0","0","0","0","0","0","0","0","0","0","0","0","0","0","0","0","0","0","0","0","0","0","0","0","0","0","0","0","0","0"
"0x70736776e420","@!P4  LD.E R6, desc[UR24][R2.64+0x8]","0","0","0","0","0","0","0","0","32","0","","","","0","0","0","0","0","0","0","0","0","","0","0","0","0","0","0","0","0","0","0","0","0","0","0","0","0","0","0","0","0","0","0","0","0","0","0","0","0","0","0","0","0","0","0","0","0","0","0","0","0"
"0x70736776e430","@!P0  LD.E R8, desc[UR24][R2.64+0xc]","0","0","0","0","0","0","0","0","32","0","","","","0","0","0","0","0","0","0","0","0","","0","0","0","0","0","0","0","0","0","0","0","0","0","0","0","0","0","0","0","0","0","0","0","0","0","0","0","0","0","0","0","0","0","0","0","0","0","0","0","0"
"0x70736776e440","@!P1  FMUL R5, R30, R22","0","0","0","0","0","0","0","0","32","0","-","-","-","0","0","0","0","0","0","0","0","0","-","0","0","0","0","0","0","0","0","0","0","0","0","0","0","0","0","0","0","0","0","0","0","0","0","0","0","0","0","0","0","0","0","0","0","0","0","0","0","0","0"
"0x70736776e450","@!P3  FMUL R7, R53, R22","0","0","0","0","0","0","0","0","32","0","-","-","-","0","0","0","0","0","0","0","0","0","-","0","0","0","0","0","0","0","0","0","0","0","0","0","0","0","0","0","0","0","0","0","0","0","0","0","0","0","0","0","0","0","0","0","0","0","0","0","0","0","0"
"0x70736776e460","@!P4  FMUL R9, R59, R22","0","0","0","0","0","0","0","0","32","0","-","-","-","0","0","0","0","0","0","0","0","0","-","0","0","0","0","0","0","0","0","0","0","0","0","0","0","0","0","0","0","0","0","0","0","0","0","0","0","0","0","0","0","0","0","0","0","0","0","0","0","0","0"
"0x70736776e470","@!P0  FMUL R11, R44, R22","0","0","0","0","0","0","0","0","32","0","-","-","-","0","0","0","0","0","0","0","0","0","-","0","0","0","0","0","0","0","0","0","0","0","0","0","0","0","0","0","0","0","0","0","0","0","0","0","0","0","0","0","0","0","0","0","0","0","0","0","0","0","0"
"0x70736776e480","@!P1  FFMA R30, R0, R21, R5","0","0","0","0","0","0","0","0","32","0","-","-","-","0","0","0","0","0","0","0","0","0","-","0","0","0","0","0","0","0","0","0","0","0","0","0","0","0","0","0","0","0","0","0","0","0","0","0","0","0","0","0","0","0","0","0","0","0","0","0","0","0","0"
"0x70736776e490","@!P3  FFMA R53, R4, R21, R7","0","0","0","0","0","0","0","0","32","0","-","-","-","0","0","0","0","0","0","0","0","0","-","0","0","0","0","0","0","0","0","0","0","0","0","0","0","0","0","0","0","0","0","0","0","0","0","0","0","0","0","0","0","0","0","0","0","0","0","0","0","0","0"
"0x70736776e4a0","@!P4  FFMA R59, R6, R21, R9","0","0","0","0","0","0","0","0","32","0","-","-","-","0","0","0","0","0","0","0","0","0","-","0","0","0","0","0","0","0","0","0","0","0","0","0","0","0","0","0","0","0","0","0","0","0","0","0","0","0","0","0","0","0","0","0","0","0","0","0","0","0","0"
"0x70736776e4b0","@!P0  FFMA R44, R8, R21, R11","0","0","0","0","0","0","0","0","32","0","-","-","-","0","0","0","0","0","0","0","0","0","-","0","0","0","0","0","0","0","0","0","0","0","0","0","0","0","0","0","0","0","0","0","0","0","0","0","0","0","0","0","0","0","0","0","0","0","0","0","0","0","0"
"0x70736776e4c0","@P2   BRA 0x70736776e5b0","6","0","6","16384","524288","0","32","0","32","0","-","-","-","0","0","0","0","0","0","0","0","0","-","0","0","0","0","0","0","0","2","1","0","0","0","0","0","0","0","2","1","0","0","0","0","0","0","0","0","0","0","0","0","0","0","0","0","0","0","0","0","0","0"
"0x70736776e4d0","      ISETP.GE.AND P0, PT, R26, UR7, PT","3","0","3","16384","524288","524288","32","32","0","0","-","-","-","0","0","0","0","0","0","0","0","0","-","0","0","0","0","0","0","0","0","0","0","0","0","0","0","0","0","0","1","0","0","0","0","2","0","0","0","0","0","0","0","0","0","0","0","0","0","0","0","0","0"
"0x70736776e4e0","      ISETP.GE.AND P1, PT, R16, UR6, PT","0","0","0","16384","524288","524288","32","32","0","0","-","-","-","0","0","0","0","0","0","0","0","0","-","0","0","0","0","0","0","0","0","0","0","0","0","0","0","0","0","0","0","0","0","0","0","0","0","0","0","0","0","0","0","0","0","0","0","0","0","0","0","0","0"
"0x70736776e4f0","      ISETP.GE.AND P3, PT, R34, UR6, PT","0","0","0","16384","524288","524288","32","32","0","0","-","-","-","0","0","0","0","0","0","0","0","0","-","0","0","0","0","0","0","0","0","0","0","0","0","0","0","0","0","0","0","0","0","0","0","0","0","0","0","0","0","0","0","0","0","0","0","0","0","0","0","0","0"
"0x70736776e500","      ISETP.GE.AND P4, PT, R33, UR6, PT","0","0","0","16384","524288","524288","32","32","0","0","-","-","-","0","0","0","0","0","0","0","0","0","-","0","0","0","0","0","0","0","0","0","0","0","0","0","0","0","0","0","0","0","0","0","0","0","0","0","0","0","0","0","0","0","0","0","0","0","0","0","0","0","0"
"0x70736776e510","      ISETP.GE.AND P5, PT, R32, UR6, PT","0","0","0","16384","524288","524288","32","32","0","0","-","-","-","0","0","0","0","0","0","0","0","0","-","0","0","0","0","0","0","0","0","0","0","0","0","0","0","0","0","0","0","0","0","0","0","0","0","0","0","0","0","0","0","0","0","0","0","0","0","0","0","0","0"
"0x70736776e520","      FMUL R3, R50, R22","0","0","0","16384","524288","524288","32","32","0","0","-","-","-","0","0","0","0","0","0","0","0","0","-","0","0","0","0","0","0","0","0","0","0","0","0","0","0","0","0","0","0","0","0","0","0","0","0","0","0","0","0","0","0","0","0","0","0","0","0","0","0","0","0"
"0x70736776e530","      FMUL R5, R38, R22","0","0","0","16384","524288","524288","32","32","0","0","-","-","-","0","0","0","0","0","0","0","0","0","-","0","0","0","0","0","0","0","0","0","0","0","0","0","0","0","0","0","0","0","0","0","0","0","0","0","0","0","0","0","0","0","0","0","0","0","0","0","0","0","0"
"0x70736776e540","      FMUL R7, R40, R22","1","0","1","16384","524288","524288","32","32","0","0","-","-","-","0","0","0","0","0","0","0","0","0","-","0","0","0","0","0","0","0","0","1","0","0","0","0","0","0","0","0","0","0","0","0","0","0","0","0","0","0","0","0","0","0","0","0","0","0","0","0","0","0","0"
"0x70736776e550","      FMUL R9, R68, R22","0","0","0","16384","524288","524288","32","32","0","0","-","-","-","0","0","0","0","0","0","0","0","0","-","0","0","0","0","0","0","0","0","0","0","0","0","0","0","0","0","0","0","0","0","0","0","0","0","0","0","0","0","0","0","0","0","0","0","0","0","0","0","0","0"
"0x70736776e560","@!P0  FSEL R50, R3, R50, !P1","1","0","1","16384","524288","524288","32","32","0","0","-","-","-","0","0","0","0","0","0","0","0","0","-","0","0","0","0","0","0","0","0","0","0","0","0","0","0","0","0","0","1","0","0","0","0","0","0","0","0","0","0","0","0","0","0","0","0","0","0","0","0","0","0"
"0x70736776e570","@!P0  FSEL R38, R5, R38, !P3","0","0","0","16384","524288","524288","32","32","0","0","-","-","-","0","0","0","0","0","0","0","0","0","-","0","0","0","0","0","0","0","0","0","0","0","0","0","0","0","0","0","0","0","0","0","0","0","0","0","0","0","0","0","0","0","0","0","0","0","0","0","0","0","0"
"0x70736776e580","@!P0  FSEL R40, R7, R40, !P4","0","0","0","16384","524288","524288","32","32","0","0","-","-","-","0","0","0","0","0","0","0","0","0","-","0","0","0","0","0","0","0","0","0","0","0","0","0","0","0","0","0","0","0","0","0","0","0","0","0","0","0","0","0","0","0","0","0","0","0","0","0","0","0","0"
"0x70736776e590","@!P0  FSEL R68, R9, R68, !P5","0","0","0","16384","524288","524288","32","32","0","0","-","-","-","0","0","0","0","0","0","0","0","0","-","0","0","0","0","0","0","0","0","0","0","0","0","0","0","0","0","0","0","0","0","0","0","0","0","0","0","0","0","0","0","0","0","0","0","0","0","0","0","0","0"
"0x70736776e5a0","      BRA 0x70736776e830","1","0","1","16384","524288","524288","32","32","0","0","-","-","-","0","0","0","0","0","0","0","0","0","-","0","0","0","0","0","0","0","0","0","0","0","0","0","0","0","0","0","0","1","0","0","0","0","0","0","0","0","0","0","0","0","0","0","0","0","0","0","0","0","0"
"0x70736776e5b0","      ISETP.GE.AND P1, PT, R16, UR6, PT","1","0","1","0","0","0","0","0","32","0","-","-","-","0","0","0","0","0","0","0","0","0","-","0","0","0","0","0","0","0","0","0","0","0","0","0","0","0","0","0","0","1","0","0","0","0","0","0","0","0","0","0","0","0","0","0","0","0","0","0","0","0","0"
"0x70736776e5c0","      ISETP.GE.AND P3, PT, R34, UR6, PT","0","0","0","0","0","0","0","0","32","0","-","-","-","0","0","0","0","0","0","0","0","0","-","0","0","0","0","0","0","0","0","0","0","0","0","0","0","0","0","0","0","0","0","0","0","0","0","0","0","0","0","0","0","0","0","0","0","0","0","0","0","0","0"
"0x70736776e5d0","      ISETP.GE.AND P4, PT, R33, UR6, PT","0","0","0","0","0","0","0","0","32","0","-","-","-","0","0","0","0","0","0","0","0","0","-","0","0","0","0","0","0","0","0","0","0","0","0","0","0","0","0","0","0","0","0","0","0","0","0","0","0","0","0","0","0","0","0","0","0","0","0","0","0","0","0"
"0x70736776e5e0","      ISETP.GE.AND P0, PT, R32, UR6, PT","0","0","0","0","0","0","0","0","32","0","-","-","-","0","0","0","0","0","0","0","0","0","-","0","0","0","0","0","0","0","0","0","0","0","0","0","0","0","0","0","0","0","0","0","0","0","0","0","0","0","0","0","0","0","0","0","0","0","0","0","0","0","0"
"0x70736776e5f0","      ISETP.GE.OR P1, PT, R26, UR7, P1","0","0","0","0","0","0","0","0","32","0","-","-","-","0","0","0","0","0","0","0","0","0","-","0","0","0","0","0","0","0","0","0","0","0","0","0","0","0","0","0","0","0","0","0","0","0","0","0","0","0","0","0","0","0","0","0","0","0","0","0","0","0","0"
"0x70736776e600","      ISETP.GE.OR P3, PT, R26, UR7, P3","0","0","0","0","0","0","0","0","32","0","-","-","-","0","0","0","0","0","0","0","0","0","-","0","0","0","0","0","0","0","0","0","0","0","0","0","0","0","0","0","0","0","0","0","0","0","0","0","0","0","0","0","0","0","0","0","0","0","0","0","0","0","0"
"0x70736776e610","      ISETP.GE.OR P4, PT, R26, UR7, P4","0","0","0","0","0","0","0","0","32","0","-","-","-","0","0","0","0","0","0","0","0","0","-","0","0","0","0","0","0","0","0","0","0","0","0","0","0","0","0","0","0","0","0","0","0","0","0","0","0","0","0","0","0","0","0","0","0","0","0","0","0","0","0"
"0x70736776e620","      ISETP.GE.OR P0, PT, R26, UR7, P0","0","0","0","0","0","0","0","0","32","0","-","-","-","0","0","0","0","0","0","0","0","0","-","0","0","0","0","0","0","0","0","0","0","0","0","0","0","0","0","0","0","0","0","0","0","0","0","0","0","0","0","0","0","0","0","0","0","0","0","0","0","0","0"
"0x70736776e630","@!P1  SHF.R.S32.HI R13, RZ, 0x1f, R16","0","0","0","0","0","0","0","0","32","0","-","-","-","0","0","0","0","0","0","0","0","0","-","0","0","0","0","0","0","0","0","0","0","0","0","0","0","0","0","0","0","0","0","0","0","0","0","0","0","0","0","0","0","0","0","0","0","0","0","0","0","0","0"
"0x70736776e640","@!P3  SHF.R.S32.HI R7, RZ, 0x1f, R34","0","0","0","0","0","0","0","0","32","0","-","-","-","0","0","0","0","0","0","0","0","0","-","0","0","0","0","0","0","0","0","0","0","0","0","0","0","0","0","0","0","0","0","0","0","0","0","0","0","0","0","0","0","0","0","0","0","0","0","0","0","0","0"
"0x70736776e650","@!P1  MOV R12, R16","0","0","0","0","0","0","0","0","32","0","-","-","-","0","0","0","0","0","0","0","0","0","-","0","0","0","0","0","0","0","0","0","0","0","0","0","0","0","0","0","0","0","0","0","0","0","0","0","0","0","0","0","0","0","0","0","0","0","0","0","0","0","0"
"0x70736776e660","@!P3  MOV R6, R34","0","0","0","0","0","0","0","0","32","0","-","-","-","0","0","0","0","0","0","0","0","0","-","0","0","0","0","0","0","0","0","0","0","0","0","0","0","0","0","0","0","0","0","0","0","0","0","0","0","0","0","0","0","0","0","0","0","0","0","0","0","0","0"
"0x70736776e670","@!P4  SHF.R.S32.HI R5, RZ, 0x1f, R33","0","0","0","0","0","0","0","0","32","0","-","-","-","0","0","0","0","0","0","0","0","0","-","0","0","0","0","0","0","0","0","0","0","0","0","0","0","0","0","0","0","0","0","0","0","0","0","0","0","0","0","0","0","0","0","0","0","0","0","0","0","0","0"
"0x70736776e680","@!P4  MOV R4, R33","0","0","0","0","0","0","0","0","32","0","-","-","-","0","0","0","0","0","0","0","0","0","-","0","0","0","0","0","0","0","0","0","0","0","0","0","0","0","0","0","0","0","0","0","0","0","0","0","0","0","0","0","0","0","0","0","0","0","0","0","0","0","0"
"0x70736776e690","@!P0  SHF.R.S32.HI R3, RZ, 0x1f, R32","0","0","0","0","0","0","0","0","32","0","-","-","-","0","0","0","0","0","0","0","0","0","-","0","0","0","0","0","0","0","0","0","0","0","0","0","0","0","0","0","0","0","0","0","0","0","0","0","0","0","0","0","0","0","0","0","0","0","0","0","0","0","0"
"0x70736776e6a0","@!P1  IADD.64 R12, R12, R14","0","0","0","0","0","0","0","0","32","0","-","-","-","0","0","0","0","0","0","0","0","0","-","0","0","0","0","0","0","0","0","0","0","0","0","0","0","0","0","0","0","0","0","0","0","0","0","0","0","0","0","0","0","0","0","0","0","0","0","0","0","0","0"
"0x70736776e6b0","@!P3  IADD.64 R10, R6, R14","0","0","0","0","0","0","0","0","32","0","-","-","-","0","0","0","0","0","0","0","0","0","-","0","0","0","0","0","0","0","0","0","0","0","0","0","0","0","0","0","0","0","0","0","0","0","0","0","0","0","0","0","0","0","0","0","0","0","0","0","0","0","0"
"0x70736776e6c0","@!P0  MOV R2, R32","0","0","0","0","0","0","0","0","32","0","-","-","-","0","0","0","0","0","0","0","0","0","-","0","0","0","0","0","0","0","0","0","0","0","0","0","0","0","0","0","0","0","0","0","0","0","0","0","0","0","0","0","0","0","0","0","0","0","0","0","0","0","0"
"0x70736776e6d0","@!P4  IADD.64 R8, R4, R14","0","0","0","0","0","0","0","0","32","0","-","-","-","0","0","0","0","0","0","0","0","0","-","0","0","0","0","0","0","0","0","0","0","0","0","0","0","0","0","0","0","0","0","0","0","0","0","0","0","0","0","0","0","0","0","0","0","0","0","0","0","0","0"
"0x70736776e6e0","@!P1  LEA R6, P5, R12, UR26, 0x2","0","0","0","0","0","0","0","0","32","0","-","-","-","0","0","0","0","0","0","0","0","0","-","0","0","0","0","0","0","0","0","0","0","0","0","0","0","0","0","0","0","0","0","0","0","0","0","0","0","0","0","0","0","0","0","0","0","0","0","0","0","0","0"
"0x70736776e6f0","@!P0  IADD.64 R14, R2, R14","0","0","0","0","0","0","0","0","32","0","-","-","-","0","0","0","0","0","0","0","0","0","-","0","0","0","0","0","0","0","0","0","0","0","0","0","0","0","0","0","0","0","0","0","0","0","0","0","0","0","0","0","0","0","0","0","0","0","0","0","0","0","0"
"0x70736776e700","@!P3  LEA R4, P6, R10, UR26, 0x2","0","0","0","0","0","0","0","0","32","0","-","-","-","0","0","0","0","0","0","0","0","0","-","0","0","0","0","0","0","0","0","0","0","0","0","0","0","0","0","0","0","0","0","0","0","0","0","0","0","0","0","0","0","0","0","0","0","0","0","0","0","0","0"
"0x70736776e710","@!P1  LEA.HI.X R7, R12, UR27, R13, 0x2, P5","0","0","0","0","0","0","0","0","32","0","-","-","-","0","0","0","0","0","0","0","0","0","-","0","0","0","0","0","0","0","0","0","0","0","0","0","0","0","0","0","0","0","0","0","0","0","0","0","0","0","0","0","0","0","0","0","0","0","0","0","0","0","0"
"0x70736776e720","@!P3  LEA.HI.X R5, R10, UR27, R11, 0x2, P6","0","0","0","0","0","0","0","0","32","0","-","-","-","0","0","0","0","0","0","0","0","0","-","0","0","0","0","0","0","0","0","0","0","0","0","0","0","0","0","0","0","0","0","0","0","0","0","0","0","0","0","0","0","0","0","0","0","0","0","0","0","0","0"
"0x70736776e730","@!P4  LEA R10, P5, R8, UR26, 0x2","0","0","0","0","0","0","0","0","32","0","-","-","-","0","0","0","0","0","0","0","0","0","-","0","0","0","0","0","0","0","0","0","0","0","0","0","0","0","0","0","0","0","0","0","0","0","0","0","0","0","0","0","0","0","0","0","0","0","0","0","0","0","0"
"0x70736776e740","@!P1  LD.E R6, desc[UR24][R6.64]","0","0","0","0","0","0","0","0","32","0","","","","0","0","0","0","0","0","0","0","0","","0","0","0","0","0","0","0","0","0","0","0","0","0","0","0","0","0","0","0","0","0","0","0","0","0","0","0","0","0","0","0","0","0","0","0","0","0","0","0","0"
"0x70736776e750","@!P0  LEA R2, P6, R14, UR26, 0x2","0","0","0","0","0","0","0","0","32","0","-","-","-","0","0","0","0","0","0","0","0","0","-","0","0","0","0","0","0","0","0","0","0","0","0","0","0","0","0","0","0","0","0","0","0","0","0","0","0","0","0","0","0","0","0","0","0","0","0","0","0","0","0"
"0x70736776e760","@!P4  LEA.HI.X R11, R8, UR27, R9, 0x2, P5","0","0","0","0","0","0","0","0","32","0","-","-","-","0","0","0","0","0","0","0","0","0","-","0","0","0","0","0","0","0","0","0","0","0","0","0","0","0","0","0","0","0","0","0","0","0","0","0","0","0","0","0","0","0","0","0","0","0","0","0","0","0","0"
"0x70736776e770","@!P3  LD.E R4, desc[UR24][R4.64]","0","0","0","0","0","0","0","0","32","0","","","","0","0","0","0","0","0","0","0","0","","0","0","0","0","0","0","0","0","0","0","0","0","0","0","0","0","0","0","0","0","0","0","0","0","0","0","0","0","0","0","0","0","0","0","0","0","0","0","0","0"
"0x70736776e780","@!P0  LEA.HI.X R3, R14, UR27, R15, 0x2, P6","0","0","0","0","0","0","0","0","32","0","-","-","-","0","0","0","0","0","0","0","0","0","-","0","0","0","0","0","0","0","0","0","0","0","0","0","0","0","0","0","0","0","0","0","0","0","0","0","0","0","0","0","0","0","0","0","0","0","0","0","0","0","0"
"0x70736776e790","@!P4  LD.E R10, desc[UR24][R10.64]","0","0","0","0","0","0","0","0","32","0","","","","0","0","0","0","0","0","0","0","0","","0","0","0","0","0","0","0","0","0","0","0","0","0","0","0","0","0","0","0","0","0","0","0","0","0","0","0","0","0","0","0","0","0","0","0","0","0","0","0","0"
"0x70736776e7a0","@!P0  LD.E R2, desc[UR24][R2.64]","0","0","0","0","0","0","0","0","32","0","","","","0","0","0","0","0","0","0","0","0","","0","0","0","0","0","0","0","0","0","0","0","0","0","0","0","0","0","0","0","0","0","0","0","0","0","0","0","0","0","0","0","0","0","0","0","0","0","0","0","0"
"0x70736776e7b0","@!P1  FMUL R9, R50, R22","0","0","0","0","0","0","0","0","32","0","-","-","-","0","0","0","0","0","0","0","0","0","-","0","0","0","0","0","0","0","0","0","0","0","0","0","0","0","0","0","0","0","0","0","0","0","0","0","0","0","0","0","0","0","0","0","0","0","0","0","0","0","0"
"0x70736776e7c0","@!P3  FMUL R13, R38, R22","0","0","0","0","0","0","0","0","32","0","-","-","-","0","0","0","0","0","0","0","0","0","-","0","0","0","0","0","0","0","0","0","0","0","0","0","0","0","0","0","0","0","0","0","0","0","0","0","0","0","0","0","0","0","0","0","0","0","0","0","0","0","0"
"0x70736776e7d0","@!P4  FMUL R15, R40, R22","0","0","0","0","0","0","0","0","32","0","-","-","-","0","0","0","0","0","0","0","0","0","-","0","0","0","0","0","0","0","0","0","0","0","0","0","0","0","0","0","0","0","0","0","0","0","0","0","0","0","0","0","0","0","0","0","0","0","0","0","0","0","0"
"0x70736776e7e0","@!P0  FMUL R23, R68, R22","0","0","0","0","0","0","0","0","32","0","-","-","-","0","0","0","0","0","0","0","0","0","-","0","0","0","0","0","0","0","0","0","0","0","0","0","0","0","0","0","0","0","0","0","0","0","0","0","0","0","0","0","0","0","0","0","0","0","0","0","0","0","0"
"0x70736776e7f0","@!P1  FFMA R50, R6, R21, R9","0","0","0","0","0","0","0","0","32","0","-","-","-","0","0","0","0","0","0","0","0","0","-","0","0","0","0","0","0","0","0","0","0","0","0","0","0","0","0","0","0","0","0","0","0","0","0","0","0","0","0","0","0","0","0","0","0","0","0","0","0","0","0"
"0x70736776e800","@!P3  FFMA R38, R4, R21, R13","0","0","0","0","0","0","0","0","32","0","-","-","-","0","0","0","0","0","0","0","0","0","-","0","0","0","0","0","0","0","0","0","0","0","0","0","0","0","0","0","0","0","0","0","0","0","0","0","0","0","0","0","0","0","0","0","0","0","0","0","0","0","0"
"0x70736776e810","@!P4  FFMA R40, R10, R21, R15","0","0","0","0","0","0","0","0","32","0","-","-","-","0","0","0","0","0","0","0","0","0","-","0","0","0","0","0","0","0","0","0","0","0","0","0","0","0","0","0","0","0","0","0","0","0","0","0","0","0","0","0","0","0","0","0","0","0","0","0","0","0","0"
"0x70736776e820","@!P0  FFMA R68, R2, R21, R23","0","0","0","0","0","0","0","0","32","0","-","-","-","0","0","0","0","0","0","0","0","0","-","0","0","0","0","0","0","0","0","0","0","0","0","0","0","0","0","0","0","0","0","0","0","0","0","0","0","0","0","0","0","0","0","0","0","0","0","0","0","0","0"
"0x70736776e830","      IADD3 R25, PT, PT, R24, 0x3, RZ","6","1","6","16384","524288","524288","32","32","0","0","-","-","-","0","0","0","0","0","0","0","0","0","-","0","0","0","0","0","0","0","0","0","0","0","0","0","0","0","0","5","1","0","0","0","0","0","0","0","0","0","0","0","0","0","0","0","1","0","0","0","0","0","0"
"0x70736776e840","      IMAD.WIDE.U32 R10, R25, UR5, RZ","2","0","2","16384","524288","524288","32","32","0","0","-","-","-","0","0","0","0","0","0","0","0","0","-","0","0","0","0","0","0","0","0","0","0","0","0","1","0","0","0","0","0","0","0","0","0","1","0","0","0","0","0","0","0","0","0","0","0","0","0","0","0","0","0"
"0x70736776e850","      IMAD R11, R25, UR4, R11","4","0","4","16384","524288","524288","32","32","0","0","-","-","-","0","0","0","0","0","0","0","0","0","-","0","0","0","0","0","0","0","0","0","0","0","0","1","0","0","0","0","2","0","0","0","0","1","0","0","0","0","0","0","0","0","0","0","0","0","0","0","0","0","0"
"0x70736776e860","@P2   BRA 0x70736776e950","3","0","3","16384","524288","0","32","0","32","0","-","-","-","0","0","0","0","0","0","0","0","0","-","0","0","0","0","0","0","0","0","1","0","0","0","0","0","0","0","0","0","2","0","0","0","0","0","0","0","0","0","0","0","0","0","0","0","0","0","0","0","0","0"
"0x70736776e870","      ISETP.GE.AND P0, PT, R25, UR7, PT","3","0","3","16384","524288","524288","32","32","0","0","-","-","-","0","0","0","0","0","0","0","0","0","-","0","0","0","0","0","0","0","0","0","0","0","0","0","0","0","0","0","3","0","0","0","0","0","0","0","0","0","0","0","0","0","0","0","0","0","0","0","0","0","0"
"0x70736776e880","      ISETP.GE.AND P1, PT, R18, UR6, PT","0","0","0","16384","524288","524288","32","32","0","0","-","-","-","0","0","0","0","0","0","0","0","0","-","0","0","0","0","0","0","0","0","0","0","0","0","0","0","0","0","0","0","0","0","0","0","0","0","0","0","0","0","0","0","0","0","0","0","0","0","0","0","0","0"
"0x70736776e890","      ISETP.GE.AND P3, PT, R20, UR6, PT","0","0","0","16384","524288","524288","32","32","0","0","-","-","-","0","0","0","0","0","0","0","0","0","-","0","0","0","0","0","0","0","0","0","0","0","0","0","0","0","0","0","0","0","0","0","0","0","0","0","0","0","0","0","0","0","0","0","0","0","0","0","0","0","0"
"0x70736776e8a0","      ISETP.GE.AND P4, PT, R37, UR6, PT","0","0","0","16384","524288","524288","32","32","0","0","-","-","-","0","0","0","0","0","0","0","0","0","-","0","0","0","0","0","0","0","0","0","0","0","0","0","0","0","0","0","0","0","0","0","0","0","0","0","0","0","0","0","0","0","0","0","0","0","0","0","0","0","0"
"0x70736776e8b0","      ISETP.GE.AND P5, PT, R35, UR6, PT","0","0","0","16384","524288","524288","32","32","0","0","-","-","-","0","0","0","0","0","0","0","0","0","-","0","0","0","0","0","0","0","0","0","0","0","0","0","0","0","0","0","0","0","0","0","0","0","0","0","0","0","0","0","0","0","0","0","0","0","0","0","0","0","0"
"0x70736776e8c0","      FMUL R0, R31, R22","0","0","0","16384","524288","524288","32","32","0","0","-","-","-","0","0","0","0","0","0","0","0","0","-","0","0","0","0","0","0","0","0","0","0","0","0","0","0","0","0","0","0","0","0","0","0","0","0","0","0","0","0","0","0","0","0","0","0","0","0","0","0","0","0"
"0x70736776e8d0","      FMUL R3, R56, R22","0","0","0","16384","524288","524288","32","32","0","0","-","-","-","0","0","0","0","0","0","0","0","0","-","0","0","0","0","0","0","0","0","0","0","0","0","0","0","0","0","0","0","0","0","0","0","0","0","0","0","0","0","0","0","0","0","0","0","0","0","0","0","0","0"
"0x70736776e8e0","      FMUL R2, R63, R22","0","0","0","16384","524288","524288","32","32","0","0","-","-","-","0","0","0","0","0","0","0","0","0","-","0","0","0","0","0","0","0","0","0","0","0","0","0","0","0","0","0","0","0","0","0","0","0","0","0","0","0","0","0","0","0","0","0","0","0","0","0","0","0","0"
"0x70736776e8f0","      FMUL R4, R47, R22","0","0","0","16384","524288","524288","32","32","0","0","-","-","-","0","0","0","0","0","0","0","0","0","-","0","0","0","0","0","0","0","0","0","0","0","0","0","0","0","0","0","0","0","0","0","0","0","0","0","0","0","0","0","0","0","0","0","0","0","0","0","0","0","0"
"0x70736776e900","@!P0  FSEL R31, R0, R31, !P1","4","0","4","16384","524288","524288","32","32","0","0","-","-","-","0","0","0","0","0","0","0","0","0","-","0","0","0","0","0","0","0","0","0","0","0","0","0","0","0","0","1","1","1","0","0","0","1","0","0","0","0","0","0","0","0","0","0","0","0","0","0","0","0","0"
"0x70736776e910","@!P0  FSEL R56, R3, R56, !P3","1","0","1","16384","524288","524288","32","32","0","0","-","-","-","0","0","0","0","0","0","0","0","0","-","0","0","0","0","0","0","0","0","0","0","0","0","0","0","0","0","0","0","1","0","0","0","0","0","0","0","0","0","0","0","0","0","0","0","0","0","0","0","0","0"
"0x70736776e920","@!P0  FSEL R63, R2, R63, !P4","0","0","0","16384","524288","524288","32","32","0","0","-","-","-","0","0","0","0","0","0","0","0","0","-","0","0","0","0","0","0","0","0","0","0","0","0","0","0","0","0","0","0","0","0","0","0","0","0","0","0","0","0","0","0","0","0","0","0","0","0","0","0","0","0"
"0x70736776e930","@!P0  FSEL R47, R4, R47, !P5","0","0","0","16384","524288","524288","32","32","0","0","-","-","-","0","0","0","0","0","0","0","0","0","-","0","0","0","0","0","0","0","0","0","0","0","0","0","0","0","0","0","0","0","0","0","0","0","0","0","0","0","0","0","0","0","0","0","0","0","0","0","0","0","0"
"0x70736776e940","      BRA 0x70736776eae0","0","0","0","16384","524288","524288","32","32","0","0","-","-","-","0","0","0","0","0","0","0","0","0","-","0","0","0","0","0","0","0","0","0","0","0","0","0","0","0","0","0","0","0","0","0","0","0","0","0","0","0","0","0","0","0","0","0","0","0","0","0","0","0","0"
"0x70736776e950","      SHF.R.S32.HI R5, RZ, 0x1f, R18","1","0","1","0","0","0","0","0","32","0","-","-","-","0","0","0","0","0","0","0","0","0","-","0","0","0","0","0","0","0","0","0","0","0","0","0","0","0","0","0","0","0","0","0","0","1","0","0","0","0","0","0","0","0","0","0","0","0","0","0","0","0","0"
"0x70736776e960","      MOV R4, R18","0","0","0","0","0","0","0","0","32","0","-","-","-","0","0","0","0","0","0","0","0","0","-","0","0","0","0","0","0","0","0","0","0","0","0","0","0","0","0","0","0","0","0","0","0","0","0","0","0","0","0","0","0","0","0","0","0","0","0","0","0","0","0"
"0x70736776e970","      ISETP.GE.AND P1, PT, R18, UR6, PT","0","0","0","0","0","0","0","0","32","0","-","-","-","0","0","0","0","0","0","0","0","0","-","0","0","0","0","0","0","0","0","0","0","0","0","0","0","0","0","0","0","0","0","0","0","0","0","0","0","0","0","0","0","0","0","0","0","0","0","0","0","0","0"
"0x70736776e980","      ISETP.GE.AND P3, PT, R20, UR6, PT","0","0","0","0","0","0","0","0","32","0","-","-","-","0","0","0","0","0","0","0","0","0","-","0","0","0","0","0","0","0","0","0","0","0","0","0","0","0","0","0","0","0","0","0","0","0","0","0","0","0","0","0","0","0","0","0","0","0","0","0","0","0","0"
"0x70736776e990","      ISETP.GE.AND P4, PT, R37, UR6, PT","0","0","0","0","0","0","0","0","32","0","-","-","-","0","0","0","0","0","0","0","0","0","-","0","0","0","0","0","0","0","0","0","0","0","0","0","0","0","0","0","0","0","0","0","0","0","0","0","0","0","0","0","0","0","0","0","0","0","0","0","0","0","0"
"0x70736776e9a0","      ISETP.GE.AND P0, PT, R35, UR6, PT","0","0","0","0","0","0","0","0","32","0","-","-","-","0","0","0","0","0","0","0","0","0","-","0","0","0","0","0","0","0","0","0","0","0","0","0","0","0","0","0","0","0","0","0","0","0","0","0","0","0","0","0","0","0","0","0","0","0","0","0","0","0","0"
"0x70736776e9b0","      IADD.64 R4, R4, R10","0","0","0","0","0","0","0","0","32","0","-","-","-","0","0","0","0","0","0","0","0","0","-","0","0","0","0","0","0","0","0","0","0","0","0","0","0","0","0","0","0","0","0","0","0","0","0","0","0","0","0","0","0","0","0","0","0","0","0","0","0","0","0"
"0x70736776e9c0","      ISETP.GE.OR P1, PT, R25, UR7, P1","0","0","0","0","0","0","0","0","32","0","-","-","-","0","0","0","0","0","0","0","0","0","-","0","0","0","0","0","0","0","0","0","0","0","0","0","0","0","0","0","0","0","0","0","0","0","0","0","0","0","0","0","0","0","0","0","0","0","0","0","0","0","0"
"0x70736776e9d0","      ISETP.GE.OR P3, PT, R25, UR7, P3","0","0","0","0","0","0","0","0","32","0","-","-","-","0","0","0","0","0","0","0","0","0","-","0","0","0","0","0","0","0","0","0","0","0","0","0","0","0","0","0","0","0","0","0","0","0","0","0","0","0","0","0","0","0","0","0","0","0","0","0","0","0","0"
"0x70736776e9e0","      ISETP.GE.OR P4, PT, R25, UR7, P4","0","0","0","0","0","0","0","0","32","0","-","-","-","0","0","0","0","0","0","0","0","0","-","0","0","0","0","0","0","0","0","0","0","0","0","0","0","0","0","0","0","0","0","0","0","0","0","0","0","0","0","0","0","0","0","0","0","0","0","0","0","0","0"
"0x70736776e9f0","      ISETP.GE.OR P0, PT, R25, UR7, P0","0","0","0","0","0","0","0","0","32","0","-","-","-","0","0","0","0","0","0","0","0","0","-","0","0","0","0","0","0","0","0","0","0","0","0","0","0","0","0","0","0","0","0","0","0","0","0","0","0","0","0","0","0","0","0","0","0","0","0","0","0","0","0"
"0x70736776ea00","      LEA R2, P5, R4, UR26, 0x2","0","0","0","0","0","0","0","0","32","0","-","-","-","0","0","0","0","0","0","0","0","0","-","0","0","0","0","0","0","0","0","0","0","0","0","0","0","0","0","0","0","0","0","0","0","0","0","0","0","0","0","0","0","0","0","0","0","0","0","0","0","0","0"
"0x70736776ea10","      LEA.HI.X R3, R4, UR27, R5, 0x2, P5","0","0","0","0","0","0","0","0","32","0","-","-","-","0","0","0","0","0","0","0","0","0","-","0","0","0","0","0","0","0","0","0","0","0","0","0","0","0","0","0","0","0","0","0","0","0","0","0","0","0","0","0","0","0","0","0","0","0","0","0","0","0","0"
"0x70736776ea20","@!P1  LD.E R0, desc[UR24][R2.64]","0","0","0","0","0","0","0","0","32","0","","","","0","0","0","0","0","0","0","0","0","","0","0","0","0","0","0","0","0","0","0","0","0","0","0","0","0","0","0","0","0","0","0","0","0","0","0","0","0","0","0","0","0","0","0","0","0","0","0","0","0"
"0x70736776ea30","@!P3  LD.E R4, desc[UR24][R2.64+0x4]","0","0","0","0","0","0","0","0","32","0","","","","0","0","0","0","0","0","0","0","0","","0","0","0","0","0","0","0","0","0","0","0","0","0","0","0","0","0","0","0","0","0","0","0","0","0","0","0","0","0","0","0","0","0","0","0","0","0","0","0","0"
"0x70736776ea40","@!P4  LD.E R6, desc[UR24][R2.64+0x8]","0","0","0","0","0","0","0","0","32","0","","","","0","0","0","0","0","0","0","0","0","","0","0","0","0","0","0","0","0","0","0","0","0","0","0","0","0","0","0","0","0","0","0","0","0","0","0","0","0","0","0","0","0","0","0","0","0","0","0","0","0"
"0x70736776ea50","@!P0  LD.E R8, desc[UR24][R2.64+0xc]","0","0","0","0","0","0","0","0","32","0","","","","0","0","0","0","0","0","0","0","0","","0","0","0","0","0","0","0","0","0","0","0","0","0","0","0","0","0","0","0","0","0","0","0","0","0","0","0","0","0","0","0","0","0","0","0","0","0","0","0","0"
"0x70736776ea60","@!P1  FMUL R5, R31, R22","0","0","0","0","0","0","0","0","32","0","-","-","-","0","0","0","0","0","0","0","0","0","-","0","0","0","0","0","0","0","0","0","0","0","0","0","0","0","0","0","0","0","0","0","0","0","0","0","0","0","0","0","0","0","0","0","0","0","0","0","0","0","0"
"0x70736776ea70","@!P3  FMUL R7, R56, R22","0","0","0","0","0","0","0","0","32","0","-","-","-","0","0","0","0","0","0","0","0","0","-","0","0","0","0","0","0","0","0","0","0","0","0","0","0","0","0","0","0","0","0","0","0","0","0","0","0","0","0","0","0","0","0","0","0","0","0","0","0","0","0"
"0x70736776ea80","@!P4  FMUL R9, R63, R22","0","0","0","0","0","0","0","0","32","0","-","-","-","0","0","0","0","0","0","0","0","0","-","0","0","0","0","0","0","0","0","0","0","0","0","0","0","0","0","0","0","0","0","0","0","0","0","0","0","0","0","0","0","0","0","0","0","0","0","0","0","0","0"
"0x70736776ea90","@!P0  FMUL R13, R47, R22","0","0","0","0","0","0","0","0","32","0","-","-","-","0","0","0","0","0","0","0","0","0","-","0","0","0","0","0","0","0","0","0","0","0","0","0","0","0","0","0","0","0","0","0","0","0","0","0","0","0","0","0","0","0","0","0","0","0","0","0","0","0","0"
"0x70736776eaa0","@!P1  FFMA R31, R0, R21, R5","0","0","0","0","0","0","0","0","32","0","-","-","-","0","0","0","0","0","0","0","0","0","-","0","0","0","0","0","0","0","0","0","0","0","0","0","0","0","0","0","0","0","0","0","0","0","0","0","0","0","0","0","0","0","0","0","0","0","0","0","0","0","0"
"0x70736776eab0","@!P3  FFMA R56, R4, R21, R7","0","0","0","0","0","0","0","0","32","0","-","-","-","0","0","0","0","0","0","0","0","0","-","0","0","0","0","0","0","0","0","0","0","0","0","0","0","0","0","0","0","0","0","0","0","0","0","0","0","0","0","0","0","0","0","0","0","0","0","0","0","0","0"
"0x70736776eac0","@!P4  FFMA R63, R6, R21, R9","0","0","0","0","0","0","0","0","32","0","-","-","-","0","0","0","0","0","0","0","0","0","-","0","0","0","0","0","0","0","0","0","0","0","0","0","0","0","0","0","0","0","0","0","0","0","0","0","0","0","0","0","0","0","0","0","0","0","0","0","0","0","0"
"0x70736776ead0","@!P0  FFMA R47, R8, R21, R13","0","0","0","0","0","0","0","0","32","0","-","-","-","0","0","0","0","0","0","0","0","0","-","0","0","0","0","0","0","0","0","0","0","0","0","0","0","0","0","0","0","0","0","0","0","0","0","0","0","0","0","0","0","0","0","0","0","0","0","0","0","0","0"
"0x70736776eae0","@P2   BRA 0x70736776ebd0","5","2","5","16384","524288","0","32","0","32","0","-","-","-","0","0","0","0","0","0","0","0","0","-","0","0","0","0","0","0","0","0","0","0","0","0","0","0","0","0","4","1","0","0","0","0","0","0","0","0","0","0","0","0","0","0","0","2","0","0","0","0","0","0"
"0x70736776eaf0","      ISETP.GE.AND P0, PT, R25, UR7, PT","6","1","6","16384","524288","524288","32","32","0","0","-","-","-","0","0","0","0","0","0","0","0","0","-","0","0","0","0","0","0","0","0","1","0","0","0","0","0","0","0","0","1","2","0","0","0","2","0","0","0","0","0","0","0","0","0","0","0","0","0","0","0","0","1"
"0x70736776eb00","      FMUL R3, R60, R22","1","0","1","16384","524288","524288","32","32","0","0","-","-","-","0","0","0","0","0","0","0","0","0","-","0","0","0","0","0","0","0","0","0","0","0","0","0","0","0","0","0","1","0","0","0","0","0","0","0","0","0","0","0","0","0","0","0","0","0","0","0","0","0","0"
"0x70736776eb10","      FMUL R5, R42, R22","0","0","0","16384","524288","524288","32","32","0","0","-","-","-","0","0","0","0","0","0","0","0","0","-","0","0","0","0","0","0","0","0","0","0","0","0","0","0","0","0","0","0","0","0","0","0","0","0","0","0","0","0","0","0","0","0","0","0","0","0","0","0","0","0"
"0x70736776eb20","      FMUL R7, R62, R22","0","0","0","16384","524288","524288","32","32","0","0","-","-","-","0","0","0","0","0","0","0","0","0","-","0","0","0","0","0","0","0","0","0","0","0","0","0","0","0","0","0","0","0","0","0","0","0","0","0","0","0","0","0","0","0","0","0","0","0","0","0","0","0","0"
"0x70736776eb30","      ISETP.GE.AND P1, PT, R16, UR6, PT","0","0","0","16384","524288","524288","32","32","0","0","-","-","-","0","0","0","0","0","0","0","0","0","-","0","0","0","0","0","0","0","0","0","0","0","0","0","0","0","0","0","0","0","0","0","0","0","0","0","0","0","0","0","0","0","0","0","0","0","0","0","0","0","0"
"0x70736776eb40","      ISETP.GE.AND P2, PT, R34, UR6, PT","0","0","0","16384","524288","524288","32","32","0","0","-","-","-","0","0","0","0","0","0","0","0","0","-","0","0","0","0","0","0","0","0","0","0","0","0","0","0","0","0","0","0","0","0","0","0","0","0","0","0","0","0","0","0","0","0","0","0","0","0","0","0","0","0"
"0x70736776eb50","      ISETP.GE.AND P3, PT, R33, UR6, PT","0","0","0","16384","524288","524288","32","32","0","0","-","-","-","0","0","0","0","0","0","0","0","0","-","0","0","0","0","0","0","0","0","0","0","0","0","0","0","0","0","0","0","0","0","0","0","0","0","0","0","0","0","0","0","0","0","0","0","0","0","0","0","0","0"
"0x70736776eb60","      ISETP.GE.AND P4, PT, R32, UR6, PT","0","0","0","16384","524288","524288","32","32","0","0","-","-","-","0","0","0","0","0","0","0","0","0","-","0","0","0","0","0","0","0","0","0","0","0","0","0","0","0","0","0","0","0","0","0","0","0","0","0","0","0","0","0","0","0","0","0","0","0","0","0","0","0","0"
"0x70736776eb70","      FMUL R22, R69, R22","1","0","1","16384","524288","524288","32","32","0","0","-","-","-","0","0","0","0","0","0","0","0","0","-","0","0","0","0","0","0","0","0","0","0","0","0","0","0","0","0","0","0","1","0","0","0","0","0","0","0","0","0","0","0","0","0","0","0","0","0","0","0","0","0"
"0x70736776eb80","@!P0  FSEL R60, R3, R60, !P1","1","0","1","16384","524288","524288","32","32","0","0","-","-","-","0","0","0","0","0","0","0","0","0","-","0","0","0","0","0","0","0","0","0","0","0","0","0","0","0","0","0","1","0","0","0","0","0","0","0","0","0","0","0","0","0","0","0","0","0","0","0","0","0","0"
"0x70736776eb90","@!P0  FSEL R42, R5, R42, !P2","0","0","0","16384","524288","524288","32","32","0","0","-","-","-","0","0","0","0","0","0","0","0","0","-","0","0","0","0","0","0","0","0","0","0","0","0","0","0","0","0","0","0","0","0","0","0","0","0","0","0","0","0","0","0","0","0","0","0","0","0","0","0","0","0"
"0x70736776eba0","@!P0  FSEL R62, R7, R62, !P3","0","0","0","16384","524288","524288","32","32","0","0","-","-","-","0","0","0","0","0","0","0","0","0","-","0","0","0","0","0","0","0","0","0","0","0","0","0","0","0","0","0","0","0","0","0","0","0","0","0","0","0","0","0","0","0","0","0","0","0","0","0","0","0","0"
"0x70736776ebb0","@!P0  FSEL R69, R22, R69, !P4","0","0","0","16384","524288","524288","32","32","0","0","-","-","-","0","0","0","0","0","0","0","0","0","-","0","0","0","0","0","0","0","0","0","0","0","0","0","0","0","0","0","0","0","0","0","0","0","0","0","0","0","0","0","0","0","0","0","0","0","0","0","0","0","0"
"0x70736776ebc0","      BRA 0x70736776ee50","0","0","0","16384","524288","524288","32","32","0","0","-","-","-","0","0","0","0","0","0","0","0","0","-","0","0","0","0","0","0","0","0","0","0","0","0","0","0","0","0","0","0","0","0","0","0","0","0","0","0","0","0","0","0","0","0","0","0","0","0","0","0","0","0"
"0x70736776ebd0","      ISETP.GE.AND P0, PT, R16, UR6, PT","1","1","1","0","0","0","0","0","32","0","-","-","-","0","0","0","0","0","0","0","0","0","-","0","0","0","0","0","0","0","0","0","0","0","0","0","0","0","0","0","0","0","0","0","0","1","0","0","0","0","0","0","0","0","0","0","0","0","0","0","0","0","1"
"0x70736776ebe0","      ISETP.GE.AND P1, PT, R34, UR6, PT","0","0","0","0","0","0","0","0","32","0","-","-","-","0","0","0","0","0","0","0","0","0","-","0","0","0","0","0","0","0","0","0","0","0","0","0","0","0","0","0","0","0","0","0","0","0","0","0","0","0","0","0","0","0","0","0","0","0","0","0","0","0","0"
"0x70736776ebf0","      ISETP.GE.AND P2, PT, R33, UR6, PT","0","0","0","0","0","0","0","0","32","0","-","-","-","0","0","0","0","0","0","0","0","0","-","0","0","0","0","0","0","0","0","0","0","0","0","0","0","0","0","0","0","0","0","0","0","0","0","0","0","0","0","0","0","0","0","0","0","0","0","0","0","0","0"
"0x70736776ec00","      ISETP.GE.AND P3, PT, R32, UR6, PT","0","0","0","0","0","0","0","0","32","0","-","-","-","0","0","0","0","0","0","0","0","0","-","0","0","0","0","0","0","0","0","0","0","0","0","0","0","0","0","0","0","0","0","0","0","0","0","0","0","0","0","0","0","0","0","0","0","0","0","0","0","0","0"
"0x70736776ec10","      ISETP.GE.OR P0, PT, R25, UR7, P0","0","0","0","0","0","0","0","0","32","0","-","-","-","0","0","0","0","0","0","0","0","0","-","0","0","0","0","0","0","0","0","0","0","0","0","0","0","0","0","0","0","0","0","0","0","0","0","0","0","0","0","0","0","0","0","0","0","0","0","0","0","0","0"
"0x70736776ec20","      ISETP.GE.OR P1, PT, R25, UR7, P1","0","0","0","0","0","0","0","0","32","0","-","-","-","0","0","0","0","0","0","0","0","0","-","0","0","0","0","0","0","0","0","0","0","0","0","0","0","0","0","0","0","0","0","0","0","0","0","0","0","0","0","0","0","0","0","0","0","0","0","0","0","0","0"
"0x70736776ec30","      ISETP.GE.OR P2, PT, R25, UR7, P2","0","0","0","0","0","0","0","0","32","0","-","-","-","0","0","0","0","0","0","0","0","0","-","0","0","0","0","0","0","0","0","0","0","0","0","0","0","0","0","0","0","0","0","0","0","0","0","0","0","0","0","0","0","0","0","0","0","0","0","0","0","0","0"
"0x70736776ec40","      ISETP.GE.OR P3, PT, R25, UR7, P3","0","0","0","0","0","0","0","0","32","0","-","-","-","0","0","0","0","0","0","0","0","0","-","0","0","0","0","0","0","0","0","0","0","0","0","0","0","0","0","0","0","0","0","0","0","0","0","0","0","0","0","0","0","0","0","0","0","0","0","0","0","0","0"
"0x70736776ec50","@!P0  SHF.R.S32.HI R3, RZ, 0x1f, R16","0","0","0","0","0","0","0","0","32","0","-","-","-","0","0","0","0","0","0","0","0","0","-","0","0","0","0","0","0","0","0","0","0","0","0","0","0","0","0","0","0","0","0","0","0","0","0","0","0","0","0","0","0","0","0","0","0","0","0","0","0","0","0"
"0x70736776ec60","@!P0  MOV R2, R16","0","0","0","0","0","0","0","0","32","0","-","-","-","0","0","0","0","0","0","0","0","0","-","0","0","0","0","0","0","0","0","0","0","0","0","0","0","0","0","0","0","0","0","0","0","0","0","0","0","0","0","0","0","0","0","0","0","0","0","0","0","0","0"
"0x70736776ec70","@!P1  SHF.R.S32.HI R9, RZ, 0x1f, R34","0","0","0","0","0","0","0","0","32","0","-","-","-","0","0","0","0","0","0","0","0","0","-","0","0","0","0","0","0","0","0","0","0","0","0","0","0","0","0","0","0","0","0","0","0","0","0","0","0","0","0","0","0","0","0","0","0","0","0","0","0","0","0"
"0x70736776ec80","@!P2  SHF.R.S32.HI R7, RZ, 0x1f, R33","0","0","0","0","0","0","0","0","32","0","-","-","-","0","0","0","0","0","0","0","0","0","-","0","0","0","0","0","0","0","0","0","0","0","0","0","0","0","0","0","0","0","0","0","0","0","0","0","0","0","0","0","0","0","0","0","0","0","0","0","0","0","0"
"0x70736776ec90","@!P1  MOV R8, R34","0","0","0","0","0","0","0","0","32","0","-","-","-","0","0","0","0","0","0","0","0","0","-","0","0","0","0","0","0","0","0","0","0","0","0","0","0","0","0","0","0","0","0","0","0","0","0","0","0","0","0","0","0","0","0","0","0","0","0","0","0","0","0"
"0x70736776eca0","@!P2  MOV R6, R33","0","0","0","0","0","0","0","0","32","0","-","-","-","0","0","0","0","0","0","0","0","0","-","0","0","0","0","0","0","0","0","0","0","0","0","0","0","0","0","0","0","0","0","0","0","0","0","0","0","0","0","0","0","0","0","0","0","0","0","0","0","0","0"
"0x70736776ecb0","@!P3  SHF.R.S32.HI R5, RZ, 0x1f, R32","0","0","0","0","0","0","0","0","32","0","-","-","-","0","0","0","0","0","0","0","0","0","-","0","0","0","0","0","0","0","0","0","0","0","0","0","0","0","0","0","0","0","0","0","0","0","0","0","0","0","0","0","0","0","0","0","0","0","0","0","0","0","0"
"0x70736776ecc0","@!P0  IADD.64 R2, R2, R10","0","0","0","0","0","0","0","0","32","0","-","-","-","0","0","0","0","0","0","0","0","0","-","0","0","0","0","0","0","0","0","0","0","0","0","0","0","0","0","0","0","0","0","0","0","0","0","0","0","0","0","0","0","0","0","0","0","0","0","0","0","0","0"
"0x70736776ecd0","@!P3  MOV R4, R32","0","0","0","0","0","0","0","0","32","0","-","-","-","0","0","0","0","0","0","0","0","0","-","0","0","0","0","0","0","0","0","0","0","0","0","0","0","0","0","0","0","0","0","0","0","0","0","0","0","0","0","0","0","0","0","0","0","0","0","0","0","0","0"
"0x70736776ece0","@!P1  IADD.64 R14, R8, R10","0","0","0","0","0","0","0","0","32","0","-","-","-","0","0","0","0","0","0","0","0","0","-","0","0","0","0","0","0","0","0","0","0","0","0","0","0","0","0","0","0","0","0","0","0","0","0","0","0","0","0","0","0","0","0","0","0","0","0","0","0","0","0"
"0x70736776ecf0","@!P2  IADD.64 R12, R6, R10","0","0","0","0","0","0","0","0","32","0","-","-","-","0","0","0","0","0","0","0","0","0","-","0","0","0","0","0","0","0","0","0","0","0","0","0","0","0","0","0","0","0","0","0","0","0","0","0","0","0","0","0","0","0","0","0","0","0","0","0","0","0","0"
"0x70736776ed00","@!P3  IADD.64 R10, R4, R10","0","0","0","0","0","0","0","0","32","0","-","-","-","0","0","0","0","0","0","0","0","0","-","0","0","0","0","0","0","0","0","0","0","0","0","0","0","0","0","0","0","0","0","0","0","0","0","0","0","0","0","0","0","0","0","0","0","0","0","0","0","0","0"
"0x70736776ed10","@!P0  LEA R8, P4, R2, UR26, 0x2","0","0","0","0","0","0","0","0","32","0","-","-","-","0","0","0","0","0","0","0","0","0","-","0","0","0","0","0","0","0","0","0","0","0","0","0","0","0","0","0","0","0","0","0","0","0","0","0","0","0","0","0","0","0","0","0","0","0","0","0","0","0","0"
"0x70736776ed20","@!P2  LEA R4, P5, R12, UR26, 0x2","0","0","0","0","0","0","0","0","32","0","-","-","-","0","0","0","0","0","0","0","0","0","-","0","0","0","0","0","0","0","0","0","0","0","0","0","0","0","0","0","0","0","0","0","0","0","0","0","0","0","0","0","0","0","0","0","0","0","0","0","0","0","0"
"0x70736776ed30","@!P0  LEA.HI.X R9, R2, UR27, R3, 0x2, P4","0","0","0","0","0","0","0","0","32","0","-","-","-","0","0","0","0","0","0","0","0","0","-","0","0","0","0","0","0","0","0","0","0","0","0","0","0","0","0","0","0","0","0","0","0","0","0","0","0","0","0","0","0","0","0","0","0","0","0","0","0","0","0"
"0x70736776ed40","@!P1  LEA R6, P4, R14, UR26, 0x2","0","0","0","0","0","0","0","0","32","0","-","-","-","0","0","0","0","0","0","0","0","0","-","0","0","0","0","0","0","0","0","0","0","0","0","0","0","0","0","0","0","0","0","0","0","0","0","0","0","0","0","0","0","0","0","0","0","0","0","0","0","0","0"
"0x70736776ed50","@!P3  LEA R2, P6, R10, UR26, 0x2","0","0","0","0","0","0","0","0","32","0","-","-","-","0","0","0","0","0","0","0","0","0","-","0","0","0","0","0","0","0","0","0","0","0","0","0","0","0","0","0","0","0","0","0","0","0","0","0","0","0","0","0","0","0","0","0","0","0","0","0","0","0","0"
"0x70736776ed60","@!P0  LD.E R8, desc[UR24][R8.64]","0","0","0","0","0","0","0","0","32","0","","","","0","0","0","0","0","0","0","0","0","","0","0","0","0","0","0","0","0","0","0","0","0","0","0","0","0","0","0","0","0","0","0","0","0","0","0","0","0","0","0","0","0","0","0","0","0","0","0","0","0"
"0x70736776ed70","@!P1  LEA.HI.X R7, R14, UR27, R15, 0x2, P4","0","0","0","0","0","0","0","0","32","0","-","-","-","0","0","0","0","0","0","0","0","0","-","0","0","0","0","0","0","0","0","0","0","0","0","0","0","0","0","0","0","0","0","0","0","0","0","0","0","0","0","0","0","0","0","0","0","0","0","0","0","0","0"
"0x70736776ed80","@!P2  LEA.HI.X R5, R12, UR27, R13, 0x2, P5","0","0","0","0","0","0","0","0","32","0","-","-","-","0","0","0","0","0","0","0","0","0","-","0","0","0","0","0","0","0","0","0","0","0","0","0","0","0","0","0","0","0","0","0","0","0","0","0","0","0","0","0","0","0","0","0","0","0","0","0","0","0","0"
"0x70736776ed90","@!P3  LEA.HI.X R3, R10, UR27, R11, 0x2, P6","0","0","0","0","0","0","0","0","32","0","-","-","-","0","0","0","0","0","0","0","0","0","-","0","0","0","0","0","0","0","0","0","0","0","0","0","0","0","0","0","0","0","0","0","0","0","0","0","0","0","0","0","0","0","0","0","0","0","0","0","0","0","0"
"0x70736776eda0","@!P1  LD.E R6, desc[UR24][R6.64]","0","0","0","0","0","0","0","0","32","0","","","","0","0","0","0","0","0","0","0","0","","0","0","0","0","0","0","0","0","0","0","0","0","0","0","0","0","0","0","0","0","0","0","0","0","0","0","0","0","0","0","0","0","0","0","0","0","0","0","0","0"
"0x70736776edb0","@!P2  LD.E R4, desc[UR24][R4.64]","0","0","0","0","0","0","0","0","32","0","","","","0","0","0","0","0","0","0","0","0","","0","0","0","0","0","0","0","0","0","0","0","0","0","0","0","0","0","0","0","0","0","0","0","0","0","0","0","0","0","0","0","0","0","0","0","0","0","0","0","0"
"0x70736776edc0","@!P3  LD.E R2, desc[UR24][R2.64]","0","0","0","0","0","0","0","0","32","0","","","","0","0","0","0","0","0","0","0","0","","0","0","0","0","0","0","0","0","0","0","0","0","0","0","0","0","0","0","0","0","0","0","0","0","0","0","0","0","0","0","0","0","0","0","0","0","0","0","0","0"
"0x70736776edd0","@!P0  FMUL R11, R60, R22","0","0","0","0","0","0","0","0","32","0","-","-","-","0","0","0","0","0","0","0","0","0","-","0","0","0","0","0","0","0","0","0","0","0","0","0","0","0","0","0","0","0","0","0","0","0","0","0","0","0","0","0","0","0","0","0","0","0","0","0","0","0","0"
"0x70736776ede0","@!P1  FMUL R13, R42, R22","0","0","0","0","0","0","0","0","32","0","-","-","-","0","0","0","0","0","0","0","0","0","-","0","0","0","0","0","0","0","0","0","0","0","0","0","0","0","0","0","0","0","0","0","0","0","0","0","0","0","0","0","0","0","0","0","0","0","0","0","0","0","0"
"0x70736776edf0","@!P2  FMUL R15, R62, R22","0","0","0","0","0","0","0","0","32","0","-","-","-","0","0","0","0","0","0","0","0","0","-","0","0","0","0","0","0","0","0","0","0","0","0","0","0","0","0","0","0","0","0","0","0","0","0","0","0","0","0","0","0","0","0","0","0","0","0","0","0","0","0"
"0x70736776ee00","@!P3  FMUL R23, R69, R22","0","0","0","0","0","0","0","0","32","0","-","-","-","0","0","0","0","0","0","0","0","0","-","0","0","0","0","0","0","0","0","0","0","0","0","0","0","0","0","0","0","0","0","0","0","0","0","0","0","0","0","0","0","0","0","0","0","0","0","0","0","0","0"
"0x70736776ee10","@!P0  FFMA R60, R8, R21, R11","0","0","0","0","0","0","0","0","32","0","-","-","-","0","0","0","0","0","0","0","0","0","-","0","0","0","0","0","0","0","0","0","0","0","0","0","0","0","0","0","0","0","0","0","0","0","0","0","0","0","0","0","0","0","0","0","0","0","0","0","0","0","0"
"0x70736776ee20","@!P1  FFMA R42, R6, R21, R13","0","0","0","0","0","0","0","0","32","0","-","-","-","0","0","0","0","0","0","0","0","0","-","0","0","0","0","0","0","0","0","0","0","0","0","0","0","0","0","0","0","0","0","0","0","0","0","0","0","0","0","0","0","0","0","0","0","0","0","0","0","0","0"
"0x70736776ee30","@!P2  FFMA R62, R4, R21, R15","0","0","0","0","0","0","0","0","32","0","-","-","-","0","0","0","0","0","0","0","0","0","-","0","0","0","0","0","0","0","0","0","0","0","0","0","0","0","0","0","0","0","0","0","0","0","0","0","0","0","0","0","0","0","0","0","0","0","0","0","0","0","0"
"0x70736776ee40","@!P3  FFMA R69, R2, R21, R23","0","0","0","0","0","0","0","0","32","0","-","-","-","0","0","0","0","0","0","0","0","0","-","0","0","0","0","0","0","0","0","0","0","0","0","0","0","0","0","0","0","0","0","0","0","0","0","0","0","0","0","0","0","0","0","0","0","0","0","0","0","0","0"
"0x70736776ee50","      LDC R0, c[0x0][0x434]","4","1","4","16384","524288","524288","32","32","0","0","-","-","-","0","0","0","0","0","0","0","0","0","-","0","0","0","0","0","0","0","2","0","0","0","0","0","0","0","0","1","1","0","0","0","0","0","0","0","0","0","0","0","0","0","0","0","1","0","0","0","0","0","0"
"0x70736776ee60","      LDCU UR5, c[0x0][0x408]","0","0","0","16384","524288","524288","32","32","0","0","-","-","-","0","0","0","0","0","0","0","0","0","-","0","0","0","0","0","0","0","0","0","0","0","0","0","0","0","0","0","0","0","0","0","0","0","0","0","0","0","0","0","0","0","0","0","0","0","0","0","0","0","0"
"0x70736776ee70","      S2UR UR8, SR_CTAID.Z","1","0","1","16384","524288","524288","32","32","0","0","-","-","-","0","0","0","0","0","0","0","0","0","-","0","0","0","0","0","0","0","0","1","0","0","0","0","0","0","0","0","0","0","0","0","0","0","0","0","0","0","0","0","0","0","0","0","0","0","0","0","0","0","0"
"0x70736776ee80","      USHF.R.S32.HI UR4, URZ, 0x1f, UR5","3","0","3","16384","524288","524288","32","32","0","0","-","-","-","0","0","0","0","0","0","0","0","0","-","0","0","0","0","0","0","0","0","0","0","0","0","0","0","0","0","0","1","0","2","0","0","0","0","0","0","0","0","0","0","0","0","0","0","0","0","0","0","0","0"
"0x70736776ee90","      R2P PR, R0, 0x6","0","0","0","16384","524288","524288","32","32","0","0","-","-","-","0","0","0","0","0","0","0","0","0","-","0","0","0","0","0","0","0","0","0","0","0","0","0","0","0","0","0","0","0","0","0","0","0","0","0","0","0","0","0","0","0","0","0","0","0","0","0","0","0","0"
"0x70736776eea0","      FSEL R0, RZ, +QNAN , P1","3","1","3","16384","524288","524288","32","32","0","0","-","-","-","0","0","0","0","0","0","0","0","0","-","0","0","0","0","0","0","0","0","0","0","0","0","0","0","0","0","0","2","0","0","0","0","1","0","0","0","0","0","0","0","0","0","0","0","0","0","0","0","0","1"
"0x70736776eeb0","@P2   BRA 0x7073677703b0","6","4","6","16384","524288","0","32","0","32","0","-","-","-","0","0","0","0","0","0","0","0","0","-","0","0","0","0","0","0","0","0","0","0","0","0","0","0","0","0","0","1","0","2","0","0","3","0","0","0","0","0","0","0","0","0","0","0","0","0","2","0","0","2"
"0x70736776eec0","      ISETP.GE.AND P2, PT, R20, UR6, PT","1","0","1","16384","524288","524288","32","32","0","0","-","-","-","0","0","0","0","0","0","0","0","0","-","0","0","0","0","0","0","0","0","0","0","0","0","0","0","0","0","0","0","0","0","0","0","1","0","0","0","0","0","0","0","0","0","0","0","0","0","0","0","0","0"
"0x70736776eed0","      ISETP.GE.AND P3, PT, R37, UR6, PT","1","0","1","16384","524288","524288","32","32","0","0","-","-","-","0","0","0","0","0","0","0","0","0","-","0","0","0","0","0","0","0","0","0","0","0","0","0","0","0","0","0","0","1","0","0","0","0","0","0","0","0","0","0","0","0","0","0","0","0","0","0","0","0","0"
"0x70736776eee0","      IMAD.WIDE.U32 R4, R24, UR5, RZ","0","0","0","16384","524288","524288","32","32","0","0","-","-","-","0","0","0","0","0","0","0","0","0","-","0","0","0","0","0","0","0","0","0","0","0","0","0","0","0","0","0","0","0","0","0","0","0","0","0","0","0","0","0","0","0","0","0","0","0","0","0","0","0","0"
"0x70736776eef0","      SHF.R.S32.HI R3, RZ, 0x1f, R18","0","0","0","16384","524288","524288","32","32","0","0","-","-","-","0","0","0","0","0","0","0","0","0","-","0","0","0","0","0","0","0","0","0","0","0","0","0","0","0","0","0","0","0","0","0","0","0","0","0","0","0","0","0","0","0","0","0","0","0","0","0","0","0","0"
"0x70736776ef00","      BSSY.RECONVERGENT B0, 0x70736776f240","1","0","1","16384","524288","524288","32","32","0","0","-","-","-","0","0","0","0","0","0","0","0","0","-","0","0","0","0","0","0","0","0","0","0","0","0","0","0","0","0","0","0","1","0","0","0","0","0","0","0","0","0","0","0","0","0","0","0","0","0","0","0","0","0"
"0x70736776ef10","      ISETP.GE.OR P5, PT, R24, UR7, P2","0","0","0","16384","524288","524288","32","32","0","0","-","-","-","0","0","0","0","0","0","0","0","0","-","0","0","0","0","0","0","0","0","0","0","0","0","0","0","0","0","0","0","0","0","0","0","0","0","0","0","0","0","0","0","0","0","0","0","0","0","0","0","0","0"
"0x70736776ef20","      ISETP.GE.OR P6, PT, R24, UR7, P3","2","0","2","16384","524288","524288","32","32","0","0","-","-","-","0","0","0","0","0","0","0","0","0","-","0","0","0","0","0","0","0","0","0","0","0","0","0","0","0","0","0","0","2","0","0","0","0","0","0","0","0","0","0","0","0","0","0","0","0","0","0","0","0","0"
"0x70736776ef30","      IMAD R5, R24, UR4, R5","1","0","1","16384","524288","524288","32","32","0","0","-","-","-","0","0","0","0","0","0","0","0","0","-","0","0","0","0","0","0","0","0","1","0","0","0","0","0","0","0","0","0","0","0","0","0","0","0","0","0","0","0","0","0","0","0","0","0","0","0","0","0","0","0"
"0x70736776ef40","      MOV R2, R18","1","0","1","16384","524288","524288","32","32","0","0","-","-","-","0","0","0","0","0","0","0","0","0","-","0","0","0","0","0","0","0","0","0","0","0","0","0","0","0","0","0","0","1","0","0","0","0","0","0","0","0","0","0","0","0","0","0","0","0","0","0","0","0","0"
"0x70736776ef50","      ISETP.GE.AND P4, PT, R18, UR6, PT","0","0","0","16384","524288","524288","32","32","0","0","-","-","-","0","0","0","0","0","0","0","0","0","-","0","0","0","0","0","0","0","0","0","0","0","0","0","0","0","0","0","0","0","0","0","0","0","0","0","0","0","0","0","0","0","0","0","0","0","0","0","0","0","0"
"0x70736776ef60","      IADD.64 R6, R2, R4","2","0","2","16384","524288","524288","32","32","0","0","-","-","-","0","0","0","0","0","0","0","0","0","-","0","0","0","0","0","0","0","0","0","0","0","0","1","0","0","0","0","1","0","0","0","0","0","0","0","0","0","0","0","0","0","0","0","0","0","0","0","0","0","0"
"0x70736776ef70","@!P5  FSETP.GEU.AND P1, PT, R51, R0, PT","0","0","0","16384","524288","524288","32","32","0","0","-","-","-","0","0","0","0","0","0","0","0","0","-","0","0","0","0","0","0","0","0","0","0","0","0","0","0","0","0","0","0","0","0","0","0","0","0","0","0","0","0","0","0","0","0","0","0","0","0","0","0","0","0"
"0x70736776ef80","@!P5  FADD R51, RZ, R51","1","0","1","16384","524288","524288","32","32","0","0","-","-","-","0","0","0","0","0","0","0","0","0","-","0","0","0","0","0","0","0","0","0","0","0","0","0","0","0","0","0","0","1","0","0","0","0","0","0","0","0","0","0","0","0","0","0","0","0","0","0","0","0","0"
"0x70736776ef90","@!P6  FSETP.GEU.AND P0, PT, R57, R0, PT","0","0","0","16384","524288","524288","32","32","0","0","-","-","-","0","0","0","0","0","0","0","0","0","-","0","0","0","0","0","0","0","0","0","0","0","0","0","0","0","0","0","0","0","0","0","0","0","0","0","0","0","0","0","0","0","0","0","0","0","0","0","0","0","0"
"0x70736776efa0","@!P6  FADD R57, RZ, R57","1","0","1","16384","524288","524288","32","32","0","0","-","-","-","0","0","0","0","0","0","0","0","0","-","0","0","0","0","0","0","0","0","0","0","0","0","0","0","0","0","0","0","1","0","0","0","0","0","0","0","0","0","0","0","0","0","0","0","0","0","0","0","0","0"
"0x70736776efb0","@!P5  FSEL R51, R0, R51, !P1","1","0","1","16384","524288","524288","32","32","0","0","-","-","-","0","0","0","0","0","0","0","0","0","-","0","0","0","0","0","0","0","0","0","0","0","0","0","0","0","0","0","0","1","0","0","0","0","0","0","0","0","0","0","0","0","0","0","0","0","0","0","0","0","0"
"0x70736776efc0","      LEA R8, P1, R6, UR28, 0x2","1","0","1","16384","524288","524288","32","32","0","0","-","-","-","0","0","0","0","0","0","0","0","0","-","0","0","0","0","0","0","0","0","0","0","0","0","0","0","0","0","0","1","0","0","0","0","0","0","0","0","0","0","0","0","0","0","0","0","0","0","0","0","0","0"
"0x70736776efd0","@!P6  FSEL R57, R0, R57, !P0","0","0","0","16384","524288","524288","32","32","0","0","-","-","-","0","0","0","0","0","0","0","0","0","-","0","0","0","0","0","0","0","0","0","0","0","0","0","0","0","0","0","0","0","0","0","0","0","0","0","0","0","0","0","0","0","0","0","0","0","0","0","0","0","0"
"0x70736776efe0","      ISETP.GE.AND P0, PT, R35, UR6, PT","1","0","1","16384","524288","524288","32","32","0","0","-","-","-","0","0","0","0","0","0","0","0","0","-","0","0","0","0","0","0","0","0","0","0","0","0","0","0","0","0","0","0","1","0","0","0","0","0","0","0","0","0","0","0","0","0","0","0","0","0","0","0","0","0"
"0x70736776eff0","      LEA.HI.X R9, R6, UR29, R7, 0x2, P1","0","0","0","16384","524288","524288","32","32","0","0","-","-","-","0","0","0","0","0","0","0","0","0","-","0","0","0","0","0","0","0","0","0","0","0","0","0","0","0","0","0","0","0","0","0","0","0","0","0","0","0","0","0","0","0","0","0","0","0","0","0","0","0","0"
"0x70736776f000","      IMAD.WIDE.U32 R6, R27, UR5, RZ","1","0","1","16384","524288","524288","32","32","0","0","-","-","-","0","0","0","0","0","0","0","0","0","-","0","0","0","0","0","0","0","0","0","0","0","0","0","0","0","0","0","0","1","0","0","0","0","0","0","0","0","0","0","0","0","0","0","0","0","0","0","0","0","0"
"0x70736776f010","      ISETP.LT.AND P1, PT, R24, UR7, !P4","2","0","2","16384","524288","524288","32","32","0","0","-","-","-","0","0","0","0","0","0","0","0","0","-","0","0","0","0","0","0","0","0","0","0","0","0","0","0","0","0","0","0","2","0","0","0","0","0","0","0","0","0","0","0","0","0","0","0","0","0","0","0","0","0"
"0x70736776f020","      ISETP.LT.AND P4, PT, R27, UR7, !P4","0","0","0","16384","524288","524288","32","32","0","0","-","-","-","0","0","0","0","0","0","0","0","0","-","0","0","0","0","0","0","0","0","0","0","0","0","0","0","0","0","0","0","0","0","0","0","0","0","0","0","0","0","0","0","0","0","0","0","0","0","0","0","0","0"
"0x70736776f030","@!P5  ST.E desc[UR24][R8.64+0x4], R51","1","0","1","16384","524288","524288","32","32","0","0","Global","Store","32","65536","0","0","0","0","196608","262144","65536","0","","0","0","0","0","0","0","0","0","1","0","0","0","0","0","0","0","0","0","0","0","0","0","0","0","0","0","0","0","0","0","0","0","0","0","0","0","0","0","0","0"
"0x70736776f040","      ISETP.GE.OR P5, PT, R24, UR7, P0","1","0","1","16384","524288","524288","32","32","0","0","-","-","-","0","0","0","0","0","0","0","0","0","-","0","0","0","0","0","0","0","0","0","0","0","0","0","0","0","0","0","0","1","0","0","0","0","0","0","0","0","0","0","0","0","0","0","0","0","0","0","0","0","0"
"0x70736776f050","      IMAD R7, R27, UR4, R7","1","0","1","16384","524288","524288","32","32","0","0","-","-","-","0","0","0","0","0","0","0","0","0","-","0","0","0","0","0","0","0","0","0","0","0","0","1","0","0","0","0","0","0","0","0","0","0","0","0","0","0","0","0","0","0","0","0","0","0","0","0","0","0","0"
"0x70736776f060","@!P6  ST.E desc[UR24][R8.64+0x8], R57","4","0","4","16384","524288","524288","32","32","0","0","Global","Store","32","65536","0","0","0","0","196608","262144","65536","0","","0","0","0","0","0","0","0","0","1","0","0","0","0","0","0","0","0","2","1","0","0","0","0","0","0","0","0","0","0","0","0","0","0","0","0","0","0","0","0","0"
"0x70736776f070","      IADD.64 R12, R2, R6","4","0","4","16384","524288","524288","32","32","0","0","-","-","-","0","0","0","0","0","0","0","0","0","-","0","0","0","0","0","0","0","0","0","0","0","0","2","0","0","0","0","1","0","0","0","0","1","0","0","0","0","0","0","0","0","0","0","0","0","0","0","0","0","0"
"0x70736776f080","@P1   FSETP.GEU.AND P6, PT, R28, R0, PT","4","0","4","16384","524288","524288","32","32","0","0","-","-","-","0","0","0","0","0","0","0","0","0","-","0","0","0","0","0","0","0","0","1","0","0","0","0","0","0","0","0","2","1","0","0","0","0","0","0","0","0","0","0","0","0","0","0","0","0","0","0","0","0","0"
"0x70736776f090","@P1   FADD R11, RZ, R28","0","0","0","16384","524288","524288","32","32","0","0","-","-","-","0","0","0","0","0","0","0","0","0","-","0","0","0","0","0","0","0","0","0","0","0","0","0","0","0","0","0","0","0","0","0","0","0","0","0","0","0","0","0","0","0","0","0","0","0","0","0","0","0","0"
"0x70736776f0a0","      LOP3.LUT R28, R28, 0xfffffffd, RZ, 0xc0, !PT","0","0","0","16384","524288","524288","32","32","0","0","-","-","-","0","0","0","0","0","0","0","0","0","-","0","0","0","0","0","0","0","0","0","0","0","0","0","0","0","0","0","0","0","0","0","0","0","0","0","0","0","0","0","0","0","0","0","0","0","0","0","0","0","0"
"0x70736776f0b0","@P1   FSEL R15, R0, R11, !P6","7","0","7","16384","524288","524288","32","32","0","0","-","-","-","0","0","0","0","0","0","0","0","0","-","0","0","0","0","0","0","0","0","3","0","0","0","0","0","0","0","0","1","1","0","0","0","2","0","0","0","0","0","0","0","0","0","0","0","0","0","0","0","0","0"
"0x70736776f0c0","@!P5  FSETP.GEU.AND P6, PT, R45, R0, PT","0","0","0","16384","524288","524288","32","32","0","0","-","-","-","0","0","0","0","0","0","0","0","0","-","0","0","0","0","0","0","0","0","0","0","0","0","0","0","0","0","0","0","0","0","0","0","0","0","0","0","0","0","0","0","0","0","0","0","0","0","0","0","0","0"
"0x70736776f0d0","@!P5  FADD R45, RZ, R45","0","0","0","16384","524288","524288","32","32","0","0","-","-","-","0","0","0","0","0","0","0","0","0","-","0","0","0","0","0","0","0","0","0","0","0","0","0","0","0","0","0","0","0","0","0","0","0","0","0","0","0","0","0","0","0","0","0","0","0","0","0","0","0","0"
"0x70736776f0e0","@P1   ST.E desc[UR24][R8.64], R15","3","0","3","16384","524288","524288","32","32","0","0","Global","Store","32","65536","0","0","0","0","196608","262144","65536","0","","0","0","0","0","0","0","0","0","1","0","0","0","0","0","0","0","0","1","1","0","0","0","0","0","0","0","0","0","0","0","0","0","0","0","0","0","0","0","0","0"
"0x70736776f0f0","      ISETP.GE.AND P1, PT, R16, UR6, PT","0","0","0","16384","524288","524288","32","32","0","0","-","-","-","0","0","0","0","0","0","0","0","0","-","0","0","0","0","0","0","0","0","0","0","0","0","0","0","0","0","0","0","0","0","0","0","0","0","0","0","0","0","0","0","0","0","0","0","0","0","0","0","0","0"
"0x70736776f100","@!P5  FSEL R45, R0, R45, !P6","1","0","1","16384","524288","524288","32","32","0","0","-","-","-","0","0","0","0","0","0","0","0","0","-","0","0","0","0","0","0","0","0","0","0","0","0","0","0","0","0","0","0","1","0","0","0","0","0","0","0","0","0","0","0","0","0","0","0","0","0","0","0","0","0"
"0x70736776f110","      LEA R10, P6, R12, UR28, 0x2","1","0","1","16384","524288","524288","32","32","0","0","-","-","-","0","0","0","0","0","0","0","0","0","-","0","0","0","0","0","0","0","0","0","0","0","0","0","0","0","0","0","0","1","0","0","0","0","0","0","0","0","0","0","0","0","0","0","0","0","0","0","0","0","0"
"0x70736776f120","      ISETP.LT.AND P1, PT, R24, UR7, !P1","2","0","2","16384","524288","524288","32","32","0","0","-","-","-","0","0","0","0","0","0","0","0","0","-","0","0","0","0","0","0","0","0","1","0","0","0","0","0","0","0","0","1","0","0","0","0","0","0","0","0","0","0","0","0","0","0","0","0","0","0","0","0","0","0"
"0x70736776f130","      LEA.HI.X R11, R12, UR29, R13, 0x2, P6","1","0","1","16384","524288","524288","32","32","0","0","-","-","-","0","0","0","0","0","0","0","0","0","-","0","0","0","0","0","0","0","0","1","0","0","0","0","0","0","0","0","0","0","0","0","0","0","0","0","0","0","0","0","0","0","0","0","0","0","0","0","0","0","0"
"0x70736776f140","@!P5  ST.E desc[UR24][R8.64+0xc], R45","1","1","1","16384","524288","524288","32","32","0","0","Global","Store","32","65536","0","0","0","0","196608","262144","65536","0","","0","0","0","0","0","0","0","0","0","0","0","0","0","0","1","0","0","0","0","0","0","0","0","0","0","0","0","0","0","0","0","1","0","0","0","0","0","0","0","0"
"0x70736776f150","      ISETP.GE.AND P6, PT, R34, UR6, PT","1","0","1","16384","524288","524288","32","32","0","0","-","-","-","0","0","0","0","0","0","0","0","0","-","0","0","0","0","0","0","0","0","0","0","0","0","0","0","0","0","0","0","1","0","0","0","0","0","0","0","0","0","0","0","0","0","0","0","0","0","0","0","0","0"
"0x70736776f160","@P4   FSETP.GEU.AND P5, PT, R29, R0, PT","1","0","1","16384","524288","524288","32","32","0","0","-","-","-","0","0","0","0","0","0","0","0","0","-","0","0","0","0","0","0","0","0","0","0","0","0","0","0","0","0","0","0","1","0","0","0","0","0","0","0","0","0","0","0","0","0","0","0","0","0","0","0","0","0"
"0x70736776f170","@P4   FADD R29, RZ, R29","0","0","0","16384","524288","524288","32","32","0","0","-","-","-","0","0","0","0","0","0","0","0","0","-","0","0","0","0","0","0","0","0","0","0","0","0","0","0","0","0","0","0","0","0","0","0","0","0","0","0","0","0","0","0","0","0","0","0","0","0","0","0","0","0"
"0x70736776f180","@P6   LOP3.LUT R28, R28, 0x2, RZ, 0xfc, !PT","8","1","8","16384","524288","0","32","0","32","0","-","-","-","0","0","0","0","0","0","0","0","0","-","0","0","0","0","0","0","0","0","0","0","0","0","0","0","0","0","0","5","0","0","0","0","3","0","0","0","0","0","0","0","0","0","0","0","0","0","0","0","0","1"
"0x70736776f190","@!P1  BRA 0x70736776f230","3","1","3","16384","524288","0","32","0","32","0","-","-","-","0","0","0","0","0","0","0","0","0","-","0","0","0","0","0","0","0","0","0","0","0","3","0","0","0","0","0","0","0","0","0","0","0","0","0","0","0","0","1","0","0","0","0","0","0","0","0","0","0","0"
"0x70736776f1a0","      SHF.R.S32.HI R13, RZ, 0x1f, R16","1","0","1","16384","524288","524288","32","32","0","0","-","-","-","0","0","0","0","0","0","0","0","0","-","0","0","0","0","0","0","0","0","0","0","0","0","0","0","0","0","0","1","0","0","0","0","0","0","0","0","0","0","0","0","0","0","0","0","0","0","0","0","0","0"
"0x70736776f1b0","      MOV R12, R16","1","0","1","16384","524288","524288","32","32","0","0","-","-","-","0","0","0","0","0","0","0","0","0","-","0","0","0","0","0","0","0","0","0","0","0","0","0","0","0","0","0","0","1","0","0","0","0","0","0","0","0","0","0","0","0","0","0","0","0","0","0","0","0","0"
"0x70736776f1c0","      IADD.64 R12, R12, R4","6","1","6","16384","524288","524288","32","32","0","0","-","-","-","0","0","0","0","0","0","0","0","0","-","0","0","0","0","0","0","0","0","1","0","0","0","2","0","0","0","0","2","0","0","0","0","1","0","0","0","0","0","0","0","0","0","0","0","0","0","0","0","0","1"
"0x70736776f1d0","      LEA R8, P1, R12, UR28, 0x2","2","0","2","16384","524288","524288","32","32","0","0","-","-","-","0","0","0","0","0","0","0","0","0","-","0","0","0","0","0","0","0","0","0","0","0","0","0","0","0","0","0","1","1","0","0","0","0","0","0","0","0","0","0","0","0","0","0","0","0","0","0","0","0","0"
"0x70736776f1e0","      LEA.HI.X R9, R12, UR29, R13, 0x2, P1","1","1","1","16384","524288","524288","32","32","0","0","-","-","-","0","0","0","0","0","0","0","0","0","-","0","0","0","0","0","0","0","0","0","0","0","0","0","0","0","0","0","0","0","0","0","0","1","0","0","0","0","0","0","0","0","0","0","0","0","0","0","0","0","1"
"0x70736776f1f0","      FADD R13, RZ, R48","0","0","0","16384","524288","524288","32","32","0","0","-","-","-","0","0","0","0","0","0","0","0","0","-","0","0","0","0","0","0","0","0","0","0","0","0","0","0","0","0","0","0","0","0","0","0","0","0","0","0","0","0","0","0","0","0","0","0","0","0","0","0","0","0"
"0x70736776f200","      FSETP.GEU.AND P1, PT, R48, R0, PT","2","0","2","16384","524288","524288","32","32","0","0","-","-","-","0","0","0","0","0","0","0","0","0","-","0","0","0","0","0","0","0","0","0","0","0","0","0","0","0","0","0","0","2","0","0","0","0","0","0","0","0","0","0","0","0","0","0","0","0","0","0","0","0","0"
"0x70736776f210","      FSEL R13, R0, R13, !P1","3","0","3","16384","524288","524288","32","32","0","0","-","-","-","0","0","0","0","0","0","0","0","0","-","0","0","0","0","0","0","0","0","0","0","0","0","0","0","0","0","0","1","1","0","0","0","1","0","0","0","0","0","0","0","0","0","0","0","0","0","0","0","0","0"
"0x70736776f220","      ST.E desc[UR24][R8.64], R13","2","0","2","16384","524288","524288","32","32","0","0","Global","Store","32","65536","0","0","0","0","196608","262144","65536","0","","0","0","0","0","0","0","0","0","0","0","0","0","0","0","0","0","0","2","0","0","0","0","0","0","0","0","0","0","0","0","0","0","0","0","0","0","0","0","0","0"
"0x70736776f230","      BSYNC.RECONVERGENT B0","3","0","3","16384","524288","524288","32","32","0","0","-","-","-","0","0","0","0","0","0","0","0","0","-","0","0","0","0","0","0","0","0","0","0","0","0","0","0","0","0","0","3","0","0","0","0","0","0","0","0","0","0","0","0","0","0","0","0","0","0","0","0","0","0"
"0x70736776f240","@P4   FSEL R29, R0, R29, !P5","4","2","4","16384","524288","524288","32","32","0","0","-","-","-","0","0","0","0","0","0","0","0","0","-","0","0","0","0","0","0","0","1","2","0","0","0","0","0","0","0","0","0","0","0","0","0","1","0","1","0","0","0","0","0","0","0","0","0","0","0","0","0","0","1"
"0x70736776f250","      ISETP.GE.OR P5, PT, R24, UR7, P6","1","0","1","16384","524288","524288","32","32","0","0","-","-","-","0","0","0","0","0","0","0","0","0","-","0","0","0","0","0","0","0","0","0","0","0","0","0","0","0","0","0","0","1","0","0","0","0","0","0","0","0","0","0","0","0","0","0","0","0","0","0","0","0","0"
"0x70736776f260","      BSSY.RECONVERGENT B0, 0x70736776f330","0","0","0","16384","524288","524288","32","32","0","0","-","-","-","0","0","0","0","0","0","0","0","0","-","0","0","0","0","0","0","0","0","0","0","0","0","0","0","0","0","0","0","0","0","0","0","0","0","0","0","0","0","0","0","0","0","0","0","0","0","0","0","0","0"
"0x70736776f270","      ISETP.GE.AND P1, PT, R33, UR6, PT","0","0","0","16384","524288","524288","32","32","0","0","-","-","-","0","0","0","0","0","0","0","0","0","-","0","0","0","0","0","0","0","0","0","0","0","0","0","0","0","0","0","0","0","0","0","0","0","0","0","0","0","0","0","0","0","0","0","0","0","0","0","0","0","0"
"0x70736776f280","@P5   BRA 0x70736776f320","5","1","5","16384","524288","0","32","0","32","0","-","-","-","0","0","0","0","0","0","0","0","0","-","0","0","0","0","0","0","0","0","0","0","0","0","0","0","0","0","0","2","1","0","0","0","2","0","0","0","0","0","0","0","0","0","0","0","0","0","0","0","0","1"
"0x70736776f290","      SHF.R.S32.HI R9, RZ, 0x1f, R34","9","3","9","16384","524288","524288","32","32","0","0","-","-","-","0","0","0","0","0","0","0","0","0","-","0","0","0","0","0","0","0","0","0","0","0","4","1","0","0","0","0","2","0","0","0","0","2","0","0","0","0","0","2","0","0","0","0","0","0","0","0","0","0","1"
"0x70736776f2a0","      MOV R8, R34","1","0","1","16384","524288","524288","32","32","0","0","-","-","-","0","0","0","0","0","0","0","0","0","-","0","0","0","0","0","0","0","0","0","0","0","0","0","0","0","0","0","0","1","0","0","0","0","0","0","0","0","0","0","0","0","0","0","0","0","0","0","0","0","0"
"0x70736776f2b0","      IADD.64 R12, R8, R4","5","0","5","16384","524288","524288","32","32","0","0","-","-","-","0","0","0","0","0","0","0","0","0","-","0","0","0","0","0","0","0","0","1","0","0","0","0","0","0","0","0","3","0","0","0","0","1","0","0","0","0","0","0","0","0","0","0","0","0","0","0","0","0","0"
"0x70736776f2c0","      LEA R8, P5, R12, UR28, 0x2","4","0","4","16384","524288","524288","32","32","0","0","-","-","-","0","0","0","0","0","0","0","0","0","-","0","0","0","0","0","0","0","0","1","0","0","0","2","0","0","0","0","1","0","0","0","0","0","0","0","0","0","0","0","0","0","0","0","0","0","0","0","0","0","0"
"0x70736776f2d0","      LEA.HI.X R9, R12, UR29, R13, 0x2, P5","4","0","4","16384","524288","524288","32","32","0","0","-","-","-","0","0","0","0","0","0","0","0","0","-","0","0","0","0","0","0","0","0","0","0","0","0","0","0","0","0","0","2","2","0","0","0","0","0","0","0","0","0","0","0","0","0","0","0","0","0","0","0","0","0"
"0x70736776f2e0","      FSETP.GEU.AND P5, PT, R61, R0, PT","0","0","0","16384","524288","524288","32","32","0","0","-","-","-","0","0","0","0","0","0","0","0","0","-","0","0","0","0","0","0","0","0","0","0","0","0","0","0","0","0","0","0","0","0","0","0","0","0","0","0","0","0","0","0","0","0","0","0","0","0","0","0","0","0"
"0x70736776f2f0","      FADD R61, RZ, R61","0","0","0","16384","524288","524288","32","32","0","0","-","-","-","0","0","0","0","0","0","0","0","0","-","0","0","0","0","0","0","0","0","0","0","0","0","0","0","0","0","0","0","0","0","0","0","0","0","0","0","0","0","0","0","0","0","0","0","0","0","0","0","0","0"
"0x70736776f300","      FSEL R61, R0, R61, !P5","4","0","4","16384","524288","524288","32","32","0","0","-","-","-","0","0","0","0","0","0","0","0","0","-","0","0","0","0","0","0","0","0","1","0","0","0","0","0","0","0","0","1","2","0","0","0","0","0","0","0","0","0","0","0","0","0","0","0","0","0","0","0","0","0"
"0x70736776f310","      ST.E desc[UR24][R8.64], R61","5","3","5","16384","524288","524288","32","32","0","0","Global","Store","32","65536","0","0","0","0","196608","262144","65536","0","","0","0","0","0","0","0","0","0","0","0","1","0","0","0","2","0","0","1","0","0","0","0","1","0","0","0","0","1","0","0","0","1","0","0","0","0","0","0","0","1"
"0x70736776f320","      BSYNC.RECONVERGENT B0","2","0","2","16384","524288","524288","32","32","0","0","-","-","-","0","0","0","0","0","0","0","0","0","-","0","0","0","0","0","0","0","0","1","0","0","0","0","0","0","0","0","1","0","0","0","0","0","0","0","0","0","0","0","0","0","0","0","0","0","0","0","0","0","0"
"0x70736776f330","      ISETP.GE.OR P5, PT, R24, UR7, P1","3","1","3","16384","524288","524288","32","32","0","0","-","-","-","0","0","0","0","0","0","0","0","0","-","0","0","0","0","0","0","0","1","0","0","0","0","0","0","0","0","0","1","1","0","0","0","0","0","1","0","0","0","0","0","0","0","0","0","0","0","0","0","0","0"
"0x70736776f340","      BSSY.RECONVERGENT B0, 0x70736776f400","1","0","1","16384","524288","524288","32","32","0","0","-","-","-","0","0","0","0","0","0","0","0","0","-","0","0","0","0","0","0","0","0","1","0","0","0","0","0","0","0","0","0","0","0","0","0","0","0","0","0","0","0","0","0","0","0","0","0","0","0","0","0","0","0"
"0x70736776f350","@P5   BRA 0x70736776f3f0","3","1","3","16384","524288","0","32","0","32","0","-","-","-","0","0","0","0","0","0","0","0","0","-","0","0","0","0","0","0","0","0","0","0","0","0","0","0","0","0","0","1","1","0","0","0","1","0","0","0","0","0","0","0","0","0","0","0","0","0","0","0","0","1"
"0x70736776f360","      SHF.R.S32.HI R9, RZ, 0x1f, R33","7","2","7","16384","524288","524288","32","32","0","0","-","-","-","0","0","0","0","0","0","0","0","0","-","0","0","0","0","0","0","0","0","0","0","0","2","0","0","0","0","0","3","0","0","0","0","2","0","0","0","0","0","1","0","0","0","0","0","0","0","0","0","0","1"
"0x70736776f370","      MOV R8, R33","0","0","0","16384","524288","524288","32","32","0","0","-","-","-","0","0","0","0","0","0","0","0","0","-","0","0","0","0","0","0","0","0","0","0","0","0","0","0","0","0","0","0","0","0","0","0","0","0","0","0","0","0","0","0","0","0","0","0","0","0","0","0","0","0"
"0x70736776f380","      IADD.64 R12, R8, R4","7","0","7","16384","524288","524288","32","32","0","0","-","-","-","0","0","0","0","0","0","0","0","0","-","0","0","0","0","0","0","0","0","1","0","0","0","2","0","0","0","0","3","1","0","0","0","0","0","0","0","0","0","0","0","0","0","0","0","0","0","0","0","0","0"
"0x70736776f390","      LEA R8, P5, R12, UR28, 0x2","4","1","4","16384","524288","524288","32","32","0","0","-","-","-","0","0","0","0","0","0","0","0","0","-","0","0","0","0","0","0","0","0","0","0","0","0","2","0","0","0","0","0","1","0","0","0","1","0","0","0","0","0","0","0","0","0","0","0","0","0","0","0","0","1"
"0x70736776f3a0","      LEA.HI.X R9, R12, UR29, R13, 0x2, P5","2","0","2","16384","524288","524288","32","32","0","0","-","-","-","0","0","0","0","0","0","0","0","0","-","0","0","0","0","0","0","0","0","0","0","0","0","0","0","0","0","0","2","0","0","0","0","0","0","0","0","0","0","0","0","0","0","0","0","0","0","0","0","0","0"
"0x70736776f3b0","      FSETP.GEU.AND P5, PT, R41, R0, PT","0","0","0","16384","524288","524288","32","32","0","0","-","-","-","0","0","0","0","0","0","0","0","0","-","0","0","0","0","0","0","0","0","0","0","0","0","0","0","0","0","0","0","0","0","0","0","0","0","0","0","0","0","0","0","0","0","0","0","0","0","0","0","0","0"
"0x70736776f3c0","      FADD R41, RZ, R41","1","0","1","16384","524288","524288","32","32","0","0","-","-","-","0","0","0","0","0","0","0","0","0","-","0","0","0","0","0","0","0","0","1","0","0","0","0","0","0","0","0","0","0","0","0","0","0","0","0","0","0","0","0","0","0","0","0","0","0","0","0","0","0","0"
"0x70736776f3d0","      FSEL R41, R0, R41, !P5","4","0","4","16384","524288","524288","32","32","0","0","-","-","-","0","0","0","0","0","0","0","0","0","-","0","0","0","0","0","0","0","0","1","0","0","0","0","0","0","0","0","2","0","0","0","0","1","0","0","0","0","0","0","0","0","0","0","0","0","0","0","0","0","0"
"0x70736776f3e0","      ST.E desc[UR24][R8.64], R41","4","1","4","16384","524288","524288","32","32","0","0","Global","Store","32","65536","0","0","0","0","196608","262144","65536","0","","0","0","0","0","0","0","0","0","2","0","0","0","0","0","1","0","0","1","0","0","0","0","0","0","0","0","0","0","0","0","0","1","0","0","0","0","0","0","0","0"
"0x70736776f3f0","      BSYNC.RECONVERGENT B0","3","2","3","16384","524288","524288","32","32","0","0","-","-","-","0","0","0","0","0","0","0","0","0","-","0","0","0","0","0","0","0","0","0","0","0","0","0","0","0","0","0","1","0","0","0","0","2","0","0","0","0","0","0","0","0","0","0","0","0","0","0","0","0","2"
"0x70736776f400","      ISETP.GE.AND P5, PT, R32, UR6, PT","6","3","6","16384","524288","524288","32","32","0","0","-","-","-","0","0","0","0","0","0","0","0","0","-","0","0","0","0","0","0","0","4","0","0","0","0","0","0","0","0","0","0","0","0","0","0","2","0","2","0","0","0","0","0","0","0","0","0","0","0","0","0","0","1"
"0x70736776f410","      LOP3.LUT R28, R28, 0xffffffdf, RZ, 0xc0, !PT","0","0","0","16384","524288","524288","32","32","0","0","-","-","-","0","0","0","0","0","0","0","0","0","-","0","0","0","0","0","0","0","0","0","0","0","0","0","0","0","0","0","0","0","0","0","0","0","0","0","0","0","0","0","0","0","0","0","0","0","0","0","0","0","0"
"0x70736776f420","      BSSY.RECONVERGENT B0, 0x70736776f500","0","0","0","16384","524288","524288","32","32","0","0","-","-","-","0","0","0","0","0","0","0","0","0","-","0","0","0","0","0","0","0","0","0","0","0","0","0","0","0","0","0","0","0","0","0","0","0","0","0","0","0","0","0","0","0","0","0","0","0","0","0","0","0","0"
"0x70736776f430","@P5   LOP3.LUT R28, R28, 0x20, RZ, 0xfc, !PT","5","2","5","16384","524288","0","32","0","32","0","-","-","-","0","0","0","0","0","0","0","0","0","-","0","0","0","0","0","0","0","0","0","0","0","0","0","0","0","0","0","1","0","0","0","0","4","0","0","0","0","0","0","0","0","0","0","0","0","0","0","0","0","2"
"0x70736776f440","      ISETP.GE.OR P5, PT, R24, UR7, P5","1","0","1","16384","524288","524288","32","32","0","0","-","-","-","0","0","0","0","0","0","0","0","0","-","0","0","0","0","0","0","0","0","0","0","0","0","0","0","0","0","0","0","1","0","0","0","0","0","0","0","0","0","0","0","0","0","0","0","0","0","0","0","0","0"
"0x70736776f450","@P5   BRA 0x70736776f4f0","3","0","3","16384","524288","0","32","0","32","0","-","-","-","0","0","0","0","0","0","0","0","0","-","0","0","0","0","0","0","0","0","0","0","0","0","0","0","0","0","0","1","0","0","0","0","2","0","0","0","0","0","0","0","0","0","0","0","0","0","0","0","0","0"
"0x70736776f460","      SHF.R.S32.HI R9, RZ, 0x1f, R32","5","2","5","16384","524288","524288","32","32","0","0","-","-","-","0","0","0","0","0","0","0","0","0","-","0","0","0","0","0","0","0","0","1","0","0","1","0","0","0","0","0","1","1","0","0","0","1","0","0","0","0","0","1","0","0","0","0","0","0","0","0","0","0","1"
"0x70736776f470","      MOV R8, R32","0","0","0","16384","524288","524288","32","32","0","0","-","-","-","0","0","0","0","0","0","0","0","0","-","0","0","0","0","0","0","0","0","0","0","0","0","0","0","0","0","0","0","0","0","0","0","0","0","0","0","0","0","0","0","0","0","0","0","0","0","0","0","0","0"
"0x70736776f480","      IADD.64 R8, R8, R4","5","2","5","16384","524288","524288","32","32","0","0","-","-","-","0","0","0","0","0","0","0","0","0","-","0","0","0","0","0","0","0","0","0","0","0","0","1","0","0","0","0","2","0","0","0","0","2","0","0","0","0","0","0","0","0","0","0","0","0","0","0","0","0","2"
"0x70736776f490","      LEA R4, P5, R8, UR28, 0x2","6","1","6","16384","524288","524288","32","32","0","0","-","-","-","0","0","0","0","0","0","0","0","0","-","0","0","0","0","0","0","0","0","0","0","0","0","0","0","0","0","0","3","0","0","0","0","3","0","0","0","0","0","0","0","0","0","0","0","0","0","0","0","0","1"
"0x70736776f4a0","      LEA.HI.X R5, R8, UR29, R9, 0x2, P5","7","2","7","16384","524288","524288","32","32","0","0","-","-","-","0","0","0","0","0","0","0","0","0","-","0","0","0","0","0","0","0","0","0","0","0","0","0","0","0","0","0","3","0","0","0","0","4","0","0","0","0","0","0","0","0","0","0","0","0","0","0","0","0","2"
"0x70736776f4b0","      FADD R9, RZ, R66","1","0","1","16384","524288","524288","32","32","0","0","-","-","-","0","0","0","0","0","0","0","0","0","-","0","0","0","0","0","0","0","0","1","0","0","0","0","0","0","0","0","0","0","0","0","0","0","0","0","0","0","0","0","0","0","0","0","0","0","0","0","0","0","0"
"0x70736776f4c0","      FSETP.GEU.AND P5, PT, R66, R0, PT","1","0","1","16384","524288","524288","32","32","0","0","-","-","-","0","0","0","0","0","0","0","0","0","-","0","0","0","0","0","0","0","0","0","0","0","0","0","0","0","0","0","0","1","0","0","0","0","0","0","0","0","0","0","0","0","0","0","0","0","0","0","0","0","0"
"0x70736776f4d0","      FSEL R9, R0, R9, !P5","2","0","2","16384","524288","524288","32","32","0","0","-","-","-","0","0","0","0","0","0","0","0","0","-","0","0","0","0","0","0","0","0","0","0","0","0","0","0","0","0","0","1","1","0","0","0","0","0","0","0","0","0","0","0","0","0","0","0","0","0","0","0","0","0"
"0x70736776f4e0","      ST.E desc[UR24][R4.64], R9","6","1","6","16384","524288","524288","32","32","0","0","Global","Store","32","65536","0","0","0","0","196608","262144","65536","0","","0","0","0","0","0","0","0","0","0","0","0","0","0","0","2","0","0","2","0","0","0","0","2","0","0","0","0","0","0","0","0","1","0","0","0","0","0","0","0","0"
"0x70736776f4f0","      BSYNC.RECONVERGENT B0","3","0","3","16384","524288","524288","32","32","0","0","-","-","-","0","0","0","0","0","0","0","0","0","-","0","0","0","0","0","0","0","0","0","0","0","0","0","0","0","0","0","3","0","0","0","0","0","0","0","0","0","0","0","0","0","0","0","0","0","0","0","0","0","0"
"0x70736776f500","      ISETP.GE.OR P5, PT, R27, UR7, P2","10","0","10","16384","524288","524288","32","32","0","0","-","-","-","0","0","0","0","0","0","0","0","0","-","0","0","0","0","0","0","0","2","1","0","0","0","0","0","0","0","0","4","2","0","0","0","1","0","0","0","0","0","0","0","0","0","0","0","0","0","0","0","0","0"
"0x70736776f510","@P4   ST.E desc[UR24][R10.64], R29","2","1","2","16384","524288","524288","32","32","0","0","Global","Store","32","65536","0","0","0","0","196608","262144","65536","0","","0","0","0","0","0","0","0","0","0","0","0","0","0","0","2","0","0","0","0","0","0","0","0","0","0","0","0","0","0","0","0","1","0","0","0","0","0","0","0","0"
"0x70736776f520","      ISETP.GE.OR P4, PT, R27, UR7, P0","1","0","1","16384","524288","524288","32","32","0","0","-","-","-","0","0","0","0","0","0","0","0","0","-","0","0","0","0","0","0","0","0","0","0","0","0","0","0","0","0","0","0","1","0","0","0","0","0","0","0","0","0","0","0","0","0","0","0","0","0","0","0","0","0"
"0x70736776f530","      P2R R4, PR, RZ, 0x2","9","4","9","16384","524288","524288","32","32","0","0","-","-","-","0","0","0","0","0","0","0","0","0","-","0","0","0","0","0","0","0","0","0","0","0","6","0","0","0","0","0","2","1","0","0","0","0","0","0","0","0","0","4","0","0","0","0","0","0","0","0","0","0","0"
"0x70736776f540","      IMAD.WIDE.U32 R8, R25, UR5, RZ","1","0","1","16384","524288","524288","32","32","0","0","-","-","-","0","0","0","0","0","0","0","0","0","-","0","0","0","0","0","0","0","0","0","0","0","0","0","0","0","0","0","0","1","0","0","0","0","0","0","0","0","0","0","0","0","0","0","0","0","0","0","0","0","0"
"0x70736776f550","      LOP3.LUT R28, R28, 0xffffffef, RZ, 0xc0, !PT","0","0","0","16384","524288","524288","32","32","0","0","-","-","-","0","0","0","0","0","0","0","0","0","-","0","0","0","0","0","0","0","0","0","0","0","0","0","0","0","0","0","0","0","0","0","0","0","0","0","0","0","0","0","0","0","0","0","0","0","0","0","0","0","0"
"0x70736776f560","      BSSY.RECONVERGENT B0, 0x70736776f7c0","1","0","1","16384","524288","524288","32","32","0","0","-","-","-","0","0","0","0","0","0","0","0","0","-","0","0","0","0","0","0","0","0","0","0","0","0","0","0","0","0","0","0","1","0","0","0","0","0","0","0","0","0","0","0","0","0","0","0","0","0","0","0","0","0"
"0x70736776f570","      IMAD R9, R25, UR4, R9","5","0","5","16384","524288","524288","32","32","0","0","-","-","-","0","0","0","0","0","0","0","0","0","-","0","0","0","0","0","0","0","0","1","0","0","0","0","0","0","0","0","2","1","0","0","0","1","0","0","0","0","0","0","0","0","0","0","0","0","0","0","0","0","0"
"0x70736776f580","@!P5  FADD R5, RZ, R52","9","1","9","16384","524288","524288","32","32","0","0","-","-","-","0","0","0","0","0","0","0","0","0","-","0","0","0","0","0","0","0","0","2","0","0","0","0","0","0","0","0","4","0","0","0","0","3","0","0","1","0","0","0","0","0","0","0","0","0","0","0","0","0","0"
"0x70736776f590","@!P5  FSETP.GEU.AND P6, PT, R52, R0, PT","2","0","2","16384","524288","524288","32","32","0","0","-","-","-","0","0","0","0","0","0","0","0","0","-","0","0","0","0","0","0","0","0","1","0","0","0","0","0","0","0","0","0","1","0","0","0","0","0","0","0","0","0","0","0","0","0","0","0","0","0","0","0","0","0"
"0x70736776f5a0","@!P5  FSEL R13, R0, R5, !P6","2","0","2","16384","524288","524288","32","32","0","0","-","-","-","0","0","0","0","0","0","0","0","0","-","0","0","0","0","0","0","0","0","1","0","0","0","0","0","0","0","0","1","0","0","0","0","0","0","0","0","0","0","0","0","0","0","0","0","0","0","0","0","0","0"
"0x70736776f5b0","      ISETP.GE.OR P6, PT, R27, UR7, P3","0","0","0","16384","524288","524288","32","32","0","0","-","-","-","0","0","0","0","0","0","0","0","0","-","0","0","0","0","0","0","0","0","0","0","0","0","0","0","0","0","0","0","0","0","0","0","0","0","0","0","0","0","0","0","0","0","0","0","0","0","0","0","0","0"
"0x70736776f5c0","@!P5  ST.E desc[UR24][R10.64+0x4], R13","8","3","8","16384","524288","524288","32","32","0","0","Global","Store","32","65536","0","0","0","0","196608","262144","65536","0","","0","0","0","0","0","0","0","0","1","0","0","0","0","0","3","0","0","3","0","0","0","0","1","0","0","0","0","0","0","0","0","3","0","0","0","0","0","0","0","0"
"0x70736776f5d0","@!P4  FSETP.GEU.AND P5, PT, R46, R0, PT","1","0","1","16384","524288","524288","32","32","0","0","-","-","-","0","0","0","0","0","0","0","0","0","-","0","0","0","0","0","0","0","0","0","0","0","0","0","0","0","0","0","0","1","0","0","0","0","0","0","0","0","0","0","0","0","0","0","0","0","0","0","0","0","0"
"0x70736776f5e0","@!P6  FADD R5, RZ, R58","7","0","7","16384","524288","524288","32","32","0","0","-","-","-","0","0","0","0","0","0","0","0","0","-","0","0","0","0","0","0","0","0","0","0","0","0","0","0","0","0","0","6","0","0","0","0","1","0","0","0","0","0","0","0","0","0","0","0","0","0","0","0","0","0"
"0x70736776f5f0","@!P6  FSETP.GEU.AND P1, PT, R58, R0, PT","0","0","0","16384","524288","524288","32","32","0","0","-","-","-","0","0","0","0","0","0","0","0","0","-","0","0","0","0","0","0","0","0","0","0","0","0","0","0","0","0","0","0","0","0","0","0","0","0","0","0","0","0","0","0","0","0","0","0","0","0","0","0","0","0"
"0x70736776f600","@!P6  FSEL R15, R0, R5, !P1","0","0","0","16384","524288","524288","32","32","0","0","-","-","-","0","0","0","0","0","0","0","0","0","-","0","0","0","0","0","0","0","0","0","0","0","0","0","0","0","0","0","0","0","0","0","0","0","0","0","0","0","0","0","0","0","0","0","0","0","0","0","0","0","0"
"0x70736776f610","@!P4  FADD R5, RZ, R46","0","0","0","16384","524288","524288","32","32","0","0","-","-","-","0","0","0","0","0","0","0","0","0","-","0","0","0","0","0","0","0","0","0","0","0","0","0","0","0","0","0","0","0","0","0","0","0","0","0","0","0","0","0","0","0","0","0","0","0","0","0","0","0","0"
"0x70736776f620","      ISETP.NE.AND P1, PT, R4, RZ, PT","0","0","0","16384","524288","524288","32","32","0","0","-","-","-","0","0","0","0","0","0","0","0","0","-","0","0","0","0","0","0","0","0","0","0","0","0","0","0","0","0","0","0","0","0","0","0","0","0","0","0","0","0","0","0","0","0","0","0","0","0","0","0","0","0"
"0x70736776f630","@!P6  ST.E desc[UR24][R10.64+0x8], R15","8","1","8","16384","524288","524288","32","32","0","0","Global","Store","32","65536","0","0","0","0","196608","262144","65536","0","","0","0","0","0","0","0","0","0","2","0","0","0","0","0","1","0","0","2","1","0","0","0","2","0","0","0","0","0","0","0","0","1","0","0","0","0","0","0","0","0"
"0x70736776f640","@!P4  FSEL R21, R0, R5, !P5","0","0","0","16384","524288","524288","32","32","0","0","-","-","-","0","0","0","0","0","0","0","0","0","-","0","0","0","0","0","0","0","0","0","0","0","0","0","0","0","0","0","0","0","0","0","0","0","0","0","0","0","0","0","0","0","0","0","0","0","0","0","0","0","0"
"0x70736776f650","      IMAD.WIDE.U32 R4, R26, UR5, RZ","1","1","1","16384","524288","524288","32","32","0","0","-","-","-","0","0","0","0","0","0","0","0","0","-","0","0","0","0","0","0","0","0","0","0","0","0","1","0","0","0","0","0","0","0","0","0","0","0","0","0","0","0","0","1","0","0","0","0","0","0","0","0","0","0"
"0x70736776f660","      ISETP.GE.AND P6, PT, R16, UR6, PT","0","0","0","16384","524288","524288","32","32","0","0","-","-","-","0","0","0","0","0","0","0","0","0","-","0","0","0","0","0","0","0","0","0","0","0","0","0","0","0","0","0","0","0","0","0","0","0","0","0","0","0","0","0","0","0","0","0","0","0","0","0","0","0","0"
"0x70736776f670","      IMAD R5, R26, UR4, R5","0","0","0","16384","524288","524288","32","32","0","0","-","-","-","0","0","0","0","0","0","0","0","0","-","0","0","0","0","0","0","0","0","0","0","0","0","0","0","0","0","0","0","0","0","0","0","0","0","0","0","0","0","0","0","0","0","0","0","0","0","0","0","0","0"
"0x70736776f680","@!P4  ST.E desc[UR24][R10.64+0xc], R21","1","1","1","16384","524288","524288","32","32","0","0","Global","Store","32","65536","0","0","0","0","196608","262144","65536","0","","0","0","0","0","0","0","0","0","0","0","0","0","0","0","1","0","0","0","0","0","0","0","0","0","0","0","0","0","0","0","0","1","0","0","0","0","0","0","0","0"
"0x70736776f690","      IADD.64 R12, R2, R4","9","5","9","16384","524288","524288","32","32","0","0","-","-","-","0","0","0","0","0","0","0","0","0","-","0","0","0","0","0","0","0","0","0","0","0","3","1","0","0","0","0","2","0","0","0","0","3","0","0","0","0","0","3","0","0","0","0","0","0","0","0","0","0","2"
"0x70736776f6a0","      IADD.64 R14, R2, R8","6","4","6","16384","524288","524288","32","32","0","0","-","-","-","0","0","0","0","0","0","0","0","0","-","0","0","0","0","0","0","0","0","0","0","0","5","0","0","0","0","0","0","1","0","0","0","0","0","0","0","0","0","4","0","0","0","0","0","0","0","0","0","0","0"
"0x70736776f6b0","      LEA R2, P4, R12, UR28, 0x2","3","0","3","16384","524288","524288","32","32","0","0","-","-","-","0","0","0","0","0","0","0","0","0","-","0","0","0","0","0","0","0","0","0","0","0","0","0","0","0","0","0","3","0","0","0","0","0","0","0","0","0","0","0","0","0","0","0","0","0","0","0","0","0","0"
"0x70736776f6c0","@P6   LOP3.LUT R28, R28, 0x10, RZ, 0xfc, !PT","3","0","3","16384","524288","0","32","0","32","0","-","-","-","0","0","0","0","0","0","0","0","0","-","0","0","0","0","0","0","0","0","1","0","0","0","0","0","0","0","0","0","1","0","0","0","1","0","0","0","0","0","0","0","0","0","0","0","0","0","0","0","0","0"
"0x70736776f6d0","      LEA.HI.X R3, R12, UR29, R13, 0x2, P4","3","0","3","16384","524288","524288","32","32","0","0","-","-","-","0","0","0","0","0","0","0","0","0","-","0","0","0","0","0","0","0","0","0","0","0","0","0","0","0","0","0","2","1","0","0","0","0","0","0","0","0","0","0","0","0","0","0","0","0","0","0","0","0","0"
"0x70736776f6e0","      LEA R12, P4, R14, UR28, 0x2","2","0","2","16384","524288","524288","32","32","0","0","-","-","-","0","0","0","0","0","0","0","0","0","-","0","0","0","0","0","0","0","0","0","0","0","0","0","0","0","0","0","1","1","0","0","0","0","0","0","0","0","0","0","0","0","0","0","0","0","0","0","0","0","0"
"0x70736776f6f0","      LEA.HI.X R13, R14, UR29, R15, 0x2, P4","7","2","7","16384","524288","524288","32","32","0","0","-","-","-","0","0","0","0","0","0","0","0","0","-","0","0","0","0","0","0","0","0","2","0","0","0","0","0","0","0","0","2","1","0","0","0","2","0","0","0","0","0","0","0","0","0","0","0","0","0","0","0","0","2"
"0x70736776f700","      ISETP.GE.OR P4, PT, R27, UR7, P6","0","0","0","16384","524288","524288","32","32","0","0","-","-","-","0","0","0","0","0","0","0","0","0","-","0","0","0","0","0","0","0","0","0","0","0","0","0","0","0","0","0","0","0","0","0","0","0","0","0","0","0","0","0","0","0","0","0","0","0","0","0","0","0","0"
"0x70736776f710","@P4   BRA 0x70736776f7b0","12","3","12","16384","524288","0","32","0","32","0","-","-","-","0","0","0","0","0","0","0","0","0","-","0","0","0","0","0","0","0","0","0","0","0","1","0","0","0","0","0","3","0","0","0","0","8","0","0","0","0","0","0","0","0","0","0","0","0","0","0","0","0","3"
"0x70736776f720","      SHF.R.S32.HI R15, RZ, 0x1f, R16","6","0","6","16384","524288","524288","32","32","0","0","-","-","-","0","0","0","0","0","0","0","0","0","-","0","0","0","0","0","0","0","0","2","0","0","0","1","0","0","0","0","3","0","0","0","0","0","0","0","0","0","0","0","0","0","0","0","0","0","0","0","0","0","0"
"0x70736776f730","      MOV R14, R16","0","0","0","16384","524288","524288","32","32","0","0","-","-","-","0","0","0","0","0","0","0","0","0","-","0","0","0","0","0","0","0","0","0","0","0","0","0","0","0","0","0","0","0","0","0","0","0","0","0","0","0","0","0","0","0","0","0","0","0","0","0","0","0","0"
"0x70736776f740","      IADD.64 R14, R14, R6","5","0","5","16384","524288","524288","32","32","0","0","-","-","-","0","0","0","0","0","0","0","0","0","-","0","0","0","0","0","0","0","0","0","0","0","0","1","0","0","0","0","4","0","0","0","0","0","0","0","0","0","0","0","0","0","0","0","0","0","0","0","0","0","0"
"0x70736776f750","      LEA R10, P4, R14, UR28, 0x2","4","0","4","16384","524288","524288","32","32","0","0","-","-","-","0","0","0","0","0","0","0","0","0","-","0","0","0","0","0","0","0","0","1","0","0","0","0","0","0","0","0","2","1","0","0","0","0","0","0","0","0","0","0","0","0","0","0","0","0","0","0","0","0","0"
"0x70736776f760","      LEA.HI.X R11, R14, UR29, R15, 0x2, P4","6","1","6","16384","524288","524288","32","32","0","0","-","-","-","0","0","0","0","0","0","0","0","0","-","0","0","0","0","0","0","0","0","2","0","0","0","0","0","0","0","0","3","0","0","0","0","1","0","0","0","0","0","0","0","0","0","0","0","0","0","0","0","0","1"
"0x70736776f770","      FADD R15, RZ, R49","1","0","1","16384","524288","524288","32","32","0","0","-","-","-","0","0","0","0","0","0","0","0","0","-","0","0","0","0","0","0","0","0","0","0","0","0","0","0","0","0","0","0","1","0","0","0","0","0","0","0","0","0","0","0","0","0","0","0","0","0","0","0","0","0"
"0x70736776f780","      FSETP.GEU.AND P4, PT, R49, R0, PT","1","0","1","16384","524288","524288","32","32","0","0","-","-","-","0","0","0","0","0","0","0","0","0","-","0","0","0","0","0","0","0","0","1","0","0","0","0","0","0","0","0","0","0","0","0","0","0","0","0","0","0","0","0","0","0","0","0","0","0","0","0","0","0","0"
"0x70736776f790","      FSEL R15, R0, R15, !P4","5","1","5","16384","524288","524288","32","32","0","0","-","-","-","0","0","0","0","0","0","0","0","0","-","0","0","0","0","0","0","0","0","0","0","0","0","0","0","0","0","0","1","1","0","0","0","3","0","0","0","0","0","0","0","0","0","0","0","0","0","0","0","0","1"
"0x70736776f7a0","      ST.E desc[UR24][R10.64], R15","18","9","18","16384","524288","524288","32","32","0","0","Global","Store","32","65536","0","0","0","0","196608","262144","65536","0","","0","0","0","0","0","0","0","0","0","0","0","0","0","0","6","0","0","7","0","0","0","0","5","0","0","0","0","0","0","0","0","6","0","0","0","0","0","0","0","3"
"0x70736776f7b0","      BSYNC.RECONVERGENT B0","3","1","3","16384","524288","524288","32","32","0","0","-","-","-","0","0","0","0","0","0","0","0","0","-","0","0","0","0","0","0","0","0","0","0","0","0","0","0","0","0","0","2","0","0","0","0","1","0","0","0","0","0","0","0","0","0","0","0","0","0","0","0","0","1"
"0x70736776f7c0","      LOP3.LUT P4, RZ, R28, 0x2, RZ, 0xc0, !PT","9","1","9","16384","524288","524288","32","32","0","0","-","-","-","0","0","0","0","0","0","0","0","0","-","0","0","0","0","0","0","0","4","0","0","0","0","0","0","0","0","0","2","0","0","0","0","3","0","0","0","0","0","0","0","0","0","0","0","0","0","0","0","0","1"
"0x70736776f7d0","      BSSY.RECONVERGENT B0, 0x70736776f890","0","0","0","16384","524288","524288","32","32","0","0","-","-","-","0","0","0","0","0","0","0","0","0","-","0","0","0","0","0","0","0","0","0","0","0","0","0","0","0","0","0","0","0","0","0","0","0","0","0","0","0","0","0","0","0","0","0","0","0","0","0","0","0","0"
"0x70736776f7e0","      ISETP.GE.OR P4, PT, R27, UR7, P4","3","1","3","16384","524288","524288","32","32","0","0","-","-","-","0","0","0","0","0","0","0","0","0","-","0","0","0","0","0","0","0","0","0","0","0","0","0","0","0","0","0","2","0","0","0","0","1","0","0","0","0","0","0","0","0","0","0","0","0","0","0","0","0","1"
"0x70736776f7f0","@P4   BRA 0x70736776f880","8","2","8","16384","524288","0","32","0","32","0","-","-","-","0","0","0","0","0","0","0","0","0","-","0","0","0","0","0","0","0","0","0","0","0","0","0","0","0","0","0","2","0","0","0","0","6","0","0","0","0","0","0","0","0","0","0","0","0","0","0","0","0","2"
"0x70736776f800","      SHF.R.S32.HI R35, RZ, 0x1f, R34","3","1","3","16384","524288","524288","32","32","0","0","-","-","-","0","0","0","0","0","0","0","0","0","-","0","0","0","0","0","0","0","0","0","0","0","0","0","0","0","0","0","2","0","0","0","0","1","0","0","0","0","0","0","0","0","0","0","0","0","0","0","0","0","1"
"0x70736776f810","      IADD.64 R14, R34, R6","7","2","7","16384","524288","524288","32","32","0","0","-","-","-","0","0","0","0","0","0","0","0","0","-","0","0","0","0","0","0","0","0","0","0","0","5","0","0","0","0","0","1","1","0","0","0","0","0","0","0","0","0","2","0","0","0","0","0","0","0","0","0","0","0"
"0x70736776f820","      LEA R10, P4, R14, UR28, 0x2","7","1","7","16384","524288","524288","32","32","0","0","-","-","-","0","0","0","0","0","0","0","0","0","-","0","0","0","0","0","0","0","0","0","0","0","0","0","0","0","0","0","5","0","0","0","0","2","0","0","0","0","0","0","0","0","0","0","0","0","0","0","0","0","1"
"0x70736776f830","      LEA.HI.X R11, R14, UR29, R15, 0x2, P4","2","0","2","16384","524288","524288","32","32","0","0","-","-","-","0","0","0","0","0","0","0","0","0","-","0","0","0","0","0","0","0","0","0","0","0","0","0","0","0","0","0","2","0","0","0","0","0","0","0","0","0","0","0","0","0","0","0","0","0","0","0","0","0","0"
"0x70736776f840","      FADD R15, RZ, R39","0","0","0","16384","524288","524288","32","32","0","0","-","-","-","0","0","0","0","0","0","0","0","0","-","0","0","0","0","0","0","0","0","0","0","0","0","0","0","0","0","0","0","0","0","0","0","0","0","0","0","0","0","0","0","0","0","0","0","0","0","0","0","0","0"
"0x70736776f850","      FSETP.GEU.AND P4, PT, R39, R0, PT","0","0","0","16384","524288","524288","32","32","0","0","-","-","-","0","0","0","0","0","0","0","0","0","-","0","0","0","0","0","0","0","0","0","0","0","0","0","0","0","0","0","0","0","0","0","0","0","0","0","0","0","0","0","0","0","0","0","0","0","0","0","0","0","0"
"0x70736776f860","      FSEL R15, R0, R15, !P4","1","0","1","16384","524288","524288","32","32","0","0","-","-","-","0","0","0","0","0","0","0","0","0","-","0","0","0","0","0","0","0","0","0","0","0","0","0","0","0","0","0","0","0","0","0","0","1","0","0","0","0","0","0","0","0","0","0","0","0","0","0","0","0","0"
"0x70736776f870","      ST.E desc[UR24][R10.64], R15","4","1","4","16384","524288","524288","32","32","0","0","Global","Store","32","65536","0","0","0","0","196608","262144","65536","0","","0","0","0","0","0","0","0","0","0","0","0","0","0","0","1","0","0","2","0","0","0","0","1","0","0","0","0","0","0","0","0","1","0","0","0","0","0","0","0","0"
"0x70736776f880","      BSYNC.RECONVERGENT B0","4","0","4","16384","524288","524288","32","32","0","0","-","-","-","0","0","0","0","0","0","0","0","0","-","0","0","0","0","0","0","0","0","1","0","0","0","0","0","0","0","0","1","1","0","0","0","1","0","0","0","0","0","0","0","0","0","0","0","0","0","0","0","0","0"
"0x70736776f890","      ISETP.GE.OR P4, PT, R27, UR7, P1","5","0","5","16384","524288","524288","32","32","0","0","-","-","-","0","0","0","0","0","0","0","0","0","-","0","0","0","0","0","0","0","1","0","0","0","0","0","0","0","0","0","3","0","0","0","0","1","0","0","0","0","0","0","0","0","0","0","0","0","0","0","0","0","0"
"0x70736776f8a0","      BSSY.RECONVERGENT B0, 0x70736776f960","1","0","1","16384","524288","524288","32","32","0","0","-","-","-","0","0","0","0","0","0","0","0","0","-","0","0","0","0","0","0","0","0","0","0","0","0","0","0","0","0","0","0","1","0","0","0","0","0","0","0","0","0","0","0","0","0","0","0","0","0","0","0","0","0"
"0x70736776f8b0","@P4   BRA 0x70736776f950","6","2","6","16384","524288","0","32","0","32","0","-","-","-","0","0","0","0","0","0","0","0","0","-","0","0","0","0","0","0","0","0","1","0","0","0","0","0","0","0","0","1","2","0","0","0","2","0","0","0","0","0","0","0","0","0","0","0","0","0","0","0","0","2"
"0x70736776f8c0","      SHF.R.S32.HI R11, RZ, 0x1f, R33","13","5","13","16384","524288","524288","32","32","0","0","-","-","-","0","0","0","0","0","0","0","0","0","-","0","0","0","0","0","0","0","0","0","0","0","7","1","0","0","0","0","2","0","0","0","0","3","0","0","0","0","0","5","0","0","0","0","0","0","0","0","0","0","0"
"0x70736776f8d0","      MOV R10, R33","0","0","0","16384","524288","524288","32","32","0","0","-","-","-","0","0","0","0","0","0","0","0","0","-","0","0","0","0","0","0","0","0","0","0","0","0","0","0","0","0","0","0","0","0","0","0","0","0","0","0","0","0","0","0","0","0","0","0","0","0","0","0","0","0"
"0x70736776f8e0","      IADD.64 R14, R10, R6","6","2","6","16384","524288","524288","32","32","0","0","-","-","-","0","0","0","0","0","0","0","0","0","-","0","0","0","0","0","0","0","0","0","0","0","0","1","0","0","0","0","1","1","0","0","0","3","0","0","0","0","0","0","0","0","0","0","0","0","0","0","0","0","2"
"0x70736776f8f0","      LEA R10, P4, R14, UR28, 0x2","7","2","7","16384","524288","524288","32","32","0","0","-","-","-","0","0","0","0","0","0","0","0","0","-","0","0","0","0","0","0","0","0","1","0","0","0","1","0","0","0","0","3","1","0","0","0","1","0","0","1","0","0","0","0","0","0","0","0","0","0","0","0","0","1"
"0x70736776f900","      LEA.HI.X R11, R14, UR29, R15, 0x2, P4","4","0","4","16384","524288","524288","32","32","0","0","-","-","-","0","0","0","0","0","0","0","0","0","-","0","0","0","0","0","0","0","0","0","0","0","0","0","0","0","0","0","2","0","0","0","0","2","0","0","0","0","0","0","0","0","0","0","0","0","0","0","0","0","0"
"0x70736776f910","      FADD R15, RZ, R43","1","0","1","16384","524288","524288","32","32","0","0","-","-","-","0","0","0","0","0","0","0","0","0","-","0","0","0","0","0","0","0","0","0","0","0","0","0","0","0","0","0","0","1","0","0","0","0","0","0","0","0","0","0","0","0","0","0","0","0","0","0","0","0","0"
"0x70736776f920","      FSETP.GEU.AND P4, PT, R43, R0, PT","0","0","0","16384","524288","524288","32","32","0","0","-","-","-","0","0","0","0","0","0","0","0","0","-","0","0","0","0","0","0","0","0","0","0","0","0","0","0","0","0","0","0","0","0","0","0","0","0","0","0","0","0","0","0","0","0","0","0","0","0","0","0","0","0"
"0x70736776f930","      FSEL R15, R0, R15, !P4","2","0","2","16384","524288","524288","32","32","0","0","-","-","-","0","0","0","0","0","0","0","0","0","-","0","0","0","0","0","0","0","0","0","0","0","0","0","0","0","0","0","0","1","0","0","0","1","0","0","0","0","0","0","0","0","0","0","0","0","0","0","0","0","0"
"0x70736776f940","      ST.E desc[UR24][R10.64], R15","7","2","7","16384","524288","524288","32","32","0","0","Global","Store","32","65536","0","0","0","0","196608","262144","65536","0","","0","0","0","0","0","0","0","0","1","0","0","0","0","0","1","0","0","3","1","0","0","0","1","0","0","0","0","0","0","0","0","1","0","0","0","0","0","0","0","1"
"0x70736776f950","      BSYNC.RECONVERGENT B0","1","0","1","16384","524288","524288","32","32","0","0","-","-","-","0","0","0","0","0","0","0","0","0","-","0","0","0","0","0","0","0","0","0","0","0","0","0","0","0","0","0","0","1","0","0","0","0","0","0","0","0","0","0","0","0","0","0","0","0","0","0","0","0","0"
"0x70736776f960","      LOP3.LUT P4, RZ, R28, 0x20, RZ, 0xc0, !PT","10","3","10","16384","524288","524288","32","32","0","0","-","-","-","0","0","0","0","0","0","0","0","0","-","0","0","0","0","0","0","0","2","0","0","0","0","0","0","0","0","0","3","1","0","0","0","4","0","1","0","0","0","0","0","0","0","0","0","0","0","0","0","0","2"
"0x70736776f970","      BSSY.RECONVERGENT B0, 0x70736776fa40","0","0","0","16384","524288","524288","32","32","0","0","-","-","-","0","0","0","0","0","0","0","0","0","-","0","0","0","0","0","0","0","0","0","0","0","0","0","0","0","0","0","0","0","0","0","0","0","0","0","0","0","0","0","0","0","0","0","0","0","0","0","0","0","0"
"0x70736776f980","      ISETP.GE.OR P4, PT, R27, UR7, P4","5","2","5","16384","524288","524288","32","32","0","0","-","-","-","0","0","0","0","0","0","0","0","0","-","0","0","0","0","0","0","0","0","0","0","0","0","0","0","0","0","0","3","0","0","0","0","2","0","0","0","0","0","0","0","0","0","0","0","0","0","0","0","0","2"
"0x70736776f990","@P4   BRA 0x70736776fa30","8","2","8","16384","524288","0","32","0","32","0","-","-","-","0","0","0","0","0","0","0","0","0","-","0","0","0","0","0","0","0","0","1","0","0","0","0","0","0","0","0","4","0","0","0","0","3","0","0","0","0","0","0","0","0","0","0","0","0","0","0","0","0","2"
"0x70736776f9a0","      SHF.R.S32.HI R11, RZ, 0x1f, R32","14","6","14","16384","524288","524288","32","32","0","0","-","-","-","0","0","0","0","0","0","0","0","0","-","0","0","0","0","0","0","0","0","0","0","0","7","0","0","0","0","0","2","0","0","0","0","5","0","0","0","0","0","3","0","0","0","0","0","0","0","0","0","0","3"
"0x70736776f9b0","      MOV R10, R32","1","0","1","16384","524288","524288","32","32","0","0","-","-","-","0","0","0","0","0","0","0","0","0","-","0","0","0","0","0","0","0","0","0","0","0","0","0","0","0","0","0","0","1","0","0","0","0","0","0","0","0","0","0","0","0","0","0","0","0","0","0","0","0","0"
"0x70736776f9c0","      IADD.64 R6, R10, R6","6","1","6","16384","524288","524288","32","32","0","0","-","-","-","0","0","0","0","0","0","0","0","0","-","0","0","0","0","0","0","0","0","0","0","0","0","0","0","0","0","0","3","0","0","0","0","3","0","0","0","0","0","0","0","0","0","0","0","0","0","0","0","0","1"
"0x70736776f9d0","      LEA R10, P4, R6, UR28, 0x2","6","0","6","16384","524288","524288","32","32","0","0","-","-","-","0","0","0","0","0","0","0","0","0","-","0","0","0","0","0","0","0","0","2","0","0","0","0","0","0","0","0","2","0","0","0","0","2","0","0","0","0","0","0","0","0","0","0","0","0","0","0","0","0","0"
"0x70736776f9e0","      LEA.HI.X R11, R6, UR29, R7, 0x2, P4","4","0","4","16384","524288","524288","32","32","0","0","-","-","-","0","0","0","0","0","0","0","0","0","-","0","0","0","0","0","0","0","0","1","0","0","0","0","0","0","0","0","0","2","0","0","0","1","0","0","0","0","0","0","0","0","0","0","0","0","0","0","0","0","0"
"0x70736776f9f0","      FADD R7, RZ, R67","2","0","2","16384","524288","524288","32","32","0","0","-","-","-","0","0","0","0","0","0","0","0","0","-","0","0","0","0","0","0","0","0","0","0","0","0","0","0","0","0","0","0","2","0","0","0","0","0","0","0","0","0","0","0","0","0","0","0","0","0","0","0","0","0"
"0x70736776fa00","      FSETP.GEU.AND P4, PT, R67, R0, PT","0","0","0","16384","524288","524288","32","32","0","0","-","-","-","0","0","0","0","0","0","0","0","0","-","0","0","0","0","0","0","0","0","0","0","0","0","0","0","0","0","0","0","0","0","0","0","0","0","0","0","0","0","0","0","0","0","0","0","0","0","0","0","0","0"
"0x70736776fa10","      FSEL R7, R0, R7, !P4","3","1","3","16384","524288","524288","32","32","0","0","-","-","-","0","0","0","0","0","0","0","0","0","-","0","0","0","0","0","0","0","0","0","0","0","0","0","0","0","0","0","1","0","0","0","0","2","0","0","0","0","0","0","0","0","0","0","0","0","0","0","0","0","1"
"0x70736776fa20","      ST.E desc[UR24][R10.64], R7","7","4","7","16384","524288","524288","32","32","0","0","Global","Store","32","65536","0","0","0","0","196608","262144","65536","0","","0","0","0","0","0","0","0","0","0","0","0","0","0","0","4","0","0","3","0","0","0","0","0","0","0","0","0","0","0","0","0","4","0","0","0","0","0","0","0","0"
"0x70736776fa30","      BSYNC.RECONVERGENT B0","5","1","5","16384","524288","524288","32","32","0","0","-","-","-","0","0","0","0","0","0","0","0","0","-","0","0","0","0","0","0","0","0","0","0","0","0","0","0","0","0","0","3","0","0","0","0","2","0","0","0","0","0","0","0","0","0","0","0","0","0","0","0","0","1"
"0x70736776fa40","      ISETP.GE.OR P4, PT, R26, UR7, P2","9","2","9","16384","524288","524288","32","32","0","0","-","-","-","0","0","0","0","0","0","0","0","0","-","0","0","0","0","0","0","0","4","0","0","0","0","0","0","0","0","0","4","0","0","0","0","1","0","2","0","0","0","0","0","0","0","0","0","0","0","0","0","0","0"
"0x70736776fa50","      P2R R14, PR, RZ, 0x2","1","0","1","16384","524288","524288","32","32","0","0","-","-","-","0","0","0","0","0","0","0","0","0","-","0","0","0","0","0","0","0","0","0","0","0","0","0","0","0","0","0","0","1","0","0","0","0","0","0","0","0","0","0","0","0","0","0","0","0","0","0","0","0","0"
"0x70736776fa60","      BSSY.RECONVERGENT B0, 0x70736776fd90","0","0","0","16384","524288","524288","32","32","0","0","-","-","-","0","0","0","0","0","0","0","0","0","-","0","0","0","0","0","0","0","0","0","0","0","0","0","0","0","0","0","0","0","0","0","0","0","0","0","0","0","0","0","0","0","0","0","0","0","0","0","0","0","0"
"0x70736776fa70","      ISETP.GE.AND P1, PT, R18, UR6, PT","0","0","0","16384","524288","524288","32","32","0","0","-","-","-","0","0","0","0","0","0","0","0","0","-","0","0","0","0","0","0","0","0","0","0","0","0","0","0","0","0","0","0","0","0","0","0","0","0","0","0","0","0","0","0","0","0","0","0","0","0","0","0","0","0"
"0x70736776fa80","      P2R R10, PR, RZ, 0x8","7","2","7","16384","524288","524288","32","32","0","0","-","-","-","0","0","0","0","0","0","0","0","0","-","0","0","0","0","0","0","0","0","0","0","0","6","0","0","0","0","0","1","0","0","0","0","0","0","0","0","0","0","2","0","0","0","0","0","0","0","0","0","0","0"
"0x70736776fa90","      P2R R6, PR, RZ, 0x4","1","0","1","16384","524288","524288","32","32","0","0","-","-","-","0","0","0","0","0","0","0","0","0","-","0","0","0","0","0","0","0","0","0","0","0","0","0","0","0","0","0","1","0","0","0","0","0","0","0","0","0","0","0","0","0","0","0","0","0","0","0","0","0","0"
"0x70736776faa0","@!P4  FADD R7, RZ, R53","5","1","5","16384","524288","524288","32","32","0","0","-","-","-","0","0","0","0","0","0","0","0","0","-","0","0","0","0","0","0","0","0","0","0","0","0","0","0","0","0","0","3","0","0","0","0","2","0","0","0","0","0","0","0","0","0","0","0","0","0","0","0","0","1"
"0x70736776fab0","@!P4  FSETP.GEU.AND P5, PT, R53, R0, PT","1","0","1","16384","524288","524288","32","32","0","0","-","-","-","0","0","0","0","0","0","0","0","0","-","0","0","0","0","0","0","0","0","0","0","0","0","0","0","0","0","0","0","1","0","0","0","0","0","0","0","0","0","0","0","0","0","0","0","0","0","0","0","0","0"
"0x70736776fac0","@!P4  FSEL R11, R0, R7, !P5","2","1","2","16384","524288","524288","32","32","0","0","-","-","-","0","0","0","0","0","0","0","0","0","-","0","0","0","0","0","0","0","0","0","0","0","0","0","0","0","0","0","1","0","0","0","0","1","0","0","0","0","0","0","0","0","0","0","0","0","0","0","0","0","1"
"0x70736776fad0","      ISETP.GE.OR P5, PT, R26, UR7, P3","0","0","0","16384","524288","524288","32","32","0","0","-","-","-","0","0","0","0","0","0","0","0","0","-","0","0","0","0","0","0","0","0","0","0","0","0","0","0","0","0","0","0","0","0","0","0","0","0","0","0","0","0","0","0","0","0","0","0","0","0","0","0","0","0"
"0x70736776fae0","      ISETP.GE.OR P3, PT, R26, UR7, P1","0","0","0","16384","524288","524288","32","32","0","0","-","-","-","0","0","0","0","0","0","0","0","0","-","0","0","0","0","0","0","0","0","0","0","0","0","0","0","0","0","0","0","0","0","0","0","0","0","0","0","0","0","0","0","0","0","0","0","0","0","0","0","0","0"
"0x70736776faf0","@!P4  ST.E desc[UR24][R2.64+0x4], R11","11","5","11","16384","524288","524288","32","32","0","0","Global","Store","32","65536","0","0","0","0","196608","262144","65536","0","","0","0","0","0","0","0","0","0","1","0","0","0","0","0","5","0","0","4","0","0","0","0","1","0","0","0","0","0","0","0","0","5","0","0","0","0","0","0","0","0"
"0x70736776fb00","      ISETP.GE.OR P4, PT, R25, UR7, P1","0","0","0","16384","524288","524288","32","32","0","0","-","-","-","0","0","0","0","0","0","0","0","0","-","0","0","0","0","0","0","0","0","0","0","0","0","0","0","0","0","0","0","0","0","0","0","0","0","0","0","0","0","0","0","0","0","0","0","0","0","0","0","0","0"
"0x70736776fb10","      ISETP.NE.AND P1, PT, R14, RZ, PT","0","0","0","16384","524288","524288","32","32","0","0","-","-","-","0","0","0","0","0","0","0","0","0","-","0","0","0","0","0","0","0","0","0","0","0","0","0","0","0","0","0","0","0","0","0","0","0","0","0","0","0","0","0","0","0","0","0","0","0","0","0","0","0","0"
"0x70736776fb20","@!P5  FADD R7, RZ, R59","5","1","5","16384","524288","524288","32","32","0","0","-","-","-","0","0","0","0","0","0","0","0","0","-","0","0","0","0","0","0","0","0","0","0","0","0","0","0","0","0","0","2","1","0","0","0","2","0","0","0","0","0","0","0","0","0","0","0","0","0","0","0","0","1"
"0x70736776fb30","@!P5  FSETP.GEU.AND P6, PT, R59, R0, PT","0","0","0","16384","524288","524288","32","32","0","0","-","-","-","0","0","0","0","0","0","0","0","0","-","0","0","0","0","0","0","0","0","0","0","0","0","0","0","0","0","0","0","0","0","0","0","0","0","0","0","0","0","0","0","0","0","0","0","0","0","0","0","0","0"
"0x70736776fb40","@!P4  FADD R21, RZ, R31","1","0","1","16384","524288","524288","32","32","0","0","-","-","-","0","0","0","0","0","0","0","0","0","-","0","0","0","0","0","0","0","0","0","0","0","0","0","0","0","0","0","1","0","0","0","0","0","0","0","0","0","0","0","0","0","0","0","0","0","0","0","0","0","0"
"0x70736776fb50","@!P5  FSEL R15, R0, R7, !P6","0","0","0","16384","524288","524288","32","32","0","0","-","-","-","0","0","0","0","0","0","0","0","0","-","0","0","0","0","0","0","0","0","0","0","0","0","0","0","0","0","0","0","0","0","0","0","0","0","0","0","0","0","0","0","0","0","0","0","0","0","0","0","0","0"
"0x70736776fb60","@!P3  FADD R7, RZ, R30","0","0","0","16384","524288","524288","32","32","0","0","-","-","-","0","0","0","0","0","0","0","0","0","-","0","0","0","0","0","0","0","0","0","0","0","0","0","0","0","0","0","0","0","0","0","0","0","0","0","0","0","0","0","0","0","0","0","0","0","0","0","0","0","0"
"0x70736776fb70","@!P3  FSETP.GEU.AND P6, PT, R30, R0, PT","0","0","0","16384","524288","524288","32","32","0","0","-","-","-","0","0","0","0","0","0","0","0","0","-","0","0","0","0","0","0","0","0","0","0","0","0","0","0","0","0","0","0","0","0","0","0","0","0","0","0","0","0","0","0","0","0","0","0","0","0","0","0","0","0"
"0x70736776fb80","@!P5  ST.E desc[UR24][R2.64+0x8], R15","8","6","8","16384","524288","524288","32","32","0","0","Global","Store","32","65536","0","0","0","0","196608","262144","65536","0","","0","0","0","0","0","0","0","0","1","0","1","0","0","0","5","0","0","0","0","0","0","0","1","0","0","0","0","1","0","0","0","5","0","0","0","0","0","0","0","0"
"0x70736776fb90","@!P4  FSETP.GEU.AND P5, PT, R31, R0, PT","0","0","0","16384","524288","524288","32","32","0","0","-","-","-","0","0","0","0","0","0","0","0","0","-","0","0","0","0","0","0","0","0","0","0","0","0","0","0","0","0","0","0","0","0","0","0","0","0","0","0","0","0","0","0","0","0","0","0","0","0","0","0","0","0"
"0x70736776fba0","@!P3  FSEL R7, R0, R7, !P6","0","0","0","16384","524288","524288","32","32","0","0","-","-","-","0","0","0","0","0","0","0","0","0","-","0","0","0","0","0","0","0","0","0","0","0","0","0","0","0","0","0","0","0","0","0","0","0","0","0","0","0","0","0","0","0","0","0","0","0","0","0","0","0","0"
"0x70736776fbb0","      ISETP.GE.OR P6, PT, R26, UR7, P0","3","0","3","16384","524288","524288","32","32","0","0","-","-","-","0","0","0","0","0","0","0","0","0","-","0","0","0","0","0","0","0","0","0","0","0","0","0","0","0","0","0","0","3","0","0","0","0","0","0","0","0","0","0","0","0","0","0","0","0","0","0","0","0","0"
"0x70736776fbc0","@!P4  FSEL R21, R0, R21, !P5","2","0","2","16384","524288","524288","32","32","0","0","-","-","-","0","0","0","0","0","0","0","0","0","-","0","0","0","0","0","0","0","0","0","0","0","0","0","0","0","0","0","1","1","0","0","0","0","0","0","0","0","0","0","0","0","0","0","0","0","0","0","0","0","0"
"0x70736776fbd0","@!P3  ST.E desc[UR24][R2.64], R7","5","4","5","16384","524288","524288","32","32","0","0","Global","Store","32","65536","0","0","0","0","196608","262144","65536","0","","0","0","0","0","0","0","0","0","0","0","3","0","0","0","2","0","0","0","0","0","0","0","0","0","0","0","0","2","0","0","0","2","0","0","0","0","0","0","0","0"
"0x70736776fbe0","      ISETP.NE.AND P3, PT, R10, RZ, PT","0","0","0","16384","524288","524288","32","32","0","0","-","-","-","0","0","0","0","0","0","0","0","0","-","0","0","0","0","0","0","0","0","0","0","0","0","0","0","0","0","0","0","0","0","0","0","0","0","0","0","0","0","0","0","0","0","0","0","0","0","0","0","0","0"
"0x70736776fbf0","      ISETP.GE.OR P3, PT, R25, UR7, P3","3","1","3","16384","524288","524288","32","32","0","0","-","-","-","0","0","0","0","0","0","0","0","0","-","0","0","0","0","0","0","0","0","1","0","0","0","0","0","0","0","0","1","0","0","0","0","1","0","0","0","0","0","0","0","0","0","0","0","0","0","0","0","0","1"
"0x70736776fc00","@!P6  FADD R19, RZ, R44","3","0","3","16384","524288","524288","32","32","0","0","-","-","-","0","0","0","0","0","0","0","0","0","-","0","0","0","0","0","0","0","0","0","0","0","0","0","0","0","0","0","2","1","0","0","0","0","0","0","0","0","0","0","0","0","0","0","0","0","0","0","0","0","0"
"0x70736776fc10","@!P6  FSETP.GEU.AND P2, PT, R44, R0, PT","0","0","0","16384","524288","524288","32","32","0","0","-","-","-","0","0","0","0","0","0","0","0","0","-","0","0","0","0","0","0","0","0","0","0","0","0","0","0","0","0","0","0","0","0","0","0","0","0","0","0","0","0","0","0","0","0","0","0","0","0","0","0","0","0"
"0x70736776fc20","@!P6  FSEL R19, R0, R19, !P2","2","0","2","16384","524288","524288","32","32","0","0","-","-","-","0","0","0","0","0","0","0","0","0","-","0","0","0","0","0","0","0","0","1","0","0","0","0","0","0","0","0","0","1","0","0","0","0","0","0","0","0","0","0","0","0","0","0","0","0","0","0","0","0","0"
"0x70736776fc30","      ISETP.NE.AND P2, PT, R6, RZ, PT","0","0","0","16384","524288","524288","32","32","0","0","-","-","-","0","0","0","0","0","0","0","0","0","-","0","0","0","0","0","0","0","0","0","0","0","0","0","0","0","0","0","0","0","0","0","0","0","0","0","0","0","0","0","0","0","0","0","0","0","0","0","0","0","0"
"0x70736776fc40","@!P3  FADD R7, RZ, R63","16","11","16","16384","524288","524288","32","32","0","0","-","-","-","0","0","0","0","0","0","0","0","0","-","0","0","0","0","0","0","0","0","1","0","0","14","0","0","0","0","0","0","0","0","0","0","1","0","0","0","0","0","11","0","0","0","0","0","0","0","0","0","0","0"
"0x70736776fc50","@!P6  ST.E desc[UR24][R2.64+0xc], R19","2","1","2","16384","524288","524288","32","32","0","0","Global","Store","32","65536","0","0","0","0","196608","262144","65536","0","","0","0","0","0","0","0","0","0","0","0","0","0","0","0","1","0","0","0","1","0","0","0","0","0","0","0","0","0","0","0","0","1","0","0","0","0","0","0","0","0"
"0x70736776fc60","      ISETP.GE.OR P2, PT, R25, UR7, P2","1","0","1","16384","524288","524288","32","32","0","0","-","-","-","0","0","0","0","0","0","0","0","0","-","0","0","0","0","0","0","0","0","0","0","0","0","0","0","0","0","0","0","1","0","0","0","0","0","0","0","0","0","0","0","0","0","0","0","0","0","0","0","0","0"
"0x70736776fc70","      LOP3.LUT P6, RZ, R28, 0x10, RZ, 0xc0, !PT","0","0","0","16384","524288","524288","32","32","0","0","-","-","-","0","0","0","0","0","0","0","0","0","-","0","0","0","0","0","0","0","0","0","0","0","0","0","0","0","0","0","0","0","0","0","0","0","0","0","0","0","0","0","0","0","0","0","0","0","0","0","0","0","0"
"0x70736776fc80","@!P2  FADD R23, RZ, R56","9","5","9","16384","524288","524288","32","32","0","0","-","-","-","0","0","0","0","0","0","0","0","0","-","0","0","0","0","0","0","0","0","0","0","0","0","0","0","0","0","0","2","0","0","0","0","7","0","0","0","0","0","0","0","0","0","0","0","0","0","0","0","0","5"
"0x70736776fc90","@!P2  FSETP.GEU.AND P5, PT, R56, R0, PT","0","0","0","16384","524288","524288","32","32","0","0","-","-","-","0","0","0","0","0","0","0","0","0","-","0","0","0","0","0","0","0","0","0","0","0","0","0","0","0","0","0","0","0","0","0","0","0","0","0","0","0","0","0","0","0","0","0","0","0","0","0","0","0","0"
"0x70736776fca0","@!P2  FSEL R23, R0, R23, !P5","1","0","1","16384","524288","524288","32","32","0","0","-","-","-","0","0","0","0","0","0","0","0","0","-","0","0","0","0","0","0","0","0","0","0","0","0","0","0","0","0","0","0","0","0","0","0","1","0","0","0","0","0","0","0","0","0","0","0","0","0","0","0","0","0"
"0x70736776fcb0","@!P3  FSETP.GEU.AND P5, PT, R63, R0, PT","0","0","0","16384","524288","524288","32","32","0","0","-","-","-","0","0","0","0","0","0","0","0","0","-","0","0","0","0","0","0","0","0","0","0","0","0","0","0","0","0","0","0","0","0","0","0","0","0","0","0","0","0","0","0","0","0","0","0","0","0","0","0","0","0"
"0x70736776fcc0","@!P3  FSEL R11, R0, R7, !P5","2","0","2","16384","524288","524288","32","32","0","0","-","-","-","0","0","0","0","0","0","0","0","0","-","0","0","0","0","0","0","0","0","0","0","0","0","0","0","0","0","0","1","0","0","0","0","1","0","0","0","0","0","0","0","0","0","0","0","0","0","0","0","0","0"
"0x70736776fcd0","      ISETP.GE.OR P5, PT, R26, UR7, P6","1","0","1","16384","524288","524288","32","32","0","0","-","-","-","0","0","0","0","0","0","0","0","0","-","0","0","0","0","0","0","0","0","0","0","0","0","0","0","0","0","0","0","1","0","0","0","0","0","0","0","0","0","0","0","0","0","0","0","0","0","0","0","0","0"
"0x70736776fce0","@P5   BRA 0x70736776fd80","17","13","17","16384","524288","0","32","0","32","0","-","-","-","0","0","0","0","0","0","0","0","0","-","0","0","0","0","0","0","0","0","0","0","0","13","0","0","0","0","0","0","0","0","0","0","4","0","0","0","0","0","10","0","0","0","0","0","0","0","0","0","0","3"
"0x70736776fcf0","      SHF.R.S32.HI R3, RZ, 0x1f, R16","5","0","5","16384","524288","524288","32","32","0","0","-","-","-","0","0","0","0","0","0","0","0","0","-","0","0","0","0","0","0","0","0","0","0","0","0","0","0","0","0","0","3","1","0","0","0","1","0","0","0","0","0","0","0","0","0","0","0","0","0","0","0","0","0"
"0x70736776fd00","      MOV R2, R16","2","0","2","16384","524288","524288","32","32","0","0","-","-","-","0","0","0","0","0","0","0","0","0","-","0","0","0","0","0","0","0","0","0","0","0","0","0","0","0","0","0","0","2","0","0","0","0","0","0","0","0","0","0","0","0","0","0","0","0","0","0","0","0","0"
"0x70736776fd10","      IADD.64 R2, R2, R4","6","2","6","16384","524288","524288","32","32","0","0","-","-","-","0","0","0","0","0","0","0","0","0","-","0","0","0","0","0","0","0","0","0","0","0","0","1","0","0","0","0","3","0","0","0","0","2","0","0","0","0","0","0","0","0","0","0","0","0","0","0","0","0","2"
"0x70736776fd20","      LEA R6, P5, R2, UR28, 0x2","5","2","5","16384","524288","524288","32","32","0","0","-","-","-","0","0","0","0","0","0","0","0","0","-","0","0","0","0","0","0","0","0","0","0","0","0","0","0","0","0","0","3","0","0","0","0","2","0","0","0","0","0","0","0","0","0","0","0","0","0","0","0","0","2"
"0x70736776fd30","      LEA.HI.X R7, R2, UR29, R3, 0x2, P5","3","1","3","16384","524288","524288","32","32","0","0","-","-","-","0","0","0","0","0","0","0","0","0","-","0","0","0","0","0","0","0","0","0","0","0","0","0","0","0","0","0","2","0","0","0","0","1","0","0","0","0","0","0","0","0","0","0","0","0","0","0","0","0","1"
"0x70736776fd40","      FADD R3, RZ, R50","0","0","0","16384","524288","524288","32","32","0","0","-","-","-","0","0","0","0","0","0","0","0","0","-","0","0","0","0","0","0","0","0","0","0","0","0","0","0","0","0","0","0","0","0","0","0","0","0","0","0","0","0","0","0","0","0","0","0","0","0","0","0","0","0"
"0x70736776fd50","      FSETP.GEU.AND P5, PT, R50, R0, PT","1","0","1","16384","524288","524288","32","32","0","0","-","-","-","0","0","0","0","0","0","0","0","0","-","0","0","0","0","0","0","0","0","0","0","0","0","0","0","0","0","0","0","1","0","0","0","0","0","0","0","0","0","0","0","0","0","0","0","0","0","0","0","0","0"
"0x70736776fd60","      FSEL R3, R0, R3, !P5","3","0","3","16384","524288","524288","32","32","0","0","-","-","-","0","0","0","0","0","0","0","0","0","-","0","0","0","0","0","0","0","0","1","0","0","0","0","0","0","0","0","0","0","0","0","0","2","0","0","0","0","0","0","0","0","0","0","0","0","0","0","0","0","0"
"0x70736776fd70","      ST.E desc[UR24][R6.64], R3","11","8","11","16384","524288","524288","32","32","0","0","Global","Store","32","65536","0","0","0","0","196608","262144","65536","0","","0","0","0","0","0","0","0","0","0","0","0","0","0","0","7","0","0","2","0","0","0","0","2","0","0","0","0","0","0","0","0","7","0","0","0","0","0","0","0","1"
"0x70736776fd80","      BSYNC.RECONVERGENT B0","1","0","1","16384","524288","524288","32","32","0","0","-","-","-","0","0","0","0","0","0","0","0","0","-","0","0","0","0","0","0","0","0","1","0","0","0","0","0","0","0","0","0","0","0","0","0","0","0","0","0","0","0","0","0","0","0","0","0","0","0","0","0","0","0"
"0x70736776fd90","      LOP3.LUT P5, RZ, R28, 0x2, RZ, 0xc0, !PT","7","5","7","16384","524288","524288","32","32","0","0","-","-","-","0","0","0","0","0","0","0","0","0","-","0","0","0","0","0","0","0","3","0","0","0","0","0","0","0","0","0","1","1","0","0","0","2","0","3","0","0","0","0","0","0","0","0","0","0","0","0","0","0","2"
"0x70736776fda0","      BSSY.RECONVERGENT B0, 0x70736776fe60","1","0","1","16384","524288","524288","32","32","0","0","-","-","-","0","0","0","0","0","0","0","0","0","-","0","0","0","0","0","0","0","0","0","0","0","0","0","0","0","0","0","0","1","0","0","0","0","0","0","0","0","0","0","0","0","0","0","0","0","0","0","0","0","0"
"0x70736776fdb0","      ISETP.GE.OR P5, PT, R26, UR7, P5","2","0","2","16384","524288","524288","32","32","0","0","-","-","-","0","0","0","0","0","0","0","0","0","-","0","0","0","0","0","0","0","0","0","0","0","0","0","0","0","0","0","2","0","0","0","0","0","0","0","0","0","0","0","0","0","0","0","0","0","0","0","0","0","0"
"0x70736776fdc0","@P5   BRA 0x70736776fe50","10","4","10","16384","524288","0","32","0","32","0","-","-","-","0","0","0","0","0","0","0","0","0","-","0","0","0","0","0","0","0","0","1","0","0","0","0","0","0","0","0","2","0","0","0","0","7","0","0","0","0","0","0","0","0","0","0","0","0","0","0","0","0","4"
"0x70736776fdd0","      SHF.R.S32.HI R35, RZ, 0x1f, R34","5","1","5","16384","524288","524288","32","32","0","0","-","-","-","0","0","0","0","0","0","0","0","0","-","0","0","0","0","0","0","0","0","1","0","0","0","0","0","0","0","0","1","1","0","0","0","2","0","0","0","0","0","0","0","0","0","0","0","0","0","0","0","0","1"
"0x70736776fde0","      IADD.64 R6, R34, R4","9","5","9","16384","524288","524288","32","32","0","0","-","-","-","0","0","0","0","0","0","0","0","0","-","0","0","0","0","0","0","0","0","0","0","0","5","2","0","0","0","0","2","0","0","0","0","0","0","0","0","0","0","5","0","0","0","0","0","0","0","0","0","0","0"
"0x70736776fdf0","      LEA R2, P5, R6, UR28, 0x2","4","0","4","16384","524288","524288","32","32","0","0","-","-","-","0","0","0","0","0","0","0","0","0","-","0","0","0","0","0","0","0","0","2","0","0","0","0","0","0","0","0","2","0","0","0","0","0","0","0","0","0","0","0","0","0","0","0","0","0","0","0","0","0","0"
"0x70736776fe00","      LEA.HI.X R3, R6, UR29, R7, 0x2, P5","0","0","0","16384","524288","524288","32","32","0","0","-","-","-","0","0","0","0","0","0","0","0","0","-","0","0","0","0","0","0","0","0","0","0","0","0","0","0","0","0","0","0","0","0","0","0","0","0","0","0","0","0","0","0","0","0","0","0","0","0","0","0","0","0"
"0x70736776fe10","      FADD R7, RZ, R38","0","0","0","16384","524288","524288","32","32","0","0","-","-","-","0","0","0","0","0","0","0","0","0","-","0","0","0","0","0","0","0","0","0","0","0","0","0","0","0","0","0","0","0","0","0","0","0","0","0","0","0","0","0","0","0","0","0","0","0","0","0","0","0","0"
"0x70736776fe20","      FSETP.GEU.AND P5, PT, R38, R0, PT","0","0","0","16384","524288","524288","32","32","0","0","-","-","-","0","0","0","0","0","0","0","0","0","-","0","0","0","0","0","0","0","0","0","0","0","0","0","0","0","0","0","0","0","0","0","0","0","0","0","0","0","0","0","0","0","0","0","0","0","0","0","0","0","0"
"0x70736776fe30","      FSEL R7, R0, R7, !P5","4","1","4","16384","524288","524288","32","32","0","0","-","-","-","0","0","0","0","0","0","0","0","0","-","0","0","0","0","0","0","0","0","2","0","0","0","0","0","0","0","0","1","0","0","0","0","1","0","0","0","0","0","0","0","0","0","0","0","0","0","0","0","0","1"
"0x70736776fe40","      ST.E desc[UR24][R2.64], R7","7","5","7","16384","524288","524288","32","32","0","0","Global","Store","32","65536","0","0","0","0","196608","262144","65536","0","","0","0","0","0","0","0","0","0","0","0","1","0","0","0","3","0","0","1","0","0","0","0","2","0","0","0","0","1","0","0","0","3","0","0","0","0","0","0","0","1"
"0x70736776fe50","      BSYNC.RECONVERGENT B0","1","0","1","16384","524288","524288","32","32","0","0","-","-","-","0","0","0","0","0","0","0","0","0","-","0","0","0","0","0","0","0","0","0","0","0","0","0","0","0","0","0","1","0","0","0","0","0","0","0","0","0","0","0","0","0","0","0","0","0","0","0","0","0","0"
"0x70736776fe60","      ISETP.GE.OR P5, PT, R26, UR7, P1","7","2","7","16384","524288","524288","32","32","0","0","-","-","-","0","0","0","0","0","0","0","0","0","-","0","0","0","0","0","0","0","2","1","0","0","0","0","0","0","0","0","2","0","0","0","0","2","0","1","0","0","0","0","0","0","0","0","0","0","0","0","0","0","1"
"0x70736776fe70","      BSSY.RECONVERGENT B0, 0x70736776ff30","0","0","0","16384","524288","524288","32","32","0","0","-","-","-","0","0","0","0","0","0","0","0","0","-","0","0","0","0","0","0","0","0","0","0","0","0","0","0","0","0","0","0","0","0","0","0","0","0","0","0","0","0","0","0","0","0","0","0","0","0","0","0","0","0"
"0x70736776fe80","@P5   BRA 0x70736776ff20","5","3","5","16384","524288","0","32","0","32","0","-","-","-","0","0","0","0","0","0","0","0","0","-","0","0","0","0","0","0","0","0","0","0","0","0","0","0","0","0","0","2","0","0","0","0","3","0","0","0","0","0","0","0","0","0","0","0","0","0","0","0","0","3"
"0x70736776fe90","      SHF.R.S32.HI R3, RZ, 0x1f, R33","8","6","8","16384","524288","524288","32","32","0","0","-","-","-","0","0","0","0","0","0","0","0","0","-","0","0","0","0","0","0","0","0","0","0","0","6","0","0","0","0","0","1","0","0","0","0","1","0","0","0","0","0","6","0","0","0","0","0","0","0","0","0","0","0"
"0x70736776fea0","      MOV R2, R33","1","0","1","16384","524288","524288","32","32","0","0","-","-","-","0","0","0","0","0","0","0","0","0","-","0","0","0","0","0","0","0","0","0","0","0","0","0","0","0","0","0","0","1","0","0","0","0","0","0","0","0","0","0","0","0","0","0","0","0","0","0","0","0","0"
"0x70736776feb0","      IADD.64 R6, R2, R4","2","0","2","16384","524288","524288","32","32","0","0","-","-","-","0","0","0","0","0","0","0","0","0","-","0","0","0","0","0","0","0","0","0","0","0","0","1","0","0","0","0","0","0","0","0","0","1","0","0","0","0","0","0","0","0","0","0","0","0","0","0","0","0","0"
"0x70736776fec0","      LEA R2, P5, R6, UR28, 0x2","3","1","3","16384","524288","524288","32","32","0","0","-","-","-","0","0","0","0","0","0","0","0","0","-","0","0","0","0","0","0","0","0","0","0","0","0","0","0","0","0","0","2","0","0","0","0","1","0","0","0","0","0","0","0","0","0","0","0","0","0","0","0","0","1"
"0x70736776fed0","      LEA.HI.X R3, R6, UR29, R7, 0x2, P5","3","0","3","16384","524288","524288","32","32","0","0","-","-","-","0","0","0","0","0","0","0","0","0","-","0","0","0","0","0","0","0","0","1","0","0","0","0","0","0","0","0","1","1","0","0","0","0","0","0","0","0","0","0","0","0","0","0","0","0","0","0","0","0","0"
"0x70736776fee0","      FADD R7, RZ, R40","0","0","0","16384","524288","524288","32","32","0","0","-","-","-","0","0","0","0","0","0","0","0","0","-","0","0","0","0","0","0","0","0","0","0","0","0","0","0","0","0","0","0","0","0","0","0","0","0","0","0","0","0","0","0","0","0","0","0","0","0","0","0","0","0"
"0x70736776fef0","      FSETP.GEU.AND P5, PT, R40, R0, PT","0","0","0","16384","524288","524288","32","32","0","0","-","-","-","0","0","0","0","0","0","0","0","0","-","0","0","0","0","0","0","0","0","0","0","0","0","0","0","0","0","0","0","0","0","0","0","0","0","0","0","0","0","0","0","0","0","0","0","0","0","0","0","0","0"
"0x70736776ff00","      FSEL R7, R0, R7, !P5","8","0","8","16384","524288","524288","32","32","0","0","-","-","-","0","0","0","0","0","0","0","0","0","-","0","0","0","0","0","0","0","0","2","0","0","0","0","0","0","0","0","2","3","0","0","0","1","0","0","0","0","0","0","0","0","0","0","0","0","0","0","0","0","0"
"0x70736776ff10","      ST.E desc[UR24][R2.64], R7","9","6","9","16384","524288","524288","32","32","0","0","Global","Store","32","65536","0","0","0","0","196608","262144","65536","0","","0","0","0","0","0","0","0","0","1","0","1","0","0","0","5","0","0","0","1","0","0","0","1","0","0","0","0","1","0","0","0","5","0","0","0","0","0","0","0","0"
"0x70736776ff20","      BSYNC.RECONVERGENT B0","4","0","4","16384","524288","524288","32","32","0","0","-","-","-","0","0","0","0","0","0","0","0","0","-","0","0","0","0","0","0","0","0","1","0","0","0","0","0","0","0","0","1","1","0","0","0","1","0","0","0","0","0","0","0","0","0","0","0","0","0","0","0","0","0"
"0x70736776ff30","      LOP3.LUT P6, RZ, R28, 0x20, RZ, 0xc0, !PT","7","4","7","16384","524288","524288","32","32","0","0","-","-","-","0","0","0","0","0","0","0","0","0","-","0","0","0","0","0","0","0","2","0","0","0","0","0","0","0","0","0","2","0","0","0","0","3","0","2","0","0","0","0","0","0","0","0","0","0","0","0","0","0","2"
"0x70736776ff40","      BSSY.RECONVERGENT B0, 0x707367770010","0","0","0","16384","524288","524288","32","32","0","0","-","-","-","0","0","0","0","0","0","0","0","0","-","0","0","0","0","0","0","0","0","0","0","0","0","0","0","0","0","0","0","0","0","0","0","0","0","0","0","0","0","0","0","0","0","0","0","0","0","0","0","0","0"
"0x70736776ff50","      ISETP.GE.OR P5, PT, R26, UR7, P6","5","3","5","16384","524288","524288","32","32","0","0","-","-","-","0","0","0","0","0","0","0","0","0","-","0","0","0","0","0","0","0","0","0","0","0","0","0","0","0","0","0","2","0","0","0","0","3","0","0","0","0","0","0","0","0","0","0","0","0","0","0","0","0","3"
"0x70736776ff60","@P5   BRA 0x707367770000","6","4","6","16384","524288","0","32","0","32","0","-","-","-","0","0","0","0","0","0","0","0","0","-","0","0","0","0","0","0","0","0","0","0","0","0","0","0","0","0","0","0","1","0","0","0","5","0","0","0","0","0","0","0","0","0","0","0","0","0","0","0","0","4"
"0x70736776ff70","      SHF.R.S32.HI R3, RZ, 0x1f, R32","14","11","14","16384","524288","524288","32","32","0","0","-","-","-","0","0","0","0","0","0","0","0","0","-","0","0","0","0","0","0","0","0","0","0","0","9","0","0","0","0","0","2","0","0","0","0","3","0","0","0","0","0","8","0","0","0","0","0","0","0","0","0","0","3"
"0x70736776ff80","      MOV R2, R32","0","0","0","16384","524288","524288","32","32","0","0","-","-","-","0","0","0","0","0","0","0","0","0","-","0","0","0","0","0","0","0","0","0","0","0","0","0","0","0","0","0","0","0","0","0","0","0","0","0","0","0","0","0","0","0","0","0","0","0","0","0","0","0","0"
"0x70736776ff90","      IADD.64 R4, R2, R4","4","0","4","16384","524288","524288","32","32","0","0","-","-","-","0","0","0","0","0","0","0","0","0","-","0","0","0","0","0","0","0","0","0","0","0","0","1","0","0","0","0","1","2","0","0","0","0","0","0","0","0","0","0","0","0","0","0","0","0","0","0","0","0","0"
"0x70736776ffa0","      LEA R2, P5, R4, UR28, 0x2","3","2","3","16384","524288","524288","32","32","0","0","-","-","-","0","0","0","0","0","0","0","0","0","-","0","0","0","0","0","0","0","0","0","0","0","0","0","0","0","0","0","0","1","0","0","0","2","0","0","0","0","0","0","0","0","0","0","0","0","0","0","0","0","2"
"0x70736776ffb0","      LEA.HI.X R3, R4, UR29, R5, 0x2, P5","2","0","2","16384","524288","524288","32","32","0","0","-","-","-","0","0","0","0","0","0","0","0","0","-","0","0","0","0","0","0","0","0","0","0","0","0","0","0","0","0","0","1","0","0","0","0","1","0","0","0","0","0","0","0","0","0","0","0","0","0","0","0","0","0"
"0x70736776ffc0","      FADD R5, RZ, R68","0","0","0","16384","524288","524288","32","32","0","0","-","-","-","0","0","0","0","0","0","0","0","0","-","0","0","0","0","0","0","0","0","0","0","0","0","0","0","0","0","0","0","0","0","0","0","0","0","0","0","0","0","0","0","0","0","0","0","0","0","0","0","0","0"
"0x70736776ffd0","      FSETP.GEU.AND P5, PT, R68, R0, PT","0","0","0","16384","524288","524288","32","32","0","0","-","-","-","0","0","0","0","0","0","0","0","0","-","0","0","0","0","0","0","0","0","0","0","0","0","0","0","0","0","0","0","0","0","0","0","0","0","0","0","0","0","0","0","0","0","0","0","0","0","0","0","0","0"
"0x70736776ffe0","      FSEL R5, R0, R5, !P5","3","2","3","16384","524288","524288","32","32","0","0","-","-","-","0","0","0","0","0","0","0","0","0","-","0","0","0","0","0","0","0","0","0","0","0","0","0","0","0","0","0","0","1","0","0","0","2","0","0","0","0","0","0","0","0","0","0","0","0","0","0","0","0","2"
"0x70736776fff0","      ST.E desc[UR24][R2.64], R5","7","5","7","16384","524288","524288","32","32","0","0","Global","Store","32","65536","0","0","0","0","196608","262144","65536","0","","0","0","0","0","0","0","0","0","1","0","1","0","0","0","3","0","0","1","0","0","0","0","1","0","0","0","0","1","0","0","0","3","0","0","0","0","0","0","0","1"
"0x707367770000","      BSYNC.RECONVERGENT B0","4","0","4","16384","524288","524288","32","32","0","0","-","-","-","0","0","0","0","0","0","0","0","0","-","0","0","0","0","0","0","0","0","2","0","0","0","0","0","0","0","0","2","0","0","0","0","0","0","0","0","0","0","0","0","0","0","0","0","0","0","0","0","0","0"
"0x707367770010","      ISETP.GE.OR P0, PT, R25, UR7, P0","10","4","10","16384","524288","524288","32","32","0","0","-","-","-","0","0","0","0","0","0","0","0","0","-","0","0","0","0","0","0","0","6","1","0","0","0","0","0","0","0","0","3","0","0","0","0","0","0","4","0","0","0","0","0","0","0","0","0","0","0","0","0","0","0"
"0x707367770020","@!P4  ST.E desc[UR24][R12.64], R21","6","3","6","16384","524288","524288","32","32","0","0","Global","Store","32","65536","0","0","0","0","196608","262144","65536","0","","0","0","0","0","0","0","0","0","1","0","1","0","0","0","2","0","0","2","0","0","0","0","0","0","0","0","0","1","0","0","0","2","0","0","0","0","0","0","0","0"
"0x707367770030","      LOP3.LUT P5, RZ, R28, 0x2, RZ, 0xc0, !PT","0","0","0","16384","524288","524288","32","32","0","0","-","-","-","0","0","0","0","0","0","0","0","0","-","0","0","0","0","0","0","0","0","0","0","0","0","0","0","0","0","0","0","0","0","0","0","0","0","0","0","0","0","0","0","0","0","0","0","0","0","0","0","0","0"
"0x707367770040","      BSSY.RECONVERGENT B0, 0x7073677701a0","1","0","1","16384","524288","524288","32","32","0","0","-","-","-","0","0","0","0","0","0","0","0","0","-","0","0","0","0","0","0","0","0","0","0","0","0","0","0","0","0","0","0","1","0","0","0","0","0","0","0","0","0","0","0","0","0","0","0","0","0","0","0","0","0"
"0x707367770050","      ISETP.GE.OR P1, PT, R25, UR7, P1","1","0","1","16384","524288","524288","32","32","0","0","-","-","-","0","0","0","0","0","0","0","0","0","-","0","0","0","0","0","0","0","0","0","0","0","0","0","0","0","0","0","0","1","0","0","0","0","0","0","0","0","0","0","0","0","0","0","0","0","0","0","0","0","0"
"0x707367770060","@!P2  ST.E desc[UR24][R12.64+0x4], R23","2","2","2","16384","524288","524288","32","32","0","0","Global","Store","32","65536","0","0","0","0","196608","262144","65536","0","","0","0","0","0","0","0","0","0","0","0","0","0","0","0","2","0","0","0","0","0","0","0","0","0","0","0","0","0","0","0","0","2","0","0","0","0","0","0","0","0"
"0x707367770070","      ISETP.GE.OR P6, PT, R25, UR7, P6","0","0","0","16384","524288","524288","32","32","0","0","-","-","-","0","0","0","0","0","0","0","0","0","-","0","0","0","0","0","0","0","0","0","0","0","0","0","0","0","0","0","0","0","0","0","0","0","0","0","0","0","0","0","0","0","0","0","0","0","0","0","0","0","0"
"0x707367770080","      ISETP.GE.OR P5, PT, R25, UR7, P5","0","0","0","16384","524288","524288","32","32","0","0","-","-","-","0","0","0","0","0","0","0","0","0","-","0","0","0","0","0","0","0","0","0","0","0","0","0","0","0","0","0","0","0","0","0","0","0","0","0","0","0","0","0","0","0","0","0","0","0","0","0","0","0","0"
"0x707367770090","@!P3  ST.E desc[UR24][R12.64+0x8], R11","7","5","7","16384","524288","524288","32","32","0","0","Global","Store","32","65536","0","0","0","0","196608","262144","65536","0","","0","0","0","0","0","0","0","0","0","0","3","0","0","0","3","0","0","1","0","0","0","0","0","0","0","0","0","2","0","0","0","3","0","0","0","0","0","0","0","0"
"0x7073677700a0","@!P0  FADD R3, RZ, R47","5","4","5","16384","524288","524288","32","32","0","0","-","-","-","0","0","0","0","0","0","0","0","0","-","0","0","0","0","0","0","0","0","0","0","0","3","0","0","0","0","0","1","0","0","0","0","1","0","0","0","0","0","3","0","0","0","0","0","0","0","0","0","0","1"
"0x7073677700b0","@!P0  FSETP.GEU.AND P4, PT, R47, R0, PT","0","0","0","16384","524288","524288","32","32","0","0","-","-","-","0","0","0","0","0","0","0","0","0","-","0","0","0","0","0","0","0","0","0","0","0","0","0","0","0","0","0","0","0","0","0","0","0","0","0","0","0","0","0","0","0","0","0","0","0","0","0","0","0","0"
"0x7073677700c0","@!P0  FSEL R3, R0, R3, !P4","3","0","3","16384","524288","524288","32","32","0","0","-","-","-","0","0","0","0","0","0","0","0","0","-","0","0","0","0","0","0","0","0","1","0","0","0","0","0","0","0","0","2","0","0","0","0","0","0","0","0","0","0","0","0","0","0","0","0","0","0","0","0","0","0"
"0x7073677700d0","      LOP3.LUT P4, RZ, R28, 0x10, RZ, 0xc0, !PT","1","0","1","16384","524288","524288","32","32","0","0","-","-","-","0","0","0","0","0","0","0","0","0","-","0","0","0","0","0","0","0","0","0","0","0","0","0","0","0","0","0","0","1","0","0","0","0","0","0","0","0","0","0","0","0","0","0","0","0","0","0","0","0","0"
"0x7073677700e0","@!P0  ST.E desc[UR24][R12.64+0xc], R3","7","4","7","16384","524288","524288","32","32","0","0","Global","Store","32","65536","0","0","0","0","196608","262144","65536","0","","0","0","0","0","0","0","0","0","1","0","1","0","0","0","2","0","0","3","0","0","0","0","0","0","0","1","0","1","0","0","0","2","0","0","0","0","0","0","0","0"
"0x7073677700f0","      ISETP.GE.OR P4, PT, R25, UR7, P4","1","0","1","16384","524288","524288","32","32","0","0","-","-","-","0","0","0","0","0","0","0","0","0","-","0","0","0","0","0","0","0","0","1","0","0","0","0","0","0","0","0","0","0","0","0","0","0","0","0","0","0","0","0","0","0","0","0","0","0","0","0","0","0","0"
"0x707367770100","@P4   BRA 0x707367770190","25","18","25","16384","524288","0","32","0","32","0","-","-","-","0","0","0","0","0","0","0","0","0","-","0","0","0","0","0","0","0","0","0","0","0","20","0","0","0","0","0","0","0","0","0","0","5","0","0","0","0","0","15","0","0","0","0","0","0","0","0","0","0","3"
"0x707367770110","      SHF.R.S32.HI R17, RZ, 0x1f, R16","5","1","5","16384","524288","524288","32","32","0","0","-","-","-","0","0","0","0","0","0","0","0","0","-","0","0","0","0","0","0","0","0","0","0","0","0","0","0","0","0","0","3","0","0","0","0","2","0","0","0","0","0","0","0","0","0","0","0","0","0","0","0","0","1"
"0x707367770120","      FADD R7, RZ, R60","0","0","0","16384","524288","524288","32","32","0","0","-","-","-","0","0","0","0","0","0","0","0","0","-","0","0","0","0","0","0","0","0","0","0","0","0","0","0","0","0","0","0","0","0","0","0","0","0","0","0","0","0","0","0","0","0","0","0","0","0","0","0","0","0"
"0x707367770130","      FSETP.GEU.AND P0, PT, R60, R0, PT","0","0","0","16384","524288","524288","32","32","0","0","-","-","-","0","0","0","0","0","0","0","0","0","-","0","0","0","0","0","0","0","0","0","0","0","0","0","0","0","0","0","0","0","0","0","0","0","0","0","0","0","0","0","0","0","0","0","0","0","0","0","0","0","0"
"0x707367770140","      IADD.64 R2, R16, R8","2","0","2","16384","524288","524288","32","32","0","0","-","-","-","0","0","0","0","0","0","0","0","0","-","0","0","0","0","0","0","0","0","0","0","0","0","0","0","0","0","0","0","1","0","0","0","1","0","0","0","0","0","0","0","0","0","0","0","0","0","0","0","0","0"
"0x707367770150","      FSEL R7, R0, R7, !P0","0","0","0","16384","524288","524288","32","32","0","0","-","-","-","0","0","0","0","0","0","0","0","0","-","0","0","0","0","0","0","0","0","0","0","0","0","0","0","0","0","0","0","0","0","0","0","0","0","0","0","0","0","0","0","0","0","0","0","0","0","0","0","0","0"
"0x707367770160","      LEA R4, P2, R2, UR28, 0x2","1","0","1","16384","524288","524288","32","32","0","0","-","-","-","0","0","0","0","0","0","0","0","0","-","0","0","0","0","0","0","0","0","0","0","0","0","0","0","0","0","0","0","0","0","0","0","1","0","0","0","0","0","0","0","0","0","0","0","0","0","0","0","0","0"
"0x707367770170","      LEA.HI.X R5, R2, UR29, R3, 0x2, P2","0","0","0","16384","524288","524288","32","32","0","0","-","-","-","0","0","0","0","0","0","0","0","0","-","0","0","0","0","0","0","0","0","0","0","0","0","0","0","0","0","0","0","0","0","0","0","0","0","0","0","0","0","0","0","0","0","0","0","0","0","0","0","0","0"
"0x707367770180","      ST.E desc[UR24][R4.64], R7","8","3","8","16384","524288","524288","32","32","0","0","Global","Store","32","65536","0","0","0","0","196608","262144","65536","0","","0","0","0","0","0","0","0","0","1","0","0","0","0","0","4","0","0","1","0","0","0","0","2","0","0","0","0","0","0","0","0","3","0","0","0","0","0","0","0","0"
"0x707367770190","      BSYNC.RECONVERGENT B0","3","1","3","16384","524288","524288","32","32","0","0","-","-","-","0","0","0","0","0","0","0","0","0","-","0","0","0","0","0","0","0","0","0","0","0","0","0","0","0","0","0","1","0","0","0","0","2","0","0","0","0","0","0","0","0","0","0","0","0","0","0","0","0","1"
"0x7073677701a0","      BSSY.RECONVERGENT B0, 0x707367770250","6","6","6","16384","524288","524288","32","32","0","0","-","-","-","0","0","0","0","0","0","0","0","0","-","0","0","0","0","0","0","0","4","0","0","0","0","0","0","0","0","0","0","0","0","0","0","2","0","4","0","0","0","0","0","0","0","0","0","0","0","0","0","0","2"
"0x7073677701b0","@P5   BRA 0x707367770240","3","1","3","16384","524288","0","32","0","32","0","-","-","-","0","0","0","0","0","0","0","0","0","-","0","0","0","0","0","0","0","0","0","0","0","0","0","0","0","0","0","1","0","0","0","0","2","0","0","0","0","0","0","0","0","0","0","0","0","0","0","0","0","1"
"0x7073677701c0","      SHF.R.S32.HI R35, RZ, 0x1f, R34","0","0","0","16384","524288","524288","32","32","0","0","-","-","-","0","0","0","0","0","0","0","0","0","-","0","0","0","0","0","0","0","0","0","0","0","0","0","0","0","0","0","0","0","0","0","0","0","0","0","0","0","0","0","0","0","0","0","0","0","0","0","0","0","0"
"0x7073677701d0","      FADD R7, RZ, R42","8","4","8","16384","524288","524288","32","32","0","0","-","-","-","0","0","0","0","0","0","0","0","0","-","0","0","0","0","0","0","0","0","0","0","0","7","0","0","0","0","0","1","0","0","0","0","0","0","0","0","0","0","4","0","0","0","0","0","0","0","0","0","0","0"
"0x7073677701e0","      FSETP.GEU.AND P0, PT, R42, R0, PT","1","0","1","16384","524288","524288","32","32","0","0","-","-","-","0","0","0","0","0","0","0","0","0","-","0","0","0","0","0","0","0","0","1","0","0","0","0","0","0","0","0","0","0","0","0","0","0","0","0","0","0","0","0","0","0","0","0","0","0","0","0","0","0","0"
"0x7073677701f0","      IADD.64 R2, R34, R8","3","0","3","16384","524288","524288","32","32","0","0","-","-","-","0","0","0","0","0","0","0","0","0","-","0","0","0","0","0","0","0","0","1","0","0","0","1","0","0","0","0","1","0","0","0","0","0","0","0","0","0","0","0","0","0","0","0","0","0","0","0","0","0","0"
"0x707367770200","      FSEL R7, R0, R7, !P0","1","0","1","16384","524288","524288","32","32","0","0","-","-","-","0","0","0","0","0","0","0","0","0","-","0","0","0","0","0","0","0","0","0","0","0","0","0","0","0","0","0","0","1","0","0","0","0","0","0","0","0","0","0","0","0","0","0","0","0","0","0","0","0","0"
"0x707367770210","      LEA R4, P2, R2, UR28, 0x2","1","0","1","16384","524288","524288","32","32","0","0","-","-","-","0","0","0","0","0","0","0","0","0","-","0","0","0","0","0","0","0","0","0","0","0","0","0","0","0","0","0","0","0","0","0","0","1","0","0","0","0","0","0","0","0","0","0","0","0","0","0","0","0","0"
"0x707367770220","      LEA.HI.X R5, R2, UR29, R3, 0x2, P2","4","0","4","16384","524288","524288","32","32","0","0","-","-","-","0","0","0","0","0","0","0","0","0","-","0","0","0","0","0","0","0","0","0","0","0","0","0","0","0","0","0","3","1","0","0","0","0","0","0","0","0","0","0","0","0","0","0","0","0","0","0","0","0","0"
"0x707367770230","      ST.E desc[UR24][R4.64], R7","2","1","2","16384","524288","524288","32","32","0","0","Global","Store","32","65536","0","0","0","0","196608","262144","65536","0","","0","0","0","0","0","0","0","0","0","0","0","0","0","0","2","0","0","0","0","0","0","0","0","0","0","0","0","0","0","0","0","1","0","0","0","0","0","0","0","0"
"0x707367770240","      BSYNC.RECONVERGENT B0","2","1","2","16384","524288","524288","32","32","0","0","-","-","-","0","0","0","0","0","0","0","0","0","-","0","0","0","0","0","0","0","0","0","0","0","0","0","0","0","0","0","0","1","0","0","0","1","0","0","0","0","0","0","0","0","0","0","0","0","0","0","0","0","1"
"0x707367770250","      BSSY.RECONVERGENT B0, 0x707367770310","5","4","5","16384","524288","524288","32","32","0","0","-","-","-","0","0","0","0","0","0","0","0","0","-","0","0","0","0","0","0","0","4","0","0","0","0","0","0","0","0","0","0","1","0","0","0","0","0","4","0","0","0","0","0","0","0","0","0","0","0","0","0","0","0"
"0x707367770260","@P1   BRA 0x707367770300","2","1","2","16384","524288","0","32","0","32","0","-","-","-","0","0","0","0","0","0","0","0","0","-","0","0","0","0","0","0","0","0","0","0","0","0","0","0","0","0","0","1","0","0","0","0","1","0","0","0","0","0","0","0","0","0","0","0","0","0","0","0","0","1"
"0x707367770270","      SHF.R.S32.HI R3, RZ, 0x1f, R33","1","0","1","16384","524288","524288","32","32","0","0","-","-","-","0","0","0","0","0","0","0","0","0","-","0","0","0","0","0","0","0","0","0","0","0","0","0","0","0","0","0","1","0","0","0","0","0","0","0","0","0","0","0","0","0","0","0","0","0","0","0","0","0","0"
"0x707367770280","      FADD R7, RZ, R62","13","10","13","16384","524288","524288","32","32","0","0","-","-","-","0","0","0","0","0","0","0","0","0","-","0","0","0","0","0","0","0","0","1","0","0","12","0","0","0","0","0","0","0","0","0","0","0","0","0","0","0","0","10","0","0","0","0","0","0","0","0","0","0","0"
"0x707367770290","      MOV R2, R33","0","0","0","16384","524288","524288","32","32","0","0","-","-","-","0","0","0","0","0","0","0","0","0","-","0","0","0","0","0","0","0","0","0","0","0","0","0","0","0","0","0","0","0","0","0","0","0","0","0","0","0","0","0","0","0","0","0","0","0","0","0","0","0","0"
"0x7073677702a0","      FSETP.GEU.AND P0, PT, R62, R0, PT","1","0","1","16384","524288","524288","32","32","0","0","-","-","-","0","0","0","0","0","0","0","0","0","-","0","0","0","0","0","0","0","0","0","0","0","0","0","0","0","0","0","0","1","0","0","0","0","0","0","0","0","0","0","0","0","0","0","0","0","0","0","0","0","0"
"0x7073677702b0","      IADD.64 R2, R2, R8","5","1","5","16384","524288","524288","32","32","0","0","-","-","-","0","0","0","0","0","0","0","0","0","-","0","0","0","0","0","0","0","0","0","0","0","0","4","0","0","0","0","0","0","0","0","0","1","0","0","0","0","0","0","0","0","0","0","0","0","0","0","0","0","1"
"0x7073677702c0","      FSEL R7, R0, R7, !P0","0","0","0","16384","524288","524288","32","32","0","0","-","-","-","0","0","0","0","0","0","0","0","0","-","0","0","0","0","0","0","0","0","0","0","0","0","0","0","0","0","0","0","0","0","0","0","0","0","0","0","0","0","0","0","0","0","0","0","0","0","0","0","0","0"
"0x7073677702d0","      LEA R4, P1, R2, UR28, 0x2","6","0","6","16384","524288","524288","32","32","0","0","-","-","-","0","0","0","0","0","0","0","0","0","-","0","0","0","0","0","0","0","0","1","0","0","0","1","0","0","0","0","3","1","0","0","0","0","0","0","0","0","0","0","0","0","0","0","0","0","0","0","0","0","0"
"0x7073677702e0","      LEA.HI.X R5, R2, UR29, R3, 0x2, P1","2","0","2","16384","524288","524288","32","32","0","0","-","-","-","0","0","0","0","0","0","0","0","0","-","0","0","0","0","0","0","0","0","1","0","0","0","0","0","0","0","0","1","0","0","0","0","0","0","0","0","0","0","0","0","0","0","0","0","0","0","0","0","0","0"
"0x7073677702f0","      ST.E desc[UR24][R4.64], R7","5","3","5","16384","524288","524288","32","32","0","0","Global","Store","32","65536","0","0","0","0","196608","262144","65536","0","","0","0","0","0","0","0","0","0","0","0","0","0","0","0","3","0","0","0","0","0","0","0","2","0","0","0","0","0","0","0","0","2","0","0","0","0","0","0","0","1"
"0x707367770300","      BSYNC.RECONVERGENT B0","2","2","2","16384","524288","524288","32","32","0","0","-","-","-","0","0","0","0","0","0","0","0","0","-","0","0","0","0","0","0","0","0","0","0","0","0","0","0","0","0","0","0","0","0","0","0","2","0","0","0","0","0","0","0","0","0","0","0","0","0","0","0","0","2"
"0x707367770310","@P6   EXIT","2","0","2","16384","524288","0","32","0","32","0","-","-","-","0","0","0","0","0","0","0","0","0","-","0","0","0","0","0","0","0","1","0","0","0","0","0","0","0","0","0","1","0","0","0","0","0","0","0","0","0","0","0","0","0","0","0","0","0","0","0","0","0","0"
"0x707367770320","      SHF.R.S32.HI R33, RZ, 0x1f, R32","2","1","2","16384","524288","524288","32","32","0","0","-","-","-","0","0","0","0","0","0","0","0","0","-","0","0","0","0","0","0","0","0","0","0","0","0","0","0","0","0","0","1","0","0","0","0","1","0","0","0","0","0","0","0","0","0","0","0","0","0","0","0","0","1"
"0x707367770330","      FSETP.GEU.AND P0, PT, R69, R0, PT","1","0","1","16384","524288","524288","32","32","0","0","-","-","-","0","0","0","0","0","0","0","0","0","-","0","0","0","0","0","0","0","0","0","0","0","0","0","0","0","0","0","0","1","0","0","0","0","0","0","0","0","0","0","0","0","0","0","0","0","0","0","0","0","0"
"0x707367770340","      FADD R69, RZ, R69","1","0","1","16384","524288","524288","32","32","0","0","-","-","-","0","0","0","0","0","0","0","0","0","-","0","0","0","0","0","0","0","0","0","0","0","0","0","0","0","0","0","0","1","0","0","0","0","0","0","0","0","0","0","0","0","0","0","0","0","0","0","0","0","0"
"0x707367770350","      IADD.64 R8, R32, R8","2","0","2","16384","524288","524288","32","32","0","0","-","-","-","0","0","0","0","0","0","0","0","0","-","0","0","0","0","0","0","0","0","1","0","0","0","0","0","0","0","0","1","0","0","0","0","0","0","0","0","0","0","0","0","0","0","0","0","0","0","0","0","0","0"
"0x707367770360","      FSEL R69, R0, R69, !P0","0","0","0","16384","524288","524288","32","32","0","0","-","-","-","0","0","0","0","0","0","0","0","0","-","0","0","0","0","0","0","0","0","0","0","0","0","0","0","0","0","0","0","0","0","0","0","0","0","0","0","0","0","0","0","0","0","0","0","0","0","0","0","0","0"
"0x707367770370","      LEA R2, P1, R8, UR28, 0x2","1","0","1","16384","524288","524288","32","32","0","0","-","-","-","0","0","0","0","0","0","0","0","0","-","0","0","0","0","0","0","0","0","0","0","0","0","0","0","0","0","0","1","0","0","0","0","0","0","0","0","0","0","0","0","0","0","0","0","0","0","0","0","0","0"
"0x707367770380","      LEA.HI.X R3, R8, UR29, R9, 0x2, P1","4","2","4","16384","524288","524288","32","32","0","0","-","-","-","0","0","0","0","0","0","0","0","0","-","0","0","0","0","0","0","0","0","0","0","0","0","0","0","0","0","0","1","0","0","0","0","3","0","0","0","0","0","0","0","0","0","0","0","0","0","0","0","0","2"
"0x707367770390","      ST.E desc[UR24][R2.64], R69","6","3","6","16384","524288","524288","32","32","0","0","Global","Store","32","65536","0","0","0","0","196608","262144","65536","0","","0","0","0","0","0","0","0","0","1","0","0","0","0","0","3","0","0","1","1","0","0","0","0","0","0","0","0","0","0","0","0","3","0","0","0","0","0","0","0","0"
"0x7073677703a0","      EXIT","0","0","0","16384","524288","524288","32","32","0","0","-","-","-","0","0","0","0","0","0","0","0","0","-","0","0","0","0","0","0","0","0","0","0","0","0","0","0","0","0","0","0","0","0","0","0","0","0","0","0","0","0","0","0","0","0","0","0","0","0","0","0","0","0"
"0x7073677703b0","      LDC R36, c[0x0][0x438]","44","28","44","0","0","0","0","0","32","0","-","-","-","0","0","0","0","0","0","0","0","0","-","0","0","0","0","0","0","0","3","0","39","0","0","0","0","0","0","0","0","0","0","0","0","2","0","3","0","24","0","0","0","0","0","0","0","0","0","0","0","0","1"
"0x7073677703c0","      ISETP.GE.AND P2, PT, R24, UR7, PT","0","0","0","0","0","0","0","0","32","0","-","-","-","0","0","0","0","0","0","0","0","0","-","0","0","0","0","0","0","0","0","0","0","0","0","0","0","0","0","0","0","0","0","0","0","0","0","0","0","0","0","0","0","0","0","0","0","0","0","0","0","0","0"
"0x7073677703d0","      ISETP.GE.OR P3, PT, R18, UR6, P2","0","0","0","0","0","0","0","0","32","0","-","-","-","0","0","0","0","0","0","0","0","0","-","0","0","0","0","0","0","0","0","0","0","0","0","0","0","0","0","0","0","0","0","0","0","0","0","0","0","0","0","0","0","0","0","0","0","0","0","0","0","0","0"
"0x7073677703e0","      LDC.64 R4, c[0x0][0x448]","0","0","0","0","0","0","0","0","32","0","-","-","-","0","0","0","0","0","0","0","0","0","-","0","0","0","0","0","0","0","0","0","0","0","0","0","0","0","0","0","0","0","0","0","0","0","0","0","0","0","0","0","0","0","0","0","0","0","0","0","0","0","0"
"0x7073677703f0","      LDC.64 R6, c[0x0][0x440]","0","0","0","0","0","0","0","0","32","0","-","-","-","0","0","0","0","0","0","0","0","0","-","0","0","0","0","0","0","0","0","0","0","0","0","0","0","0","0","0","0","0","0","0","0","0","0","0","0","0","0","0","0","0","0","0","0","0","0","0","0","0","0"
"0x707367770400","      IMAD R2, R18, R36, RZ","0","0","0","0","0","0","0","0","32","0","-","-","-","0","0","0","0","0","0","0","0","0","-","0","0","0","0","0","0","0","0","0","0","0","0","0","0","0","0","0","0","0","0","0","0","0","0","0","0","0","0","0","0","0","0","0","0","0","0","0","0","0","0"
"0x707367770410","      SHF.R.S32.HI R3, RZ, 0x1f, R2","0","0","0","0","0","0","0","0","32","0","-","-","-","0","0","0","0","0","0","0","0","0","-","0","0","0","0","0","0","0","0","0","0","0","0","0","0","0","0","0","0","0","0","0","0","0","0","0","0","0","0","0","0","0","0","0","0","0","0","0","0","0","0"
"0x707367770420","      IMAD R5, R5, UR8, RZ","0","0","0","0","0","0","0","0","32","0","-","-","-","0","0","0","0","0","0","0","0","0","-","0","0","0","0","0","0","0","0","0","0","0","0","0","0","0","0","0","0","0","0","0","0","0","0","0","0","0","0","0","0","0","0","0","0","0","0","0","0","0","0"
"0x707367770430","      IMAD.WIDE.U32 R2, R4, UR8, R2","0","0","0","0","0","0","0","0","32","0","-","-","-","0","0","0","0","0","0","0","0","0","-","0","0","0","0","0","0","0","0","0","0","0","0","0","0","0","0","0","0","0","0","0","0","0","0","0","0","0","0","0","0","0","0","0","0","0","0","0","0","0","0"
"0x707367770440","      IADD3 R3, PT, PT, R3, R5, RZ","0","0","0","0","0","0","0","0","32","0","-","-","-","0","0","0","0","0","0","0","0","0","-","0","0","0","0","0","0","0","0","0","0","0","0","0","0","0","0","0","0","0","0","0","0","0","0","0","0","0","0","0","0","0","0","0","0","0","0","0","0","0","0"
"0x707367770450","      LEA R14, P0, R2, R6, 0x2","0","0","0","0","0","0","0","0","32","0","-","-","-","0","0","0","0","0","0","0","0","0","-","0","0","0","0","0","0","0","0","0","0","0","0","0","0","0","0","0","0","0","0","0","0","0","0","0","0","0","0","0","0","0","0","0","0","0","0","0","0","0","0"
"0x707367770460","      LEA.HI.X R15, R2, R7, R3, 0x2, P0","0","0","0","0","0","0","0","0","32","0","-","-","-","0","0","0","0","0","0","0","0","0","-","0","0","0","0","0","0","0","0","0","0","0","0","0","0","0","0","0","0","0","0","0","0","0","0","0","0","0","0","0","0","0","0","0","0","0","0","0","0","0","0"
"0x707367770470","@!P3  LDG.E R21, desc[UR24][R14.64]","0","0","0","0","0","0","0","0","32","0","","","","0","0","0","0","0","0","0","0","0","","0","0","0","0","0","0","0","0","0","0","0","0","0","0","0","0","0","0","0","0","0","0","0","0","0","0","0","0","0","0","0","0","0","0","0","0","0","0","0","0"
"0x707367770480","      IMAD R12, R18, R36, R36","0","0","0","0","0","0","0","0","32","0","-","-","-","0","0","0","0","0","0","0","0","0","-","0","0","0","0","0","0","0","0","0","0","0","0","0","0","0","0","0","0","0","0","0","0","0","0","0","0","0","0","0","0","0","0","0","0","0","0","0","0","0","0"
"0x707367770490","      SHF.R.S32.HI R3, RZ, 0x1f, R18","0","0","0","0","0","0","0","0","32","0","-","-","-","0","0","0","0","0","0","0","0","0","-","0","0","0","0","0","0","0","0","0","0","0","0","0","0","0","0","0","0","0","0","0","0","0","0","0","0","0","0","0","0","0","0","0","0","0","0","0","0","0","0"
"0x7073677704a0","      IMAD.WIDE.U32 R8, R24, UR5, RZ","0","0","0","0","0","0","0","0","32","0","-","-","-","0","0","0","0","0","0","0","0","0","-","0","0","0","0","0","0","0","0","0","0","0","0","0","0","0","0","0","0","0","0","0","0","0","0","0","0","0","0","0","0","0","0","0","0","0","0","0","0","0","0"
"0x7073677704b0","      MOV R2, R18","0","0","0","0","0","0","0","0","32","0","-","-","-","0","0","0","0","0","0","0","0","0","-","0","0","0","0","0","0","0","0","0","0","0","0","0","0","0","0","0","0","0","0","0","0","0","0","0","0","0","0","0","0","0","0","0","0","0","0","0","0","0","0"
"0x7073677704c0","      ISETP.GE.AND P0, PT, R20, UR6, PT","0","0","0","0","0","0","0","0","32","0","-","-","-","0","0","0","0","0","0","0","0","0","-","0","0","0","0","0","0","0","0","0","0","0","0","0","0","0","0","0","0","0","0","0","0","0","0","0","0","0","0","0","0","0","0","0","0","0","0","0","0","0","0"
"0x7073677704d0","      SHF.R.S32.HI R13, RZ, 0x1f, R12","0","0","0","0","0","0","0","0","32","0","-","-","-","0","0","0","0","0","0","0","0","0","-","0","0","0","0","0","0","0","0","0","0","0","0","0","0","0","0","0","0","0","0","0","0","0","0","0","0","0","0","0","0","0","0","0","0","0","0","0","0","0","0"
"0x7073677704e0","      IMAD R9, R24, UR4, R9","0","0","0","0","0","0","0","0","32","0","-","-","-","0","0","0","0","0","0","0","0","0","-","0","0","0","0","0","0","0","0","0","0","0","0","0","0","0","0","0","0","0","0","0","0","0","0","0","0","0","0","0","0","0","0","0","0","0","0","0","0","0","0"
"0x7073677704f0","      ISETP.GE.OR P1, PT, R24, UR7, P0","0","0","0","0","0","0","0","0","32","0","-","-","-","0","0","0","0","0","0","0","0","0","-","0","0","0","0","0","0","0","0","0","0","0","0","0","0","0","0","0","0","0","0","0","0","0","0","0","0","0","0","0","0","0","0","0","0","0","0","0","0","0","0"
"0x707367770500","      IMAD.WIDE.U32 R12, R4, UR8, R12","0","0","0","0","0","0","0","0","32","0","-","-","-","0","0","0","0","0","0","0","0","0","-","0","0","0","0","0","0","0","0","0","0","0","0","0","0","0","0","0","0","0","0","0","0","0","0","0","0","0","0","0","0","0","0","0","0","0","0","0","0","0","0"
"0x707367770510","      IADD.64 R10, R2, R8","0","0","0","0","0","0","0","0","32","0","-","-","-","0","0","0","0","0","0","0","0","0","-","0","0","0","0","0","0","0","0","0","0","0","0","0","0","0","0","0","0","0","0","0","0","0","0","0","0","0","0","0","0","0","0","0","0","0","0","0","0","0","0"
"0x707367770520","      IADD3 R13, PT, PT, R5, R13, RZ","0","0","0","0","0","0","0","0","32","0","-","-","-","0","0","0","0","0","0","0","0","0","-","0","0","0","0","0","0","0","0","0","0","0","0","0","0","0","0","0","0","0","0","0","0","0","0","0","0","0","0","0","0","0","0","0","0","0","0","0","0","0","0"
"0x707367770530","      LEA R20, P6, R10, UR28, 0x2","0","0","0","0","0","0","0","0","32","0","-","-","-","0","0","0","0","0","0","0","0","0","-","0","0","0","0","0","0","0","0","0","0","0","0","0","0","0","0","0","0","0","0","0","0","0","0","0","0","0","0","0","0","0","0","0","0","0","0","0","0","0","0"
"0x707367770540","      LEA R22, P5, R12, R6, 0x2","0","0","0","0","0","0","0","0","32","0","-","-","-","0","0","0","0","0","0","0","0","0","-","0","0","0","0","0","0","0","0","0","0","0","0","0","0","0","0","0","0","0","0","0","0","0","0","0","0","0","0","0","0","0","0","0","0","0","0","0","0","0","0"
"0x707367770550","      LEA.HI.X R23, R12, R7, R13, 0x2, P5","0","0","0","0","0","0","0","0","32","0","-","-","-","0","0","0","0","0","0","0","0","0","-","0","0","0","0","0","0","0","0","0","0","0","0","0","0","0","0","0","0","0","0","0","0","0","0","0","0","0","0","0","0","0","0","0","0","0","0","0","0","0","0"
"0x707367770560","@!P3  FADD R55, R21, R28","0","0","0","0","0","0","0","0","32","0","-","-","-","0","0","0","0","0","0","0","0","0","-","0","0","0","0","0","0","0","0","0","0","0","0","0","0","0","0","0","0","0","0","0","0","0","0","0","0","0","0","0","0","0","0","0","0","0","0","0","0","0","0"
"0x707367770570","      LEA.HI.X R21, R10, UR29, R11, 0x2, P6","0","0","0","0","0","0","0","0","32","0","-","-","-","0","0","0","0","0","0","0","0","0","-","0","0","0","0","0","0","0","0","0","0","0","0","0","0","0","0","0","0","0","0","0","0","0","0","0","0","0","0","0","0","0","0","0","0","0","0","0","0","0","0"
"0x707367770580","@!P3  FSETP.GEU.AND P4, PT, R55, R0, PT","0","0","0","0","0","0","0","0","32","0","-","-","-","0","0","0","0","0","0","0","0","0","-","0","0","0","0","0","0","0","0","0","0","0","0","0","0","0","0","0","0","0","0","0","0","0","0","0","0","0","0","0","0","0","0","0","0","0","0","0","0","0","0"
"0x707367770590","@!P3  FSEL R55, R0, R55, !P4","0","0","0","0","0","0","0","0","32","0","-","-","-","0","0","0","0","0","0","0","0","0","-","0","0","0","0","0","0","0","0","0","0","0","0","0","0","0","0","0","0","0","0","0","0","0","0","0","0","0","0","0","0","0","0","0","0","0","0","0","0","0","0"
"0x7073677705a0","@!P3  ST.E desc[UR24][R20.64], R55","0","0","0","0","0","0","0","0","32","0","","","","0","0","0","0","0","0","0","0","0","","0","0","0","0","0","0","0","0","0","0","0","0","0","0","0","0","0","0","0","0","0","0","0","0","0","0","0","0","0","0","0","0","0","0","0","0","0","0","0","0"
"0x7073677705b0","@!P1  LDG.E R12, desc[UR24][R22.64]","0","0","0","0","0","0","0","0","32","0","","","","0","0","0","0","0","0","0","0","0","","0","0","0","0","0","0","0","0","0","0","0","0","0","0","0","0","0","0","0","0","0","0","0","0","0","0","0","0","0","0","0","0","0","0","0","0","0","0","0","0"
"0x7073677705c0","      IMAD R10, R37, R36, RZ","0","0","0","0","0","0","0","0","32","0","-","-","-","0","0","0","0","0","0","0","0","0","-","0","0","0","0","0","0","0","0","0","0","0","0","0","0","0","0","0","0","0","0","0","0","0","0","0","0","0","0","0","0","0","0","0","0","0","0","0","0","0","0"
"0x7073677705d0","      ISETP.GE.AND P6, PT, R37, UR6, PT","0","0","0","0","0","0","0","0","32","0","-","-","-","0","0","0","0","0","0","0","0","0","-","0","0","0","0","0","0","0","0","0","0","0","0","0","0","0","0","0","0","0","0","0","0","0","0","0","0","0","0","0","0","0","0","0","0","0","0","0","0","0","0"
"0x7073677705e0","      LOP3.LUT R28, R28, 0xfffffffe, RZ, 0xc0, !PT","0","0","0","0","0","0","0","0","32","0","-","-","-","0","0","0","0","0","0","0","0","0","-","0","0","0","0","0","0","0","0","0","0","0","0","0","0","0","0","0","0","0","0","0","0","0","0","0","0","0","0","0","0","0","0","0","0","0","0","0","0","0","0"
"0x7073677705f0","      SHF.R.S32.HI R11, RZ, 0x1f, R10","0","0","0","0","0","0","0","0","32","0","-","-","-","0","0","0","0","0","0","0","0","0","-","0","0","0","0","0","0","0","0","0","0","0","0","0","0","0","0","0","0","0","0","0","0","0","0","0","0","0","0","0","0","0","0","0","0","0","0","0","0","0","0"
"0x707367770600","      ISETP.GE.OR P3, PT, R24, UR7, P6","0","0","0","0","0","0","0","0","32","0","-","-","-","0","0","0","0","0","0","0","0","0","-","0","0","0","0","0","0","0","0","0","0","0","0","0","0","0","0","0","0","0","0","0","0","0","0","0","0","0","0","0","0","0","0","0","0","0","0","0","0","0","0"
"0x707367770610","      IMAD.WIDE.U32 R10, R4, UR8, R10","0","0","0","0","0","0","0","0","32","0","-","-","-","0","0","0","0","0","0","0","0","0","-","0","0","0","0","0","0","0","0","0","0","0","0","0","0","0","0","0","0","0","0","0","0","0","0","0","0","0","0","0","0","0","0","0","0","0","0","0","0","0","0"
"0x707367770620","      BSSY.RECONVERGENT B0, 0x707367770d60","0","0","0","0","0","0","0","0","32","0","-","-","-","0","0","0","0","0","0","0","0","0","-","0","0","0","0","0","0","0","0","0","0","0","0","0","0","0","0","0","0","0","0","0","0","0","0","0","0","0","0","0","0","0","0","0","0","0","0","0","0","0","0"
"0x707367770630","@P6   LOP3.LUT R28, R28, 0x1, RZ, 0xfc, !PT","0","0","0","0","0","0","0","0","32","0","-","-","-","0","0","0","0","0","0","0","0","0","-","0","0","0","0","0","0","0","0","0","0","0","0","0","0","0","0","0","0","0","0","0","0","0","0","0","0","0","0","0","0","0","0","0","0","0","0","0","0","0","0"
"0x707367770640","      IADD3 R11, PT, PT, R5, R11, RZ","0","0","0","0","0","0","0","0","32","0","-","-","-","0","0","0","0","0","0","0","0","0","-","0","0","0","0","0","0","0","0","0","0","0","0","0","0","0","0","0","0","0","0","0","0","0","0","0","0","0","0","0","0","0","0","0","0","0","0","0","0","0","0"
"0x707367770650","@!P1  FADD R51, R12, R51","0","0","0","0","0","0","0","0","32","0","-","-","-","0","0","0","0","0","0","0","0","0","-","0","0","0","0","0","0","0","0","0","0","0","0","0","0","0","0","0","0","0","0","0","0","0","0","0","0","0","0","0","0","0","0","0","0","0","0","0","0","0","0"
"0x707367770660","      LEA R12, P5, R10, R6, 0x2","0","0","0","0","0","0","0","0","32","0","-","-","-","0","0","0","0","0","0","0","0","0","-","0","0","0","0","0","0","0","0","0","0","0","0","0","0","0","0","0","0","0","0","0","0","0","0","0","0","0","0","0","0","0","0","0","0","0","0","0","0","0","0"
"0x707367770670","@!P1  FSETP.GEU.AND P4, PT, R51, R0, PT","0","0","0","0","0","0","0","0","32","0","-","-","-","0","0","0","0","0","0","0","0","0","-","0","0","0","0","0","0","0","0","0","0","0","0","0","0","0","0","0","0","0","0","0","0","0","0","0","0","0","0","0","0","0","0","0","0","0","0","0","0","0","0"
"0x707367770680","      LEA.HI.X R13, R10, R7, R11, 0x2, P5","0","0","0","0","0","0","0","0","32","0","-","-","-","0","0","0","0","0","0","0","0","0","-","0","0","0","0","0","0","0","0","0","0","0","0","0","0","0","0","0","0","0","0","0","0","0","0","0","0","0","0","0","0","0","0","0","0","0","0","0","0","0","0"
"0x707367770690","@!P1  FSEL R51, R0, R51, !P4","0","0","0","0","0","0","0","0","32","0","-","-","-","0","0","0","0","0","0","0","0","0","-","0","0","0","0","0","0","0","0","0","0","0","0","0","0","0","0","0","0","0","0","0","0","0","0","0","0","0","0","0","0","0","0","0","0","0","0","0","0","0","0"
"0x7073677706a0","@!P1  ST.E desc[UR24][R20.64+0x4], R51","0","0","0","0","0","0","0","0","32","0","","","","0","0","0","0","0","0","0","0","0","","0","0","0","0","0","0","0","0","0","0","0","0","0","0","0","0","0","0","0","0","0","0","0","0","0","0","0","0","0","0","0","0","0","0","0","0","0","0","0","0"
"0x7073677706b0","@!P3  LDG.E R54, desc[UR24][R12.64]","0","0","0","0","0","0","0","0","32","0","","","","0","0","0","0","0","0","0","0","0","","0","0","0","0","0","0","0","0","0","0","0","0","0","0","0","0","0","0","0","0","0","0","0","0","0","0","0","0","0","0","0","0","0","0","0","0","0","0","0","0"
"0x7073677706c0","      IMAD R10, R35, R36, RZ","0","0","0","0","0","0","0","0","32","0","-","-","-","0","0","0","0","0","0","0","0","0","-","0","0","0","0","0","0","0","0","0","0","0","0","0","0","0","0","0","0","0","0","0","0","0","0","0","0","0","0","0","0","0","0","0","0","0","0","0","0","0","0"
"0x7073677706d0","      ISETP.GE.AND P1, PT, R35, UR6, PT","0","0","0","0","0","0","0","0","32","0","-","-","-","0","0","0","0","0","0","0","0","0","-","0","0","0","0","0","0","0","0","0","0","0","0","0","0","0","0","0","0","0","0","0","0","0","0","0","0","0","0","0","0","0","0","0","0","0","0","0","0","0","0"
"0x7073677706e0","      SHF.R.S32.HI R11, RZ, 0x1f, R10","0","0","0","0","0","0","0","0","32","0","-","-","-","0","0","0","0","0","0","0","0","0","-","0","0","0","0","0","0","0","0","0","0","0","0","0","0","0","0","0","0","0","0","0","0","0","0","0","0","0","0","0","0","0","0","0","0","0","0","0","0","0","0"
"0x7073677706f0","      ISETP.GE.OR P4, PT, R24, UR7, P1","0","0","0","0","0","0","0","0","32","0","-","-","-","0","0","0","0","0","0","0","0","0","-","0","0","0","0","0","0","0","0","0","0","0","0","0","0","0","0","0","0","0","0","0","0","0","0","0","0","0","0","0","0","0","0","0","0","0","0","0","0","0","0"
"0x707367770700","      IMAD.WIDE.U32 R10, R4, UR8, R10","0","0","0","0","0","0","0","0","32","0","-","-","-","0","0","0","0","0","0","0","0","0","-","0","0","0","0","0","0","0","0","0","0","0","0","0","0","0","0","0","0","0","0","0","0","0","0","0","0","0","0","0","0","0","0","0","0","0","0","0","0","0","0"
"0x707367770710","      IADD3 R11, PT, PT, R5, R11, RZ","0","0","0","0","0","0","0","0","32","0","-","-","-","0","0","0","0","0","0","0","0","0","-","0","0","0","0","0","0","0","0","0","0","0","0","0","0","0","0","0","0","0","0","0","0","0","0","0","0","0","0","0","0","0","0","0","0","0","0","0","0","0","0"
"0x707367770720","@!P3  FADD R57, R54, R57","0","0","0","0","0","0","0","0","32","0","-","-","-","0","0","0","0","0","0","0","0","0","-","0","0","0","0","0","0","0","0","0","0","0","0","0","0","0","0","0","0","0","0","0","0","0","0","0","0","0","0","0","0","0","0","0","0","0","0","0","0","0","0"
"0x707367770730","@!P3  FSETP.GEU.AND P5, PT, R57, R0, PT","0","0","0","0","0","0","0","0","32","0","-","-","-","0","0","0","0","0","0","0","0","0","-","0","0","0","0","0","0","0","0","0","0","0","0","0","0","0","0","0","0","0","0","0","0","0","0","0","0","0","0","0","0","0","0","0","0","0","0","0","0","0","0"
"0x707367770740","@!P3  FSEL R57, R0, R57, !P5","0","0","0","0","0","0","0","0","32","0","-","-","-","0","0","0","0","0","0","0","0","0","-","0","0","0","0","0","0","0","0","0","0","0","0","0","0","0","0","0","0","0","0","0","0","0","0","0","0","0","0","0","0","0","0","0","0","0","0","0","0","0","0"
"0x707367770750","      LEA R54, P5, R10, R6, 0x2","0","0","0","0","0","0","0","0","32","0","-","-","-","0","0","0","0","0","0","0","0","0","-","0","0","0","0","0","0","0","0","0","0","0","0","0","0","0","0","0","0","0","0","0","0","0","0","0","0","0","0","0","0","0","0","0","0","0","0","0","0","0","0"
"0x707367770760","      LEA.HI.X R55, R10, R7, R11, 0x2, P5","0","0","0","0","0","0","0","0","32","0","-","-","-","0","0","0","0","0","0","0","0","0","-","0","0","0","0","0","0","0","0","0","0","0","0","0","0","0","0","0","0","0","0","0","0","0","0","0","0","0","0","0","0","0","0","0","0","0","0","0","0","0","0"
"0x707367770770","@!P3  ST.E desc[UR24][R20.64+0x8], R57","0","0","0","0","0","0","0","0","32","0","","","","0","0","0","0","0","0","0","0","0","","0","0","0","0","0","0","0","0","0","0","0","0","0","0","0","0","0","0","0","0","0","0","0","0","0","0","0","0","0","0","0","0","0","0","0","0","0","0","0","0"
"0x707367770780","@!P4  LDG.E R24, desc[UR24][R54.64]","0","0","0","0","0","0","0","0","32","0","","","","0","0","0","0","0","0","0","0","0","","0","0","0","0","0","0","0","0","0","0","0","0","0","0","0","0","0","0","0","0","0","0","0","0","0","0","0","0","0","0","0","0","0","0","0","0","0","0","0","0"
"0x707367770790","      IMAD R10, R16, R36, RZ","0","0","0","0","0","0","0","0","32","0","-","-","-","0","0","0","0","0","0","0","0","0","-","0","0","0","0","0","0","0","0","0","0","0","0","0","0","0","0","0","0","0","0","0","0","0","0","0","0","0","0","0","0","0","0","0","0","0","0","0","0","0","0"
"0x7073677707a0","      ISETP.GE.OR P3, PT, R16, UR6, P2","0","0","0","0","0","0","0","0","32","0","-","-","-","0","0","0","0","0","0","0","0","0","-","0","0","0","0","0","0","0","0","0","0","0","0","0","0","0","0","0","0","0","0","0","0","0","0","0","0","0","0","0","0","0","0","0","0","0","0","0","0","0","0"
"0x7073677707b0","      SHF.R.S32.HI R11, RZ, 0x1f, R10","0","0","0","0","0","0","0","0","32","0","-","-","-","0","0","0","0","0","0","0","0","0","-","0","0","0","0","0","0","0","0","0","0","0","0","0","0","0","0","0","0","0","0","0","0","0","0","0","0","0","0","0","0","0","0","0","0","0","0","0","0","0","0"
"0x7073677707c0","      IMAD.WIDE.U32 R64, R4, UR8, R10","0","0","0","0","0","0","0","0","32","0","-","-","-","0","0","0","0","0","0","0","0","0","-","0","0","0","0","0","0","0","0","0","0","0","0","0","0","0","0","0","0","0","0","0","0","0","0","0","0","0","0","0","0","0","0","0","0","0","0","0","0","0","0"
"0x7073677707d0","      IADD3 R11, PT, PT, R5, R65, RZ","0","0","0","0","0","0","0","0","32","0","-","-","-","0","0","0","0","0","0","0","0","0","-","0","0","0","0","0","0","0","0","0","0","0","0","0","0","0","0","0","0","0","0","0","0","0","0","0","0","0","0","0","0","0","0","0","0","0","0","0","0","0","0"
"0x7073677707e0","@!P4  FADD R45, R24, R45","0","0","0","0","0","0","0","0","32","0","-","-","-","0","0","0","0","0","0","0","0","0","-","0","0","0","0","0","0","0","0","0","0","0","0","0","0","0","0","0","0","0","0","0","0","0","0","0","0","0","0","0","0","0","0","0","0","0","0","0","0","0","0"
"0x7073677707f0","@!P4  FSETP.GEU.AND P5, PT, R45, R0, PT","0","0","0","0","0","0","0","0","32","0","-","-","-","0","0","0","0","0","0","0","0","0","-","0","0","0","0","0","0","0","0","0","0","0","0","0","0","0","0","0","0","0","0","0","0","0","0","0","0","0","0","0","0","0","0","0","0","0","0","0","0","0","0"
"0x707367770800","@!P4  FSEL R45, R0, R45, !P5","0","0","0","0","0","0","0","0","32","0","-","-","-","0","0","0","0","0","0","0","0","0","-","0","0","0","0","0","0","0","0","0","0","0","0","0","0","0","0","0","0","0","0","0","0","0","0","0","0","0","0","0","0","0","0","0","0","0","0","0","0","0","0"
"0x707367770810","      LEA R10, P5, R64, R6, 0x2","0","0","0","0","0","0","0","0","32","0","-","-","-","0","0","0","0","0","0","0","0","0","-","0","0","0","0","0","0","0","0","0","0","0","0","0","0","0","0","0","0","0","0","0","0","0","0","0","0","0","0","0","0","0","0","0","0","0","0","0","0","0","0"
"0x707367770820","      LEA.HI.X R11, R64, R7, R11, 0x2, P5","0","0","0","0","0","0","0","0","32","0","-","-","-","0","0","0","0","0","0","0","0","0","-","0","0","0","0","0","0","0","0","0","0","0","0","0","0","0","0","0","0","0","0","0","0","0","0","0","0","0","0","0","0","0","0","0","0","0","0","0","0","0","0"
"0x707367770830","@!P4  ST.E desc[UR24][R20.64+0xc], R45","0","0","0","0","0","0","0","0","32","0","","","","0","0","0","0","0","0","0","0","0","","0","0","0","0","0","0","0","0","0","0","0","0","0","0","0","0","0","0","0","0","0","0","0","0","0","0","0","0","0","0","0","0","0","0","0","0","0","0","0","0"
"0x707367770840","@!P3  LDG.E R35, desc[UR24][R10.64]","0","0","0","0","0","0","0","0","32","0","","","","0","0","0","0","0","0","0","0","0","","0","0","0","0","0","0","0","0","0","0","0","0","0","0","0","0","0","0","0","0","0","0","0","0","0","0","0","0","0","0","0","0","0","0","0","0","0","0","0","0"
"0x707367770850","      IMAD R64, R34, R36, RZ","0","0","0","0","0","0","0","0","32","0","-","-","-","0","0","0","0","0","0","0","0","0","-","0","0","0","0","0","0","0","0","0","0","0","0","0","0","0","0","0","0","0","0","0","0","0","0","0","0","0","0","0","0","0","0","0","0","0","0","0","0","0","0"
"0x707367770860","      SHF.R.S32.HI R65, RZ, 0x1f, R64","0","0","0","0","0","0","0","0","32","0","-","-","-","0","0","0","0","0","0","0","0","0","-","0","0","0","0","0","0","0","0","0","0","0","0","0","0","0","0","0","0","0","0","0","0","0","0","0","0","0","0","0","0","0","0","0","0","0","0","0","0","0","0"
"0x707367770870","@!P3  SHF.R.S32.HI R21, RZ, 0x1f, R16","0","0","0","0","0","0","0","0","32","0","-","-","-","0","0","0","0","0","0","0","0","0","-","0","0","0","0","0","0","0","0","0","0","0","0","0","0","0","0","0","0","0","0","0","0","0","0","0","0","0","0","0","0","0","0","0","0","0","0","0","0","0","0"
"0x707367770880","@!P3  MOV R20, R16","0","0","0","0","0","0","0","0","32","0","-","-","-","0","0","0","0","0","0","0","0","0","-","0","0","0","0","0","0","0","0","0","0","0","0","0","0","0","0","0","0","0","0","0","0","0","0","0","0","0","0","0","0","0","0","0","0","0","0","0","0","0","0"
"0x707367770890","      IMAD.WIDE.U32 R64, R4, UR8, R64","0","0","0","0","0","0","0","0","32","0","-","-","-","0","0","0","0","0","0","0","0","0","-","0","0","0","0","0","0","0","0","0","0","0","0","0","0","0","0","0","0","0","0","0","0","0","0","0","0","0","0","0","0","0","0","0","0","0","0","0","0","0","0"
"0x7073677708a0","@!P3  IADD.64 R20, R20, R8","0","0","0","0","0","0","0","0","32","0","-","-","-","0","0","0","0","0","0","0","0","0","-","0","0","0","0","0","0","0","0","0","0","0","0","0","0","0","0","0","0","0","0","0","0","0","0","0","0","0","0","0","0","0","0","0","0","0","0","0","0","0","0"
"0x7073677708b0","@!P3  LEA R70, P4, R20, UR28, 0x2","0","0","0","0","0","0","0","0","32","0","-","-","-","0","0","0","0","0","0","0","0","0","-","0","0","0","0","0","0","0","0","0","0","0","0","0","0","0","0","0","0","0","0","0","0","0","0","0","0","0","0","0","0","0","0","0","0","0","0","0","0","0","0"
"0x7073677708c0","@!P3  LEA.HI.X R71, R20, UR29, R21, 0x2, P4","0","0","0","0","0","0","0","0","32","0","-","-","-","0","0","0","0","0","0","0","0","0","-","0","0","0","0","0","0","0","0","0","0","0","0","0","0","0","0","0","0","0","0","0","0","0","0","0","0","0","0","0","0","0","0","0","0","0","0","0","0","0","0"
"0x7073677708d0","      ISETP.GE.OR P4, PT, R34, UR6, P2","0","0","0","0","0","0","0","0","32","0","-","-","-","0","0","0","0","0","0","0","0","0","-","0","0","0","0","0","0","0","0","0","0","0","0","0","0","0","0","0","0","0","0","0","0","0","0","0","0","0","0","0","0","0","0","0","0","0","0","0","0","0","0"
"0x7073677708e0","      IADD3 R21, PT, PT, R5, R65, RZ","0","0","0","0","0","0","0","0","32","0","-","-","-","0","0","0","0","0","0","0","0","0","-","0","0","0","0","0","0","0","0","0","0","0","0","0","0","0","0","0","0","0","0","0","0","0","0","0","0","0","0","0","0","0","0","0","0","0","0","0","0","0","0"
"0x7073677708f0","@!P3  FADD R35, R35, R48","0","0","0","0","0","0","0","0","32","0","-","-","-","0","0","0","0","0","0","0","0","0","-","0","0","0","0","0","0","0","0","0","0","0","0","0","0","0","0","0","0","0","0","0","0","0","0","0","0","0","0","0","0","0","0","0","0","0","0","0","0","0","0"
"0x707367770900","@!P3  FSETP.GEU.AND P5, PT, R35, R0, PT","0","0","0","0","0","0","0","0","32","0","-","-","-","0","0","0","0","0","0","0","0","0","-","0","0","0","0","0","0","0","0","0","0","0","0","0","0","0","0","0","0","0","0","0","0","0","0","0","0","0","0","0","0","0","0","0","0","0","0","0","0","0","0"
"0x707367770910","@!P3  FSEL R37, R0, R35, !P5","0","0","0","0","0","0","0","0","32","0","-","-","-","0","0","0","0","0","0","0","0","0","-","0","0","0","0","0","0","0","0","0","0","0","0","0","0","0","0","0","0","0","0","0","0","0","0","0","0","0","0","0","0","0","0","0","0","0","0","0","0","0","0"
"0x707367770920","      LEA R20, P5, R64, R6, 0x2","0","0","0","0","0","0","0","0","32","0","-","-","-","0","0","0","0","0","0","0","0","0","-","0","0","0","0","0","0","0","0","0","0","0","0","0","0","0","0","0","0","0","0","0","0","0","0","0","0","0","0","0","0","0","0","0","0","0","0","0","0","0","0"
"0x707367770930","      LEA.HI.X R21, R64, R7, R21, 0x2, P5","0","0","0","0","0","0","0","0","32","0","-","-","-","0","0","0","0","0","0","0","0","0","-","0","0","0","0","0","0","0","0","0","0","0","0","0","0","0","0","0","0","0","0","0","0","0","0","0","0","0","0","0","0","0","0","0","0","0","0","0","0","0","0"
"0x707367770940","@!P3  ST.E desc[UR24][R70.64], R37","0","0","0","0","0","0","0","0","32","0","","","","0","0","0","0","0","0","0","0","0","","0","0","0","0","0","0","0","0","0","0","0","0","0","0","0","0","0","0","0","0","0","0","0","0","0","0","0","0","0","0","0","0","0","0","0","0","0","0","0","0"
"0x707367770950","@!P4  LDG.E R24, desc[UR24][R20.64]","0","0","0","0","0","0","0","0","32","0","","","","0","0","0","0","0","0","0","0","0","","0","0","0","0","0","0","0","0","0","0","0","0","0","0","0","0","0","0","0","0","0","0","0","0","0","0","0","0","0","0","0","0","0","0","0","0","0","0","0","0"
"0x707367770960","@!P4  SHF.R.S32.HI R35, RZ, 0x1f, R34","0","0","0","0","0","0","0","0","32","0","-","-","-","0","0","0","0","0","0","0","0","0","-","0","0","0","0","0","0","0","0","0","0","0","0","0","0","0","0","0","0","0","0","0","0","0","0","0","0","0","0","0","0","0","0","0","0","0","0","0","0","0","0"
"0x707367770970","@!P4  IADD.64 R64, R34, R8","0","0","0","0","0","0","0","0","32","0","-","-","-","0","0","0","0","0","0","0","0","0","-","0","0","0","0","0","0","0","0","0","0","0","0","0","0","0","0","0","0","0","0","0","0","0","0","0","0","0","0","0","0","0","0","0","0","0","0","0","0","0","0"
"0x707367770980","      IMAD R70, R33, R36, RZ","0","0","0","0","0","0","0","0","32","0","-","-","-","0","0","0","0","0","0","0","0","0","-","0","0","0","0","0","0","0","0","0","0","0","0","0","0","0","0","0","0","0","0","0","0","0","0","0","0","0","0","0","0","0","0","0","0","0","0","0","0","0","0"
"0x707367770990","@!P4  LEA R72, P5, R64, UR28, 0x2","0","0","0","0","0","0","0","0","32","0","-","-","-","0","0","0","0","0","0","0","0","0","-","0","0","0","0","0","0","0","0","0","0","0","0","0","0","0","0","0","0","0","0","0","0","0","0","0","0","0","0","0","0","0","0","0","0","0","0","0","0","0","0"
"0x7073677709a0","      SHF.R.S32.HI R71, RZ, 0x1f, R70","0","0","0","0","0","0","0","0","32","0","-","-","-","0","0","0","0","0","0","0","0","0","-","0","0","0","0","0","0","0","0","0","0","0","0","0","0","0","0","0","0","0","0","0","0","0","0","0","0","0","0","0","0","0","0","0","0","0","0","0","0","0","0"
"0x7073677709b0","@!P4  LEA.HI.X R73, R64, UR29, R65, 0x2, P5","0","0","0","0","0","0","0","0","32","0","-","-","-","0","0","0","0","0","0","0","0","0","-","0","0","0","0","0","0","0","0","0","0","0","0","0","0","0","0","0","0","0","0","0","0","0","0","0","0","0","0","0","0","0","0","0","0","0","0","0","0","0","0"
"0x7073677709c0","      ISETP.GE.OR P5, PT, R33, UR6, P2","0","0","0","0","0","0","0","0","32","0","-","-","-","0","0","0","0","0","0","0","0","0","-","0","0","0","0","0","0","0","0","0","0","0","0","0","0","0","0","0","0","0","0","0","0","0","0","0","0","0","0","0","0","0","0","0","0","0","0","0","0","0","0"
"0x7073677709d0","      IMAD.WIDE.U32 R70, R4, UR8, R70","0","0","0","0","0","0","0","0","32","0","-","-","-","0","0","0","0","0","0","0","0","0","-","0","0","0","0","0","0","0","0","0","0","0","0","0","0","0","0","0","0","0","0","0","0","0","0","0","0","0","0","0","0","0","0","0","0","0","0","0","0","0","0"
"0x7073677709e0","@!P4  FADD R61, R24, R61","0","0","0","0","0","0","0","0","32","0","-","-","-","0","0","0","0","0","0","0","0","0","-","0","0","0","0","0","0","0","0","0","0","0","0","0","0","0","0","0","0","0","0","0","0","0","0","0","0","0","0","0","0","0","0","0","0","0","0","0","0","0","0"
"0x7073677709f0","      IADD3 R24, PT, PT, R5, R71, RZ","0","0","0","0","0","0","0","0","32","0","-","-","-","0","0","0","0","0","0","0","0","0","-","0","0","0","0","0","0","0","0","0","0","0","0","0","0","0","0","0","0","0","0","0","0","0","0","0","0","0","0","0","0","0","0","0","0","0","0","0","0","0","0"
"0x707367770a00","@!P4  FSETP.GEU.AND P3, PT, R61, R0, PT","0","0","0","0","0","0","0","0","32","0","-","-","-","0","0","0","0","0","0","0","0","0","-","0","0","0","0","0","0","0","0","0","0","0","0","0","0","0","0","0","0","0","0","0","0","0","0","0","0","0","0","0","0","0","0","0","0","0","0","0","0","0","0"
"0x707367770a10","@!P4  FSEL R61, R0, R61, !P3","0","0","0","0","0","0","0","0","32","0","-","-","-","0","0","0","0","0","0","0","0","0","-","0","0","0","0","0","0","0","0","0","0","0","0","0","0","0","0","0","0","0","0","0","0","0","0","0","0","0","0","0","0","0","0","0","0","0","0","0","0","0","0"
"0x707367770a20","      LEA R64, P3, R70, R6, 0x2","0","0","0","0","0","0","0","0","32","0","-","-","-","0","0","0","0","0","0","0","0","0","-","0","0","0","0","0","0","0","0","0","0","0","0","0","0","0","0","0","0","0","0","0","0","0","0","0","0","0","0","0","0","0","0","0","0","0","0","0","0","0","0"
"0x707367770a30","      LEA.HI.X R65, R70, R7, R24, 0x2, P3","0","0","0","0","0","0","0","0","32","0","-","-","-","0","0","0","0","0","0","0","0","0","-","0","0","0","0","0","0","0","0","0","0","0","0","0","0","0","0","0","0","0","0","0","0","0","0","0","0","0","0","0","0","0","0","0","0","0","0","0","0","0","0"
"0x707367770a40","@!P4  ST.E desc[UR24][R72.64], R61","0","0","0","0","0","0","0","0","32","0","","","","0","0","0","0","0","0","0","0","0","","0","0","0","0","0","0","0","0","0","0","0","0","0","0","0","0","0","0","0","0","0","0","0","0","0","0","0","0","0","0","0","0","0","0","0","0","0","0","0","0"
"0x707367770a50","@!P5  LDG.E R24, desc[UR24][R64.64]","0","0","0","0","0","0","0","0","32","0","","","","0","0","0","0","0","0","0","0","0","","0","0","0","0","0","0","0","0","0","0","0","0","0","0","0","0","0","0","0","0","0","0","0","0","0","0","0","0","0","0","0","0","0","0","0","0","0","0","0","0"
"0x707367770a60","@!P5  SHF.R.S32.HI R37, RZ, 0x1f, R33","0","0","0","0","0","0","0","0","32","0","-","-","-","0","0","0","0","0","0","0","0","0","-","0","0","0","0","0","0","0","0","0","0","0","0","0","0","0","0","0","0","0","0","0","0","0","0","0","0","0","0","0","0","0","0","0","0","0","0","0","0","0","0"
"0x707367770a70","      IMAD R72, R32, R36, RZ","0","0","0","0","0","0","0","0","32","0","-","-","-","0","0","0","0","0","0","0","0","0","-","0","0","0","0","0","0","0","0","0","0","0","0","0","0","0","0","0","0","0","0","0","0","0","0","0","0","0","0","0","0","0","0","0","0","0","0","0","0","0","0"
"0x707367770a80","@!P5  MOV R36, R33","0","0","0","0","0","0","0","0","32","0","-","-","-","0","0","0","0","0","0","0","0","0","-","0","0","0","0","0","0","0","0","0","0","0","0","0","0","0","0","0","0","0","0","0","0","0","0","0","0","0","0","0","0","0","0","0","0","0","0","0","0","0","0"
"0x707367770a90","      SHF.R.S32.HI R73, RZ, 0x1f, R72","0","0","0","0","0","0","0","0","32","0","-","-","-","0","0","0","0","0","0","0","0","0","-","0","0","0","0","0","0","0","0","0","0","0","0","0","0","0","0","0","0","0","0","0","0","0","0","0","0","0","0","0","0","0","0","0","0","0","0","0","0","0","0"
"0x707367770aa0","@!P5  IADD.64 R70, R36, R8","0","0","0","0","0","0","0","0","32","0","-","-","-","0","0","0","0","0","0","0","0","0","-","0","0","0","0","0","0","0","0","0","0","0","0","0","0","0","0","0","0","0","0","0","0","0","0","0","0","0","0","0","0","0","0","0","0","0","0","0","0","0","0"
"0x707367770ab0","      IMAD.WIDE.U32 R72, R4, UR8, R72","0","0","0","0","0","0","0","0","32","0","-","-","-","0","0","0","0","0","0","0","0","0","-","0","0","0","0","0","0","0","0","0","0","0","0","0","0","0","0","0","0","0","0","0","0","0","0","0","0","0","0","0","0","0","0","0","0","0","0","0","0","0","0"
"0x707367770ac0","@!P5  LEA R36, P3, R70, UR28, 0x2","0","0","0","0","0","0","0","0","32","0","-","-","-","0","0","0","0","0","0","0","0","0","-","0","0","0","0","0","0","0","0","0","0","0","0","0","0","0","0","0","0","0","0","0","0","0","0","0","0","0","0","0","0","0","0","0","0","0","0","0","0","0","0"
"0x707367770ad0","@!P5  LEA.HI.X R37, R70, UR29, R71, 0x2, P3","0","0","0","0","0","0","0","0","32","0","-","-","-","0","0","0","0","0","0","0","0","0","-","0","0","0","0","0","0","0","0","0","0","0","0","0","0","0","0","0","0","0","0","0","0","0","0","0","0","0","0","0","0","0","0","0","0","0","0","0","0","0","0"
"0x707367770ae0","      ISETP.GE.OR P3, PT, R32, UR6, P2","0","0","0","0","0","0","0","0","32","0","-","-","-","0","0","0","0","0","0","0","0","0","-","0","0","0","0","0","0","0","0","0","0","0","0","0","0","0","0","0","0","0","0","0","0","0","0","0","0","0","0","0","0","0","0","0","0","0","0","0","0","0","0"
"0x707367770af0","      IADD3 R5, PT, PT, R5, R73, RZ","0","0","0","0","0","0","0","0","32","0","-","-","-","0","0","0","0","0","0","0","0","0","-","0","0","0","0","0","0","0","0","0","0","0","0","0","0","0","0","0","0","0","0","0","0","0","0","0","0","0","0","0","0","0","0","0","0","0","0","0","0","0","0"
"0x707367770b00","      LEA R6, P4, R72, R6, 0x2","0","0","0","0","0","0","0","0","32","0","-","-","-","0","0","0","0","0","0","0","0","0","-","0","0","0","0","0","0","0","0","0","0","0","0","0","0","0","0","0","0","0","0","0","0","0","0","0","0","0","0","0","0","0","0","0","0","0","0","0","0","0","0"
"0x707367770b10","      LEA.HI.X R7, R72, R7, R5, 0x2, P4","0","0","0","0","0","0","0","0","32","0","-","-","-","0","0","0","0","0","0","0","0","0","-","0","0","0","0","0","0","0","0","0","0","0","0","0","0","0","0","0","0","0","0","0","0","0","0","0","0","0","0","0","0","0","0","0","0","0","0","0","0","0","0"
"0x707367770b20","@!P5  FADD R41, R24, R41","0","0","0","0","0","0","0","0","32","0","-","-","-","0","0","0","0","0","0","0","0","0","-","0","0","0","0","0","0","0","0","0","0","0","0","0","0","0","0","0","0","0","0","0","0","0","0","0","0","0","0","0","0","0","0","0","0","0","0","0","0","0","0"
"0x707367770b30","@!P5  FSETP.GEU.AND P2, PT, R41, R0, PT","0","0","0","0","0","0","0","0","32","0","-","-","-","0","0","0","0","0","0","0","0","0","-","0","0","0","0","0","0","0","0","0","0","0","0","0","0","0","0","0","0","0","0","0","0","0","0","0","0","0","0","0","0","0","0","0","0","0","0","0","0","0","0"
"0x707367770b40","@!P5  FSEL R41, R0, R41, !P2","0","0","0","0","0","0","0","0","32","0","-","-","-","0","0","0","0","0","0","0","0","0","-","0","0","0","0","0","0","0","0","0","0","0","0","0","0","0","0","0","0","0","0","0","0","0","0","0","0","0","0","0","0","0","0","0","0","0","0","0","0","0","0"
"0x707367770b50","@!P5  ST.E desc[UR24][R36.64], R41","0","0","0","0","0","0","0","0","32","0","","","","0","0","0","0","0","0","0","0","0","","0","0","0","0","0","0","0","0","0","0","0","0","0","0","0","0","0","0","0","0","0","0","0","0","0","0","0","0","0","0","0","0","0","0","0","0","0","0","0","0"
"0x707367770b60","@!P3  LDG.E R35, desc[UR24][R6.64]","0","0","0","0","0","0","0","0","32","0","","","","0","0","0","0","0","0","0","0","0","","0","0","0","0","0","0","0","0","0","0","0","0","0","0","0","0","0","0","0","0","0","0","0","0","0","0","0","0","0","0","0","0","0","0","0","0","0","0","0","0"
"0x707367770b70","@!P3  SHF.R.S32.HI R5, RZ, 0x1f, R32","0","0","0","0","0","0","0","0","32","0","-","-","-","0","0","0","0","0","0","0","0","0","-","0","0","0","0","0","0","0","0","0","0","0","0","0","0","0","0","0","0","0","0","0","0","0","0","0","0","0","0","0","0","0","0","0","0","0","0","0","0","0","0"
"0x707367770b80","@!P3  MOV R4, R32","0","0","0","0","0","0","0","0","32","0","-","-","-","0","0","0","0","0","0","0","0","0","-","0","0","0","0","0","0","0","0","0","0","0","0","0","0","0","0","0","0","0","0","0","0","0","0","0","0","0","0","0","0","0","0","0","0","0","0","0","0","0","0"
"0x707367770b90","      ISETP.GE.AND P2, PT, R27, UR7, PT","0","0","0","0","0","0","0","0","32","0","-","-","-","0","0","0","0","0","0","0","0","0","-","0","0","0","0","0","0","0","0","0","0","0","0","0","0","0","0","0","0","0","0","0","0","0","0","0","0","0","0","0","0","0","0","0","0","0","0","0","0","0","0"
"0x707367770ba0","@!P3  IADD.64 R8, R4, R8","0","0","0","0","0","0","0","0","32","0","-","-","-","0","0","0","0","0","0","0","0","0","-","0","0","0","0","0","0","0","0","0","0","0","0","0","0","0","0","0","0","0","0","0","0","0","0","0","0","0","0","0","0","0","0","0","0","0","0","0","0","0","0"
"0x707367770bb0","      ISETP.GE.OR P2, PT, R18, UR6, P2","0","0","0","0","0","0","0","0","32","0","-","-","-","0","0","0","0","0","0","0","0","0","-","0","0","0","0","0","0","0","0","0","0","0","0","0","0","0","0","0","0","0","0","0","0","0","0","0","0","0","0","0","0","0","0","0","0","0","0","0","0","0","0"
"0x707367770bc0","@!P3  LEA R4, P5, R8, UR28, 0x2","0","0","0","0","0","0","0","0","32","0","-","-","-","0","0","0","0","0","0","0","0","0","-","0","0","0","0","0","0","0","0","0","0","0","0","0","0","0","0","0","0","0","0","0","0","0","0","0","0","0","0","0","0","0","0","0","0","0","0","0","0","0","0"
"0x707367770bd0","@!P3  LEA.HI.X R5, R8, UR29, R9, 0x2, P5","0","0","0","0","0","0","0","0","32","0","-","-","-","0","0","0","0","0","0","0","0","0","-","0","0","0","0","0","0","0","0","0","0","0","0","0","0","0","0","0","0","0","0","0","0","0","0","0","0","0","0","0","0","0","0","0","0","0","0","0","0","0","0"
"0x707367770be0","@!P3  FADD R35, R35, R66","0","0","0","0","0","0","0","0","32","0","-","-","-","0","0","0","0","0","0","0","0","0","-","0","0","0","0","0","0","0","0","0","0","0","0","0","0","0","0","0","0","0","0","0","0","0","0","0","0","0","0","0","0","0","0","0","0","0","0","0","0","0","0"
"0x707367770bf0","@!P3  FSETP.GEU.AND P4, PT, R35, R0, PT","0","0","0","0","0","0","0","0","32","0","-","-","-","0","0","0","0","0","0","0","0","0","-","0","0","0","0","0","0","0","0","0","0","0","0","0","0","0","0","0","0","0","0","0","0","0","0","0","0","0","0","0","0","0","0","0","0","0","0","0","0","0","0"
"0x707367770c00","@!P3  FSEL R35, R0, R35, !P4","0","0","0","0","0","0","0","0","32","0","-","-","-","0","0","0","0","0","0","0","0","0","-","0","0","0","0","0","0","0","0","0","0","0","0","0","0","0","0","0","0","0","0","0","0","0","0","0","0","0","0","0","0","0","0","0","0","0","0","0","0","0","0"
"0x707367770c10","@!P3  ST.E desc[UR24][R4.64], R35","0","0","0","0","0","0","0","0","32","0","","","","0","0","0","0","0","0","0","0","0","","0","0","0","0","0","0","0","0","0","0","0","0","0","0","0","0","0","0","0","0","0","0","0","0","0","0","0","0","0","0","0","0","0","0","0","0","0","0","0","0"
"0x707367770c20","@!P2  LDG.E R24, desc[UR24][R14.64]","0","0","0","0","0","0","0","0","32","0","","","","0","0","0","0","0","0","0","0","0","","0","0","0","0","0","0","0","0","0","0","0","0","0","0","0","0","0","0","0","0","0","0","0","0","0","0","0","0","0","0","0","0","0","0","0","0","0","0","0","0"
"0x707367770c30","      IMAD.WIDE.U32 R8, R27, UR5, RZ","0","0","0","0","0","0","0","0","32","0","-","-","-","0","0","0","0","0","0","0","0","0","-","0","0","0","0","0","0","0","0","0","0","0","0","0","0","0","0","0","0","0","0","0","0","0","0","0","0","0","0","0","0","0","0","0","0","0","0","0","0","0","0"
"0x707367770c40","      ISETP.GE.OR P4, PT, R27, UR7, P0","0","0","0","0","0","0","0","0","32","0","-","-","-","0","0","0","0","0","0","0","0","0","-","0","0","0","0","0","0","0","0","0","0","0","0","0","0","0","0","0","0","0","0","0","0","0","0","0","0","0","0","0","0","0","0","0","0","0","0","0","0","0","0"
"0x707367770c50","      IMAD R9, R27, UR4, R9","0","0","0","0","0","0","0","0","32","0","-","-","-","0","0","0","0","0","0","0","0","0","-","0","0","0","0","0","0","0","0","0","0","0","0","0","0","0","0","0","0","0","0","0","0","0","0","0","0","0","0","0","0","0","0","0","0","0","0","0","0","0","0"
"0x707367770c60","      IADD.64 R4, R2, R8","0","0","0","0","0","0","0","0","32","0","-","-","-","0","0","0","0","0","0","0","0","0","-","0","0","0","0","0","0","0","0","0","0","0","0","0","0","0","0","0","0","0","0","0","0","0","0","0","0","0","0","0","0","0","0","0","0","0","0","0","0","0","0"
"0x707367770c70","      LEA R36, P5, R4, UR28, 0x2","0","0","0","0","0","0","0","0","32","0","-","-","-","0","0","0","0","0","0","0","0","0","-","0","0","0","0","0","0","0","0","0","0","0","0","0","0","0","0","0","0","0","0","0","0","0","0","0","0","0","0","0","0","0","0","0","0","0","0","0","0","0","0"
"0x707367770c80","      LEA.HI.X R37, R4, UR29, R5, 0x2, P5","0","0","0","0","0","0","0","0","32","0","-","-","-","0","0","0","0","0","0","0","0","0","-","0","0","0","0","0","0","0","0","0","0","0","0","0","0","0","0","0","0","0","0","0","0","0","0","0","0","0","0","0","0","0","0","0","0","0","0","0","0","0","0"
"0x707367770c90","      ISETP.GE.OR P5, PT, R27, UR7, P6","0","0","0","0","0","0","0","0","32","0","-","-","-","0","0","0","0","0","0","0","0","0","-","0","0","0","0","0","0","0","0","0","0","0","0","0","0","0","0","0","0","0","0","0","0","0","0","0","0","0","0","0","0","0","0","0","0","0","0","0","0","0","0"
"0x707367770ca0","@!P2  FADD R29, R24, R29","0","0","0","0","0","0","0","0","32","0","-","-","-","0","0","0","0","0","0","0","0","0","-","0","0","0","0","0","0","0","0","0","0","0","0","0","0","0","0","0","0","0","0","0","0","0","0","0","0","0","0","0","0","0","0","0","0","0","0","0","0","0","0"
"0x707367770cb0","@!P2  FSETP.GEU.AND P3, PT, R29, R0, PT","0","0","0","0","0","0","0","0","32","0","-","-","-","0","0","0","0","0","0","0","0","0","-","0","0","0","0","0","0","0","0","0","0","0","0","0","0","0","0","0","0","0","0","0","0","0","0","0","0","0","0","0","0","0","0","0","0","0","0","0","0","0","0"
"0x707367770cc0","@!P2  FSEL R29, R0, R29, !P3","0","0","0","0","0","0","0","0","32","0","-","-","-","0","0","0","0","0","0","0","0","0","-","0","0","0","0","0","0","0","0","0","0","0","0","0","0","0","0","0","0","0","0","0","0","0","0","0","0","0","0","0","0","0","0","0","0","0","0","0","0","0","0"
"0x707367770cd0","      ISETP.GE.OR P3, PT, R27, UR7, P1","0","0","0","0","0","0","0","0","32","0","-","-","-","0","0","0","0","0","0","0","0","0","-","0","0","0","0","0","0","0","0","0","0","0","0","0","0","0","0","0","0","0","0","0","0","0","0","0","0","0","0","0","0","0","0","0","0","0","0","0","0","0","0"
"0x707367770ce0","@!P2  ST.E desc[UR24][R36.64], R29","0","0","0","0","0","0","0","0","32","0","","","","0","0","0","0","0","0","0","0","0","","0","0","0","0","0","0","0","0","0","0","0","0","0","0","0","0","0","0","0","0","0","0","0","0","0","0","0","0","0","0","0","0","0","0","0","0","0","0","0","0"
"0x707367770cf0","@P4   BRA 0x707367770d50","0","0","0","0","0","0","0","0","32","0","-","-","-","0","0","0","0","0","0","0","0","0","-","0","0","0","0","0","0","0","0","0","0","0","0","0","0","0","0","0","0","0","0","0","0","0","0","0","0","0","0","0","0","0","0","0","0","0","0","0","0","0","0"
"0x707367770d00","      LDG.E R5, desc[UR24][R22.64]","0","0","0","0","0","0","0","0","32","0","","","","0","0","0","0","0","0","0","0","0","","0","0","0","0","0","0","0","0","0","0","0","0","0","0","0","0","0","0","0","0","0","0","0","0","0","0","0","0","0","0","0","0","0","0","0","0","0","0","0","0"
"0x707367770d10","      FADD R5, R5, R52","0","0","0","0","0","0","0","0","32","0","-","-","-","0","0","0","0","0","0","0","0","0","-","0","0","0","0","0","0","0","0","0","0","0","0","0","0","0","0","0","0","0","0","0","0","0","0","0","0","0","0","0","0","0","0","0","0","0","0","0","0","0","0"
"0x707367770d20","      FSETP.GEU.AND P2, PT, R5, R0, PT","0","0","0","0","0","0","0","0","32","0","-","-","-","0","0","0","0","0","0","0","0","0","-","0","0","0","0","0","0","0","0","0","0","0","0","0","0","0","0","0","0","0","0","0","0","0","0","0","0","0","0","0","0","0","0","0","0","0","0","0","0","0","0"
"0x707367770d30","      FSEL R5, R0, R5, !P2","0","0","0","0","0","0","0","0","32","0","-","-","-","0","0","0","0","0","0","0","0","0","-","0","0","0","0","0","0","0","0","0","0","0","0","0","0","0","0","0","0","0","0","0","0","0","0","0","0","0","0","0","0","0","0","0","0","0","0","0","0","0","0"
"0x707367770d40","      ST.E desc[UR24][R36.64+0x4], R5","0","0","0","0","0","0","0","0","32","0","","","","0","0","0","0","0","0","0","0","0","","0","0","0","0","0","0","0","0","0","0","0","0","0","0","0","0","0","0","0","0","0","0","0","0","0","0","0","0","0","0","0","0","0","0","0","0","0","0","0","0"
"0x707367770d50","      BSYNC.RECONVERGENT B0","0","0","0","0","0","0","0","0","32","0","-","-","-","0","0","0","0","0","0","0","0","0","-","0","0","0","0","0","0","0","0","0","0","0","0","0","0","0","0","0","0","0","0","0","0","0","0","0","0","0","0","0","0","0","0","0","0","0","0","0","0","0","0"
"0x707367770d60","      BSSY.RECONVERGENT B0, 0x707367770de0","0","0","0","0","0","0","0","0","32","0","-","-","-","0","0","0","0","0","0","0","0","0","-","0","0","0","0","0","0","0","0","0","0","0","0","0","0","0","0","0","0","0","0","0","0","0","0","0","0","0","0","0","0","0","0","0","0","0","0","0","0","0","0"
"0x707367770d70","@P5   BRA 0x707367770dd0","0","0","0","0","0","0","0","0","32","0","-","-","-","0","0","0","0","0","0","0","0","0","-","0","0","0","0","0","0","0","0","0","0","0","0","0","0","0","0","0","0","0","0","0","0","0","0","0","0","0","0","0","0","0","0","0","0","0","0","0","0","0","0"
"0x707367770d80","      LDG.E R5, desc[UR24][R12.64]","0","0","0","0","0","0","0","0","32","0","","","","0","0","0","0","0","0","0","0","0","","0","0","0","0","0","0","0","0","0","0","0","0","0","0","0","0","0","0","0","0","0","0","0","0","0","0","0","0","0","0","0","0","0","0","0","0","0","0","0","0"
"0x707367770d90","      FADD R5, R5, R58","0","0","0","0","0","0","0","0","32","0","-","-","-","0","0","0","0","0","0","0","0","0","-","0","0","0","0","0","0","0","0","0","0","0","0","0","0","0","0","0","0","0","0","0","0","0","0","0","0","0","0","0","0","0","0","0","0","0","0","0","0","0","0"
"0x707367770da0","      FSETP.GEU.AND P2, PT, R5, R0, PT","0","0","0","0","0","0","0","0","32","0","-","-","-","0","0","0","0","0","0","0","0","0","-","0","0","0","0","0","0","0","0","0","0","0","0","0","0","0","0","0","0","0","0","0","0","0","0","0","0","0","0","0","0","0","0","0","0","0","0","0","0","0","0"
"0x707367770db0","      FSEL R5, R0, R5, !P2","0","0","0","0","0","0","0","0","32","0","-","-","-","0","0","0","0","0","0","0","0","0","-","0","0","0","0","0","0","0","0","0","0","0","0","0","0","0","0","0","0","0","0","0","0","0","0","0","0","0","0","0","0","0","0","0","0","0","0","0","0","0","0"
"0x707367770dc0","      ST.E desc[UR24][R36.64+0x8], R5","0","0","0","0","0","0","0","0","32","0","","","","0","0","0","0","0","0","0","0","0","","0","0","0","0","0","0","0","0","0","0","0","0","0","0","0","0","0","0","0","0","0","0","0","0","0","0","0","0","0","0","0","0","0","0","0","0","0","0","0","0"
"0x707367770dd0","      BSYNC.RECONVERGENT B0","0","0","0","0","0","0","0","0","32","0","-","-","-","0","0","0","0","0","0","0","0","0","-","0","0","0","0","0","0","0","0","0","0","0","0","0","0","0","0","0","0","0","0","0","0","0","0","0","0","0","0","0","0","0","0","0","0","0","0","0","0","0","0"
"0x707367770de0","@!P3  LDG.E R5, desc[UR24][R54.64]","0","0","0","0","0","0","0","0","32","0","","","","0","0","0","0","0","0","0","0","0","","0","0","0","0","0","0","0","0","0","0","0","0","0","0","0","0","0","0","0","0","0","0","0","0","0","0","0","0","0","0","0","0","0","0","0","0","0","0","0","0"
"0x707367770df0","      ISETP.GE.AND P2, PT, R16, UR6, PT","0","0","0","0","0","0","0","0","32","0","-","-","-","0","0","0","0","0","0","0","0","0","-","0","0","0","0","0","0","0","0","0","0","0","0","0","0","0","0","0","0","0","0","0","0","0","0","0","0","0","0","0","0","0","0","0","0","0","0","0","0","0","0"
"0x707367770e00","      ISETP.GE.OR P4, PT, R27, UR7, P2","0","0","0","0","0","0","0","0","32","0","-","-","-","0","0","0","0","0","0","0","0","0","-","0","0","0","0","0","0","0","0","0","0","0","0","0","0","0","0","0","0","0","0","0","0","0","0","0","0","0","0","0","0","0","0","0","0","0","0","0","0","0","0"
"0x707367770e10","@!P3  FADD R5, R5, R46","0","0","0","0","0","0","0","0","32","0","-","-","-","0","0","0","0","0","0","0","0","0","-","0","0","0","0","0","0","0","0","0","0","0","0","0","0","0","0","0","0","0","0","0","0","0","0","0","0","0","0","0","0","0","0","0","0","0","0","0","0","0","0"
"0x707367770e20","@!P3  FSETP.GEU.AND P5, PT, R5, R0, PT","0","0","0","0","0","0","0","0","32","0","-","-","-","0","0","0","0","0","0","0","0","0","-","0","0","0","0","0","0","0","0","0","0","0","0","0","0","0","0","0","0","0","0","0","0","0","0","0","0","0","0","0","0","0","0","0","0","0","0","0","0","0","0"
"0x707367770e30","@!P3  FSEL R19, R0, R5, !P5","0","0","0","0","0","0","0","0","32","0","-","-","-","0","0","0","0","0","0","0","0","0","-","0","0","0","0","0","0","0","0","0","0","0","0","0","0","0","0","0","0","0","0","0","0","0","0","0","0","0","0","0","0","0","0","0","0","0","0","0","0","0","0"
"0x707367770e40","@!P3  ST.E desc[UR24][R36.64+0xc], R19","0","0","0","0","0","0","0","0","32","0","","","","0","0","0","0","0","0","0","0","0","","0","0","0","0","0","0","0","0","0","0","0","0","0","0","0","0","0","0","0","0","0","0","0","0","0","0","0","0","0","0","0","0","0","0","0","0","0","0","0","0"
"0x707367770e50","@!P4  LDG.E R4, desc[UR24][R10.64]","0","0","0","0","0","0","0","0","32","0","","","","0","0","0","0","0","0","0","0","0","","0","0","0","0","0","0","0","0","0","0","0","0","0","0","0","0","0","0","0","0","0","0","0","0","0","0","0","0","0","0","0","0","0","0","0","0","0","0","0","0"
"0x707367770e60","      ISETP.GE.AND P3, PT, R34, UR6, PT","0","0","0","0","0","0","0","0","32","0","-","-","-","0","0","0","0","0","0","0","0","0","-","0","0","0","0","0","0","0","0","0","0","0","0","0","0","0","0","0","0","0","0","0","0","0","0","0","0","0","0","0","0","0","0","0","0","0","0","0","0","0","0"
"0x707367770e70","@!P4  SHF.R.S32.HI R37, RZ, 0x1f, R16","0","0","0","0","0","0","0","0","32","0","-","-","-","0","0","0","0","0","0","0","0","0","-","0","0","0","0","0","0","0","0","0","0","0","0","0","0","0","0","0","0","0","0","0","0","0","0","0","0","0","0","0","0","0","0","0","0","0","0","0","0","0","0"
"0x707367770e80","@!P4  MOV R36, R16","0","0","0","0","0","0","0","0","32","0","-","-","-","0","0","0","0","0","0","0","0","0","-","0","0","0","0","0","0","0","0","0","0","0","0","0","0","0","0","0","0","0","0","0","0","0","0","0","0","0","0","0","0","0","0","0","0","0","0","0","0","0","0"
"0x707367770e90","@!P4  IADD.64 R36, R36, R8","0","0","0","0","0","0","0","0","32","0","-","-","-","0","0","0","0","0","0","0","0","0","-","0","0","0","0","0","0","0","0","0","0","0","0","0","0","0","0","0","0","0","0","0","0","0","0","0","0","0","0","0","0","0","0","0","0","0","0","0","0","0","0"
"0x707367770ea0","@!P4  FADD R49, R4, R49","0","0","0","0","0","0","0","0","32","0","-","-","-","0","0","0","0","0","0","0","0","0","-","0","0","0","0","0","0","0","0","0","0","0","0","0","0","0","0","0","0","0","0","0","0","0","0","0","0","0","0","0","0","0","0","0","0","0","0","0","0","0","0"
"0x707367770eb0","@!P4  FSETP.GEU.AND P5, PT, R49, R0, PT","0","0","0","0","0","0","0","0","32","0","-","-","-","0","0","0","0","0","0","0","0","0","-","0","0","0","0","0","0","0","0","0","0","0","0","0","0","0","0","0","0","0","0","0","0","0","0","0","0","0","0","0","0","0","0","0","0","0","0","0","0","0","0"
"0x707367770ec0","@!P4  FSEL R29, R0, R49, !P5","0","0","0","0","0","0","0","0","32","0","-","-","-","0","0","0","0","0","0","0","0","0","-","0","0","0","0","0","0","0","0","0","0","0","0","0","0","0","0","0","0","0","0","0","0","0","0","0","0","0","0","0","0","0","0","0","0","0","0","0","0","0","0"
"0x707367770ed0","@!P4  LEA R4, P5, R36, UR28, 0x2","0","0","0","0","0","0","0","0","32","0","-","-","-","0","0","0","0","0","0","0","0","0","-","0","0","0","0","0","0","0","0","0","0","0","0","0","0","0","0","0","0","0","0","0","0","0","0","0","0","0","0","0","0","0","0","0","0","0","0","0","0","0","0"
"0x707367770ee0","@!P4  LEA.HI.X R5, R36, UR29, R37, 0x2, P5","0","0","0","0","0","0","0","0","32","0","-","-","-","0","0","0","0","0","0","0","0","0","-","0","0","0","0","0","0","0","0","0","0","0","0","0","0","0","0","0","0","0","0","0","0","0","0","0","0","0","0","0","0","0","0","0","0","0","0","0","0","0","0"
"0x707367770ef0","      ISETP.GE.OR P5, PT, R27, UR7, P3","0","0","0","0","0","0","0","0","32","0","-","-","-","0","0","0","0","0","0","0","0","0","-","0","0","0","0","0","0","0","0","0","0","0","0","0","0","0","0","0","0","0","0","0","0","0","0","0","0","0","0","0","0","0","0","0","0","0","0","0","0","0","0"
"0x707367770f00","@!P4  ST.E desc[UR24][R4.64], R29","0","0","0","0","0","0","0","0","32","0","","","","0","0","0","0","0","0","0","0","0","","0","0","0","0","0","0","0","0","0","0","0","0","0","0","0","0","0","0","0","0","0","0","0","0","0","0","0","0","0","0","0","0","0","0","0","0","0","0","0","0"
"0x707367770f10","@!P5  LDG.E R24, desc[UR24][R20.64]","0","0","0","0","0","0","0","0","32","0","","","","0","0","0","0","0","0","0","0","0","","0","0","0","0","0","0","0","0","0","0","0","0","0","0","0","0","0","0","0","0","0","0","0","0","0","0","0","0","0","0","0","0","0","0","0","0","0","0","0","0"
"0x707367770f20","      ISETP.GE.AND P6, PT, R33, UR6, PT","0","0","0","0","0","0","0","0","32","0","-","-","-","0","0","0","0","0","0","0","0","0","-","0","0","0","0","0","0","0","0","0","0","0","0","0","0","0","0","0","0","0","0","0","0","0","0","0","0","0","0","0","0","0","0","0","0","0","0","0","0","0","0"
"0x707367770f30","@!P5  SHF.R.S32.HI R5, RZ, 0x1f, R34","0","0","0","0","0","0","0","0","32","0","-","-","-","0","0","0","0","0","0","0","0","0","-","0","0","0","0","0","0","0","0","0","0","0","0","0","0","0","0","0","0","0","0","0","0","0","0","0","0","0","0","0","0","0","0","0","0","0","0","0","0","0","0"
"0x707367770f40","@!P5  MOV R4, R34","0","0","0","0","0","0","0","0","32","0","-","-","-","0","0","0","0","0","0","0","0","0","-","0","0","0","0","0","0","0","0","0","0","0","0","0","0","0","0","0","0","0","0","0","0","0","0","0","0","0","0","0","0","0","0","0","0","0","0","0","0","0","0"
"0x707367770f50","      LOP3.LUT R28, R28, 0xfffffff7, RZ, 0xc0, !PT","0","0","0","0","0","0","0","0","32","0","-","-","-","0","0","0","0","0","0","0","0","0","-","0","0","0","0","0","0","0","0","0","0","0","0","0","0","0","0","0","0","0","0","0","0","0","0","0","0","0","0","0","0","0","0","0","0","0","0","0","0","0","0"
"0x707367770f60","@!P5  IADD.64 R4, R4, R8","0","0","0","0","0","0","0","0","32","0","-","-","-","0","0","0","0","0","0","0","0","0","-","0","0","0","0","0","0","0","0","0","0","0","0","0","0","0","0","0","0","0","0","0","0","0","0","0","0","0","0","0","0","0","0","0","0","0","0","0","0","0","0"
"0x707367770f70","@P6   LOP3.LUT R28, R28, 0x8, RZ, 0xfc, !PT","0","0","0","0","0","0","0","0","32","0","-","-","-","0","0","0","0","0","0","0","0","0","-","0","0","0","0","0","0","0","0","0","0","0","0","0","0","0","0","0","0","0","0","0","0","0","0","0","0","0","0","0","0","0","0","0","0","0","0","0","0","0","0"
"0x707367770f80","@!P5  FADD R39, R24, R39","0","0","0","0","0","0","0","0","32","0","-","-","-","0","0","0","0","0","0","0","0","0","-","0","0","0","0","0","0","0","0","0","0","0","0","0","0","0","0","0","0","0","0","0","0","0","0","0","0","0","0","0","0","0","0","0","0","0","0","0","0","0","0"
"0x707367770f90","@!P5  FSETP.GEU.AND P4, PT, R39, R0, PT","0","0","0","0","0","0","0","0","32","0","-","-","-","0","0","0","0","0","0","0","0","0","-","0","0","0","0","0","0","0","0","0","0","0","0","0","0","0","0","0","0","0","0","0","0","0","0","0","0","0","0","0","0","0","0","0","0","0","0","0","0","0","0"
"0x707367770fa0","@!P5  FSEL R39, R0, R39, !P4","0","0","0","0","0","0","0","0","32","0","-","-","-","0","0","0","0","0","0","0","0","0","-","0","0","0","0","0","0","0","0","0","0","0","0","0","0","0","0","0","0","0","0","0","0","0","0","0","0","0","0","0","0","0","0","0","0","0","0","0","0","0","0"
"0x707367770fb0","@!P5  LEA R48, P4, R4, UR28, 0x2","0","0","0","0","0","0","0","0","32","0","-","-","-","0","0","0","0","0","0","0","0","0","-","0","0","0","0","0","0","0","0","0","0","0","0","0","0","0","0","0","0","0","0","0","0","0","0","0","0","0","0","0","0","0","0","0","0","0","0","0","0","0","0"
"0x707367770fc0","@!P5  LEA.HI.X R49, R4, UR29, R5, 0x2, P4","0","0","0","0","0","0","0","0","32","0","-","-","-","0","0","0","0","0","0","0","0","0","-","0","0","0","0","0","0","0","0","0","0","0","0","0","0","0","0","0","0","0","0","0","0","0","0","0","0","0","0","0","0","0","0","0","0","0","0","0","0","0","0"
"0x707367770fd0","      ISETP.GE.OR P4, PT, R27, UR7, P6","0","0","0","0","0","0","0","0","32","0","-","-","-","0","0","0","0","0","0","0","0","0","-","0","0","0","0","0","0","0","0","0","0","0","0","0","0","0","0","0","0","0","0","0","0","0","0","0","0","0","0","0","0","0","0","0","0","0","0","0","0","0","0"
"0x707367770fe0","@!P5  ST.E desc[UR24][R48.64], R39","0","0","0","0","0","0","0","0","32","0","","","","0","0","0","0","0","0","0","0","0","","0","0","0","0","0","0","0","0","0","0","0","0","0","0","0","0","0","0","0","0","0","0","0","0","0","0","0","0","0","0","0","0","0","0","0","0","0","0","0","0"
"0x707367770ff0","@!P4  LDG.E R24, desc[UR24][R64.64]","0","0","0","0","0","0","0","0","32","0","","","","0","0","0","0","0","0","0","0","0","","0","0","0","0","0","0","0","0","0","0","0","0","0","0","0","0","0","0","0","0","0","0","0","0","0","0","0","0","0","0","0","0","0","0","0","0","0","0","0","0"
"0x707367771000","@!P4  SHF.R.S32.HI R5, RZ, 0x1f, R33","0","0","0","0","0","0","0","0","32","0","-","-","-","0","0","0","0","0","0","0","0","0","-","0","0","0","0","0","0","0","0","0","0","0","0","0","0","0","0","0","0","0","0","0","0","0","0","0","0","0","0","0","0","0","0","0","0","0","0","0","0","0","0"
"0x707367771010","@!P4  MOV R4, R33","0","0","0","0","0","0","0","0","32","0","-","-","-","0","0","0","0","0","0","0","0","0","-","0","0","0","0","0","0","0","0","0","0","0","0","0","0","0","0","0","0","0","0","0","0","0","0","0","0","0","0","0","0","0","0","0","0","0","0","0","0","0","0"
"0x707367771020","@!P4  IADD.64 R36, R4, R8","0","0","0","0","0","0","0","0","32","0","-","-","-","0","0","0","0","0","0","0","0","0","-","0","0","0","0","0","0","0","0","0","0","0","0","0","0","0","0","0","0","0","0","0","0","0","0","0","0","0","0","0","0","0","0","0","0","0","0","0","0","0","0"
"0x707367771030","@!P4  LEA R4, P6, R36, UR28, 0x2","0","0","0","0","0","0","0","0","32","0","-","-","-","0","0","0","0","0","0","0","0","0","-","0","0","0","0","0","0","0","0","0","0","0","0","0","0","0","0","0","0","0","0","0","0","0","0","0","0","0","0","0","0","0","0","0","0","0","0","0","0","0","0"
"0x707367771040","@!P4  LEA.HI.X R5, R36, UR29, R37, 0x2, P6","0","0","0","0","0","0","0","0","32","0","-","-","-","0","0","0","0","0","0","0","0","0","-","0","0","0","0","0","0","0","0","0","0","0","0","0","0","0","0","0","0","0","0","0","0","0","0","0","0","0","0","0","0","0","0","0","0","0","0","0","0","0","0"
"0x707367771050","      ISETP.GE.AND P6, PT, R32, UR6, PT","0","0","0","0","0","0","0","0","32","0","-","-","-","0","0","0","0","0","0","0","0","0","-","0","0","0","0","0","0","0","0","0","0","0","0","0","0","0","0","0","0","0","0","0","0","0","0","0","0","0","0","0","0","0","0","0","0","0","0","0","0","0","0"
"0x707367771060","@!P4  FADD R43, R24, R43","0","0","0","0","0","0","0","0","32","0","-","-","-","0","0","0","0","0","0","0","0","0","-","0","0","0","0","0","0","0","0","0","0","0","0","0","0","0","0","0","0","0","0","0","0","0","0","0","0","0","0","0","0","0","0","0","0","0","0","0","0","0","0"
"0x707367771070","@!P4  FSETP.GEU.AND P5, PT, R43, R0, PT","0","0","0","0","0","0","0","0","32","0","-","-","-","0","0","0","0","0","0","0","0","0","-","0","0","0","0","0","0","0","0","0","0","0","0","0","0","0","0","0","0","0","0","0","0","0","0","0","0","0","0","0","0","0","0","0","0","0","0","0","0","0","0"
"0x707367771080","@!P4  FSEL R43, R0, R43, !P5","0","0","0","0","0","0","0","0","32","0","-","-","-","0","0","0","0","0","0","0","0","0","-","0","0","0","0","0","0","0","0","0","0","0","0","0","0","0","0","0","0","0","0","0","0","0","0","0","0","0","0","0","0","0","0","0","0","0","0","0","0","0","0"
"0x707367771090","      ISETP.GE.OR P5, PT, R27, UR7, P6","0","0","0","0","0","0","0","0","32","0","-","-","-","0","0","0","0","0","0","0","0","0","-","0","0","0","0","0","0","0","0","0","0","0","0","0","0","0","0","0","0","0","0","0","0","0","0","0","0","0","0","0","0","0","0","0","0","0","0","0","0","0","0"
"0x7073677710a0","@!P4  ST.E desc[UR24][R4.64], R43","0","0","0","0","0","0","0","0","32","0","","","","0","0","0","0","0","0","0","0","0","","0","0","0","0","0","0","0","0","0","0","0","0","0","0","0","0","0","0","0","0","0","0","0","0","0","0","0","0","0","0","0","0","0","0","0","0","0","0","0","0"
"0x7073677710b0","@!P5  LDG.E R24, desc[UR24][R6.64]","0","0","0","0","0","0","0","0","32","0","","","","0","0","0","0","0","0","0","0","0","","0","0","0","0","0","0","0","0","0","0","0","0","0","0","0","0","0","0","0","0","0","0","0","0","0","0","0","0","0","0","0","0","0","0","0","0","0","0","0","0"
"0x7073677710c0","@!P5  SHF.R.S32.HI R37, RZ, 0x1f, R32","0","0","0","0","0","0","0","0","32","0","-","-","-","0","0","0","0","0","0","0","0","0","-","0","0","0","0","0","0","0","0","0","0","0","0","0","0","0","0","0","0","0","0","0","0","0","0","0","0","0","0","0","0","0","0","0","0","0","0","0","0","0","0"
"0x7073677710d0","@!P5  MOV R36, R32","0","0","0","0","0","0","0","0","32","0","-","-","-","0","0","0","0","0","0","0","0","0","-","0","0","0","0","0","0","0","0","0","0","0","0","0","0","0","0","0","0","0","0","0","0","0","0","0","0","0","0","0","0","0","0","0","0","0","0","0","0","0","0"
"0x7073677710e0","      LOP3.LUT R28, R28, 0xfffffffb, RZ, 0xc0, !PT","0","0","0","0","0","0","0","0","32","0","-","-","-","0","0","0","0","0","0","0","0","0","-","0","0","0","0","0","0","0","0","0","0","0","0","0","0","0","0","0","0","0","0","0","0","0","0","0","0","0","0","0","0","0","0","0","0","0","0","0","0","0","0"
"0x7073677710f0","@!P5  IADD.64 R36, R36, R8","0","0","0","0","0","0","0","0","32","0","-","-","-","0","0","0","0","0","0","0","0","0","-","0","0","0","0","0","0","0","0","0","0","0","0","0","0","0","0","0","0","0","0","0","0","0","0","0","0","0","0","0","0","0","0","0","0","0","0","0","0","0","0"
"0x707367771100","@P6   LOP3.LUT R28, R28, 0x4, RZ, 0xfc, !PT","0","0","0","0","0","0","0","0","32","0","-","-","-","0","0","0","0","0","0","0","0","0","-","0","0","0","0","0","0","0","0","0","0","0","0","0","0","0","0","0","0","0","0","0","0","0","0","0","0","0","0","0","0","0","0","0","0","0","0","0","0","0","0"
"0x707367771110","@!P5  LEA R8, P6, R36, UR28, 0x2","0","0","0","0","0","0","0","0","32","0","-","-","-","0","0","0","0","0","0","0","0","0","-","0","0","0","0","0","0","0","0","0","0","0","0","0","0","0","0","0","0","0","0","0","0","0","0","0","0","0","0","0","0","0","0","0","0","0","0","0","0","0","0"
"0x707367771120","@!P5  LEA.HI.X R9, R36, UR29, R37, 0x2, P6","0","0","0","0","0","0","0","0","32","0","-","-","-","0","0","0","0","0","0","0","0","0","-","0","0","0","0","0","0","0","0","0","0","0","0","0","0","0","0","0","0","0","0","0","0","0","0","0","0","0","0","0","0","0","0","0","0","0","0","0","0","0","0"
"0x707367771130","      IMAD.WIDE.U32 R36, R26, UR5, RZ","0","0","0","0","0","0","0","0","32","0","-","-","-","0","0","0","0","0","0","0","0","0","-","0","0","0","0","0","0","0","0","0","0","0","0","0","0","0","0","0","0","0","0","0","0","0","0","0","0","0","0","0","0","0","0","0","0","0","0","0","0","0","0"
"0x707367771140","      IMAD R37, R26, UR4, R37","0","0","0","0","0","0","0","0","32","0","-","-","-","0","0","0","0","0","0","0","0","0","-","0","0","0","0","0","0","0","0","0","0","0","0","0","0","0","0","0","0","0","0","0","0","0","0","0","0","0","0","0","0","0","0","0","0","0","0","0","0","0","0"
"0x707367771150","      ISETP.GE.AND P6, PT, R18, UR6, PT","0","0","0","0","0","0","0","0","32","0","-","-","-","0","0","0","0","0","0","0","0","0","-","0","0","0","0","0","0","0","0","0","0","0","0","0","0","0","0","0","0","0","0","0","0","0","0","0","0","0","0","0","0","0","0","0","0","0","0","0","0","0","0"
"0x707367771160","@!P5  FADD R67, R24, R67","0","0","0","0","0","0","0","0","32","0","-","-","-","0","0","0","0","0","0","0","0","0","-","0","0","0","0","0","0","0","0","0","0","0","0","0","0","0","0","0","0","0","0","0","0","0","0","0","0","0","0","0","0","0","0","0","0","0","0","0","0","0","0"
"0x707367771170","@!P5  FSETP.GEU.AND P4, PT, R67, R0, PT","0","0","0","0","0","0","0","0","32","0","-","-","-","0","0","0","0","0","0","0","0","0","-","0","0","0","0","0","0","0","0","0","0","0","0","0","0","0","0","0","0","0","0","0","0","0","0","0","0","0","0","0","0","0","0","0","0","0","0","0","0","0","0"
"0x707367771180","@!P5  FSEL R19, R0, R67, !P4","0","0","0","0","0","0","0","0","32","0","-","-","-","0","0","0","0","0","0","0","0","0","-","0","0","0","0","0","0","0","0","0","0","0","0","0","0","0","0","0","0","0","0","0","0","0","0","0","0","0","0","0","0","0","0","0","0","0","0","0","0","0","0"
"0x707367771190","      IADD.64 R66, R2, R36","0","0","0","0","0","0","0","0","32","0","-","-","-","0","0","0","0","0","0","0","0","0","-","0","0","0","0","0","0","0","0","0","0","0","0","0","0","0","0","0","0","0","0","0","0","0","0","0","0","0","0","0","0","0","0","0","0","0","0","0","0","0","0"
"0x7073677711a0","      LEA R48, P4, R66, UR28, 0x2","0","0","0","0","0","0","0","0","32","0","-","-","-","0","0","0","0","0","0","0","0","0","-","0","0","0","0","0","0","0","0","0","0","0","0","0","0","0","0","0","0","0","0","0","0","0","0","0","0","0","0","0","0","0","0","0","0","0","0","0","0","0","0"
"0x7073677711b0","      LEA.HI.X R49, R66, UR29, R67, 0x2, P4","0","0","0","0","0","0","0","0","32","0","-","-","-","0","0","0","0","0","0","0","0","0","-","0","0","0","0","0","0","0","0","0","0","0","0","0","0","0","0","0","0","0","0","0","0","0","0","0","0","0","0","0","0","0","0","0","0","0","0","0","0","0","0"
"0x7073677711c0","      ISETP.GE.OR P4, PT, R26, UR7, P6","0","0","0","0","0","0","0","0","32","0","-","-","-","0","0","0","0","0","0","0","0","0","-","0","0","0","0","0","0","0","0","0","0","0","0","0","0","0","0","0","0","0","0","0","0","0","0","0","0","0","0","0","0","0","0","0","0","0","0","0","0","0","0"
"0x7073677711d0","@!P5  ST.E desc[UR24][R8.64], R19","0","0","0","0","0","0","0","0","32","0","","","","0","0","0","0","0","0","0","0","0","","0","0","0","0","0","0","0","0","0","0","0","0","0","0","0","0","0","0","0","0","0","0","0","0","0","0","0","0","0","0","0","0","0","0","0","0","0","0","0","0"
"0x7073677711e0","@!P4  LDG.E R5, desc[UR24][R14.64]","0","0","0","0","0","0","0","0","32","0","","","","0","0","0","0","0","0","0","0","0","","0","0","0","0","0","0","0","0","0","0","0","0","0","0","0","0","0","0","0","0","0","0","0","0","0","0","0","0","0","0","0","0","0","0","0","0","0","0","0","0"
"0x7073677711f0","      LOP3.LUT R28, R28, 0xfffffffd, RZ, 0xc0, !PT","0","0","0","0","0","0","0","0","32","0","-","-","-","0","0","0","0","0","0","0","0","0","-","0","0","0","0","0","0","0","0","0","0","0","0","0","0","0","0","0","0","0","0","0","0","0","0","0","0","0","0","0","0","0","0","0","0","0","0","0","0","0","0"
"0x707367771200","      BSSY.RECONVERGENT B0, 0x7073677712e0","0","0","0","0","0","0","0","0","32","0","-","-","-","0","0","0","0","0","0","0","0","0","-","0","0","0","0","0","0","0","0","0","0","0","0","0","0","0","0","0","0","0","0","0","0","0","0","0","0","0","0","0","0","0","0","0","0","0","0","0","0","0","0"
"0x707367771210","@P6   LOP3.LUT R28, R28, 0x2, RZ, 0xfc, !PT","0","0","0","0","0","0","0","0","32","0","-","-","-","0","0","0","0","0","0","0","0","0","-","0","0","0","0","0","0","0","0","0","0","0","0","0","0","0","0","0","0","0","0","0","0","0","0","0","0","0","0","0","0","0","0","0","0","0","0","0","0","0","0"
"0x707367771220","@!P4  FADD R5, R5, R30","0","0","0","0","0","0","0","0","32","0","-","-","-","0","0","0","0","0","0","0","0","0","-","0","0","0","0","0","0","0","0","0","0","0","0","0","0","0","0","0","0","0","0","0","0","0","0","0","0","0","0","0","0","0","0","0","0","0","0","0","0","0","0"
"0x707367771230","@!P4  FSETP.GEU.AND P5, PT, R5, R0, PT","0","0","0","0","0","0","0","0","32","0","-","-","-","0","0","0","0","0","0","0","0","0","-","0","0","0","0","0","0","0","0","0","0","0","0","0","0","0","0","0","0","0","0","0","0","0","0","0","0","0","0","0","0","0","0","0","0","0","0","0","0","0","0"
"0x707367771240","@!P4  FSEL R5, R0, R5, !P5","0","0","0","0","0","0","0","0","32","0","-","-","-","0","0","0","0","0","0","0","0","0","-","0","0","0","0","0","0","0","0","0","0","0","0","0","0","0","0","0","0","0","0","0","0","0","0","0","0","0","0","0","0","0","0","0","0","0","0","0","0","0","0"
"0x707367771250","@!P4  ST.E desc[UR24][R48.64], R5","0","0","0","0","0","0","0","0","32","0","","","","0","0","0","0","0","0","0","0","0","","0","0","0","0","0","0","0","0","0","0","0","0","0","0","0","0","0","0","0","0","0","0","0","0","0","0","0","0","0","0","0","0","0","0","0","0","0","0","0","0"
"0x707367771260","      ISETP.GE.OR P4, PT, R26, UR7, P0","0","0","0","0","0","0","0","0","32","0","-","-","-","0","0","0","0","0","0","0","0","0","-","0","0","0","0","0","0","0","0","0","0","0","0","0","0","0","0","0","0","0","0","0","0","0","0","0","0","0","0","0","0","0","0","0","0","0","0","0","0","0","0"
"0x707367771270","@P4   BRA 0x7073677712d0","0","0","0","0","0","0","0","0","32","0","-","-","-","0","0","0","0","0","0","0","0","0","-","0","0","0","0","0","0","0","0","0","0","0","0","0","0","0","0","0","0","0","0","0","0","0","0","0","0","0","0","0","0","0","0","0","0","0","0","0","0","0","0"
"0x707367771280","      LDG.E R4, desc[UR24][R22.64]","0","0","0","0","0","0","0","0","32","0","","","","0","0","0","0","0","0","0","0","0","","0","0","0","0","0","0","0","0","0","0","0","0","0","0","0","0","0","0","0","0","0","0","0","0","0","0","0","0","0","0","0","0","0","0","0","0","0","0","0","0"
"0x707367771290","      FADD R53, R4, R53","0","0","0","0","0","0","0","0","32","0","-","-","-","0","0","0","0","0","0","0","0","0","-","0","0","0","0","0","0","0","0","0","0","0","0","0","0","0","0","0","0","0","0","0","0","0","0","0","0","0","0","0","0","0","0","0","0","0","0","0","0","0","0"
"0x7073677712a0","      FSETP.GEU.AND P4, PT, R53, R0, PT","0","0","0","0","0","0","0","0","32","0","-","-","-","0","0","0","0","0","0","0","0","0","-","0","0","0","0","0","0","0","0","0","0","0","0","0","0","0","0","0","0","0","0","0","0","0","0","0","0","0","0","0","0","0","0","0","0","0","0","0","0","0","0"
"0x7073677712b0","      FSEL R53, R0, R53, !P4","0","0","0","0","0","0","0","0","32","0","-","-","-","0","0","0","0","0","0","0","0","0","-","0","0","0","0","0","0","0","0","0","0","0","0","0","0","0","0","0","0","0","0","0","0","0","0","0","0","0","0","0","0","0","0","0","0","0","0","0","0","0","0"
"0x7073677712c0","      ST.E desc[UR24][R48.64+0x4], R53","0","0","0","0","0","0","0","0","32","0","","","","0","0","0","0","0","0","0","0","0","","0","0","0","0","0","0","0","0","0","0","0","0","0","0","0","0","0","0","0","0","0","0","0","0","0","0","0","0","0","0","0","0","0","0","0","0","0","0","0","0"
"0x7073677712d0","      BSYNC.RECONVERGENT B0","0","0","0","0","0","0","0","0","32","0","-","-","-","0","0","0","0","0","0","0","0","0","-","0","0","0","0","0","0","0","0","0","0","0","0","0","0","0","0","0","0","0","0","0","0","0","0","0","0","0","0","0","0","0","0","0","0","0","0","0","0","0","0"
"0x7073677712e0","      LOP3.LUT P4, RZ, R28, 0x1, RZ, 0xc0, !PT","0","0","0","0","0","0","0","0","32","0","-","-","-","0","0","0","0","0","0","0","0","0","-","0","0","0","0","0","0","0","0","0","0","0","0","0","0","0","0","0","0","0","0","0","0","0","0","0","0","0","0","0","0","0","0","0","0","0","0","0","0","0","0"
"0x7073677712f0","      BSSY.RECONVERGENT B0, 0x707367771380","0","0","0","0","0","0","0","0","32","0","-","-","-","0","0","0","0","0","0","0","0","0","-","0","0","0","0","0","0","0","0","0","0","0","0","0","0","0","0","0","0","0","0","0","0","0","0","0","0","0","0","0","0","0","0","0","0","0","0","0","0","0","0"
"0x707367771300","      ISETP.GE.OR P4, PT, R26, UR7, P4","0","0","0","0","0","0","0","0","32","0","-","-","-","0","0","0","0","0","0","0","0","0","-","0","0","0","0","0","0","0","0","0","0","0","0","0","0","0","0","0","0","0","0","0","0","0","0","0","0","0","0","0","0","0","0","0","0","0","0","0","0","0","0"
"0x707367771310","@P4   BRA 0x707367771370","0","0","0","0","0","0","0","0","32","0","-","-","-","0","0","0","0","0","0","0","0","0","-","0","0","0","0","0","0","0","0","0","0","0","0","0","0","0","0","0","0","0","0","0","0","0","0","0","0","0","0","0","0","0","0","0","0","0","0","0","0","0","0"
"0x707367771320","      LDG.E R4, desc[UR24][R12.64]","0","0","0","0","0","0","0","0","32","0","","","","0","0","0","0","0","0","0","0","0","","0","0","0","0","0","0","0","0","0","0","0","0","0","0","0","0","0","0","0","0","0","0","0","0","0","0","0","0","0","0","0","0","0","0","0","0","0","0","0","0"
"0x707367771330","      FADD R59, R4, R59","0","0","0","0","0","0","0","0","32","0","-","-","-","0","0","0","0","0","0","0","0","0","-","0","0","0","0","0","0","0","0","0","0","0","0","0","0","0","0","0","0","0","0","0","0","0","0","0","0","0","0","0","0","0","0","0","0","0","0","0","0","0","0"
"0x707367771340","      FSETP.GEU.AND P4, PT, R59, R0, PT","0","0","0","0","0","0","0","0","32","0","-","-","-","0","0","0","0","0","0","0","0","0","-","0","0","0","0","0","0","0","0","0","0","0","0","0","0","0","0","0","0","0","0","0","0","0","0","0","0","0","0","0","0","0","0","0","0","0","0","0","0","0","0"
"0x707367771350","      FSEL R59, R0, R59, !P4","0","0","0","0","0","0","0","0","32","0","-","-","-","0","0","0","0","0","0","0","0","0","-","0","0","0","0","0","0","0","0","0","0","0","0","0","0","0","0","0","0","0","0","0","0","0","0","0","0","0","0","0","0","0","0","0","0","0","0","0","0","0","0"
"0x707367771360","      ST.E desc[UR24][R48.64+0x8], R59","0","0","0","0","0","0","0","0","32","0","","","","0","0","0","0","0","0","0","0","0","","0","0","0","0","0","0","0","0","0","0","0","0","0","0","0","0","0","0","0","0","0","0","0","0","0","0","0","0","0","0","0","0","0","0","0","0","0","0","0","0"
"0x707367771370","      BSYNC.RECONVERGENT B0","0","0","0","0","0","0","0","0","32","0","-","-","-","0","0","0","0","0","0","0","0","0","-","0","0","0","0","0","0","0","0","0","0","0","0","0","0","0","0","0","0","0","0","0","0","0","0","0","0","0","0","0","0","0","0","0","0","0","0","0","0","0","0"
"0x707367771380","      ISETP.GE.OR P5, PT, R26, UR7, P1","0","0","0","0","0","0","0","0","32","0","-","-","-","0","0","0","0","0","0","0","0","0","-","0","0","0","0","0","0","0","0","0","0","0","0","0","0","0","0","0","0","0","0","0","0","0","0","0","0","0","0","0","0","0","0","0","0","0","0","0","0","0","0"
"0x707367771390","@!P5  LDG.E R5, desc[UR24][R54.64]","0","0","0","0","0","0","0","0","32","0","","","","0","0","0","0","0","0","0","0","0","","0","0","0","0","0","0","0","0","0","0","0","0","0","0","0","0","0","0","0","0","0","0","0","0","0","0","0","0","0","0","0","0","0","0","0","0","0","0","0","0"
"0x7073677713a0","@!P5  FADD R5, R5, R44","0","0","0","0","0","0","0","0","32","0","-","-","-","0","0","0","0","0","0","0","0","0","-","0","0","0","0","0","0","0","0","0","0","0","0","0","0","0","0","0","0","0","0","0","0","0","0","0","0","0","0","0","0","0","0","0","0","0","0","0","0","0","0"
"0x7073677713b0","@!P5  FSETP.GEU.AND P4, PT, R5, R0, PT","0","0","0","0","0","0","0","0","32","0","-","-","-","0","0","0","0","0","0","0","0","0","-","0","0","0","0","0","0","0","0","0","0","0","0","0","0","0","0","0","0","0","0","0","0","0","0","0","0","0","0","0","0","0","0","0","0","0","0","0","0","0","0"
"0x7073677713c0","@!P5  FSEL R27, R0, R5, !P4","0","0","0","0","0","0","0","0","32","0","-","-","-","0","0","0","0","0","0","0","0","0","-","0","0","0","0","0","0","0","0","0","0","0","0","0","0","0","0","0","0","0","0","0","0","0","0","0","0","0","0","0","0","0","0","0","0","0","0","0","0","0","0"
"0x7073677713d0","      ISETP.GE.OR P4, PT, R26, UR7, P2","0","0","0","0","0","0","0","0","32","0","-","-","-","0","0","0","0","0","0","0","0","0","-","0","0","0","0","0","0","0","0","0","0","0","0","0","0","0","0","0","0","0","0","0","0","0","0","0","0","0","0","0","0","0","0","0","0","0","0","0","0","0","0"
"0x7073677713e0","@!P5  ST.E desc[UR24][R48.64+0xc], R27","0","0","0","0","0","0","0","0","32","0","","","","0","0","0","0","0","0","0","0","0","","0","0","0","0","0","0","0","0","0","0","0","0","0","0","0","0","0","0","0","0","0","0","0","0","0","0","0","0","0","0","0","0","0","0","0","0","0","0","0","0"
"0x7073677713f0","@!P4  SHF.R.S32.HI R5, RZ, 0x1f, R16","0","0","0","0","0","0","0","0","32","0","-","-","-","0","0","0","0","0","0","0","0","0","-","0","0","0","0","0","0","0","0","0","0","0","0","0","0","0","0","0","0","0","0","0","0","0","0","0","0","0","0","0","0","0","0","0","0","0","0","0","0","0","0"
"0x707367771400","@!P4  MOV R4, R16","0","0","0","0","0","0","0","0","32","0","-","-","-","0","0","0","0","0","0","0","0","0","-","0","0","0","0","0","0","0","0","0","0","0","0","0","0","0","0","0","0","0","0","0","0","0","0","0","0","0","0","0","0","0","0","0","0","0","0","0","0","0","0"
"0x707367771410","@!P4  IADD.64 R8, R4, R36","0","0","0","0","0","0","0","0","32","0","-","-","-","0","0","0","0","0","0","0","0","0","-","0","0","0","0","0","0","0","0","0","0","0","0","0","0","0","0","0","0","0","0","0","0","0","0","0","0","0","0","0","0","0","0","0","0","0","0","0","0","0","0"
"0x707367771420","@!P4  LEA R4, P6, R8, UR28, 0x2","0","0","0","0","0","0","0","0","32","0","-","-","-","0","0","0","0","0","0","0","0","0","-","0","0","0","0","0","0","0","0","0","0","0","0","0","0","0","0","0","0","0","0","0","0","0","0","0","0","0","0","0","0","0","0","0","0","0","0","0","0","0","0"
"0x707367771430","@!P4  LEA.HI.X R5, R8, UR29, R9, 0x2, P6","0","0","0","0","0","0","0","0","32","0","-","-","-","0","0","0","0","0","0","0","0","0","-","0","0","0","0","0","0","0","0","0","0","0","0","0","0","0","0","0","0","0","0","0","0","0","0","0","0","0","0","0","0","0","0","0","0","0","0","0","0","0","0"
"0x707367771440","@!P4  LDG.E R9, desc[UR24][R10.64]","0","0","0","0","0","0","0","0","32","0","","","","0","0","0","0","0","0","0","0","0","","0","0","0","0","0","0","0","0","0","0","0","0","0","0","0","0","0","0","0","0","0","0","0","0","0","0","0","0","0","0","0","0","0","0","0","0","0","0","0","0"
"0x707367771450","@!P4  FADD R9, R9, R50","0","0","0","0","0","0","0","0","32","0","-","-","-","0","0","0","0","0","0","0","0","0","-","0","0","0","0","0","0","0","0","0","0","0","0","0","0","0","0","0","0","0","0","0","0","0","0","0","0","0","0","0","0","0","0","0","0","0","0","0","0","0","0"
"0x707367771460","@!P4  FSETP.GEU.AND P5, PT, R9, R0, PT","0","0","0","0","0","0","0","0","32","0","-","-","-","0","0","0","0","0","0","0","0","0","-","0","0","0","0","0","0","0","0","0","0","0","0","0","0","0","0","0","0","0","0","0","0","0","0","0","0","0","0","0","0","0","0","0","0","0","0","0","0","0","0"
"0x707367771470","@!P4  FSEL R29, R0, R9, !P5","0","0","0","0","0","0","0","0","32","0","-","-","-","0","0","0","0","0","0","0","0","0","-","0","0","0","0","0","0","0","0","0","0","0","0","0","0","0","0","0","0","0","0","0","0","0","0","0","0","0","0","0","0","0","0","0","0","0","0","0","0","0","0"
"0x707367771480","      ISETP.GE.OR P5, PT, R26, UR7, P3","0","0","0","0","0","0","0","0","32","0","-","-","-","0","0","0","0","0","0","0","0","0","-","0","0","0","0","0","0","0","0","0","0","0","0","0","0","0","0","0","0","0","0","0","0","0","0","0","0","0","0","0","0","0","0","0","0","0","0","0","0","0","0"
"0x707367771490","@!P4  ST.E desc[UR24][R4.64], R29","0","0","0","0","0","0","0","0","32","0","","","","0","0","0","0","0","0","0","0","0","","0","0","0","0","0","0","0","0","0","0","0","0","0","0","0","0","0","0","0","0","0","0","0","0","0","0","0","0","0","0","0","0","0","0","0","0","0","0","0","0"
"0x7073677714a0","@!P5  SHF.R.S32.HI R35, RZ, 0x1f, R34","0","0","0","0","0","0","0","0","32","0","-","-","-","0","0","0","0","0","0","0","0","0","-","0","0","0","0","0","0","0","0","0","0","0","0","0","0","0","0","0","0","0","0","0","0","0","0","0","0","0","0","0","0","0","0","0","0","0","0","0","0","0","0"
"0x7073677714b0","@!P5  IADD.64 R18, R34, R36","0","0","0","0","0","0","0","0","32","0","-","-","-","0","0","0","0","0","0","0","0","0","-","0","0","0","0","0","0","0","0","0","0","0","0","0","0","0","0","0","0","0","0","0","0","0","0","0","0","0","0","0","0","0","0","0","0","0","0","0","0","0","0"
"0x7073677714c0","@!P5  LEA R8, P6, R18, UR28, 0x2","0","0","0","0","0","0","0","0","32","0","-","-","-","0","0","0","0","0","0","0","0","0","-","0","0","0","0","0","0","0","0","0","0","0","0","0","0","0","0","0","0","0","0","0","0","0","0","0","0","0","0","0","0","0","0","0","0","0","0","0","0","0","0"
"0x7073677714d0","@!P5  LEA.HI.X R9, R18, UR29, R19, 0x2, P6","0","0","0","0","0","0","0","0","32","0","-","-","-","0","0","0","0","0","0","0","0","0","-","0","0","0","0","0","0","0","0","0","0","0","0","0","0","0","0","0","0","0","0","0","0","0","0","0","0","0","0","0","0","0","0","0","0","0","0","0","0","0","0"
"0x7073677714e0","@!P5  LDG.E R19, desc[UR24][R20.64]","0","0","0","0","0","0","0","0","32","0","","","","0","0","0","0","0","0","0","0","0","","0","0","0","0","0","0","0","0","0","0","0","0","0","0","0","0","0","0","0","0","0","0","0","0","0","0","0","0","0","0","0","0","0","0","0","0","0","0","0","0"
"0x7073677714f0","      LOP3.LUT P6, RZ, R28, 0x8, RZ, 0xc0, !PT","0","0","0","0","0","0","0","0","32","0","-","-","-","0","0","0","0","0","0","0","0","0","-","0","0","0","0","0","0","0","0","0","0","0","0","0","0","0","0","0","0","0","0","0","0","0","0","0","0","0","0","0","0","0","0","0","0","0","0","0","0","0","0"
"0x707367771500","@!P5  FADD R19, R19, R38","0","0","0","0","0","0","0","0","32","0","-","-","-","0","0","0","0","0","0","0","0","0","-","0","0","0","0","0","0","0","0","0","0","0","0","0","0","0","0","0","0","0","0","0","0","0","0","0","0","0","0","0","0","0","0","0","0","0","0","0","0","0","0"
"0x707367771510","@!P5  FSETP.GEU.AND P4, PT, R19, R0, PT","0","0","0","0","0","0","0","0","32","0","-","-","-","0","0","0","0","0","0","0","0","0","-","0","0","0","0","0","0","0","0","0","0","0","0","0","0","0","0","0","0","0","0","0","0","0","0","0","0","0","0","0","0","0","0","0","0","0","0","0","0","0","0"
"0x707367771520","@!P5  FSEL R27, R0, R19, !P4","0","0","0","0","0","0","0","0","32","0","-","-","-","0","0","0","0","0","0","0","0","0","-","0","0","0","0","0","0","0","0","0","0","0","0","0","0","0","0","0","0","0","0","0","0","0","0","0","0","0","0","0","0","0","0","0","0","0","0","0","0","0","0"
"0x707367771530","      ISETP.GE.OR P4, PT, R26, UR7, P6","0","0","0","0","0","0","0","0","32","0","-","-","-","0","0","0","0","0","0","0","0","0","-","0","0","0","0","0","0","0","0","0","0","0","0","0","0","0","0","0","0","0","0","0","0","0","0","0","0","0","0","0","0","0","0","0","0","0","0","0","0","0","0"
"0x707367771540","@!P5  ST.E desc[UR24][R8.64], R27","0","0","0","0","0","0","0","0","32","0","","","","0","0","0","0","0","0","0","0","0","","0","0","0","0","0","0","0","0","0","0","0","0","0","0","0","0","0","0","0","0","0","0","0","0","0","0","0","0","0","0","0","0","0","0","0","0","0","0","0","0"
"0x707367771550","@!P4  LDG.E R5, desc[UR24][R64.64]","0","0","0","0","0","0","0","0","32","0","","","","0","0","0","0","0","0","0","0","0","","0","0","0","0","0","0","0","0","0","0","0","0","0","0","0","0","0","0","0","0","0","0","0","0","0","0","0","0","0","0","0","0","0","0","0","0","0","0","0","0"
"0x707367771560","@!P4  SHF.R.S32.HI R19, RZ, 0x1f, R33","0","0","0","0","0","0","0","0","32","0","-","-","-","0","0","0","0","0","0","0","0","0","-","0","0","0","0","0","0","0","0","0","0","0","0","0","0","0","0","0","0","0","0","0","0","0","0","0","0","0","0","0","0","0","0","0","0","0","0","0","0","0","0"
"0x707367771570","@!P4  MOV R18, R33","0","0","0","0","0","0","0","0","32","0","-","-","-","0","0","0","0","0","0","0","0","0","-","0","0","0","0","0","0","0","0","0","0","0","0","0","0","0","0","0","0","0","0","0","0","0","0","0","0","0","0","0","0","0","0","0","0","0","0","0","0","0","0"
"0x707367771580","@!P4  IADD.64 R18, R18, R36","0","0","0","0","0","0","0","0","32","0","-","-","-","0","0","0","0","0","0","0","0","0","-","0","0","0","0","0","0","0","0","0","0","0","0","0","0","0","0","0","0","0","0","0","0","0","0","0","0","0","0","0","0","0","0","0","0","0","0","0","0","0","0"
"0x707367771590","@!P4  LEA R38, P6, R18, UR28, 0x2","0","0","0","0","0","0","0","0","32","0","-","-","-","0","0","0","0","0","0","0","0","0","-","0","0","0","0","0","0","0","0","0","0","0","0","0","0","0","0","0","0","0","0","0","0","0","0","0","0","0","0","0","0","0","0","0","0","0","0","0","0","0","0"
"0x7073677715a0","@!P4  LEA.HI.X R39, R18, UR29, R19, 0x2, P6","0","0","0","0","0","0","0","0","32","0","-","-","-","0","0","0","0","0","0","0","0","0","-","0","0","0","0","0","0","0","0","0","0","0","0","0","0","0","0","0","0","0","0","0","0","0","0","0","0","0","0","0","0","0","0","0","0","0","0","0","0","0","0"
"0x7073677715b0","      LOP3.LUT P6, RZ, R28, 0x4, RZ, 0xc0, !PT","0","0","0","0","0","0","0","0","32","0","-","-","-","0","0","0","0","0","0","0","0","0","-","0","0","0","0","0","0","0","0","0","0","0","0","0","0","0","0","0","0","0","0","0","0","0","0","0","0","0","0","0","0","0","0","0","0","0","0","0","0","0","0"
"0x7073677715c0","@!P4  FADD R5, R5, R40","0","0","0","0","0","0","0","0","32","0","-","-","-","0","0","0","0","0","0","0","0","0","-","0","0","0","0","0","0","0","0","0","0","0","0","0","0","0","0","0","0","0","0","0","0","0","0","0","0","0","0","0","0","0","0","0","0","0","0","0","0","0","0"
"0x7073677715d0","@!P4  FSETP.GEU.AND P5, PT, R5, R0, PT","0","0","0","0","0","0","0","0","32","0","-","-","-","0","0","0","0","0","0","0","0","0","-","0","0","0","0","0","0","0","0","0","0","0","0","0","0","0","0","0","0","0","0","0","0","0","0","0","0","0","0","0","0","0","0","0","0","0","0","0","0","0","0"
"0x7073677715e0","@!P4  FSEL R29, R0, R5, !P5","0","0","0","0","0","0","0","0","32","0","-","-","-","0","0","0","0","0","0","0","0","0","-","0","0","0","0","0","0","0","0","0","0","0","0","0","0","0","0","0","0","0","0","0","0","0","0","0","0","0","0","0","0","0","0","0","0","0","0","0","0","0","0"
"0x7073677715f0","      ISETP.GE.OR P5, PT, R26, UR7, P6","0","0","0","0","0","0","0","0","32","0","-","-","-","0","0","0","0","0","0","0","0","0","-","0","0","0","0","0","0","0","0","0","0","0","0","0","0","0","0","0","0","0","0","0","0","0","0","0","0","0","0","0","0","0","0","0","0","0","0","0","0","0","0"
"0x707367771600","@!P4  ST.E desc[UR24][R38.64], R29","0","0","0","0","0","0","0","0","32","0","","","","0","0","0","0","0","0","0","0","0","","0","0","0","0","0","0","0","0","0","0","0","0","0","0","0","0","0","0","0","0","0","0","0","0","0","0","0","0","0","0","0","0","0","0","0","0","0","0","0","0"
"0x707367771610","@!P5  SHF.R.S32.HI R5, RZ, 0x1f, R32","0","0","0","0","0","0","0","0","32","0","-","-","-","0","0","0","0","0","0","0","0","0","-","0","0","0","0","0","0","0","0","0","0","0","0","0","0","0","0","0","0","0","0","0","0","0","0","0","0","0","0","0","0","0","0","0","0","0","0","0","0","0","0"
"0x707367771620","@!P5  MOV R4, R32","0","0","0","0","0","0","0","0","32","0","-","-","-","0","0","0","0","0","0","0","0","0","-","0","0","0","0","0","0","0","0","0","0","0","0","0","0","0","0","0","0","0","0","0","0","0","0","0","0","0","0","0","0","0","0","0","0","0","0","0","0","0","0"
"0x707367771630","@!P5  IADD.64 R36, R4, R36","0","0","0","0","0","0","0","0","32","0","-","-","-","0","0","0","0","0","0","0","0","0","-","0","0","0","0","0","0","0","0","0","0","0","0","0","0","0","0","0","0","0","0","0","0","0","0","0","0","0","0","0","0","0","0","0","0","0","0","0","0","0","0"
"0x707367771640","@!P5  LDG.E R5, desc[UR24][R6.64]","0","0","0","0","0","0","0","0","32","0","","","","0","0","0","0","0","0","0","0","0","","0","0","0","0","0","0","0","0","0","0","0","0","0","0","0","0","0","0","0","0","0","0","0","0","0","0","0","0","0","0","0","0","0","0","0","0","0","0","0","0"
"0x707367771650","@!P5  LEA R18, P6, R36, UR28, 0x2","0","0","0","0","0","0","0","0","32","0","-","-","-","0","0","0","0","0","0","0","0","0","-","0","0","0","0","0","0","0","0","0","0","0","0","0","0","0","0","0","0","0","0","0","0","0","0","0","0","0","0","0","0","0","0","0","0","0","0","0","0","0","0"
"0x707367771660","@!P5  LEA.HI.X R19, R36, UR29, R37, 0x2, P6","0","0","0","0","0","0","0","0","32","0","-","-","-","0","0","0","0","0","0","0","0","0","-","0","0","0","0","0","0","0","0","0","0","0","0","0","0","0","0","0","0","0","0","0","0","0","0","0","0","0","0","0","0","0","0","0","0","0","0","0","0","0","0"
"0x707367771670","@!P5  FADD R5, R5, R68","0","0","0","0","0","0","0","0","32","0","-","-","-","0","0","0","0","0","0","0","0","0","-","0","0","0","0","0","0","0","0","0","0","0","0","0","0","0","0","0","0","0","0","0","0","0","0","0","0","0","0","0","0","0","0","0","0","0","0","0","0","0","0"
"0x707367771680","@!P5  FSETP.GEU.AND P4, PT, R5, R0, PT","0","0","0","0","0","0","0","0","32","0","-","-","-","0","0","0","0","0","0","0","0","0","-","0","0","0","0","0","0","0","0","0","0","0","0","0","0","0","0","0","0","0","0","0","0","0","0","0","0","0","0","0","0","0","0","0","0","0","0","0","0","0","0"
"0x707367771690","@!P5  FSEL R27, R0, R5, !P4","0","0","0","0","0","0","0","0","32","0","-","-","-","0","0","0","0","0","0","0","0","0","-","0","0","0","0","0","0","0","0","0","0","0","0","0","0","0","0","0","0","0","0","0","0","0","0","0","0","0","0","0","0","0","0","0","0","0","0","0","0","0","0"
"0x7073677716a0","      IMAD.WIDE.U32 R4, R25, UR5, RZ","0","0","0","0","0","0","0","0","32","0","-","-","-","0","0","0","0","0","0","0","0","0","-","0","0","0","0","0","0","0","0","0","0","0","0","0","0","0","0","0","0","0","0","0","0","0","0","0","0","0","0","0","0","0","0","0","0","0","0","0","0","0","0"
"0x7073677716b0","      IMAD R5, R25, UR4, R5","0","0","0","0","0","0","0","0","32","0","-","-","-","0","0","0","0","0","0","0","0","0","-","0","0","0","0","0","0","0","0","0","0","0","0","0","0","0","0","0","0","0","0","0","0","0","0","0","0","0","0","0","0","0","0","0","0","0","0","0","0","0","0"
"0x7073677716c0","      IADD.64 R8, R2, R4","0","0","0","0","0","0","0","0","32","0","-","-","-","0","0","0","0","0","0","0","0","0","-","0","0","0","0","0","0","0","0","0","0","0","0","0","0","0","0","0","0","0","0","0","0","0","0","0","0","0","0","0","0","0","0","0","0","0","0","0","0","0","0"
"0x7073677716d0","      LEA R2, P4, R8, UR28, 0x2","0","0","0","0","0","0","0","0","32","0","-","-","-","0","0","0","0","0","0","0","0","0","-","0","0","0","0","0","0","0","0","0","0","0","0","0","0","0","0","0","0","0","0","0","0","0","0","0","0","0","0","0","0","0","0","0","0","0","0","0","0","0","0"
"0x7073677716e0","      LEA.HI.X R3, R8, UR29, R9, 0x2, P4","0","0","0","0","0","0","0","0","32","0","-","-","-","0","0","0","0","0","0","0","0","0","-","0","0","0","0","0","0","0","0","0","0","0","0","0","0","0","0","0","0","0","0","0","0","0","0","0","0","0","0","0","0","0","0","0","0","0","0","0","0","0","0"
"0x7073677716f0","      LOP3.LUT P4, RZ, R28, 0x2, RZ, 0xc0, !PT","0","0","0","0","0","0","0","0","32","0","-","-","-","0","0","0","0","0","0","0","0","0","-","0","0","0","0","0","0","0","0","0","0","0","0","0","0","0","0","0","0","0","0","0","0","0","0","0","0","0","0","0","0","0","0","0","0","0","0","0","0","0","0"
"0x707367771700","      ISETP.GE.OR P4, PT, R25, UR7, P4","0","0","0","0","0","0","0","0","32","0","-","-","-","0","0","0","0","0","0","0","0","0","-","0","0","0","0","0","0","0","0","0","0","0","0","0","0","0","0","0","0","0","0","0","0","0","0","0","0","0","0","0","0","0","0","0","0","0","0","0","0","0","0"
"0x707367771710","@!P5  ST.E desc[UR24][R18.64], R27","0","0","0","0","0","0","0","0","32","0","","","","0","0","0","0","0","0","0","0","0","","0","0","0","0","0","0","0","0","0","0","0","0","0","0","0","0","0","0","0","0","0","0","0","0","0","0","0","0","0","0","0","0","0","0","0","0","0","0","0","0"
"0x707367771720","@!P4  LDG.E R14, desc[UR24][R14.64]","0","0","0","0","0","0","0","0","32","0","","","","0","0","0","0","0","0","0","0","0","","0","0","0","0","0","0","0","0","0","0","0","0","0","0","0","0","0","0","0","0","0","0","0","0","0","0","0","0","0","0","0","0","0","0","0","0","0","0","0","0"
"0x707367771730","      ISETP.GE.OR P0, PT, R25, UR7, P0","0","0","0","0","0","0","0","0","32","0","-","-","-","0","0","0","0","0","0","0","0","0","-","0","0","0","0","0","0","0","0","0","0","0","0","0","0","0","0","0","0","0","0","0","0","0","0","0","0","0","0","0","0","0","0","0","0","0","0","0","0","0","0"
"0x707367771740","      LOP3.LUT P6, RZ, R28, 0x1, RZ, 0xc0, !PT","0","0","0","0","0","0","0","0","32","0","-","-","-","0","0","0","0","0","0","0","0","0","-","0","0","0","0","0","0","0","0","0","0","0","0","0","0","0","0","0","0","0","0","0","0","0","0","0","0","0","0","0","0","0","0","0","0","0","0","0","0","0","0"
"0x707367771750","      BSSY.RECONVERGENT B0, 0x707367771830","0","0","0","0","0","0","0","0","32","0","-","-","-","0","0","0","0","0","0","0","0","0","-","0","0","0","0","0","0","0","0","0","0","0","0","0","0","0","0","0","0","0","0","0","0","0","0","0","0","0","0","0","0","0","0","0","0","0","0","0","0","0","0"
"0x707367771760","      ISETP.GE.OR P1, PT, R25, UR7, P1","0","0","0","0","0","0","0","0","32","0","-","-","-","0","0","0","0","0","0","0","0","0","-","0","0","0","0","0","0","0","0","0","0","0","0","0","0","0","0","0","0","0","0","0","0","0","0","0","0","0","0","0","0","0","0","0","0","0","0","0","0","0","0"
"0x707367771770","@!P4  FADD R31, R14, R31","0","0","0","0","0","0","0","0","32","0","-","-","-","0","0","0","0","0","0","0","0","0","-","0","0","0","0","0","0","0","0","0","0","0","0","0","0","0","0","0","0","0","0","0","0","0","0","0","0","0","0","0","0","0","0","0","0","0","0","0","0","0","0"
"0x707367771780","@!P4  FSETP.GEU.AND P5, PT, R31, R0, PT","0","0","0","0","0","0","0","0","32","0","-","-","-","0","0","0","0","0","0","0","0","0","-","0","0","0","0","0","0","0","0","0","0","0","0","0","0","0","0","0","0","0","0","0","0","0","0","0","0","0","0","0","0","0","0","0","0","0","0","0","0","0","0"
"0x707367771790","@!P4  FSEL R31, R0, R31, !P5","0","0","0","0","0","0","0","0","32","0","-","-","-","0","0","0","0","0","0","0","0","0","-","0","0","0","0","0","0","0","0","0","0","0","0","0","0","0","0","0","0","0","0","0","0","0","0","0","0","0","0","0","0","0","0","0","0","0","0","0","0","0","0"
"0x7073677717a0","@!P4  ST.E desc[UR24][R2.64], R31","0","0","0","0","0","0","0","0","32","0","","","","0","0","0","0","0","0","0","0","0","","0","0","0","0","0","0","0","0","0","0","0","0","0","0","0","0","0","0","0","0","0","0","0","0","0","0","0","0","0","0","0","0","0","0","0","0","0","0","0","0"
"0x7073677717b0","      ISETP.GE.OR P4, PT, R25, UR7, P6","0","0","0","0","0","0","0","0","32","0","-","-","-","0","0","0","0","0","0","0","0","0","-","0","0","0","0","0","0","0","0","0","0","0","0","0","0","0","0","0","0","0","0","0","0","0","0","0","0","0","0","0","0","0","0","0","0","0","0","0","0","0","0"
"0x7073677717c0","@P0   BRA 0x707367771820","0","0","0","0","0","0","0","0","32","0","-","-","-","0","0","0","0","0","0","0","0","0","-","0","0","0","0","0","0","0","0","0","0","0","0","0","0","0","0","0","0","0","0","0","0","0","0","0","0","0","0","0","0","0","0","0","0","0","0","0","0","0","0"
"0x7073677717d0","      LDG.E R23, desc[UR24][R22.64]","0","0","0","0","0","0","0","0","32","0","","","","0","0","0","0","0","0","0","0","0","","0","0","0","0","0","0","0","0","0","0","0","0","0","0","0","0","0","0","0","0","0","0","0","0","0","0","0","0","0","0","0","0","0","0","0","0","0","0","0","0"
"0x7073677717e0","      FADD R9, R23, R56","0","0","0","0","0","0","0","0","32","0","-","-","-","0","0","0","0","0","0","0","0","0","-","0","0","0","0","0","0","0","0","0","0","0","0","0","0","0","0","0","0","0","0","0","0","0","0","0","0","0","0","0","0","0","0","0","0","0","0","0","0","0","0"
"0x7073677717f0","      FSETP.GEU.AND P0, PT, R9, R0, PT","0","0","0","0","0","0","0","0","32","0","-","-","-","0","0","0","0","0","0","0","0","0","-","0","0","0","0","0","0","0","0","0","0","0","0","0","0","0","0","0","0","0","0","0","0","0","0","0","0","0","0","0","0","0","0","0","0","0","0","0","0","0","0"
"0x707367771800","      FSEL R9, R0, R9, !P0","0","0","0","0","0","0","0","0","32","0","-","-","-","0","0","0","0","0","0","0","0","0","-","0","0","0","0","0","0","0","0","0","0","0","0","0","0","0","0","0","0","0","0","0","0","0","0","0","0","0","0","0","0","0","0","0","0","0","0","0","0","0","0"
"0x707367771810","      ST.E desc[UR24][R2.64+0x4], R9","0","0","0","0","0","0","0","0","32","0","","","","0","0","0","0","0","0","0","0","0","","0","0","0","0","0","0","0","0","0","0","0","0","0","0","0","0","0","0","0","0","0","0","0","0","0","0","0","0","0","0","0","0","0","0","0","0","0","0","0","0"
"0x707367771820","      BSYNC.RECONVERGENT B0","0","0","0","0","0","0","0","0","32","0","-","-","-","0","0","0","0","0","0","0","0","0","-","0","0","0","0","0","0","0","0","0","0","0","0","0","0","0","0","0","0","0","0","0","0","0","0","0","0","0","0","0","0","0","0","0","0","0","0","0","0","0","0"
"0x707367771830","      BSSY.RECONVERGENT B0, 0x7073677718b0","0","0","0","0","0","0","0","0","32","0","-","-","-","0","0","0","0","0","0","0","0","0","-","0","0","0","0","0","0","0","0","0","0","0","0","0","0","0","0","0","0","0","0","0","0","0","0","0","0","0","0","0","0","0","0","0","0","0","0","0","0","0","0"
"0x707367771840","@P4   BRA 0x7073677718a0","0","0","0","0","0","0","0","0","32","0","-","-","-","0","0","0","0","0","0","0","0","0","-","0","0","0","0","0","0","0","0","0","0","0","0","0","0","0","0","0","0","0","0","0","0","0","0","0","0","0","0","0","0","0","0","0","0","0","0","0","0","0","0"
"0x707367771850","      LDG.E R12, desc[UR24][R12.64]","0","0","0","0","0","0","0","0","32","0","","","","0","0","0","0","0","0","0","0","0","","0","0","0","0","0","0","0","0","0","0","0","0","0","0","0","0","0","0","0","0","0","0","0","0","0","0","0","0","0","0","0","0","0","0","0","0","0","0","0","0"
"0x707367771860","      FADD R63, R12, R63","0","0","0","0","0","0","0","0","32","0","-","-","-","0","0","0","0","0","0","0","0","0","-","0","0","0","0","0","0","0","0","0","0","0","0","0","0","0","0","0","0","0","0","0","0","0","0","0","0","0","0","0","0","0","0","0","0","0","0","0","0","0","0"
"0x707367771870","      FSETP.GEU.AND P0, PT, R63, R0, PT","0","0","0","0","0","0","0","0","32","0","-","-","-","0","0","0","0","0","0","0","0","0","-","0","0","0","0","0","0","0","0","0","0","0","0","0","0","0","0","0","0","0","0","0","0","0","0","0","0","0","0","0","0","0","0","0","0","0","0","0","0","0","0"
"0x707367771880","      FSEL R63, R0, R63, !P0","0","0","0","0","0","0","0","0","32","0","-","-","-","0","0","0","0","0","0","0","0","0","-","0","0","0","0","0","0","0","0","0","0","0","0","0","0","0","0","0","0","0","0","0","0","0","0","0","0","0","0","0","0","0","0","0","0","0","0","0","0","0","0"
"0x707367771890","      ST.E desc[UR24][R2.64+0x8], R63","0","0","0","0","0","0","0","0","32","0","","","","0","0","0","0","0","0","0","0","0","","0","0","0","0","0","0","0","0","0","0","0","0","0","0","0","0","0","0","0","0","0","0","0","0","0","0","0","0","0","0","0","0","0","0","0","0","0","0","0","0"
"0x7073677718a0","      BSYNC.RECONVERGENT B0","0","0","0","0","0","0","0","0","32","0","-","-","-","0","0","0","0","0","0","0","0","0","-","0","0","0","0","0","0","0","0","0","0","0","0","0","0","0","0","0","0","0","0","0","0","0","0","0","0","0","0","0","0","0","0","0","0","0","0","0","0","0","0"
"0x7073677718b0","@!P1  LDG.E R54, desc[UR24][R54.64]","0","0","0","0","0","0","0","0","32","0","","","","0","0","0","0","0","0","0","0","0","","0","0","0","0","0","0","0","0","0","0","0","0","0","0","0","0","0","0","0","0","0","0","0","0","0","0","0","0","0","0","0","0","0","0","0","0","0","0","0","0"
"0x7073677718c0","      ISETP.GE.OR P2, PT, R25, UR7, P2","0","0","0","0","0","0","0","0","32","0","-","-","-","0","0","0","0","0","0","0","0","0","-","0","0","0","0","0","0","0","0","0","0","0","0","0","0","0","0","0","0","0","0","0","0","0","0","0","0","0","0","0","0","0","0","0","0","0","0","0","0","0","0"
"0x7073677718d0","      LOP3.LUT P5, RZ, R28, 0x8, RZ, 0xc0, !PT","0","0","0","0","0","0","0","0","32","0","-","-","-","0","0","0","0","0","0","0","0","0","-","0","0","0","0","0","0","0","0","0","0","0","0","0","0","0","0","0","0","0","0","0","0","0","0","0","0","0","0","0","0","0","0","0","0","0","0","0","0","0","0"
"0x7073677718e0","      LOP3.LUT P4, RZ, R28, 0x4, RZ, 0xc0, !PT","0","0","0","0","0","0","0","0","32","0","-","-","-","0","0","0","0","0","0","0","0","0","-","0","0","0","0","0","0","0","0","0","0","0","0","0","0","0","0","0","0","0","0","0","0","0","0","0","0","0","0","0","0","0","0","0","0","0","0","0","0","0","0"
"0x7073677718f0","@!P1  FADD R47, R54, R47","0","0","0","0","0","0","0","0","32","0","-","-","-","0","0","0","0","0","0","0","0","0","-","0","0","0","0","0","0","0","0","0","0","0","0","0","0","0","0","0","0","0","0","0","0","0","0","0","0","0","0","0","0","0","0","0","0","0","0","0","0","0","0"
"0x707367771900","@!P1  FSETP.GEU.AND P0, PT, R47, R0, PT","0","0","0","0","0","0","0","0","32","0","-","-","-","0","0","0","0","0","0","0","0","0","-","0","0","0","0","0","0","0","0","0","0","0","0","0","0","0","0","0","0","0","0","0","0","0","0","0","0","0","0","0","0","0","0","0","0","0","0","0","0","0","0"
"0x707367771910","@!P1  FSEL R47, R0, R47, !P0","0","0","0","0","0","0","0","0","32","0","-","-","-","0","0","0","0","0","0","0","0","0","-","0","0","0","0","0","0","0","0","0","0","0","0","0","0","0","0","0","0","0","0","0","0","0","0","0","0","0","0","0","0","0","0","0","0","0","0","0","0","0","0"
"0x707367771920","@!P1  ST.E desc[UR24][R2.64+0xc], R47","0","0","0","0","0","0","0","0","32","0","","","","0","0","0","0","0","0","0","0","0","","0","0","0","0","0","0","0","0","0","0","0","0","0","0","0","0","0","0","0","0","0","0","0","0","0","0","0","0","0","0","0","0","0","0","0","0","0","0","0","0"
"0x707367771930","@!P2  LDG.E R11, desc[UR24][R10.64]","0","0","0","0","0","0","0","0","32","0","","","","0","0","0","0","0","0","0","0","0","","0","0","0","0","0","0","0","0","0","0","0","0","0","0","0","0","0","0","0","0","0","0","0","0","0","0","0","0","0","0","0","0","0","0","0","0","0","0","0","0"
"0x707367771940","@!P2  SHF.R.S32.HI R17, RZ, 0x1f, R16","0","0","0","0","0","0","0","0","32","0","-","-","-","0","0","0","0","0","0","0","0","0","-","0","0","0","0","0","0","0","0","0","0","0","0","0","0","0","0","0","0","0","0","0","0","0","0","0","0","0","0","0","0","0","0","0","0","0","0","0","0","0","0"
"0x707367771950","      ISETP.GE.OR P3, PT, R25, UR7, P3","0","0","0","0","0","0","0","0","32","0","-","-","-","0","0","0","0","0","0","0","0","0","-","0","0","0","0","0","0","0","0","0","0","0","0","0","0","0","0","0","0","0","0","0","0","0","0","0","0","0","0","0","0","0","0","0","0","0","0","0","0","0","0"
"0x707367771960","@!P2  IADD.64 R16, R16, R4","0","0","0","0","0","0","0","0","32","0","-","-","-","0","0","0","0","0","0","0","0","0","-","0","0","0","0","0","0","0","0","0","0","0","0","0","0","0","0","0","0","0","0","0","0","0","0","0","0","0","0","0","0","0","0","0","0","0","0","0","0","0","0"
"0x707367771970","@!P2  LEA R8, P1, R16, UR28, 0x2","0","0","0","0","0","0","0","0","32","0","-","-","-","0","0","0","0","0","0","0","0","0","-","0","0","0","0","0","0","0","0","0","0","0","0","0","0","0","0","0","0","0","0","0","0","0","0","0","0","0","0","0","0","0","0","0","0","0","0","0","0","0","0"
"0x707367771980","@!P2  LEA.HI.X R9, R16, UR29, R17, 0x2, P1","0","0","0","0","0","0","0","0","32","0","-","-","-","0","0","0","0","0","0","0","0","0","-","0","0","0","0","0","0","0","0","0","0","0","0","0","0","0","0","0","0","0","0","0","0","0","0","0","0","0","0","0","0","0","0","0","0","0","0","0","0","0","0"
"0x707367771990","@!P2  FADD R13, R11, R60","0","0","0","0","0","0","0","0","32","0","-","-","-","0","0","0","0","0","0","0","0","0","-","0","0","0","0","0","0","0","0","0","0","0","0","0","0","0","0","0","0","0","0","0","0","0","0","0","0","0","0","0","0","0","0","0","0","0","0","0","0","0","0"
"0x7073677719a0","@!P2  FSETP.GEU.AND P0, PT, R13, R0, PT","0","0","0","0","0","0","0","0","32","0","-","-","-","0","0","0","0","0","0","0","0","0","-","0","0","0","0","0","0","0","0","0","0","0","0","0","0","0","0","0","0","0","0","0","0","0","0","0","0","0","0","0","0","0","0","0","0","0","0","0","0","0","0"
"0x7073677719b0","@!P2  FSEL R13, R0, R13, !P0","0","0","0","0","0","0","0","0","32","0","-","-","-","0","0","0","0","0","0","0","0","0","-","0","0","0","0","0","0","0","0","0","0","0","0","0","0","0","0","0","0","0","0","0","0","0","0","0","0","0","0","0","0","0","0","0","0","0","0","0","0","0","0"
"0x7073677719c0","@!P2  ST.E desc[UR24][R8.64], R13","0","0","0","0","0","0","0","0","32","0","","","","0","0","0","0","0","0","0","0","0","","0","0","0","0","0","0","0","0","0","0","0","0","0","0","0","0","0","0","0","0","0","0","0","0","0","0","0","0","0","0","0","0","0","0","0","0","0","0","0","0"
"0x7073677719d0","@!P3  LDG.E R21, desc[UR24][R20.64]","0","0","0","0","0","0","0","0","32","0","","","","0","0","0","0","0","0","0","0","0","","0","0","0","0","0","0","0","0","0","0","0","0","0","0","0","0","0","0","0","0","0","0","0","0","0","0","0","0","0","0","0","0","0","0","0","0","0","0","0","0"
"0x7073677719e0","@!P3  SHF.R.S32.HI R35, RZ, 0x1f, R34","0","0","0","0","0","0","0","0","32","0","-","-","-","0","0","0","0","0","0","0","0","0","-","0","0","0","0","0","0","0","0","0","0","0","0","0","0","0","0","0","0","0","0","0","0","0","0","0","0","0","0","0","0","0","0","0","0","0","0","0","0","0","0"
"0x7073677719f0","      ISETP.GE.OR P0, PT, R25, UR7, P5","0","0","0","0","0","0","0","0","32","0","-","-","-","0","0","0","0","0","0","0","0","0","-","0","0","0","0","0","0","0","0","0","0","0","0","0","0","0","0","0","0","0","0","0","0","0","0","0","0","0","0","0","0","0","0","0","0","0","0","0","0","0","0"
"0x707367771a00","@!P3  IADD.64 R34, R34, R4","0","0","0","0","0","0","0","0","32","0","-","-","-","0","0","0","0","0","0","0","0","0","-","0","0","0","0","0","0","0","0","0","0","0","0","0","0","0","0","0","0","0","0","0","0","0","0","0","0","0","0","0","0","0","0","0","0","0","0","0","0","0","0"
"0x707367771a10","@!P3  LEA R2, P2, R34, UR28, 0x2","0","0","0","0","0","0","0","0","32","0","-","-","-","0","0","0","0","0","0","0","0","0","-","0","0","0","0","0","0","0","0","0","0","0","0","0","0","0","0","0","0","0","0","0","0","0","0","0","0","0","0","0","0","0","0","0","0","0","0","0","0","0","0"
"0x707367771a20","@!P3  LEA.HI.X R3, R34, UR29, R35, 0x2, P2","0","0","0","0","0","0","0","0","32","0","-","-","-","0","0","0","0","0","0","0","0","0","-","0","0","0","0","0","0","0","0","0","0","0","0","0","0","0","0","0","0","0","0","0","0","0","0","0","0","0","0","0","0","0","0","0","0","0","0","0","0","0","0"
"0x707367771a30","@!P3  FADD R11, R21, R42","0","0","0","0","0","0","0","0","32","0","-","-","-","0","0","0","0","0","0","0","0","0","-","0","0","0","0","0","0","0","0","0","0","0","0","0","0","0","0","0","0","0","0","0","0","0","0","0","0","0","0","0","0","0","0","0","0","0","0","0","0","0","0"
"0x707367771a40","@!P3  FSETP.GEU.AND P1, PT, R11, R0, PT","0","0","0","0","0","0","0","0","32","0","-","-","-","0","0","0","0","0","0","0","0","0","-","0","0","0","0","0","0","0","0","0","0","0","0","0","0","0","0","0","0","0","0","0","0","0","0","0","0","0","0","0","0","0","0","0","0","0","0","0","0","0","0"
"0x707367771a50","@!P3  FSEL R15, R0, R11, !P1","0","0","0","0","0","0","0","0","32","0","-","-","-","0","0","0","0","0","0","0","0","0","-","0","0","0","0","0","0","0","0","0","0","0","0","0","0","0","0","0","0","0","0","0","0","0","0","0","0","0","0","0","0","0","0","0","0","0","0","0","0","0","0"
"0x707367771a60","@!P3  ST.E desc[UR24][R2.64], R15","0","0","0","0","0","0","0","0","32","0","","","","0","0","0","0","0","0","0","0","0","","0","0","0","0","0","0","0","0","0","0","0","0","0","0","0","0","0","0","0","0","0","0","0","0","0","0","0","0","0","0","0","0","0","0","0","0","0","0","0","0"
"0x707367771a70","@!P0  LDG.E R65, desc[UR24][R64.64]","0","0","0","0","0","0","0","0","32","0","","","","0","0","0","0","0","0","0","0","0","","0","0","0","0","0","0","0","0","0","0","0","0","0","0","0","0","0","0","0","0","0","0","0","0","0","0","0","0","0","0","0","0","0","0","0","0","0","0","0","0"
"0x707367771a80","@!P0  SHF.R.S32.HI R9, RZ, 0x1f, R33","0","0","0","0","0","0","0","0","32","0","-","-","-","0","0","0","0","0","0","0","0","0","-","0","0","0","0","0","0","0","0","0","0","0","0","0","0","0","0","0","0","0","0","0","0","0","0","0","0","0","0","0","0","0","0","0","0","0","0","0","0","0","0"
"0x707367771a90","@!P0  MOV R8, R33","0","0","0","0","0","0","0","0","32","0","-","-","-","0","0","0","0","0","0","0","0","0","-","0","0","0","0","0","0","0","0","0","0","0","0","0","0","0","0","0","0","0","0","0","0","0","0","0","0","0","0","0","0","0","0","0","0","0","0","0","0","0","0"
"0x707367771aa0","      ISETP.GE.OR P1, PT, R25, UR7, P4","0","0","0","0","0","0","0","0","32","0","-","-","-","0","0","0","0","0","0","0","0","0","-","0","0","0","0","0","0","0","0","0","0","0","0","0","0","0","0","0","0","0","0","0","0","0","0","0","0","0","0","0","0","0","0","0","0","0","0","0","0","0","0"
"0x707367771ab0","@!P0  IADD.64 R8, R8, R4","0","0","0","0","0","0","0","0","32","0","-","-","-","0","0","0","0","0","0","0","0","0","-","0","0","0","0","0","0","0","0","0","0","0","0","0","0","0","0","0","0","0","0","0","0","0","0","0","0","0","0","0","0","0","0","0","0","0","0","0","0","0","0"
"0x707367771ac0","@!P0  LEA R10, P3, R8, UR28, 0x2","0","0","0","0","0","0","0","0","32","0","-","-","-","0","0","0","0","0","0","0","0","0","-","0","0","0","0","0","0","0","0","0","0","0","0","0","0","0","0","0","0","0","0","0","0","0","0","0","0","0","0","0","0","0","0","0","0","0","0","0","0","0","0"
"0x707367771ad0","@!P0  LEA.HI.X R11, R8, UR29, R9, 0x2, P3","0","0","0","0","0","0","0","0","32","0","-","-","-","0","0","0","0","0","0","0","0","0","-","0","0","0","0","0","0","0","0","0","0","0","0","0","0","0","0","0","0","0","0","0","0","0","0","0","0","0","0","0","0","0","0","0","0","0","0","0","0","0","0"
"0x707367771ae0","@!P0  FADD R13, R65, R62","0","0","0","0","0","0","0","0","32","0","-","-","-","0","0","0","0","0","0","0","0","0","-","0","0","0","0","0","0","0","0","0","0","0","0","0","0","0","0","0","0","0","0","0","0","0","0","0","0","0","0","0","0","0","0","0","0","0","0","0","0","0","0"
"0x707367771af0","@!P0  FSETP.GEU.AND P2, PT, R13, R0, PT","0","0","0","0","0","0","0","0","32","0","-","-","-","0","0","0","0","0","0","0","0","0","-","0","0","0","0","0","0","0","0","0","0","0","0","0","0","0","0","0","0","0","0","0","0","0","0","0","0","0","0","0","0","0","0","0","0","0","0","0","0","0","0"
"0x707367771b00","@!P0  FSEL R13, R0, R13, !P2","0","0","0","0","0","0","0","0","32","0","-","-","-","0","0","0","0","0","0","0","0","0","-","0","0","0","0","0","0","0","0","0","0","0","0","0","0","0","0","0","0","0","0","0","0","0","0","0","0","0","0","0","0","0","0","0","0","0","0","0","0","0","0"
"0x707367771b10","@!P0  ST.E desc[UR24][R10.64], R13","0","0","0","0","0","0","0","0","32","0","","","","0","0","0","0","0","0","0","0","0","","0","0","0","0","0","0","0","0","0","0","0","0","0","0","0","0","0","0","0","0","0","0","0","0","0","0","0","0","0","0","0","0","0","0","0","0","0","0","0","0"
"0x707367771b20","@P1   EXIT","0","0","0","0","0","0","0","0","32","0","-","-","-","0","0","0","0","0","0","0","0","0","-","0","0","0","0","0","0","0","0","0","0","0","0","0","0","0","0","0","0","0","0","0","0","0","0","0","0","0","0","0","0","0","0","0","0","0","0","0","0","0","0"
"0x707367771b30","      LDG.E R6, desc[UR24][R6.64]","0","0","0","0","0","0","0","0","32","0","","","","0","0","0","0","0","0","0","0","0","","0","0","0","0","0","0","0","0","0","0","0","0","0","0","0","0","0","0","0","0","0","0","0","0","0","0","0","0","0","0","0","0","0","0","0","0","0","0","0","0"
"0x707367771b40","      SHF.R.S32.HI R33, RZ, 0x1f, R32","0","0","0","0","0","0","0","0","32","0","-","-","-","0","0","0","0","0","0","0","0","0","-","0","0","0","0","0","0","0","0","0","0","0","0","0","0","0","0","0","0","0","0","0","0","0","0","0","0","0","0","0","0","0","0","0","0","0","0","0","0","0","0"
"0x707367771b50","      IADD.64 R4, R32, R4","0","0","0","0","0","0","0","0","32","0","-","-","-","0","0","0","0","0","0","0","0","0","-","0","0","0","0","0","0","0","0","0","0","0","0","0","0","0","0","0","0","0","0","0","0","0","0","0","0","0","0","0","0","0","0","0","0","0","0","0","0","0","0"
"0x707367771b60","      LEA R2, P1, R4, UR28, 0x2","0","0","0","0","0","0","0","0","32","0","-","-","-","0","0","0","0","0","0","0","0","0","-","0","0","0","0","0","0","0","0","0","0","0","0","0","0","0","0","0","0","0","0","0","0","0","0","0","0","0","0","0","0","0","0","0","0","0","0","0","0","0","0"
"0x707367771b70","      LEA.HI.X R3, R4, UR29, R5, 0x2, P1","0","0","0","0","0","0","0","0","32","0","-","-","-","0","0","0","0","0","0","0","0","0","-","0","0","0","0","0","0","0","0","0","0","0","0","0","0","0","0","0","0","0","0","0","0","0","0","0","0","0","0","0","0","0","0","0","0","0","0","0","0","0","0"
"0x707367771b80","      FADD R69, R6, R69","0","0","0","0","0","0","0","0","32","0","-","-","-","0","0","0","0","0","0","0","0","0","-","0","0","0","0","0","0","0","0","0","0","0","0","0","0","0","0","0","0","0","0","0","0","0","0","0","0","0","0","0","0","0","0","0","0","0","0","0","0","0","0"
"0x707367771b90","      FSETP.GEU.AND P0, PT, R69, R0, PT","0","0","0","0","0","0","0","0","32","0","-","-","-","0","0","0","0","0","0","0","0","0","-","0","0","0","0","0","0","0","0","0","0","0","0","0","0","0","0","0","0","0","0","0","0","0","0","0","0","0","0","0","0","0","0","0","0","0","0","0","0","0","0"
"0x707367771ba0","      FSEL R69, R0, R69, !P0","0","0","0","0","0","0","0","0","32","0","-","-","-","0","0","0","0","0","0","0","0","0","-","0","0","0","0","0","0","0","0","0","0","0","0","0","0","0","0","0","0","0","0","0","0","0","0","0","0","0","0","0","0","0","0","0","0","0","0","0","0","0","0"
"0x707367771bb0","      ST.E desc[UR24][R2.64], R69","0","0","0","0","0","0","0","0","32","0","","","","0","0","0","0","0","0","0","0","0","","0","0","0","0","0","0","0","0","0","0","0","0","0","0","0","0","0","0","0","0","0","0","0","0","0","0","0","0","0","0","0","0","0","0","0","0","0","0","0","0"
"0x707367771bc0","      EXIT","0","0","0","0","0","0","0","0","32","0","-","-","-","0","0","0","0","0","0","0","0","0","-","0","0","0","0","0","0","0","0","0","0","0","0","0","0","0","0","0","0","0","0","0","0","0","0","0","0","0","0","0","0","0","0","0","0","0","0","0","0","0","0"
"0x707367771bd0","      BRA `(.L_x_0) 0x707367771bd0","0","0","0","0","0","0","0","0","0","0","-","-","-","0","0","0","0","0","0","0","0","0","-","0","0","0","0","0","0","0","0","0","0","0","0","0","0","0","0","0","0","0","0","0","0","0","0","0","0","0","0","0","0","0","0","0","0","0","0","0","0","0","0"
"0x707367771be0","      NOP","0","0","0","0","0","0","0","0","0","0","-","-","-","0","0","0","0","0","0","0","0","0","-","0","0","0","0","0","0","0","0","0","0","0","0","0","0","0","0","0","0","0","0","0","0","0","0","0","0","0","0","0","0","0","0","0","0","0","0","0","0","0","0"
"0x707367771bf0","      NOP","0","0","0","0","0","0","0","0","0","0","-","-","-","0","0","0","0","0","0","0","0","0","-","0","0","0","0","0","0","0","0","0","0","0","0","0","0","0","0","0","0","0","0","0","0","0","0","0","0","0","0","0","0","0","0","0","0","0","0","0","0","0","0"
"0x707367771c00","      NOP","0","0","0","0","0","0","0","0","0","0","-","-","-","0","0","0","0","0","0","0","0","0","-","0","0","0","0","0","0","0","0","0","0","0","0","0","0","0","0","0","0","0","0","0","0","0","0","0","0","0","0","0","0","0","0","0","0","0","0","0","0","0","0"
"0x707367771c10","      NOP","0","0","0","0","0","0","0","0","0","0","-","-","-","0","0","0","0","0","0","0","0","0","-","0","0","0","0","0","0","0","0","0","0","0","0","0","0","0","0","0","0","0","0","0","0","0","0","0","0","0","0","0","0","0","0","0","0","0","0","0","0","0","0"
"0x707367771c20","      NOP","0","0","0","0","0","0","0","0","0","0","-","-","-","0","0","0","0","0","0","0","0","0","-","0","0","0","0","0","0","0","0","0","0","0","0","0","0","0","0","0","0","0","0","0","0","0","0","0","0","0","0","0","0","0","0","0","0","0","0","0","0","0","0"
"0x707367771c30","      NOP","0","0","0","0","0","0","0","0","0","0","-","-","-","0","0","0","0","0","0","0","0","0","-","0","0","0","0","0","0","0","0","0","0","0","0","0","0","0","0","0","0","0","0","0","0","0","0","0","0","0","0","0","0","0","0","0","0","0","0","0","0","0","0"
"0x707367771c40","      NOP","0","0","0","0","0","0","0","0","0","0","-","-","-","0","0","0","0","0","0","0","0","0","-","0","0","0","0","0","0","0","0","0","0","0","0","0","0","0","0","0","0","0","0","0","0","0","0","0","0","0","0","0","0","0","0","0","0","0","0","0","0","0","0"
"0x707367771c50","      NOP","0","0","0","0","0","0","0","0","0","0","-","-","-","0","0","0","0","0","0","0","0","0","-","0","0","0","0","0","0","0","0","0","0","0","0","0","0","0","0","0","0","0","0","0","0","0","0","0","0","0","0","0","0","0","0","0","0","0","0","0","0","0","0"
"0x707367771c60","      NOP","0","0","0","0","0","0","0","0","0","0","-","-","-","0","0","0","0","0","0","0","0","0","-","0","0","0","0","0","0","0","0","0","0","0","0","0","0","0","0","0","0","0","0","0","0","0","0","0","0","0","0","0","0","0","0","0","0","0","0","0","0","0","0"
"0x707367771c70","      NOP","0","0","0","0","0","0","0","0","0","0","-","-","-","0","0","0","0","0","0","0","0","0","-","0","0","0","0","0","0","0","0","0","0","0","0","0","0","0","0","0","0","0","0","0","0","0","0","0","0","0","0","0","0","0","0","0","0","0","0","0","0","0","0"
